[2026-03-15T00:09:37.639+0000] {processor.py:161} INFO - Started process (PID=3336) to work on /opt/airflow/dags/dbt.py
[2026-03-15T00:09:37.640+0000] {processor.py:830} INFO - Processing file /opt/airflow/dags/dbt.py for tasks to queue
[2026-03-15T00:09:37.648+0000] {logging_mixin.py:188} INFO - [2026-03-15T00:09:37.647+0000] {dagbag.py:545} INFO - Filling up the DagBag from /opt/airflow/dags/dbt.py
[2026-03-15T00:09:37.652+0000] {logging_mixin.py:188} INFO - [2026-03-15T00:09:37.651+0000] {dagbag.py:355} ERROR - Failed to import: /opt/airflow/dags/dbt.py
Traceback (most recent call last):
  File "/home/airflow/.local/lib/python3.12/site-packages/airflow/models/dagbag.py", line 351, in parse
    loader.exec_module(new_module)
  File "<frozen importlib._bootstrap_external>", line 995, in exec_module
  File "<frozen importlib._bootstrap>", line 488, in _call_with_frames_removed
  File "/opt/airflow/dags/dbt.py", line 2, in <module>
    from airflow.providers.standard.operators.bash import BashOperator
ModuleNotFoundError: No module named 'airflow.providers.standard'
[2026-03-15T00:09:37.653+0000] {processor.py:842} WARNING - No viable dags retrieved from /opt/airflow/dags/dbt.py
[2026-03-15T00:09:37.678+0000] {processor.py:183} INFO - Processing /opt/airflow/dags/dbt.py took 0.052 seconds
[2026-03-15T00:25:33.785+0000] {processor.py:161} INFO - Started process (PID=3338) to work on /opt/airflow/dags/dbt.py
[2026-03-15T00:25:33.787+0000] {processor.py:830} INFO - Processing file /opt/airflow/dags/dbt.py for tasks to queue
[2026-03-15T00:25:33.791+0000] {logging_mixin.py:188} INFO - [2026-03-15T00:25:33.790+0000] {dagbag.py:545} INFO - Filling up the DagBag from /opt/airflow/dags/dbt.py
[2026-03-15T00:25:33.799+0000] {logging_mixin.py:188} INFO - [2026-03-15T00:25:33.798+0000] {dagbag.py:355} ERROR - Failed to import: /opt/airflow/dags/dbt.py
Traceback (most recent call last):
  File "/home/airflow/.local/lib/python3.12/site-packages/airflow/models/dagbag.py", line 351, in parse
    loader.exec_module(new_module)
  File "<frozen importlib._bootstrap_external>", line 995, in exec_module
  File "<frozen importlib._bootstrap>", line 488, in _call_with_frames_removed
  File "/opt/airflow/dags/dbt.py", line 2, in <module>
    from airflow.providers.standard.operators.bash import BashOperator
ModuleNotFoundError: No module named 'airflow.providers.standard'
[2026-03-15T00:25:33.800+0000] {processor.py:842} WARNING - No viable dags retrieved from /opt/airflow/dags/dbt.py
[2026-03-15T00:25:33.830+0000] {processor.py:183} INFO - Processing /opt/airflow/dags/dbt.py took 0.065 seconds
[2026-03-15T00:26:04.296+0000] {processor.py:161} INFO - Started process (PID=3340) to work on /opt/airflow/dags/dbt.py
[2026-03-15T00:26:04.298+0000] {processor.py:830} INFO - Processing file /opt/airflow/dags/dbt.py for tasks to queue
[2026-03-15T00:26:04.301+0000] {logging_mixin.py:188} INFO - [2026-03-15T00:26:04.301+0000] {dagbag.py:545} INFO - Filling up the DagBag from /opt/airflow/dags/dbt.py
[2026-03-15T00:26:04.307+0000] {logging_mixin.py:188} INFO - [2026-03-15T00:26:04.306+0000] {dagbag.py:355} ERROR - Failed to import: /opt/airflow/dags/dbt.py
Traceback (most recent call last):
  File "/home/airflow/.local/lib/python3.12/site-packages/airflow/models/dagbag.py", line 351, in parse
    loader.exec_module(new_module)
  File "<frozen importlib._bootstrap_external>", line 995, in exec_module
  File "<frozen importlib._bootstrap>", line 488, in _call_with_frames_removed
  File "/opt/airflow/dags/dbt.py", line 2, in <module>
    from airflow.providers.standard.operators.bash import BashOperator
ModuleNotFoundError: No module named 'airflow.providers.standard'
[2026-03-15T00:26:04.307+0000] {processor.py:842} WARNING - No viable dags retrieved from /opt/airflow/dags/dbt.py
[2026-03-15T00:26:04.326+0000] {processor.py:183} INFO - Processing /opt/airflow/dags/dbt.py took 0.038 seconds
[2026-03-15T00:41:59.424+0000] {processor.py:161} INFO - Started process (PID=3342) to work on /opt/airflow/dags/dbt.py
[2026-03-15T00:41:59.425+0000] {processor.py:830} INFO - Processing file /opt/airflow/dags/dbt.py for tasks to queue
[2026-03-15T00:41:59.428+0000] {logging_mixin.py:188} INFO - [2026-03-15T00:41:59.428+0000] {dagbag.py:545} INFO - Filling up the DagBag from /opt/airflow/dags/dbt.py
[2026-03-15T00:41:59.438+0000] {logging_mixin.py:188} INFO - [2026-03-15T00:41:59.436+0000] {dagbag.py:355} ERROR - Failed to import: /opt/airflow/dags/dbt.py
Traceback (most recent call last):
  File "/home/airflow/.local/lib/python3.12/site-packages/airflow/models/dagbag.py", line 351, in parse
    loader.exec_module(new_module)
  File "<frozen importlib._bootstrap_external>", line 995, in exec_module
  File "<frozen importlib._bootstrap>", line 488, in _call_with_frames_removed
  File "/opt/airflow/dags/dbt.py", line 2, in <module>
    from airflow.providers.standard.operators.bash import BashOperator
ModuleNotFoundError: No module named 'airflow.providers.standard'
[2026-03-15T00:41:59.441+0000] {processor.py:842} WARNING - No viable dags retrieved from /opt/airflow/dags/dbt.py
[2026-03-15T00:41:59.459+0000] {processor.py:183} INFO - Processing /opt/airflow/dags/dbt.py took 0.055 seconds
[2026-03-15T00:57:53.839+0000] {processor.py:161} INFO - Started process (PID=3344) to work on /opt/airflow/dags/dbt.py
[2026-03-15T00:57:53.840+0000] {processor.py:830} INFO - Processing file /opt/airflow/dags/dbt.py for tasks to queue
[2026-03-15T00:57:53.849+0000] {logging_mixin.py:188} INFO - [2026-03-15T00:57:53.848+0000] {dagbag.py:545} INFO - Filling up the DagBag from /opt/airflow/dags/dbt.py
[2026-03-15T00:57:53.857+0000] {logging_mixin.py:188} INFO - [2026-03-15T00:57:53.856+0000] {dagbag.py:355} ERROR - Failed to import: /opt/airflow/dags/dbt.py
Traceback (most recent call last):
  File "/home/airflow/.local/lib/python3.12/site-packages/airflow/models/dagbag.py", line 351, in parse
    loader.exec_module(new_module)
  File "<frozen importlib._bootstrap_external>", line 995, in exec_module
  File "<frozen importlib._bootstrap>", line 488, in _call_with_frames_removed
  File "/opt/airflow/dags/dbt.py", line 2, in <module>
    from airflow.providers.standard.operators.bash import BashOperator
ModuleNotFoundError: No module named 'airflow.providers.standard'
[2026-03-15T00:57:53.858+0000] {processor.py:842} WARNING - No viable dags retrieved from /opt/airflow/dags/dbt.py
[2026-03-15T00:57:53.887+0000] {processor.py:183} INFO - Processing /opt/airflow/dags/dbt.py took 0.064 seconds
[2026-03-15T00:58:24.345+0000] {processor.py:161} INFO - Started process (PID=3346) to work on /opt/airflow/dags/dbt.py
[2026-03-15T00:58:24.348+0000] {processor.py:830} INFO - Processing file /opt/airflow/dags/dbt.py for tasks to queue
[2026-03-15T00:58:24.359+0000] {logging_mixin.py:188} INFO - [2026-03-15T00:58:24.358+0000] {dagbag.py:545} INFO - Filling up the DagBag from /opt/airflow/dags/dbt.py
[2026-03-15T00:58:24.369+0000] {logging_mixin.py:188} INFO - [2026-03-15T00:58:24.367+0000] {dagbag.py:355} ERROR - Failed to import: /opt/airflow/dags/dbt.py
Traceback (most recent call last):
  File "/home/airflow/.local/lib/python3.12/site-packages/airflow/models/dagbag.py", line 351, in parse
    loader.exec_module(new_module)
  File "<frozen importlib._bootstrap_external>", line 995, in exec_module
  File "<frozen importlib._bootstrap>", line 488, in _call_with_frames_removed
  File "/opt/airflow/dags/dbt.py", line 2, in <module>
    from airflow.providers.standard.operators.bash import BashOperator
ModuleNotFoundError: No module named 'airflow.providers.standard'
[2026-03-15T00:58:24.370+0000] {processor.py:842} WARNING - No viable dags retrieved from /opt/airflow/dags/dbt.py
[2026-03-15T00:58:24.408+0000] {processor.py:183} INFO - Processing /opt/airflow/dags/dbt.py took 0.084 seconds
[2026-03-15T01:10:36.975+0000] {processor.py:161} INFO - Started process (PID=3348) to work on /opt/airflow/dags/dbt.py
[2026-03-15T01:10:36.976+0000] {processor.py:830} INFO - Processing file /opt/airflow/dags/dbt.py for tasks to queue
[2026-03-15T01:10:36.984+0000] {logging_mixin.py:188} INFO - [2026-03-15T01:10:36.984+0000] {dagbag.py:545} INFO - Filling up the DagBag from /opt/airflow/dags/dbt.py
[2026-03-15T01:10:36.993+0000] {logging_mixin.py:188} INFO - [2026-03-15T01:10:36.988+0000] {dagbag.py:355} ERROR - Failed to import: /opt/airflow/dags/dbt.py
Traceback (most recent call last):
  File "/home/airflow/.local/lib/python3.12/site-packages/airflow/models/dagbag.py", line 351, in parse
    loader.exec_module(new_module)
  File "<frozen importlib._bootstrap_external>", line 995, in exec_module
  File "<frozen importlib._bootstrap>", line 488, in _call_with_frames_removed
  File "/opt/airflow/dags/dbt.py", line 2, in <module>
    from airflow.providers.standard.operators.bash import BashOperator
ModuleNotFoundError: No module named 'airflow.providers.standard'
[2026-03-15T01:10:36.993+0000] {processor.py:842} WARNING - No viable dags retrieved from /opt/airflow/dags/dbt.py
[2026-03-15T01:10:37.021+0000] {processor.py:183} INFO - Processing /opt/airflow/dags/dbt.py took 0.064 seconds
[2026-03-15T01:26:33.176+0000] {processor.py:161} INFO - Started process (PID=3350) to work on /opt/airflow/dags/dbt.py
[2026-03-15T01:26:33.178+0000] {processor.py:830} INFO - Processing file /opt/airflow/dags/dbt.py for tasks to queue
[2026-03-15T01:26:33.182+0000] {logging_mixin.py:188} INFO - [2026-03-15T01:26:33.181+0000] {dagbag.py:545} INFO - Filling up the DagBag from /opt/airflow/dags/dbt.py
[2026-03-15T01:26:33.192+0000] {logging_mixin.py:188} INFO - [2026-03-15T01:26:33.190+0000] {dagbag.py:355} ERROR - Failed to import: /opt/airflow/dags/dbt.py
Traceback (most recent call last):
  File "/home/airflow/.local/lib/python3.12/site-packages/airflow/models/dagbag.py", line 351, in parse
    loader.exec_module(new_module)
  File "<frozen importlib._bootstrap_external>", line 995, in exec_module
  File "<frozen importlib._bootstrap>", line 488, in _call_with_frames_removed
  File "/opt/airflow/dags/dbt.py", line 2, in <module>
    from airflow.providers.standard.operators.bash import BashOperator
ModuleNotFoundError: No module named 'airflow.providers.standard'
[2026-03-15T01:26:33.192+0000] {processor.py:842} WARNING - No viable dags retrieved from /opt/airflow/dags/dbt.py
[2026-03-15T01:26:33.220+0000] {processor.py:183} INFO - Processing /opt/airflow/dags/dbt.py took 0.056 seconds
[2026-03-15T01:27:03.680+0000] {processor.py:161} INFO - Started process (PID=3352) to work on /opt/airflow/dags/dbt.py
[2026-03-15T01:27:03.681+0000] {processor.py:830} INFO - Processing file /opt/airflow/dags/dbt.py for tasks to queue
[2026-03-15T01:27:03.686+0000] {logging_mixin.py:188} INFO - [2026-03-15T01:27:03.685+0000] {dagbag.py:545} INFO - Filling up the DagBag from /opt/airflow/dags/dbt.py
[2026-03-15T01:27:03.697+0000] {logging_mixin.py:188} INFO - [2026-03-15T01:27:03.694+0000] {dagbag.py:355} ERROR - Failed to import: /opt/airflow/dags/dbt.py
Traceback (most recent call last):
  File "/home/airflow/.local/lib/python3.12/site-packages/airflow/models/dagbag.py", line 351, in parse
    loader.exec_module(new_module)
  File "<frozen importlib._bootstrap_external>", line 995, in exec_module
  File "<frozen importlib._bootstrap>", line 488, in _call_with_frames_removed
  File "/opt/airflow/dags/dbt.py", line 2, in <module>
    from airflow.providers.standard.operators.bash import BashOperator
ModuleNotFoundError: No module named 'airflow.providers.standard'
[2026-03-15T01:27:03.698+0000] {processor.py:842} WARNING - No viable dags retrieved from /opt/airflow/dags/dbt.py
[2026-03-15T01:27:03.727+0000] {processor.py:183} INFO - Processing /opt/airflow/dags/dbt.py took 0.065 seconds
[2026-03-15T01:42:58.987+0000] {processor.py:161} INFO - Started process (PID=3354) to work on /opt/airflow/dags/dbt.py
[2026-03-15T01:42:58.989+0000] {processor.py:830} INFO - Processing file /opt/airflow/dags/dbt.py for tasks to queue
[2026-03-15T01:42:58.994+0000] {logging_mixin.py:188} INFO - [2026-03-15T01:42:58.993+0000] {dagbag.py:545} INFO - Filling up the DagBag from /opt/airflow/dags/dbt.py
[2026-03-15T01:42:59.002+0000] {logging_mixin.py:188} INFO - [2026-03-15T01:42:58.999+0000] {dagbag.py:355} ERROR - Failed to import: /opt/airflow/dags/dbt.py
Traceback (most recent call last):
  File "/home/airflow/.local/lib/python3.12/site-packages/airflow/models/dagbag.py", line 351, in parse
    loader.exec_module(new_module)
  File "<frozen importlib._bootstrap_external>", line 995, in exec_module
  File "<frozen importlib._bootstrap>", line 488, in _call_with_frames_removed
  File "/opt/airflow/dags/dbt.py", line 2, in <module>
    from airflow.providers.standard.operators.bash import BashOperator
ModuleNotFoundError: No module named 'airflow.providers.standard'
[2026-03-15T01:42:59.004+0000] {processor.py:842} WARNING - No viable dags retrieved from /opt/airflow/dags/dbt.py
[2026-03-15T01:42:59.032+0000] {processor.py:183} INFO - Processing /opt/airflow/dags/dbt.py took 0.066 seconds
[2026-03-15T01:58:54.235+0000] {processor.py:161} INFO - Started process (PID=3356) to work on /opt/airflow/dags/dbt.py
[2026-03-15T01:58:54.237+0000] {processor.py:830} INFO - Processing file /opt/airflow/dags/dbt.py for tasks to queue
[2026-03-15T01:58:54.247+0000] {logging_mixin.py:188} INFO - [2026-03-15T01:58:54.246+0000] {dagbag.py:545} INFO - Filling up the DagBag from /opt/airflow/dags/dbt.py
[2026-03-15T01:58:54.262+0000] {logging_mixin.py:188} INFO - [2026-03-15T01:58:54.255+0000] {dagbag.py:355} ERROR - Failed to import: /opt/airflow/dags/dbt.py
Traceback (most recent call last):
  File "/home/airflow/.local/lib/python3.12/site-packages/airflow/models/dagbag.py", line 351, in parse
    loader.exec_module(new_module)
  File "<frozen importlib._bootstrap_external>", line 995, in exec_module
  File "<frozen importlib._bootstrap>", line 488, in _call_with_frames_removed
  File "/opt/airflow/dags/dbt.py", line 2, in <module>
    from airflow.providers.standard.operators.bash import BashOperator
ModuleNotFoundError: No module named 'airflow.providers.standard'
[2026-03-15T01:58:54.264+0000] {processor.py:842} WARNING - No viable dags retrieved from /opt/airflow/dags/dbt.py
[2026-03-15T01:58:54.287+0000] {processor.py:183} INFO - Processing /opt/airflow/dags/dbt.py took 0.069 seconds
[2026-03-15T01:59:24.773+0000] {processor.py:161} INFO - Started process (PID=3358) to work on /opt/airflow/dags/dbt.py
[2026-03-15T01:59:24.775+0000] {processor.py:830} INFO - Processing file /opt/airflow/dags/dbt.py for tasks to queue
[2026-03-15T01:59:24.780+0000] {logging_mixin.py:188} INFO - [2026-03-15T01:59:24.779+0000] {dagbag.py:545} INFO - Filling up the DagBag from /opt/airflow/dags/dbt.py
[2026-03-15T01:59:24.793+0000] {logging_mixin.py:188} INFO - [2026-03-15T01:59:24.789+0000] {dagbag.py:355} ERROR - Failed to import: /opt/airflow/dags/dbt.py
Traceback (most recent call last):
  File "/home/airflow/.local/lib/python3.12/site-packages/airflow/models/dagbag.py", line 351, in parse
    loader.exec_module(new_module)
  File "<frozen importlib._bootstrap_external>", line 995, in exec_module
  File "<frozen importlib._bootstrap>", line 488, in _call_with_frames_removed
  File "/opt/airflow/dags/dbt.py", line 2, in <module>
    from airflow.providers.standard.operators.bash import BashOperator
ModuleNotFoundError: No module named 'airflow.providers.standard'
[2026-03-15T01:59:24.795+0000] {processor.py:842} WARNING - No viable dags retrieved from /opt/airflow/dags/dbt.py
[2026-03-15T01:59:24.831+0000] {processor.py:183} INFO - Processing /opt/airflow/dags/dbt.py took 0.076 seconds
[2026-03-15T02:11:29.600+0000] {processor.py:161} INFO - Started process (PID=3360) to work on /opt/airflow/dags/dbt.py
[2026-03-15T02:11:29.602+0000] {processor.py:830} INFO - Processing file /opt/airflow/dags/dbt.py for tasks to queue
[2026-03-15T02:11:29.605+0000] {logging_mixin.py:188} INFO - [2026-03-15T02:11:29.605+0000] {dagbag.py:545} INFO - Filling up the DagBag from /opt/airflow/dags/dbt.py
[2026-03-15T02:11:29.617+0000] {logging_mixin.py:188} INFO - [2026-03-15T02:11:29.616+0000] {dagbag.py:355} ERROR - Failed to import: /opt/airflow/dags/dbt.py
Traceback (most recent call last):
  File "/home/airflow/.local/lib/python3.12/site-packages/airflow/models/dagbag.py", line 351, in parse
    loader.exec_module(new_module)
  File "<frozen importlib._bootstrap_external>", line 995, in exec_module
  File "<frozen importlib._bootstrap>", line 488, in _call_with_frames_removed
  File "/opt/airflow/dags/dbt.py", line 2, in <module>
    from airflow.providers.standard.operators.bash import BashOperator
ModuleNotFoundError: No module named 'airflow.providers.standard'
[2026-03-15T02:11:29.618+0000] {processor.py:842} WARNING - No viable dags retrieved from /opt/airflow/dags/dbt.py
[2026-03-15T02:11:29.643+0000] {processor.py:183} INFO - Processing /opt/airflow/dags/dbt.py took 0.065 seconds
[2026-03-15T02:12:04.366+0000] {processor.py:161} INFO - Started process (PID=3362) to work on /opt/airflow/dags/dbt.py
[2026-03-15T02:12:04.368+0000] {processor.py:830} INFO - Processing file /opt/airflow/dags/dbt.py for tasks to queue
[2026-03-15T02:12:04.373+0000] {logging_mixin.py:188} INFO - [2026-03-15T02:12:04.372+0000] {dagbag.py:545} INFO - Filling up the DagBag from /opt/airflow/dags/dbt.py
[2026-03-15T02:12:04.386+0000] {logging_mixin.py:188} INFO - [2026-03-15T02:12:04.384+0000] {dagbag.py:355} ERROR - Failed to import: /opt/airflow/dags/dbt.py
Traceback (most recent call last):
  File "/home/airflow/.local/lib/python3.12/site-packages/airflow/models/dagbag.py", line 351, in parse
    loader.exec_module(new_module)
  File "<frozen importlib._bootstrap_external>", line 995, in exec_module
  File "<frozen importlib._bootstrap>", line 488, in _call_with_frames_removed
  File "/opt/airflow/dags/dbt.py", line 2, in <module>
    from airflow.providers.standard.operators.bash import BashOperator
ModuleNotFoundError: No module named 'airflow.providers.standard'
[2026-03-15T02:12:04.388+0000] {processor.py:842} WARNING - No viable dags retrieved from /opt/airflow/dags/dbt.py
[2026-03-15T02:12:04.418+0000] {processor.py:183} INFO - Processing /opt/airflow/dags/dbt.py took 0.076 seconds
[2026-03-15T02:12:34.857+0000] {processor.py:161} INFO - Started process (PID=3364) to work on /opt/airflow/dags/dbt.py
[2026-03-15T02:12:34.859+0000] {processor.py:830} INFO - Processing file /opt/airflow/dags/dbt.py for tasks to queue
[2026-03-15T02:12:34.862+0000] {logging_mixin.py:188} INFO - [2026-03-15T02:12:34.862+0000] {dagbag.py:545} INFO - Filling up the DagBag from /opt/airflow/dags/dbt.py
[2026-03-15T02:12:34.866+0000] {logging_mixin.py:188} INFO - [2026-03-15T02:12:34.865+0000] {dagbag.py:355} ERROR - Failed to import: /opt/airflow/dags/dbt.py
Traceback (most recent call last):
  File "/home/airflow/.local/lib/python3.12/site-packages/airflow/models/dagbag.py", line 351, in parse
    loader.exec_module(new_module)
  File "<frozen importlib._bootstrap_external>", line 995, in exec_module
  File "<frozen importlib._bootstrap>", line 488, in _call_with_frames_removed
  File "/opt/airflow/dags/dbt.py", line 2, in <module>
    from airflow.providers.standard.operators.bash import BashOperator
ModuleNotFoundError: No module named 'airflow.providers.standard'
[2026-03-15T02:12:34.868+0000] {processor.py:842} WARNING - No viable dags retrieved from /opt/airflow/dags/dbt.py
[2026-03-15T02:12:34.887+0000] {processor.py:183} INFO - Processing /opt/airflow/dags/dbt.py took 0.038 seconds
[2026-03-15T02:28:30.033+0000] {processor.py:161} INFO - Started process (PID=3366) to work on /opt/airflow/dags/dbt.py
[2026-03-15T02:28:30.034+0000] {processor.py:830} INFO - Processing file /opt/airflow/dags/dbt.py for tasks to queue
[2026-03-15T02:28:30.041+0000] {logging_mixin.py:188} INFO - [2026-03-15T02:28:30.041+0000] {dagbag.py:545} INFO - Filling up the DagBag from /opt/airflow/dags/dbt.py
[2026-03-15T02:28:30.051+0000] {logging_mixin.py:188} INFO - [2026-03-15T02:28:30.046+0000] {dagbag.py:355} ERROR - Failed to import: /opt/airflow/dags/dbt.py
Traceback (most recent call last):
  File "/home/airflow/.local/lib/python3.12/site-packages/airflow/models/dagbag.py", line 351, in parse
    loader.exec_module(new_module)
  File "<frozen importlib._bootstrap_external>", line 995, in exec_module
  File "<frozen importlib._bootstrap>", line 488, in _call_with_frames_removed
  File "/opt/airflow/dags/dbt.py", line 2, in <module>
    from airflow.providers.standard.operators.bash import BashOperator
ModuleNotFoundError: No module named 'airflow.providers.standard'
[2026-03-15T02:28:30.051+0000] {processor.py:842} WARNING - No viable dags retrieved from /opt/airflow/dags/dbt.py
[2026-03-15T02:28:30.085+0000] {processor.py:183} INFO - Processing /opt/airflow/dags/dbt.py took 0.067 seconds
[2026-03-15T02:29:00.549+0000] {processor.py:161} INFO - Started process (PID=3368) to work on /opt/airflow/dags/dbt.py
[2026-03-15T02:29:00.551+0000] {processor.py:830} INFO - Processing file /opt/airflow/dags/dbt.py for tasks to queue
[2026-03-15T02:29:00.556+0000] {logging_mixin.py:188} INFO - [2026-03-15T02:29:00.555+0000] {dagbag.py:545} INFO - Filling up the DagBag from /opt/airflow/dags/dbt.py
[2026-03-15T02:29:00.563+0000] {logging_mixin.py:188} INFO - [2026-03-15T02:29:00.560+0000] {dagbag.py:355} ERROR - Failed to import: /opt/airflow/dags/dbt.py
Traceback (most recent call last):
  File "/home/airflow/.local/lib/python3.12/site-packages/airflow/models/dagbag.py", line 351, in parse
    loader.exec_module(new_module)
  File "<frozen importlib._bootstrap_external>", line 995, in exec_module
  File "<frozen importlib._bootstrap>", line 488, in _call_with_frames_removed
  File "/opt/airflow/dags/dbt.py", line 2, in <module>
    from airflow.providers.standard.operators.bash import BashOperator
ModuleNotFoundError: No module named 'airflow.providers.standard'
[2026-03-15T02:29:00.564+0000] {processor.py:842} WARNING - No viable dags retrieved from /opt/airflow/dags/dbt.py
[2026-03-15T02:29:00.589+0000] {processor.py:183} INFO - Processing /opt/airflow/dags/dbt.py took 0.057 seconds
[2026-03-15T02:29:32.522+0000] {processor.py:161} INFO - Started process (PID=3370) to work on /opt/airflow/dags/dbt.py
[2026-03-15T02:29:32.525+0000] {processor.py:830} INFO - Processing file /opt/airflow/dags/dbt.py for tasks to queue
[2026-03-15T02:29:32.530+0000] {logging_mixin.py:188} INFO - [2026-03-15T02:29:32.530+0000] {dagbag.py:545} INFO - Filling up the DagBag from /opt/airflow/dags/dbt.py
[2026-03-15T02:29:32.544+0000] {logging_mixin.py:188} INFO - [2026-03-15T02:29:32.538+0000] {dagbag.py:355} ERROR - Failed to import: /opt/airflow/dags/dbt.py
Traceback (most recent call last):
  File "/home/airflow/.local/lib/python3.12/site-packages/airflow/models/dagbag.py", line 351, in parse
    loader.exec_module(new_module)
  File "<frozen importlib._bootstrap_external>", line 995, in exec_module
  File "<frozen importlib._bootstrap>", line 488, in _call_with_frames_removed
  File "/opt/airflow/dags/dbt.py", line 2, in <module>
    from airflow.providers.standard.operators.bash import BashOperator
ModuleNotFoundError: No module named 'airflow.providers.standard'
[2026-03-15T02:29:32.545+0000] {processor.py:842} WARNING - No viable dags retrieved from /opt/airflow/dags/dbt.py
[2026-03-15T02:29:32.576+0000] {processor.py:183} INFO - Processing /opt/airflow/dags/dbt.py took 0.068 seconds
[2026-03-15T02:45:27.683+0000] {processor.py:161} INFO - Started process (PID=3372) to work on /opt/airflow/dags/dbt.py
[2026-03-15T02:45:27.685+0000] {processor.py:830} INFO - Processing file /opt/airflow/dags/dbt.py for tasks to queue
[2026-03-15T02:45:27.689+0000] {logging_mixin.py:188} INFO - [2026-03-15T02:45:27.688+0000] {dagbag.py:545} INFO - Filling up the DagBag from /opt/airflow/dags/dbt.py
[2026-03-15T02:45:27.702+0000] {logging_mixin.py:188} INFO - [2026-03-15T02:45:27.697+0000] {dagbag.py:355} ERROR - Failed to import: /opt/airflow/dags/dbt.py
Traceback (most recent call last):
  File "/home/airflow/.local/lib/python3.12/site-packages/airflow/models/dagbag.py", line 351, in parse
    loader.exec_module(new_module)
  File "<frozen importlib._bootstrap_external>", line 995, in exec_module
  File "<frozen importlib._bootstrap>", line 488, in _call_with_frames_removed
  File "/opt/airflow/dags/dbt.py", line 2, in <module>
    from airflow.providers.standard.operators.bash import BashOperator
ModuleNotFoundError: No module named 'airflow.providers.standard'
[2026-03-15T02:45:27.706+0000] {processor.py:842} WARNING - No viable dags retrieved from /opt/airflow/dags/dbt.py
[2026-03-15T02:45:27.846+0000] {processor.py:183} INFO - Processing /opt/airflow/dags/dbt.py took 0.181 seconds
[2026-03-15T02:45:58.334+0000] {processor.py:161} INFO - Started process (PID=3374) to work on /opt/airflow/dags/dbt.py
[2026-03-15T02:45:58.336+0000] {processor.py:830} INFO - Processing file /opt/airflow/dags/dbt.py for tasks to queue
[2026-03-15T02:45:58.341+0000] {logging_mixin.py:188} INFO - [2026-03-15T02:45:58.341+0000] {dagbag.py:545} INFO - Filling up the DagBag from /opt/airflow/dags/dbt.py
[2026-03-15T02:45:58.350+0000] {logging_mixin.py:188} INFO - [2026-03-15T02:45:58.347+0000] {dagbag.py:355} ERROR - Failed to import: /opt/airflow/dags/dbt.py
Traceback (most recent call last):
  File "/home/airflow/.local/lib/python3.12/site-packages/airflow/models/dagbag.py", line 351, in parse
    loader.exec_module(new_module)
  File "<frozen importlib._bootstrap_external>", line 995, in exec_module
  File "<frozen importlib._bootstrap>", line 488, in _call_with_frames_removed
  File "/opt/airflow/dags/dbt.py", line 2, in <module>
    from airflow.providers.standard.operators.bash import BashOperator
ModuleNotFoundError: No module named 'airflow.providers.standard'
[2026-03-15T02:45:58.351+0000] {processor.py:842} WARNING - No viable dags retrieved from /opt/airflow/dags/dbt.py
[2026-03-15T02:45:58.388+0000] {processor.py:183} INFO - Processing /opt/airflow/dags/dbt.py took 0.069 seconds
[2026-03-15T02:57:10.877+0000] {processor.py:161} INFO - Started process (PID=3376) to work on /opt/airflow/dags/dbt.py
[2026-03-15T02:57:10.918+0000] {processor.py:830} INFO - Processing file /opt/airflow/dags/dbt.py for tasks to queue
[2026-03-15T02:57:10.938+0000] {logging_mixin.py:188} INFO - [2026-03-15T02:57:10.935+0000] {dagbag.py:545} INFO - Filling up the DagBag from /opt/airflow/dags/dbt.py
[2026-03-15T02:57:10.954+0000] {logging_mixin.py:188} INFO - [2026-03-15T02:57:10.948+0000] {dagbag.py:355} ERROR - Failed to import: /opt/airflow/dags/dbt.py
Traceback (most recent call last):
  File "/home/airflow/.local/lib/python3.12/site-packages/airflow/models/dagbag.py", line 351, in parse
    loader.exec_module(new_module)
  File "<frozen importlib._bootstrap_external>", line 995, in exec_module
  File "<frozen importlib._bootstrap>", line 488, in _call_with_frames_removed
  File "/opt/airflow/dags/dbt.py", line 2, in <module>
    from airflow.providers.standard.operators.bash import BashOperator
ModuleNotFoundError: No module named 'airflow.providers.standard'
[2026-03-15T02:57:10.955+0000] {processor.py:842} WARNING - No viable dags retrieved from /opt/airflow/dags/dbt.py
[2026-03-15T02:57:11.010+0000] {processor.py:183} INFO - Processing /opt/airflow/dags/dbt.py took 0.155 seconds
[2026-03-15T02:57:41.459+0000] {processor.py:161} INFO - Started process (PID=3378) to work on /opt/airflow/dags/dbt.py
[2026-03-15T02:57:41.460+0000] {processor.py:830} INFO - Processing file /opt/airflow/dags/dbt.py for tasks to queue
[2026-03-15T02:57:41.466+0000] {logging_mixin.py:188} INFO - [2026-03-15T02:57:41.466+0000] {dagbag.py:545} INFO - Filling up the DagBag from /opt/airflow/dags/dbt.py
[2026-03-15T02:57:41.473+0000] {logging_mixin.py:188} INFO - [2026-03-15T02:57:41.471+0000] {dagbag.py:355} ERROR - Failed to import: /opt/airflow/dags/dbt.py
Traceback (most recent call last):
  File "/home/airflow/.local/lib/python3.12/site-packages/airflow/models/dagbag.py", line 351, in parse
    loader.exec_module(new_module)
  File "<frozen importlib._bootstrap_external>", line 995, in exec_module
  File "<frozen importlib._bootstrap>", line 488, in _call_with_frames_removed
  File "/opt/airflow/dags/dbt.py", line 2, in <module>
    from airflow.providers.standard.operators.bash import BashOperator
ModuleNotFoundError: No module named 'airflow.providers.standard'
[2026-03-15T02:57:41.474+0000] {processor.py:842} WARNING - No viable dags retrieved from /opt/airflow/dags/dbt.py
[2026-03-15T02:57:41.512+0000] {processor.py:183} INFO - Processing /opt/airflow/dags/dbt.py took 0.080 seconds
[2026-03-15T02:58:11.860+0000] {processor.py:161} INFO - Started process (PID=3380) to work on /opt/airflow/dags/dbt.py
[2026-03-15T02:58:11.862+0000] {processor.py:830} INFO - Processing file /opt/airflow/dags/dbt.py for tasks to queue
[2026-03-15T02:58:11.866+0000] {logging_mixin.py:188} INFO - [2026-03-15T02:58:11.866+0000] {dagbag.py:545} INFO - Filling up the DagBag from /opt/airflow/dags/dbt.py
[2026-03-15T02:58:11.877+0000] {logging_mixin.py:188} INFO - [2026-03-15T02:58:11.875+0000] {dagbag.py:355} ERROR - Failed to import: /opt/airflow/dags/dbt.py
Traceback (most recent call last):
  File "/home/airflow/.local/lib/python3.12/site-packages/airflow/models/dagbag.py", line 351, in parse
    loader.exec_module(new_module)
  File "<frozen importlib._bootstrap_external>", line 995, in exec_module
  File "<frozen importlib._bootstrap>", line 488, in _call_with_frames_removed
  File "/opt/airflow/dags/dbt.py", line 2, in <module>
    from airflow.providers.standard.operators.bash import BashOperator
ModuleNotFoundError: No module named 'airflow.providers.standard'
[2026-03-15T02:58:11.879+0000] {processor.py:842} WARNING - No viable dags retrieved from /opt/airflow/dags/dbt.py
[2026-03-15T02:58:11.905+0000] {processor.py:183} INFO - Processing /opt/airflow/dags/dbt.py took 0.064 seconds
[2026-03-15T02:58:42.285+0000] {processor.py:161} INFO - Started process (PID=3382) to work on /opt/airflow/dags/dbt.py
[2026-03-15T02:58:42.287+0000] {processor.py:830} INFO - Processing file /opt/airflow/dags/dbt.py for tasks to queue
[2026-03-15T02:58:42.293+0000] {logging_mixin.py:188} INFO - [2026-03-15T02:58:42.292+0000] {dagbag.py:545} INFO - Filling up the DagBag from /opt/airflow/dags/dbt.py
[2026-03-15T02:58:42.302+0000] {logging_mixin.py:188} INFO - [2026-03-15T02:58:42.298+0000] {dagbag.py:355} ERROR - Failed to import: /opt/airflow/dags/dbt.py
Traceback (most recent call last):
  File "/home/airflow/.local/lib/python3.12/site-packages/airflow/models/dagbag.py", line 351, in parse
    loader.exec_module(new_module)
  File "<frozen importlib._bootstrap_external>", line 995, in exec_module
  File "<frozen importlib._bootstrap>", line 488, in _call_with_frames_removed
  File "/opt/airflow/dags/dbt.py", line 2, in <module>
    from airflow.providers.standard.operators.bash import BashOperator
ModuleNotFoundError: No module named 'airflow.providers.standard'
[2026-03-15T02:58:42.303+0000] {processor.py:842} WARNING - No viable dags retrieved from /opt/airflow/dags/dbt.py
[2026-03-15T02:58:42.338+0000] {processor.py:183} INFO - Processing /opt/airflow/dags/dbt.py took 0.078 seconds
[2026-03-15T02:59:12.705+0000] {processor.py:161} INFO - Started process (PID=3384) to work on /opt/airflow/dags/dbt.py
[2026-03-15T02:59:12.707+0000] {processor.py:830} INFO - Processing file /opt/airflow/dags/dbt.py for tasks to queue
[2026-03-15T02:59:12.712+0000] {logging_mixin.py:188} INFO - [2026-03-15T02:59:12.711+0000] {dagbag.py:545} INFO - Filling up the DagBag from /opt/airflow/dags/dbt.py
[2026-03-15T02:59:12.721+0000] {logging_mixin.py:188} INFO - [2026-03-15T02:59:12.718+0000] {dagbag.py:355} ERROR - Failed to import: /opt/airflow/dags/dbt.py
Traceback (most recent call last):
  File "/home/airflow/.local/lib/python3.12/site-packages/airflow/models/dagbag.py", line 351, in parse
    loader.exec_module(new_module)
  File "<frozen importlib._bootstrap_external>", line 995, in exec_module
  File "<frozen importlib._bootstrap>", line 488, in _call_with_frames_removed
  File "/opt/airflow/dags/dbt.py", line 2, in <module>
    from airflow.providers.standard.operators.bash import BashOperator
ModuleNotFoundError: No module named 'airflow.providers.standard'
[2026-03-15T02:59:12.722+0000] {processor.py:842} WARNING - No viable dags retrieved from /opt/airflow/dags/dbt.py
[2026-03-15T02:59:12.746+0000] {processor.py:183} INFO - Processing /opt/airflow/dags/dbt.py took 0.056 seconds
[2026-03-15T02:59:43.173+0000] {processor.py:161} INFO - Started process (PID=3386) to work on /opt/airflow/dags/dbt.py
[2026-03-15T02:59:43.176+0000] {processor.py:830} INFO - Processing file /opt/airflow/dags/dbt.py for tasks to queue
[2026-03-15T02:59:43.181+0000] {logging_mixin.py:188} INFO - [2026-03-15T02:59:43.180+0000] {dagbag.py:545} INFO - Filling up the DagBag from /opt/airflow/dags/dbt.py
[2026-03-15T02:59:43.196+0000] {logging_mixin.py:188} INFO - [2026-03-15T02:59:43.192+0000] {dagbag.py:355} ERROR - Failed to import: /opt/airflow/dags/dbt.py
Traceback (most recent call last):
  File "/home/airflow/.local/lib/python3.12/site-packages/airflow/models/dagbag.py", line 351, in parse
    loader.exec_module(new_module)
  File "<frozen importlib._bootstrap_external>", line 995, in exec_module
  File "<frozen importlib._bootstrap>", line 488, in _call_with_frames_removed
  File "/opt/airflow/dags/dbt.py", line 2, in <module>
    from airflow.providers.standard.operators.bash import BashOperator
ModuleNotFoundError: No module named 'airflow.providers.standard'
[2026-03-15T02:59:43.198+0000] {processor.py:842} WARNING - No viable dags retrieved from /opt/airflow/dags/dbt.py
[2026-03-15T02:59:43.237+0000] {processor.py:183} INFO - Processing /opt/airflow/dags/dbt.py took 0.088 seconds
[2026-03-15T03:00:13.612+0000] {processor.py:161} INFO - Started process (PID=3388) to work on /opt/airflow/dags/dbt.py
[2026-03-15T03:00:13.615+0000] {processor.py:830} INFO - Processing file /opt/airflow/dags/dbt.py for tasks to queue
[2026-03-15T03:00:13.622+0000] {logging_mixin.py:188} INFO - [2026-03-15T03:00:13.621+0000] {dagbag.py:545} INFO - Filling up the DagBag from /opt/airflow/dags/dbt.py
[2026-03-15T03:00:13.632+0000] {logging_mixin.py:188} INFO - [2026-03-15T03:00:13.630+0000] {dagbag.py:355} ERROR - Failed to import: /opt/airflow/dags/dbt.py
Traceback (most recent call last):
  File "/home/airflow/.local/lib/python3.12/site-packages/airflow/models/dagbag.py", line 351, in parse
    loader.exec_module(new_module)
  File "<frozen importlib._bootstrap_external>", line 995, in exec_module
  File "<frozen importlib._bootstrap>", line 488, in _call_with_frames_removed
  File "/opt/airflow/dags/dbt.py", line 2, in <module>
    from airflow.providers.standard.operators.bash import BashOperator
ModuleNotFoundError: No module named 'airflow.providers.standard'
[2026-03-15T03:00:13.632+0000] {processor.py:842} WARNING - No viable dags retrieved from /opt/airflow/dags/dbt.py
[2026-03-15T03:00:13.658+0000] {processor.py:183} INFO - Processing /opt/airflow/dags/dbt.py took 0.061 seconds
[2026-03-15T03:00:44.033+0000] {processor.py:161} INFO - Started process (PID=3390) to work on /opt/airflow/dags/dbt.py
[2026-03-15T03:00:44.036+0000] {processor.py:830} INFO - Processing file /opt/airflow/dags/dbt.py for tasks to queue
[2026-03-15T03:00:44.040+0000] {logging_mixin.py:188} INFO - [2026-03-15T03:00:44.040+0000] {dagbag.py:545} INFO - Filling up the DagBag from /opt/airflow/dags/dbt.py
[2026-03-15T03:00:44.050+0000] {logging_mixin.py:188} INFO - [2026-03-15T03:00:44.048+0000] {dagbag.py:355} ERROR - Failed to import: /opt/airflow/dags/dbt.py
Traceback (most recent call last):
  File "/home/airflow/.local/lib/python3.12/site-packages/airflow/models/dagbag.py", line 351, in parse
    loader.exec_module(new_module)
  File "<frozen importlib._bootstrap_external>", line 995, in exec_module
  File "<frozen importlib._bootstrap>", line 488, in _call_with_frames_removed
  File "/opt/airflow/dags/dbt.py", line 2, in <module>
    from airflow.providers.standard.operators.bash import BashOperator
ModuleNotFoundError: No module named 'airflow.providers.standard'
[2026-03-15T03:00:44.051+0000] {processor.py:842} WARNING - No viable dags retrieved from /opt/airflow/dags/dbt.py
[2026-03-15T03:00:44.083+0000] {processor.py:183} INFO - Processing /opt/airflow/dags/dbt.py took 0.064 seconds
[2026-03-15T03:01:14.413+0000] {processor.py:161} INFO - Started process (PID=3392) to work on /opt/airflow/dags/dbt.py
[2026-03-15T03:01:14.415+0000] {processor.py:830} INFO - Processing file /opt/airflow/dags/dbt.py for tasks to queue
[2026-03-15T03:01:14.419+0000] {logging_mixin.py:188} INFO - [2026-03-15T03:01:14.419+0000] {dagbag.py:545} INFO - Filling up the DagBag from /opt/airflow/dags/dbt.py
[2026-03-15T03:01:14.428+0000] {logging_mixin.py:188} INFO - [2026-03-15T03:01:14.426+0000] {dagbag.py:355} ERROR - Failed to import: /opt/airflow/dags/dbt.py
Traceback (most recent call last):
  File "/home/airflow/.local/lib/python3.12/site-packages/airflow/models/dagbag.py", line 351, in parse
    loader.exec_module(new_module)
  File "<frozen importlib._bootstrap_external>", line 995, in exec_module
  File "<frozen importlib._bootstrap>", line 488, in _call_with_frames_removed
  File "/opt/airflow/dags/dbt.py", line 2, in <module>
    from airflow.providers.standard.operators.bash import BashOperator
ModuleNotFoundError: No module named 'airflow.providers.standard'
[2026-03-15T03:01:14.429+0000] {processor.py:842} WARNING - No viable dags retrieved from /opt/airflow/dags/dbt.py
[2026-03-15T03:01:14.460+0000] {processor.py:183} INFO - Processing /opt/airflow/dags/dbt.py took 0.062 seconds
[2026-03-15T03:01:44.809+0000] {processor.py:161} INFO - Started process (PID=3394) to work on /opt/airflow/dags/dbt.py
[2026-03-15T03:01:44.811+0000] {processor.py:830} INFO - Processing file /opt/airflow/dags/dbt.py for tasks to queue
[2026-03-15T03:01:44.815+0000] {logging_mixin.py:188} INFO - [2026-03-15T03:01:44.814+0000] {dagbag.py:545} INFO - Filling up the DagBag from /opt/airflow/dags/dbt.py
[2026-03-15T03:01:44.819+0000] {logging_mixin.py:188} INFO - [2026-03-15T03:01:44.818+0000] {dagbag.py:355} ERROR - Failed to import: /opt/airflow/dags/dbt.py
Traceback (most recent call last):
  File "/home/airflow/.local/lib/python3.12/site-packages/airflow/models/dagbag.py", line 351, in parse
    loader.exec_module(new_module)
  File "<frozen importlib._bootstrap_external>", line 995, in exec_module
  File "<frozen importlib._bootstrap>", line 488, in _call_with_frames_removed
  File "/opt/airflow/dags/dbt.py", line 2, in <module>
    from airflow.providers.standard.operators.bash import BashOperator
ModuleNotFoundError: No module named 'airflow.providers.standard'
[2026-03-15T03:01:44.820+0000] {processor.py:842} WARNING - No viable dags retrieved from /opt/airflow/dags/dbt.py
[2026-03-15T03:01:44.845+0000] {processor.py:183} INFO - Processing /opt/airflow/dags/dbt.py took 0.047 seconds
[2026-03-15T03:02:15.229+0000] {processor.py:161} INFO - Started process (PID=3396) to work on /opt/airflow/dags/dbt.py
[2026-03-15T03:02:15.232+0000] {processor.py:830} INFO - Processing file /opt/airflow/dags/dbt.py for tasks to queue
[2026-03-15T03:02:15.236+0000] {logging_mixin.py:188} INFO - [2026-03-15T03:02:15.235+0000] {dagbag.py:545} INFO - Filling up the DagBag from /opt/airflow/dags/dbt.py
[2026-03-15T03:02:15.243+0000] {logging_mixin.py:188} INFO - [2026-03-15T03:02:15.241+0000] {dagbag.py:355} ERROR - Failed to import: /opt/airflow/dags/dbt.py
Traceback (most recent call last):
  File "/home/airflow/.local/lib/python3.12/site-packages/airflow/models/dagbag.py", line 351, in parse
    loader.exec_module(new_module)
  File "<frozen importlib._bootstrap_external>", line 995, in exec_module
  File "<frozen importlib._bootstrap>", line 488, in _call_with_frames_removed
  File "/opt/airflow/dags/dbt.py", line 2, in <module>
    from airflow.providers.standard.operators.bash import BashOperator
ModuleNotFoundError: No module named 'airflow.providers.standard'
[2026-03-15T03:02:15.244+0000] {processor.py:842} WARNING - No viable dags retrieved from /opt/airflow/dags/dbt.py
[2026-03-15T03:02:15.275+0000] {processor.py:183} INFO - Processing /opt/airflow/dags/dbt.py took 0.067 seconds
[2026-03-15T03:02:45.694+0000] {processor.py:161} INFO - Started process (PID=3398) to work on /opt/airflow/dags/dbt.py
[2026-03-15T03:02:45.695+0000] {processor.py:830} INFO - Processing file /opt/airflow/dags/dbt.py for tasks to queue
[2026-03-15T03:02:45.701+0000] {logging_mixin.py:188} INFO - [2026-03-15T03:02:45.701+0000] {dagbag.py:545} INFO - Filling up the DagBag from /opt/airflow/dags/dbt.py
[2026-03-15T03:02:45.712+0000] {logging_mixin.py:188} INFO - [2026-03-15T03:02:45.710+0000] {dagbag.py:355} ERROR - Failed to import: /opt/airflow/dags/dbt.py
Traceback (most recent call last):
  File "/home/airflow/.local/lib/python3.12/site-packages/airflow/models/dagbag.py", line 351, in parse
    loader.exec_module(new_module)
  File "<frozen importlib._bootstrap_external>", line 995, in exec_module
  File "<frozen importlib._bootstrap>", line 488, in _call_with_frames_removed
  File "/opt/airflow/dags/dbt.py", line 2, in <module>
    from airflow.providers.standard.operators.bash import BashOperator
ModuleNotFoundError: No module named 'airflow.providers.standard'
[2026-03-15T03:02:45.713+0000] {processor.py:842} WARNING - No viable dags retrieved from /opt/airflow/dags/dbt.py
[2026-03-15T03:02:45.754+0000] {processor.py:183} INFO - Processing /opt/airflow/dags/dbt.py took 0.089 seconds
[2026-03-15T03:03:16.126+0000] {processor.py:161} INFO - Started process (PID=3400) to work on /opt/airflow/dags/dbt.py
[2026-03-15T03:03:16.129+0000] {processor.py:830} INFO - Processing file /opt/airflow/dags/dbt.py for tasks to queue
[2026-03-15T03:03:16.136+0000] {logging_mixin.py:188} INFO - [2026-03-15T03:03:16.133+0000] {dagbag.py:545} INFO - Filling up the DagBag from /opt/airflow/dags/dbt.py
[2026-03-15T03:03:16.153+0000] {logging_mixin.py:188} INFO - [2026-03-15T03:03:16.148+0000] {dagbag.py:355} ERROR - Failed to import: /opt/airflow/dags/dbt.py
Traceback (most recent call last):
  File "/home/airflow/.local/lib/python3.12/site-packages/airflow/models/dagbag.py", line 351, in parse
    loader.exec_module(new_module)
  File "<frozen importlib._bootstrap_external>", line 995, in exec_module
  File "<frozen importlib._bootstrap>", line 488, in _call_with_frames_removed
  File "/opt/airflow/dags/dbt.py", line 2, in <module>
    from airflow.providers.standard.operators.bash import BashOperator
ModuleNotFoundError: No module named 'airflow.providers.standard'
[2026-03-15T03:03:16.153+0000] {processor.py:842} WARNING - No viable dags retrieved from /opt/airflow/dags/dbt.py
[2026-03-15T03:03:16.183+0000] {processor.py:183} INFO - Processing /opt/airflow/dags/dbt.py took 0.082 seconds
[2026-03-15T03:03:46.624+0000] {processor.py:161} INFO - Started process (PID=3402) to work on /opt/airflow/dags/dbt.py
[2026-03-15T03:03:46.626+0000] {processor.py:830} INFO - Processing file /opt/airflow/dags/dbt.py for tasks to queue
[2026-03-15T03:03:46.632+0000] {logging_mixin.py:188} INFO - [2026-03-15T03:03:46.632+0000] {dagbag.py:545} INFO - Filling up the DagBag from /opt/airflow/dags/dbt.py
[2026-03-15T03:03:46.644+0000] {logging_mixin.py:188} INFO - [2026-03-15T03:03:46.642+0000] {dagbag.py:355} ERROR - Failed to import: /opt/airflow/dags/dbt.py
Traceback (most recent call last):
  File "/home/airflow/.local/lib/python3.12/site-packages/airflow/models/dagbag.py", line 351, in parse
    loader.exec_module(new_module)
  File "<frozen importlib._bootstrap_external>", line 995, in exec_module
  File "<frozen importlib._bootstrap>", line 488, in _call_with_frames_removed
  File "/opt/airflow/dags/dbt.py", line 2, in <module>
    from airflow.providers.standard.operators.bash import BashOperator
ModuleNotFoundError: No module named 'airflow.providers.standard'
[2026-03-15T03:03:46.644+0000] {processor.py:842} WARNING - No viable dags retrieved from /opt/airflow/dags/dbt.py
[2026-03-15T03:03:46.680+0000] {processor.py:183} INFO - Processing /opt/airflow/dags/dbt.py took 0.102 seconds
[2026-03-15T03:04:17.089+0000] {processor.py:161} INFO - Started process (PID=3404) to work on /opt/airflow/dags/dbt.py
[2026-03-15T03:04:17.091+0000] {processor.py:830} INFO - Processing file /opt/airflow/dags/dbt.py for tasks to queue
[2026-03-15T03:04:17.101+0000] {logging_mixin.py:188} INFO - [2026-03-15T03:04:17.100+0000] {dagbag.py:545} INFO - Filling up the DagBag from /opt/airflow/dags/dbt.py
[2026-03-15T03:04:17.117+0000] {logging_mixin.py:188} INFO - [2026-03-15T03:04:17.108+0000] {dagbag.py:355} ERROR - Failed to import: /opt/airflow/dags/dbt.py
Traceback (most recent call last):
  File "/home/airflow/.local/lib/python3.12/site-packages/airflow/models/dagbag.py", line 351, in parse
    loader.exec_module(new_module)
  File "<frozen importlib._bootstrap_external>", line 995, in exec_module
  File "<frozen importlib._bootstrap>", line 488, in _call_with_frames_removed
  File "/opt/airflow/dags/dbt.py", line 2, in <module>
    from airflow.providers.standard.operators.bash import BashOperator
ModuleNotFoundError: No module named 'airflow.providers.standard'
[2026-03-15T03:04:17.121+0000] {processor.py:842} WARNING - No viable dags retrieved from /opt/airflow/dags/dbt.py
[2026-03-15T03:04:17.161+0000] {processor.py:183} INFO - Processing /opt/airflow/dags/dbt.py took 0.086 seconds
[2026-03-15T03:04:47.555+0000] {processor.py:161} INFO - Started process (PID=3406) to work on /opt/airflow/dags/dbt.py
[2026-03-15T03:04:47.560+0000] {processor.py:830} INFO - Processing file /opt/airflow/dags/dbt.py for tasks to queue
[2026-03-15T03:04:47.565+0000] {logging_mixin.py:188} INFO - [2026-03-15T03:04:47.564+0000] {dagbag.py:545} INFO - Filling up the DagBag from /opt/airflow/dags/dbt.py
[2026-03-15T03:04:47.577+0000] {logging_mixin.py:188} INFO - [2026-03-15T03:04:47.575+0000] {dagbag.py:355} ERROR - Failed to import: /opt/airflow/dags/dbt.py
Traceback (most recent call last):
  File "/home/airflow/.local/lib/python3.12/site-packages/airflow/models/dagbag.py", line 351, in parse
    loader.exec_module(new_module)
  File "<frozen importlib._bootstrap_external>", line 995, in exec_module
  File "<frozen importlib._bootstrap>", line 488, in _call_with_frames_removed
  File "/opt/airflow/dags/dbt.py", line 2, in <module>
    from airflow.providers.standard.operators.bash import BashOperator
ModuleNotFoundError: No module named 'airflow.providers.standard'
[2026-03-15T03:04:47.578+0000] {processor.py:842} WARNING - No viable dags retrieved from /opt/airflow/dags/dbt.py
[2026-03-15T03:04:47.613+0000] {processor.py:183} INFO - Processing /opt/airflow/dags/dbt.py took 0.080 seconds
[2026-03-15T03:05:18.021+0000] {processor.py:161} INFO - Started process (PID=3408) to work on /opt/airflow/dags/dbt.py
[2026-03-15T03:05:18.022+0000] {processor.py:830} INFO - Processing file /opt/airflow/dags/dbt.py for tasks to queue
[2026-03-15T03:05:18.027+0000] {logging_mixin.py:188} INFO - [2026-03-15T03:05:18.026+0000] {dagbag.py:545} INFO - Filling up the DagBag from /opt/airflow/dags/dbt.py
[2026-03-15T03:05:18.037+0000] {logging_mixin.py:188} INFO - [2026-03-15T03:05:18.032+0000] {dagbag.py:355} ERROR - Failed to import: /opt/airflow/dags/dbt.py
Traceback (most recent call last):
  File "/home/airflow/.local/lib/python3.12/site-packages/airflow/models/dagbag.py", line 351, in parse
    loader.exec_module(new_module)
  File "<frozen importlib._bootstrap_external>", line 995, in exec_module
  File "<frozen importlib._bootstrap>", line 488, in _call_with_frames_removed
  File "/opt/airflow/dags/dbt.py", line 2, in <module>
    from airflow.providers.standard.operators.bash import BashOperator
ModuleNotFoundError: No module named 'airflow.providers.standard'
[2026-03-15T03:05:18.038+0000] {processor.py:842} WARNING - No viable dags retrieved from /opt/airflow/dags/dbt.py
[2026-03-15T03:05:18.081+0000] {processor.py:183} INFO - Processing /opt/airflow/dags/dbt.py took 0.080 seconds
[2026-03-15T03:05:48.524+0000] {processor.py:161} INFO - Started process (PID=3410) to work on /opt/airflow/dags/dbt.py
[2026-03-15T03:05:48.525+0000] {processor.py:830} INFO - Processing file /opt/airflow/dags/dbt.py for tasks to queue
[2026-03-15T03:05:48.529+0000] {logging_mixin.py:188} INFO - [2026-03-15T03:05:48.529+0000] {dagbag.py:545} INFO - Filling up the DagBag from /opt/airflow/dags/dbt.py
[2026-03-15T03:05:48.539+0000] {logging_mixin.py:188} INFO - [2026-03-15T03:05:48.536+0000] {dagbag.py:355} ERROR - Failed to import: /opt/airflow/dags/dbt.py
Traceback (most recent call last):
  File "/home/airflow/.local/lib/python3.12/site-packages/airflow/models/dagbag.py", line 351, in parse
    loader.exec_module(new_module)
  File "<frozen importlib._bootstrap_external>", line 995, in exec_module
  File "<frozen importlib._bootstrap>", line 488, in _call_with_frames_removed
  File "/opt/airflow/dags/dbt.py", line 2, in <module>
    from airflow.providers.standard.operators.bash import BashOperator
ModuleNotFoundError: No module named 'airflow.providers.standard'
[2026-03-15T03:05:48.540+0000] {processor.py:842} WARNING - No viable dags retrieved from /opt/airflow/dags/dbt.py
[2026-03-15T03:05:48.564+0000] {processor.py:183} INFO - Processing /opt/airflow/dags/dbt.py took 0.061 seconds
[2026-03-15T03:06:19.066+0000] {processor.py:161} INFO - Started process (PID=3412) to work on /opt/airflow/dags/dbt.py
[2026-03-15T03:06:19.068+0000] {processor.py:830} INFO - Processing file /opt/airflow/dags/dbt.py for tasks to queue
[2026-03-15T03:06:19.073+0000] {logging_mixin.py:188} INFO - [2026-03-15T03:06:19.072+0000] {dagbag.py:545} INFO - Filling up the DagBag from /opt/airflow/dags/dbt.py
[2026-03-15T03:06:19.089+0000] {logging_mixin.py:188} INFO - [2026-03-15T03:06:19.084+0000] {dagbag.py:355} ERROR - Failed to import: /opt/airflow/dags/dbt.py
Traceback (most recent call last):
  File "/home/airflow/.local/lib/python3.12/site-packages/airflow/models/dagbag.py", line 351, in parse
    loader.exec_module(new_module)
  File "<frozen importlib._bootstrap_external>", line 995, in exec_module
  File "<frozen importlib._bootstrap>", line 488, in _call_with_frames_removed
  File "/opt/airflow/dags/dbt.py", line 2, in <module>
    from airflow.providers.standard.operators.bash import BashOperator
ModuleNotFoundError: No module named 'airflow.providers.standard'
[2026-03-15T03:06:19.090+0000] {processor.py:842} WARNING - No viable dags retrieved from /opt/airflow/dags/dbt.py
[2026-03-15T03:06:19.131+0000] {processor.py:183} INFO - Processing /opt/airflow/dags/dbt.py took 0.087 seconds
[2026-03-15T03:06:49.567+0000] {processor.py:161} INFO - Started process (PID=3414) to work on /opt/airflow/dags/dbt.py
[2026-03-15T03:06:49.570+0000] {processor.py:830} INFO - Processing file /opt/airflow/dags/dbt.py for tasks to queue
[2026-03-15T03:06:49.578+0000] {logging_mixin.py:188} INFO - [2026-03-15T03:06:49.577+0000] {dagbag.py:545} INFO - Filling up the DagBag from /opt/airflow/dags/dbt.py
[2026-03-15T03:06:49.586+0000] {logging_mixin.py:188} INFO - [2026-03-15T03:06:49.584+0000] {dagbag.py:355} ERROR - Failed to import: /opt/airflow/dags/dbt.py
Traceback (most recent call last):
  File "/home/airflow/.local/lib/python3.12/site-packages/airflow/models/dagbag.py", line 351, in parse
    loader.exec_module(new_module)
  File "<frozen importlib._bootstrap_external>", line 995, in exec_module
  File "<frozen importlib._bootstrap>", line 488, in _call_with_frames_removed
  File "/opt/airflow/dags/dbt.py", line 2, in <module>
    from airflow.providers.standard.operators.bash import BashOperator
ModuleNotFoundError: No module named 'airflow.providers.standard'
[2026-03-15T03:06:49.587+0000] {processor.py:842} WARNING - No viable dags retrieved from /opt/airflow/dags/dbt.py
[2026-03-15T03:06:49.609+0000] {processor.py:183} INFO - Processing /opt/airflow/dags/dbt.py took 0.057 seconds
[2026-03-15T03:07:20.150+0000] {processor.py:161} INFO - Started process (PID=3416) to work on /opt/airflow/dags/dbt.py
[2026-03-15T03:07:20.152+0000] {processor.py:830} INFO - Processing file /opt/airflow/dags/dbt.py for tasks to queue
[2026-03-15T03:07:20.159+0000] {logging_mixin.py:188} INFO - [2026-03-15T03:07:20.158+0000] {dagbag.py:545} INFO - Filling up the DagBag from /opt/airflow/dags/dbt.py
[2026-03-15T03:07:20.173+0000] {logging_mixin.py:188} INFO - [2026-03-15T03:07:20.172+0000] {dagbag.py:355} ERROR - Failed to import: /opt/airflow/dags/dbt.py
Traceback (most recent call last):
  File "/home/airflow/.local/lib/python3.12/site-packages/airflow/models/dagbag.py", line 351, in parse
    loader.exec_module(new_module)
  File "<frozen importlib._bootstrap_external>", line 995, in exec_module
  File "<frozen importlib._bootstrap>", line 488, in _call_with_frames_removed
  File "/opt/airflow/dags/dbt.py", line 2, in <module>
    from airflow.providers.standard.operators.bash import BashOperator
ModuleNotFoundError: No module named 'airflow.providers.standard'
[2026-03-15T03:07:20.173+0000] {processor.py:842} WARNING - No viable dags retrieved from /opt/airflow/dags/dbt.py
[2026-03-15T03:07:20.219+0000] {processor.py:183} INFO - Processing /opt/airflow/dags/dbt.py took 0.096 seconds
[2026-03-15T03:07:50.553+0000] {processor.py:161} INFO - Started process (PID=3418) to work on /opt/airflow/dags/dbt.py
[2026-03-15T03:07:50.555+0000] {processor.py:830} INFO - Processing file /opt/airflow/dags/dbt.py for tasks to queue
[2026-03-15T03:07:50.560+0000] {logging_mixin.py:188} INFO - [2026-03-15T03:07:50.559+0000] {dagbag.py:545} INFO - Filling up the DagBag from /opt/airflow/dags/dbt.py
[2026-03-15T03:07:50.572+0000] {logging_mixin.py:188} INFO - [2026-03-15T03:07:50.567+0000] {dagbag.py:355} ERROR - Failed to import: /opt/airflow/dags/dbt.py
Traceback (most recent call last):
  File "/home/airflow/.local/lib/python3.12/site-packages/airflow/models/dagbag.py", line 351, in parse
    loader.exec_module(new_module)
  File "<frozen importlib._bootstrap_external>", line 995, in exec_module
  File "<frozen importlib._bootstrap>", line 488, in _call_with_frames_removed
  File "/opt/airflow/dags/dbt.py", line 2, in <module>
    from airflow.providers.standard.operators.bash import BashOperator
ModuleNotFoundError: No module named 'airflow.providers.standard'
[2026-03-15T03:07:50.573+0000] {processor.py:842} WARNING - No viable dags retrieved from /opt/airflow/dags/dbt.py
[2026-03-15T03:07:50.607+0000] {processor.py:183} INFO - Processing /opt/airflow/dags/dbt.py took 0.070 seconds
[2026-03-15T03:08:21.103+0000] {processor.py:161} INFO - Started process (PID=3420) to work on /opt/airflow/dags/dbt.py
[2026-03-15T03:08:21.105+0000] {processor.py:830} INFO - Processing file /opt/airflow/dags/dbt.py for tasks to queue
[2026-03-15T03:08:21.108+0000] {logging_mixin.py:188} INFO - [2026-03-15T03:08:21.107+0000] {dagbag.py:545} INFO - Filling up the DagBag from /opt/airflow/dags/dbt.py
[2026-03-15T03:08:21.122+0000] {logging_mixin.py:188} INFO - [2026-03-15T03:08:21.118+0000] {dagbag.py:355} ERROR - Failed to import: /opt/airflow/dags/dbt.py
Traceback (most recent call last):
  File "/home/airflow/.local/lib/python3.12/site-packages/airflow/models/dagbag.py", line 351, in parse
    loader.exec_module(new_module)
  File "<frozen importlib._bootstrap_external>", line 995, in exec_module
  File "<frozen importlib._bootstrap>", line 488, in _call_with_frames_removed
  File "/opt/airflow/dags/dbt.py", line 2, in <module>
    from airflow.providers.standard.operators.bash import BashOperator
ModuleNotFoundError: No module named 'airflow.providers.standard'
[2026-03-15T03:08:21.123+0000] {processor.py:842} WARNING - No viable dags retrieved from /opt/airflow/dags/dbt.py
[2026-03-15T03:08:21.165+0000] {processor.py:183} INFO - Processing /opt/airflow/dags/dbt.py took 0.091 seconds
[2026-03-15T03:08:51.616+0000] {processor.py:161} INFO - Started process (PID=3422) to work on /opt/airflow/dags/dbt.py
[2026-03-15T03:08:51.619+0000] {processor.py:830} INFO - Processing file /opt/airflow/dags/dbt.py for tasks to queue
[2026-03-15T03:08:51.626+0000] {logging_mixin.py:188} INFO - [2026-03-15T03:08:51.625+0000] {dagbag.py:545} INFO - Filling up the DagBag from /opt/airflow/dags/dbt.py
[2026-03-15T03:08:51.638+0000] {logging_mixin.py:188} INFO - [2026-03-15T03:08:51.634+0000] {dagbag.py:355} ERROR - Failed to import: /opt/airflow/dags/dbt.py
Traceback (most recent call last):
  File "/home/airflow/.local/lib/python3.12/site-packages/airflow/models/dagbag.py", line 351, in parse
    loader.exec_module(new_module)
  File "<frozen importlib._bootstrap_external>", line 995, in exec_module
  File "<frozen importlib._bootstrap>", line 488, in _call_with_frames_removed
  File "/opt/airflow/dags/dbt.py", line 2, in <module>
    from airflow.providers.standard.operators.bash import BashOperator
ModuleNotFoundError: No module named 'airflow.providers.standard'
[2026-03-15T03:08:51.639+0000] {processor.py:842} WARNING - No viable dags retrieved from /opt/airflow/dags/dbt.py
[2026-03-15T03:08:51.676+0000] {processor.py:183} INFO - Processing /opt/airflow/dags/dbt.py took 0.083 seconds
[2026-03-15T03:09:22.125+0000] {processor.py:161} INFO - Started process (PID=3424) to work on /opt/airflow/dags/dbt.py
[2026-03-15T03:09:22.128+0000] {processor.py:830} INFO - Processing file /opt/airflow/dags/dbt.py for tasks to queue
[2026-03-15T03:09:22.136+0000] {logging_mixin.py:188} INFO - [2026-03-15T03:09:22.135+0000] {dagbag.py:545} INFO - Filling up the DagBag from /opt/airflow/dags/dbt.py
[2026-03-15T03:09:22.146+0000] {logging_mixin.py:188} INFO - [2026-03-15T03:09:22.142+0000] {dagbag.py:355} ERROR - Failed to import: /opt/airflow/dags/dbt.py
Traceback (most recent call last):
  File "/home/airflow/.local/lib/python3.12/site-packages/airflow/models/dagbag.py", line 351, in parse
    loader.exec_module(new_module)
  File "<frozen importlib._bootstrap_external>", line 995, in exec_module
  File "<frozen importlib._bootstrap>", line 488, in _call_with_frames_removed
  File "/opt/airflow/dags/dbt.py", line 2, in <module>
    from airflow.providers.standard.operators.bash import BashOperator
ModuleNotFoundError: No module named 'airflow.providers.standard'
[2026-03-15T03:09:22.146+0000] {processor.py:842} WARNING - No viable dags retrieved from /opt/airflow/dags/dbt.py
[2026-03-15T03:09:22.186+0000] {processor.py:183} INFO - Processing /opt/airflow/dags/dbt.py took 0.083 seconds
[2026-03-15T03:09:52.649+0000] {processor.py:161} INFO - Started process (PID=3426) to work on /opt/airflow/dags/dbt.py
[2026-03-15T03:09:52.654+0000] {processor.py:830} INFO - Processing file /opt/airflow/dags/dbt.py for tasks to queue
[2026-03-15T03:09:52.658+0000] {logging_mixin.py:188} INFO - [2026-03-15T03:09:52.658+0000] {dagbag.py:545} INFO - Filling up the DagBag from /opt/airflow/dags/dbt.py
[2026-03-15T03:09:52.667+0000] {logging_mixin.py:188} INFO - [2026-03-15T03:09:52.665+0000] {dagbag.py:355} ERROR - Failed to import: /opt/airflow/dags/dbt.py
Traceback (most recent call last):
  File "/home/airflow/.local/lib/python3.12/site-packages/airflow/models/dagbag.py", line 351, in parse
    loader.exec_module(new_module)
  File "<frozen importlib._bootstrap_external>", line 995, in exec_module
  File "<frozen importlib._bootstrap>", line 488, in _call_with_frames_removed
  File "/opt/airflow/dags/dbt.py", line 2, in <module>
    from airflow.providers.standard.operators.bash import BashOperator
ModuleNotFoundError: No module named 'airflow.providers.standard'
[2026-03-15T03:09:52.668+0000] {processor.py:842} WARNING - No viable dags retrieved from /opt/airflow/dags/dbt.py
[2026-03-15T03:09:52.713+0000] {processor.py:183} INFO - Processing /opt/airflow/dags/dbt.py took 0.086 seconds
[2026-03-15T03:10:23.150+0000] {processor.py:161} INFO - Started process (PID=3428) to work on /opt/airflow/dags/dbt.py
[2026-03-15T03:10:23.152+0000] {processor.py:830} INFO - Processing file /opt/airflow/dags/dbt.py for tasks to queue
[2026-03-15T03:10:23.160+0000] {logging_mixin.py:188} INFO - [2026-03-15T03:10:23.159+0000] {dagbag.py:545} INFO - Filling up the DagBag from /opt/airflow/dags/dbt.py
[2026-03-15T03:10:23.170+0000] {logging_mixin.py:188} INFO - [2026-03-15T03:10:23.165+0000] {dagbag.py:355} ERROR - Failed to import: /opt/airflow/dags/dbt.py
Traceback (most recent call last):
  File "/home/airflow/.local/lib/python3.12/site-packages/airflow/models/dagbag.py", line 351, in parse
    loader.exec_module(new_module)
  File "<frozen importlib._bootstrap_external>", line 995, in exec_module
  File "<frozen importlib._bootstrap>", line 488, in _call_with_frames_removed
  File "/opt/airflow/dags/dbt.py", line 2, in <module>
    from airflow.providers.standard.operators.bash import BashOperator
ModuleNotFoundError: No module named 'airflow.providers.standard'
[2026-03-15T03:10:23.171+0000] {processor.py:842} WARNING - No viable dags retrieved from /opt/airflow/dags/dbt.py
[2026-03-15T03:10:23.210+0000] {processor.py:183} INFO - Processing /opt/airflow/dags/dbt.py took 0.084 seconds
[2026-03-15T03:10:53.642+0000] {processor.py:161} INFO - Started process (PID=3430) to work on /opt/airflow/dags/dbt.py
[2026-03-15T03:10:53.643+0000] {processor.py:830} INFO - Processing file /opt/airflow/dags/dbt.py for tasks to queue
[2026-03-15T03:10:53.648+0000] {logging_mixin.py:188} INFO - [2026-03-15T03:10:53.648+0000] {dagbag.py:545} INFO - Filling up the DagBag from /opt/airflow/dags/dbt.py
[2026-03-15T03:10:53.656+0000] {logging_mixin.py:188} INFO - [2026-03-15T03:10:53.654+0000] {dagbag.py:355} ERROR - Failed to import: /opt/airflow/dags/dbt.py
Traceback (most recent call last):
  File "/home/airflow/.local/lib/python3.12/site-packages/airflow/models/dagbag.py", line 351, in parse
    loader.exec_module(new_module)
  File "<frozen importlib._bootstrap_external>", line 995, in exec_module
  File "<frozen importlib._bootstrap>", line 488, in _call_with_frames_removed
  File "/opt/airflow/dags/dbt.py", line 2, in <module>
    from airflow.providers.standard.operators.bash import BashOperator
ModuleNotFoundError: No module named 'airflow.providers.standard'
[2026-03-15T03:10:53.658+0000] {processor.py:842} WARNING - No viable dags retrieved from /opt/airflow/dags/dbt.py
[2026-03-15T03:10:53.684+0000] {processor.py:183} INFO - Processing /opt/airflow/dags/dbt.py took 0.057 seconds
[2026-03-15T03:11:24.131+0000] {processor.py:161} INFO - Started process (PID=3432) to work on /opt/airflow/dags/dbt.py
[2026-03-15T03:11:24.134+0000] {processor.py:830} INFO - Processing file /opt/airflow/dags/dbt.py for tasks to queue
[2026-03-15T03:11:24.143+0000] {logging_mixin.py:188} INFO - [2026-03-15T03:11:24.142+0000] {dagbag.py:545} INFO - Filling up the DagBag from /opt/airflow/dags/dbt.py
[2026-03-15T03:11:24.158+0000] {logging_mixin.py:188} INFO - [2026-03-15T03:11:24.155+0000] {dagbag.py:355} ERROR - Failed to import: /opt/airflow/dags/dbt.py
Traceback (most recent call last):
  File "/home/airflow/.local/lib/python3.12/site-packages/airflow/models/dagbag.py", line 351, in parse
    loader.exec_module(new_module)
  File "<frozen importlib._bootstrap_external>", line 995, in exec_module
  File "<frozen importlib._bootstrap>", line 488, in _call_with_frames_removed
  File "/opt/airflow/dags/dbt.py", line 2, in <module>
    from airflow.providers.standard.operators.bash import BashOperator
ModuleNotFoundError: No module named 'airflow.providers.standard'
[2026-03-15T03:11:24.159+0000] {processor.py:842} WARNING - No viable dags retrieved from /opt/airflow/dags/dbt.py
[2026-03-15T03:11:24.190+0000] {processor.py:183} INFO - Processing /opt/airflow/dags/dbt.py took 0.088 seconds
[2026-03-15T03:11:54.643+0000] {processor.py:161} INFO - Started process (PID=3434) to work on /opt/airflow/dags/dbt.py
[2026-03-15T03:11:54.646+0000] {processor.py:830} INFO - Processing file /opt/airflow/dags/dbt.py for tasks to queue
[2026-03-15T03:11:54.653+0000] {logging_mixin.py:188} INFO - [2026-03-15T03:11:54.652+0000] {dagbag.py:545} INFO - Filling up the DagBag from /opt/airflow/dags/dbt.py
[2026-03-15T03:11:54.668+0000] {logging_mixin.py:188} INFO - [2026-03-15T03:11:54.664+0000] {dagbag.py:355} ERROR - Failed to import: /opt/airflow/dags/dbt.py
Traceback (most recent call last):
  File "/home/airflow/.local/lib/python3.12/site-packages/airflow/models/dagbag.py", line 351, in parse
    loader.exec_module(new_module)
  File "<frozen importlib._bootstrap_external>", line 995, in exec_module
  File "<frozen importlib._bootstrap>", line 488, in _call_with_frames_removed
  File "/opt/airflow/dags/dbt.py", line 2, in <module>
    from airflow.providers.standard.operators.bash import BashOperator
ModuleNotFoundError: No module named 'airflow.providers.standard'
[2026-03-15T03:11:54.669+0000] {processor.py:842} WARNING - No viable dags retrieved from /opt/airflow/dags/dbt.py
[2026-03-15T03:11:54.703+0000] {processor.py:183} INFO - Processing /opt/airflow/dags/dbt.py took 0.079 seconds
[2026-03-15T03:12:25.204+0000] {processor.py:161} INFO - Started process (PID=3436) to work on /opt/airflow/dags/dbt.py
[2026-03-15T03:12:25.206+0000] {processor.py:830} INFO - Processing file /opt/airflow/dags/dbt.py for tasks to queue
[2026-03-15T03:12:25.215+0000] {logging_mixin.py:188} INFO - [2026-03-15T03:12:25.212+0000] {dagbag.py:545} INFO - Filling up the DagBag from /opt/airflow/dags/dbt.py
[2026-03-15T03:12:25.225+0000] {logging_mixin.py:188} INFO - [2026-03-15T03:12:25.221+0000] {dagbag.py:355} ERROR - Failed to import: /opt/airflow/dags/dbt.py
Traceback (most recent call last):
  File "/home/airflow/.local/lib/python3.12/site-packages/airflow/models/dagbag.py", line 351, in parse
    loader.exec_module(new_module)
  File "<frozen importlib._bootstrap_external>", line 995, in exec_module
  File "<frozen importlib._bootstrap>", line 488, in _call_with_frames_removed
  File "/opt/airflow/dags/dbt.py", line 2, in <module>
    from airflow.providers.standard.operators.bash import BashOperator
ModuleNotFoundError: No module named 'airflow.providers.standard'
[2026-03-15T03:12:25.227+0000] {processor.py:842} WARNING - No viable dags retrieved from /opt/airflow/dags/dbt.py
[2026-03-15T03:12:25.266+0000] {processor.py:183} INFO - Processing /opt/airflow/dags/dbt.py took 0.090 seconds
[2026-03-15T03:12:55.666+0000] {processor.py:161} INFO - Started process (PID=3438) to work on /opt/airflow/dags/dbt.py
[2026-03-15T03:12:55.669+0000] {processor.py:830} INFO - Processing file /opt/airflow/dags/dbt.py for tasks to queue
[2026-03-15T03:12:55.680+0000] {logging_mixin.py:188} INFO - [2026-03-15T03:12:55.679+0000] {dagbag.py:545} INFO - Filling up the DagBag from /opt/airflow/dags/dbt.py
[2026-03-15T03:12:55.699+0000] {logging_mixin.py:188} INFO - [2026-03-15T03:12:55.691+0000] {dagbag.py:355} ERROR - Failed to import: /opt/airflow/dags/dbt.py
Traceback (most recent call last):
  File "/home/airflow/.local/lib/python3.12/site-packages/airflow/models/dagbag.py", line 351, in parse
    loader.exec_module(new_module)
  File "<frozen importlib._bootstrap_external>", line 995, in exec_module
  File "<frozen importlib._bootstrap>", line 488, in _call_with_frames_removed
  File "/opt/airflow/dags/dbt.py", line 2, in <module>
    from airflow.providers.standard.operators.bash import BashOperator
ModuleNotFoundError: No module named 'airflow.providers.standard'
[2026-03-15T03:12:55.700+0000] {processor.py:842} WARNING - No viable dags retrieved from /opt/airflow/dags/dbt.py
[2026-03-15T03:12:55.769+0000] {processor.py:183} INFO - Processing /opt/airflow/dags/dbt.py took 0.123 seconds
[2026-03-15T03:13:26.229+0000] {processor.py:161} INFO - Started process (PID=3440) to work on /opt/airflow/dags/dbt.py
[2026-03-15T03:13:26.231+0000] {processor.py:830} INFO - Processing file /opt/airflow/dags/dbt.py for tasks to queue
[2026-03-15T03:13:26.242+0000] {logging_mixin.py:188} INFO - [2026-03-15T03:13:26.241+0000] {dagbag.py:545} INFO - Filling up the DagBag from /opt/airflow/dags/dbt.py
[2026-03-15T03:13:26.259+0000] {logging_mixin.py:188} INFO - [2026-03-15T03:13:26.250+0000] {dagbag.py:355} ERROR - Failed to import: /opt/airflow/dags/dbt.py
Traceback (most recent call last):
  File "/home/airflow/.local/lib/python3.12/site-packages/airflow/models/dagbag.py", line 351, in parse
    loader.exec_module(new_module)
  File "<frozen importlib._bootstrap_external>", line 995, in exec_module
  File "<frozen importlib._bootstrap>", line 488, in _call_with_frames_removed
  File "/opt/airflow/dags/dbt.py", line 2, in <module>
    from airflow.providers.standard.operators.bash import BashOperator
ModuleNotFoundError: No module named 'airflow.providers.standard'
[2026-03-15T03:13:26.260+0000] {processor.py:842} WARNING - No viable dags retrieved from /opt/airflow/dags/dbt.py
[2026-03-15T03:13:26.303+0000] {processor.py:183} INFO - Processing /opt/airflow/dags/dbt.py took 0.106 seconds
[2026-03-15T03:13:56.741+0000] {processor.py:161} INFO - Started process (PID=3442) to work on /opt/airflow/dags/dbt.py
[2026-03-15T03:13:56.744+0000] {processor.py:830} INFO - Processing file /opt/airflow/dags/dbt.py for tasks to queue
[2026-03-15T03:13:56.753+0000] {logging_mixin.py:188} INFO - [2026-03-15T03:13:56.752+0000] {dagbag.py:545} INFO - Filling up the DagBag from /opt/airflow/dags/dbt.py
[2026-03-15T03:13:56.767+0000] {logging_mixin.py:188} INFO - [2026-03-15T03:13:56.761+0000] {dagbag.py:355} ERROR - Failed to import: /opt/airflow/dags/dbt.py
Traceback (most recent call last):
  File "/home/airflow/.local/lib/python3.12/site-packages/airflow/models/dagbag.py", line 351, in parse
    loader.exec_module(new_module)
  File "<frozen importlib._bootstrap_external>", line 995, in exec_module
  File "<frozen importlib._bootstrap>", line 488, in _call_with_frames_removed
  File "/opt/airflow/dags/dbt.py", line 2, in <module>
    from airflow.providers.standard.operators.bash import BashOperator
ModuleNotFoundError: No module named 'airflow.providers.standard'
[2026-03-15T03:13:56.767+0000] {processor.py:842} WARNING - No viable dags retrieved from /opt/airflow/dags/dbt.py
[2026-03-15T03:13:56.807+0000] {processor.py:183} INFO - Processing /opt/airflow/dags/dbt.py took 0.090 seconds
[2026-03-15T03:14:27.310+0000] {processor.py:161} INFO - Started process (PID=3444) to work on /opt/airflow/dags/dbt.py
[2026-03-15T03:14:27.314+0000] {processor.py:830} INFO - Processing file /opt/airflow/dags/dbt.py for tasks to queue
[2026-03-15T03:14:27.327+0000] {logging_mixin.py:188} INFO - [2026-03-15T03:14:27.326+0000] {dagbag.py:545} INFO - Filling up the DagBag from /opt/airflow/dags/dbt.py
[2026-03-15T03:14:27.337+0000] {logging_mixin.py:188} INFO - [2026-03-15T03:14:27.333+0000] {dagbag.py:355} ERROR - Failed to import: /opt/airflow/dags/dbt.py
Traceback (most recent call last):
  File "/home/airflow/.local/lib/python3.12/site-packages/airflow/models/dagbag.py", line 351, in parse
    loader.exec_module(new_module)
  File "<frozen importlib._bootstrap_external>", line 995, in exec_module
  File "<frozen importlib._bootstrap>", line 488, in _call_with_frames_removed
  File "/opt/airflow/dags/dbt.py", line 2, in <module>
    from airflow.providers.standard.operators.bash import BashOperator
ModuleNotFoundError: No module named 'airflow.providers.standard'
[2026-03-15T03:14:27.337+0000] {processor.py:842} WARNING - No viable dags retrieved from /opt/airflow/dags/dbt.py
[2026-03-15T03:14:27.369+0000] {processor.py:183} INFO - Processing /opt/airflow/dags/dbt.py took 0.084 seconds
[2026-03-15T03:14:57.852+0000] {processor.py:161} INFO - Started process (PID=3446) to work on /opt/airflow/dags/dbt.py
[2026-03-15T03:14:57.855+0000] {processor.py:830} INFO - Processing file /opt/airflow/dags/dbt.py for tasks to queue
[2026-03-15T03:14:57.867+0000] {logging_mixin.py:188} INFO - [2026-03-15T03:14:57.867+0000] {dagbag.py:545} INFO - Filling up the DagBag from /opt/airflow/dags/dbt.py
[2026-03-15T03:14:57.876+0000] {logging_mixin.py:188} INFO - [2026-03-15T03:14:57.874+0000] {dagbag.py:355} ERROR - Failed to import: /opt/airflow/dags/dbt.py
Traceback (most recent call last):
  File "/home/airflow/.local/lib/python3.12/site-packages/airflow/models/dagbag.py", line 351, in parse
    loader.exec_module(new_module)
  File "<frozen importlib._bootstrap_external>", line 995, in exec_module
  File "<frozen importlib._bootstrap>", line 488, in _call_with_frames_removed
  File "/opt/airflow/dags/dbt.py", line 2, in <module>
    from airflow.providers.standard.operators.bash import BashOperator
ModuleNotFoundError: No module named 'airflow.providers.standard'
[2026-03-15T03:14:57.877+0000] {processor.py:842} WARNING - No viable dags retrieved from /opt/airflow/dags/dbt.py
[2026-03-15T03:14:57.918+0000] {processor.py:183} INFO - Processing /opt/airflow/dags/dbt.py took 0.090 seconds
[2026-03-15T03:15:28.386+0000] {processor.py:161} INFO - Started process (PID=3448) to work on /opt/airflow/dags/dbt.py
[2026-03-15T03:15:28.389+0000] {processor.py:830} INFO - Processing file /opt/airflow/dags/dbt.py for tasks to queue
[2026-03-15T03:15:28.399+0000] {logging_mixin.py:188} INFO - [2026-03-15T03:15:28.398+0000] {dagbag.py:545} INFO - Filling up the DagBag from /opt/airflow/dags/dbt.py
[2026-03-15T03:15:28.409+0000] {logging_mixin.py:188} INFO - [2026-03-15T03:15:28.407+0000] {dagbag.py:355} ERROR - Failed to import: /opt/airflow/dags/dbt.py
Traceback (most recent call last):
  File "/home/airflow/.local/lib/python3.12/site-packages/airflow/models/dagbag.py", line 351, in parse
    loader.exec_module(new_module)
  File "<frozen importlib._bootstrap_external>", line 995, in exec_module
  File "<frozen importlib._bootstrap>", line 488, in _call_with_frames_removed
  File "/opt/airflow/dags/dbt.py", line 2, in <module>
    from airflow.providers.standard.operators.bash import BashOperator
ModuleNotFoundError: No module named 'airflow.providers.standard'
[2026-03-15T03:15:28.409+0000] {processor.py:842} WARNING - No viable dags retrieved from /opt/airflow/dags/dbt.py
[2026-03-15T03:15:28.440+0000] {processor.py:183} INFO - Processing /opt/airflow/dags/dbt.py took 0.079 seconds
[2026-03-15T03:15:58.874+0000] {processor.py:161} INFO - Started process (PID=3450) to work on /opt/airflow/dags/dbt.py
[2026-03-15T03:15:58.877+0000] {processor.py:830} INFO - Processing file /opt/airflow/dags/dbt.py for tasks to queue
[2026-03-15T03:15:58.886+0000] {logging_mixin.py:188} INFO - [2026-03-15T03:15:58.885+0000] {dagbag.py:545} INFO - Filling up the DagBag from /opt/airflow/dags/dbt.py
[2026-03-15T03:15:58.898+0000] {logging_mixin.py:188} INFO - [2026-03-15T03:15:58.893+0000] {dagbag.py:355} ERROR - Failed to import: /opt/airflow/dags/dbt.py
Traceback (most recent call last):
  File "/home/airflow/.local/lib/python3.12/site-packages/airflow/models/dagbag.py", line 351, in parse
    loader.exec_module(new_module)
  File "<frozen importlib._bootstrap_external>", line 995, in exec_module
  File "<frozen importlib._bootstrap>", line 488, in _call_with_frames_removed
  File "/opt/airflow/dags/dbt.py", line 2, in <module>
    from airflow.providers.standard.operators.bash import BashOperator
ModuleNotFoundError: No module named 'airflow.providers.standard'
[2026-03-15T03:15:58.901+0000] {processor.py:842} WARNING - No viable dags retrieved from /opt/airflow/dags/dbt.py
[2026-03-15T03:15:58.940+0000] {processor.py:183} INFO - Processing /opt/airflow/dags/dbt.py took 0.087 seconds
[2026-03-15T03:16:29.341+0000] {processor.py:161} INFO - Started process (PID=3452) to work on /opt/airflow/dags/dbt.py
[2026-03-15T03:16:29.343+0000] {processor.py:830} INFO - Processing file /opt/airflow/dags/dbt.py for tasks to queue
[2026-03-15T03:16:29.355+0000] {logging_mixin.py:188} INFO - [2026-03-15T03:16:29.354+0000] {dagbag.py:545} INFO - Filling up the DagBag from /opt/airflow/dags/dbt.py
[2026-03-15T03:16:29.369+0000] {logging_mixin.py:188} INFO - [2026-03-15T03:16:29.366+0000] {dagbag.py:355} ERROR - Failed to import: /opt/airflow/dags/dbt.py
Traceback (most recent call last):
  File "/home/airflow/.local/lib/python3.12/site-packages/airflow/models/dagbag.py", line 351, in parse
    loader.exec_module(new_module)
  File "<frozen importlib._bootstrap_external>", line 995, in exec_module
  File "<frozen importlib._bootstrap>", line 488, in _call_with_frames_removed
  File "/opt/airflow/dags/dbt.py", line 2, in <module>
    from airflow.providers.standard.operators.bash import BashOperator
ModuleNotFoundError: No module named 'airflow.providers.standard'
[2026-03-15T03:16:29.370+0000] {processor.py:842} WARNING - No viable dags retrieved from /opt/airflow/dags/dbt.py
[2026-03-15T03:16:29.402+0000] {processor.py:183} INFO - Processing /opt/airflow/dags/dbt.py took 0.092 seconds
[2026-03-15T03:16:59.843+0000] {processor.py:161} INFO - Started process (PID=3454) to work on /opt/airflow/dags/dbt.py
[2026-03-15T03:16:59.846+0000] {processor.py:830} INFO - Processing file /opt/airflow/dags/dbt.py for tasks to queue
[2026-03-15T03:16:59.854+0000] {logging_mixin.py:188} INFO - [2026-03-15T03:16:59.853+0000] {dagbag.py:545} INFO - Filling up the DagBag from /opt/airflow/dags/dbt.py
[2026-03-15T03:16:59.869+0000] {logging_mixin.py:188} INFO - [2026-03-15T03:16:59.865+0000] {dagbag.py:355} ERROR - Failed to import: /opt/airflow/dags/dbt.py
Traceback (most recent call last):
  File "/home/airflow/.local/lib/python3.12/site-packages/airflow/models/dagbag.py", line 351, in parse
    loader.exec_module(new_module)
  File "<frozen importlib._bootstrap_external>", line 995, in exec_module
  File "<frozen importlib._bootstrap>", line 488, in _call_with_frames_removed
  File "/opt/airflow/dags/dbt.py", line 2, in <module>
    from airflow.providers.standard.operators.bash import BashOperator
ModuleNotFoundError: No module named 'airflow.providers.standard'
[2026-03-15T03:16:59.873+0000] {processor.py:842} WARNING - No viable dags retrieved from /opt/airflow/dags/dbt.py
[2026-03-15T03:16:59.911+0000] {processor.py:183} INFO - Processing /opt/airflow/dags/dbt.py took 0.090 seconds
[2026-03-15T03:17:30.449+0000] {processor.py:161} INFO - Started process (PID=3456) to work on /opt/airflow/dags/dbt.py
[2026-03-15T03:17:30.450+0000] {processor.py:830} INFO - Processing file /opt/airflow/dags/dbt.py for tasks to queue
[2026-03-15T03:17:30.454+0000] {logging_mixin.py:188} INFO - [2026-03-15T03:17:30.454+0000] {dagbag.py:545} INFO - Filling up the DagBag from /opt/airflow/dags/dbt.py
[2026-03-15T03:17:30.464+0000] {logging_mixin.py:188} INFO - [2026-03-15T03:17:30.460+0000] {dagbag.py:355} ERROR - Failed to import: /opt/airflow/dags/dbt.py
Traceback (most recent call last):
  File "/home/airflow/.local/lib/python3.12/site-packages/airflow/models/dagbag.py", line 351, in parse
    loader.exec_module(new_module)
  File "<frozen importlib._bootstrap_external>", line 995, in exec_module
  File "<frozen importlib._bootstrap>", line 488, in _call_with_frames_removed
  File "/opt/airflow/dags/dbt.py", line 2, in <module>
    from airflow.providers.standard.operators.bash import BashOperator
ModuleNotFoundError: No module named 'airflow.providers.standard'
[2026-03-15T03:17:30.466+0000] {processor.py:842} WARNING - No viable dags retrieved from /opt/airflow/dags/dbt.py
[2026-03-15T03:17:30.501+0000] {processor.py:183} INFO - Processing /opt/airflow/dags/dbt.py took 0.093 seconds
[2026-03-15T03:18:00.921+0000] {processor.py:161} INFO - Started process (PID=3458) to work on /opt/airflow/dags/dbt.py
[2026-03-15T03:18:00.924+0000] {processor.py:830} INFO - Processing file /opt/airflow/dags/dbt.py for tasks to queue
[2026-03-15T03:18:00.933+0000] {logging_mixin.py:188} INFO - [2026-03-15T03:18:00.932+0000] {dagbag.py:545} INFO - Filling up the DagBag from /opt/airflow/dags/dbt.py
[2026-03-15T03:18:00.943+0000] {logging_mixin.py:188} INFO - [2026-03-15T03:18:00.940+0000] {dagbag.py:355} ERROR - Failed to import: /opt/airflow/dags/dbt.py
Traceback (most recent call last):
  File "/home/airflow/.local/lib/python3.12/site-packages/airflow/models/dagbag.py", line 351, in parse
    loader.exec_module(new_module)
  File "<frozen importlib._bootstrap_external>", line 995, in exec_module
  File "<frozen importlib._bootstrap>", line 488, in _call_with_frames_removed
  File "/opt/airflow/dags/dbt.py", line 2, in <module>
    from airflow.providers.standard.operators.bash import BashOperator
ModuleNotFoundError: No module named 'airflow.providers.standard'
[2026-03-15T03:18:00.943+0000] {processor.py:842} WARNING - No viable dags retrieved from /opt/airflow/dags/dbt.py
[2026-03-15T03:18:00.975+0000] {processor.py:183} INFO - Processing /opt/airflow/dags/dbt.py took 0.084 seconds
[2026-03-15T03:18:31.422+0000] {processor.py:161} INFO - Started process (PID=3460) to work on /opt/airflow/dags/dbt.py
[2026-03-15T03:18:31.425+0000] {processor.py:830} INFO - Processing file /opt/airflow/dags/dbt.py for tasks to queue
[2026-03-15T03:18:31.429+0000] {logging_mixin.py:188} INFO - [2026-03-15T03:18:31.429+0000] {dagbag.py:545} INFO - Filling up the DagBag from /opt/airflow/dags/dbt.py
[2026-03-15T03:18:31.441+0000] {logging_mixin.py:188} INFO - [2026-03-15T03:18:31.437+0000] {dagbag.py:355} ERROR - Failed to import: /opt/airflow/dags/dbt.py
Traceback (most recent call last):
  File "/home/airflow/.local/lib/python3.12/site-packages/airflow/models/dagbag.py", line 351, in parse
    loader.exec_module(new_module)
  File "<frozen importlib._bootstrap_external>", line 995, in exec_module
  File "<frozen importlib._bootstrap>", line 488, in _call_with_frames_removed
  File "/opt/airflow/dags/dbt.py", line 2, in <module>
    from airflow.providers.standard.operators.bash import BashOperator
ModuleNotFoundError: No module named 'airflow.providers.standard'
[2026-03-15T03:18:31.442+0000] {processor.py:842} WARNING - No viable dags retrieved from /opt/airflow/dags/dbt.py
[2026-03-15T03:18:31.471+0000] {processor.py:183} INFO - Processing /opt/airflow/dags/dbt.py took 0.066 seconds
[2026-03-15T03:19:01.930+0000] {processor.py:161} INFO - Started process (PID=3462) to work on /opt/airflow/dags/dbt.py
[2026-03-15T03:19:01.932+0000] {processor.py:830} INFO - Processing file /opt/airflow/dags/dbt.py for tasks to queue
[2026-03-15T03:19:01.941+0000] {logging_mixin.py:188} INFO - [2026-03-15T03:19:01.940+0000] {dagbag.py:545} INFO - Filling up the DagBag from /opt/airflow/dags/dbt.py
[2026-03-15T03:19:01.952+0000] {logging_mixin.py:188} INFO - [2026-03-15T03:19:01.948+0000] {dagbag.py:355} ERROR - Failed to import: /opt/airflow/dags/dbt.py
Traceback (most recent call last):
  File "/home/airflow/.local/lib/python3.12/site-packages/airflow/models/dagbag.py", line 351, in parse
    loader.exec_module(new_module)
  File "<frozen importlib._bootstrap_external>", line 995, in exec_module
  File "<frozen importlib._bootstrap>", line 488, in _call_with_frames_removed
  File "/opt/airflow/dags/dbt.py", line 2, in <module>
    from airflow.providers.standard.operators.bash import BashOperator
ModuleNotFoundError: No module named 'airflow.providers.standard'
[2026-03-15T03:19:01.954+0000] {processor.py:842} WARNING - No viable dags retrieved from /opt/airflow/dags/dbt.py
[2026-03-15T03:19:01.996+0000] {processor.py:183} INFO - Processing /opt/airflow/dags/dbt.py took 0.091 seconds
[2026-03-15T03:19:32.481+0000] {processor.py:161} INFO - Started process (PID=3464) to work on /opt/airflow/dags/dbt.py
[2026-03-15T03:19:32.485+0000] {processor.py:830} INFO - Processing file /opt/airflow/dags/dbt.py for tasks to queue
[2026-03-15T03:19:32.496+0000] {logging_mixin.py:188} INFO - [2026-03-15T03:19:32.496+0000] {dagbag.py:545} INFO - Filling up the DagBag from /opt/airflow/dags/dbt.py
[2026-03-15T03:19:32.505+0000] {logging_mixin.py:188} INFO - [2026-03-15T03:19:32.502+0000] {dagbag.py:355} ERROR - Failed to import: /opt/airflow/dags/dbt.py
Traceback (most recent call last):
  File "/home/airflow/.local/lib/python3.12/site-packages/airflow/models/dagbag.py", line 351, in parse
    loader.exec_module(new_module)
  File "<frozen importlib._bootstrap_external>", line 995, in exec_module
  File "<frozen importlib._bootstrap>", line 488, in _call_with_frames_removed
  File "/opt/airflow/dags/dbt.py", line 2, in <module>
    from airflow.providers.standard.operators.bash import BashOperator
ModuleNotFoundError: No module named 'airflow.providers.standard'
[2026-03-15T03:19:32.506+0000] {processor.py:842} WARNING - No viable dags retrieved from /opt/airflow/dags/dbt.py
[2026-03-15T03:19:32.546+0000] {processor.py:183} INFO - Processing /opt/airflow/dags/dbt.py took 0.092 seconds
[2026-03-15T03:20:03.018+0000] {processor.py:161} INFO - Started process (PID=3466) to work on /opt/airflow/dags/dbt.py
[2026-03-15T03:20:03.020+0000] {processor.py:830} INFO - Processing file /opt/airflow/dags/dbt.py for tasks to queue
[2026-03-15T03:20:03.027+0000] {logging_mixin.py:188} INFO - [2026-03-15T03:20:03.025+0000] {dagbag.py:545} INFO - Filling up the DagBag from /opt/airflow/dags/dbt.py
[2026-03-15T03:20:03.038+0000] {logging_mixin.py:188} INFO - [2026-03-15T03:20:03.036+0000] {dagbag.py:355} ERROR - Failed to import: /opt/airflow/dags/dbt.py
Traceback (most recent call last):
  File "/home/airflow/.local/lib/python3.12/site-packages/airflow/models/dagbag.py", line 351, in parse
    loader.exec_module(new_module)
  File "<frozen importlib._bootstrap_external>", line 995, in exec_module
  File "<frozen importlib._bootstrap>", line 488, in _call_with_frames_removed
  File "/opt/airflow/dags/dbt.py", line 2, in <module>
    from airflow.providers.standard.operators.bash import BashOperator
ModuleNotFoundError: No module named 'airflow.providers.standard'
[2026-03-15T03:20:03.038+0000] {processor.py:842} WARNING - No viable dags retrieved from /opt/airflow/dags/dbt.py
[2026-03-15T03:20:03.072+0000] {processor.py:183} INFO - Processing /opt/airflow/dags/dbt.py took 0.080 seconds
[2026-03-15T03:20:33.596+0000] {processor.py:161} INFO - Started process (PID=3468) to work on /opt/airflow/dags/dbt.py
[2026-03-15T03:20:33.600+0000] {processor.py:830} INFO - Processing file /opt/airflow/dags/dbt.py for tasks to queue
[2026-03-15T03:20:33.609+0000] {logging_mixin.py:188} INFO - [2026-03-15T03:20:33.609+0000] {dagbag.py:545} INFO - Filling up the DagBag from /opt/airflow/dags/dbt.py
[2026-03-15T03:20:33.625+0000] {logging_mixin.py:188} INFO - [2026-03-15T03:20:33.618+0000] {dagbag.py:355} ERROR - Failed to import: /opt/airflow/dags/dbt.py
Traceback (most recent call last):
  File "/home/airflow/.local/lib/python3.12/site-packages/airflow/models/dagbag.py", line 351, in parse
    loader.exec_module(new_module)
  File "<frozen importlib._bootstrap_external>", line 995, in exec_module
  File "<frozen importlib._bootstrap>", line 488, in _call_with_frames_removed
  File "/opt/airflow/dags/dbt.py", line 2, in <module>
    from airflow.providers.standard.operators.bash import BashOperator
ModuleNotFoundError: No module named 'airflow.providers.standard'
[2026-03-15T03:20:33.626+0000] {processor.py:842} WARNING - No viable dags retrieved from /opt/airflow/dags/dbt.py
[2026-03-15T03:20:33.670+0000] {processor.py:183} INFO - Processing /opt/airflow/dags/dbt.py took 0.094 seconds
[2026-03-15T03:21:04.113+0000] {processor.py:161} INFO - Started process (PID=3470) to work on /opt/airflow/dags/dbt.py
[2026-03-15T03:21:04.117+0000] {processor.py:830} INFO - Processing file /opt/airflow/dags/dbt.py for tasks to queue
[2026-03-15T03:21:04.124+0000] {logging_mixin.py:188} INFO - [2026-03-15T03:21:04.122+0000] {dagbag.py:545} INFO - Filling up the DagBag from /opt/airflow/dags/dbt.py
[2026-03-15T03:21:04.139+0000] {logging_mixin.py:188} INFO - [2026-03-15T03:21:04.134+0000] {dagbag.py:355} ERROR - Failed to import: /opt/airflow/dags/dbt.py
Traceback (most recent call last):
  File "/home/airflow/.local/lib/python3.12/site-packages/airflow/models/dagbag.py", line 351, in parse
    loader.exec_module(new_module)
  File "<frozen importlib._bootstrap_external>", line 995, in exec_module
  File "<frozen importlib._bootstrap>", line 488, in _call_with_frames_removed
  File "/opt/airflow/dags/dbt.py", line 2, in <module>
    from airflow.providers.standard.operators.bash import BashOperator
ModuleNotFoundError: No module named 'airflow.providers.standard'
[2026-03-15T03:21:04.141+0000] {processor.py:842} WARNING - No viable dags retrieved from /opt/airflow/dags/dbt.py
[2026-03-15T03:21:04.182+0000] {processor.py:183} INFO - Processing /opt/airflow/dags/dbt.py took 0.095 seconds
[2026-03-15T03:21:34.693+0000] {processor.py:161} INFO - Started process (PID=3472) to work on /opt/airflow/dags/dbt.py
[2026-03-15T03:21:34.695+0000] {processor.py:830} INFO - Processing file /opt/airflow/dags/dbt.py for tasks to queue
[2026-03-15T03:21:34.705+0000] {logging_mixin.py:188} INFO - [2026-03-15T03:21:34.704+0000] {dagbag.py:545} INFO - Filling up the DagBag from /opt/airflow/dags/dbt.py
[2026-03-15T03:21:34.716+0000] {logging_mixin.py:188} INFO - [2026-03-15T03:21:34.712+0000] {dagbag.py:355} ERROR - Failed to import: /opt/airflow/dags/dbt.py
Traceback (most recent call last):
  File "/home/airflow/.local/lib/python3.12/site-packages/airflow/models/dagbag.py", line 351, in parse
    loader.exec_module(new_module)
  File "<frozen importlib._bootstrap_external>", line 995, in exec_module
  File "<frozen importlib._bootstrap>", line 488, in _call_with_frames_removed
  File "/opt/airflow/dags/dbt.py", line 2, in <module>
    from airflow.providers.standard.operators.bash import BashOperator
ModuleNotFoundError: No module named 'airflow.providers.standard'
[2026-03-15T03:21:34.717+0000] {processor.py:842} WARNING - No viable dags retrieved from /opt/airflow/dags/dbt.py
[2026-03-15T03:21:34.751+0000] {processor.py:183} INFO - Processing /opt/airflow/dags/dbt.py took 0.079 seconds
[2026-03-15T03:22:05.229+0000] {processor.py:161} INFO - Started process (PID=3474) to work on /opt/airflow/dags/dbt.py
[2026-03-15T03:22:05.230+0000] {processor.py:830} INFO - Processing file /opt/airflow/dags/dbt.py for tasks to queue
[2026-03-15T03:22:05.234+0000] {logging_mixin.py:188} INFO - [2026-03-15T03:22:05.234+0000] {dagbag.py:545} INFO - Filling up the DagBag from /opt/airflow/dags/dbt.py
[2026-03-15T03:22:05.246+0000] {logging_mixin.py:188} INFO - [2026-03-15T03:22:05.243+0000] {dagbag.py:355} ERROR - Failed to import: /opt/airflow/dags/dbt.py
Traceback (most recent call last):
  File "/home/airflow/.local/lib/python3.12/site-packages/airflow/models/dagbag.py", line 351, in parse
    loader.exec_module(new_module)
  File "<frozen importlib._bootstrap_external>", line 995, in exec_module
  File "<frozen importlib._bootstrap>", line 488, in _call_with_frames_removed
  File "/opt/airflow/dags/dbt.py", line 2, in <module>
    from airflow.providers.standard.operators.bash import BashOperator
ModuleNotFoundError: No module named 'airflow.providers.standard'
[2026-03-15T03:22:05.246+0000] {processor.py:842} WARNING - No viable dags retrieved from /opt/airflow/dags/dbt.py
[2026-03-15T03:22:05.286+0000] {processor.py:183} INFO - Processing /opt/airflow/dags/dbt.py took 0.083 seconds
[2026-03-15T03:22:35.807+0000] {processor.py:161} INFO - Started process (PID=3476) to work on /opt/airflow/dags/dbt.py
[2026-03-15T03:22:35.811+0000] {processor.py:830} INFO - Processing file /opt/airflow/dags/dbt.py for tasks to queue
[2026-03-15T03:22:35.817+0000] {logging_mixin.py:188} INFO - [2026-03-15T03:22:35.816+0000] {dagbag.py:545} INFO - Filling up the DagBag from /opt/airflow/dags/dbt.py
[2026-03-15T03:22:35.825+0000] {logging_mixin.py:188} INFO - [2026-03-15T03:22:35.824+0000] {dagbag.py:355} ERROR - Failed to import: /opt/airflow/dags/dbt.py
Traceback (most recent call last):
  File "/home/airflow/.local/lib/python3.12/site-packages/airflow/models/dagbag.py", line 351, in parse
    loader.exec_module(new_module)
  File "<frozen importlib._bootstrap_external>", line 995, in exec_module
  File "<frozen importlib._bootstrap>", line 488, in _call_with_frames_removed
  File "/opt/airflow/dags/dbt.py", line 2, in <module>
    from airflow.providers.standard.operators.bash import BashOperator
ModuleNotFoundError: No module named 'airflow.providers.standard'
[2026-03-15T03:22:35.826+0000] {processor.py:842} WARNING - No viable dags retrieved from /opt/airflow/dags/dbt.py
[2026-03-15T03:22:35.870+0000] {processor.py:183} INFO - Processing /opt/airflow/dags/dbt.py took 0.085 seconds
[2026-03-15T03:23:06.337+0000] {processor.py:161} INFO - Started process (PID=3478) to work on /opt/airflow/dags/dbt.py
[2026-03-15T03:23:06.340+0000] {processor.py:830} INFO - Processing file /opt/airflow/dags/dbt.py for tasks to queue
[2026-03-15T03:23:06.347+0000] {logging_mixin.py:188} INFO - [2026-03-15T03:23:06.346+0000] {dagbag.py:545} INFO - Filling up the DagBag from /opt/airflow/dags/dbt.py
[2026-03-15T03:23:06.356+0000] {logging_mixin.py:188} INFO - [2026-03-15T03:23:06.353+0000] {dagbag.py:355} ERROR - Failed to import: /opt/airflow/dags/dbt.py
Traceback (most recent call last):
  File "/home/airflow/.local/lib/python3.12/site-packages/airflow/models/dagbag.py", line 351, in parse
    loader.exec_module(new_module)
  File "<frozen importlib._bootstrap_external>", line 995, in exec_module
  File "<frozen importlib._bootstrap>", line 488, in _call_with_frames_removed
  File "/opt/airflow/dags/dbt.py", line 2, in <module>
    from airflow.providers.standard.operators.bash import BashOperator
ModuleNotFoundError: No module named 'airflow.providers.standard'
[2026-03-15T03:23:06.357+0000] {processor.py:842} WARNING - No viable dags retrieved from /opt/airflow/dags/dbt.py
[2026-03-15T03:23:06.385+0000] {processor.py:183} INFO - Processing /opt/airflow/dags/dbt.py took 0.075 seconds
[2026-03-15T03:23:36.929+0000] {processor.py:161} INFO - Started process (PID=3480) to work on /opt/airflow/dags/dbt.py
[2026-03-15T03:23:36.931+0000] {processor.py:830} INFO - Processing file /opt/airflow/dags/dbt.py for tasks to queue
[2026-03-15T03:23:36.940+0000] {logging_mixin.py:188} INFO - [2026-03-15T03:23:36.939+0000] {dagbag.py:545} INFO - Filling up the DagBag from /opt/airflow/dags/dbt.py
[2026-03-15T03:23:36.949+0000] {logging_mixin.py:188} INFO - [2026-03-15T03:23:36.947+0000] {dagbag.py:355} ERROR - Failed to import: /opt/airflow/dags/dbt.py
Traceback (most recent call last):
  File "/home/airflow/.local/lib/python3.12/site-packages/airflow/models/dagbag.py", line 351, in parse
    loader.exec_module(new_module)
  File "<frozen importlib._bootstrap_external>", line 995, in exec_module
  File "<frozen importlib._bootstrap>", line 488, in _call_with_frames_removed
  File "/opt/airflow/dags/dbt.py", line 2, in <module>
    from airflow.providers.standard.operators.bash import BashOperator
ModuleNotFoundError: No module named 'airflow.providers.standard'
[2026-03-15T03:23:36.952+0000] {processor.py:842} WARNING - No viable dags retrieved from /opt/airflow/dags/dbt.py
[2026-03-15T03:23:36.990+0000] {processor.py:183} INFO - Processing /opt/airflow/dags/dbt.py took 0.086 seconds
[2026-03-15T03:24:07.430+0000] {processor.py:161} INFO - Started process (PID=3482) to work on /opt/airflow/dags/dbt.py
[2026-03-15T03:24:07.433+0000] {processor.py:830} INFO - Processing file /opt/airflow/dags/dbt.py for tasks to queue
[2026-03-15T03:24:07.441+0000] {logging_mixin.py:188} INFO - [2026-03-15T03:24:07.441+0000] {dagbag.py:545} INFO - Filling up the DagBag from /opt/airflow/dags/dbt.py
[2026-03-15T03:24:07.453+0000] {logging_mixin.py:188} INFO - [2026-03-15T03:24:07.451+0000] {dagbag.py:355} ERROR - Failed to import: /opt/airflow/dags/dbt.py
Traceback (most recent call last):
  File "/home/airflow/.local/lib/python3.12/site-packages/airflow/models/dagbag.py", line 351, in parse
    loader.exec_module(new_module)
  File "<frozen importlib._bootstrap_external>", line 995, in exec_module
  File "<frozen importlib._bootstrap>", line 488, in _call_with_frames_removed
  File "/opt/airflow/dags/dbt.py", line 2, in <module>
    from airflow.providers.standard.operators.bash import BashOperator
ModuleNotFoundError: No module named 'airflow.providers.standard'
[2026-03-15T03:24:07.454+0000] {processor.py:842} WARNING - No viable dags retrieved from /opt/airflow/dags/dbt.py
[2026-03-15T03:24:07.488+0000] {processor.py:183} INFO - Processing /opt/airflow/dags/dbt.py took 0.083 seconds
[2026-03-15T03:24:38.023+0000] {processor.py:161} INFO - Started process (PID=3484) to work on /opt/airflow/dags/dbt.py
[2026-03-15T03:24:38.026+0000] {processor.py:830} INFO - Processing file /opt/airflow/dags/dbt.py for tasks to queue
[2026-03-15T03:24:38.032+0000] {logging_mixin.py:188} INFO - [2026-03-15T03:24:38.032+0000] {dagbag.py:545} INFO - Filling up the DagBag from /opt/airflow/dags/dbt.py
[2026-03-15T03:24:38.045+0000] {logging_mixin.py:188} INFO - [2026-03-15T03:24:38.043+0000] {dagbag.py:355} ERROR - Failed to import: /opt/airflow/dags/dbt.py
Traceback (most recent call last):
  File "/home/airflow/.local/lib/python3.12/site-packages/airflow/models/dagbag.py", line 351, in parse
    loader.exec_module(new_module)
  File "<frozen importlib._bootstrap_external>", line 995, in exec_module
  File "<frozen importlib._bootstrap>", line 488, in _call_with_frames_removed
  File "/opt/airflow/dags/dbt.py", line 2, in <module>
    from airflow.providers.standard.operators.bash import BashOperator
ModuleNotFoundError: No module named 'airflow.providers.standard'
[2026-03-15T03:24:38.045+0000] {processor.py:842} WARNING - No viable dags retrieved from /opt/airflow/dags/dbt.py
[2026-03-15T03:24:38.081+0000] {processor.py:183} INFO - Processing /opt/airflow/dags/dbt.py took 0.076 seconds
[2026-03-15T03:25:08.550+0000] {processor.py:161} INFO - Started process (PID=3486) to work on /opt/airflow/dags/dbt.py
[2026-03-15T03:25:08.552+0000] {processor.py:830} INFO - Processing file /opt/airflow/dags/dbt.py for tasks to queue
[2026-03-15T03:25:08.563+0000] {logging_mixin.py:188} INFO - [2026-03-15T03:25:08.561+0000] {dagbag.py:545} INFO - Filling up the DagBag from /opt/airflow/dags/dbt.py
[2026-03-15T03:25:08.574+0000] {logging_mixin.py:188} INFO - [2026-03-15T03:25:08.571+0000] {dagbag.py:355} ERROR - Failed to import: /opt/airflow/dags/dbt.py
Traceback (most recent call last):
  File "/home/airflow/.local/lib/python3.12/site-packages/airflow/models/dagbag.py", line 351, in parse
    loader.exec_module(new_module)
  File "<frozen importlib._bootstrap_external>", line 995, in exec_module
  File "<frozen importlib._bootstrap>", line 488, in _call_with_frames_removed
  File "/opt/airflow/dags/dbt.py", line 2, in <module>
    from airflow.providers.standard.operators.bash import BashOperator
ModuleNotFoundError: No module named 'airflow.providers.standard'
[2026-03-15T03:25:08.574+0000] {processor.py:842} WARNING - No viable dags retrieved from /opt/airflow/dags/dbt.py
[2026-03-15T03:25:08.608+0000] {processor.py:183} INFO - Processing /opt/airflow/dags/dbt.py took 0.079 seconds
[2026-03-15T03:25:39.090+0000] {processor.py:161} INFO - Started process (PID=3488) to work on /opt/airflow/dags/dbt.py
[2026-03-15T03:25:39.092+0000] {processor.py:830} INFO - Processing file /opt/airflow/dags/dbt.py for tasks to queue
[2026-03-15T03:25:39.098+0000] {logging_mixin.py:188} INFO - [2026-03-15T03:25:39.097+0000] {dagbag.py:545} INFO - Filling up the DagBag from /opt/airflow/dags/dbt.py
[2026-03-15T03:25:39.105+0000] {logging_mixin.py:188} INFO - [2026-03-15T03:25:39.103+0000] {dagbag.py:355} ERROR - Failed to import: /opt/airflow/dags/dbt.py
Traceback (most recent call last):
  File "/home/airflow/.local/lib/python3.12/site-packages/airflow/models/dagbag.py", line 351, in parse
    loader.exec_module(new_module)
  File "<frozen importlib._bootstrap_external>", line 995, in exec_module
  File "<frozen importlib._bootstrap>", line 488, in _call_with_frames_removed
  File "/opt/airflow/dags/dbt.py", line 2, in <module>
    from airflow.providers.standard.operators.bash import BashOperator
ModuleNotFoundError: No module named 'airflow.providers.standard'
[2026-03-15T03:25:39.106+0000] {processor.py:842} WARNING - No viable dags retrieved from /opt/airflow/dags/dbt.py
[2026-03-15T03:25:39.139+0000] {processor.py:183} INFO - Processing /opt/airflow/dags/dbt.py took 0.066 seconds
[2026-03-15T03:26:09.631+0000] {processor.py:161} INFO - Started process (PID=3490) to work on /opt/airflow/dags/dbt.py
[2026-03-15T03:26:09.632+0000] {processor.py:830} INFO - Processing file /opt/airflow/dags/dbt.py for tasks to queue
[2026-03-15T03:26:09.639+0000] {logging_mixin.py:188} INFO - [2026-03-15T03:26:09.638+0000] {dagbag.py:545} INFO - Filling up the DagBag from /opt/airflow/dags/dbt.py
[2026-03-15T03:26:09.651+0000] {logging_mixin.py:188} INFO - [2026-03-15T03:26:09.650+0000] {dagbag.py:355} ERROR - Failed to import: /opt/airflow/dags/dbt.py
Traceback (most recent call last):
  File "/home/airflow/.local/lib/python3.12/site-packages/airflow/models/dagbag.py", line 351, in parse
    loader.exec_module(new_module)
  File "<frozen importlib._bootstrap_external>", line 995, in exec_module
  File "<frozen importlib._bootstrap>", line 488, in _call_with_frames_removed
  File "/opt/airflow/dags/dbt.py", line 2, in <module>
    from airflow.providers.standard.operators.bash import BashOperator
ModuleNotFoundError: No module named 'airflow.providers.standard'
[2026-03-15T03:26:09.653+0000] {processor.py:842} WARNING - No viable dags retrieved from /opt/airflow/dags/dbt.py
[2026-03-15T03:26:09.681+0000] {processor.py:183} INFO - Processing /opt/airflow/dags/dbt.py took 0.077 seconds
[2026-03-15T03:26:40.166+0000] {processor.py:161} INFO - Started process (PID=3492) to work on /opt/airflow/dags/dbt.py
[2026-03-15T03:26:40.168+0000] {processor.py:830} INFO - Processing file /opt/airflow/dags/dbt.py for tasks to queue
[2026-03-15T03:26:40.174+0000] {logging_mixin.py:188} INFO - [2026-03-15T03:26:40.174+0000] {dagbag.py:545} INFO - Filling up the DagBag from /opt/airflow/dags/dbt.py
[2026-03-15T03:26:40.183+0000] {logging_mixin.py:188} INFO - [2026-03-15T03:26:40.182+0000] {dagbag.py:355} ERROR - Failed to import: /opt/airflow/dags/dbt.py
Traceback (most recent call last):
  File "/home/airflow/.local/lib/python3.12/site-packages/airflow/models/dagbag.py", line 351, in parse
    loader.exec_module(new_module)
  File "<frozen importlib._bootstrap_external>", line 995, in exec_module
  File "<frozen importlib._bootstrap>", line 488, in _call_with_frames_removed
  File "/opt/airflow/dags/dbt.py", line 2, in <module>
    from airflow.providers.standard.operators.bash import BashOperator
ModuleNotFoundError: No module named 'airflow.providers.standard'
[2026-03-15T03:26:40.184+0000] {processor.py:842} WARNING - No viable dags retrieved from /opt/airflow/dags/dbt.py
[2026-03-15T03:26:40.218+0000] {processor.py:183} INFO - Processing /opt/airflow/dags/dbt.py took 0.076 seconds
[2026-03-15T03:27:10.633+0000] {processor.py:161} INFO - Started process (PID=3494) to work on /opt/airflow/dags/dbt.py
[2026-03-15T03:27:10.635+0000] {processor.py:830} INFO - Processing file /opt/airflow/dags/dbt.py for tasks to queue
[2026-03-15T03:27:10.642+0000] {logging_mixin.py:188} INFO - [2026-03-15T03:27:10.641+0000] {dagbag.py:545} INFO - Filling up the DagBag from /opt/airflow/dags/dbt.py
[2026-03-15T03:27:10.652+0000] {logging_mixin.py:188} INFO - [2026-03-15T03:27:10.649+0000] {dagbag.py:355} ERROR - Failed to import: /opt/airflow/dags/dbt.py
Traceback (most recent call last):
  File "/home/airflow/.local/lib/python3.12/site-packages/airflow/models/dagbag.py", line 351, in parse
    loader.exec_module(new_module)
  File "<frozen importlib._bootstrap_external>", line 995, in exec_module
  File "<frozen importlib._bootstrap>", line 488, in _call_with_frames_removed
  File "/opt/airflow/dags/dbt.py", line 2, in <module>
    from airflow.providers.standard.operators.bash import BashOperator
ModuleNotFoundError: No module named 'airflow.providers.standard'
[2026-03-15T03:27:10.653+0000] {processor.py:842} WARNING - No viable dags retrieved from /opt/airflow/dags/dbt.py
[2026-03-15T03:27:10.693+0000] {processor.py:183} INFO - Processing /opt/airflow/dags/dbt.py took 0.085 seconds
[2026-03-15T03:27:41.158+0000] {processor.py:161} INFO - Started process (PID=3496) to work on /opt/airflow/dags/dbt.py
[2026-03-15T03:27:41.160+0000] {processor.py:830} INFO - Processing file /opt/airflow/dags/dbt.py for tasks to queue
[2026-03-15T03:27:41.169+0000] {logging_mixin.py:188} INFO - [2026-03-15T03:27:41.169+0000] {dagbag.py:545} INFO - Filling up the DagBag from /opt/airflow/dags/dbt.py
[2026-03-15T03:27:41.177+0000] {logging_mixin.py:188} INFO - [2026-03-15T03:27:41.174+0000] {dagbag.py:355} ERROR - Failed to import: /opt/airflow/dags/dbt.py
Traceback (most recent call last):
  File "/home/airflow/.local/lib/python3.12/site-packages/airflow/models/dagbag.py", line 351, in parse
    loader.exec_module(new_module)
  File "<frozen importlib._bootstrap_external>", line 995, in exec_module
  File "<frozen importlib._bootstrap>", line 488, in _call_with_frames_removed
  File "/opt/airflow/dags/dbt.py", line 2, in <module>
    from airflow.providers.standard.operators.bash import BashOperator
ModuleNotFoundError: No module named 'airflow.providers.standard'
[2026-03-15T03:27:41.178+0000] {processor.py:842} WARNING - No viable dags retrieved from /opt/airflow/dags/dbt.py
[2026-03-15T03:27:41.213+0000] {processor.py:183} INFO - Processing /opt/airflow/dags/dbt.py took 0.077 seconds
[2026-03-15T03:28:11.635+0000] {processor.py:161} INFO - Started process (PID=3498) to work on /opt/airflow/dags/dbt.py
[2026-03-15T03:28:11.636+0000] {processor.py:830} INFO - Processing file /opt/airflow/dags/dbt.py for tasks to queue
[2026-03-15T03:28:11.640+0000] {logging_mixin.py:188} INFO - [2026-03-15T03:28:11.640+0000] {dagbag.py:545} INFO - Filling up the DagBag from /opt/airflow/dags/dbt.py
[2026-03-15T03:28:11.646+0000] {logging_mixin.py:188} INFO - [2026-03-15T03:28:11.645+0000] {dagbag.py:355} ERROR - Failed to import: /opt/airflow/dags/dbt.py
Traceback (most recent call last):
  File "/home/airflow/.local/lib/python3.12/site-packages/airflow/models/dagbag.py", line 351, in parse
    loader.exec_module(new_module)
  File "<frozen importlib._bootstrap_external>", line 995, in exec_module
  File "<frozen importlib._bootstrap>", line 488, in _call_with_frames_removed
  File "/opt/airflow/dags/dbt.py", line 2, in <module>
    from airflow.providers.standard.operators.bash import BashOperator
ModuleNotFoundError: No module named 'airflow.providers.standard'
[2026-03-15T03:28:11.647+0000] {processor.py:842} WARNING - No viable dags retrieved from /opt/airflow/dags/dbt.py
[2026-03-15T03:28:11.672+0000] {processor.py:183} INFO - Processing /opt/airflow/dags/dbt.py took 0.053 seconds
[2026-03-15T03:28:42.068+0000] {processor.py:161} INFO - Started process (PID=3500) to work on /opt/airflow/dags/dbt.py
[2026-03-15T03:28:42.070+0000] {processor.py:830} INFO - Processing file /opt/airflow/dags/dbt.py for tasks to queue
[2026-03-15T03:28:42.075+0000] {logging_mixin.py:188} INFO - [2026-03-15T03:28:42.074+0000] {dagbag.py:545} INFO - Filling up the DagBag from /opt/airflow/dags/dbt.py
[2026-03-15T03:28:42.090+0000] {logging_mixin.py:188} INFO - [2026-03-15T03:28:42.083+0000] {dagbag.py:355} ERROR - Failed to import: /opt/airflow/dags/dbt.py
Traceback (most recent call last):
  File "/home/airflow/.local/lib/python3.12/site-packages/airflow/models/dagbag.py", line 351, in parse
    loader.exec_module(new_module)
  File "<frozen importlib._bootstrap_external>", line 995, in exec_module
  File "<frozen importlib._bootstrap>", line 488, in _call_with_frames_removed
  File "/opt/airflow/dags/dbt.py", line 2, in <module>
    from airflow.providers.standard.operators.bash import BashOperator
ModuleNotFoundError: No module named 'airflow.providers.standard'
[2026-03-15T03:28:42.091+0000] {processor.py:842} WARNING - No viable dags retrieved from /opt/airflow/dags/dbt.py
[2026-03-15T03:28:42.124+0000] {processor.py:183} INFO - Processing /opt/airflow/dags/dbt.py took 0.080 seconds
[2026-03-15T03:29:12.488+0000] {processor.py:161} INFO - Started process (PID=3502) to work on /opt/airflow/dags/dbt.py
[2026-03-15T03:29:12.490+0000] {processor.py:830} INFO - Processing file /opt/airflow/dags/dbt.py for tasks to queue
[2026-03-15T03:29:12.494+0000] {logging_mixin.py:188} INFO - [2026-03-15T03:29:12.494+0000] {dagbag.py:545} INFO - Filling up the DagBag from /opt/airflow/dags/dbt.py
[2026-03-15T03:29:12.503+0000] {logging_mixin.py:188} INFO - [2026-03-15T03:29:12.500+0000] {dagbag.py:355} ERROR - Failed to import: /opt/airflow/dags/dbt.py
Traceback (most recent call last):
  File "/home/airflow/.local/lib/python3.12/site-packages/airflow/models/dagbag.py", line 351, in parse
    loader.exec_module(new_module)
  File "<frozen importlib._bootstrap_external>", line 995, in exec_module
  File "<frozen importlib._bootstrap>", line 488, in _call_with_frames_removed
  File "/opt/airflow/dags/dbt.py", line 2, in <module>
    from airflow.providers.standard.operators.bash import BashOperator
ModuleNotFoundError: No module named 'airflow.providers.standard'
[2026-03-15T03:29:12.503+0000] {processor.py:842} WARNING - No viable dags retrieved from /opt/airflow/dags/dbt.py
[2026-03-15T03:29:12.528+0000] {processor.py:183} INFO - Processing /opt/airflow/dags/dbt.py took 0.053 seconds
[2026-03-15T03:29:42.969+0000] {processor.py:161} INFO - Started process (PID=3504) to work on /opt/airflow/dags/dbt.py
[2026-03-15T03:29:42.972+0000] {processor.py:830} INFO - Processing file /opt/airflow/dags/dbt.py for tasks to queue
[2026-03-15T03:29:42.978+0000] {logging_mixin.py:188} INFO - [2026-03-15T03:29:42.978+0000] {dagbag.py:545} INFO - Filling up the DagBag from /opt/airflow/dags/dbt.py
[2026-03-15T03:29:42.987+0000] {logging_mixin.py:188} INFO - [2026-03-15T03:29:42.984+0000] {dagbag.py:355} ERROR - Failed to import: /opt/airflow/dags/dbt.py
Traceback (most recent call last):
  File "/home/airflow/.local/lib/python3.12/site-packages/airflow/models/dagbag.py", line 351, in parse
    loader.exec_module(new_module)
  File "<frozen importlib._bootstrap_external>", line 995, in exec_module
  File "<frozen importlib._bootstrap>", line 488, in _call_with_frames_removed
  File "/opt/airflow/dags/dbt.py", line 2, in <module>
    from airflow.providers.standard.operators.bash import BashOperator
ModuleNotFoundError: No module named 'airflow.providers.standard'
[2026-03-15T03:29:42.989+0000] {processor.py:842} WARNING - No viable dags retrieved from /opt/airflow/dags/dbt.py
[2026-03-15T03:29:43.022+0000] {processor.py:183} INFO - Processing /opt/airflow/dags/dbt.py took 0.075 seconds
[2026-03-15T03:30:13.376+0000] {processor.py:161} INFO - Started process (PID=3506) to work on /opt/airflow/dags/dbt.py
[2026-03-15T03:30:13.377+0000] {processor.py:830} INFO - Processing file /opt/airflow/dags/dbt.py for tasks to queue
[2026-03-15T03:30:13.382+0000] {logging_mixin.py:188} INFO - [2026-03-15T03:30:13.382+0000] {dagbag.py:545} INFO - Filling up the DagBag from /opt/airflow/dags/dbt.py
[2026-03-15T03:30:13.392+0000] {logging_mixin.py:188} INFO - [2026-03-15T03:30:13.387+0000] {dagbag.py:355} ERROR - Failed to import: /opt/airflow/dags/dbt.py
Traceback (most recent call last):
  File "/home/airflow/.local/lib/python3.12/site-packages/airflow/models/dagbag.py", line 351, in parse
    loader.exec_module(new_module)
  File "<frozen importlib._bootstrap_external>", line 995, in exec_module
  File "<frozen importlib._bootstrap>", line 488, in _call_with_frames_removed
  File "/opt/airflow/dags/dbt.py", line 2, in <module>
    from airflow.providers.standard.operators.bash import BashOperator
ModuleNotFoundError: No module named 'airflow.providers.standard'
[2026-03-15T03:30:13.392+0000] {processor.py:842} WARNING - No viable dags retrieved from /opt/airflow/dags/dbt.py
[2026-03-15T03:30:13.427+0000] {processor.py:183} INFO - Processing /opt/airflow/dags/dbt.py took 0.073 seconds
[2026-03-15T03:30:43.795+0000] {processor.py:161} INFO - Started process (PID=3508) to work on /opt/airflow/dags/dbt.py
[2026-03-15T03:30:43.797+0000] {processor.py:830} INFO - Processing file /opt/airflow/dags/dbt.py for tasks to queue
[2026-03-15T03:30:43.808+0000] {logging_mixin.py:188} INFO - [2026-03-15T03:30:43.803+0000] {dagbag.py:545} INFO - Filling up the DagBag from /opt/airflow/dags/dbt.py
[2026-03-15T03:30:43.819+0000] {logging_mixin.py:188} INFO - [2026-03-15T03:30:43.815+0000] {dagbag.py:355} ERROR - Failed to import: /opt/airflow/dags/dbt.py
Traceback (most recent call last):
  File "/home/airflow/.local/lib/python3.12/site-packages/airflow/models/dagbag.py", line 351, in parse
    loader.exec_module(new_module)
  File "<frozen importlib._bootstrap_external>", line 995, in exec_module
  File "<frozen importlib._bootstrap>", line 488, in _call_with_frames_removed
  File "/opt/airflow/dags/dbt.py", line 2, in <module>
    from airflow.providers.standard.operators.bash import BashOperator
ModuleNotFoundError: No module named 'airflow.providers.standard'
[2026-03-15T03:30:43.819+0000] {processor.py:842} WARNING - No viable dags retrieved from /opt/airflow/dags/dbt.py
[2026-03-15T03:30:43.860+0000] {processor.py:183} INFO - Processing /opt/airflow/dags/dbt.py took 0.092 seconds
[2026-03-15T03:31:14.223+0000] {processor.py:161} INFO - Started process (PID=3510) to work on /opt/airflow/dags/dbt.py
[2026-03-15T03:31:14.225+0000] {processor.py:830} INFO - Processing file /opt/airflow/dags/dbt.py for tasks to queue
[2026-03-15T03:31:14.237+0000] {logging_mixin.py:188} INFO - [2026-03-15T03:31:14.236+0000] {dagbag.py:545} INFO - Filling up the DagBag from /opt/airflow/dags/dbt.py
[2026-03-15T03:31:14.249+0000] {logging_mixin.py:188} INFO - [2026-03-15T03:31:14.244+0000] {dagbag.py:355} ERROR - Failed to import: /opt/airflow/dags/dbt.py
Traceback (most recent call last):
  File "/home/airflow/.local/lib/python3.12/site-packages/airflow/models/dagbag.py", line 351, in parse
    loader.exec_module(new_module)
  File "<frozen importlib._bootstrap_external>", line 995, in exec_module
  File "<frozen importlib._bootstrap>", line 488, in _call_with_frames_removed
  File "/opt/airflow/dags/dbt.py", line 2, in <module>
    from airflow.providers.standard.operators.bash import BashOperator
ModuleNotFoundError: No module named 'airflow.providers.standard'
[2026-03-15T03:31:14.250+0000] {processor.py:842} WARNING - No viable dags retrieved from /opt/airflow/dags/dbt.py
[2026-03-15T03:31:14.277+0000] {processor.py:183} INFO - Processing /opt/airflow/dags/dbt.py took 0.078 seconds
[2026-03-15T03:31:44.660+0000] {processor.py:161} INFO - Started process (PID=3512) to work on /opt/airflow/dags/dbt.py
[2026-03-15T03:31:44.662+0000] {processor.py:830} INFO - Processing file /opt/airflow/dags/dbt.py for tasks to queue
[2026-03-15T03:31:44.669+0000] {logging_mixin.py:188} INFO - [2026-03-15T03:31:44.667+0000] {dagbag.py:545} INFO - Filling up the DagBag from /opt/airflow/dags/dbt.py
[2026-03-15T03:31:44.681+0000] {logging_mixin.py:188} INFO - [2026-03-15T03:31:44.676+0000] {dagbag.py:355} ERROR - Failed to import: /opt/airflow/dags/dbt.py
Traceback (most recent call last):
  File "/home/airflow/.local/lib/python3.12/site-packages/airflow/models/dagbag.py", line 351, in parse
    loader.exec_module(new_module)
  File "<frozen importlib._bootstrap_external>", line 995, in exec_module
  File "<frozen importlib._bootstrap>", line 488, in _call_with_frames_removed
  File "/opt/airflow/dags/dbt.py", line 2, in <module>
    from airflow.providers.standard.operators.bash import BashOperator
ModuleNotFoundError: No module named 'airflow.providers.standard'
[2026-03-15T03:31:44.681+0000] {processor.py:842} WARNING - No viable dags retrieved from /opt/airflow/dags/dbt.py
[2026-03-15T03:31:44.717+0000] {processor.py:183} INFO - Processing /opt/airflow/dags/dbt.py took 0.081 seconds
[2026-03-15T03:32:15.167+0000] {processor.py:161} INFO - Started process (PID=3514) to work on /opt/airflow/dags/dbt.py
[2026-03-15T03:32:15.169+0000] {processor.py:830} INFO - Processing file /opt/airflow/dags/dbt.py for tasks to queue
[2026-03-15T03:32:15.181+0000] {logging_mixin.py:188} INFO - [2026-03-15T03:32:15.180+0000] {dagbag.py:545} INFO - Filling up the DagBag from /opt/airflow/dags/dbt.py
[2026-03-15T03:32:15.191+0000] {logging_mixin.py:188} INFO - [2026-03-15T03:32:15.189+0000] {dagbag.py:355} ERROR - Failed to import: /opt/airflow/dags/dbt.py
Traceback (most recent call last):
  File "/home/airflow/.local/lib/python3.12/site-packages/airflow/models/dagbag.py", line 351, in parse
    loader.exec_module(new_module)
  File "<frozen importlib._bootstrap_external>", line 995, in exec_module
  File "<frozen importlib._bootstrap>", line 488, in _call_with_frames_removed
  File "/opt/airflow/dags/dbt.py", line 2, in <module>
    from airflow.providers.standard.operators.bash import BashOperator
ModuleNotFoundError: No module named 'airflow.providers.standard'
[2026-03-15T03:32:15.191+0000] {processor.py:842} WARNING - No viable dags retrieved from /opt/airflow/dags/dbt.py
[2026-03-15T03:32:15.221+0000] {processor.py:183} INFO - Processing /opt/airflow/dags/dbt.py took 0.080 seconds
[2026-03-15T03:32:45.617+0000] {processor.py:161} INFO - Started process (PID=3516) to work on /opt/airflow/dags/dbt.py
[2026-03-15T03:32:45.619+0000] {processor.py:830} INFO - Processing file /opt/airflow/dags/dbt.py for tasks to queue
[2026-03-15T03:32:45.625+0000] {logging_mixin.py:188} INFO - [2026-03-15T03:32:45.624+0000] {dagbag.py:545} INFO - Filling up the DagBag from /opt/airflow/dags/dbt.py
[2026-03-15T03:32:45.641+0000] {logging_mixin.py:188} INFO - [2026-03-15T03:32:45.636+0000] {dagbag.py:355} ERROR - Failed to import: /opt/airflow/dags/dbt.py
Traceback (most recent call last):
  File "/home/airflow/.local/lib/python3.12/site-packages/airflow/models/dagbag.py", line 351, in parse
    loader.exec_module(new_module)
  File "<frozen importlib._bootstrap_external>", line 995, in exec_module
  File "<frozen importlib._bootstrap>", line 488, in _call_with_frames_removed
  File "/opt/airflow/dags/dbt.py", line 2, in <module>
    from airflow.providers.standard.operators.bash import BashOperator
ModuleNotFoundError: No module named 'airflow.providers.standard'
[2026-03-15T03:32:45.644+0000] {processor.py:842} WARNING - No viable dags retrieved from /opt/airflow/dags/dbt.py
[2026-03-15T03:32:45.682+0000] {processor.py:183} INFO - Processing /opt/airflow/dags/dbt.py took 0.089 seconds
[2026-03-15T03:33:16.066+0000] {processor.py:161} INFO - Started process (PID=3518) to work on /opt/airflow/dags/dbt.py
[2026-03-15T03:33:16.068+0000] {processor.py:830} INFO - Processing file /opt/airflow/dags/dbt.py for tasks to queue
[2026-03-15T03:33:16.071+0000] {logging_mixin.py:188} INFO - [2026-03-15T03:33:16.071+0000] {dagbag.py:545} INFO - Filling up the DagBag from /opt/airflow/dags/dbt.py
[2026-03-15T03:33:16.083+0000] {logging_mixin.py:188} INFO - [2026-03-15T03:33:16.082+0000] {dagbag.py:355} ERROR - Failed to import: /opt/airflow/dags/dbt.py
Traceback (most recent call last):
  File "/home/airflow/.local/lib/python3.12/site-packages/airflow/models/dagbag.py", line 351, in parse
    loader.exec_module(new_module)
  File "<frozen importlib._bootstrap_external>", line 995, in exec_module
  File "<frozen importlib._bootstrap>", line 488, in _call_with_frames_removed
  File "/opt/airflow/dags/dbt.py", line 2, in <module>
    from airflow.providers.standard.operators.bash import BashOperator
ModuleNotFoundError: No module named 'airflow.providers.standard'
[2026-03-15T03:33:16.084+0000] {processor.py:842} WARNING - No viable dags retrieved from /opt/airflow/dags/dbt.py
[2026-03-15T03:33:16.111+0000] {processor.py:183} INFO - Processing /opt/airflow/dags/dbt.py took 0.072 seconds
[2026-03-15T03:33:46.537+0000] {processor.py:161} INFO - Started process (PID=3520) to work on /opt/airflow/dags/dbt.py
[2026-03-15T03:33:46.539+0000] {processor.py:830} INFO - Processing file /opt/airflow/dags/dbt.py for tasks to queue
[2026-03-15T03:33:46.544+0000] {logging_mixin.py:188} INFO - [2026-03-15T03:33:46.544+0000] {dagbag.py:545} INFO - Filling up the DagBag from /opt/airflow/dags/dbt.py
[2026-03-15T03:33:46.557+0000] {logging_mixin.py:188} INFO - [2026-03-15T03:33:46.555+0000] {dagbag.py:355} ERROR - Failed to import: /opt/airflow/dags/dbt.py
Traceback (most recent call last):
  File "/home/airflow/.local/lib/python3.12/site-packages/airflow/models/dagbag.py", line 351, in parse
    loader.exec_module(new_module)
  File "<frozen importlib._bootstrap_external>", line 995, in exec_module
  File "<frozen importlib._bootstrap>", line 488, in _call_with_frames_removed
  File "/opt/airflow/dags/dbt.py", line 2, in <module>
    from airflow.providers.standard.operators.bash import BashOperator
ModuleNotFoundError: No module named 'airflow.providers.standard'
[2026-03-15T03:33:46.561+0000] {processor.py:842} WARNING - No viable dags retrieved from /opt/airflow/dags/dbt.py
[2026-03-15T03:33:46.592+0000] {processor.py:183} INFO - Processing /opt/airflow/dags/dbt.py took 0.074 seconds
[2026-03-15T03:34:17.051+0000] {processor.py:161} INFO - Started process (PID=3522) to work on /opt/airflow/dags/dbt.py
[2026-03-15T03:34:17.053+0000] {processor.py:830} INFO - Processing file /opt/airflow/dags/dbt.py for tasks to queue
[2026-03-15T03:34:17.058+0000] {logging_mixin.py:188} INFO - [2026-03-15T03:34:17.057+0000] {dagbag.py:545} INFO - Filling up the DagBag from /opt/airflow/dags/dbt.py
[2026-03-15T03:34:17.068+0000] {logging_mixin.py:188} INFO - [2026-03-15T03:34:17.064+0000] {dagbag.py:355} ERROR - Failed to import: /opt/airflow/dags/dbt.py
Traceback (most recent call last):
  File "/home/airflow/.local/lib/python3.12/site-packages/airflow/models/dagbag.py", line 351, in parse
    loader.exec_module(new_module)
  File "<frozen importlib._bootstrap_external>", line 995, in exec_module
  File "<frozen importlib._bootstrap>", line 488, in _call_with_frames_removed
  File "/opt/airflow/dags/dbt.py", line 2, in <module>
    from airflow.providers.standard.operators.bash import BashOperator
ModuleNotFoundError: No module named 'airflow.providers.standard'
[2026-03-15T03:34:17.069+0000] {processor.py:842} WARNING - No viable dags retrieved from /opt/airflow/dags/dbt.py
[2026-03-15T03:34:17.097+0000] {processor.py:183} INFO - Processing /opt/airflow/dags/dbt.py took 0.068 seconds
[2026-03-15T03:34:47.574+0000] {processor.py:161} INFO - Started process (PID=3524) to work on /opt/airflow/dags/dbt.py
[2026-03-15T03:34:47.575+0000] {processor.py:830} INFO - Processing file /opt/airflow/dags/dbt.py for tasks to queue
[2026-03-15T03:34:47.581+0000] {logging_mixin.py:188} INFO - [2026-03-15T03:34:47.580+0000] {dagbag.py:545} INFO - Filling up the DagBag from /opt/airflow/dags/dbt.py
[2026-03-15T03:34:47.589+0000] {logging_mixin.py:188} INFO - [2026-03-15T03:34:47.586+0000] {dagbag.py:355} ERROR - Failed to import: /opt/airflow/dags/dbt.py
Traceback (most recent call last):
  File "/home/airflow/.local/lib/python3.12/site-packages/airflow/models/dagbag.py", line 351, in parse
    loader.exec_module(new_module)
  File "<frozen importlib._bootstrap_external>", line 995, in exec_module
  File "<frozen importlib._bootstrap>", line 488, in _call_with_frames_removed
  File "/opt/airflow/dags/dbt.py", line 2, in <module>
    from airflow.providers.standard.operators.bash import BashOperator
ModuleNotFoundError: No module named 'airflow.providers.standard'
[2026-03-15T03:34:47.591+0000] {processor.py:842} WARNING - No viable dags retrieved from /opt/airflow/dags/dbt.py
[2026-03-15T03:34:47.615+0000] {processor.py:183} INFO - Processing /opt/airflow/dags/dbt.py took 0.057 seconds
[2026-03-15T03:35:18.111+0000] {processor.py:161} INFO - Started process (PID=3526) to work on /opt/airflow/dags/dbt.py
[2026-03-15T03:35:18.114+0000] {processor.py:830} INFO - Processing file /opt/airflow/dags/dbt.py for tasks to queue
[2026-03-15T03:35:18.125+0000] {logging_mixin.py:188} INFO - [2026-03-15T03:35:18.120+0000] {dagbag.py:545} INFO - Filling up the DagBag from /opt/airflow/dags/dbt.py
[2026-03-15T03:35:18.132+0000] {logging_mixin.py:188} INFO - [2026-03-15T03:35:18.130+0000] {dagbag.py:355} ERROR - Failed to import: /opt/airflow/dags/dbt.py
Traceback (most recent call last):
  File "/home/airflow/.local/lib/python3.12/site-packages/airflow/models/dagbag.py", line 351, in parse
    loader.exec_module(new_module)
  File "<frozen importlib._bootstrap_external>", line 995, in exec_module
  File "<frozen importlib._bootstrap>", line 488, in _call_with_frames_removed
  File "/opt/airflow/dags/dbt.py", line 2, in <module>
    from airflow.providers.standard.operators.bash import BashOperator
ModuleNotFoundError: No module named 'airflow.providers.standard'
[2026-03-15T03:35:18.132+0000] {processor.py:842} WARNING - No viable dags retrieved from /opt/airflow/dags/dbt.py
[2026-03-15T03:35:18.175+0000] {processor.py:183} INFO - Processing /opt/airflow/dags/dbt.py took 0.091 seconds
[2026-03-15T03:35:48.672+0000] {processor.py:161} INFO - Started process (PID=3528) to work on /opt/airflow/dags/dbt.py
[2026-03-15T03:35:48.674+0000] {processor.py:830} INFO - Processing file /opt/airflow/dags/dbt.py for tasks to queue
[2026-03-15T03:35:48.680+0000] {logging_mixin.py:188} INFO - [2026-03-15T03:35:48.679+0000] {dagbag.py:545} INFO - Filling up the DagBag from /opt/airflow/dags/dbt.py
[2026-03-15T03:35:48.692+0000] {logging_mixin.py:188} INFO - [2026-03-15T03:35:48.686+0000] {dagbag.py:355} ERROR - Failed to import: /opt/airflow/dags/dbt.py
Traceback (most recent call last):
  File "/home/airflow/.local/lib/python3.12/site-packages/airflow/models/dagbag.py", line 351, in parse
    loader.exec_module(new_module)
  File "<frozen importlib._bootstrap_external>", line 995, in exec_module
  File "<frozen importlib._bootstrap>", line 488, in _call_with_frames_removed
  File "/opt/airflow/dags/dbt.py", line 2, in <module>
    from airflow.providers.standard.operators.bash import BashOperator
ModuleNotFoundError: No module named 'airflow.providers.standard'
[2026-03-15T03:35:48.692+0000] {processor.py:842} WARNING - No viable dags retrieved from /opt/airflow/dags/dbt.py
[2026-03-15T03:35:48.730+0000] {processor.py:183} INFO - Processing /opt/airflow/dags/dbt.py took 0.081 seconds
[2026-03-15T03:36:19.195+0000] {processor.py:161} INFO - Started process (PID=3530) to work on /opt/airflow/dags/dbt.py
[2026-03-15T03:36:19.199+0000] {processor.py:830} INFO - Processing file /opt/airflow/dags/dbt.py for tasks to queue
[2026-03-15T03:36:19.204+0000] {logging_mixin.py:188} INFO - [2026-03-15T03:36:19.203+0000] {dagbag.py:545} INFO - Filling up the DagBag from /opt/airflow/dags/dbt.py
[2026-03-15T03:36:19.213+0000] {logging_mixin.py:188} INFO - [2026-03-15T03:36:19.211+0000] {dagbag.py:355} ERROR - Failed to import: /opt/airflow/dags/dbt.py
Traceback (most recent call last):
  File "/home/airflow/.local/lib/python3.12/site-packages/airflow/models/dagbag.py", line 351, in parse
    loader.exec_module(new_module)
  File "<frozen importlib._bootstrap_external>", line 995, in exec_module
  File "<frozen importlib._bootstrap>", line 488, in _call_with_frames_removed
  File "/opt/airflow/dags/dbt.py", line 2, in <module>
    from airflow.providers.standard.operators.bash import BashOperator
ModuleNotFoundError: No module named 'airflow.providers.standard'
[2026-03-15T03:36:19.213+0000] {processor.py:842} WARNING - No viable dags retrieved from /opt/airflow/dags/dbt.py
[2026-03-15T03:36:19.243+0000] {processor.py:183} INFO - Processing /opt/airflow/dags/dbt.py took 0.070 seconds
[2026-03-15T03:36:49.671+0000] {processor.py:161} INFO - Started process (PID=3532) to work on /opt/airflow/dags/dbt.py
[2026-03-15T03:36:49.672+0000] {processor.py:830} INFO - Processing file /opt/airflow/dags/dbt.py for tasks to queue
[2026-03-15T03:36:49.674+0000] {logging_mixin.py:188} INFO - [2026-03-15T03:36:49.674+0000] {dagbag.py:545} INFO - Filling up the DagBag from /opt/airflow/dags/dbt.py
[2026-03-15T03:36:49.681+0000] {logging_mixin.py:188} INFO - [2026-03-15T03:36:49.679+0000] {dagbag.py:355} ERROR - Failed to import: /opt/airflow/dags/dbt.py
Traceback (most recent call last):
  File "/home/airflow/.local/lib/python3.12/site-packages/airflow/models/dagbag.py", line 351, in parse
    loader.exec_module(new_module)
  File "<frozen importlib._bootstrap_external>", line 995, in exec_module
  File "<frozen importlib._bootstrap>", line 488, in _call_with_frames_removed
  File "/opt/airflow/dags/dbt.py", line 2, in <module>
    from airflow.providers.standard.operators.bash import BashOperator
ModuleNotFoundError: No module named 'airflow.providers.standard'
[2026-03-15T03:36:49.681+0000] {processor.py:842} WARNING - No viable dags retrieved from /opt/airflow/dags/dbt.py
[2026-03-15T03:36:49.709+0000] {processor.py:183} INFO - Processing /opt/airflow/dags/dbt.py took 0.050 seconds
[2026-03-15T03:37:20.226+0000] {processor.py:161} INFO - Started process (PID=3534) to work on /opt/airflow/dags/dbt.py
[2026-03-15T03:37:20.228+0000] {processor.py:830} INFO - Processing file /opt/airflow/dags/dbt.py for tasks to queue
[2026-03-15T03:37:20.233+0000] {logging_mixin.py:188} INFO - [2026-03-15T03:37:20.232+0000] {dagbag.py:545} INFO - Filling up the DagBag from /opt/airflow/dags/dbt.py
[2026-03-15T03:37:20.247+0000] {logging_mixin.py:188} INFO - [2026-03-15T03:37:20.246+0000] {dagbag.py:355} ERROR - Failed to import: /opt/airflow/dags/dbt.py
Traceback (most recent call last):
  File "/home/airflow/.local/lib/python3.12/site-packages/airflow/models/dagbag.py", line 351, in parse
    loader.exec_module(new_module)
  File "<frozen importlib._bootstrap_external>", line 995, in exec_module
  File "<frozen importlib._bootstrap>", line 488, in _call_with_frames_removed
  File "/opt/airflow/dags/dbt.py", line 2, in <module>
    from airflow.providers.standard.operators.bash import BashOperator
ModuleNotFoundError: No module named 'airflow.providers.standard'
[2026-03-15T03:37:20.247+0000] {processor.py:842} WARNING - No viable dags retrieved from /opt/airflow/dags/dbt.py
[2026-03-15T03:37:20.275+0000] {processor.py:183} INFO - Processing /opt/airflow/dags/dbt.py took 0.074 seconds
[2026-03-15T03:37:50.760+0000] {processor.py:161} INFO - Started process (PID=3536) to work on /opt/airflow/dags/dbt.py
[2026-03-15T03:37:50.761+0000] {processor.py:830} INFO - Processing file /opt/airflow/dags/dbt.py for tasks to queue
[2026-03-15T03:37:50.769+0000] {logging_mixin.py:188} INFO - [2026-03-15T03:37:50.769+0000] {dagbag.py:545} INFO - Filling up the DagBag from /opt/airflow/dags/dbt.py
[2026-03-15T03:37:50.781+0000] {logging_mixin.py:188} INFO - [2026-03-15T03:37:50.778+0000] {dagbag.py:355} ERROR - Failed to import: /opt/airflow/dags/dbt.py
Traceback (most recent call last):
  File "/home/airflow/.local/lib/python3.12/site-packages/airflow/models/dagbag.py", line 351, in parse
    loader.exec_module(new_module)
  File "<frozen importlib._bootstrap_external>", line 995, in exec_module
  File "<frozen importlib._bootstrap>", line 488, in _call_with_frames_removed
  File "/opt/airflow/dags/dbt.py", line 2, in <module>
    from airflow.providers.standard.operators.bash import BashOperator
ModuleNotFoundError: No module named 'airflow.providers.standard'
[2026-03-15T03:37:50.782+0000] {processor.py:842} WARNING - No viable dags retrieved from /opt/airflow/dags/dbt.py
[2026-03-15T03:37:50.819+0000] {processor.py:183} INFO - Processing /opt/airflow/dags/dbt.py took 0.083 seconds
[2026-03-15T03:38:21.332+0000] {processor.py:161} INFO - Started process (PID=3538) to work on /opt/airflow/dags/dbt.py
[2026-03-15T03:38:21.333+0000] {processor.py:830} INFO - Processing file /opt/airflow/dags/dbt.py for tasks to queue
[2026-03-15T03:38:21.337+0000] {logging_mixin.py:188} INFO - [2026-03-15T03:38:21.336+0000] {dagbag.py:545} INFO - Filling up the DagBag from /opt/airflow/dags/dbt.py
[2026-03-15T03:38:21.346+0000] {logging_mixin.py:188} INFO - [2026-03-15T03:38:21.342+0000] {dagbag.py:355} ERROR - Failed to import: /opt/airflow/dags/dbt.py
Traceback (most recent call last):
  File "/home/airflow/.local/lib/python3.12/site-packages/airflow/models/dagbag.py", line 351, in parse
    loader.exec_module(new_module)
  File "<frozen importlib._bootstrap_external>", line 995, in exec_module
  File "<frozen importlib._bootstrap>", line 488, in _call_with_frames_removed
  File "/opt/airflow/dags/dbt.py", line 2, in <module>
    from airflow.providers.standard.operators.bash import BashOperator
ModuleNotFoundError: No module named 'airflow.providers.standard'
[2026-03-15T03:38:21.346+0000] {processor.py:842} WARNING - No viable dags retrieved from /opt/airflow/dags/dbt.py
[2026-03-15T03:38:21.380+0000] {processor.py:183} INFO - Processing /opt/airflow/dags/dbt.py took 0.076 seconds
[2026-03-15T03:38:51.768+0000] {processor.py:161} INFO - Started process (PID=3540) to work on /opt/airflow/dags/dbt.py
[2026-03-15T03:38:51.769+0000] {processor.py:830} INFO - Processing file /opt/airflow/dags/dbt.py for tasks to queue
[2026-03-15T03:38:51.773+0000] {logging_mixin.py:188} INFO - [2026-03-15T03:38:51.772+0000] {dagbag.py:545} INFO - Filling up the DagBag from /opt/airflow/dags/dbt.py
[2026-03-15T03:38:51.781+0000] {logging_mixin.py:188} INFO - [2026-03-15T03:38:51.779+0000] {dagbag.py:355} ERROR - Failed to import: /opt/airflow/dags/dbt.py
Traceback (most recent call last):
  File "/home/airflow/.local/lib/python3.12/site-packages/airflow/models/dagbag.py", line 351, in parse
    loader.exec_module(new_module)
  File "<frozen importlib._bootstrap_external>", line 995, in exec_module
  File "<frozen importlib._bootstrap>", line 488, in _call_with_frames_removed
  File "/opt/airflow/dags/dbt.py", line 2, in <module>
    from airflow.providers.standard.operators.bash import BashOperator
ModuleNotFoundError: No module named 'airflow.providers.standard'
[2026-03-15T03:38:51.783+0000] {processor.py:842} WARNING - No viable dags retrieved from /opt/airflow/dags/dbt.py
[2026-03-15T03:38:51.807+0000] {processor.py:183} INFO - Processing /opt/airflow/dags/dbt.py took 0.053 seconds
[2026-03-15T03:39:22.251+0000] {processor.py:161} INFO - Started process (PID=3542) to work on /opt/airflow/dags/dbt.py
[2026-03-15T03:39:22.254+0000] {processor.py:830} INFO - Processing file /opt/airflow/dags/dbt.py for tasks to queue
[2026-03-15T03:39:22.261+0000] {logging_mixin.py:188} INFO - [2026-03-15T03:39:22.260+0000] {dagbag.py:545} INFO - Filling up the DagBag from /opt/airflow/dags/dbt.py
[2026-03-15T03:39:22.276+0000] {logging_mixin.py:188} INFO - [2026-03-15T03:39:22.270+0000] {dagbag.py:355} ERROR - Failed to import: /opt/airflow/dags/dbt.py
Traceback (most recent call last):
  File "/home/airflow/.local/lib/python3.12/site-packages/airflow/models/dagbag.py", line 351, in parse
    loader.exec_module(new_module)
  File "<frozen importlib._bootstrap_external>", line 995, in exec_module
  File "<frozen importlib._bootstrap>", line 488, in _call_with_frames_removed
  File "/opt/airflow/dags/dbt.py", line 2, in <module>
    from airflow.providers.standard.operators.bash import BashOperator
ModuleNotFoundError: No module named 'airflow.providers.standard'
[2026-03-15T03:39:22.277+0000] {processor.py:842} WARNING - No viable dags retrieved from /opt/airflow/dags/dbt.py
[2026-03-15T03:39:22.322+0000] {processor.py:183} INFO - Processing /opt/airflow/dags/dbt.py took 0.097 seconds
[2026-03-15T03:39:52.765+0000] {processor.py:161} INFO - Started process (PID=3544) to work on /opt/airflow/dags/dbt.py
[2026-03-15T03:39:52.770+0000] {processor.py:830} INFO - Processing file /opt/airflow/dags/dbt.py for tasks to queue
[2026-03-15T03:39:52.774+0000] {logging_mixin.py:188} INFO - [2026-03-15T03:39:52.773+0000] {dagbag.py:545} INFO - Filling up the DagBag from /opt/airflow/dags/dbt.py
[2026-03-15T03:39:52.785+0000] {logging_mixin.py:188} INFO - [2026-03-15T03:39:52.782+0000] {dagbag.py:355} ERROR - Failed to import: /opt/airflow/dags/dbt.py
Traceback (most recent call last):
  File "/home/airflow/.local/lib/python3.12/site-packages/airflow/models/dagbag.py", line 351, in parse
    loader.exec_module(new_module)
  File "<frozen importlib._bootstrap_external>", line 995, in exec_module
  File "<frozen importlib._bootstrap>", line 488, in _call_with_frames_removed
  File "/opt/airflow/dags/dbt.py", line 2, in <module>
    from airflow.providers.standard.operators.bash import BashOperator
ModuleNotFoundError: No module named 'airflow.providers.standard'
[2026-03-15T03:39:52.785+0000] {processor.py:842} WARNING - No viable dags retrieved from /opt/airflow/dags/dbt.py
[2026-03-15T03:39:52.832+0000] {processor.py:183} INFO - Processing /opt/airflow/dags/dbt.py took 0.086 seconds
[2026-03-15T03:40:23.339+0000] {processor.py:161} INFO - Started process (PID=3546) to work on /opt/airflow/dags/dbt.py
[2026-03-15T03:40:23.341+0000] {processor.py:830} INFO - Processing file /opt/airflow/dags/dbt.py for tasks to queue
[2026-03-15T03:40:23.350+0000] {logging_mixin.py:188} INFO - [2026-03-15T03:40:23.348+0000] {dagbag.py:545} INFO - Filling up the DagBag from /opt/airflow/dags/dbt.py
[2026-03-15T03:40:23.363+0000] {logging_mixin.py:188} INFO - [2026-03-15T03:40:23.357+0000] {dagbag.py:355} ERROR - Failed to import: /opt/airflow/dags/dbt.py
Traceback (most recent call last):
  File "/home/airflow/.local/lib/python3.12/site-packages/airflow/models/dagbag.py", line 351, in parse
    loader.exec_module(new_module)
  File "<frozen importlib._bootstrap_external>", line 995, in exec_module
  File "<frozen importlib._bootstrap>", line 488, in _call_with_frames_removed
  File "/opt/airflow/dags/dbt.py", line 2, in <module>
    from airflow.providers.standard.operators.bash import BashOperator
ModuleNotFoundError: No module named 'airflow.providers.standard'
[2026-03-15T03:40:23.364+0000] {processor.py:842} WARNING - No viable dags retrieved from /opt/airflow/dags/dbt.py
[2026-03-15T03:40:23.406+0000] {processor.py:183} INFO - Processing /opt/airflow/dags/dbt.py took 0.091 seconds
[2026-03-15T03:40:53.818+0000] {processor.py:161} INFO - Started process (PID=3548) to work on /opt/airflow/dags/dbt.py
[2026-03-15T03:40:53.820+0000] {processor.py:830} INFO - Processing file /opt/airflow/dags/dbt.py for tasks to queue
[2026-03-15T03:40:53.829+0000] {logging_mixin.py:188} INFO - [2026-03-15T03:40:53.828+0000] {dagbag.py:545} INFO - Filling up the DagBag from /opt/airflow/dags/dbt.py
[2026-03-15T03:40:53.841+0000] {logging_mixin.py:188} INFO - [2026-03-15T03:40:53.839+0000] {dagbag.py:355} ERROR - Failed to import: /opt/airflow/dags/dbt.py
Traceback (most recent call last):
  File "/home/airflow/.local/lib/python3.12/site-packages/airflow/models/dagbag.py", line 351, in parse
    loader.exec_module(new_module)
  File "<frozen importlib._bootstrap_external>", line 995, in exec_module
  File "<frozen importlib._bootstrap>", line 488, in _call_with_frames_removed
  File "/opt/airflow/dags/dbt.py", line 2, in <module>
    from airflow.providers.standard.operators.bash import BashOperator
ModuleNotFoundError: No module named 'airflow.providers.standard'
[2026-03-15T03:40:53.842+0000] {processor.py:842} WARNING - No viable dags retrieved from /opt/airflow/dags/dbt.py
[2026-03-15T03:40:53.885+0000] {processor.py:183} INFO - Processing /opt/airflow/dags/dbt.py took 0.094 seconds
[2026-03-15T03:41:24.380+0000] {processor.py:161} INFO - Started process (PID=3550) to work on /opt/airflow/dags/dbt.py
[2026-03-15T03:41:24.382+0000] {processor.py:830} INFO - Processing file /opt/airflow/dags/dbt.py for tasks to queue
[2026-03-15T03:41:24.387+0000] {logging_mixin.py:188} INFO - [2026-03-15T03:41:24.386+0000] {dagbag.py:545} INFO - Filling up the DagBag from /opt/airflow/dags/dbt.py
[2026-03-15T03:41:24.402+0000] {logging_mixin.py:188} INFO - [2026-03-15T03:41:24.397+0000] {dagbag.py:355} ERROR - Failed to import: /opt/airflow/dags/dbt.py
Traceback (most recent call last):
  File "/home/airflow/.local/lib/python3.12/site-packages/airflow/models/dagbag.py", line 351, in parse
    loader.exec_module(new_module)
  File "<frozen importlib._bootstrap_external>", line 995, in exec_module
  File "<frozen importlib._bootstrap>", line 488, in _call_with_frames_removed
  File "/opt/airflow/dags/dbt.py", line 2, in <module>
    from airflow.providers.standard.operators.bash import BashOperator
ModuleNotFoundError: No module named 'airflow.providers.standard'
[2026-03-15T03:41:24.402+0000] {processor.py:842} WARNING - No viable dags retrieved from /opt/airflow/dags/dbt.py
[2026-03-15T03:41:24.437+0000] {processor.py:183} INFO - Processing /opt/airflow/dags/dbt.py took 0.086 seconds
[2026-03-15T03:41:54.866+0000] {processor.py:161} INFO - Started process (PID=3552) to work on /opt/airflow/dags/dbt.py
[2026-03-15T03:41:54.868+0000] {processor.py:830} INFO - Processing file /opt/airflow/dags/dbt.py for tasks to queue
[2026-03-15T03:41:54.871+0000] {logging_mixin.py:188} INFO - [2026-03-15T03:41:54.871+0000] {dagbag.py:545} INFO - Filling up the DagBag from /opt/airflow/dags/dbt.py
[2026-03-15T03:41:54.880+0000] {logging_mixin.py:188} INFO - [2026-03-15T03:41:54.876+0000] {dagbag.py:355} ERROR - Failed to import: /opt/airflow/dags/dbt.py
Traceback (most recent call last):
  File "/home/airflow/.local/lib/python3.12/site-packages/airflow/models/dagbag.py", line 351, in parse
    loader.exec_module(new_module)
  File "<frozen importlib._bootstrap_external>", line 995, in exec_module
  File "<frozen importlib._bootstrap>", line 488, in _call_with_frames_removed
  File "/opt/airflow/dags/dbt.py", line 2, in <module>
    from airflow.providers.standard.operators.bash import BashOperator
ModuleNotFoundError: No module named 'airflow.providers.standard'
[2026-03-15T03:41:54.882+0000] {processor.py:842} WARNING - No viable dags retrieved from /opt/airflow/dags/dbt.py
[2026-03-15T03:41:54.911+0000] {processor.py:183} INFO - Processing /opt/airflow/dags/dbt.py took 0.072 seconds
[2026-03-15T03:42:25.377+0000] {processor.py:161} INFO - Started process (PID=3554) to work on /opt/airflow/dags/dbt.py
[2026-03-15T03:42:25.379+0000] {processor.py:830} INFO - Processing file /opt/airflow/dags/dbt.py for tasks to queue
[2026-03-15T03:42:25.383+0000] {logging_mixin.py:188} INFO - [2026-03-15T03:42:25.382+0000] {dagbag.py:545} INFO - Filling up the DagBag from /opt/airflow/dags/dbt.py
[2026-03-15T03:42:25.390+0000] {logging_mixin.py:188} INFO - [2026-03-15T03:42:25.388+0000] {dagbag.py:355} ERROR - Failed to import: /opt/airflow/dags/dbt.py
Traceback (most recent call last):
  File "/home/airflow/.local/lib/python3.12/site-packages/airflow/models/dagbag.py", line 351, in parse
    loader.exec_module(new_module)
  File "<frozen importlib._bootstrap_external>", line 995, in exec_module
  File "<frozen importlib._bootstrap>", line 488, in _call_with_frames_removed
  File "/opt/airflow/dags/dbt.py", line 2, in <module>
    from airflow.providers.standard.operators.bash import BashOperator
ModuleNotFoundError: No module named 'airflow.providers.standard'
[2026-03-15T03:42:25.391+0000] {processor.py:842} WARNING - No viable dags retrieved from /opt/airflow/dags/dbt.py
[2026-03-15T03:42:25.427+0000] {processor.py:183} INFO - Processing /opt/airflow/dags/dbt.py took 0.071 seconds
[2026-03-15T03:42:55.814+0000] {processor.py:161} INFO - Started process (PID=3556) to work on /opt/airflow/dags/dbt.py
[2026-03-15T03:42:55.816+0000] {processor.py:830} INFO - Processing file /opt/airflow/dags/dbt.py for tasks to queue
[2026-03-15T03:42:55.823+0000] {logging_mixin.py:188} INFO - [2026-03-15T03:42:55.823+0000] {dagbag.py:545} INFO - Filling up the DagBag from /opt/airflow/dags/dbt.py
[2026-03-15T03:42:55.835+0000] {logging_mixin.py:188} INFO - [2026-03-15T03:42:55.833+0000] {dagbag.py:355} ERROR - Failed to import: /opt/airflow/dags/dbt.py
Traceback (most recent call last):
  File "/home/airflow/.local/lib/python3.12/site-packages/airflow/models/dagbag.py", line 351, in parse
    loader.exec_module(new_module)
  File "<frozen importlib._bootstrap_external>", line 995, in exec_module
  File "<frozen importlib._bootstrap>", line 488, in _call_with_frames_removed
  File "/opt/airflow/dags/dbt.py", line 2, in <module>
    from airflow.providers.standard.operators.bash import BashOperator
ModuleNotFoundError: No module named 'airflow.providers.standard'
[2026-03-15T03:42:55.835+0000] {processor.py:842} WARNING - No viable dags retrieved from /opt/airflow/dags/dbt.py
[2026-03-15T03:42:55.870+0000] {processor.py:183} INFO - Processing /opt/airflow/dags/dbt.py took 0.073 seconds
[2026-03-15T03:43:26.348+0000] {processor.py:161} INFO - Started process (PID=3558) to work on /opt/airflow/dags/dbt.py
[2026-03-15T03:43:26.351+0000] {processor.py:830} INFO - Processing file /opt/airflow/dags/dbt.py for tasks to queue
[2026-03-15T03:43:26.356+0000] {logging_mixin.py:188} INFO - [2026-03-15T03:43:26.356+0000] {dagbag.py:545} INFO - Filling up the DagBag from /opt/airflow/dags/dbt.py
[2026-03-15T03:43:26.366+0000] {logging_mixin.py:188} INFO - [2026-03-15T03:43:26.361+0000] {dagbag.py:355} ERROR - Failed to import: /opt/airflow/dags/dbt.py
Traceback (most recent call last):
  File "/home/airflow/.local/lib/python3.12/site-packages/airflow/models/dagbag.py", line 351, in parse
    loader.exec_module(new_module)
  File "<frozen importlib._bootstrap_external>", line 995, in exec_module
  File "<frozen importlib._bootstrap>", line 488, in _call_with_frames_removed
  File "/opt/airflow/dags/dbt.py", line 2, in <module>
    from airflow.providers.standard.operators.bash import BashOperator
ModuleNotFoundError: No module named 'airflow.providers.standard'
[2026-03-15T03:43:26.366+0000] {processor.py:842} WARNING - No viable dags retrieved from /opt/airflow/dags/dbt.py
[2026-03-15T03:43:26.413+0000] {processor.py:183} INFO - Processing /opt/airflow/dags/dbt.py took 0.088 seconds
[2026-03-15T03:43:56.836+0000] {processor.py:161} INFO - Started process (PID=3560) to work on /opt/airflow/dags/dbt.py
[2026-03-15T03:43:56.838+0000] {processor.py:830} INFO - Processing file /opt/airflow/dags/dbt.py for tasks to queue
[2026-03-15T03:43:56.846+0000] {logging_mixin.py:188} INFO - [2026-03-15T03:43:56.845+0000] {dagbag.py:545} INFO - Filling up the DagBag from /opt/airflow/dags/dbt.py
[2026-03-15T03:43:56.855+0000] {logging_mixin.py:188} INFO - [2026-03-15T03:43:56.852+0000] {dagbag.py:355} ERROR - Failed to import: /opt/airflow/dags/dbt.py
Traceback (most recent call last):
  File "/home/airflow/.local/lib/python3.12/site-packages/airflow/models/dagbag.py", line 351, in parse
    loader.exec_module(new_module)
  File "<frozen importlib._bootstrap_external>", line 995, in exec_module
  File "<frozen importlib._bootstrap>", line 488, in _call_with_frames_removed
  File "/opt/airflow/dags/dbt.py", line 2, in <module>
    from airflow.providers.standard.operators.bash import BashOperator
ModuleNotFoundError: No module named 'airflow.providers.standard'
[2026-03-15T03:43:56.856+0000] {processor.py:842} WARNING - No viable dags retrieved from /opt/airflow/dags/dbt.py
[2026-03-15T03:43:56.887+0000] {processor.py:183} INFO - Processing /opt/airflow/dags/dbt.py took 0.068 seconds
[2026-03-15T03:44:27.301+0000] {processor.py:161} INFO - Started process (PID=3562) to work on /opt/airflow/dags/dbt.py
[2026-03-15T03:44:27.302+0000] {processor.py:830} INFO - Processing file /opt/airflow/dags/dbt.py for tasks to queue
[2026-03-15T03:44:27.308+0000] {logging_mixin.py:188} INFO - [2026-03-15T03:44:27.307+0000] {dagbag.py:545} INFO - Filling up the DagBag from /opt/airflow/dags/dbt.py
[2026-03-15T03:44:27.317+0000] {logging_mixin.py:188} INFO - [2026-03-15T03:44:27.314+0000] {dagbag.py:355} ERROR - Failed to import: /opt/airflow/dags/dbt.py
Traceback (most recent call last):
  File "/home/airflow/.local/lib/python3.12/site-packages/airflow/models/dagbag.py", line 351, in parse
    loader.exec_module(new_module)
  File "<frozen importlib._bootstrap_external>", line 995, in exec_module
  File "<frozen importlib._bootstrap>", line 488, in _call_with_frames_removed
  File "/opt/airflow/dags/dbt.py", line 2, in <module>
    from airflow.providers.standard.operators.bash import BashOperator
ModuleNotFoundError: No module named 'airflow.providers.standard'
[2026-03-15T03:44:27.318+0000] {processor.py:842} WARNING - No viable dags retrieved from /opt/airflow/dags/dbt.py
[2026-03-15T03:44:27.345+0000] {processor.py:183} INFO - Processing /opt/airflow/dags/dbt.py took 0.062 seconds
[2026-03-15T03:44:57.739+0000] {processor.py:161} INFO - Started process (PID=3564) to work on /opt/airflow/dags/dbt.py
[2026-03-15T03:44:57.740+0000] {processor.py:830} INFO - Processing file /opt/airflow/dags/dbt.py for tasks to queue
[2026-03-15T03:44:57.749+0000] {logging_mixin.py:188} INFO - [2026-03-15T03:44:57.747+0000] {dagbag.py:545} INFO - Filling up the DagBag from /opt/airflow/dags/dbt.py
[2026-03-15T03:44:57.759+0000] {logging_mixin.py:188} INFO - [2026-03-15T03:44:57.755+0000] {dagbag.py:355} ERROR - Failed to import: /opt/airflow/dags/dbt.py
Traceback (most recent call last):
  File "/home/airflow/.local/lib/python3.12/site-packages/airflow/models/dagbag.py", line 351, in parse
    loader.exec_module(new_module)
  File "<frozen importlib._bootstrap_external>", line 995, in exec_module
  File "<frozen importlib._bootstrap>", line 488, in _call_with_frames_removed
  File "/opt/airflow/dags/dbt.py", line 2, in <module>
    from airflow.providers.standard.operators.bash import BashOperator
ModuleNotFoundError: No module named 'airflow.providers.standard'
[2026-03-15T03:44:57.762+0000] {processor.py:842} WARNING - No viable dags retrieved from /opt/airflow/dags/dbt.py
[2026-03-15T03:44:57.794+0000] {processor.py:183} INFO - Processing /opt/airflow/dags/dbt.py took 0.077 seconds
[2026-03-15T04:00:36.959+0000] {processor.py:161} INFO - Started process (PID=3566) to work on /opt/airflow/dags/dbt.py
[2026-03-15T04:00:36.961+0000] {processor.py:830} INFO - Processing file /opt/airflow/dags/dbt.py for tasks to queue
[2026-03-15T04:00:36.968+0000] {logging_mixin.py:188} INFO - [2026-03-15T04:00:36.968+0000] {dagbag.py:545} INFO - Filling up the DagBag from /opt/airflow/dags/dbt.py
[2026-03-15T04:00:36.977+0000] {logging_mixin.py:188} INFO - [2026-03-15T04:00:36.973+0000] {dagbag.py:355} ERROR - Failed to import: /opt/airflow/dags/dbt.py
Traceback (most recent call last):
  File "/home/airflow/.local/lib/python3.12/site-packages/airflow/models/dagbag.py", line 351, in parse
    loader.exec_module(new_module)
  File "<frozen importlib._bootstrap_external>", line 995, in exec_module
  File "<frozen importlib._bootstrap>", line 488, in _call_with_frames_removed
  File "/opt/airflow/dags/dbt.py", line 2, in <module>
    from airflow.providers.standard.operators.bash import BashOperator
ModuleNotFoundError: No module named 'airflow.providers.standard'
[2026-03-15T04:00:36.978+0000] {processor.py:842} WARNING - No viable dags retrieved from /opt/airflow/dags/dbt.py
[2026-03-15T04:00:37.003+0000] {processor.py:183} INFO - Processing /opt/airflow/dags/dbt.py took 0.063 seconds
[2026-03-15T04:01:07.462+0000] {processor.py:161} INFO - Started process (PID=3568) to work on /opt/airflow/dags/dbt.py
[2026-03-15T04:01:07.463+0000] {processor.py:830} INFO - Processing file /opt/airflow/dags/dbt.py for tasks to queue
[2026-03-15T04:01:07.470+0000] {logging_mixin.py:188} INFO - [2026-03-15T04:01:07.469+0000] {dagbag.py:545} INFO - Filling up the DagBag from /opt/airflow/dags/dbt.py
[2026-03-15T04:01:07.479+0000] {logging_mixin.py:188} INFO - [2026-03-15T04:01:07.475+0000] {dagbag.py:355} ERROR - Failed to import: /opt/airflow/dags/dbt.py
Traceback (most recent call last):
  File "/home/airflow/.local/lib/python3.12/site-packages/airflow/models/dagbag.py", line 351, in parse
    loader.exec_module(new_module)
  File "<frozen importlib._bootstrap_external>", line 995, in exec_module
  File "<frozen importlib._bootstrap>", line 488, in _call_with_frames_removed
  File "/opt/airflow/dags/dbt.py", line 2, in <module>
    from airflow.providers.standard.operators.bash import BashOperator
ModuleNotFoundError: No module named 'airflow.providers.standard'
[2026-03-15T04:01:07.479+0000] {processor.py:842} WARNING - No viable dags retrieved from /opt/airflow/dags/dbt.py
[2026-03-15T04:01:07.506+0000] {processor.py:183} INFO - Processing /opt/airflow/dags/dbt.py took 0.059 seconds
[2026-03-15T04:17:23.927+0000] {processor.py:161} INFO - Started process (PID=3570) to work on /opt/airflow/dags/dbt.py
[2026-03-15T04:17:23.928+0000] {processor.py:830} INFO - Processing file /opt/airflow/dags/dbt.py for tasks to queue
[2026-03-15T04:17:23.936+0000] {logging_mixin.py:188} INFO - [2026-03-15T04:17:23.936+0000] {dagbag.py:545} INFO - Filling up the DagBag from /opt/airflow/dags/dbt.py
[2026-03-15T04:17:23.944+0000] {logging_mixin.py:188} INFO - [2026-03-15T04:17:23.942+0000] {dagbag.py:355} ERROR - Failed to import: /opt/airflow/dags/dbt.py
Traceback (most recent call last):
  File "/home/airflow/.local/lib/python3.12/site-packages/airflow/models/dagbag.py", line 351, in parse
    loader.exec_module(new_module)
  File "<frozen importlib._bootstrap_external>", line 995, in exec_module
  File "<frozen importlib._bootstrap>", line 488, in _call_with_frames_removed
  File "/opt/airflow/dags/dbt.py", line 2, in <module>
    from airflow.providers.standard.operators.bash import BashOperator
ModuleNotFoundError: No module named 'airflow.providers.standard'
[2026-03-15T04:17:23.945+0000] {processor.py:842} WARNING - No viable dags retrieved from /opt/airflow/dags/dbt.py
[2026-03-15T04:17:23.974+0000] {processor.py:183} INFO - Processing /opt/airflow/dags/dbt.py took 0.069 seconds
[2026-03-15T04:25:19.275+0000] {processor.py:161} INFO - Started process (PID=3572) to work on /opt/airflow/dags/dbt.py
[2026-03-15T04:25:19.277+0000] {processor.py:830} INFO - Processing file /opt/airflow/dags/dbt.py for tasks to queue
[2026-03-15T04:25:19.281+0000] {logging_mixin.py:188} INFO - [2026-03-15T04:25:19.280+0000] {dagbag.py:545} INFO - Filling up the DagBag from /opt/airflow/dags/dbt.py
[2026-03-15T04:25:19.291+0000] {logging_mixin.py:188} INFO - [2026-03-15T04:25:19.286+0000] {dagbag.py:355} ERROR - Failed to import: /opt/airflow/dags/dbt.py
Traceback (most recent call last):
  File "/home/airflow/.local/lib/python3.12/site-packages/airflow/models/dagbag.py", line 351, in parse
    loader.exec_module(new_module)
  File "<frozen importlib._bootstrap_external>", line 995, in exec_module
  File "<frozen importlib._bootstrap>", line 488, in _call_with_frames_removed
  File "/opt/airflow/dags/dbt.py", line 2, in <module>
    from airflow.providers.standard.operators.bash import BashOperator
ModuleNotFoundError: No module named 'airflow.providers.standard'
[2026-03-15T04:25:19.291+0000] {processor.py:842} WARNING - No viable dags retrieved from /opt/airflow/dags/dbt.py
[2026-03-15T04:25:19.323+0000] {processor.py:183} INFO - Processing /opt/airflow/dags/dbt.py took 0.067 seconds
[2026-03-15T04:25:49.815+0000] {processor.py:161} INFO - Started process (PID=3574) to work on /opt/airflow/dags/dbt.py
[2026-03-15T04:25:49.817+0000] {processor.py:830} INFO - Processing file /opt/airflow/dags/dbt.py for tasks to queue
[2026-03-15T04:25:49.825+0000] {logging_mixin.py:188} INFO - [2026-03-15T04:25:49.825+0000] {dagbag.py:545} INFO - Filling up the DagBag from /opt/airflow/dags/dbt.py
[2026-03-15T04:25:49.835+0000] {logging_mixin.py:188} INFO - [2026-03-15T04:25:49.831+0000] {dagbag.py:355} ERROR - Failed to import: /opt/airflow/dags/dbt.py
Traceback (most recent call last):
  File "/home/airflow/.local/lib/python3.12/site-packages/airflow/models/dagbag.py", line 351, in parse
    loader.exec_module(new_module)
  File "<frozen importlib._bootstrap_external>", line 995, in exec_module
  File "<frozen importlib._bootstrap>", line 488, in _call_with_frames_removed
  File "/opt/airflow/dags/dbt.py", line 2, in <module>
    from airflow.providers.standard.operators.bash import BashOperator
ModuleNotFoundError: No module named 'airflow.providers.standard'
[2026-03-15T04:25:49.836+0000] {processor.py:842} WARNING - No viable dags retrieved from /opt/airflow/dags/dbt.py
[2026-03-15T04:25:49.863+0000] {processor.py:183} INFO - Processing /opt/airflow/dags/dbt.py took 0.073 seconds
[2026-03-15T04:41:44.989+0000] {processor.py:161} INFO - Started process (PID=3576) to work on /opt/airflow/dags/dbt.py
[2026-03-15T04:41:44.991+0000] {processor.py:830} INFO - Processing file /opt/airflow/dags/dbt.py for tasks to queue
[2026-03-15T04:41:44.998+0000] {logging_mixin.py:188} INFO - [2026-03-15T04:41:44.997+0000] {dagbag.py:545} INFO - Filling up the DagBag from /opt/airflow/dags/dbt.py
[2026-03-15T04:41:45.005+0000] {logging_mixin.py:188} INFO - [2026-03-15T04:41:45.002+0000] {dagbag.py:355} ERROR - Failed to import: /opt/airflow/dags/dbt.py
Traceback (most recent call last):
  File "/home/airflow/.local/lib/python3.12/site-packages/airflow/models/dagbag.py", line 351, in parse
    loader.exec_module(new_module)
  File "<frozen importlib._bootstrap_external>", line 995, in exec_module
  File "<frozen importlib._bootstrap>", line 488, in _call_with_frames_removed
  File "/opt/airflow/dags/dbt.py", line 2, in <module>
    from airflow.providers.standard.operators.bash import BashOperator
ModuleNotFoundError: No module named 'airflow.providers.standard'
[2026-03-15T04:41:45.007+0000] {processor.py:842} WARNING - No viable dags retrieved from /opt/airflow/dags/dbt.py
[2026-03-15T04:41:45.034+0000] {processor.py:183} INFO - Processing /opt/airflow/dags/dbt.py took 0.060 seconds
[2026-03-15T04:42:15.483+0000] {processor.py:161} INFO - Started process (PID=3578) to work on /opt/airflow/dags/dbt.py
[2026-03-15T04:42:15.484+0000] {processor.py:830} INFO - Processing file /opt/airflow/dags/dbt.py for tasks to queue
[2026-03-15T04:42:15.489+0000] {logging_mixin.py:188} INFO - [2026-03-15T04:42:15.488+0000] {dagbag.py:545} INFO - Filling up the DagBag from /opt/airflow/dags/dbt.py
[2026-03-15T04:42:15.498+0000] {logging_mixin.py:188} INFO - [2026-03-15T04:42:15.496+0000] {dagbag.py:355} ERROR - Failed to import: /opt/airflow/dags/dbt.py
Traceback (most recent call last):
  File "/home/airflow/.local/lib/python3.12/site-packages/airflow/models/dagbag.py", line 351, in parse
    loader.exec_module(new_module)
  File "<frozen importlib._bootstrap_external>", line 995, in exec_module
  File "<frozen importlib._bootstrap>", line 488, in _call_with_frames_removed
  File "/opt/airflow/dags/dbt.py", line 2, in <module>
    from airflow.providers.standard.operators.bash import BashOperator
ModuleNotFoundError: No module named 'airflow.providers.standard'
[2026-03-15T04:42:15.498+0000] {processor.py:842} WARNING - No viable dags retrieved from /opt/airflow/dags/dbt.py
[2026-03-15T04:42:15.522+0000] {processor.py:183} INFO - Processing /opt/airflow/dags/dbt.py took 0.052 seconds
[2026-03-15T04:52:28.829+0000] {processor.py:161} INFO - Started process (PID=3580) to work on /opt/airflow/dags/dbt.py
[2026-03-15T04:52:28.832+0000] {processor.py:830} INFO - Processing file /opt/airflow/dags/dbt.py for tasks to queue
[2026-03-15T04:52:28.839+0000] {logging_mixin.py:188} INFO - [2026-03-15T04:52:28.839+0000] {dagbag.py:545} INFO - Filling up the DagBag from /opt/airflow/dags/dbt.py
[2026-03-15T04:52:28.849+0000] {logging_mixin.py:188} INFO - [2026-03-15T04:52:28.845+0000] {dagbag.py:355} ERROR - Failed to import: /opt/airflow/dags/dbt.py
Traceback (most recent call last):
  File "/home/airflow/.local/lib/python3.12/site-packages/airflow/models/dagbag.py", line 351, in parse
    loader.exec_module(new_module)
  File "<frozen importlib._bootstrap_external>", line 995, in exec_module
  File "<frozen importlib._bootstrap>", line 488, in _call_with_frames_removed
  File "/opt/airflow/dags/dbt.py", line 2, in <module>
    from airflow.providers.standard.operators.bash import BashOperator
ModuleNotFoundError: No module named 'airflow.providers.standard'
[2026-03-15T04:52:28.850+0000] {processor.py:842} WARNING - No viable dags retrieved from /opt/airflow/dags/dbt.py
[2026-03-15T04:52:28.883+0000] {processor.py:183} INFO - Processing /opt/airflow/dags/dbt.py took 0.072 seconds
[2026-03-15T04:52:59.305+0000] {processor.py:161} INFO - Started process (PID=3582) to work on /opt/airflow/dags/dbt.py
[2026-03-15T04:52:59.307+0000] {processor.py:830} INFO - Processing file /opt/airflow/dags/dbt.py for tasks to queue
[2026-03-15T04:52:59.314+0000] {logging_mixin.py:188} INFO - [2026-03-15T04:52:59.313+0000] {dagbag.py:545} INFO - Filling up the DagBag from /opt/airflow/dags/dbt.py
[2026-03-15T04:52:59.324+0000] {logging_mixin.py:188} INFO - [2026-03-15T04:52:59.321+0000] {dagbag.py:355} ERROR - Failed to import: /opt/airflow/dags/dbt.py
Traceback (most recent call last):
  File "/home/airflow/.local/lib/python3.12/site-packages/airflow/models/dagbag.py", line 351, in parse
    loader.exec_module(new_module)
  File "<frozen importlib._bootstrap_external>", line 995, in exec_module
  File "<frozen importlib._bootstrap>", line 488, in _call_with_frames_removed
  File "/opt/airflow/dags/dbt.py", line 2, in <module>
    from airflow.providers.standard.operators.bash import BashOperator
ModuleNotFoundError: No module named 'airflow.providers.standard'
[2026-03-15T04:52:59.325+0000] {processor.py:842} WARNING - No viable dags retrieved from /opt/airflow/dags/dbt.py
[2026-03-15T04:52:59.350+0000] {processor.py:183} INFO - Processing /opt/airflow/dags/dbt.py took 0.066 seconds
[2026-03-15T04:53:29.775+0000] {processor.py:161} INFO - Started process (PID=3584) to work on /opt/airflow/dags/dbt.py
[2026-03-15T04:53:29.777+0000] {processor.py:830} INFO - Processing file /opt/airflow/dags/dbt.py for tasks to queue
[2026-03-15T04:53:29.783+0000] {logging_mixin.py:188} INFO - [2026-03-15T04:53:29.783+0000] {dagbag.py:545} INFO - Filling up the DagBag from /opt/airflow/dags/dbt.py
[2026-03-15T04:53:29.795+0000] {logging_mixin.py:188} INFO - [2026-03-15T04:53:29.791+0000] {dagbag.py:355} ERROR - Failed to import: /opt/airflow/dags/dbt.py
Traceback (most recent call last):
  File "/home/airflow/.local/lib/python3.12/site-packages/airflow/models/dagbag.py", line 351, in parse
    loader.exec_module(new_module)
  File "<frozen importlib._bootstrap_external>", line 995, in exec_module
  File "<frozen importlib._bootstrap>", line 488, in _call_with_frames_removed
  File "/opt/airflow/dags/dbt.py", line 2, in <module>
    from airflow.providers.standard.operators.bash import BashOperator
ModuleNotFoundError: No module named 'airflow.providers.standard'
[2026-03-15T04:53:29.795+0000] {processor.py:842} WARNING - No viable dags retrieved from /opt/airflow/dags/dbt.py
[2026-03-15T04:53:29.833+0000] {processor.py:183} INFO - Processing /opt/airflow/dags/dbt.py took 0.081 seconds
[2026-03-15T04:54:00.213+0000] {processor.py:161} INFO - Started process (PID=3586) to work on /opt/airflow/dags/dbt.py
[2026-03-15T04:54:00.215+0000] {processor.py:830} INFO - Processing file /opt/airflow/dags/dbt.py for tasks to queue
[2026-03-15T04:54:00.219+0000] {logging_mixin.py:188} INFO - [2026-03-15T04:54:00.219+0000] {dagbag.py:545} INFO - Filling up the DagBag from /opt/airflow/dags/dbt.py
[2026-03-15T04:54:00.227+0000] {logging_mixin.py:188} INFO - [2026-03-15T04:54:00.225+0000] {dagbag.py:355} ERROR - Failed to import: /opt/airflow/dags/dbt.py
Traceback (most recent call last):
  File "/home/airflow/.local/lib/python3.12/site-packages/airflow/models/dagbag.py", line 351, in parse
    loader.exec_module(new_module)
  File "<frozen importlib._bootstrap_external>", line 995, in exec_module
  File "<frozen importlib._bootstrap>", line 488, in _call_with_frames_removed
  File "/opt/airflow/dags/dbt.py", line 2, in <module>
    from airflow.providers.standard.operators.bash import BashOperator
ModuleNotFoundError: No module named 'airflow.providers.standard'
[2026-03-15T04:54:00.228+0000] {processor.py:842} WARNING - No viable dags retrieved from /opt/airflow/dags/dbt.py
[2026-03-15T04:54:00.254+0000] {processor.py:183} INFO - Processing /opt/airflow/dags/dbt.py took 0.058 seconds
[2026-03-15T04:54:30.613+0000] {processor.py:161} INFO - Started process (PID=3588) to work on /opt/airflow/dags/dbt.py
[2026-03-15T04:54:30.614+0000] {processor.py:830} INFO - Processing file /opt/airflow/dags/dbt.py for tasks to queue
[2026-03-15T04:54:30.618+0000] {logging_mixin.py:188} INFO - [2026-03-15T04:54:30.618+0000] {dagbag.py:545} INFO - Filling up the DagBag from /opt/airflow/dags/dbt.py
[2026-03-15T04:54:30.629+0000] {logging_mixin.py:188} INFO - [2026-03-15T04:54:30.624+0000] {dagbag.py:355} ERROR - Failed to import: /opt/airflow/dags/dbt.py
Traceback (most recent call last):
  File "/home/airflow/.local/lib/python3.12/site-packages/airflow/models/dagbag.py", line 351, in parse
    loader.exec_module(new_module)
  File "<frozen importlib._bootstrap_external>", line 995, in exec_module
  File "<frozen importlib._bootstrap>", line 488, in _call_with_frames_removed
  File "/opt/airflow/dags/dbt.py", line 2, in <module>
    from airflow.providers.standard.operators.bash import BashOperator
ModuleNotFoundError: No module named 'airflow.providers.standard'
[2026-03-15T04:54:30.630+0000] {processor.py:842} WARNING - No viable dags retrieved from /opt/airflow/dags/dbt.py
[2026-03-15T04:54:30.655+0000] {processor.py:183} INFO - Processing /opt/airflow/dags/dbt.py took 0.057 seconds
[2026-03-15T04:55:01.025+0000] {processor.py:161} INFO - Started process (PID=3590) to work on /opt/airflow/dags/dbt.py
[2026-03-15T04:55:01.027+0000] {processor.py:830} INFO - Processing file /opt/airflow/dags/dbt.py for tasks to queue
[2026-03-15T04:55:01.037+0000] {logging_mixin.py:188} INFO - [2026-03-15T04:55:01.036+0000] {dagbag.py:545} INFO - Filling up the DagBag from /opt/airflow/dags/dbt.py
[2026-03-15T04:55:01.053+0000] {logging_mixin.py:188} INFO - [2026-03-15T04:55:01.051+0000] {dagbag.py:355} ERROR - Failed to import: /opt/airflow/dags/dbt.py
Traceback (most recent call last):
  File "/home/airflow/.local/lib/python3.12/site-packages/airflow/models/dagbag.py", line 351, in parse
    loader.exec_module(new_module)
  File "<frozen importlib._bootstrap_external>", line 995, in exec_module
  File "<frozen importlib._bootstrap>", line 488, in _call_with_frames_removed
  File "/opt/airflow/dags/dbt.py", line 2, in <module>
    from airflow.providers.standard.operators.bash import BashOperator
ModuleNotFoundError: No module named 'airflow.providers.standard'
[2026-03-15T04:55:01.054+0000] {processor.py:842} WARNING - No viable dags retrieved from /opt/airflow/dags/dbt.py
[2026-03-15T04:55:01.097+0000] {processor.py:183} INFO - Processing /opt/airflow/dags/dbt.py took 0.098 seconds
[2026-03-15T04:55:31.505+0000] {processor.py:161} INFO - Started process (PID=3592) to work on /opt/airflow/dags/dbt.py
[2026-03-15T04:55:31.507+0000] {processor.py:830} INFO - Processing file /opt/airflow/dags/dbt.py for tasks to queue
[2026-03-15T04:55:31.513+0000] {logging_mixin.py:188} INFO - [2026-03-15T04:55:31.512+0000] {dagbag.py:545} INFO - Filling up the DagBag from /opt/airflow/dags/dbt.py
[2026-03-15T04:55:31.521+0000] {logging_mixin.py:188} INFO - [2026-03-15T04:55:31.518+0000] {dagbag.py:355} ERROR - Failed to import: /opt/airflow/dags/dbt.py
Traceback (most recent call last):
  File "/home/airflow/.local/lib/python3.12/site-packages/airflow/models/dagbag.py", line 351, in parse
    loader.exec_module(new_module)
  File "<frozen importlib._bootstrap_external>", line 995, in exec_module
  File "<frozen importlib._bootstrap>", line 488, in _call_with_frames_removed
  File "/opt/airflow/dags/dbt.py", line 2, in <module>
    from airflow.providers.standard.operators.bash import BashOperator
ModuleNotFoundError: No module named 'airflow.providers.standard'
[2026-03-15T04:55:31.523+0000] {processor.py:842} WARNING - No viable dags retrieved from /opt/airflow/dags/dbt.py
[2026-03-15T04:55:31.559+0000] {processor.py:183} INFO - Processing /opt/airflow/dags/dbt.py took 0.075 seconds
[2026-03-15T04:56:01.888+0000] {processor.py:161} INFO - Started process (PID=3594) to work on /opt/airflow/dags/dbt.py
[2026-03-15T04:56:01.891+0000] {processor.py:830} INFO - Processing file /opt/airflow/dags/dbt.py for tasks to queue
[2026-03-15T04:56:01.896+0000] {logging_mixin.py:188} INFO - [2026-03-15T04:56:01.895+0000] {dagbag.py:545} INFO - Filling up the DagBag from /opt/airflow/dags/dbt.py
[2026-03-15T04:56:01.903+0000] {logging_mixin.py:188} INFO - [2026-03-15T04:56:01.901+0000] {dagbag.py:355} ERROR - Failed to import: /opt/airflow/dags/dbt.py
Traceback (most recent call last):
  File "/home/airflow/.local/lib/python3.12/site-packages/airflow/models/dagbag.py", line 351, in parse
    loader.exec_module(new_module)
  File "<frozen importlib._bootstrap_external>", line 995, in exec_module
  File "<frozen importlib._bootstrap>", line 488, in _call_with_frames_removed
  File "/opt/airflow/dags/dbt.py", line 2, in <module>
    from airflow.providers.standard.operators.bash import BashOperator
ModuleNotFoundError: No module named 'airflow.providers.standard'
[2026-03-15T04:56:01.904+0000] {processor.py:842} WARNING - No viable dags retrieved from /opt/airflow/dags/dbt.py
[2026-03-15T04:56:01.929+0000] {processor.py:183} INFO - Processing /opt/airflow/dags/dbt.py took 0.056 seconds
[2026-03-15T04:56:32.323+0000] {processor.py:161} INFO - Started process (PID=3596) to work on /opt/airflow/dags/dbt.py
[2026-03-15T04:56:32.326+0000] {processor.py:830} INFO - Processing file /opt/airflow/dags/dbt.py for tasks to queue
[2026-03-15T04:56:32.331+0000] {logging_mixin.py:188} INFO - [2026-03-15T04:56:32.330+0000] {dagbag.py:545} INFO - Filling up the DagBag from /opt/airflow/dags/dbt.py
[2026-03-15T04:56:32.339+0000] {logging_mixin.py:188} INFO - [2026-03-15T04:56:32.337+0000] {dagbag.py:355} ERROR - Failed to import: /opt/airflow/dags/dbt.py
Traceback (most recent call last):
  File "/home/airflow/.local/lib/python3.12/site-packages/airflow/models/dagbag.py", line 351, in parse
    loader.exec_module(new_module)
  File "<frozen importlib._bootstrap_external>", line 995, in exec_module
  File "<frozen importlib._bootstrap>", line 488, in _call_with_frames_removed
  File "/opt/airflow/dags/dbt.py", line 2, in <module>
    from airflow.providers.standard.operators.bash import BashOperator
ModuleNotFoundError: No module named 'airflow.providers.standard'
[2026-03-15T04:56:32.341+0000] {processor.py:842} WARNING - No viable dags retrieved from /opt/airflow/dags/dbt.py
[2026-03-15T04:56:32.376+0000] {processor.py:183} INFO - Processing /opt/airflow/dags/dbt.py took 0.080 seconds
[2026-03-15T04:57:02.758+0000] {processor.py:161} INFO - Started process (PID=3598) to work on /opt/airflow/dags/dbt.py
[2026-03-15T04:57:02.759+0000] {processor.py:830} INFO - Processing file /opt/airflow/dags/dbt.py for tasks to queue
[2026-03-15T04:57:02.766+0000] {logging_mixin.py:188} INFO - [2026-03-15T04:57:02.766+0000] {dagbag.py:545} INFO - Filling up the DagBag from /opt/airflow/dags/dbt.py
[2026-03-15T04:57:02.779+0000] {logging_mixin.py:188} INFO - [2026-03-15T04:57:02.776+0000] {dagbag.py:355} ERROR - Failed to import: /opt/airflow/dags/dbt.py
Traceback (most recent call last):
  File "/home/airflow/.local/lib/python3.12/site-packages/airflow/models/dagbag.py", line 351, in parse
    loader.exec_module(new_module)
  File "<frozen importlib._bootstrap_external>", line 995, in exec_module
  File "<frozen importlib._bootstrap>", line 488, in _call_with_frames_removed
  File "/opt/airflow/dags/dbt.py", line 2, in <module>
    from airflow.providers.standard.operators.bash import BashOperator
ModuleNotFoundError: No module named 'airflow.providers.standard'
[2026-03-15T04:57:02.780+0000] {processor.py:842} WARNING - No viable dags retrieved from /opt/airflow/dags/dbt.py
[2026-03-15T04:57:02.814+0000] {processor.py:183} INFO - Processing /opt/airflow/dags/dbt.py took 0.080 seconds
[2026-03-15T04:57:33.250+0000] {processor.py:161} INFO - Started process (PID=3600) to work on /opt/airflow/dags/dbt.py
[2026-03-15T04:57:33.252+0000] {processor.py:830} INFO - Processing file /opt/airflow/dags/dbt.py for tasks to queue
[2026-03-15T04:57:33.258+0000] {logging_mixin.py:188} INFO - [2026-03-15T04:57:33.257+0000] {dagbag.py:545} INFO - Filling up the DagBag from /opt/airflow/dags/dbt.py
[2026-03-15T04:57:33.269+0000] {logging_mixin.py:188} INFO - [2026-03-15T04:57:33.267+0000] {dagbag.py:355} ERROR - Failed to import: /opt/airflow/dags/dbt.py
Traceback (most recent call last):
  File "/home/airflow/.local/lib/python3.12/site-packages/airflow/models/dagbag.py", line 351, in parse
    loader.exec_module(new_module)
  File "<frozen importlib._bootstrap_external>", line 995, in exec_module
  File "<frozen importlib._bootstrap>", line 488, in _call_with_frames_removed
  File "/opt/airflow/dags/dbt.py", line 2, in <module>
    from airflow.providers.standard.operators.bash import BashOperator
ModuleNotFoundError: No module named 'airflow.providers.standard'
[2026-03-15T04:57:33.269+0000] {processor.py:842} WARNING - No viable dags retrieved from /opt/airflow/dags/dbt.py
[2026-03-15T04:57:33.299+0000] {processor.py:183} INFO - Processing /opt/airflow/dags/dbt.py took 0.069 seconds
[2026-03-15T04:58:03.645+0000] {processor.py:161} INFO - Started process (PID=3602) to work on /opt/airflow/dags/dbt.py
[2026-03-15T04:58:03.646+0000] {processor.py:830} INFO - Processing file /opt/airflow/dags/dbt.py for tasks to queue
[2026-03-15T04:58:03.650+0000] {logging_mixin.py:188} INFO - [2026-03-15T04:58:03.650+0000] {dagbag.py:545} INFO - Filling up the DagBag from /opt/airflow/dags/dbt.py
[2026-03-15T04:58:03.660+0000] {logging_mixin.py:188} INFO - [2026-03-15T04:58:03.657+0000] {dagbag.py:355} ERROR - Failed to import: /opt/airflow/dags/dbt.py
Traceback (most recent call last):
  File "/home/airflow/.local/lib/python3.12/site-packages/airflow/models/dagbag.py", line 351, in parse
    loader.exec_module(new_module)
  File "<frozen importlib._bootstrap_external>", line 995, in exec_module
  File "<frozen importlib._bootstrap>", line 488, in _call_with_frames_removed
  File "/opt/airflow/dags/dbt.py", line 2, in <module>
    from airflow.providers.standard.operators.bash import BashOperator
ModuleNotFoundError: No module named 'airflow.providers.standard'
[2026-03-15T04:58:03.660+0000] {processor.py:842} WARNING - No viable dags retrieved from /opt/airflow/dags/dbt.py
[2026-03-15T04:58:03.690+0000] {processor.py:183} INFO - Processing /opt/airflow/dags/dbt.py took 0.061 seconds
[2026-03-15T04:58:34.102+0000] {processor.py:161} INFO - Started process (PID=3604) to work on /opt/airflow/dags/dbt.py
[2026-03-15T04:58:34.104+0000] {processor.py:830} INFO - Processing file /opt/airflow/dags/dbt.py for tasks to queue
[2026-03-15T04:58:34.109+0000] {logging_mixin.py:188} INFO - [2026-03-15T04:58:34.109+0000] {dagbag.py:545} INFO - Filling up the DagBag from /opt/airflow/dags/dbt.py
[2026-03-15T04:58:34.119+0000] {logging_mixin.py:188} INFO - [2026-03-15T04:58:34.114+0000] {dagbag.py:355} ERROR - Failed to import: /opt/airflow/dags/dbt.py
Traceback (most recent call last):
  File "/home/airflow/.local/lib/python3.12/site-packages/airflow/models/dagbag.py", line 351, in parse
    loader.exec_module(new_module)
  File "<frozen importlib._bootstrap_external>", line 995, in exec_module
  File "<frozen importlib._bootstrap>", line 488, in _call_with_frames_removed
  File "/opt/airflow/dags/dbt.py", line 2, in <module>
    from airflow.providers.standard.operators.bash import BashOperator
ModuleNotFoundError: No module named 'airflow.providers.standard'
[2026-03-15T04:58:34.119+0000] {processor.py:842} WARNING - No viable dags retrieved from /opt/airflow/dags/dbt.py
[2026-03-15T04:58:34.157+0000] {processor.py:183} INFO - Processing /opt/airflow/dags/dbt.py took 0.079 seconds
[2026-03-15T04:59:04.589+0000] {processor.py:161} INFO - Started process (PID=3606) to work on /opt/airflow/dags/dbt.py
[2026-03-15T04:59:04.592+0000] {processor.py:830} INFO - Processing file /opt/airflow/dags/dbt.py for tasks to queue
[2026-03-15T04:59:04.598+0000] {logging_mixin.py:188} INFO - [2026-03-15T04:59:04.598+0000] {dagbag.py:545} INFO - Filling up the DagBag from /opt/airflow/dags/dbt.py
[2026-03-15T04:59:04.614+0000] {logging_mixin.py:188} INFO - [2026-03-15T04:59:04.609+0000] {dagbag.py:355} ERROR - Failed to import: /opt/airflow/dags/dbt.py
Traceback (most recent call last):
  File "/home/airflow/.local/lib/python3.12/site-packages/airflow/models/dagbag.py", line 351, in parse
    loader.exec_module(new_module)
  File "<frozen importlib._bootstrap_external>", line 995, in exec_module
  File "<frozen importlib._bootstrap>", line 488, in _call_with_frames_removed
  File "/opt/airflow/dags/dbt.py", line 2, in <module>
    from airflow.providers.standard.operators.bash import BashOperator
ModuleNotFoundError: No module named 'airflow.providers.standard'
[2026-03-15T04:59:04.614+0000] {processor.py:842} WARNING - No viable dags retrieved from /opt/airflow/dags/dbt.py
[2026-03-15T04:59:04.646+0000] {processor.py:183} INFO - Processing /opt/airflow/dags/dbt.py took 0.076 seconds
[2026-03-15T04:59:35.056+0000] {processor.py:161} INFO - Started process (PID=3608) to work on /opt/airflow/dags/dbt.py
[2026-03-15T04:59:35.057+0000] {processor.py:830} INFO - Processing file /opt/airflow/dags/dbt.py for tasks to queue
[2026-03-15T04:59:35.064+0000] {logging_mixin.py:188} INFO - [2026-03-15T04:59:35.064+0000] {dagbag.py:545} INFO - Filling up the DagBag from /opt/airflow/dags/dbt.py
[2026-03-15T04:59:35.073+0000] {logging_mixin.py:188} INFO - [2026-03-15T04:59:35.069+0000] {dagbag.py:355} ERROR - Failed to import: /opt/airflow/dags/dbt.py
Traceback (most recent call last):
  File "/home/airflow/.local/lib/python3.12/site-packages/airflow/models/dagbag.py", line 351, in parse
    loader.exec_module(new_module)
  File "<frozen importlib._bootstrap_external>", line 995, in exec_module
  File "<frozen importlib._bootstrap>", line 488, in _call_with_frames_removed
  File "/opt/airflow/dags/dbt.py", line 2, in <module>
    from airflow.providers.standard.operators.bash import BashOperator
ModuleNotFoundError: No module named 'airflow.providers.standard'
[2026-03-15T04:59:35.073+0000] {processor.py:842} WARNING - No viable dags retrieved from /opt/airflow/dags/dbt.py
[2026-03-15T04:59:35.115+0000] {processor.py:183} INFO - Processing /opt/airflow/dags/dbt.py took 0.080 seconds
[2026-03-15T05:00:05.535+0000] {processor.py:161} INFO - Started process (PID=3610) to work on /opt/airflow/dags/dbt.py
[2026-03-15T05:00:05.538+0000] {processor.py:830} INFO - Processing file /opt/airflow/dags/dbt.py for tasks to queue
[2026-03-15T05:00:05.546+0000] {logging_mixin.py:188} INFO - [2026-03-15T05:00:05.546+0000] {dagbag.py:545} INFO - Filling up the DagBag from /opt/airflow/dags/dbt.py
[2026-03-15T05:00:05.560+0000] {logging_mixin.py:188} INFO - [2026-03-15T05:00:05.553+0000] {dagbag.py:355} ERROR - Failed to import: /opt/airflow/dags/dbt.py
Traceback (most recent call last):
  File "/home/airflow/.local/lib/python3.12/site-packages/airflow/models/dagbag.py", line 351, in parse
    loader.exec_module(new_module)
  File "<frozen importlib._bootstrap_external>", line 995, in exec_module
  File "<frozen importlib._bootstrap>", line 488, in _call_with_frames_removed
  File "/opt/airflow/dags/dbt.py", line 2, in <module>
    from airflow.providers.standard.operators.bash import BashOperator
ModuleNotFoundError: No module named 'airflow.providers.standard'
[2026-03-15T05:00:05.561+0000] {processor.py:842} WARNING - No viable dags retrieved from /opt/airflow/dags/dbt.py
[2026-03-15T05:00:05.595+0000] {processor.py:183} INFO - Processing /opt/airflow/dags/dbt.py took 0.084 seconds
[2026-03-15T05:00:35.959+0000] {processor.py:161} INFO - Started process (PID=3612) to work on /opt/airflow/dags/dbt.py
[2026-03-15T05:00:35.963+0000] {processor.py:830} INFO - Processing file /opt/airflow/dags/dbt.py for tasks to queue
[2026-03-15T05:00:35.967+0000] {logging_mixin.py:188} INFO - [2026-03-15T05:00:35.966+0000] {dagbag.py:545} INFO - Filling up the DagBag from /opt/airflow/dags/dbt.py
[2026-03-15T05:00:35.973+0000] {logging_mixin.py:188} INFO - [2026-03-15T05:00:35.971+0000] {dagbag.py:355} ERROR - Failed to import: /opt/airflow/dags/dbt.py
Traceback (most recent call last):
  File "/home/airflow/.local/lib/python3.12/site-packages/airflow/models/dagbag.py", line 351, in parse
    loader.exec_module(new_module)
  File "<frozen importlib._bootstrap_external>", line 995, in exec_module
  File "<frozen importlib._bootstrap>", line 488, in _call_with_frames_removed
  File "/opt/airflow/dags/dbt.py", line 2, in <module>
    from airflow.providers.standard.operators.bash import BashOperator
ModuleNotFoundError: No module named 'airflow.providers.standard'
[2026-03-15T05:00:35.974+0000] {processor.py:842} WARNING - No viable dags retrieved from /opt/airflow/dags/dbt.py
[2026-03-15T05:00:35.998+0000] {processor.py:183} INFO - Processing /opt/airflow/dags/dbt.py took 0.049 seconds
[2026-03-15T05:01:06.431+0000] {processor.py:161} INFO - Started process (PID=3614) to work on /opt/airflow/dags/dbt.py
[2026-03-15T05:01:06.433+0000] {processor.py:830} INFO - Processing file /opt/airflow/dags/dbt.py for tasks to queue
[2026-03-15T05:01:06.444+0000] {logging_mixin.py:188} INFO - [2026-03-15T05:01:06.443+0000] {dagbag.py:545} INFO - Filling up the DagBag from /opt/airflow/dags/dbt.py
[2026-03-15T05:01:06.455+0000] {logging_mixin.py:188} INFO - [2026-03-15T05:01:06.453+0000] {dagbag.py:355} ERROR - Failed to import: /opt/airflow/dags/dbt.py
Traceback (most recent call last):
  File "/home/airflow/.local/lib/python3.12/site-packages/airflow/models/dagbag.py", line 351, in parse
    loader.exec_module(new_module)
  File "<frozen importlib._bootstrap_external>", line 995, in exec_module
  File "<frozen importlib._bootstrap>", line 488, in _call_with_frames_removed
  File "/opt/airflow/dags/dbt.py", line 2, in <module>
    from airflow.providers.standard.operators.bash import BashOperator
ModuleNotFoundError: No module named 'airflow.providers.standard'
[2026-03-15T05:01:06.455+0000] {processor.py:842} WARNING - No viable dags retrieved from /opt/airflow/dags/dbt.py
[2026-03-15T05:01:06.495+0000] {processor.py:183} INFO - Processing /opt/airflow/dags/dbt.py took 0.088 seconds
[2026-03-15T05:01:36.864+0000] {processor.py:161} INFO - Started process (PID=3616) to work on /opt/airflow/dags/dbt.py
[2026-03-15T05:01:36.865+0000] {processor.py:830} INFO - Processing file /opt/airflow/dags/dbt.py for tasks to queue
[2026-03-15T05:01:36.867+0000] {logging_mixin.py:188} INFO - [2026-03-15T05:01:36.866+0000] {dagbag.py:545} INFO - Filling up the DagBag from /opt/airflow/dags/dbt.py
[2026-03-15T05:01:36.872+0000] {logging_mixin.py:188} INFO - [2026-03-15T05:01:36.870+0000] {dagbag.py:355} ERROR - Failed to import: /opt/airflow/dags/dbt.py
Traceback (most recent call last):
  File "/home/airflow/.local/lib/python3.12/site-packages/airflow/models/dagbag.py", line 351, in parse
    loader.exec_module(new_module)
  File "<frozen importlib._bootstrap_external>", line 995, in exec_module
  File "<frozen importlib._bootstrap>", line 488, in _call_with_frames_removed
  File "/opt/airflow/dags/dbt.py", line 2, in <module>
    from airflow.providers.standard.operators.bash import BashOperator
ModuleNotFoundError: No module named 'airflow.providers.standard'
[2026-03-15T05:01:36.874+0000] {processor.py:842} WARNING - No viable dags retrieved from /opt/airflow/dags/dbt.py
[2026-03-15T05:01:36.892+0000] {processor.py:183} INFO - Processing /opt/airflow/dags/dbt.py took 0.038 seconds
[2026-03-15T05:02:07.314+0000] {processor.py:161} INFO - Started process (PID=3618) to work on /opt/airflow/dags/dbt.py
[2026-03-15T05:02:07.315+0000] {processor.py:830} INFO - Processing file /opt/airflow/dags/dbt.py for tasks to queue
[2026-03-15T05:02:07.321+0000] {logging_mixin.py:188} INFO - [2026-03-15T05:02:07.320+0000] {dagbag.py:545} INFO - Filling up the DagBag from /opt/airflow/dags/dbt.py
[2026-03-15T05:02:07.333+0000] {logging_mixin.py:188} INFO - [2026-03-15T05:02:07.330+0000] {dagbag.py:355} ERROR - Failed to import: /opt/airflow/dags/dbt.py
Traceback (most recent call last):
  File "/home/airflow/.local/lib/python3.12/site-packages/airflow/models/dagbag.py", line 351, in parse
    loader.exec_module(new_module)
  File "<frozen importlib._bootstrap_external>", line 995, in exec_module
  File "<frozen importlib._bootstrap>", line 488, in _call_with_frames_removed
  File "/opt/airflow/dags/dbt.py", line 2, in <module>
    from airflow.providers.standard.operators.bash import BashOperator
ModuleNotFoundError: No module named 'airflow.providers.standard'
[2026-03-15T05:02:07.333+0000] {processor.py:842} WARNING - No viable dags retrieved from /opt/airflow/dags/dbt.py
[2026-03-15T05:02:07.371+0000] {processor.py:183} INFO - Processing /opt/airflow/dags/dbt.py took 0.079 seconds
[2026-03-15T05:02:37.829+0000] {processor.py:161} INFO - Started process (PID=3620) to work on /opt/airflow/dags/dbt.py
[2026-03-15T05:02:37.831+0000] {processor.py:830} INFO - Processing file /opt/airflow/dags/dbt.py for tasks to queue
[2026-03-15T05:02:37.836+0000] {logging_mixin.py:188} INFO - [2026-03-15T05:02:37.835+0000] {dagbag.py:545} INFO - Filling up the DagBag from /opt/airflow/dags/dbt.py
[2026-03-15T05:02:37.842+0000] {logging_mixin.py:188} INFO - [2026-03-15T05:02:37.841+0000] {dagbag.py:355} ERROR - Failed to import: /opt/airflow/dags/dbt.py
Traceback (most recent call last):
  File "/home/airflow/.local/lib/python3.12/site-packages/airflow/models/dagbag.py", line 351, in parse
    loader.exec_module(new_module)
  File "<frozen importlib._bootstrap_external>", line 995, in exec_module
  File "<frozen importlib._bootstrap>", line 488, in _call_with_frames_removed
  File "/opt/airflow/dags/dbt.py", line 2, in <module>
    from airflow.providers.standard.operators.bash import BashOperator
ModuleNotFoundError: No module named 'airflow.providers.standard'
[2026-03-15T05:02:37.843+0000] {processor.py:842} WARNING - No viable dags retrieved from /opt/airflow/dags/dbt.py
[2026-03-15T05:02:37.872+0000] {processor.py:183} INFO - Processing /opt/airflow/dags/dbt.py took 0.061 seconds
[2026-03-15T05:03:08.350+0000] {processor.py:161} INFO - Started process (PID=3622) to work on /opt/airflow/dags/dbt.py
[2026-03-15T05:03:08.351+0000] {processor.py:830} INFO - Processing file /opt/airflow/dags/dbt.py for tasks to queue
[2026-03-15T05:03:08.358+0000] {logging_mixin.py:188} INFO - [2026-03-15T05:03:08.357+0000] {dagbag.py:545} INFO - Filling up the DagBag from /opt/airflow/dags/dbt.py
[2026-03-15T05:03:08.369+0000] {logging_mixin.py:188} INFO - [2026-03-15T05:03:08.364+0000] {dagbag.py:355} ERROR - Failed to import: /opt/airflow/dags/dbt.py
Traceback (most recent call last):
  File "/home/airflow/.local/lib/python3.12/site-packages/airflow/models/dagbag.py", line 351, in parse
    loader.exec_module(new_module)
  File "<frozen importlib._bootstrap_external>", line 995, in exec_module
  File "<frozen importlib._bootstrap>", line 488, in _call_with_frames_removed
  File "/opt/airflow/dags/dbt.py", line 2, in <module>
    from airflow.providers.standard.operators.bash import BashOperator
ModuleNotFoundError: No module named 'airflow.providers.standard'
[2026-03-15T05:03:08.369+0000] {processor.py:842} WARNING - No viable dags retrieved from /opt/airflow/dags/dbt.py
[2026-03-15T05:03:08.409+0000] {processor.py:183} INFO - Processing /opt/airflow/dags/dbt.py took 0.076 seconds
[2026-03-15T05:03:38.770+0000] {processor.py:161} INFO - Started process (PID=3624) to work on /opt/airflow/dags/dbt.py
[2026-03-15T05:03:38.772+0000] {processor.py:830} INFO - Processing file /opt/airflow/dags/dbt.py for tasks to queue
[2026-03-15T05:03:38.777+0000] {logging_mixin.py:188} INFO - [2026-03-15T05:03:38.776+0000] {dagbag.py:545} INFO - Filling up the DagBag from /opt/airflow/dags/dbt.py
[2026-03-15T05:03:38.792+0000] {logging_mixin.py:188} INFO - [2026-03-15T05:03:38.789+0000] {dagbag.py:355} ERROR - Failed to import: /opt/airflow/dags/dbt.py
Traceback (most recent call last):
  File "/home/airflow/.local/lib/python3.12/site-packages/airflow/models/dagbag.py", line 351, in parse
    loader.exec_module(new_module)
  File "<frozen importlib._bootstrap_external>", line 995, in exec_module
  File "<frozen importlib._bootstrap>", line 488, in _call_with_frames_removed
  File "/opt/airflow/dags/dbt.py", line 2, in <module>
    from airflow.providers.standard.operators.bash import BashOperator
ModuleNotFoundError: No module named 'airflow.providers.standard'
[2026-03-15T05:03:38.792+0000] {processor.py:842} WARNING - No viable dags retrieved from /opt/airflow/dags/dbt.py
[2026-03-15T05:03:38.825+0000] {processor.py:183} INFO - Processing /opt/airflow/dags/dbt.py took 0.078 seconds
[2026-03-15T05:04:09.277+0000] {processor.py:161} INFO - Started process (PID=3626) to work on /opt/airflow/dags/dbt.py
[2026-03-15T05:04:09.280+0000] {processor.py:830} INFO - Processing file /opt/airflow/dags/dbt.py for tasks to queue
[2026-03-15T05:04:09.286+0000] {logging_mixin.py:188} INFO - [2026-03-15T05:04:09.283+0000] {dagbag.py:545} INFO - Filling up the DagBag from /opt/airflow/dags/dbt.py
[2026-03-15T05:04:09.294+0000] {logging_mixin.py:188} INFO - [2026-03-15T05:04:09.292+0000] {dagbag.py:355} ERROR - Failed to import: /opt/airflow/dags/dbt.py
Traceback (most recent call last):
  File "/home/airflow/.local/lib/python3.12/site-packages/airflow/models/dagbag.py", line 351, in parse
    loader.exec_module(new_module)
  File "<frozen importlib._bootstrap_external>", line 995, in exec_module
  File "<frozen importlib._bootstrap>", line 488, in _call_with_frames_removed
  File "/opt/airflow/dags/dbt.py", line 2, in <module>
    from airflow.providers.standard.operators.bash import BashOperator
ModuleNotFoundError: No module named 'airflow.providers.standard'
[2026-03-15T05:04:09.295+0000] {processor.py:842} WARNING - No viable dags retrieved from /opt/airflow/dags/dbt.py
[2026-03-15T05:04:09.332+0000] {processor.py:183} INFO - Processing /opt/airflow/dags/dbt.py took 0.079 seconds
[2026-03-15T05:04:39.751+0000] {processor.py:161} INFO - Started process (PID=3628) to work on /opt/airflow/dags/dbt.py
[2026-03-15T05:04:39.753+0000] {processor.py:830} INFO - Processing file /opt/airflow/dags/dbt.py for tasks to queue
[2026-03-15T05:04:39.757+0000] {logging_mixin.py:188} INFO - [2026-03-15T05:04:39.757+0000] {dagbag.py:545} INFO - Filling up the DagBag from /opt/airflow/dags/dbt.py
[2026-03-15T05:04:39.770+0000] {logging_mixin.py:188} INFO - [2026-03-15T05:04:39.766+0000] {dagbag.py:355} ERROR - Failed to import: /opt/airflow/dags/dbt.py
Traceback (most recent call last):
  File "/home/airflow/.local/lib/python3.12/site-packages/airflow/models/dagbag.py", line 351, in parse
    loader.exec_module(new_module)
  File "<frozen importlib._bootstrap_external>", line 995, in exec_module
  File "<frozen importlib._bootstrap>", line 488, in _call_with_frames_removed
  File "/opt/airflow/dags/dbt.py", line 2, in <module>
    from airflow.providers.standard.operators.bash import BashOperator
ModuleNotFoundError: No module named 'airflow.providers.standard'
[2026-03-15T05:04:39.770+0000] {processor.py:842} WARNING - No viable dags retrieved from /opt/airflow/dags/dbt.py
[2026-03-15T05:04:39.799+0000] {processor.py:183} INFO - Processing /opt/airflow/dags/dbt.py took 0.062 seconds
[2026-03-15T05:05:10.204+0000] {processor.py:161} INFO - Started process (PID=3630) to work on /opt/airflow/dags/dbt.py
[2026-03-15T05:05:10.206+0000] {processor.py:830} INFO - Processing file /opt/airflow/dags/dbt.py for tasks to queue
[2026-03-15T05:05:10.210+0000] {logging_mixin.py:188} INFO - [2026-03-15T05:05:10.210+0000] {dagbag.py:545} INFO - Filling up the DagBag from /opt/airflow/dags/dbt.py
[2026-03-15T05:05:10.221+0000] {logging_mixin.py:188} INFO - [2026-03-15T05:05:10.220+0000] {dagbag.py:355} ERROR - Failed to import: /opt/airflow/dags/dbt.py
Traceback (most recent call last):
  File "/home/airflow/.local/lib/python3.12/site-packages/airflow/models/dagbag.py", line 351, in parse
    loader.exec_module(new_module)
  File "<frozen importlib._bootstrap_external>", line 995, in exec_module
  File "<frozen importlib._bootstrap>", line 488, in _call_with_frames_removed
  File "/opt/airflow/dags/dbt.py", line 2, in <module>
    from airflow.providers.standard.operators.bash import BashOperator
ModuleNotFoundError: No module named 'airflow.providers.standard'
[2026-03-15T05:05:10.223+0000] {processor.py:842} WARNING - No viable dags retrieved from /opt/airflow/dags/dbt.py
[2026-03-15T05:05:10.256+0000] {processor.py:183} INFO - Processing /opt/airflow/dags/dbt.py took 0.074 seconds
[2026-03-15T05:05:40.586+0000] {processor.py:161} INFO - Started process (PID=3632) to work on /opt/airflow/dags/dbt.py
[2026-03-15T05:05:40.587+0000] {processor.py:830} INFO - Processing file /opt/airflow/dags/dbt.py for tasks to queue
[2026-03-15T05:05:40.589+0000] {logging_mixin.py:188} INFO - [2026-03-15T05:05:40.589+0000] {dagbag.py:545} INFO - Filling up the DagBag from /opt/airflow/dags/dbt.py
[2026-03-15T05:05:40.594+0000] {logging_mixin.py:188} INFO - [2026-03-15T05:05:40.593+0000] {dagbag.py:355} ERROR - Failed to import: /opt/airflow/dags/dbt.py
Traceback (most recent call last):
  File "/home/airflow/.local/lib/python3.12/site-packages/airflow/models/dagbag.py", line 351, in parse
    loader.exec_module(new_module)
  File "<frozen importlib._bootstrap_external>", line 995, in exec_module
  File "<frozen importlib._bootstrap>", line 488, in _call_with_frames_removed
  File "/opt/airflow/dags/dbt.py", line 2, in <module>
    from airflow.providers.standard.operators.bash import BashOperator
ModuleNotFoundError: No module named 'airflow.providers.standard'
[2026-03-15T05:05:40.594+0000] {processor.py:842} WARNING - No viable dags retrieved from /opt/airflow/dags/dbt.py
[2026-03-15T05:05:40.618+0000] {processor.py:183} INFO - Processing /opt/airflow/dags/dbt.py took 0.042 seconds
[2026-03-15T05:06:11.053+0000] {processor.py:161} INFO - Started process (PID=3634) to work on /opt/airflow/dags/dbt.py
[2026-03-15T05:06:11.055+0000] {processor.py:830} INFO - Processing file /opt/airflow/dags/dbt.py for tasks to queue
[2026-03-15T05:06:11.063+0000] {logging_mixin.py:188} INFO - [2026-03-15T05:06:11.062+0000] {dagbag.py:545} INFO - Filling up the DagBag from /opt/airflow/dags/dbt.py
[2026-03-15T05:06:11.072+0000] {logging_mixin.py:188} INFO - [2026-03-15T05:06:11.068+0000] {dagbag.py:355} ERROR - Failed to import: /opt/airflow/dags/dbt.py
Traceback (most recent call last):
  File "/home/airflow/.local/lib/python3.12/site-packages/airflow/models/dagbag.py", line 351, in parse
    loader.exec_module(new_module)
  File "<frozen importlib._bootstrap_external>", line 995, in exec_module
  File "<frozen importlib._bootstrap>", line 488, in _call_with_frames_removed
  File "/opt/airflow/dags/dbt.py", line 2, in <module>
    from airflow.providers.standard.operators.bash import BashOperator
ModuleNotFoundError: No module named 'airflow.providers.standard'
[2026-03-15T05:06:11.073+0000] {processor.py:842} WARNING - No viable dags retrieved from /opt/airflow/dags/dbt.py
[2026-03-15T05:06:11.111+0000] {processor.py:183} INFO - Processing /opt/airflow/dags/dbt.py took 0.083 seconds
[2026-03-15T05:06:41.426+0000] {processor.py:161} INFO - Started process (PID=3636) to work on /opt/airflow/dags/dbt.py
[2026-03-15T05:06:41.427+0000] {processor.py:830} INFO - Processing file /opt/airflow/dags/dbt.py for tasks to queue
[2026-03-15T05:06:41.431+0000] {logging_mixin.py:188} INFO - [2026-03-15T05:06:41.430+0000] {dagbag.py:545} INFO - Filling up the DagBag from /opt/airflow/dags/dbt.py
[2026-03-15T05:06:41.437+0000] {logging_mixin.py:188} INFO - [2026-03-15T05:06:41.436+0000] {dagbag.py:355} ERROR - Failed to import: /opt/airflow/dags/dbt.py
Traceback (most recent call last):
  File "/home/airflow/.local/lib/python3.12/site-packages/airflow/models/dagbag.py", line 351, in parse
    loader.exec_module(new_module)
  File "<frozen importlib._bootstrap_external>", line 995, in exec_module
  File "<frozen importlib._bootstrap>", line 488, in _call_with_frames_removed
  File "/opt/airflow/dags/dbt.py", line 2, in <module>
    from airflow.providers.standard.operators.bash import BashOperator
ModuleNotFoundError: No module named 'airflow.providers.standard'
[2026-03-15T05:06:41.438+0000] {processor.py:842} WARNING - No viable dags retrieved from /opt/airflow/dags/dbt.py
[2026-03-15T05:06:41.463+0000] {processor.py:183} INFO - Processing /opt/airflow/dags/dbt.py took 0.045 seconds
[2026-03-15T05:07:11.849+0000] {processor.py:161} INFO - Started process (PID=3638) to work on /opt/airflow/dags/dbt.py
[2026-03-15T05:07:11.851+0000] {processor.py:830} INFO - Processing file /opt/airflow/dags/dbt.py for tasks to queue
[2026-03-15T05:07:11.858+0000] {logging_mixin.py:188} INFO - [2026-03-15T05:07:11.858+0000] {dagbag.py:545} INFO - Filling up the DagBag from /opt/airflow/dags/dbt.py
[2026-03-15T05:07:11.867+0000] {logging_mixin.py:188} INFO - [2026-03-15T05:07:11.864+0000] {dagbag.py:355} ERROR - Failed to import: /opt/airflow/dags/dbt.py
Traceback (most recent call last):
  File "/home/airflow/.local/lib/python3.12/site-packages/airflow/models/dagbag.py", line 351, in parse
    loader.exec_module(new_module)
  File "<frozen importlib._bootstrap_external>", line 995, in exec_module
  File "<frozen importlib._bootstrap>", line 488, in _call_with_frames_removed
  File "/opt/airflow/dags/dbt.py", line 2, in <module>
    from airflow.providers.standard.operators.bash import BashOperator
ModuleNotFoundError: No module named 'airflow.providers.standard'
[2026-03-15T05:07:11.868+0000] {processor.py:842} WARNING - No viable dags retrieved from /opt/airflow/dags/dbt.py
[2026-03-15T05:07:11.900+0000] {processor.py:183} INFO - Processing /opt/airflow/dags/dbt.py took 0.068 seconds
[2026-03-15T05:07:42.323+0000] {processor.py:161} INFO - Started process (PID=3640) to work on /opt/airflow/dags/dbt.py
[2026-03-15T05:07:42.325+0000] {processor.py:830} INFO - Processing file /opt/airflow/dags/dbt.py for tasks to queue
[2026-03-15T05:07:42.329+0000] {logging_mixin.py:188} INFO - [2026-03-15T05:07:42.328+0000] {dagbag.py:545} INFO - Filling up the DagBag from /opt/airflow/dags/dbt.py
[2026-03-15T05:07:42.336+0000] {logging_mixin.py:188} INFO - [2026-03-15T05:07:42.334+0000] {dagbag.py:355} ERROR - Failed to import: /opt/airflow/dags/dbt.py
Traceback (most recent call last):
  File "/home/airflow/.local/lib/python3.12/site-packages/airflow/models/dagbag.py", line 351, in parse
    loader.exec_module(new_module)
  File "<frozen importlib._bootstrap_external>", line 995, in exec_module
  File "<frozen importlib._bootstrap>", line 488, in _call_with_frames_removed
  File "/opt/airflow/dags/dbt.py", line 2, in <module>
    from airflow.providers.standard.operators.bash import BashOperator
ModuleNotFoundError: No module named 'airflow.providers.standard'
[2026-03-15T05:07:42.337+0000] {processor.py:842} WARNING - No viable dags retrieved from /opt/airflow/dags/dbt.py
[2026-03-15T05:07:42.365+0000] {processor.py:183} INFO - Processing /opt/airflow/dags/dbt.py took 0.062 seconds
[2026-03-15T05:08:12.771+0000] {processor.py:161} INFO - Started process (PID=3642) to work on /opt/airflow/dags/dbt.py
[2026-03-15T05:08:12.773+0000] {processor.py:830} INFO - Processing file /opt/airflow/dags/dbt.py for tasks to queue
[2026-03-15T05:08:12.778+0000] {logging_mixin.py:188} INFO - [2026-03-15T05:08:12.777+0000] {dagbag.py:545} INFO - Filling up the DagBag from /opt/airflow/dags/dbt.py
[2026-03-15T05:08:12.786+0000] {logging_mixin.py:188} INFO - [2026-03-15T05:08:12.783+0000] {dagbag.py:355} ERROR - Failed to import: /opt/airflow/dags/dbt.py
Traceback (most recent call last):
  File "/home/airflow/.local/lib/python3.12/site-packages/airflow/models/dagbag.py", line 351, in parse
    loader.exec_module(new_module)
  File "<frozen importlib._bootstrap_external>", line 995, in exec_module
  File "<frozen importlib._bootstrap>", line 488, in _call_with_frames_removed
  File "/opt/airflow/dags/dbt.py", line 2, in <module>
    from airflow.providers.standard.operators.bash import BashOperator
ModuleNotFoundError: No module named 'airflow.providers.standard'
[2026-03-15T05:08:12.788+0000] {processor.py:842} WARNING - No viable dags retrieved from /opt/airflow/dags/dbt.py
[2026-03-15T05:08:12.821+0000] {processor.py:183} INFO - Processing /opt/airflow/dags/dbt.py took 0.066 seconds
[2026-03-15T05:08:43.180+0000] {processor.py:161} INFO - Started process (PID=3644) to work on /opt/airflow/dags/dbt.py
[2026-03-15T05:08:43.181+0000] {processor.py:830} INFO - Processing file /opt/airflow/dags/dbt.py for tasks to queue
[2026-03-15T05:08:43.185+0000] {logging_mixin.py:188} INFO - [2026-03-15T05:08:43.184+0000] {dagbag.py:545} INFO - Filling up the DagBag from /opt/airflow/dags/dbt.py
[2026-03-15T05:08:43.192+0000] {logging_mixin.py:188} INFO - [2026-03-15T05:08:43.190+0000] {dagbag.py:355} ERROR - Failed to import: /opt/airflow/dags/dbt.py
Traceback (most recent call last):
  File "/home/airflow/.local/lib/python3.12/site-packages/airflow/models/dagbag.py", line 351, in parse
    loader.exec_module(new_module)
  File "<frozen importlib._bootstrap_external>", line 995, in exec_module
  File "<frozen importlib._bootstrap>", line 488, in _call_with_frames_removed
  File "/opt/airflow/dags/dbt.py", line 2, in <module>
    from airflow.providers.standard.operators.bash import BashOperator
ModuleNotFoundError: No module named 'airflow.providers.standard'
[2026-03-15T05:08:43.192+0000] {processor.py:842} WARNING - No viable dags retrieved from /opt/airflow/dags/dbt.py
[2026-03-15T05:08:43.217+0000] {processor.py:183} INFO - Processing /opt/airflow/dags/dbt.py took 0.050 seconds
[2026-03-15T05:09:13.634+0000] {processor.py:161} INFO - Started process (PID=3646) to work on /opt/airflow/dags/dbt.py
[2026-03-15T05:09:13.635+0000] {processor.py:830} INFO - Processing file /opt/airflow/dags/dbt.py for tasks to queue
[2026-03-15T05:09:13.645+0000] {logging_mixin.py:188} INFO - [2026-03-15T05:09:13.644+0000] {dagbag.py:545} INFO - Filling up the DagBag from /opt/airflow/dags/dbt.py
[2026-03-15T05:09:13.652+0000] {logging_mixin.py:188} INFO - [2026-03-15T05:09:13.651+0000] {dagbag.py:355} ERROR - Failed to import: /opt/airflow/dags/dbt.py
Traceback (most recent call last):
  File "/home/airflow/.local/lib/python3.12/site-packages/airflow/models/dagbag.py", line 351, in parse
    loader.exec_module(new_module)
  File "<frozen importlib._bootstrap_external>", line 995, in exec_module
  File "<frozen importlib._bootstrap>", line 488, in _call_with_frames_removed
  File "/opt/airflow/dags/dbt.py", line 2, in <module>
    from airflow.providers.standard.operators.bash import BashOperator
ModuleNotFoundError: No module named 'airflow.providers.standard'
[2026-03-15T05:09:13.654+0000] {processor.py:842} WARNING - No viable dags retrieved from /opt/airflow/dags/dbt.py
[2026-03-15T05:09:13.688+0000] {processor.py:183} INFO - Processing /opt/airflow/dags/dbt.py took 0.080 seconds
[2026-03-15T05:09:44.084+0000] {processor.py:161} INFO - Started process (PID=3648) to work on /opt/airflow/dags/dbt.py
[2026-03-15T05:09:44.086+0000] {processor.py:830} INFO - Processing file /opt/airflow/dags/dbt.py for tasks to queue
[2026-03-15T05:09:44.090+0000] {logging_mixin.py:188} INFO - [2026-03-15T05:09:44.090+0000] {dagbag.py:545} INFO - Filling up the DagBag from /opt/airflow/dags/dbt.py
[2026-03-15T05:09:44.099+0000] {logging_mixin.py:188} INFO - [2026-03-15T05:09:44.097+0000] {dagbag.py:355} ERROR - Failed to import: /opt/airflow/dags/dbt.py
Traceback (most recent call last):
  File "/home/airflow/.local/lib/python3.12/site-packages/airflow/models/dagbag.py", line 351, in parse
    loader.exec_module(new_module)
  File "<frozen importlib._bootstrap_external>", line 995, in exec_module
  File "<frozen importlib._bootstrap>", line 488, in _call_with_frames_removed
  File "/opt/airflow/dags/dbt.py", line 2, in <module>
    from airflow.providers.standard.operators.bash import BashOperator
ModuleNotFoundError: No module named 'airflow.providers.standard'
[2026-03-15T05:09:44.099+0000] {processor.py:842} WARNING - No viable dags retrieved from /opt/airflow/dags/dbt.py
[2026-03-15T05:09:44.126+0000] {processor.py:183} INFO - Processing /opt/airflow/dags/dbt.py took 0.055 seconds
[2026-03-15T05:10:14.483+0000] {processor.py:161} INFO - Started process (PID=3650) to work on /opt/airflow/dags/dbt.py
[2026-03-15T05:10:14.484+0000] {processor.py:830} INFO - Processing file /opt/airflow/dags/dbt.py for tasks to queue
[2026-03-15T05:10:14.489+0000] {logging_mixin.py:188} INFO - [2026-03-15T05:10:14.488+0000] {dagbag.py:545} INFO - Filling up the DagBag from /opt/airflow/dags/dbt.py
[2026-03-15T05:10:14.496+0000] {logging_mixin.py:188} INFO - [2026-03-15T05:10:14.494+0000] {dagbag.py:355} ERROR - Failed to import: /opt/airflow/dags/dbt.py
Traceback (most recent call last):
  File "/home/airflow/.local/lib/python3.12/site-packages/airflow/models/dagbag.py", line 351, in parse
    loader.exec_module(new_module)
  File "<frozen importlib._bootstrap_external>", line 995, in exec_module
  File "<frozen importlib._bootstrap>", line 488, in _call_with_frames_removed
  File "/opt/airflow/dags/dbt.py", line 2, in <module>
    from airflow.providers.standard.operators.bash import BashOperator
ModuleNotFoundError: No module named 'airflow.providers.standard'
[2026-03-15T05:10:14.496+0000] {processor.py:842} WARNING - No viable dags retrieved from /opt/airflow/dags/dbt.py
[2026-03-15T05:10:14.524+0000] {processor.py:183} INFO - Processing /opt/airflow/dags/dbt.py took 0.054 seconds
[2026-03-15T05:10:44.921+0000] {processor.py:161} INFO - Started process (PID=3652) to work on /opt/airflow/dags/dbt.py
[2026-03-15T05:10:44.923+0000] {processor.py:830} INFO - Processing file /opt/airflow/dags/dbt.py for tasks to queue
[2026-03-15T05:10:44.927+0000] {logging_mixin.py:188} INFO - [2026-03-15T05:10:44.926+0000] {dagbag.py:545} INFO - Filling up the DagBag from /opt/airflow/dags/dbt.py
[2026-03-15T05:10:44.933+0000] {logging_mixin.py:188} INFO - [2026-03-15T05:10:44.932+0000] {dagbag.py:355} ERROR - Failed to import: /opt/airflow/dags/dbt.py
Traceback (most recent call last):
  File "/home/airflow/.local/lib/python3.12/site-packages/airflow/models/dagbag.py", line 351, in parse
    loader.exec_module(new_module)
  File "<frozen importlib._bootstrap_external>", line 995, in exec_module
  File "<frozen importlib._bootstrap>", line 488, in _call_with_frames_removed
  File "/opt/airflow/dags/dbt.py", line 2, in <module>
    from airflow.providers.standard.operators.bash import BashOperator
ModuleNotFoundError: No module named 'airflow.providers.standard'
[2026-03-15T05:10:44.934+0000] {processor.py:842} WARNING - No viable dags retrieved from /opt/airflow/dags/dbt.py
[2026-03-15T05:10:44.967+0000] {processor.py:183} INFO - Processing /opt/airflow/dags/dbt.py took 0.067 seconds
[2026-03-15T05:11:15.426+0000] {processor.py:161} INFO - Started process (PID=3654) to work on /opt/airflow/dags/dbt.py
[2026-03-15T05:11:15.428+0000] {processor.py:830} INFO - Processing file /opt/airflow/dags/dbt.py for tasks to queue
[2026-03-15T05:11:15.436+0000] {logging_mixin.py:188} INFO - [2026-03-15T05:11:15.432+0000] {dagbag.py:545} INFO - Filling up the DagBag from /opt/airflow/dags/dbt.py
[2026-03-15T05:11:15.446+0000] {logging_mixin.py:188} INFO - [2026-03-15T05:11:15.444+0000] {dagbag.py:355} ERROR - Failed to import: /opt/airflow/dags/dbt.py
Traceback (most recent call last):
  File "/home/airflow/.local/lib/python3.12/site-packages/airflow/models/dagbag.py", line 351, in parse
    loader.exec_module(new_module)
  File "<frozen importlib._bootstrap_external>", line 995, in exec_module
  File "<frozen importlib._bootstrap>", line 488, in _call_with_frames_removed
  File "/opt/airflow/dags/dbt.py", line 2, in <module>
    from airflow.providers.standard.operators.bash import BashOperator
ModuleNotFoundError: No module named 'airflow.providers.standard'
[2026-03-15T05:11:15.446+0000] {processor.py:842} WARNING - No viable dags retrieved from /opt/airflow/dags/dbt.py
[2026-03-15T05:11:15.474+0000] {processor.py:183} INFO - Processing /opt/airflow/dags/dbt.py took 0.077 seconds
[2026-03-15T05:11:45.893+0000] {processor.py:161} INFO - Started process (PID=3656) to work on /opt/airflow/dags/dbt.py
[2026-03-15T05:11:45.895+0000] {processor.py:830} INFO - Processing file /opt/airflow/dags/dbt.py for tasks to queue
[2026-03-15T05:11:45.899+0000] {logging_mixin.py:188} INFO - [2026-03-15T05:11:45.899+0000] {dagbag.py:545} INFO - Filling up the DagBag from /opt/airflow/dags/dbt.py
[2026-03-15T05:11:45.910+0000] {logging_mixin.py:188} INFO - [2026-03-15T05:11:45.905+0000] {dagbag.py:355} ERROR - Failed to import: /opt/airflow/dags/dbt.py
Traceback (most recent call last):
  File "/home/airflow/.local/lib/python3.12/site-packages/airflow/models/dagbag.py", line 351, in parse
    loader.exec_module(new_module)
  File "<frozen importlib._bootstrap_external>", line 995, in exec_module
  File "<frozen importlib._bootstrap>", line 488, in _call_with_frames_removed
  File "/opt/airflow/dags/dbt.py", line 2, in <module>
    from airflow.providers.standard.operators.bash import BashOperator
ModuleNotFoundError: No module named 'airflow.providers.standard'
[2026-03-15T05:11:45.910+0000] {processor.py:842} WARNING - No viable dags retrieved from /opt/airflow/dags/dbt.py
[2026-03-15T05:11:45.935+0000] {processor.py:183} INFO - Processing /opt/airflow/dags/dbt.py took 0.061 seconds
[2026-03-15T05:12:16.365+0000] {processor.py:161} INFO - Started process (PID=3658) to work on /opt/airflow/dags/dbt.py
[2026-03-15T05:12:16.368+0000] {processor.py:830} INFO - Processing file /opt/airflow/dags/dbt.py for tasks to queue
[2026-03-15T05:12:16.373+0000] {logging_mixin.py:188} INFO - [2026-03-15T05:12:16.372+0000] {dagbag.py:545} INFO - Filling up the DagBag from /opt/airflow/dags/dbt.py
[2026-03-15T05:12:16.383+0000] {logging_mixin.py:188} INFO - [2026-03-15T05:12:16.378+0000] {dagbag.py:355} ERROR - Failed to import: /opt/airflow/dags/dbt.py
Traceback (most recent call last):
  File "/home/airflow/.local/lib/python3.12/site-packages/airflow/models/dagbag.py", line 351, in parse
    loader.exec_module(new_module)
  File "<frozen importlib._bootstrap_external>", line 995, in exec_module
  File "<frozen importlib._bootstrap>", line 488, in _call_with_frames_removed
  File "/opt/airflow/dags/dbt.py", line 2, in <module>
    from airflow.providers.standard.operators.bash import BashOperator
ModuleNotFoundError: No module named 'airflow.providers.standard'
[2026-03-15T05:12:16.383+0000] {processor.py:842} WARNING - No viable dags retrieved from /opt/airflow/dags/dbt.py
[2026-03-15T05:12:16.420+0000] {processor.py:183} INFO - Processing /opt/airflow/dags/dbt.py took 0.076 seconds
[2026-03-15T05:12:46.838+0000] {processor.py:161} INFO - Started process (PID=3660) to work on /opt/airflow/dags/dbt.py
[2026-03-15T05:12:46.840+0000] {processor.py:830} INFO - Processing file /opt/airflow/dags/dbt.py for tasks to queue
[2026-03-15T05:12:46.847+0000] {logging_mixin.py:188} INFO - [2026-03-15T05:12:46.845+0000] {dagbag.py:545} INFO - Filling up the DagBag from /opt/airflow/dags/dbt.py
[2026-03-15T05:12:46.857+0000] {logging_mixin.py:188} INFO - [2026-03-15T05:12:46.855+0000] {dagbag.py:355} ERROR - Failed to import: /opt/airflow/dags/dbt.py
Traceback (most recent call last):
  File "/home/airflow/.local/lib/python3.12/site-packages/airflow/models/dagbag.py", line 351, in parse
    loader.exec_module(new_module)
  File "<frozen importlib._bootstrap_external>", line 995, in exec_module
  File "<frozen importlib._bootstrap>", line 488, in _call_with_frames_removed
  File "/opt/airflow/dags/dbt.py", line 2, in <module>
    from airflow.providers.standard.operators.bash import BashOperator
ModuleNotFoundError: No module named 'airflow.providers.standard'
[2026-03-15T05:12:46.860+0000] {processor.py:842} WARNING - No viable dags retrieved from /opt/airflow/dags/dbt.py
[2026-03-15T05:12:46.888+0000] {processor.py:183} INFO - Processing /opt/airflow/dags/dbt.py took 0.070 seconds
[2026-03-15T05:13:17.283+0000] {processor.py:161} INFO - Started process (PID=3662) to work on /opt/airflow/dags/dbt.py
[2026-03-15T05:13:17.284+0000] {processor.py:830} INFO - Processing file /opt/airflow/dags/dbt.py for tasks to queue
[2026-03-15T05:13:17.288+0000] {logging_mixin.py:188} INFO - [2026-03-15T05:13:17.288+0000] {dagbag.py:545} INFO - Filling up the DagBag from /opt/airflow/dags/dbt.py
[2026-03-15T05:13:17.294+0000] {logging_mixin.py:188} INFO - [2026-03-15T05:13:17.293+0000] {dagbag.py:355} ERROR - Failed to import: /opt/airflow/dags/dbt.py
Traceback (most recent call last):
  File "/home/airflow/.local/lib/python3.12/site-packages/airflow/models/dagbag.py", line 351, in parse
    loader.exec_module(new_module)
  File "<frozen importlib._bootstrap_external>", line 995, in exec_module
  File "<frozen importlib._bootstrap>", line 488, in _call_with_frames_removed
  File "/opt/airflow/dags/dbt.py", line 2, in <module>
    from airflow.providers.standard.operators.bash import BashOperator
ModuleNotFoundError: No module named 'airflow.providers.standard'
[2026-03-15T05:13:17.294+0000] {processor.py:842} WARNING - No viable dags retrieved from /opt/airflow/dags/dbt.py
[2026-03-15T05:13:17.319+0000] {processor.py:183} INFO - Processing /opt/airflow/dags/dbt.py took 0.050 seconds
[2026-03-15T05:13:47.684+0000] {processor.py:161} INFO - Started process (PID=3664) to work on /opt/airflow/dags/dbt.py
[2026-03-15T05:13:47.685+0000] {processor.py:830} INFO - Processing file /opt/airflow/dags/dbt.py for tasks to queue
[2026-03-15T05:13:47.687+0000] {logging_mixin.py:188} INFO - [2026-03-15T05:13:47.686+0000] {dagbag.py:545} INFO - Filling up the DagBag from /opt/airflow/dags/dbt.py
[2026-03-15T05:13:47.693+0000] {logging_mixin.py:188} INFO - [2026-03-15T05:13:47.690+0000] {dagbag.py:355} ERROR - Failed to import: /opt/airflow/dags/dbt.py
Traceback (most recent call last):
  File "/home/airflow/.local/lib/python3.12/site-packages/airflow/models/dagbag.py", line 351, in parse
    loader.exec_module(new_module)
  File "<frozen importlib._bootstrap_external>", line 995, in exec_module
  File "<frozen importlib._bootstrap>", line 488, in _call_with_frames_removed
  File "/opt/airflow/dags/dbt.py", line 2, in <module>
    from airflow.providers.standard.operators.bash import BashOperator
ModuleNotFoundError: No module named 'airflow.providers.standard'
[2026-03-15T05:13:47.693+0000] {processor.py:842} WARNING - No viable dags retrieved from /opt/airflow/dags/dbt.py
[2026-03-15T05:13:47.713+0000] {processor.py:183} INFO - Processing /opt/airflow/dags/dbt.py took 0.037 seconds
[2026-03-15T05:14:18.282+0000] {processor.py:161} INFO - Started process (PID=3666) to work on /opt/airflow/dags/dbt.py
[2026-03-15T05:14:18.285+0000] {processor.py:830} INFO - Processing file /opt/airflow/dags/dbt.py for tasks to queue
[2026-03-15T05:14:18.292+0000] {logging_mixin.py:188} INFO - [2026-03-15T05:14:18.291+0000] {dagbag.py:545} INFO - Filling up the DagBag from /opt/airflow/dags/dbt.py
[2026-03-15T05:14:18.299+0000] {logging_mixin.py:188} INFO - [2026-03-15T05:14:18.298+0000] {dagbag.py:355} ERROR - Failed to import: /opt/airflow/dags/dbt.py
Traceback (most recent call last):
  File "/home/airflow/.local/lib/python3.12/site-packages/airflow/models/dagbag.py", line 351, in parse
    loader.exec_module(new_module)
  File "<frozen importlib._bootstrap_external>", line 995, in exec_module
  File "<frozen importlib._bootstrap>", line 488, in _call_with_frames_removed
  File "/opt/airflow/dags/dbt.py", line 2, in <module>
    from airflow.providers.standard.operators.bash import BashOperator
ModuleNotFoundError: No module named 'airflow.providers.standard'
[2026-03-15T05:14:18.300+0000] {processor.py:842} WARNING - No viable dags retrieved from /opt/airflow/dags/dbt.py
[2026-03-15T05:14:18.341+0000] {processor.py:183} INFO - Processing /opt/airflow/dags/dbt.py took 0.081 seconds
[2026-03-15T05:14:48.832+0000] {processor.py:161} INFO - Started process (PID=3668) to work on /opt/airflow/dags/dbt.py
[2026-03-15T05:14:48.833+0000] {processor.py:830} INFO - Processing file /opt/airflow/dags/dbt.py for tasks to queue
[2026-03-15T05:14:48.838+0000] {logging_mixin.py:188} INFO - [2026-03-15T05:14:48.838+0000] {dagbag.py:545} INFO - Filling up the DagBag from /opt/airflow/dags/dbt.py
[2026-03-15T05:14:48.849+0000] {logging_mixin.py:188} INFO - [2026-03-15T05:14:48.845+0000] {dagbag.py:355} ERROR - Failed to import: /opt/airflow/dags/dbt.py
Traceback (most recent call last):
  File "/home/airflow/.local/lib/python3.12/site-packages/airflow/models/dagbag.py", line 351, in parse
    loader.exec_module(new_module)
  File "<frozen importlib._bootstrap_external>", line 995, in exec_module
  File "<frozen importlib._bootstrap>", line 488, in _call_with_frames_removed
  File "/opt/airflow/dags/dbt.py", line 2, in <module>
    from airflow.providers.standard.operators.bash import BashOperator
ModuleNotFoundError: No module named 'airflow.providers.standard'
[2026-03-15T05:14:48.850+0000] {processor.py:842} WARNING - No viable dags retrieved from /opt/airflow/dags/dbt.py
[2026-03-15T05:14:48.882+0000] {processor.py:183} INFO - Processing /opt/airflow/dags/dbt.py took 0.073 seconds
[2026-03-15T05:15:19.320+0000] {processor.py:161} INFO - Started process (PID=3670) to work on /opt/airflow/dags/dbt.py
[2026-03-15T05:15:19.322+0000] {processor.py:830} INFO - Processing file /opt/airflow/dags/dbt.py for tasks to queue
[2026-03-15T05:15:19.328+0000] {logging_mixin.py:188} INFO - [2026-03-15T05:15:19.327+0000] {dagbag.py:545} INFO - Filling up the DagBag from /opt/airflow/dags/dbt.py
[2026-03-15T05:15:19.338+0000] {logging_mixin.py:188} INFO - [2026-03-15T05:15:19.334+0000] {dagbag.py:355} ERROR - Failed to import: /opt/airflow/dags/dbt.py
Traceback (most recent call last):
  File "/home/airflow/.local/lib/python3.12/site-packages/airflow/models/dagbag.py", line 351, in parse
    loader.exec_module(new_module)
  File "<frozen importlib._bootstrap_external>", line 995, in exec_module
  File "<frozen importlib._bootstrap>", line 488, in _call_with_frames_removed
  File "/opt/airflow/dags/dbt.py", line 2, in <module>
    from airflow.providers.standard.operators.bash import BashOperator
ModuleNotFoundError: No module named 'airflow.providers.standard'
[2026-03-15T05:15:19.339+0000] {processor.py:842} WARNING - No viable dags retrieved from /opt/airflow/dags/dbt.py
[2026-03-15T05:15:19.366+0000] {processor.py:183} INFO - Processing /opt/airflow/dags/dbt.py took 0.060 seconds
[2026-03-15T05:15:49.800+0000] {processor.py:161} INFO - Started process (PID=3672) to work on /opt/airflow/dags/dbt.py
[2026-03-15T05:15:49.803+0000] {processor.py:830} INFO - Processing file /opt/airflow/dags/dbt.py for tasks to queue
[2026-03-15T05:15:49.808+0000] {logging_mixin.py:188} INFO - [2026-03-15T05:15:49.807+0000] {dagbag.py:545} INFO - Filling up the DagBag from /opt/airflow/dags/dbt.py
[2026-03-15T05:15:49.815+0000] {logging_mixin.py:188} INFO - [2026-03-15T05:15:49.813+0000] {dagbag.py:355} ERROR - Failed to import: /opt/airflow/dags/dbt.py
Traceback (most recent call last):
  File "/home/airflow/.local/lib/python3.12/site-packages/airflow/models/dagbag.py", line 351, in parse
    loader.exec_module(new_module)
  File "<frozen importlib._bootstrap_external>", line 995, in exec_module
  File "<frozen importlib._bootstrap>", line 488, in _call_with_frames_removed
  File "/opt/airflow/dags/dbt.py", line 2, in <module>
    from airflow.providers.standard.operators.bash import BashOperator
ModuleNotFoundError: No module named 'airflow.providers.standard'
[2026-03-15T05:15:49.816+0000] {processor.py:842} WARNING - No viable dags retrieved from /opt/airflow/dags/dbt.py
[2026-03-15T05:15:49.845+0000] {processor.py:183} INFO - Processing /opt/airflow/dags/dbt.py took 0.066 seconds
[2026-03-15T05:16:20.266+0000] {processor.py:161} INFO - Started process (PID=3674) to work on /opt/airflow/dags/dbt.py
[2026-03-15T05:16:20.267+0000] {processor.py:830} INFO - Processing file /opt/airflow/dags/dbt.py for tasks to queue
[2026-03-15T05:16:20.272+0000] {logging_mixin.py:188} INFO - [2026-03-15T05:16:20.272+0000] {dagbag.py:545} INFO - Filling up the DagBag from /opt/airflow/dags/dbt.py
[2026-03-15T05:16:20.281+0000] {logging_mixin.py:188} INFO - [2026-03-15T05:16:20.279+0000] {dagbag.py:355} ERROR - Failed to import: /opt/airflow/dags/dbt.py
Traceback (most recent call last):
  File "/home/airflow/.local/lib/python3.12/site-packages/airflow/models/dagbag.py", line 351, in parse
    loader.exec_module(new_module)
  File "<frozen importlib._bootstrap_external>", line 995, in exec_module
  File "<frozen importlib._bootstrap>", line 488, in _call_with_frames_removed
  File "/opt/airflow/dags/dbt.py", line 2, in <module>
    from airflow.providers.standard.operators.bash import BashOperator
ModuleNotFoundError: No module named 'airflow.providers.standard'
[2026-03-15T05:16:20.282+0000] {processor.py:842} WARNING - No viable dags retrieved from /opt/airflow/dags/dbt.py
[2026-03-15T05:16:20.309+0000] {processor.py:183} INFO - Processing /opt/airflow/dags/dbt.py took 0.060 seconds
[2026-03-15T05:16:50.730+0000] {processor.py:161} INFO - Started process (PID=3676) to work on /opt/airflow/dags/dbt.py
[2026-03-15T05:16:50.732+0000] {processor.py:830} INFO - Processing file /opt/airflow/dags/dbt.py for tasks to queue
[2026-03-15T05:16:50.736+0000] {logging_mixin.py:188} INFO - [2026-03-15T05:16:50.736+0000] {dagbag.py:545} INFO - Filling up the DagBag from /opt/airflow/dags/dbt.py
[2026-03-15T05:16:50.747+0000] {logging_mixin.py:188} INFO - [2026-03-15T05:16:50.743+0000] {dagbag.py:355} ERROR - Failed to import: /opt/airflow/dags/dbt.py
Traceback (most recent call last):
  File "/home/airflow/.local/lib/python3.12/site-packages/airflow/models/dagbag.py", line 351, in parse
    loader.exec_module(new_module)
  File "<frozen importlib._bootstrap_external>", line 995, in exec_module
  File "<frozen importlib._bootstrap>", line 488, in _call_with_frames_removed
  File "/opt/airflow/dags/dbt.py", line 2, in <module>
    from airflow.providers.standard.operators.bash import BashOperator
ModuleNotFoundError: No module named 'airflow.providers.standard'
[2026-03-15T05:16:50.747+0000] {processor.py:842} WARNING - No viable dags retrieved from /opt/airflow/dags/dbt.py
[2026-03-15T05:16:50.786+0000] {processor.py:183} INFO - Processing /opt/airflow/dags/dbt.py took 0.086 seconds
[2026-03-15T05:17:21.274+0000] {processor.py:161} INFO - Started process (PID=3678) to work on /opt/airflow/dags/dbt.py
[2026-03-15T05:17:21.275+0000] {processor.py:830} INFO - Processing file /opt/airflow/dags/dbt.py for tasks to queue
[2026-03-15T05:17:21.283+0000] {logging_mixin.py:188} INFO - [2026-03-15T05:17:21.281+0000] {dagbag.py:545} INFO - Filling up the DagBag from /opt/airflow/dags/dbt.py
[2026-03-15T05:17:21.297+0000] {logging_mixin.py:188} INFO - [2026-03-15T05:17:21.293+0000] {dagbag.py:355} ERROR - Failed to import: /opt/airflow/dags/dbt.py
Traceback (most recent call last):
  File "/home/airflow/.local/lib/python3.12/site-packages/airflow/models/dagbag.py", line 351, in parse
    loader.exec_module(new_module)
  File "<frozen importlib._bootstrap_external>", line 995, in exec_module
  File "<frozen importlib._bootstrap>", line 488, in _call_with_frames_removed
  File "/opt/airflow/dags/dbt.py", line 2, in <module>
    from airflow.providers.standard.operators.bash import BashOperator
ModuleNotFoundError: No module named 'airflow.providers.standard'
[2026-03-15T05:17:21.298+0000] {processor.py:842} WARNING - No viable dags retrieved from /opt/airflow/dags/dbt.py
[2026-03-15T05:17:21.336+0000] {processor.py:183} INFO - Processing /opt/airflow/dags/dbt.py took 0.085 seconds
[2026-03-15T05:17:51.806+0000] {processor.py:161} INFO - Started process (PID=3680) to work on /opt/airflow/dags/dbt.py
[2026-03-15T05:17:51.808+0000] {processor.py:830} INFO - Processing file /opt/airflow/dags/dbt.py for tasks to queue
[2026-03-15T05:17:51.813+0000] {logging_mixin.py:188} INFO - [2026-03-15T05:17:51.812+0000] {dagbag.py:545} INFO - Filling up the DagBag from /opt/airflow/dags/dbt.py
[2026-03-15T05:17:51.822+0000] {logging_mixin.py:188} INFO - [2026-03-15T05:17:51.821+0000] {dagbag.py:355} ERROR - Failed to import: /opt/airflow/dags/dbt.py
Traceback (most recent call last):
  File "/home/airflow/.local/lib/python3.12/site-packages/airflow/models/dagbag.py", line 351, in parse
    loader.exec_module(new_module)
  File "<frozen importlib._bootstrap_external>", line 995, in exec_module
  File "<frozen importlib._bootstrap>", line 488, in _call_with_frames_removed
  File "/opt/airflow/dags/dbt.py", line 2, in <module>
    from airflow.providers.standard.operators.bash import BashOperator
ModuleNotFoundError: No module named 'airflow.providers.standard'
[2026-03-15T05:17:51.824+0000] {processor.py:842} WARNING - No viable dags retrieved from /opt/airflow/dags/dbt.py
[2026-03-15T05:17:51.850+0000] {processor.py:183} INFO - Processing /opt/airflow/dags/dbt.py took 0.057 seconds
[2026-03-15T05:18:22.362+0000] {processor.py:161} INFO - Started process (PID=3682) to work on /opt/airflow/dags/dbt.py
[2026-03-15T05:18:22.364+0000] {processor.py:830} INFO - Processing file /opt/airflow/dags/dbt.py for tasks to queue
[2026-03-15T05:18:22.373+0000] {logging_mixin.py:188} INFO - [2026-03-15T05:18:22.372+0000] {dagbag.py:545} INFO - Filling up the DagBag from /opt/airflow/dags/dbt.py
[2026-03-15T05:18:22.381+0000] {logging_mixin.py:188} INFO - [2026-03-15T05:18:22.378+0000] {dagbag.py:355} ERROR - Failed to import: /opt/airflow/dags/dbt.py
Traceback (most recent call last):
  File "/home/airflow/.local/lib/python3.12/site-packages/airflow/models/dagbag.py", line 351, in parse
    loader.exec_module(new_module)
  File "<frozen importlib._bootstrap_external>", line 995, in exec_module
  File "<frozen importlib._bootstrap>", line 488, in _call_with_frames_removed
  File "/opt/airflow/dags/dbt.py", line 2, in <module>
    from airflow.providers.standard.operators.bash import BashOperator
ModuleNotFoundError: No module named 'airflow.providers.standard'
[2026-03-15T05:18:22.381+0000] {processor.py:842} WARNING - No viable dags retrieved from /opt/airflow/dags/dbt.py
[2026-03-15T05:18:22.418+0000] {processor.py:183} INFO - Processing /opt/airflow/dags/dbt.py took 0.077 seconds
[2026-03-15T05:18:52.869+0000] {processor.py:161} INFO - Started process (PID=3684) to work on /opt/airflow/dags/dbt.py
[2026-03-15T05:18:52.871+0000] {processor.py:830} INFO - Processing file /opt/airflow/dags/dbt.py for tasks to queue
[2026-03-15T05:18:52.875+0000] {logging_mixin.py:188} INFO - [2026-03-15T05:18:52.874+0000] {dagbag.py:545} INFO - Filling up the DagBag from /opt/airflow/dags/dbt.py
[2026-03-15T05:18:52.884+0000] {logging_mixin.py:188} INFO - [2026-03-15T05:18:52.880+0000] {dagbag.py:355} ERROR - Failed to import: /opt/airflow/dags/dbt.py
Traceback (most recent call last):
  File "/home/airflow/.local/lib/python3.12/site-packages/airflow/models/dagbag.py", line 351, in parse
    loader.exec_module(new_module)
  File "<frozen importlib._bootstrap_external>", line 995, in exec_module
  File "<frozen importlib._bootstrap>", line 488, in _call_with_frames_removed
  File "/opt/airflow/dags/dbt.py", line 2, in <module>
    from airflow.providers.standard.operators.bash import BashOperator
ModuleNotFoundError: No module named 'airflow.providers.standard'
[2026-03-15T05:18:52.885+0000] {processor.py:842} WARNING - No viable dags retrieved from /opt/airflow/dags/dbt.py
[2026-03-15T05:18:52.919+0000] {processor.py:183} INFO - Processing /opt/airflow/dags/dbt.py took 0.066 seconds
[2026-03-15T05:19:23.403+0000] {processor.py:161} INFO - Started process (PID=3686) to work on /opt/airflow/dags/dbt.py
[2026-03-15T05:19:23.405+0000] {processor.py:830} INFO - Processing file /opt/airflow/dags/dbt.py for tasks to queue
[2026-03-15T05:19:23.409+0000] {logging_mixin.py:188} INFO - [2026-03-15T05:19:23.408+0000] {dagbag.py:545} INFO - Filling up the DagBag from /opt/airflow/dags/dbt.py
[2026-03-15T05:19:23.415+0000] {logging_mixin.py:188} INFO - [2026-03-15T05:19:23.414+0000] {dagbag.py:355} ERROR - Failed to import: /opt/airflow/dags/dbt.py
Traceback (most recent call last):
  File "/home/airflow/.local/lib/python3.12/site-packages/airflow/models/dagbag.py", line 351, in parse
    loader.exec_module(new_module)
  File "<frozen importlib._bootstrap_external>", line 995, in exec_module
  File "<frozen importlib._bootstrap>", line 488, in _call_with_frames_removed
  File "/opt/airflow/dags/dbt.py", line 2, in <module>
    from airflow.providers.standard.operators.bash import BashOperator
ModuleNotFoundError: No module named 'airflow.providers.standard'
[2026-03-15T05:19:23.416+0000] {processor.py:842} WARNING - No viable dags retrieved from /opt/airflow/dags/dbt.py
[2026-03-15T05:19:23.444+0000] {processor.py:183} INFO - Processing /opt/airflow/dags/dbt.py took 0.055 seconds
[2026-03-15T05:23:44.555+0000] {processor.py:161} INFO - Started process (PID=3688) to work on /opt/airflow/dags/dbt.py
[2026-03-15T05:23:44.556+0000] {processor.py:830} INFO - Processing file /opt/airflow/dags/dbt.py for tasks to queue
[2026-03-15T05:23:44.557+0000] {logging_mixin.py:188} INFO - [2026-03-15T05:23:44.557+0000] {dagbag.py:545} INFO - Filling up the DagBag from /opt/airflow/dags/dbt.py
[2026-03-15T05:23:44.561+0000] {logging_mixin.py:188} INFO - [2026-03-15T05:23:44.560+0000] {dagbag.py:355} ERROR - Failed to import: /opt/airflow/dags/dbt.py
Traceback (most recent call last):
  File "/home/airflow/.local/lib/python3.12/site-packages/airflow/models/dagbag.py", line 351, in parse
    loader.exec_module(new_module)
  File "<frozen importlib._bootstrap_external>", line 995, in exec_module
  File "<frozen importlib._bootstrap>", line 488, in _call_with_frames_removed
  File "/opt/airflow/dags/dbt.py", line 2, in <module>
    from airflow.providers.standard.operators.bash import BashOperator
ModuleNotFoundError: No module named 'airflow.providers.standard'
[2026-03-15T05:23:44.561+0000] {processor.py:842} WARNING - No viable dags retrieved from /opt/airflow/dags/dbt.py
[2026-03-15T05:23:44.586+0000] {processor.py:183} INFO - Processing /opt/airflow/dags/dbt.py took 0.038 seconds
[2026-03-15T05:28:04.234+0000] {processor.py:161} INFO - Started process (PID=3690) to work on /opt/airflow/dags/dbt.py
[2026-03-15T05:28:04.236+0000] {processor.py:830} INFO - Processing file /opt/airflow/dags/dbt.py for tasks to queue
[2026-03-15T05:28:04.240+0000] {logging_mixin.py:188} INFO - [2026-03-15T05:28:04.239+0000] {dagbag.py:545} INFO - Filling up the DagBag from /opt/airflow/dags/dbt.py
[2026-03-15T05:28:04.251+0000] {logging_mixin.py:188} INFO - [2026-03-15T05:28:04.247+0000] {dagbag.py:355} ERROR - Failed to import: /opt/airflow/dags/dbt.py
Traceback (most recent call last):
  File "/home/airflow/.local/lib/python3.12/site-packages/airflow/models/dagbag.py", line 351, in parse
    loader.exec_module(new_module)
  File "<frozen importlib._bootstrap_external>", line 995, in exec_module
  File "<frozen importlib._bootstrap>", line 488, in _call_with_frames_removed
  File "/opt/airflow/dags/dbt.py", line 2, in <module>
    from airflow.providers.standard.operators.bash import BashOperator
ModuleNotFoundError: No module named 'airflow.providers.standard'
[2026-03-15T05:28:04.252+0000] {processor.py:842} WARNING - No viable dags retrieved from /opt/airflow/dags/dbt.py
[2026-03-15T05:28:04.279+0000] {processor.py:183} INFO - Processing /opt/airflow/dags/dbt.py took 0.056 seconds
[2026-03-15T05:32:55.364+0000] {processor.py:161} INFO - Started process (PID=3692) to work on /opt/airflow/dags/dbt.py
[2026-03-15T05:32:55.367+0000] {processor.py:830} INFO - Processing file /opt/airflow/dags/dbt.py for tasks to queue
[2026-03-15T05:32:55.372+0000] {logging_mixin.py:188} INFO - [2026-03-15T05:32:55.371+0000] {dagbag.py:545} INFO - Filling up the DagBag from /opt/airflow/dags/dbt.py
[2026-03-15T05:32:55.380+0000] {logging_mixin.py:188} INFO - [2026-03-15T05:32:55.377+0000] {dagbag.py:355} ERROR - Failed to import: /opt/airflow/dags/dbt.py
Traceback (most recent call last):
  File "/home/airflow/.local/lib/python3.12/site-packages/airflow/models/dagbag.py", line 351, in parse
    loader.exec_module(new_module)
  File "<frozen importlib._bootstrap_external>", line 995, in exec_module
  File "<frozen importlib._bootstrap>", line 488, in _call_with_frames_removed
  File "/opt/airflow/dags/dbt.py", line 2, in <module>
    from airflow.providers.standard.operators.bash import BashOperator
ModuleNotFoundError: No module named 'airflow.providers.standard'
[2026-03-15T05:32:55.383+0000] {processor.py:842} WARNING - No viable dags retrieved from /opt/airflow/dags/dbt.py
[2026-03-15T05:32:55.407+0000] {processor.py:183} INFO - Processing /opt/airflow/dags/dbt.py took 0.062 seconds
[2026-03-15T05:48:49.790+0000] {processor.py:161} INFO - Started process (PID=3694) to work on /opt/airflow/dags/dbt.py
[2026-03-15T05:48:49.791+0000] {processor.py:830} INFO - Processing file /opt/airflow/dags/dbt.py for tasks to queue
[2026-03-15T05:48:49.795+0000] {logging_mixin.py:188} INFO - [2026-03-15T05:48:49.795+0000] {dagbag.py:545} INFO - Filling up the DagBag from /opt/airflow/dags/dbt.py
[2026-03-15T05:48:49.801+0000] {logging_mixin.py:188} INFO - [2026-03-15T05:48:49.800+0000] {dagbag.py:355} ERROR - Failed to import: /opt/airflow/dags/dbt.py
Traceback (most recent call last):
  File "/home/airflow/.local/lib/python3.12/site-packages/airflow/models/dagbag.py", line 351, in parse
    loader.exec_module(new_module)
  File "<frozen importlib._bootstrap_external>", line 995, in exec_module
  File "<frozen importlib._bootstrap>", line 488, in _call_with_frames_removed
  File "/opt/airflow/dags/dbt.py", line 2, in <module>
    from airflow.providers.standard.operators.bash import BashOperator
ModuleNotFoundError: No module named 'airflow.providers.standard'
[2026-03-15T05:48:49.801+0000] {processor.py:842} WARNING - No viable dags retrieved from /opt/airflow/dags/dbt.py
[2026-03-15T05:48:49.828+0000] {processor.py:183} INFO - Processing /opt/airflow/dags/dbt.py took 0.056 seconds
[2026-03-15T05:49:20.187+0000] {processor.py:161} INFO - Started process (PID=3696) to work on /opt/airflow/dags/dbt.py
[2026-03-15T05:49:20.188+0000] {processor.py:830} INFO - Processing file /opt/airflow/dags/dbt.py for tasks to queue
[2026-03-15T05:49:20.194+0000] {logging_mixin.py:188} INFO - [2026-03-15T05:49:20.194+0000] {dagbag.py:545} INFO - Filling up the DagBag from /opt/airflow/dags/dbt.py
[2026-03-15T05:49:20.204+0000] {logging_mixin.py:188} INFO - [2026-03-15T05:49:20.202+0000] {dagbag.py:355} ERROR - Failed to import: /opt/airflow/dags/dbt.py
Traceback (most recent call last):
  File "/home/airflow/.local/lib/python3.12/site-packages/airflow/models/dagbag.py", line 351, in parse
    loader.exec_module(new_module)
  File "<frozen importlib._bootstrap_external>", line 995, in exec_module
  File "<frozen importlib._bootstrap>", line 488, in _call_with_frames_removed
  File "/opt/airflow/dags/dbt.py", line 2, in <module>
    from airflow.providers.standard.operators.bash import BashOperator
ModuleNotFoundError: No module named 'airflow.providers.standard'
[2026-03-15T05:49:20.205+0000] {processor.py:842} WARNING - No viable dags retrieved from /opt/airflow/dags/dbt.py
[2026-03-15T05:49:20.238+0000] {processor.py:183} INFO - Processing /opt/airflow/dags/dbt.py took 0.074 seconds
[2026-03-15T06:05:15.629+0000] {processor.py:161} INFO - Started process (PID=3698) to work on /opt/airflow/dags/dbt.py
[2026-03-15T06:05:15.633+0000] {processor.py:830} INFO - Processing file /opt/airflow/dags/dbt.py for tasks to queue
[2026-03-15T06:05:15.639+0000] {logging_mixin.py:188} INFO - [2026-03-15T06:05:15.638+0000] {dagbag.py:545} INFO - Filling up the DagBag from /opt/airflow/dags/dbt.py
[2026-03-15T06:05:15.650+0000] {logging_mixin.py:188} INFO - [2026-03-15T06:05:15.647+0000] {dagbag.py:355} ERROR - Failed to import: /opt/airflow/dags/dbt.py
Traceback (most recent call last):
  File "/home/airflow/.local/lib/python3.12/site-packages/airflow/models/dagbag.py", line 351, in parse
    loader.exec_module(new_module)
  File "<frozen importlib._bootstrap_external>", line 995, in exec_module
  File "<frozen importlib._bootstrap>", line 488, in _call_with_frames_removed
  File "/opt/airflow/dags/dbt.py", line 2, in <module>
    from airflow.providers.standard.operators.bash import BashOperator
ModuleNotFoundError: No module named 'airflow.providers.standard'
[2026-03-15T06:05:15.652+0000] {processor.py:842} WARNING - No viable dags retrieved from /opt/airflow/dags/dbt.py
[2026-03-15T06:05:15.677+0000] {processor.py:183} INFO - Processing /opt/airflow/dags/dbt.py took 0.066 seconds
[2026-03-15T06:21:10.795+0000] {processor.py:161} INFO - Started process (PID=3700) to work on /opt/airflow/dags/dbt.py
[2026-03-15T06:21:10.796+0000] {processor.py:830} INFO - Processing file /opt/airflow/dags/dbt.py for tasks to queue
[2026-03-15T06:21:10.802+0000] {logging_mixin.py:188} INFO - [2026-03-15T06:21:10.800+0000] {dagbag.py:545} INFO - Filling up the DagBag from /opt/airflow/dags/dbt.py
[2026-03-15T06:21:10.811+0000] {logging_mixin.py:188} INFO - [2026-03-15T06:21:10.807+0000] {dagbag.py:355} ERROR - Failed to import: /opt/airflow/dags/dbt.py
Traceback (most recent call last):
  File "/home/airflow/.local/lib/python3.12/site-packages/airflow/models/dagbag.py", line 351, in parse
    loader.exec_module(new_module)
  File "<frozen importlib._bootstrap_external>", line 995, in exec_module
  File "<frozen importlib._bootstrap>", line 488, in _call_with_frames_removed
  File "/opt/airflow/dags/dbt.py", line 2, in <module>
    from airflow.providers.standard.operators.bash import BashOperator
ModuleNotFoundError: No module named 'airflow.providers.standard'
[2026-03-15T06:21:10.811+0000] {processor.py:842} WARNING - No viable dags retrieved from /opt/airflow/dags/dbt.py
[2026-03-15T06:21:10.832+0000] {processor.py:183} INFO - Processing /opt/airflow/dags/dbt.py took 0.051 seconds
[2026-03-15T06:21:41.306+0000] {processor.py:161} INFO - Started process (PID=3702) to work on /opt/airflow/dags/dbt.py
[2026-03-15T06:21:41.309+0000] {processor.py:830} INFO - Processing file /opt/airflow/dags/dbt.py for tasks to queue
[2026-03-15T06:21:41.321+0000] {logging_mixin.py:188} INFO - [2026-03-15T06:21:41.319+0000] {dagbag.py:545} INFO - Filling up the DagBag from /opt/airflow/dags/dbt.py
[2026-03-15T06:21:41.334+0000] {logging_mixin.py:188} INFO - [2026-03-15T06:21:41.331+0000] {dagbag.py:355} ERROR - Failed to import: /opt/airflow/dags/dbt.py
Traceback (most recent call last):
  File "/home/airflow/.local/lib/python3.12/site-packages/airflow/models/dagbag.py", line 351, in parse
    loader.exec_module(new_module)
  File "<frozen importlib._bootstrap_external>", line 995, in exec_module
  File "<frozen importlib._bootstrap>", line 488, in _call_with_frames_removed
  File "/opt/airflow/dags/dbt.py", line 2, in <module>
    from airflow.providers.standard.operators.bash import BashOperator
ModuleNotFoundError: No module named 'airflow.providers.standard'
[2026-03-15T06:21:41.334+0000] {processor.py:842} WARNING - No viable dags retrieved from /opt/airflow/dags/dbt.py
[2026-03-15T06:21:41.360+0000] {processor.py:183} INFO - Processing /opt/airflow/dags/dbt.py took 0.076 seconds
[2026-03-15T06:37:35.646+0000] {processor.py:161} INFO - Started process (PID=3704) to work on /opt/airflow/dags/dbt.py
[2026-03-15T06:37:35.647+0000] {processor.py:830} INFO - Processing file /opt/airflow/dags/dbt.py for tasks to queue
[2026-03-15T06:37:35.651+0000] {logging_mixin.py:188} INFO - [2026-03-15T06:37:35.650+0000] {dagbag.py:545} INFO - Filling up the DagBag from /opt/airflow/dags/dbt.py
[2026-03-15T06:37:35.659+0000] {logging_mixin.py:188} INFO - [2026-03-15T06:37:35.657+0000] {dagbag.py:355} ERROR - Failed to import: /opt/airflow/dags/dbt.py
Traceback (most recent call last):
  File "/home/airflow/.local/lib/python3.12/site-packages/airflow/models/dagbag.py", line 351, in parse
    loader.exec_module(new_module)
  File "<frozen importlib._bootstrap_external>", line 995, in exec_module
  File "<frozen importlib._bootstrap>", line 488, in _call_with_frames_removed
  File "/opt/airflow/dags/dbt.py", line 2, in <module>
    from airflow.providers.standard.operators.bash import BashOperator
ModuleNotFoundError: No module named 'airflow.providers.standard'
[2026-03-15T06:37:35.662+0000] {processor.py:842} WARNING - No viable dags retrieved from /opt/airflow/dags/dbt.py
[2026-03-15T06:37:35.686+0000] {processor.py:183} INFO - Processing /opt/airflow/dags/dbt.py took 0.051 seconds
[2026-03-15T06:53:30.535+0000] {processor.py:161} INFO - Started process (PID=3706) to work on /opt/airflow/dags/dbt.py
[2026-03-15T06:53:30.536+0000] {processor.py:830} INFO - Processing file /opt/airflow/dags/dbt.py for tasks to queue
[2026-03-15T06:53:30.563+0000] {logging_mixin.py:188} INFO - [2026-03-15T06:53:30.563+0000] {dagbag.py:545} INFO - Filling up the DagBag from /opt/airflow/dags/dbt.py
[2026-03-15T06:53:30.571+0000] {logging_mixin.py:188} INFO - [2026-03-15T06:53:30.567+0000] {dagbag.py:355} ERROR - Failed to import: /opt/airflow/dags/dbt.py
Traceback (most recent call last):
  File "/home/airflow/.local/lib/python3.12/site-packages/airflow/models/dagbag.py", line 351, in parse
    loader.exec_module(new_module)
  File "<frozen importlib._bootstrap_external>", line 995, in exec_module
  File "<frozen importlib._bootstrap>", line 488, in _call_with_frames_removed
  File "/opt/airflow/dags/dbt.py", line 2, in <module>
    from airflow.providers.standard.operators.bash import BashOperator
ModuleNotFoundError: No module named 'airflow.providers.standard'
[2026-03-15T06:53:30.574+0000] {processor.py:842} WARNING - No viable dags retrieved from /opt/airflow/dags/dbt.py
[2026-03-15T06:53:30.596+0000] {processor.py:183} INFO - Processing /opt/airflow/dags/dbt.py took 0.074 seconds
[2026-03-15T06:54:01.066+0000] {processor.py:161} INFO - Started process (PID=3708) to work on /opt/airflow/dags/dbt.py
[2026-03-15T06:54:01.068+0000] {processor.py:830} INFO - Processing file /opt/airflow/dags/dbt.py for tasks to queue
[2026-03-15T06:54:01.074+0000] {logging_mixin.py:188} INFO - [2026-03-15T06:54:01.074+0000] {dagbag.py:545} INFO - Filling up the DagBag from /opt/airflow/dags/dbt.py
[2026-03-15T06:54:01.085+0000] {logging_mixin.py:188} INFO - [2026-03-15T06:54:01.081+0000] {dagbag.py:355} ERROR - Failed to import: /opt/airflow/dags/dbt.py
Traceback (most recent call last):
  File "/home/airflow/.local/lib/python3.12/site-packages/airflow/models/dagbag.py", line 351, in parse
    loader.exec_module(new_module)
  File "<frozen importlib._bootstrap_external>", line 995, in exec_module
  File "<frozen importlib._bootstrap>", line 488, in _call_with_frames_removed
  File "/opt/airflow/dags/dbt.py", line 2, in <module>
    from airflow.providers.standard.operators.bash import BashOperator
ModuleNotFoundError: No module named 'airflow.providers.standard'
[2026-03-15T06:54:01.086+0000] {processor.py:842} WARNING - No viable dags retrieved from /opt/airflow/dags/dbt.py
[2026-03-15T06:54:01.115+0000] {processor.py:183} INFO - Processing /opt/airflow/dags/dbt.py took 0.069 seconds
[2026-03-15T07:09:56.158+0000] {processor.py:161} INFO - Started process (PID=3710) to work on /opt/airflow/dags/dbt.py
[2026-03-15T07:09:56.160+0000] {processor.py:830} INFO - Processing file /opt/airflow/dags/dbt.py for tasks to queue
[2026-03-15T07:09:56.165+0000] {logging_mixin.py:188} INFO - [2026-03-15T07:09:56.164+0000] {dagbag.py:545} INFO - Filling up the DagBag from /opt/airflow/dags/dbt.py
[2026-03-15T07:09:56.173+0000] {logging_mixin.py:188} INFO - [2026-03-15T07:09:56.169+0000] {dagbag.py:355} ERROR - Failed to import: /opt/airflow/dags/dbt.py
Traceback (most recent call last):
  File "/home/airflow/.local/lib/python3.12/site-packages/airflow/models/dagbag.py", line 351, in parse
    loader.exec_module(new_module)
  File "<frozen importlib._bootstrap_external>", line 995, in exec_module
  File "<frozen importlib._bootstrap>", line 488, in _call_with_frames_removed
  File "/opt/airflow/dags/dbt.py", line 2, in <module>
    from airflow.providers.standard.operators.bash import BashOperator
ModuleNotFoundError: No module named 'airflow.providers.standard'
[2026-03-15T07:09:56.177+0000] {processor.py:842} WARNING - No viable dags retrieved from /opt/airflow/dags/dbt.py
[2026-03-15T07:09:56.199+0000] {processor.py:183} INFO - Processing /opt/airflow/dags/dbt.py took 0.055 seconds
[2026-03-15T07:10:26.671+0000] {processor.py:161} INFO - Started process (PID=3712) to work on /opt/airflow/dags/dbt.py
[2026-03-15T07:10:26.672+0000] {processor.py:830} INFO - Processing file /opt/airflow/dags/dbt.py for tasks to queue
[2026-03-15T07:10:26.677+0000] {logging_mixin.py:188} INFO - [2026-03-15T07:10:26.676+0000] {dagbag.py:545} INFO - Filling up the DagBag from /opt/airflow/dags/dbt.py
[2026-03-15T07:10:26.688+0000] {logging_mixin.py:188} INFO - [2026-03-15T07:10:26.687+0000] {dagbag.py:355} ERROR - Failed to import: /opt/airflow/dags/dbt.py
Traceback (most recent call last):
  File "/home/airflow/.local/lib/python3.12/site-packages/airflow/models/dagbag.py", line 351, in parse
    loader.exec_module(new_module)
  File "<frozen importlib._bootstrap_external>", line 995, in exec_module
  File "<frozen importlib._bootstrap>", line 488, in _call_with_frames_removed
  File "/opt/airflow/dags/dbt.py", line 2, in <module>
    from airflow.providers.standard.operators.bash import BashOperator
ModuleNotFoundError: No module named 'airflow.providers.standard'
[2026-03-15T07:10:26.689+0000] {processor.py:842} WARNING - No viable dags retrieved from /opt/airflow/dags/dbt.py
[2026-03-15T07:10:26.722+0000] {processor.py:183} INFO - Processing /opt/airflow/dags/dbt.py took 0.080 seconds
[2026-03-15T07:10:57.162+0000] {processor.py:161} INFO - Started process (PID=3714) to work on /opt/airflow/dags/dbt.py
[2026-03-15T07:10:57.163+0000] {processor.py:830} INFO - Processing file /opt/airflow/dags/dbt.py for tasks to queue
[2026-03-15T07:10:57.166+0000] {logging_mixin.py:188} INFO - [2026-03-15T07:10:57.166+0000] {dagbag.py:545} INFO - Filling up the DagBag from /opt/airflow/dags/dbt.py
[2026-03-15T07:10:57.172+0000] {logging_mixin.py:188} INFO - [2026-03-15T07:10:57.170+0000] {dagbag.py:355} ERROR - Failed to import: /opt/airflow/dags/dbt.py
Traceback (most recent call last):
  File "/home/airflow/.local/lib/python3.12/site-packages/airflow/models/dagbag.py", line 351, in parse
    loader.exec_module(new_module)
  File "<frozen importlib._bootstrap_external>", line 995, in exec_module
  File "<frozen importlib._bootstrap>", line 488, in _call_with_frames_removed
  File "/opt/airflow/dags/dbt.py", line 2, in <module>
    from airflow.providers.standard.operators.bash import BashOperator
ModuleNotFoundError: No module named 'airflow.providers.standard'
[2026-03-15T07:10:57.172+0000] {processor.py:842} WARNING - No viable dags retrieved from /opt/airflow/dags/dbt.py
[2026-03-15T07:10:57.195+0000] {processor.py:183} INFO - Processing /opt/airflow/dags/dbt.py took 0.043 seconds
[2026-03-15T07:15:06.819+0000] {processor.py:161} INFO - Started process (PID=3716) to work on /opt/airflow/dags/dbt.py
[2026-03-15T07:15:06.822+0000] {processor.py:830} INFO - Processing file /opt/airflow/dags/dbt.py for tasks to queue
[2026-03-15T07:15:06.830+0000] {logging_mixin.py:188} INFO - [2026-03-15T07:15:06.829+0000] {dagbag.py:545} INFO - Filling up the DagBag from /opt/airflow/dags/dbt.py
[2026-03-15T07:15:06.839+0000] {logging_mixin.py:188} INFO - [2026-03-15T07:15:06.836+0000] {dagbag.py:355} ERROR - Failed to import: /opt/airflow/dags/dbt.py
Traceback (most recent call last):
  File "/home/airflow/.local/lib/python3.12/site-packages/airflow/models/dagbag.py", line 351, in parse
    loader.exec_module(new_module)
  File "<frozen importlib._bootstrap_external>", line 995, in exec_module
  File "<frozen importlib._bootstrap>", line 488, in _call_with_frames_removed
  File "/opt/airflow/dags/dbt.py", line 2, in <module>
    from airflow.providers.standard.operators.bash import BashOperator
ModuleNotFoundError: No module named 'airflow.providers.standard'
[2026-03-15T07:15:06.840+0000] {processor.py:842} WARNING - No viable dags retrieved from /opt/airflow/dags/dbt.py
[2026-03-15T07:15:06.869+0000] {processor.py:183} INFO - Processing /opt/airflow/dags/dbt.py took 0.068 seconds
[2026-03-15T07:15:37.345+0000] {processor.py:161} INFO - Started process (PID=3718) to work on /opt/airflow/dags/dbt.py
[2026-03-15T07:15:37.347+0000] {processor.py:830} INFO - Processing file /opt/airflow/dags/dbt.py for tasks to queue
[2026-03-15T07:15:37.356+0000] {logging_mixin.py:188} INFO - [2026-03-15T07:15:37.354+0000] {dagbag.py:545} INFO - Filling up the DagBag from /opt/airflow/dags/dbt.py
[2026-03-15T07:15:37.365+0000] {logging_mixin.py:188} INFO - [2026-03-15T07:15:37.363+0000] {dagbag.py:355} ERROR - Failed to import: /opt/airflow/dags/dbt.py
Traceback (most recent call last):
  File "/home/airflow/.local/lib/python3.12/site-packages/airflow/models/dagbag.py", line 351, in parse
    loader.exec_module(new_module)
  File "<frozen importlib._bootstrap_external>", line 995, in exec_module
  File "<frozen importlib._bootstrap>", line 488, in _call_with_frames_removed
  File "/opt/airflow/dags/dbt.py", line 2, in <module>
    from airflow.providers.standard.operators.bash import BashOperator
ModuleNotFoundError: No module named 'airflow.providers.standard'
[2026-03-15T07:15:37.365+0000] {processor.py:842} WARNING - No viable dags retrieved from /opt/airflow/dags/dbt.py
[2026-03-15T07:15:37.399+0000] {processor.py:183} INFO - Processing /opt/airflow/dags/dbt.py took 0.085 seconds
[2026-03-15T07:18:12.469+0000] {processor.py:161} INFO - Started process (PID=3720) to work on /opt/airflow/dags/dbt.py
[2026-03-15T07:18:12.470+0000] {processor.py:830} INFO - Processing file /opt/airflow/dags/dbt.py for tasks to queue
[2026-03-15T07:18:12.476+0000] {logging_mixin.py:188} INFO - [2026-03-15T07:18:12.475+0000] {dagbag.py:545} INFO - Filling up the DagBag from /opt/airflow/dags/dbt.py
[2026-03-15T07:18:12.487+0000] {logging_mixin.py:188} INFO - [2026-03-15T07:18:12.483+0000] {dagbag.py:355} ERROR - Failed to import: /opt/airflow/dags/dbt.py
Traceback (most recent call last):
  File "/home/airflow/.local/lib/python3.12/site-packages/airflow/models/dagbag.py", line 351, in parse
    loader.exec_module(new_module)
  File "<frozen importlib._bootstrap_external>", line 995, in exec_module
  File "<frozen importlib._bootstrap>", line 488, in _call_with_frames_removed
  File "/opt/airflow/dags/dbt.py", line 2, in <module>
    from airflow.providers.standard.operators.bash import BashOperator
ModuleNotFoundError: No module named 'airflow.providers.standard'
[2026-03-15T07:18:12.489+0000] {processor.py:842} WARNING - No viable dags retrieved from /opt/airflow/dags/dbt.py
[2026-03-15T07:18:12.520+0000] {processor.py:183} INFO - Processing /opt/airflow/dags/dbt.py took 0.066 seconds
[2026-03-15T07:18:42.995+0000] {processor.py:161} INFO - Started process (PID=3722) to work on /opt/airflow/dags/dbt.py
[2026-03-15T07:18:42.997+0000] {processor.py:830} INFO - Processing file /opt/airflow/dags/dbt.py for tasks to queue
[2026-03-15T07:18:43.003+0000] {logging_mixin.py:188} INFO - [2026-03-15T07:18:43.003+0000] {dagbag.py:545} INFO - Filling up the DagBag from /opt/airflow/dags/dbt.py
[2026-03-15T07:18:43.012+0000] {logging_mixin.py:188} INFO - [2026-03-15T07:18:43.009+0000] {dagbag.py:355} ERROR - Failed to import: /opt/airflow/dags/dbt.py
Traceback (most recent call last):
  File "/home/airflow/.local/lib/python3.12/site-packages/airflow/models/dagbag.py", line 351, in parse
    loader.exec_module(new_module)
  File "<frozen importlib._bootstrap_external>", line 995, in exec_module
  File "<frozen importlib._bootstrap>", line 488, in _call_with_frames_removed
  File "/opt/airflow/dags/dbt.py", line 2, in <module>
    from airflow.providers.standard.operators.bash import BashOperator
ModuleNotFoundError: No module named 'airflow.providers.standard'
[2026-03-15T07:18:43.014+0000] {processor.py:842} WARNING - No viable dags retrieved from /opt/airflow/dags/dbt.py
[2026-03-15T07:18:43.042+0000] {processor.py:183} INFO - Processing /opt/airflow/dags/dbt.py took 0.066 seconds
[2026-03-15T07:34:38.396+0000] {processor.py:161} INFO - Started process (PID=3724) to work on /opt/airflow/dags/dbt.py
[2026-03-15T07:34:38.400+0000] {processor.py:830} INFO - Processing file /opt/airflow/dags/dbt.py for tasks to queue
[2026-03-15T07:34:38.402+0000] {logging_mixin.py:188} INFO - [2026-03-15T07:34:38.401+0000] {dagbag.py:545} INFO - Filling up the DagBag from /opt/airflow/dags/dbt.py
[2026-03-15T07:34:38.414+0000] {logging_mixin.py:188} INFO - [2026-03-15T07:34:38.410+0000] {dagbag.py:355} ERROR - Failed to import: /opt/airflow/dags/dbt.py
Traceback (most recent call last):
  File "/home/airflow/.local/lib/python3.12/site-packages/airflow/models/dagbag.py", line 351, in parse
    loader.exec_module(new_module)
  File "<frozen importlib._bootstrap_external>", line 995, in exec_module
  File "<frozen importlib._bootstrap>", line 488, in _call_with_frames_removed
  File "/opt/airflow/dags/dbt.py", line 2, in <module>
    from airflow.providers.standard.operators.bash import BashOperator
ModuleNotFoundError: No module named 'airflow.providers.standard'
[2026-03-15T07:34:38.414+0000] {processor.py:842} WARNING - No viable dags retrieved from /opt/airflow/dags/dbt.py
[2026-03-15T07:34:38.441+0000] {processor.py:183} INFO - Processing /opt/airflow/dags/dbt.py took 0.060 seconds
[2026-03-15T07:50:38.305+0000] {processor.py:161} INFO - Started process (PID=3726) to work on /opt/airflow/dags/dbt.py
[2026-03-15T07:50:38.307+0000] {processor.py:830} INFO - Processing file /opt/airflow/dags/dbt.py for tasks to queue
[2026-03-15T07:50:38.312+0000] {logging_mixin.py:188} INFO - [2026-03-15T07:50:38.311+0000] {dagbag.py:545} INFO - Filling up the DagBag from /opt/airflow/dags/dbt.py
[2026-03-15T07:50:38.320+0000] {logging_mixin.py:188} INFO - [2026-03-15T07:50:38.319+0000] {dagbag.py:355} ERROR - Failed to import: /opt/airflow/dags/dbt.py
Traceback (most recent call last):
  File "/home/airflow/.local/lib/python3.12/site-packages/airflow/models/dagbag.py", line 351, in parse
    loader.exec_module(new_module)
  File "<frozen importlib._bootstrap_external>", line 995, in exec_module
  File "<frozen importlib._bootstrap>", line 488, in _call_with_frames_removed
  File "/opt/airflow/dags/dbt.py", line 2, in <module>
    from airflow.providers.standard.operators.bash import BashOperator
ModuleNotFoundError: No module named 'airflow.providers.standard'
[2026-03-15T07:50:38.321+0000] {processor.py:842} WARNING - No viable dags retrieved from /opt/airflow/dags/dbt.py
[2026-03-15T07:50:38.353+0000] {processor.py:183} INFO - Processing /opt/airflow/dags/dbt.py took 0.065 seconds
[2026-03-15T08:06:33.653+0000] {processor.py:161} INFO - Started process (PID=3728) to work on /opt/airflow/dags/dbt.py
[2026-03-15T08:06:33.655+0000] {processor.py:830} INFO - Processing file /opt/airflow/dags/dbt.py for tasks to queue
[2026-03-15T08:06:33.660+0000] {logging_mixin.py:188} INFO - [2026-03-15T08:06:33.659+0000] {dagbag.py:545} INFO - Filling up the DagBag from /opt/airflow/dags/dbt.py
[2026-03-15T08:06:33.669+0000] {logging_mixin.py:188} INFO - [2026-03-15T08:06:33.667+0000] {dagbag.py:355} ERROR - Failed to import: /opt/airflow/dags/dbt.py
Traceback (most recent call last):
  File "/home/airflow/.local/lib/python3.12/site-packages/airflow/models/dagbag.py", line 351, in parse
    loader.exec_module(new_module)
  File "<frozen importlib._bootstrap_external>", line 995, in exec_module
  File "<frozen importlib._bootstrap>", line 488, in _call_with_frames_removed
  File "/opt/airflow/dags/dbt.py", line 2, in <module>
    from airflow.providers.standard.operators.bash import BashOperator
ModuleNotFoundError: No module named 'airflow.providers.standard'
[2026-03-15T08:06:33.670+0000] {processor.py:842} WARNING - No viable dags retrieved from /opt/airflow/dags/dbt.py
[2026-03-15T08:06:33.697+0000] {processor.py:183} INFO - Processing /opt/airflow/dags/dbt.py took 0.061 seconds
[2026-03-15T08:07:04.171+0000] {processor.py:161} INFO - Started process (PID=3730) to work on /opt/airflow/dags/dbt.py
[2026-03-15T08:07:04.173+0000] {processor.py:830} INFO - Processing file /opt/airflow/dags/dbt.py for tasks to queue
[2026-03-15T08:07:04.179+0000] {logging_mixin.py:188} INFO - [2026-03-15T08:07:04.179+0000] {dagbag.py:545} INFO - Filling up the DagBag from /opt/airflow/dags/dbt.py
[2026-03-15T08:07:04.190+0000] {logging_mixin.py:188} INFO - [2026-03-15T08:07:04.184+0000] {dagbag.py:355} ERROR - Failed to import: /opt/airflow/dags/dbt.py
Traceback (most recent call last):
  File "/home/airflow/.local/lib/python3.12/site-packages/airflow/models/dagbag.py", line 351, in parse
    loader.exec_module(new_module)
  File "<frozen importlib._bootstrap_external>", line 995, in exec_module
  File "<frozen importlib._bootstrap>", line 488, in _call_with_frames_removed
  File "/opt/airflow/dags/dbt.py", line 2, in <module>
    from airflow.providers.standard.operators.bash import BashOperator
ModuleNotFoundError: No module named 'airflow.providers.standard'
[2026-03-15T08:07:04.190+0000] {processor.py:842} WARNING - No viable dags retrieved from /opt/airflow/dags/dbt.py
[2026-03-15T08:07:04.219+0000] {processor.py:183} INFO - Processing /opt/airflow/dags/dbt.py took 0.070 seconds
[2026-03-15T08:16:11.258+0000] {processor.py:161} INFO - Started process (PID=3732) to work on /opt/airflow/dags/dbt.py
[2026-03-15T08:16:11.261+0000] {processor.py:830} INFO - Processing file /opt/airflow/dags/dbt.py for tasks to queue
[2026-03-15T08:16:11.265+0000] {logging_mixin.py:188} INFO - [2026-03-15T08:16:11.264+0000] {dagbag.py:545} INFO - Filling up the DagBag from /opt/airflow/dags/dbt.py
[2026-03-15T08:16:11.277+0000] {logging_mixin.py:188} INFO - [2026-03-15T08:16:11.273+0000] {dagbag.py:355} ERROR - Failed to import: /opt/airflow/dags/dbt.py
Traceback (most recent call last):
  File "/home/airflow/.local/lib/python3.12/site-packages/airflow/models/dagbag.py", line 351, in parse
    loader.exec_module(new_module)
  File "<frozen importlib._bootstrap_external>", line 995, in exec_module
  File "<frozen importlib._bootstrap>", line 488, in _call_with_frames_removed
  File "/opt/airflow/dags/dbt.py", line 2, in <module>
    from airflow.providers.standard.operators.bash import BashOperator
ModuleNotFoundError: No module named 'airflow.providers.standard'
[2026-03-15T08:16:11.278+0000] {processor.py:842} WARNING - No viable dags retrieved from /opt/airflow/dags/dbt.py
[2026-03-15T08:16:11.311+0000] {processor.py:183} INFO - Processing /opt/airflow/dags/dbt.py took 0.075 seconds
[2026-03-15T08:16:41.790+0000] {processor.py:161} INFO - Started process (PID=3734) to work on /opt/airflow/dags/dbt.py
[2026-03-15T08:16:41.791+0000] {processor.py:830} INFO - Processing file /opt/airflow/dags/dbt.py for tasks to queue
[2026-03-15T08:16:41.795+0000] {logging_mixin.py:188} INFO - [2026-03-15T08:16:41.795+0000] {dagbag.py:545} INFO - Filling up the DagBag from /opt/airflow/dags/dbt.py
[2026-03-15T08:16:41.804+0000] {logging_mixin.py:188} INFO - [2026-03-15T08:16:41.801+0000] {dagbag.py:355} ERROR - Failed to import: /opt/airflow/dags/dbt.py
Traceback (most recent call last):
  File "/home/airflow/.local/lib/python3.12/site-packages/airflow/models/dagbag.py", line 351, in parse
    loader.exec_module(new_module)
  File "<frozen importlib._bootstrap_external>", line 995, in exec_module
  File "<frozen importlib._bootstrap>", line 488, in _call_with_frames_removed
  File "/opt/airflow/dags/dbt.py", line 2, in <module>
    from airflow.providers.standard.operators.bash import BashOperator
ModuleNotFoundError: No module named 'airflow.providers.standard'
[2026-03-15T08:16:41.804+0000] {processor.py:842} WARNING - No viable dags retrieved from /opt/airflow/dags/dbt.py
[2026-03-15T08:16:41.831+0000] {processor.py:183} INFO - Processing /opt/airflow/dags/dbt.py took 0.055 seconds
[2026-03-15T08:32:36.958+0000] {processor.py:161} INFO - Started process (PID=3736) to work on /opt/airflow/dags/dbt.py
[2026-03-15T08:32:36.959+0000] {processor.py:830} INFO - Processing file /opt/airflow/dags/dbt.py for tasks to queue
[2026-03-15T08:32:36.963+0000] {logging_mixin.py:188} INFO - [2026-03-15T08:32:36.963+0000] {dagbag.py:545} INFO - Filling up the DagBag from /opt/airflow/dags/dbt.py
[2026-03-15T08:32:36.970+0000] {logging_mixin.py:188} INFO - [2026-03-15T08:32:36.968+0000] {dagbag.py:355} ERROR - Failed to import: /opt/airflow/dags/dbt.py
Traceback (most recent call last):
  File "/home/airflow/.local/lib/python3.12/site-packages/airflow/models/dagbag.py", line 351, in parse
    loader.exec_module(new_module)
  File "<frozen importlib._bootstrap_external>", line 995, in exec_module
  File "<frozen importlib._bootstrap>", line 488, in _call_with_frames_removed
  File "/opt/airflow/dags/dbt.py", line 2, in <module>
    from airflow.providers.standard.operators.bash import BashOperator
ModuleNotFoundError: No module named 'airflow.providers.standard'
[2026-03-15T08:32:36.971+0000] {processor.py:842} WARNING - No viable dags retrieved from /opt/airflow/dags/dbt.py
[2026-03-15T08:32:36.999+0000] {processor.py:183} INFO - Processing /opt/airflow/dags/dbt.py took 0.054 seconds
[2026-03-15T08:48:33.173+0000] {processor.py:161} INFO - Started process (PID=3738) to work on /opt/airflow/dags/dbt.py
[2026-03-15T08:48:33.174+0000] {processor.py:830} INFO - Processing file /opt/airflow/dags/dbt.py for tasks to queue
[2026-03-15T08:48:33.180+0000] {logging_mixin.py:188} INFO - [2026-03-15T08:48:33.180+0000] {dagbag.py:545} INFO - Filling up the DagBag from /opt/airflow/dags/dbt.py
[2026-03-15T08:48:33.186+0000] {logging_mixin.py:188} INFO - [2026-03-15T08:48:33.184+0000] {dagbag.py:355} ERROR - Failed to import: /opt/airflow/dags/dbt.py
Traceback (most recent call last):
  File "/home/airflow/.local/lib/python3.12/site-packages/airflow/models/dagbag.py", line 351, in parse
    loader.exec_module(new_module)
  File "<frozen importlib._bootstrap_external>", line 995, in exec_module
  File "<frozen importlib._bootstrap>", line 488, in _call_with_frames_removed
  File "/opt/airflow/dags/dbt.py", line 2, in <module>
    from airflow.providers.standard.operators.bash import BashOperator
ModuleNotFoundError: No module named 'airflow.providers.standard'
[2026-03-15T08:48:33.187+0000] {processor.py:842} WARNING - No viable dags retrieved from /opt/airflow/dags/dbt.py
[2026-03-15T08:48:33.212+0000] {processor.py:183} INFO - Processing /opt/airflow/dags/dbt.py took 0.053 seconds
[2026-03-15T08:49:03.734+0000] {processor.py:161} INFO - Started process (PID=3740) to work on /opt/airflow/dags/dbt.py
[2026-03-15T08:49:03.735+0000] {processor.py:830} INFO - Processing file /opt/airflow/dags/dbt.py for tasks to queue
[2026-03-15T08:49:03.744+0000] {logging_mixin.py:188} INFO - [2026-03-15T08:49:03.743+0000] {dagbag.py:545} INFO - Filling up the DagBag from /opt/airflow/dags/dbt.py
[2026-03-15T08:49:03.755+0000] {logging_mixin.py:188} INFO - [2026-03-15T08:49:03.751+0000] {dagbag.py:355} ERROR - Failed to import: /opt/airflow/dags/dbt.py
Traceback (most recent call last):
  File "/home/airflow/.local/lib/python3.12/site-packages/airflow/models/dagbag.py", line 351, in parse
    loader.exec_module(new_module)
  File "<frozen importlib._bootstrap_external>", line 995, in exec_module
  File "<frozen importlib._bootstrap>", line 488, in _call_with_frames_removed
  File "/opt/airflow/dags/dbt.py", line 2, in <module>
    from airflow.providers.standard.operators.bash import BashOperator
ModuleNotFoundError: No module named 'airflow.providers.standard'
[2026-03-15T08:49:03.756+0000] {processor.py:842} WARNING - No viable dags retrieved from /opt/airflow/dags/dbt.py
[2026-03-15T08:49:03.794+0000] {processor.py:183} INFO - Processing /opt/airflow/dags/dbt.py took 0.080 seconds
[2026-03-15T09:03:40.732+0000] {processor.py:161} INFO - Started process (PID=3742) to work on /opt/airflow/dags/dbt.py
[2026-03-15T09:03:40.733+0000] {processor.py:830} INFO - Processing file /opt/airflow/dags/dbt.py for tasks to queue
[2026-03-15T09:03:40.737+0000] {logging_mixin.py:188} INFO - [2026-03-15T09:03:40.737+0000] {dagbag.py:545} INFO - Filling up the DagBag from /opt/airflow/dags/dbt.py
[2026-03-15T09:03:40.748+0000] {logging_mixin.py:188} INFO - [2026-03-15T09:03:40.745+0000] {dagbag.py:355} ERROR - Failed to import: /opt/airflow/dags/dbt.py
Traceback (most recent call last):
  File "/home/airflow/.local/lib/python3.12/site-packages/airflow/models/dagbag.py", line 351, in parse
    loader.exec_module(new_module)
  File "<frozen importlib._bootstrap_external>", line 995, in exec_module
  File "<frozen importlib._bootstrap>", line 488, in _call_with_frames_removed
  File "/opt/airflow/dags/dbt.py", line 2, in <module>
    from airflow.providers.standard.operators.bash import BashOperator
ModuleNotFoundError: No module named 'airflow.providers.standard'
[2026-03-15T09:03:40.750+0000] {processor.py:842} WARNING - No viable dags retrieved from /opt/airflow/dags/dbt.py
[2026-03-15T09:03:40.782+0000] {processor.py:183} INFO - Processing /opt/airflow/dags/dbt.py took 0.071 seconds
[2026-03-15T09:04:11.225+0000] {processor.py:161} INFO - Started process (PID=3744) to work on /opt/airflow/dags/dbt.py
[2026-03-15T09:04:11.229+0000] {processor.py:830} INFO - Processing file /opt/airflow/dags/dbt.py for tasks to queue
[2026-03-15T09:04:11.244+0000] {logging_mixin.py:188} INFO - [2026-03-15T09:04:11.243+0000] {dagbag.py:545} INFO - Filling up the DagBag from /opt/airflow/dags/dbt.py
[2026-03-15T09:04:11.257+0000] {logging_mixin.py:188} INFO - [2026-03-15T09:04:11.252+0000] {dagbag.py:355} ERROR - Failed to import: /opt/airflow/dags/dbt.py
Traceback (most recent call last):
  File "/home/airflow/.local/lib/python3.12/site-packages/airflow/models/dagbag.py", line 351, in parse
    loader.exec_module(new_module)
  File "<frozen importlib._bootstrap_external>", line 995, in exec_module
  File "<frozen importlib._bootstrap>", line 488, in _call_with_frames_removed
  File "/opt/airflow/dags/dbt.py", line 2, in <module>
    from airflow.providers.standard.operators.bash import BashOperator
ModuleNotFoundError: No module named 'airflow.providers.standard'
[2026-03-15T09:04:11.258+0000] {processor.py:842} WARNING - No viable dags retrieved from /opt/airflow/dags/dbt.py
[2026-03-15T09:04:11.309+0000] {processor.py:183} INFO - Processing /opt/airflow/dags/dbt.py took 0.110 seconds
[2026-03-15T09:04:41.717+0000] {processor.py:161} INFO - Started process (PID=3746) to work on /opt/airflow/dags/dbt.py
[2026-03-15T09:04:41.721+0000] {processor.py:830} INFO - Processing file /opt/airflow/dags/dbt.py for tasks to queue
[2026-03-15T09:04:41.727+0000] {logging_mixin.py:188} INFO - [2026-03-15T09:04:41.726+0000] {dagbag.py:545} INFO - Filling up the DagBag from /opt/airflow/dags/dbt.py
[2026-03-15T09:04:41.740+0000] {logging_mixin.py:188} INFO - [2026-03-15T09:04:41.738+0000] {dagbag.py:355} ERROR - Failed to import: /opt/airflow/dags/dbt.py
Traceback (most recent call last):
  File "/home/airflow/.local/lib/python3.12/site-packages/airflow/models/dagbag.py", line 351, in parse
    loader.exec_module(new_module)
  File "<frozen importlib._bootstrap_external>", line 995, in exec_module
  File "<frozen importlib._bootstrap>", line 488, in _call_with_frames_removed
  File "/opt/airflow/dags/dbt.py", line 2, in <module>
    from airflow.providers.standard.operators.bash import BashOperator
ModuleNotFoundError: No module named 'airflow.providers.standard'
[2026-03-15T09:04:41.741+0000] {processor.py:842} WARNING - No viable dags retrieved from /opt/airflow/dags/dbt.py
[2026-03-15T09:04:41.776+0000] {processor.py:183} INFO - Processing /opt/airflow/dags/dbt.py took 0.085 seconds
[2026-03-15T09:05:12.207+0000] {processor.py:161} INFO - Started process (PID=3748) to work on /opt/airflow/dags/dbt.py
[2026-03-15T09:05:12.208+0000] {processor.py:830} INFO - Processing file /opt/airflow/dags/dbt.py for tasks to queue
[2026-03-15T09:05:12.226+0000] {logging_mixin.py:188} INFO - [2026-03-15T09:05:12.225+0000] {dagbag.py:545} INFO - Filling up the DagBag from /opt/airflow/dags/dbt.py
[2026-03-15T09:05:12.236+0000] {logging_mixin.py:188} INFO - [2026-03-15T09:05:12.234+0000] {dagbag.py:355} ERROR - Failed to import: /opt/airflow/dags/dbt.py
Traceback (most recent call last):
  File "/home/airflow/.local/lib/python3.12/site-packages/airflow/models/dagbag.py", line 351, in parse
    loader.exec_module(new_module)
  File "<frozen importlib._bootstrap_external>", line 995, in exec_module
  File "<frozen importlib._bootstrap>", line 488, in _call_with_frames_removed
  File "/opt/airflow/dags/dbt.py", line 2, in <module>
    from airflow.providers.standard.operators.bash import BashOperator
ModuleNotFoundError: No module named 'airflow.providers.standard'
[2026-03-15T09:05:12.236+0000] {processor.py:842} WARNING - No viable dags retrieved from /opt/airflow/dags/dbt.py
[2026-03-15T09:05:12.274+0000] {processor.py:183} INFO - Processing /opt/airflow/dags/dbt.py took 0.090 seconds
[2026-03-15T09:21:05.707+0000] {processor.py:161} INFO - Started process (PID=3750) to work on /opt/airflow/dags/dbt.py
[2026-03-15T09:21:05.710+0000] {processor.py:830} INFO - Processing file /opt/airflow/dags/dbt.py for tasks to queue
[2026-03-15T09:21:05.715+0000] {logging_mixin.py:188} INFO - [2026-03-15T09:21:05.714+0000] {dagbag.py:545} INFO - Filling up the DagBag from /opt/airflow/dags/dbt.py
[2026-03-15T09:21:05.725+0000] {logging_mixin.py:188} INFO - [2026-03-15T09:21:05.719+0000] {dagbag.py:355} ERROR - Failed to import: /opt/airflow/dags/dbt.py
Traceback (most recent call last):
  File "/home/airflow/.local/lib/python3.12/site-packages/airflow/models/dagbag.py", line 351, in parse
    loader.exec_module(new_module)
  File "<frozen importlib._bootstrap_external>", line 995, in exec_module
  File "<frozen importlib._bootstrap>", line 488, in _call_with_frames_removed
  File "/opt/airflow/dags/dbt.py", line 2, in <module>
    from airflow.providers.standard.operators.bash import BashOperator
ModuleNotFoundError: No module named 'airflow.providers.standard'
[2026-03-15T09:21:05.727+0000] {processor.py:842} WARNING - No viable dags retrieved from /opt/airflow/dags/dbt.py
[2026-03-15T09:21:05.747+0000] {processor.py:183} INFO - Processing /opt/airflow/dags/dbt.py took 0.055 seconds
[2026-03-15T09:37:01.989+0000] {processor.py:161} INFO - Started process (PID=3752) to work on /opt/airflow/dags/dbt.py
[2026-03-15T09:37:01.991+0000] {processor.py:830} INFO - Processing file /opt/airflow/dags/dbt.py for tasks to queue
[2026-03-15T09:37:01.995+0000] {logging_mixin.py:188} INFO - [2026-03-15T09:37:01.994+0000] {dagbag.py:545} INFO - Filling up the DagBag from /opt/airflow/dags/dbt.py
[2026-03-15T09:37:02.002+0000] {logging_mixin.py:188} INFO - [2026-03-15T09:37:01.999+0000] {dagbag.py:355} ERROR - Failed to import: /opt/airflow/dags/dbt.py
Traceback (most recent call last):
  File "/home/airflow/.local/lib/python3.12/site-packages/airflow/models/dagbag.py", line 351, in parse
    loader.exec_module(new_module)
  File "<frozen importlib._bootstrap_external>", line 995, in exec_module
  File "<frozen importlib._bootstrap>", line 488, in _call_with_frames_removed
  File "/opt/airflow/dags/dbt.py", line 2, in <module>
    from airflow.providers.standard.operators.bash import BashOperator
ModuleNotFoundError: No module named 'airflow.providers.standard'
[2026-03-15T09:37:02.003+0000] {processor.py:842} WARNING - No viable dags retrieved from /opt/airflow/dags/dbt.py
[2026-03-15T09:37:02.028+0000] {processor.py:183} INFO - Processing /opt/airflow/dags/dbt.py took 0.054 seconds
[2026-03-15T09:37:32.526+0000] {processor.py:161} INFO - Started process (PID=3754) to work on /opt/airflow/dags/dbt.py
[2026-03-15T09:37:32.527+0000] {processor.py:830} INFO - Processing file /opt/airflow/dags/dbt.py for tasks to queue
[2026-03-15T09:37:32.532+0000] {logging_mixin.py:188} INFO - [2026-03-15T09:37:32.531+0000] {dagbag.py:545} INFO - Filling up the DagBag from /opt/airflow/dags/dbt.py
[2026-03-15T09:37:32.541+0000] {logging_mixin.py:188} INFO - [2026-03-15T09:37:32.538+0000] {dagbag.py:355} ERROR - Failed to import: /opt/airflow/dags/dbt.py
Traceback (most recent call last):
  File "/home/airflow/.local/lib/python3.12/site-packages/airflow/models/dagbag.py", line 351, in parse
    loader.exec_module(new_module)
  File "<frozen importlib._bootstrap_external>", line 995, in exec_module
  File "<frozen importlib._bootstrap>", line 488, in _call_with_frames_removed
  File "/opt/airflow/dags/dbt.py", line 2, in <module>
    from airflow.providers.standard.operators.bash import BashOperator
ModuleNotFoundError: No module named 'airflow.providers.standard'
[2026-03-15T09:37:32.542+0000] {processor.py:842} WARNING - No viable dags retrieved from /opt/airflow/dags/dbt.py
[2026-03-15T09:37:32.575+0000] {processor.py:183} INFO - Processing /opt/airflow/dags/dbt.py took 0.069 seconds
[2026-03-15T09:38:03.038+0000] {processor.py:161} INFO - Started process (PID=3756) to work on /opt/airflow/dags/dbt.py
[2026-03-15T09:38:03.040+0000] {processor.py:830} INFO - Processing file /opt/airflow/dags/dbt.py for tasks to queue
[2026-03-15T09:38:03.045+0000] {logging_mixin.py:188} INFO - [2026-03-15T09:38:03.045+0000] {dagbag.py:545} INFO - Filling up the DagBag from /opt/airflow/dags/dbt.py
[2026-03-15T09:38:03.051+0000] {logging_mixin.py:188} INFO - [2026-03-15T09:38:03.050+0000] {dagbag.py:355} ERROR - Failed to import: /opt/airflow/dags/dbt.py
Traceback (most recent call last):
  File "/home/airflow/.local/lib/python3.12/site-packages/airflow/models/dagbag.py", line 351, in parse
    loader.exec_module(new_module)
  File "<frozen importlib._bootstrap_external>", line 995, in exec_module
  File "<frozen importlib._bootstrap>", line 488, in _call_with_frames_removed
  File "/opt/airflow/dags/dbt.py", line 2, in <module>
    from airflow.providers.standard.operators.bash import BashOperator
ModuleNotFoundError: No module named 'airflow.providers.standard'
[2026-03-15T09:38:03.052+0000] {processor.py:842} WARNING - No viable dags retrieved from /opt/airflow/dags/dbt.py
[2026-03-15T09:38:03.081+0000] {processor.py:183} INFO - Processing /opt/airflow/dags/dbt.py took 0.066 seconds
[2026-03-15T09:38:33.457+0000] {processor.py:161} INFO - Started process (PID=3758) to work on /opt/airflow/dags/dbt.py
[2026-03-15T09:38:33.459+0000] {processor.py:830} INFO - Processing file /opt/airflow/dags/dbt.py for tasks to queue
[2026-03-15T09:38:33.468+0000] {logging_mixin.py:188} INFO - [2026-03-15T09:38:33.465+0000] {dagbag.py:545} INFO - Filling up the DagBag from /opt/airflow/dags/dbt.py
[2026-03-15T09:38:33.478+0000] {logging_mixin.py:188} INFO - [2026-03-15T09:38:33.476+0000] {dagbag.py:355} ERROR - Failed to import: /opt/airflow/dags/dbt.py
Traceback (most recent call last):
  File "/home/airflow/.local/lib/python3.12/site-packages/airflow/models/dagbag.py", line 351, in parse
    loader.exec_module(new_module)
  File "<frozen importlib._bootstrap_external>", line 995, in exec_module
  File "<frozen importlib._bootstrap>", line 488, in _call_with_frames_removed
  File "/opt/airflow/dags/dbt.py", line 2, in <module>
    from airflow.providers.standard.operators.bash import BashOperator
ModuleNotFoundError: No module named 'airflow.providers.standard'
[2026-03-15T09:38:33.480+0000] {processor.py:842} WARNING - No viable dags retrieved from /opt/airflow/dags/dbt.py
[2026-03-15T09:38:33.506+0000] {processor.py:183} INFO - Processing /opt/airflow/dags/dbt.py took 0.070 seconds
[2026-03-15T09:39:03.873+0000] {processor.py:161} INFO - Started process (PID=3760) to work on /opt/airflow/dags/dbt.py
[2026-03-15T09:39:03.878+0000] {processor.py:830} INFO - Processing file /opt/airflow/dags/dbt.py for tasks to queue
[2026-03-15T09:39:03.881+0000] {logging_mixin.py:188} INFO - [2026-03-15T09:39:03.880+0000] {dagbag.py:545} INFO - Filling up the DagBag from /opt/airflow/dags/dbt.py
[2026-03-15T09:39:03.891+0000] {logging_mixin.py:188} INFO - [2026-03-15T09:39:03.886+0000] {dagbag.py:355} ERROR - Failed to import: /opt/airflow/dags/dbt.py
Traceback (most recent call last):
  File "/home/airflow/.local/lib/python3.12/site-packages/airflow/models/dagbag.py", line 351, in parse
    loader.exec_module(new_module)
  File "<frozen importlib._bootstrap_external>", line 995, in exec_module
  File "<frozen importlib._bootstrap>", line 488, in _call_with_frames_removed
  File "/opt/airflow/dags/dbt.py", line 2, in <module>
    from airflow.providers.standard.operators.bash import BashOperator
ModuleNotFoundError: No module named 'airflow.providers.standard'
[2026-03-15T09:39:03.891+0000] {processor.py:842} WARNING - No viable dags retrieved from /opt/airflow/dags/dbt.py
[2026-03-15T09:39:03.926+0000] {processor.py:183} INFO - Processing /opt/airflow/dags/dbt.py took 0.076 seconds
[2026-03-15T09:39:34.286+0000] {processor.py:161} INFO - Started process (PID=3762) to work on /opt/airflow/dags/dbt.py
[2026-03-15T09:39:34.287+0000] {processor.py:830} INFO - Processing file /opt/airflow/dags/dbt.py for tasks to queue
[2026-03-15T09:39:34.290+0000] {logging_mixin.py:188} INFO - [2026-03-15T09:39:34.290+0000] {dagbag.py:545} INFO - Filling up the DagBag from /opt/airflow/dags/dbt.py
[2026-03-15T09:39:34.296+0000] {logging_mixin.py:188} INFO - [2026-03-15T09:39:34.295+0000] {dagbag.py:355} ERROR - Failed to import: /opt/airflow/dags/dbt.py
Traceback (most recent call last):
  File "/home/airflow/.local/lib/python3.12/site-packages/airflow/models/dagbag.py", line 351, in parse
    loader.exec_module(new_module)
  File "<frozen importlib._bootstrap_external>", line 995, in exec_module
  File "<frozen importlib._bootstrap>", line 488, in _call_with_frames_removed
  File "/opt/airflow/dags/dbt.py", line 2, in <module>
    from airflow.providers.standard.operators.bash import BashOperator
ModuleNotFoundError: No module named 'airflow.providers.standard'
[2026-03-15T09:39:34.297+0000] {processor.py:842} WARNING - No viable dags retrieved from /opt/airflow/dags/dbt.py
[2026-03-15T09:39:34.324+0000] {processor.py:183} INFO - Processing /opt/airflow/dags/dbt.py took 0.054 seconds
[2026-03-15T09:40:04.727+0000] {processor.py:161} INFO - Started process (PID=3764) to work on /opt/airflow/dags/dbt.py
[2026-03-15T09:40:04.729+0000] {processor.py:830} INFO - Processing file /opt/airflow/dags/dbt.py for tasks to queue
[2026-03-15T09:40:04.737+0000] {logging_mixin.py:188} INFO - [2026-03-15T09:40:04.734+0000] {dagbag.py:545} INFO - Filling up the DagBag from /opt/airflow/dags/dbt.py
[2026-03-15T09:40:04.748+0000] {logging_mixin.py:188} INFO - [2026-03-15T09:40:04.746+0000] {dagbag.py:355} ERROR - Failed to import: /opt/airflow/dags/dbt.py
Traceback (most recent call last):
  File "/home/airflow/.local/lib/python3.12/site-packages/airflow/models/dagbag.py", line 351, in parse
    loader.exec_module(new_module)
  File "<frozen importlib._bootstrap_external>", line 995, in exec_module
  File "<frozen importlib._bootstrap>", line 488, in _call_with_frames_removed
  File "/opt/airflow/dags/dbt.py", line 2, in <module>
    from airflow.providers.standard.operators.bash import BashOperator
ModuleNotFoundError: No module named 'airflow.providers.standard'
[2026-03-15T09:40:04.749+0000] {processor.py:842} WARNING - No viable dags retrieved from /opt/airflow/dags/dbt.py
[2026-03-15T09:40:04.780+0000] {processor.py:183} INFO - Processing /opt/airflow/dags/dbt.py took 0.076 seconds
[2026-03-15T09:40:35.159+0000] {processor.py:161} INFO - Started process (PID=3766) to work on /opt/airflow/dags/dbt.py
[2026-03-15T09:40:35.160+0000] {processor.py:830} INFO - Processing file /opt/airflow/dags/dbt.py for tasks to queue
[2026-03-15T09:40:35.165+0000] {logging_mixin.py:188} INFO - [2026-03-15T09:40:35.164+0000] {dagbag.py:545} INFO - Filling up the DagBag from /opt/airflow/dags/dbt.py
[2026-03-15T09:40:35.179+0000] {logging_mixin.py:188} INFO - [2026-03-15T09:40:35.177+0000] {dagbag.py:355} ERROR - Failed to import: /opt/airflow/dags/dbt.py
Traceback (most recent call last):
  File "/home/airflow/.local/lib/python3.12/site-packages/airflow/models/dagbag.py", line 351, in parse
    loader.exec_module(new_module)
  File "<frozen importlib._bootstrap_external>", line 995, in exec_module
  File "<frozen importlib._bootstrap>", line 488, in _call_with_frames_removed
  File "/opt/airflow/dags/dbt.py", line 2, in <module>
    from airflow.providers.standard.operators.bash import BashOperator
ModuleNotFoundError: No module named 'airflow.providers.standard'
[2026-03-15T09:40:35.179+0000] {processor.py:842} WARNING - No viable dags retrieved from /opt/airflow/dags/dbt.py
[2026-03-15T09:40:35.221+0000] {processor.py:183} INFO - Processing /opt/airflow/dags/dbt.py took 0.084 seconds
[2026-03-15T09:41:05.597+0000] {processor.py:161} INFO - Started process (PID=3768) to work on /opt/airflow/dags/dbt.py
[2026-03-15T09:41:05.598+0000] {processor.py:830} INFO - Processing file /opt/airflow/dags/dbt.py for tasks to queue
[2026-03-15T09:41:05.601+0000] {logging_mixin.py:188} INFO - [2026-03-15T09:41:05.600+0000] {dagbag.py:545} INFO - Filling up the DagBag from /opt/airflow/dags/dbt.py
[2026-03-15T09:41:05.607+0000] {logging_mixin.py:188} INFO - [2026-03-15T09:41:05.606+0000] {dagbag.py:355} ERROR - Failed to import: /opt/airflow/dags/dbt.py
Traceback (most recent call last):
  File "/home/airflow/.local/lib/python3.12/site-packages/airflow/models/dagbag.py", line 351, in parse
    loader.exec_module(new_module)
  File "<frozen importlib._bootstrap_external>", line 995, in exec_module
  File "<frozen importlib._bootstrap>", line 488, in _call_with_frames_removed
  File "/opt/airflow/dags/dbt.py", line 2, in <module>
    from airflow.providers.standard.operators.bash import BashOperator
ModuleNotFoundError: No module named 'airflow.providers.standard'
[2026-03-15T09:41:05.608+0000] {processor.py:842} WARNING - No viable dags retrieved from /opt/airflow/dags/dbt.py
[2026-03-15T09:41:05.631+0000] {processor.py:183} INFO - Processing /opt/airflow/dags/dbt.py took 0.048 seconds
[2026-03-15T09:41:35.952+0000] {processor.py:161} INFO - Started process (PID=3770) to work on /opt/airflow/dags/dbt.py
[2026-03-15T09:41:35.953+0000] {processor.py:830} INFO - Processing file /opt/airflow/dags/dbt.py for tasks to queue
[2026-03-15T09:41:35.956+0000] {logging_mixin.py:188} INFO - [2026-03-15T09:41:35.956+0000] {dagbag.py:545} INFO - Filling up the DagBag from /opt/airflow/dags/dbt.py
[2026-03-15T09:41:35.961+0000] {logging_mixin.py:188} INFO - [2026-03-15T09:41:35.959+0000] {dagbag.py:355} ERROR - Failed to import: /opt/airflow/dags/dbt.py
Traceback (most recent call last):
  File "/home/airflow/.local/lib/python3.12/site-packages/airflow/models/dagbag.py", line 351, in parse
    loader.exec_module(new_module)
  File "<frozen importlib._bootstrap_external>", line 995, in exec_module
  File "<frozen importlib._bootstrap>", line 488, in _call_with_frames_removed
  File "/opt/airflow/dags/dbt.py", line 2, in <module>
    from airflow.providers.standard.operators.bash import BashOperator
ModuleNotFoundError: No module named 'airflow.providers.standard'
[2026-03-15T09:41:35.961+0000] {processor.py:842} WARNING - No viable dags retrieved from /opt/airflow/dags/dbt.py
[2026-03-15T09:41:35.984+0000] {processor.py:183} INFO - Processing /opt/airflow/dags/dbt.py took 0.042 seconds
[2026-03-15T09:42:06.408+0000] {processor.py:161} INFO - Started process (PID=3772) to work on /opt/airflow/dags/dbt.py
[2026-03-15T09:42:06.410+0000] {processor.py:830} INFO - Processing file /opt/airflow/dags/dbt.py for tasks to queue
[2026-03-15T09:42:06.424+0000] {logging_mixin.py:188} INFO - [2026-03-15T09:42:06.423+0000] {dagbag.py:545} INFO - Filling up the DagBag from /opt/airflow/dags/dbt.py
[2026-03-15T09:42:06.434+0000] {logging_mixin.py:188} INFO - [2026-03-15T09:42:06.431+0000] {dagbag.py:355} ERROR - Failed to import: /opt/airflow/dags/dbt.py
Traceback (most recent call last):
  File "/home/airflow/.local/lib/python3.12/site-packages/airflow/models/dagbag.py", line 351, in parse
    loader.exec_module(new_module)
  File "<frozen importlib._bootstrap_external>", line 995, in exec_module
  File "<frozen importlib._bootstrap>", line 488, in _call_with_frames_removed
  File "/opt/airflow/dags/dbt.py", line 2, in <module>
    from airflow.providers.standard.operators.bash import BashOperator
ModuleNotFoundError: No module named 'airflow.providers.standard'
[2026-03-15T09:42:06.435+0000] {processor.py:842} WARNING - No viable dags retrieved from /opt/airflow/dags/dbt.py
[2026-03-15T09:42:06.475+0000] {processor.py:183} INFO - Processing /opt/airflow/dags/dbt.py took 0.090 seconds
[2026-03-15T09:42:36.859+0000] {processor.py:161} INFO - Started process (PID=3774) to work on /opt/airflow/dags/dbt.py
[2026-03-15T09:42:36.862+0000] {processor.py:830} INFO - Processing file /opt/airflow/dags/dbt.py for tasks to queue
[2026-03-15T09:42:36.867+0000] {logging_mixin.py:188} INFO - [2026-03-15T09:42:36.866+0000] {dagbag.py:545} INFO - Filling up the DagBag from /opt/airflow/dags/dbt.py
[2026-03-15T09:42:36.877+0000] {logging_mixin.py:188} INFO - [2026-03-15T09:42:36.875+0000] {dagbag.py:355} ERROR - Failed to import: /opt/airflow/dags/dbt.py
Traceback (most recent call last):
  File "/home/airflow/.local/lib/python3.12/site-packages/airflow/models/dagbag.py", line 351, in parse
    loader.exec_module(new_module)
  File "<frozen importlib._bootstrap_external>", line 995, in exec_module
  File "<frozen importlib._bootstrap>", line 488, in _call_with_frames_removed
  File "/opt/airflow/dags/dbt.py", line 2, in <module>
    from airflow.providers.standard.operators.bash import BashOperator
ModuleNotFoundError: No module named 'airflow.providers.standard'
[2026-03-15T09:42:36.877+0000] {processor.py:842} WARNING - No viable dags retrieved from /opt/airflow/dags/dbt.py
[2026-03-15T09:42:36.909+0000] {processor.py:183} INFO - Processing /opt/airflow/dags/dbt.py took 0.077 seconds
[2026-03-15T09:43:07.299+0000] {processor.py:161} INFO - Started process (PID=3776) to work on /opt/airflow/dags/dbt.py
[2026-03-15T09:43:07.300+0000] {processor.py:830} INFO - Processing file /opt/airflow/dags/dbt.py for tasks to queue
[2026-03-15T09:43:07.308+0000] {logging_mixin.py:188} INFO - [2026-03-15T09:43:07.305+0000] {dagbag.py:545} INFO - Filling up the DagBag from /opt/airflow/dags/dbt.py
[2026-03-15T09:43:07.315+0000] {logging_mixin.py:188} INFO - [2026-03-15T09:43:07.313+0000] {dagbag.py:355} ERROR - Failed to import: /opt/airflow/dags/dbt.py
Traceback (most recent call last):
  File "/home/airflow/.local/lib/python3.12/site-packages/airflow/models/dagbag.py", line 351, in parse
    loader.exec_module(new_module)
  File "<frozen importlib._bootstrap_external>", line 995, in exec_module
  File "<frozen importlib._bootstrap>", line 488, in _call_with_frames_removed
  File "/opt/airflow/dags/dbt.py", line 2, in <module>
    from airflow.providers.standard.operators.bash import BashOperator
ModuleNotFoundError: No module named 'airflow.providers.standard'
[2026-03-15T09:43:07.315+0000] {processor.py:842} WARNING - No viable dags retrieved from /opt/airflow/dags/dbt.py
[2026-03-15T09:43:07.349+0000] {processor.py:183} INFO - Processing /opt/airflow/dags/dbt.py took 0.074 seconds
[2026-03-15T09:43:37.746+0000] {processor.py:161} INFO - Started process (PID=3778) to work on /opt/airflow/dags/dbt.py
[2026-03-15T09:43:37.748+0000] {processor.py:830} INFO - Processing file /opt/airflow/dags/dbt.py for tasks to queue
[2026-03-15T09:43:37.752+0000] {logging_mixin.py:188} INFO - [2026-03-15T09:43:37.752+0000] {dagbag.py:545} INFO - Filling up the DagBag from /opt/airflow/dags/dbt.py
[2026-03-15T09:43:37.760+0000] {logging_mixin.py:188} INFO - [2026-03-15T09:43:37.757+0000] {dagbag.py:355} ERROR - Failed to import: /opt/airflow/dags/dbt.py
Traceback (most recent call last):
  File "/home/airflow/.local/lib/python3.12/site-packages/airflow/models/dagbag.py", line 351, in parse
    loader.exec_module(new_module)
  File "<frozen importlib._bootstrap_external>", line 995, in exec_module
  File "<frozen importlib._bootstrap>", line 488, in _call_with_frames_removed
  File "/opt/airflow/dags/dbt.py", line 2, in <module>
    from airflow.providers.standard.operators.bash import BashOperator
ModuleNotFoundError: No module named 'airflow.providers.standard'
[2026-03-15T09:43:37.761+0000] {processor.py:842} WARNING - No viable dags retrieved from /opt/airflow/dags/dbt.py
[2026-03-15T09:43:37.796+0000] {processor.py:183} INFO - Processing /opt/airflow/dags/dbt.py took 0.070 seconds
[2026-03-15T09:44:08.120+0000] {processor.py:161} INFO - Started process (PID=3780) to work on /opt/airflow/dags/dbt.py
[2026-03-15T09:44:08.121+0000] {processor.py:830} INFO - Processing file /opt/airflow/dags/dbt.py for tasks to queue
[2026-03-15T09:44:08.125+0000] {logging_mixin.py:188} INFO - [2026-03-15T09:44:08.125+0000] {dagbag.py:545} INFO - Filling up the DagBag from /opt/airflow/dags/dbt.py
[2026-03-15T09:44:08.133+0000] {logging_mixin.py:188} INFO - [2026-03-15T09:44:08.131+0000] {dagbag.py:355} ERROR - Failed to import: /opt/airflow/dags/dbt.py
Traceback (most recent call last):
  File "/home/airflow/.local/lib/python3.12/site-packages/airflow/models/dagbag.py", line 351, in parse
    loader.exec_module(new_module)
  File "<frozen importlib._bootstrap_external>", line 995, in exec_module
  File "<frozen importlib._bootstrap>", line 488, in _call_with_frames_removed
  File "/opt/airflow/dags/dbt.py", line 2, in <module>
    from airflow.providers.standard.operators.bash import BashOperator
ModuleNotFoundError: No module named 'airflow.providers.standard'
[2026-03-15T09:44:08.134+0000] {processor.py:842} WARNING - No viable dags retrieved from /opt/airflow/dags/dbt.py
[2026-03-15T09:44:08.160+0000] {processor.py:183} INFO - Processing /opt/airflow/dags/dbt.py took 0.053 seconds
[2026-03-15T09:44:38.513+0000] {processor.py:161} INFO - Started process (PID=3782) to work on /opt/airflow/dags/dbt.py
[2026-03-15T09:44:38.514+0000] {processor.py:830} INFO - Processing file /opt/airflow/dags/dbt.py for tasks to queue
[2026-03-15T09:44:38.518+0000] {logging_mixin.py:188} INFO - [2026-03-15T09:44:38.517+0000] {dagbag.py:545} INFO - Filling up the DagBag from /opt/airflow/dags/dbt.py
[2026-03-15T09:44:38.526+0000] {logging_mixin.py:188} INFO - [2026-03-15T09:44:38.524+0000] {dagbag.py:355} ERROR - Failed to import: /opt/airflow/dags/dbt.py
Traceback (most recent call last):
  File "/home/airflow/.local/lib/python3.12/site-packages/airflow/models/dagbag.py", line 351, in parse
    loader.exec_module(new_module)
  File "<frozen importlib._bootstrap_external>", line 995, in exec_module
  File "<frozen importlib._bootstrap>", line 488, in _call_with_frames_removed
  File "/opt/airflow/dags/dbt.py", line 2, in <module>
    from airflow.providers.standard.operators.bash import BashOperator
ModuleNotFoundError: No module named 'airflow.providers.standard'
[2026-03-15T09:44:38.527+0000] {processor.py:842} WARNING - No viable dags retrieved from /opt/airflow/dags/dbt.py
[2026-03-15T09:44:38.552+0000] {processor.py:183} INFO - Processing /opt/airflow/dags/dbt.py took 0.051 seconds
[2026-03-15T09:45:08.892+0000] {processor.py:161} INFO - Started process (PID=3784) to work on /opt/airflow/dags/dbt.py
[2026-03-15T09:45:08.894+0000] {processor.py:830} INFO - Processing file /opt/airflow/dags/dbt.py for tasks to queue
[2026-03-15T09:45:08.898+0000] {logging_mixin.py:188} INFO - [2026-03-15T09:45:08.897+0000] {dagbag.py:545} INFO - Filling up the DagBag from /opt/airflow/dags/dbt.py
[2026-03-15T09:45:08.902+0000] {logging_mixin.py:188} INFO - [2026-03-15T09:45:08.901+0000] {dagbag.py:355} ERROR - Failed to import: /opt/airflow/dags/dbt.py
Traceback (most recent call last):
  File "/home/airflow/.local/lib/python3.12/site-packages/airflow/models/dagbag.py", line 351, in parse
    loader.exec_module(new_module)
  File "<frozen importlib._bootstrap_external>", line 995, in exec_module
  File "<frozen importlib._bootstrap>", line 488, in _call_with_frames_removed
  File "/opt/airflow/dags/dbt.py", line 2, in <module>
    from airflow.providers.standard.operators.bash import BashOperator
ModuleNotFoundError: No module named 'airflow.providers.standard'
[2026-03-15T09:45:08.904+0000] {processor.py:842} WARNING - No viable dags retrieved from /opt/airflow/dags/dbt.py
[2026-03-15T09:45:08.928+0000] {processor.py:183} INFO - Processing /opt/airflow/dags/dbt.py took 0.046 seconds
[2026-03-15T09:45:39.303+0000] {processor.py:161} INFO - Started process (PID=3786) to work on /opt/airflow/dags/dbt.py
[2026-03-15T09:45:39.304+0000] {processor.py:830} INFO - Processing file /opt/airflow/dags/dbt.py for tasks to queue
[2026-03-15T09:45:39.309+0000] {logging_mixin.py:188} INFO - [2026-03-15T09:45:39.308+0000] {dagbag.py:545} INFO - Filling up the DagBag from /opt/airflow/dags/dbt.py
[2026-03-15T09:45:39.316+0000] {logging_mixin.py:188} INFO - [2026-03-15T09:45:39.314+0000] {dagbag.py:355} ERROR - Failed to import: /opt/airflow/dags/dbt.py
Traceback (most recent call last):
  File "/home/airflow/.local/lib/python3.12/site-packages/airflow/models/dagbag.py", line 351, in parse
    loader.exec_module(new_module)
  File "<frozen importlib._bootstrap_external>", line 995, in exec_module
  File "<frozen importlib._bootstrap>", line 488, in _call_with_frames_removed
  File "/opt/airflow/dags/dbt.py", line 2, in <module>
    from airflow.providers.standard.operators.bash import BashOperator
ModuleNotFoundError: No module named 'airflow.providers.standard'
[2026-03-15T09:45:39.317+0000] {processor.py:842} WARNING - No viable dags retrieved from /opt/airflow/dags/dbt.py
[2026-03-15T09:45:39.357+0000] {processor.py:183} INFO - Processing /opt/airflow/dags/dbt.py took 0.079 seconds
[2026-03-15T09:46:09.686+0000] {processor.py:161} INFO - Started process (PID=3788) to work on /opt/airflow/dags/dbt.py
[2026-03-15T09:46:09.688+0000] {processor.py:830} INFO - Processing file /opt/airflow/dags/dbt.py for tasks to queue
[2026-03-15T09:46:09.697+0000] {logging_mixin.py:188} INFO - [2026-03-15T09:46:09.697+0000] {dagbag.py:545} INFO - Filling up the DagBag from /opt/airflow/dags/dbt.py
[2026-03-15T09:46:09.704+0000] {logging_mixin.py:188} INFO - [2026-03-15T09:46:09.701+0000] {dagbag.py:355} ERROR - Failed to import: /opt/airflow/dags/dbt.py
Traceback (most recent call last):
  File "/home/airflow/.local/lib/python3.12/site-packages/airflow/models/dagbag.py", line 351, in parse
    loader.exec_module(new_module)
  File "<frozen importlib._bootstrap_external>", line 995, in exec_module
  File "<frozen importlib._bootstrap>", line 488, in _call_with_frames_removed
  File "/opt/airflow/dags/dbt.py", line 2, in <module>
    from airflow.providers.standard.operators.bash import BashOperator
ModuleNotFoundError: No module named 'airflow.providers.standard'
[2026-03-15T09:46:09.705+0000] {processor.py:842} WARNING - No viable dags retrieved from /opt/airflow/dags/dbt.py
[2026-03-15T09:46:09.732+0000] {processor.py:183} INFO - Processing /opt/airflow/dags/dbt.py took 0.056 seconds
[2026-03-15T09:46:40.132+0000] {processor.py:161} INFO - Started process (PID=3790) to work on /opt/airflow/dags/dbt.py
[2026-03-15T09:46:40.133+0000] {processor.py:830} INFO - Processing file /opt/airflow/dags/dbt.py for tasks to queue
[2026-03-15T09:46:40.138+0000] {logging_mixin.py:188} INFO - [2026-03-15T09:46:40.138+0000] {dagbag.py:545} INFO - Filling up the DagBag from /opt/airflow/dags/dbt.py
[2026-03-15T09:46:40.149+0000] {logging_mixin.py:188} INFO - [2026-03-15T09:46:40.145+0000] {dagbag.py:355} ERROR - Failed to import: /opt/airflow/dags/dbt.py
Traceback (most recent call last):
  File "/home/airflow/.local/lib/python3.12/site-packages/airflow/models/dagbag.py", line 351, in parse
    loader.exec_module(new_module)
  File "<frozen importlib._bootstrap_external>", line 995, in exec_module
  File "<frozen importlib._bootstrap>", line 488, in _call_with_frames_removed
  File "/opt/airflow/dags/dbt.py", line 2, in <module>
    from airflow.providers.standard.operators.bash import BashOperator
ModuleNotFoundError: No module named 'airflow.providers.standard'
[2026-03-15T09:46:40.150+0000] {processor.py:842} WARNING - No viable dags retrieved from /opt/airflow/dags/dbt.py
[2026-03-15T09:46:40.183+0000] {processor.py:183} INFO - Processing /opt/airflow/dags/dbt.py took 0.074 seconds
[2026-03-15T09:47:10.564+0000] {processor.py:161} INFO - Started process (PID=3792) to work on /opt/airflow/dags/dbt.py
[2026-03-15T09:47:10.565+0000] {processor.py:830} INFO - Processing file /opt/airflow/dags/dbt.py for tasks to queue
[2026-03-15T09:47:10.570+0000] {logging_mixin.py:188} INFO - [2026-03-15T09:47:10.569+0000] {dagbag.py:545} INFO - Filling up the DagBag from /opt/airflow/dags/dbt.py
[2026-03-15T09:47:10.576+0000] {logging_mixin.py:188} INFO - [2026-03-15T09:47:10.574+0000] {dagbag.py:355} ERROR - Failed to import: /opt/airflow/dags/dbt.py
Traceback (most recent call last):
  File "/home/airflow/.local/lib/python3.12/site-packages/airflow/models/dagbag.py", line 351, in parse
    loader.exec_module(new_module)
  File "<frozen importlib._bootstrap_external>", line 995, in exec_module
  File "<frozen importlib._bootstrap>", line 488, in _call_with_frames_removed
  File "/opt/airflow/dags/dbt.py", line 2, in <module>
    from airflow.providers.standard.operators.bash import BashOperator
ModuleNotFoundError: No module named 'airflow.providers.standard'
[2026-03-15T09:47:10.577+0000] {processor.py:842} WARNING - No viable dags retrieved from /opt/airflow/dags/dbt.py
[2026-03-15T09:47:10.602+0000] {processor.py:183} INFO - Processing /opt/airflow/dags/dbt.py took 0.051 seconds
[2026-03-15T09:47:40.975+0000] {processor.py:161} INFO - Started process (PID=3794) to work on /opt/airflow/dags/dbt.py
[2026-03-15T09:47:40.978+0000] {processor.py:830} INFO - Processing file /opt/airflow/dags/dbt.py for tasks to queue
[2026-03-15T09:47:40.986+0000] {logging_mixin.py:188} INFO - [2026-03-15T09:47:40.985+0000] {dagbag.py:545} INFO - Filling up the DagBag from /opt/airflow/dags/dbt.py
[2026-03-15T09:47:40.995+0000] {logging_mixin.py:188} INFO - [2026-03-15T09:47:40.992+0000] {dagbag.py:355} ERROR - Failed to import: /opt/airflow/dags/dbt.py
Traceback (most recent call last):
  File "/home/airflow/.local/lib/python3.12/site-packages/airflow/models/dagbag.py", line 351, in parse
    loader.exec_module(new_module)
  File "<frozen importlib._bootstrap_external>", line 995, in exec_module
  File "<frozen importlib._bootstrap>", line 488, in _call_with_frames_removed
  File "/opt/airflow/dags/dbt.py", line 2, in <module>
    from airflow.providers.standard.operators.bash import BashOperator
ModuleNotFoundError: No module named 'airflow.providers.standard'
[2026-03-15T09:47:40.997+0000] {processor.py:842} WARNING - No viable dags retrieved from /opt/airflow/dags/dbt.py
[2026-03-15T09:47:41.031+0000] {processor.py:183} INFO - Processing /opt/airflow/dags/dbt.py took 0.082 seconds
[2026-03-15T09:48:11.420+0000] {processor.py:161} INFO - Started process (PID=3796) to work on /opt/airflow/dags/dbt.py
[2026-03-15T09:48:11.422+0000] {processor.py:830} INFO - Processing file /opt/airflow/dags/dbt.py for tasks to queue
[2026-03-15T09:48:11.432+0000] {logging_mixin.py:188} INFO - [2026-03-15T09:48:11.432+0000] {dagbag.py:545} INFO - Filling up the DagBag from /opt/airflow/dags/dbt.py
[2026-03-15T09:48:11.441+0000] {logging_mixin.py:188} INFO - [2026-03-15T09:48:11.439+0000] {dagbag.py:355} ERROR - Failed to import: /opt/airflow/dags/dbt.py
Traceback (most recent call last):
  File "/home/airflow/.local/lib/python3.12/site-packages/airflow/models/dagbag.py", line 351, in parse
    loader.exec_module(new_module)
  File "<frozen importlib._bootstrap_external>", line 995, in exec_module
  File "<frozen importlib._bootstrap>", line 488, in _call_with_frames_removed
  File "/opt/airflow/dags/dbt.py", line 2, in <module>
    from airflow.providers.standard.operators.bash import BashOperator
ModuleNotFoundError: No module named 'airflow.providers.standard'
[2026-03-15T09:48:11.441+0000] {processor.py:842} WARNING - No viable dags retrieved from /opt/airflow/dags/dbt.py
[2026-03-15T09:48:11.477+0000] {processor.py:183} INFO - Processing /opt/airflow/dags/dbt.py took 0.081 seconds
[2026-03-15T09:48:41.919+0000] {processor.py:161} INFO - Started process (PID=3798) to work on /opt/airflow/dags/dbt.py
[2026-03-15T09:48:41.921+0000] {processor.py:830} INFO - Processing file /opt/airflow/dags/dbt.py for tasks to queue
[2026-03-15T09:48:41.927+0000] {logging_mixin.py:188} INFO - [2026-03-15T09:48:41.926+0000] {dagbag.py:545} INFO - Filling up the DagBag from /opt/airflow/dags/dbt.py
[2026-03-15T09:48:41.938+0000] {logging_mixin.py:188} INFO - [2026-03-15T09:48:41.934+0000] {dagbag.py:355} ERROR - Failed to import: /opt/airflow/dags/dbt.py
Traceback (most recent call last):
  File "/home/airflow/.local/lib/python3.12/site-packages/airflow/models/dagbag.py", line 351, in parse
    loader.exec_module(new_module)
  File "<frozen importlib._bootstrap_external>", line 995, in exec_module
  File "<frozen importlib._bootstrap>", line 488, in _call_with_frames_removed
  File "/opt/airflow/dags/dbt.py", line 2, in <module>
    from airflow.providers.standard.operators.bash import BashOperator
ModuleNotFoundError: No module named 'airflow.providers.standard'
[2026-03-15T09:48:41.941+0000] {processor.py:842} WARNING - No viable dags retrieved from /opt/airflow/dags/dbt.py
[2026-03-15T09:48:41.979+0000] {processor.py:183} INFO - Processing /opt/airflow/dags/dbt.py took 0.079 seconds
[2026-03-15T09:49:12.471+0000] {processor.py:161} INFO - Started process (PID=3800) to work on /opt/airflow/dags/dbt.py
[2026-03-15T09:49:12.474+0000] {processor.py:830} INFO - Processing file /opt/airflow/dags/dbt.py for tasks to queue
[2026-03-15T09:49:12.480+0000] {logging_mixin.py:188} INFO - [2026-03-15T09:49:12.479+0000] {dagbag.py:545} INFO - Filling up the DagBag from /opt/airflow/dags/dbt.py
[2026-03-15T09:49:12.491+0000] {logging_mixin.py:188} INFO - [2026-03-15T09:49:12.486+0000] {dagbag.py:355} ERROR - Failed to import: /opt/airflow/dags/dbt.py
Traceback (most recent call last):
  File "/home/airflow/.local/lib/python3.12/site-packages/airflow/models/dagbag.py", line 351, in parse
    loader.exec_module(new_module)
  File "<frozen importlib._bootstrap_external>", line 995, in exec_module
  File "<frozen importlib._bootstrap>", line 488, in _call_with_frames_removed
  File "/opt/airflow/dags/dbt.py", line 2, in <module>
    from airflow.providers.standard.operators.bash import BashOperator
ModuleNotFoundError: No module named 'airflow.providers.standard'
[2026-03-15T09:49:12.491+0000] {processor.py:842} WARNING - No viable dags retrieved from /opt/airflow/dags/dbt.py
[2026-03-15T09:49:12.524+0000] {processor.py:183} INFO - Processing /opt/airflow/dags/dbt.py took 0.078 seconds
[2026-03-15T09:49:43.017+0000] {processor.py:161} INFO - Started process (PID=3802) to work on /opt/airflow/dags/dbt.py
[2026-03-15T09:49:43.019+0000] {processor.py:830} INFO - Processing file /opt/airflow/dags/dbt.py for tasks to queue
[2026-03-15T09:49:43.025+0000] {logging_mixin.py:188} INFO - [2026-03-15T09:49:43.024+0000] {dagbag.py:545} INFO - Filling up the DagBag from /opt/airflow/dags/dbt.py
[2026-03-15T09:49:43.033+0000] {logging_mixin.py:188} INFO - [2026-03-15T09:49:43.031+0000] {dagbag.py:355} ERROR - Failed to import: /opt/airflow/dags/dbt.py
Traceback (most recent call last):
  File "/home/airflow/.local/lib/python3.12/site-packages/airflow/models/dagbag.py", line 351, in parse
    loader.exec_module(new_module)
  File "<frozen importlib._bootstrap_external>", line 995, in exec_module
  File "<frozen importlib._bootstrap>", line 488, in _call_with_frames_removed
  File "/opt/airflow/dags/dbt.py", line 2, in <module>
    from airflow.providers.standard.operators.bash import BashOperator
ModuleNotFoundError: No module named 'airflow.providers.standard'
[2026-03-15T09:49:43.033+0000] {processor.py:842} WARNING - No viable dags retrieved from /opt/airflow/dags/dbt.py
[2026-03-15T09:49:43.081+0000] {processor.py:183} INFO - Processing /opt/airflow/dags/dbt.py took 0.081 seconds
[2026-03-15T09:50:13.494+0000] {processor.py:161} INFO - Started process (PID=3804) to work on /opt/airflow/dags/dbt.py
[2026-03-15T09:50:13.496+0000] {processor.py:830} INFO - Processing file /opt/airflow/dags/dbt.py for tasks to queue
[2026-03-15T09:50:13.498+0000] {logging_mixin.py:188} INFO - [2026-03-15T09:50:13.497+0000] {dagbag.py:545} INFO - Filling up the DagBag from /opt/airflow/dags/dbt.py
[2026-03-15T09:50:13.504+0000] {logging_mixin.py:188} INFO - [2026-03-15T09:50:13.501+0000] {dagbag.py:355} ERROR - Failed to import: /opt/airflow/dags/dbt.py
Traceback (most recent call last):
  File "/home/airflow/.local/lib/python3.12/site-packages/airflow/models/dagbag.py", line 351, in parse
    loader.exec_module(new_module)
  File "<frozen importlib._bootstrap_external>", line 995, in exec_module
  File "<frozen importlib._bootstrap>", line 488, in _call_with_frames_removed
  File "/opt/airflow/dags/dbt.py", line 2, in <module>
    from airflow.providers.standard.operators.bash import BashOperator
ModuleNotFoundError: No module named 'airflow.providers.standard'
[2026-03-15T09:50:13.504+0000] {processor.py:842} WARNING - No viable dags retrieved from /opt/airflow/dags/dbt.py
[2026-03-15T09:50:13.527+0000] {processor.py:183} INFO - Processing /opt/airflow/dags/dbt.py took 0.041 seconds
[2026-03-15T09:50:43.989+0000] {processor.py:161} INFO - Started process (PID=3806) to work on /opt/airflow/dags/dbt.py
[2026-03-15T09:50:43.993+0000] {processor.py:830} INFO - Processing file /opt/airflow/dags/dbt.py for tasks to queue
[2026-03-15T09:50:44.001+0000] {logging_mixin.py:188} INFO - [2026-03-15T09:50:44.000+0000] {dagbag.py:545} INFO - Filling up the DagBag from /opt/airflow/dags/dbt.py
[2026-03-15T09:50:44.014+0000] {logging_mixin.py:188} INFO - [2026-03-15T09:50:44.008+0000] {dagbag.py:355} ERROR - Failed to import: /opt/airflow/dags/dbt.py
Traceback (most recent call last):
  File "/home/airflow/.local/lib/python3.12/site-packages/airflow/models/dagbag.py", line 351, in parse
    loader.exec_module(new_module)
  File "<frozen importlib._bootstrap_external>", line 995, in exec_module
  File "<frozen importlib._bootstrap>", line 488, in _call_with_frames_removed
  File "/opt/airflow/dags/dbt.py", line 2, in <module>
    from airflow.providers.standard.operators.bash import BashOperator
ModuleNotFoundError: No module named 'airflow.providers.standard'
[2026-03-15T09:50:44.015+0000] {processor.py:842} WARNING - No viable dags retrieved from /opt/airflow/dags/dbt.py
[2026-03-15T09:50:44.052+0000] {processor.py:183} INFO - Processing /opt/airflow/dags/dbt.py took 0.092 seconds
[2026-03-15T09:51:14.501+0000] {processor.py:161} INFO - Started process (PID=3808) to work on /opt/airflow/dags/dbt.py
[2026-03-15T09:51:14.502+0000] {processor.py:830} INFO - Processing file /opt/airflow/dags/dbt.py for tasks to queue
[2026-03-15T09:51:14.510+0000] {logging_mixin.py:188} INFO - [2026-03-15T09:51:14.509+0000] {dagbag.py:545} INFO - Filling up the DagBag from /opt/airflow/dags/dbt.py
[2026-03-15T09:51:14.516+0000] {logging_mixin.py:188} INFO - [2026-03-15T09:51:14.514+0000] {dagbag.py:355} ERROR - Failed to import: /opt/airflow/dags/dbt.py
Traceback (most recent call last):
  File "/home/airflow/.local/lib/python3.12/site-packages/airflow/models/dagbag.py", line 351, in parse
    loader.exec_module(new_module)
  File "<frozen importlib._bootstrap_external>", line 995, in exec_module
  File "<frozen importlib._bootstrap>", line 488, in _call_with_frames_removed
  File "/opt/airflow/dags/dbt.py", line 2, in <module>
    from airflow.providers.standard.operators.bash import BashOperator
ModuleNotFoundError: No module named 'airflow.providers.standard'
[2026-03-15T09:51:14.518+0000] {processor.py:842} WARNING - No viable dags retrieved from /opt/airflow/dags/dbt.py
[2026-03-15T09:51:14.544+0000] {processor.py:183} INFO - Processing /opt/airflow/dags/dbt.py took 0.066 seconds
[2026-03-15T09:51:45.013+0000] {processor.py:161} INFO - Started process (PID=3810) to work on /opt/airflow/dags/dbt.py
[2026-03-15T09:51:45.016+0000] {processor.py:830} INFO - Processing file /opt/airflow/dags/dbt.py for tasks to queue
[2026-03-15T09:51:45.022+0000] {logging_mixin.py:188} INFO - [2026-03-15T09:51:45.021+0000] {dagbag.py:545} INFO - Filling up the DagBag from /opt/airflow/dags/dbt.py
[2026-03-15T09:51:45.033+0000] {logging_mixin.py:188} INFO - [2026-03-15T09:51:45.031+0000] {dagbag.py:355} ERROR - Failed to import: /opt/airflow/dags/dbt.py
Traceback (most recent call last):
  File "/home/airflow/.local/lib/python3.12/site-packages/airflow/models/dagbag.py", line 351, in parse
    loader.exec_module(new_module)
  File "<frozen importlib._bootstrap_external>", line 995, in exec_module
  File "<frozen importlib._bootstrap>", line 488, in _call_with_frames_removed
  File "/opt/airflow/dags/dbt.py", line 2, in <module>
    from airflow.providers.standard.operators.bash import BashOperator
ModuleNotFoundError: No module named 'airflow.providers.standard'
[2026-03-15T09:51:45.035+0000] {processor.py:842} WARNING - No viable dags retrieved from /opt/airflow/dags/dbt.py
[2026-03-15T09:51:45.078+0000] {processor.py:183} INFO - Processing /opt/airflow/dags/dbt.py took 0.093 seconds
[2026-03-15T09:52:15.525+0000] {processor.py:161} INFO - Started process (PID=3812) to work on /opt/airflow/dags/dbt.py
[2026-03-15T09:52:15.529+0000] {processor.py:830} INFO - Processing file /opt/airflow/dags/dbt.py for tasks to queue
[2026-03-15T09:52:15.537+0000] {logging_mixin.py:188} INFO - [2026-03-15T09:52:15.536+0000] {dagbag.py:545} INFO - Filling up the DagBag from /opt/airflow/dags/dbt.py
[2026-03-15T09:52:15.544+0000] {logging_mixin.py:188} INFO - [2026-03-15T09:52:15.542+0000] {dagbag.py:355} ERROR - Failed to import: /opt/airflow/dags/dbt.py
Traceback (most recent call last):
  File "/home/airflow/.local/lib/python3.12/site-packages/airflow/models/dagbag.py", line 351, in parse
    loader.exec_module(new_module)
  File "<frozen importlib._bootstrap_external>", line 995, in exec_module
  File "<frozen importlib._bootstrap>", line 488, in _call_with_frames_removed
  File "/opt/airflow/dags/dbt.py", line 2, in <module>
    from airflow.providers.standard.operators.bash import BashOperator
ModuleNotFoundError: No module named 'airflow.providers.standard'
[2026-03-15T09:52:15.546+0000] {processor.py:842} WARNING - No viable dags retrieved from /opt/airflow/dags/dbt.py
[2026-03-15T09:52:15.569+0000] {processor.py:183} INFO - Processing /opt/airflow/dags/dbt.py took 0.059 seconds
[2026-03-15T09:52:46.045+0000] {processor.py:161} INFO - Started process (PID=3814) to work on /opt/airflow/dags/dbt.py
[2026-03-15T09:52:46.047+0000] {processor.py:830} INFO - Processing file /opt/airflow/dags/dbt.py for tasks to queue
[2026-03-15T09:52:46.052+0000] {logging_mixin.py:188} INFO - [2026-03-15T09:52:46.052+0000] {dagbag.py:545} INFO - Filling up the DagBag from /opt/airflow/dags/dbt.py
[2026-03-15T09:52:46.065+0000] {logging_mixin.py:188} INFO - [2026-03-15T09:52:46.061+0000] {dagbag.py:355} ERROR - Failed to import: /opt/airflow/dags/dbt.py
Traceback (most recent call last):
  File "/home/airflow/.local/lib/python3.12/site-packages/airflow/models/dagbag.py", line 351, in parse
    loader.exec_module(new_module)
  File "<frozen importlib._bootstrap_external>", line 995, in exec_module
  File "<frozen importlib._bootstrap>", line 488, in _call_with_frames_removed
  File "/opt/airflow/dags/dbt.py", line 2, in <module>
    from airflow.providers.standard.operators.bash import BashOperator
ModuleNotFoundError: No module named 'airflow.providers.standard'
[2026-03-15T09:52:46.067+0000] {processor.py:842} WARNING - No viable dags retrieved from /opt/airflow/dags/dbt.py
[2026-03-15T09:52:46.104+0000] {processor.py:183} INFO - Processing /opt/airflow/dags/dbt.py took 0.078 seconds
[2026-03-15T09:53:16.600+0000] {processor.py:161} INFO - Started process (PID=3816) to work on /opt/airflow/dags/dbt.py
[2026-03-15T09:53:16.602+0000] {processor.py:830} INFO - Processing file /opt/airflow/dags/dbt.py for tasks to queue
[2026-03-15T09:53:16.607+0000] {logging_mixin.py:188} INFO - [2026-03-15T09:53:16.607+0000] {dagbag.py:545} INFO - Filling up the DagBag from /opt/airflow/dags/dbt.py
[2026-03-15T09:53:16.614+0000] {logging_mixin.py:188} INFO - [2026-03-15T09:53:16.613+0000] {dagbag.py:355} ERROR - Failed to import: /opt/airflow/dags/dbt.py
Traceback (most recent call last):
  File "/home/airflow/.local/lib/python3.12/site-packages/airflow/models/dagbag.py", line 351, in parse
    loader.exec_module(new_module)
  File "<frozen importlib._bootstrap_external>", line 995, in exec_module
  File "<frozen importlib._bootstrap>", line 488, in _call_with_frames_removed
  File "/opt/airflow/dags/dbt.py", line 2, in <module>
    from airflow.providers.standard.operators.bash import BashOperator
ModuleNotFoundError: No module named 'airflow.providers.standard'
[2026-03-15T09:53:16.615+0000] {processor.py:842} WARNING - No viable dags retrieved from /opt/airflow/dags/dbt.py
[2026-03-15T09:53:16.643+0000] {processor.py:183} INFO - Processing /opt/airflow/dags/dbt.py took 0.059 seconds
[2026-03-15T09:53:47.103+0000] {processor.py:161} INFO - Started process (PID=3818) to work on /opt/airflow/dags/dbt.py
[2026-03-15T09:53:47.104+0000] {processor.py:830} INFO - Processing file /opt/airflow/dags/dbt.py for tasks to queue
[2026-03-15T09:53:47.108+0000] {logging_mixin.py:188} INFO - [2026-03-15T09:53:47.108+0000] {dagbag.py:545} INFO - Filling up the DagBag from /opt/airflow/dags/dbt.py
[2026-03-15T09:53:47.118+0000] {logging_mixin.py:188} INFO - [2026-03-15T09:53:47.114+0000] {dagbag.py:355} ERROR - Failed to import: /opt/airflow/dags/dbt.py
Traceback (most recent call last):
  File "/home/airflow/.local/lib/python3.12/site-packages/airflow/models/dagbag.py", line 351, in parse
    loader.exec_module(new_module)
  File "<frozen importlib._bootstrap_external>", line 995, in exec_module
  File "<frozen importlib._bootstrap>", line 488, in _call_with_frames_removed
  File "/opt/airflow/dags/dbt.py", line 2, in <module>
    from airflow.providers.standard.operators.bash import BashOperator
ModuleNotFoundError: No module named 'airflow.providers.standard'
[2026-03-15T09:53:47.119+0000] {processor.py:842} WARNING - No viable dags retrieved from /opt/airflow/dags/dbt.py
[2026-03-15T09:53:47.145+0000] {processor.py:183} INFO - Processing /opt/airflow/dags/dbt.py took 0.058 seconds
[2026-03-15T09:54:17.627+0000] {processor.py:161} INFO - Started process (PID=3820) to work on /opt/airflow/dags/dbt.py
[2026-03-15T09:54:17.629+0000] {processor.py:830} INFO - Processing file /opt/airflow/dags/dbt.py for tasks to queue
[2026-03-15T09:54:17.636+0000] {logging_mixin.py:188} INFO - [2026-03-15T09:54:17.634+0000] {dagbag.py:545} INFO - Filling up the DagBag from /opt/airflow/dags/dbt.py
[2026-03-15T09:54:17.646+0000] {logging_mixin.py:188} INFO - [2026-03-15T09:54:17.643+0000] {dagbag.py:355} ERROR - Failed to import: /opt/airflow/dags/dbt.py
Traceback (most recent call last):
  File "/home/airflow/.local/lib/python3.12/site-packages/airflow/models/dagbag.py", line 351, in parse
    loader.exec_module(new_module)
  File "<frozen importlib._bootstrap_external>", line 995, in exec_module
  File "<frozen importlib._bootstrap>", line 488, in _call_with_frames_removed
  File "/opt/airflow/dags/dbt.py", line 2, in <module>
    from airflow.providers.standard.operators.bash import BashOperator
ModuleNotFoundError: No module named 'airflow.providers.standard'
[2026-03-15T09:54:17.647+0000] {processor.py:842} WARNING - No viable dags retrieved from /opt/airflow/dags/dbt.py
[2026-03-15T09:54:17.693+0000] {processor.py:183} INFO - Processing /opt/airflow/dags/dbt.py took 0.090 seconds
[2026-03-15T09:54:48.167+0000] {processor.py:161} INFO - Started process (PID=3822) to work on /opt/airflow/dags/dbt.py
[2026-03-15T09:54:48.170+0000] {processor.py:830} INFO - Processing file /opt/airflow/dags/dbt.py for tasks to queue
[2026-03-15T09:54:48.175+0000] {logging_mixin.py:188} INFO - [2026-03-15T09:54:48.174+0000] {dagbag.py:545} INFO - Filling up the DagBag from /opt/airflow/dags/dbt.py
[2026-03-15T09:54:48.186+0000] {logging_mixin.py:188} INFO - [2026-03-15T09:54:48.182+0000] {dagbag.py:355} ERROR - Failed to import: /opt/airflow/dags/dbt.py
Traceback (most recent call last):
  File "/home/airflow/.local/lib/python3.12/site-packages/airflow/models/dagbag.py", line 351, in parse
    loader.exec_module(new_module)
  File "<frozen importlib._bootstrap_external>", line 995, in exec_module
  File "<frozen importlib._bootstrap>", line 488, in _call_with_frames_removed
  File "/opt/airflow/dags/dbt.py", line 2, in <module>
    from airflow.providers.standard.operators.bash import BashOperator
ModuleNotFoundError: No module named 'airflow.providers.standard'
[2026-03-15T09:54:48.188+0000] {processor.py:842} WARNING - No viable dags retrieved from /opt/airflow/dags/dbt.py
[2026-03-15T09:54:48.226+0000] {processor.py:183} INFO - Processing /opt/airflow/dags/dbt.py took 0.083 seconds
[2026-03-15T09:55:18.646+0000] {processor.py:161} INFO - Started process (PID=3824) to work on /opt/airflow/dags/dbt.py
[2026-03-15T09:55:18.649+0000] {processor.py:830} INFO - Processing file /opt/airflow/dags/dbt.py for tasks to queue
[2026-03-15T09:55:18.657+0000] {logging_mixin.py:188} INFO - [2026-03-15T09:55:18.654+0000] {dagbag.py:545} INFO - Filling up the DagBag from /opt/airflow/dags/dbt.py
[2026-03-15T09:55:18.666+0000] {logging_mixin.py:188} INFO - [2026-03-15T09:55:18.663+0000] {dagbag.py:355} ERROR - Failed to import: /opt/airflow/dags/dbt.py
Traceback (most recent call last):
  File "/home/airflow/.local/lib/python3.12/site-packages/airflow/models/dagbag.py", line 351, in parse
    loader.exec_module(new_module)
  File "<frozen importlib._bootstrap_external>", line 995, in exec_module
  File "<frozen importlib._bootstrap>", line 488, in _call_with_frames_removed
  File "/opt/airflow/dags/dbt.py", line 2, in <module>
    from airflow.providers.standard.operators.bash import BashOperator
ModuleNotFoundError: No module named 'airflow.providers.standard'
[2026-03-15T09:55:18.666+0000] {processor.py:842} WARNING - No viable dags retrieved from /opt/airflow/dags/dbt.py
[2026-03-15T09:55:18.701+0000] {processor.py:183} INFO - Processing /opt/airflow/dags/dbt.py took 0.079 seconds
[2026-03-15T09:55:49.199+0000] {processor.py:161} INFO - Started process (PID=3826) to work on /opt/airflow/dags/dbt.py
[2026-03-15T09:55:49.201+0000] {processor.py:830} INFO - Processing file /opt/airflow/dags/dbt.py for tasks to queue
[2026-03-15T09:55:49.212+0000] {logging_mixin.py:188} INFO - [2026-03-15T09:55:49.210+0000] {dagbag.py:545} INFO - Filling up the DagBag from /opt/airflow/dags/dbt.py
[2026-03-15T09:55:49.220+0000] {logging_mixin.py:188} INFO - [2026-03-15T09:55:49.219+0000] {dagbag.py:355} ERROR - Failed to import: /opt/airflow/dags/dbt.py
Traceback (most recent call last):
  File "/home/airflow/.local/lib/python3.12/site-packages/airflow/models/dagbag.py", line 351, in parse
    loader.exec_module(new_module)
  File "<frozen importlib._bootstrap_external>", line 995, in exec_module
  File "<frozen importlib._bootstrap>", line 488, in _call_with_frames_removed
  File "/opt/airflow/dags/dbt.py", line 2, in <module>
    from airflow.providers.standard.operators.bash import BashOperator
ModuleNotFoundError: No module named 'airflow.providers.standard'
[2026-03-15T09:55:49.221+0000] {processor.py:842} WARNING - No viable dags retrieved from /opt/airflow/dags/dbt.py
[2026-03-15T09:55:49.260+0000] {processor.py:183} INFO - Processing /opt/airflow/dags/dbt.py took 0.081 seconds
[2026-03-15T09:56:19.684+0000] {processor.py:161} INFO - Started process (PID=3828) to work on /opt/airflow/dags/dbt.py
[2026-03-15T09:56:19.686+0000] {processor.py:830} INFO - Processing file /opt/airflow/dags/dbt.py for tasks to queue
[2026-03-15T09:56:19.688+0000] {logging_mixin.py:188} INFO - [2026-03-15T09:56:19.687+0000] {dagbag.py:545} INFO - Filling up the DagBag from /opt/airflow/dags/dbt.py
[2026-03-15T09:56:19.695+0000] {logging_mixin.py:188} INFO - [2026-03-15T09:56:19.693+0000] {dagbag.py:355} ERROR - Failed to import: /opt/airflow/dags/dbt.py
Traceback (most recent call last):
  File "/home/airflow/.local/lib/python3.12/site-packages/airflow/models/dagbag.py", line 351, in parse
    loader.exec_module(new_module)
  File "<frozen importlib._bootstrap_external>", line 995, in exec_module
  File "<frozen importlib._bootstrap>", line 488, in _call_with_frames_removed
  File "/opt/airflow/dags/dbt.py", line 2, in <module>
    from airflow.providers.standard.operators.bash import BashOperator
ModuleNotFoundError: No module named 'airflow.providers.standard'
[2026-03-15T09:56:19.695+0000] {processor.py:842} WARNING - No viable dags retrieved from /opt/airflow/dags/dbt.py
[2026-03-15T09:56:19.718+0000] {processor.py:183} INFO - Processing /opt/airflow/dags/dbt.py took 0.041 seconds
[2026-03-15T09:56:50.177+0000] {processor.py:161} INFO - Started process (PID=3830) to work on /opt/airflow/dags/dbt.py
[2026-03-15T09:56:50.178+0000] {processor.py:830} INFO - Processing file /opt/airflow/dags/dbt.py for tasks to queue
[2026-03-15T09:56:50.184+0000] {logging_mixin.py:188} INFO - [2026-03-15T09:56:50.183+0000] {dagbag.py:545} INFO - Filling up the DagBag from /opt/airflow/dags/dbt.py
[2026-03-15T09:56:50.197+0000] {logging_mixin.py:188} INFO - [2026-03-15T09:56:50.195+0000] {dagbag.py:355} ERROR - Failed to import: /opt/airflow/dags/dbt.py
Traceback (most recent call last):
  File "/home/airflow/.local/lib/python3.12/site-packages/airflow/models/dagbag.py", line 351, in parse
    loader.exec_module(new_module)
  File "<frozen importlib._bootstrap_external>", line 995, in exec_module
  File "<frozen importlib._bootstrap>", line 488, in _call_with_frames_removed
  File "/opt/airflow/dags/dbt.py", line 2, in <module>
    from airflow.providers.standard.operators.bash import BashOperator
ModuleNotFoundError: No module named 'airflow.providers.standard'
[2026-03-15T09:56:50.199+0000] {processor.py:842} WARNING - No viable dags retrieved from /opt/airflow/dags/dbt.py
[2026-03-15T09:56:50.231+0000] {processor.py:183} INFO - Processing /opt/airflow/dags/dbt.py took 0.081 seconds
[2026-03-15T09:57:20.706+0000] {processor.py:161} INFO - Started process (PID=3832) to work on /opt/airflow/dags/dbt.py
[2026-03-15T09:57:20.708+0000] {processor.py:830} INFO - Processing file /opt/airflow/dags/dbt.py for tasks to queue
[2026-03-15T09:57:20.713+0000] {logging_mixin.py:188} INFO - [2026-03-15T09:57:20.712+0000] {dagbag.py:545} INFO - Filling up the DagBag from /opt/airflow/dags/dbt.py
[2026-03-15T09:57:20.719+0000] {logging_mixin.py:188} INFO - [2026-03-15T09:57:20.717+0000] {dagbag.py:355} ERROR - Failed to import: /opt/airflow/dags/dbt.py
Traceback (most recent call last):
  File "/home/airflow/.local/lib/python3.12/site-packages/airflow/models/dagbag.py", line 351, in parse
    loader.exec_module(new_module)
  File "<frozen importlib._bootstrap_external>", line 995, in exec_module
  File "<frozen importlib._bootstrap>", line 488, in _call_with_frames_removed
  File "/opt/airflow/dags/dbt.py", line 2, in <module>
    from airflow.providers.standard.operators.bash import BashOperator
ModuleNotFoundError: No module named 'airflow.providers.standard'
[2026-03-15T09:57:20.721+0000] {processor.py:842} WARNING - No viable dags retrieved from /opt/airflow/dags/dbt.py
[2026-03-15T09:57:20.746+0000] {processor.py:183} INFO - Processing /opt/airflow/dags/dbt.py took 0.053 seconds
[2026-03-15T09:57:51.232+0000] {processor.py:161} INFO - Started process (PID=3834) to work on /opt/airflow/dags/dbt.py
[2026-03-15T09:57:51.236+0000] {processor.py:830} INFO - Processing file /opt/airflow/dags/dbt.py for tasks to queue
[2026-03-15T09:57:51.242+0000] {logging_mixin.py:188} INFO - [2026-03-15T09:57:51.241+0000] {dagbag.py:545} INFO - Filling up the DagBag from /opt/airflow/dags/dbt.py
[2026-03-15T09:57:51.254+0000] {logging_mixin.py:188} INFO - [2026-03-15T09:57:51.250+0000] {dagbag.py:355} ERROR - Failed to import: /opt/airflow/dags/dbt.py
Traceback (most recent call last):
  File "/home/airflow/.local/lib/python3.12/site-packages/airflow/models/dagbag.py", line 351, in parse
    loader.exec_module(new_module)
  File "<frozen importlib._bootstrap_external>", line 995, in exec_module
  File "<frozen importlib._bootstrap>", line 488, in _call_with_frames_removed
  File "/opt/airflow/dags/dbt.py", line 2, in <module>
    from airflow.providers.standard.operators.bash import BashOperator
ModuleNotFoundError: No module named 'airflow.providers.standard'
[2026-03-15T09:57:51.255+0000] {processor.py:842} WARNING - No viable dags retrieved from /opt/airflow/dags/dbt.py
[2026-03-15T09:57:51.285+0000] {processor.py:183} INFO - Processing /opt/airflow/dags/dbt.py took 0.069 seconds
[2026-03-15T09:58:21.744+0000] {processor.py:161} INFO - Started process (PID=3836) to work on /opt/airflow/dags/dbt.py
[2026-03-15T09:58:21.747+0000] {processor.py:830} INFO - Processing file /opt/airflow/dags/dbt.py for tasks to queue
[2026-03-15T09:58:21.753+0000] {logging_mixin.py:188} INFO - [2026-03-15T09:58:21.752+0000] {dagbag.py:545} INFO - Filling up the DagBag from /opt/airflow/dags/dbt.py
[2026-03-15T09:58:21.765+0000] {logging_mixin.py:188} INFO - [2026-03-15T09:58:21.760+0000] {dagbag.py:355} ERROR - Failed to import: /opt/airflow/dags/dbt.py
Traceback (most recent call last):
  File "/home/airflow/.local/lib/python3.12/site-packages/airflow/models/dagbag.py", line 351, in parse
    loader.exec_module(new_module)
  File "<frozen importlib._bootstrap_external>", line 995, in exec_module
  File "<frozen importlib._bootstrap>", line 488, in _call_with_frames_removed
  File "/opt/airflow/dags/dbt.py", line 2, in <module>
    from airflow.providers.standard.operators.bash import BashOperator
ModuleNotFoundError: No module named 'airflow.providers.standard'
[2026-03-15T09:58:21.765+0000] {processor.py:842} WARNING - No viable dags retrieved from /opt/airflow/dags/dbt.py
[2026-03-15T09:58:21.799+0000] {processor.py:183} INFO - Processing /opt/airflow/dags/dbt.py took 0.078 seconds
[2026-03-15T09:58:52.202+0000] {processor.py:161} INFO - Started process (PID=3838) to work on /opt/airflow/dags/dbt.py
[2026-03-15T09:58:52.203+0000] {processor.py:830} INFO - Processing file /opt/airflow/dags/dbt.py for tasks to queue
[2026-03-15T09:58:52.208+0000] {logging_mixin.py:188} INFO - [2026-03-15T09:58:52.207+0000] {dagbag.py:545} INFO - Filling up the DagBag from /opt/airflow/dags/dbt.py
[2026-03-15T09:58:52.219+0000] {logging_mixin.py:188} INFO - [2026-03-15T09:58:52.215+0000] {dagbag.py:355} ERROR - Failed to import: /opt/airflow/dags/dbt.py
Traceback (most recent call last):
  File "/home/airflow/.local/lib/python3.12/site-packages/airflow/models/dagbag.py", line 351, in parse
    loader.exec_module(new_module)
  File "<frozen importlib._bootstrap_external>", line 995, in exec_module
  File "<frozen importlib._bootstrap>", line 488, in _call_with_frames_removed
  File "/opt/airflow/dags/dbt.py", line 2, in <module>
    from airflow.providers.standard.operators.bash import BashOperator
ModuleNotFoundError: No module named 'airflow.providers.standard'
[2026-03-15T09:58:52.220+0000] {processor.py:842} WARNING - No viable dags retrieved from /opt/airflow/dags/dbt.py
[2026-03-15T09:58:52.243+0000] {processor.py:183} INFO - Processing /opt/airflow/dags/dbt.py took 0.059 seconds
[2026-03-15T09:59:22.678+0000] {processor.py:161} INFO - Started process (PID=3840) to work on /opt/airflow/dags/dbt.py
[2026-03-15T09:59:22.683+0000] {processor.py:830} INFO - Processing file /opt/airflow/dags/dbt.py for tasks to queue
[2026-03-15T09:59:22.688+0000] {logging_mixin.py:188} INFO - [2026-03-15T09:59:22.688+0000] {dagbag.py:545} INFO - Filling up the DagBag from /opt/airflow/dags/dbt.py
[2026-03-15T09:59:22.698+0000] {logging_mixin.py:188} INFO - [2026-03-15T09:59:22.693+0000] {dagbag.py:355} ERROR - Failed to import: /opt/airflow/dags/dbt.py
Traceback (most recent call last):
  File "/home/airflow/.local/lib/python3.12/site-packages/airflow/models/dagbag.py", line 351, in parse
    loader.exec_module(new_module)
  File "<frozen importlib._bootstrap_external>", line 995, in exec_module
  File "<frozen importlib._bootstrap>", line 488, in _call_with_frames_removed
  File "/opt/airflow/dags/dbt.py", line 2, in <module>
    from airflow.providers.standard.operators.bash import BashOperator
ModuleNotFoundError: No module named 'airflow.providers.standard'
[2026-03-15T09:59:22.698+0000] {processor.py:842} WARNING - No viable dags retrieved from /opt/airflow/dags/dbt.py
[2026-03-15T09:59:22.724+0000] {processor.py:183} INFO - Processing /opt/airflow/dags/dbt.py took 0.062 seconds
[2026-03-15T09:59:53.112+0000] {processor.py:161} INFO - Started process (PID=3842) to work on /opt/airflow/dags/dbt.py
[2026-03-15T09:59:53.114+0000] {processor.py:830} INFO - Processing file /opt/airflow/dags/dbt.py for tasks to queue
[2026-03-15T09:59:53.117+0000] {logging_mixin.py:188} INFO - [2026-03-15T09:59:53.117+0000] {dagbag.py:545} INFO - Filling up the DagBag from /opt/airflow/dags/dbt.py
[2026-03-15T09:59:53.126+0000] {logging_mixin.py:188} INFO - [2026-03-15T09:59:53.122+0000] {dagbag.py:355} ERROR - Failed to import: /opt/airflow/dags/dbt.py
Traceback (most recent call last):
  File "/home/airflow/.local/lib/python3.12/site-packages/airflow/models/dagbag.py", line 351, in parse
    loader.exec_module(new_module)
  File "<frozen importlib._bootstrap_external>", line 995, in exec_module
  File "<frozen importlib._bootstrap>", line 488, in _call_with_frames_removed
  File "/opt/airflow/dags/dbt.py", line 2, in <module>
    from airflow.providers.standard.operators.bash import BashOperator
ModuleNotFoundError: No module named 'airflow.providers.standard'
[2026-03-15T09:59:53.127+0000] {processor.py:842} WARNING - No viable dags retrieved from /opt/airflow/dags/dbt.py
[2026-03-15T09:59:53.149+0000] {processor.py:183} INFO - Processing /opt/airflow/dags/dbt.py took 0.051 seconds
[2026-03-15T10:00:23.534+0000] {processor.py:161} INFO - Started process (PID=3844) to work on /opt/airflow/dags/dbt.py
[2026-03-15T10:00:23.535+0000] {processor.py:830} INFO - Processing file /opt/airflow/dags/dbt.py for tasks to queue
[2026-03-15T10:00:23.537+0000] {logging_mixin.py:188} INFO - [2026-03-15T10:00:23.536+0000] {dagbag.py:545} INFO - Filling up the DagBag from /opt/airflow/dags/dbt.py
[2026-03-15T10:00:23.543+0000] {logging_mixin.py:188} INFO - [2026-03-15T10:00:23.540+0000] {dagbag.py:355} ERROR - Failed to import: /opt/airflow/dags/dbt.py
Traceback (most recent call last):
  File "/home/airflow/.local/lib/python3.12/site-packages/airflow/models/dagbag.py", line 351, in parse
    loader.exec_module(new_module)
  File "<frozen importlib._bootstrap_external>", line 995, in exec_module
  File "<frozen importlib._bootstrap>", line 488, in _call_with_frames_removed
  File "/opt/airflow/dags/dbt.py", line 2, in <module>
    from airflow.providers.standard.operators.bash import BashOperator
ModuleNotFoundError: No module named 'airflow.providers.standard'
[2026-03-15T10:00:23.543+0000] {processor.py:842} WARNING - No viable dags retrieved from /opt/airflow/dags/dbt.py
[2026-03-15T10:00:23.564+0000] {processor.py:183} INFO - Processing /opt/airflow/dags/dbt.py took 0.039 seconds
[2026-03-15T10:00:53.948+0000] {processor.py:161} INFO - Started process (PID=3846) to work on /opt/airflow/dags/dbt.py
[2026-03-15T10:00:53.951+0000] {processor.py:830} INFO - Processing file /opt/airflow/dags/dbt.py for tasks to queue
[2026-03-15T10:00:53.956+0000] {logging_mixin.py:188} INFO - [2026-03-15T10:00:53.955+0000] {dagbag.py:545} INFO - Filling up the DagBag from /opt/airflow/dags/dbt.py
[2026-03-15T10:00:53.965+0000] {logging_mixin.py:188} INFO - [2026-03-15T10:00:53.961+0000] {dagbag.py:355} ERROR - Failed to import: /opt/airflow/dags/dbt.py
Traceback (most recent call last):
  File "/home/airflow/.local/lib/python3.12/site-packages/airflow/models/dagbag.py", line 351, in parse
    loader.exec_module(new_module)
  File "<frozen importlib._bootstrap_external>", line 995, in exec_module
  File "<frozen importlib._bootstrap>", line 488, in _call_with_frames_removed
  File "/opt/airflow/dags/dbt.py", line 2, in <module>
    from airflow.providers.standard.operators.bash import BashOperator
ModuleNotFoundError: No module named 'airflow.providers.standard'
[2026-03-15T10:00:53.968+0000] {processor.py:842} WARNING - No viable dags retrieved from /opt/airflow/dags/dbt.py
[2026-03-15T10:00:53.995+0000] {processor.py:183} INFO - Processing /opt/airflow/dags/dbt.py took 0.063 seconds
[2026-03-15T10:01:24.298+0000] {processor.py:161} INFO - Started process (PID=3848) to work on /opt/airflow/dags/dbt.py
[2026-03-15T10:01:24.300+0000] {processor.py:830} INFO - Processing file /opt/airflow/dags/dbt.py for tasks to queue
[2026-03-15T10:01:24.302+0000] {logging_mixin.py:188} INFO - [2026-03-15T10:01:24.302+0000] {dagbag.py:545} INFO - Filling up the DagBag from /opt/airflow/dags/dbt.py
[2026-03-15T10:01:24.310+0000] {logging_mixin.py:188} INFO - [2026-03-15T10:01:24.309+0000] {dagbag.py:355} ERROR - Failed to import: /opt/airflow/dags/dbt.py
Traceback (most recent call last):
  File "/home/airflow/.local/lib/python3.12/site-packages/airflow/models/dagbag.py", line 351, in parse
    loader.exec_module(new_module)
  File "<frozen importlib._bootstrap_external>", line 995, in exec_module
  File "<frozen importlib._bootstrap>", line 488, in _call_with_frames_removed
  File "/opt/airflow/dags/dbt.py", line 2, in <module>
    from airflow.providers.standard.operators.bash import BashOperator
ModuleNotFoundError: No module named 'airflow.providers.standard'
[2026-03-15T10:01:24.313+0000] {processor.py:842} WARNING - No viable dags retrieved from /opt/airflow/dags/dbt.py
[2026-03-15T10:01:24.334+0000] {processor.py:183} INFO - Processing /opt/airflow/dags/dbt.py took 0.045 seconds
[2026-03-15T10:01:54.766+0000] {processor.py:161} INFO - Started process (PID=3850) to work on /opt/airflow/dags/dbt.py
[2026-03-15T10:01:54.767+0000] {processor.py:830} INFO - Processing file /opt/airflow/dags/dbt.py for tasks to queue
[2026-03-15T10:01:54.771+0000] {logging_mixin.py:188} INFO - [2026-03-15T10:01:54.770+0000] {dagbag.py:545} INFO - Filling up the DagBag from /opt/airflow/dags/dbt.py
[2026-03-15T10:01:54.784+0000] {logging_mixin.py:188} INFO - [2026-03-15T10:01:54.783+0000] {dagbag.py:355} ERROR - Failed to import: /opt/airflow/dags/dbt.py
Traceback (most recent call last):
  File "/home/airflow/.local/lib/python3.12/site-packages/airflow/models/dagbag.py", line 351, in parse
    loader.exec_module(new_module)
  File "<frozen importlib._bootstrap_external>", line 995, in exec_module
  File "<frozen importlib._bootstrap>", line 488, in _call_with_frames_removed
  File "/opt/airflow/dags/dbt.py", line 2, in <module>
    from airflow.providers.standard.operators.bash import BashOperator
ModuleNotFoundError: No module named 'airflow.providers.standard'
[2026-03-15T10:01:54.785+0000] {processor.py:842} WARNING - No viable dags retrieved from /opt/airflow/dags/dbt.py
[2026-03-15T10:01:54.818+0000] {processor.py:183} INFO - Processing /opt/airflow/dags/dbt.py took 0.069 seconds
[2026-03-15T10:02:25.206+0000] {processor.py:161} INFO - Started process (PID=3852) to work on /opt/airflow/dags/dbt.py
[2026-03-15T10:02:25.207+0000] {processor.py:830} INFO - Processing file /opt/airflow/dags/dbt.py for tasks to queue
[2026-03-15T10:02:25.211+0000] {logging_mixin.py:188} INFO - [2026-03-15T10:02:25.210+0000] {dagbag.py:545} INFO - Filling up the DagBag from /opt/airflow/dags/dbt.py
[2026-03-15T10:02:25.215+0000] {logging_mixin.py:188} INFO - [2026-03-15T10:02:25.214+0000] {dagbag.py:355} ERROR - Failed to import: /opt/airflow/dags/dbt.py
Traceback (most recent call last):
  File "/home/airflow/.local/lib/python3.12/site-packages/airflow/models/dagbag.py", line 351, in parse
    loader.exec_module(new_module)
  File "<frozen importlib._bootstrap_external>", line 995, in exec_module
  File "<frozen importlib._bootstrap>", line 488, in _call_with_frames_removed
  File "/opt/airflow/dags/dbt.py", line 2, in <module>
    from airflow.providers.standard.operators.bash import BashOperator
ModuleNotFoundError: No module named 'airflow.providers.standard'
[2026-03-15T10:02:25.216+0000] {processor.py:842} WARNING - No viable dags retrieved from /opt/airflow/dags/dbt.py
[2026-03-15T10:02:25.235+0000] {processor.py:183} INFO - Processing /opt/airflow/dags/dbt.py took 0.037 seconds
[2026-03-15T10:02:55.656+0000] {processor.py:161} INFO - Started process (PID=3854) to work on /opt/airflow/dags/dbt.py
[2026-03-15T10:02:55.658+0000] {processor.py:830} INFO - Processing file /opt/airflow/dags/dbt.py for tasks to queue
[2026-03-15T10:02:55.662+0000] {logging_mixin.py:188} INFO - [2026-03-15T10:02:55.661+0000] {dagbag.py:545} INFO - Filling up the DagBag from /opt/airflow/dags/dbt.py
[2026-03-15T10:02:55.672+0000] {logging_mixin.py:188} INFO - [2026-03-15T10:02:55.667+0000] {dagbag.py:355} ERROR - Failed to import: /opt/airflow/dags/dbt.py
Traceback (most recent call last):
  File "/home/airflow/.local/lib/python3.12/site-packages/airflow/models/dagbag.py", line 351, in parse
    loader.exec_module(new_module)
  File "<frozen importlib._bootstrap_external>", line 995, in exec_module
  File "<frozen importlib._bootstrap>", line 488, in _call_with_frames_removed
  File "/opt/airflow/dags/dbt.py", line 2, in <module>
    from airflow.providers.standard.operators.bash import BashOperator
ModuleNotFoundError: No module named 'airflow.providers.standard'
[2026-03-15T10:02:55.672+0000] {processor.py:842} WARNING - No viable dags retrieved from /opt/airflow/dags/dbt.py
[2026-03-15T10:02:55.697+0000] {processor.py:183} INFO - Processing /opt/airflow/dags/dbt.py took 0.066 seconds
[2026-03-15T10:03:26.274+0000] {processor.py:161} INFO - Started process (PID=3856) to work on /opt/airflow/dags/dbt.py
[2026-03-15T10:03:26.275+0000] {processor.py:830} INFO - Processing file /opt/airflow/dags/dbt.py for tasks to queue
[2026-03-15T10:03:26.281+0000] {logging_mixin.py:188} INFO - [2026-03-15T10:03:26.280+0000] {dagbag.py:545} INFO - Filling up the DagBag from /opt/airflow/dags/dbt.py
[2026-03-15T10:03:26.290+0000] {logging_mixin.py:188} INFO - [2026-03-15T10:03:26.286+0000] {dagbag.py:355} ERROR - Failed to import: /opt/airflow/dags/dbt.py
Traceback (most recent call last):
  File "/home/airflow/.local/lib/python3.12/site-packages/airflow/models/dagbag.py", line 351, in parse
    loader.exec_module(new_module)
  File "<frozen importlib._bootstrap_external>", line 995, in exec_module
  File "<frozen importlib._bootstrap>", line 488, in _call_with_frames_removed
  File "/opt/airflow/dags/dbt.py", line 2, in <module>
    from airflow.providers.standard.operators.bash import BashOperator
ModuleNotFoundError: No module named 'airflow.providers.standard'
[2026-03-15T10:03:26.290+0000] {processor.py:842} WARNING - No viable dags retrieved from /opt/airflow/dags/dbt.py
[2026-03-15T10:03:26.316+0000] {processor.py:183} INFO - Processing /opt/airflow/dags/dbt.py took 0.063 seconds
[2026-03-15T10:03:56.738+0000] {processor.py:161} INFO - Started process (PID=3858) to work on /opt/airflow/dags/dbt.py
[2026-03-15T10:03:56.740+0000] {processor.py:830} INFO - Processing file /opt/airflow/dags/dbt.py for tasks to queue
[2026-03-15T10:03:56.748+0000] {logging_mixin.py:188} INFO - [2026-03-15T10:03:56.747+0000] {dagbag.py:545} INFO - Filling up the DagBag from /opt/airflow/dags/dbt.py
[2026-03-15T10:03:56.756+0000] {logging_mixin.py:188} INFO - [2026-03-15T10:03:56.754+0000] {dagbag.py:355} ERROR - Failed to import: /opt/airflow/dags/dbt.py
Traceback (most recent call last):
  File "/home/airflow/.local/lib/python3.12/site-packages/airflow/models/dagbag.py", line 351, in parse
    loader.exec_module(new_module)
  File "<frozen importlib._bootstrap_external>", line 995, in exec_module
  File "<frozen importlib._bootstrap>", line 488, in _call_with_frames_removed
  File "/opt/airflow/dags/dbt.py", line 2, in <module>
    from airflow.providers.standard.operators.bash import BashOperator
ModuleNotFoundError: No module named 'airflow.providers.standard'
[2026-03-15T10:03:56.757+0000] {processor.py:842} WARNING - No viable dags retrieved from /opt/airflow/dags/dbt.py
[2026-03-15T10:03:56.787+0000] {processor.py:183} INFO - Processing /opt/airflow/dags/dbt.py took 0.063 seconds
[2026-03-15T10:04:27.219+0000] {processor.py:161} INFO - Started process (PID=3860) to work on /opt/airflow/dags/dbt.py
[2026-03-15T10:04:27.220+0000] {processor.py:830} INFO - Processing file /opt/airflow/dags/dbt.py for tasks to queue
[2026-03-15T10:04:27.225+0000] {logging_mixin.py:188} INFO - [2026-03-15T10:04:27.224+0000] {dagbag.py:545} INFO - Filling up the DagBag from /opt/airflow/dags/dbt.py
[2026-03-15T10:04:27.234+0000] {logging_mixin.py:188} INFO - [2026-03-15T10:04:27.232+0000] {dagbag.py:355} ERROR - Failed to import: /opt/airflow/dags/dbt.py
Traceback (most recent call last):
  File "/home/airflow/.local/lib/python3.12/site-packages/airflow/models/dagbag.py", line 351, in parse
    loader.exec_module(new_module)
  File "<frozen importlib._bootstrap_external>", line 995, in exec_module
  File "<frozen importlib._bootstrap>", line 488, in _call_with_frames_removed
  File "/opt/airflow/dags/dbt.py", line 2, in <module>
    from airflow.providers.standard.operators.bash import BashOperator
ModuleNotFoundError: No module named 'airflow.providers.standard'
[2026-03-15T10:04:27.235+0000] {processor.py:842} WARNING - No viable dags retrieved from /opt/airflow/dags/dbt.py
[2026-03-15T10:04:27.261+0000] {processor.py:183} INFO - Processing /opt/airflow/dags/dbt.py took 0.056 seconds
[2026-03-15T10:04:57.705+0000] {processor.py:161} INFO - Started process (PID=3862) to work on /opt/airflow/dags/dbt.py
[2026-03-15T10:04:57.707+0000] {processor.py:830} INFO - Processing file /opt/airflow/dags/dbt.py for tasks to queue
[2026-03-15T10:04:57.712+0000] {logging_mixin.py:188} INFO - [2026-03-15T10:04:57.711+0000] {dagbag.py:545} INFO - Filling up the DagBag from /opt/airflow/dags/dbt.py
[2026-03-15T10:04:57.719+0000] {logging_mixin.py:188} INFO - [2026-03-15T10:04:57.718+0000] {dagbag.py:355} ERROR - Failed to import: /opt/airflow/dags/dbt.py
Traceback (most recent call last):
  File "/home/airflow/.local/lib/python3.12/site-packages/airflow/models/dagbag.py", line 351, in parse
    loader.exec_module(new_module)
  File "<frozen importlib._bootstrap_external>", line 995, in exec_module
  File "<frozen importlib._bootstrap>", line 488, in _call_with_frames_removed
  File "/opt/airflow/dags/dbt.py", line 2, in <module>
    from airflow.providers.standard.operators.bash import BashOperator
ModuleNotFoundError: No module named 'airflow.providers.standard'
[2026-03-15T10:04:57.719+0000] {processor.py:842} WARNING - No viable dags retrieved from /opt/airflow/dags/dbt.py
[2026-03-15T10:04:57.745+0000] {processor.py:183} INFO - Processing /opt/airflow/dags/dbt.py took 0.055 seconds
[2026-03-15T10:05:28.093+0000] {processor.py:161} INFO - Started process (PID=3864) to work on /opt/airflow/dags/dbt.py
[2026-03-15T10:05:28.094+0000] {processor.py:830} INFO - Processing file /opt/airflow/dags/dbt.py for tasks to queue
[2026-03-15T10:05:28.097+0000] {logging_mixin.py:188} INFO - [2026-03-15T10:05:28.096+0000] {dagbag.py:545} INFO - Filling up the DagBag from /opt/airflow/dags/dbt.py
[2026-03-15T10:05:28.103+0000] {logging_mixin.py:188} INFO - [2026-03-15T10:05:28.101+0000] {dagbag.py:355} ERROR - Failed to import: /opt/airflow/dags/dbt.py
Traceback (most recent call last):
  File "/home/airflow/.local/lib/python3.12/site-packages/airflow/models/dagbag.py", line 351, in parse
    loader.exec_module(new_module)
  File "<frozen importlib._bootstrap_external>", line 995, in exec_module
  File "<frozen importlib._bootstrap>", line 488, in _call_with_frames_removed
  File "/opt/airflow/dags/dbt.py", line 2, in <module>
    from airflow.providers.standard.operators.bash import BashOperator
ModuleNotFoundError: No module named 'airflow.providers.standard'
[2026-03-15T10:05:28.103+0000] {processor.py:842} WARNING - No viable dags retrieved from /opt/airflow/dags/dbt.py
[2026-03-15T10:05:28.124+0000] {processor.py:183} INFO - Processing /opt/airflow/dags/dbt.py took 0.041 seconds
[2026-03-15T10:05:58.613+0000] {processor.py:161} INFO - Started process (PID=3866) to work on /opt/airflow/dags/dbt.py
[2026-03-15T10:05:58.616+0000] {processor.py:830} INFO - Processing file /opt/airflow/dags/dbt.py for tasks to queue
[2026-03-15T10:05:58.623+0000] {logging_mixin.py:188} INFO - [2026-03-15T10:05:58.622+0000] {dagbag.py:545} INFO - Filling up the DagBag from /opt/airflow/dags/dbt.py
[2026-03-15T10:05:58.632+0000] {logging_mixin.py:188} INFO - [2026-03-15T10:05:58.629+0000] {dagbag.py:355} ERROR - Failed to import: /opt/airflow/dags/dbt.py
Traceback (most recent call last):
  File "/home/airflow/.local/lib/python3.12/site-packages/airflow/models/dagbag.py", line 351, in parse
    loader.exec_module(new_module)
  File "<frozen importlib._bootstrap_external>", line 995, in exec_module
  File "<frozen importlib._bootstrap>", line 488, in _call_with_frames_removed
  File "/opt/airflow/dags/dbt.py", line 2, in <module>
    from airflow.providers.standard.operators.bash import BashOperator
ModuleNotFoundError: No module named 'airflow.providers.standard'
[2026-03-15T10:05:58.633+0000] {processor.py:842} WARNING - No viable dags retrieved from /opt/airflow/dags/dbt.py
[2026-03-15T10:05:58.664+0000] {processor.py:183} INFO - Processing /opt/airflow/dags/dbt.py took 0.061 seconds
[2026-03-15T10:06:29.166+0000] {processor.py:161} INFO - Started process (PID=3868) to work on /opt/airflow/dags/dbt.py
[2026-03-15T10:06:29.167+0000] {processor.py:830} INFO - Processing file /opt/airflow/dags/dbt.py for tasks to queue
[2026-03-15T10:06:29.171+0000] {logging_mixin.py:188} INFO - [2026-03-15T10:06:29.171+0000] {dagbag.py:545} INFO - Filling up the DagBag from /opt/airflow/dags/dbt.py
[2026-03-15T10:06:29.182+0000] {logging_mixin.py:188} INFO - [2026-03-15T10:06:29.177+0000] {dagbag.py:355} ERROR - Failed to import: /opt/airflow/dags/dbt.py
Traceback (most recent call last):
  File "/home/airflow/.local/lib/python3.12/site-packages/airflow/models/dagbag.py", line 351, in parse
    loader.exec_module(new_module)
  File "<frozen importlib._bootstrap_external>", line 995, in exec_module
  File "<frozen importlib._bootstrap>", line 488, in _call_with_frames_removed
  File "/opt/airflow/dags/dbt.py", line 2, in <module>
    from airflow.providers.standard.operators.bash import BashOperator
ModuleNotFoundError: No module named 'airflow.providers.standard'
[2026-03-15T10:06:29.182+0000] {processor.py:842} WARNING - No viable dags retrieved from /opt/airflow/dags/dbt.py
[2026-03-15T10:06:29.209+0000] {processor.py:183} INFO - Processing /opt/airflow/dags/dbt.py took 0.059 seconds
[2026-03-15T10:06:59.686+0000] {processor.py:161} INFO - Started process (PID=3870) to work on /opt/airflow/dags/dbt.py
[2026-03-15T10:06:59.687+0000] {processor.py:830} INFO - Processing file /opt/airflow/dags/dbt.py for tasks to queue
[2026-03-15T10:06:59.691+0000] {logging_mixin.py:188} INFO - [2026-03-15T10:06:59.690+0000] {dagbag.py:545} INFO - Filling up the DagBag from /opt/airflow/dags/dbt.py
[2026-03-15T10:06:59.701+0000] {logging_mixin.py:188} INFO - [2026-03-15T10:06:59.696+0000] {dagbag.py:355} ERROR - Failed to import: /opt/airflow/dags/dbt.py
Traceback (most recent call last):
  File "/home/airflow/.local/lib/python3.12/site-packages/airflow/models/dagbag.py", line 351, in parse
    loader.exec_module(new_module)
  File "<frozen importlib._bootstrap_external>", line 995, in exec_module
  File "<frozen importlib._bootstrap>", line 488, in _call_with_frames_removed
  File "/opt/airflow/dags/dbt.py", line 2, in <module>
    from airflow.providers.standard.operators.bash import BashOperator
ModuleNotFoundError: No module named 'airflow.providers.standard'
[2026-03-15T10:06:59.701+0000] {processor.py:842} WARNING - No viable dags retrieved from /opt/airflow/dags/dbt.py
[2026-03-15T10:06:59.723+0000] {processor.py:183} INFO - Processing /opt/airflow/dags/dbt.py took 0.047 seconds
[2026-03-15T10:07:30.106+0000] {processor.py:161} INFO - Started process (PID=3872) to work on /opt/airflow/dags/dbt.py
[2026-03-15T10:07:30.108+0000] {processor.py:830} INFO - Processing file /opt/airflow/dags/dbt.py for tasks to queue
[2026-03-15T10:07:30.113+0000] {logging_mixin.py:188} INFO - [2026-03-15T10:07:30.112+0000] {dagbag.py:545} INFO - Filling up the DagBag from /opt/airflow/dags/dbt.py
[2026-03-15T10:07:30.127+0000] {logging_mixin.py:188} INFO - [2026-03-15T10:07:30.125+0000] {dagbag.py:355} ERROR - Failed to import: /opt/airflow/dags/dbt.py
Traceback (most recent call last):
  File "/home/airflow/.local/lib/python3.12/site-packages/airflow/models/dagbag.py", line 351, in parse
    loader.exec_module(new_module)
  File "<frozen importlib._bootstrap_external>", line 995, in exec_module
  File "<frozen importlib._bootstrap>", line 488, in _call_with_frames_removed
  File "/opt/airflow/dags/dbt.py", line 2, in <module>
    from airflow.providers.standard.operators.bash import BashOperator
ModuleNotFoundError: No module named 'airflow.providers.standard'
[2026-03-15T10:07:30.130+0000] {processor.py:842} WARNING - No viable dags retrieved from /opt/airflow/dags/dbt.py
[2026-03-15T10:07:30.155+0000] {processor.py:183} INFO - Processing /opt/airflow/dags/dbt.py took 0.067 seconds
[2026-03-15T10:08:00.606+0000] {processor.py:161} INFO - Started process (PID=3874) to work on /opt/airflow/dags/dbt.py
[2026-03-15T10:08:00.609+0000] {processor.py:830} INFO - Processing file /opt/airflow/dags/dbt.py for tasks to queue
[2026-03-15T10:08:00.615+0000] {logging_mixin.py:188} INFO - [2026-03-15T10:08:00.614+0000] {dagbag.py:545} INFO - Filling up the DagBag from /opt/airflow/dags/dbt.py
[2026-03-15T10:08:00.626+0000] {logging_mixin.py:188} INFO - [2026-03-15T10:08:00.624+0000] {dagbag.py:355} ERROR - Failed to import: /opt/airflow/dags/dbt.py
Traceback (most recent call last):
  File "/home/airflow/.local/lib/python3.12/site-packages/airflow/models/dagbag.py", line 351, in parse
    loader.exec_module(new_module)
  File "<frozen importlib._bootstrap_external>", line 995, in exec_module
  File "<frozen importlib._bootstrap>", line 488, in _call_with_frames_removed
  File "/opt/airflow/dags/dbt.py", line 2, in <module>
    from airflow.providers.standard.operators.bash import BashOperator
ModuleNotFoundError: No module named 'airflow.providers.standard'
[2026-03-15T10:08:00.626+0000] {processor.py:842} WARNING - No viable dags retrieved from /opt/airflow/dags/dbt.py
[2026-03-15T10:08:00.651+0000] {processor.py:183} INFO - Processing /opt/airflow/dags/dbt.py took 0.062 seconds
[2026-03-15T10:08:31.197+0000] {processor.py:161} INFO - Started process (PID=3876) to work on /opt/airflow/dags/dbt.py
[2026-03-15T10:08:31.199+0000] {processor.py:830} INFO - Processing file /opt/airflow/dags/dbt.py for tasks to queue
[2026-03-15T10:08:31.205+0000] {logging_mixin.py:188} INFO - [2026-03-15T10:08:31.205+0000] {dagbag.py:545} INFO - Filling up the DagBag from /opt/airflow/dags/dbt.py
[2026-03-15T10:08:31.216+0000] {logging_mixin.py:188} INFO - [2026-03-15T10:08:31.212+0000] {dagbag.py:355} ERROR - Failed to import: /opt/airflow/dags/dbt.py
Traceback (most recent call last):
  File "/home/airflow/.local/lib/python3.12/site-packages/airflow/models/dagbag.py", line 351, in parse
    loader.exec_module(new_module)
  File "<frozen importlib._bootstrap_external>", line 995, in exec_module
  File "<frozen importlib._bootstrap>", line 488, in _call_with_frames_removed
  File "/opt/airflow/dags/dbt.py", line 2, in <module>
    from airflow.providers.standard.operators.bash import BashOperator
ModuleNotFoundError: No module named 'airflow.providers.standard'
[2026-03-15T10:08:31.216+0000] {processor.py:842} WARNING - No viable dags retrieved from /opt/airflow/dags/dbt.py
[2026-03-15T10:08:31.250+0000] {processor.py:183} INFO - Processing /opt/airflow/dags/dbt.py took 0.076 seconds
[2026-03-15T10:23:57.899+0000] {processor.py:161} INFO - Started process (PID=3878) to work on /opt/airflow/dags/dbt.py
[2026-03-15T10:23:57.900+0000] {processor.py:830} INFO - Processing file /opt/airflow/dags/dbt.py for tasks to queue
[2026-03-15T10:23:57.902+0000] {logging_mixin.py:188} INFO - [2026-03-15T10:23:57.901+0000] {dagbag.py:545} INFO - Filling up the DagBag from /opt/airflow/dags/dbt.py
[2026-03-15T10:23:57.905+0000] {logging_mixin.py:188} INFO - [2026-03-15T10:23:57.904+0000] {dagbag.py:355} ERROR - Failed to import: /opt/airflow/dags/dbt.py
Traceback (most recent call last):
  File "/home/airflow/.local/lib/python3.12/site-packages/airflow/models/dagbag.py", line 351, in parse
    loader.exec_module(new_module)
  File "<frozen importlib._bootstrap_external>", line 995, in exec_module
  File "<frozen importlib._bootstrap>", line 488, in _call_with_frames_removed
  File "/opt/airflow/dags/dbt.py", line 2, in <module>
    from airflow.providers.standard.operators.bash import BashOperator
ModuleNotFoundError: No module named 'airflow.providers.standard'
[2026-03-15T10:23:57.905+0000] {processor.py:842} WARNING - No viable dags retrieved from /opt/airflow/dags/dbt.py
[2026-03-15T10:23:57.929+0000] {processor.py:183} INFO - Processing /opt/airflow/dags/dbt.py took 0.036 seconds
[2026-03-15T10:24:28.421+0000] {processor.py:161} INFO - Started process (PID=3880) to work on /opt/airflow/dags/dbt.py
[2026-03-15T10:24:28.423+0000] {processor.py:830} INFO - Processing file /opt/airflow/dags/dbt.py for tasks to queue
[2026-03-15T10:24:28.428+0000] {logging_mixin.py:188} INFO - [2026-03-15T10:24:28.428+0000] {dagbag.py:545} INFO - Filling up the DagBag from /opt/airflow/dags/dbt.py
[2026-03-15T10:24:28.439+0000] {logging_mixin.py:188} INFO - [2026-03-15T10:24:28.435+0000] {dagbag.py:355} ERROR - Failed to import: /opt/airflow/dags/dbt.py
Traceback (most recent call last):
  File "/home/airflow/.local/lib/python3.12/site-packages/airflow/models/dagbag.py", line 351, in parse
    loader.exec_module(new_module)
  File "<frozen importlib._bootstrap_external>", line 995, in exec_module
  File "<frozen importlib._bootstrap>", line 488, in _call_with_frames_removed
  File "/opt/airflow/dags/dbt.py", line 2, in <module>
    from airflow.providers.standard.operators.bash import BashOperator
ModuleNotFoundError: No module named 'airflow.providers.standard'
[2026-03-15T10:24:28.439+0000] {processor.py:842} WARNING - No viable dags retrieved from /opt/airflow/dags/dbt.py
[2026-03-15T10:24:28.466+0000] {processor.py:183} INFO - Processing /opt/airflow/dags/dbt.py took 0.062 seconds
[2026-03-15T10:40:23.673+0000] {processor.py:161} INFO - Started process (PID=3882) to work on /opt/airflow/dags/dbt.py
[2026-03-15T10:40:23.674+0000] {processor.py:830} INFO - Processing file /opt/airflow/dags/dbt.py for tasks to queue
[2026-03-15T10:40:23.679+0000] {logging_mixin.py:188} INFO - [2026-03-15T10:40:23.678+0000] {dagbag.py:545} INFO - Filling up the DagBag from /opt/airflow/dags/dbt.py
[2026-03-15T10:40:23.687+0000] {logging_mixin.py:188} INFO - [2026-03-15T10:40:23.683+0000] {dagbag.py:355} ERROR - Failed to import: /opt/airflow/dags/dbt.py
Traceback (most recent call last):
  File "/home/airflow/.local/lib/python3.12/site-packages/airflow/models/dagbag.py", line 351, in parse
    loader.exec_module(new_module)
  File "<frozen importlib._bootstrap_external>", line 995, in exec_module
  File "<frozen importlib._bootstrap>", line 488, in _call_with_frames_removed
  File "/opt/airflow/dags/dbt.py", line 2, in <module>
    from airflow.providers.standard.operators.bash import BashOperator
ModuleNotFoundError: No module named 'airflow.providers.standard'
[2026-03-15T10:40:23.688+0000] {processor.py:842} WARNING - No viable dags retrieved from /opt/airflow/dags/dbt.py
[2026-03-15T10:40:23.714+0000] {processor.py:183} INFO - Processing /opt/airflow/dags/dbt.py took 0.060 seconds
[2026-03-15T10:56:19.127+0000] {processor.py:161} INFO - Started process (PID=3884) to work on /opt/airflow/dags/dbt.py
[2026-03-15T10:56:19.131+0000] {processor.py:830} INFO - Processing file /opt/airflow/dags/dbt.py for tasks to queue
[2026-03-15T10:56:19.136+0000] {logging_mixin.py:188} INFO - [2026-03-15T10:56:19.135+0000] {dagbag.py:545} INFO - Filling up the DagBag from /opt/airflow/dags/dbt.py
[2026-03-15T10:56:19.149+0000] {logging_mixin.py:188} INFO - [2026-03-15T10:56:19.145+0000] {dagbag.py:355} ERROR - Failed to import: /opt/airflow/dags/dbt.py
Traceback (most recent call last):
  File "/home/airflow/.local/lib/python3.12/site-packages/airflow/models/dagbag.py", line 351, in parse
    loader.exec_module(new_module)
  File "<frozen importlib._bootstrap_external>", line 995, in exec_module
  File "<frozen importlib._bootstrap>", line 488, in _call_with_frames_removed
  File "/opt/airflow/dags/dbt.py", line 2, in <module>
    from airflow.providers.standard.operators.bash import BashOperator
ModuleNotFoundError: No module named 'airflow.providers.standard'
[2026-03-15T10:56:19.149+0000] {processor.py:842} WARNING - No viable dags retrieved from /opt/airflow/dags/dbt.py
[2026-03-15T10:56:19.177+0000] {processor.py:183} INFO - Processing /opt/airflow/dags/dbt.py took 0.070 seconds
[2026-03-15T10:56:49.690+0000] {processor.py:161} INFO - Started process (PID=3886) to work on /opt/airflow/dags/dbt.py
[2026-03-15T10:56:49.692+0000] {processor.py:830} INFO - Processing file /opt/airflow/dags/dbt.py for tasks to queue
[2026-03-15T10:56:49.696+0000] {logging_mixin.py:188} INFO - [2026-03-15T10:56:49.695+0000] {dagbag.py:545} INFO - Filling up the DagBag from /opt/airflow/dags/dbt.py
[2026-03-15T10:56:49.708+0000] {logging_mixin.py:188} INFO - [2026-03-15T10:56:49.704+0000] {dagbag.py:355} ERROR - Failed to import: /opt/airflow/dags/dbt.py
Traceback (most recent call last):
  File "/home/airflow/.local/lib/python3.12/site-packages/airflow/models/dagbag.py", line 351, in parse
    loader.exec_module(new_module)
  File "<frozen importlib._bootstrap_external>", line 995, in exec_module
  File "<frozen importlib._bootstrap>", line 488, in _call_with_frames_removed
  File "/opt/airflow/dags/dbt.py", line 2, in <module>
    from airflow.providers.standard.operators.bash import BashOperator
ModuleNotFoundError: No module named 'airflow.providers.standard'
[2026-03-15T10:56:49.709+0000] {processor.py:842} WARNING - No viable dags retrieved from /opt/airflow/dags/dbt.py
[2026-03-15T10:56:49.741+0000] {processor.py:183} INFO - Processing /opt/airflow/dags/dbt.py took 0.081 seconds
[2026-03-15T11:12:59.178+0000] {processor.py:161} INFO - Started process (PID=3888) to work on /opt/airflow/dags/dbt.py
[2026-03-15T11:12:59.181+0000] {processor.py:830} INFO - Processing file /opt/airflow/dags/dbt.py for tasks to queue
[2026-03-15T11:12:59.193+0000] {logging_mixin.py:188} INFO - [2026-03-15T11:12:59.192+0000] {dagbag.py:545} INFO - Filling up the DagBag from /opt/airflow/dags/dbt.py
[2026-03-15T11:12:59.207+0000] {logging_mixin.py:188} INFO - [2026-03-15T11:12:59.202+0000] {dagbag.py:355} ERROR - Failed to import: /opt/airflow/dags/dbt.py
Traceback (most recent call last):
  File "/home/airflow/.local/lib/python3.12/site-packages/airflow/models/dagbag.py", line 351, in parse
    loader.exec_module(new_module)
  File "<frozen importlib._bootstrap_external>", line 995, in exec_module
  File "<frozen importlib._bootstrap>", line 488, in _call_with_frames_removed
  File "/opt/airflow/dags/dbt.py", line 2, in <module>
    from airflow.providers.standard.operators.bash import BashOperator
ModuleNotFoundError: No module named 'airflow.providers.standard'
[2026-03-15T11:12:59.208+0000] {processor.py:842} WARNING - No viable dags retrieved from /opt/airflow/dags/dbt.py
[2026-03-15T11:12:59.247+0000] {processor.py:183} INFO - Processing /opt/airflow/dags/dbt.py took 0.094 seconds
[2026-03-15T11:13:29.736+0000] {processor.py:161} INFO - Started process (PID=3890) to work on /opt/airflow/dags/dbt.py
[2026-03-15T11:13:29.737+0000] {processor.py:830} INFO - Processing file /opt/airflow/dags/dbt.py for tasks to queue
[2026-03-15T11:13:29.744+0000] {logging_mixin.py:188} INFO - [2026-03-15T11:13:29.743+0000] {dagbag.py:545} INFO - Filling up the DagBag from /opt/airflow/dags/dbt.py
[2026-03-15T11:13:29.758+0000] {logging_mixin.py:188} INFO - [2026-03-15T11:13:29.757+0000] {dagbag.py:355} ERROR - Failed to import: /opt/airflow/dags/dbt.py
Traceback (most recent call last):
  File "/home/airflow/.local/lib/python3.12/site-packages/airflow/models/dagbag.py", line 351, in parse
    loader.exec_module(new_module)
  File "<frozen importlib._bootstrap_external>", line 995, in exec_module
  File "<frozen importlib._bootstrap>", line 488, in _call_with_frames_removed
  File "/opt/airflow/dags/dbt.py", line 2, in <module>
    from airflow.providers.standard.operators.bash import BashOperator
ModuleNotFoundError: No module named 'airflow.providers.standard'
[2026-03-15T11:13:29.759+0000] {processor.py:842} WARNING - No viable dags retrieved from /opt/airflow/dags/dbt.py
[2026-03-15T11:13:29.783+0000] {processor.py:183} INFO - Processing /opt/airflow/dags/dbt.py took 0.085 seconds
[2026-03-15T11:16:04.223+0000] {processor.py:161} INFO - Started process (PID=3892) to work on /opt/airflow/dags/dbt.py
[2026-03-15T11:16:04.224+0000] {processor.py:830} INFO - Processing file /opt/airflow/dags/dbt.py for tasks to queue
[2026-03-15T11:16:04.228+0000] {logging_mixin.py:188} INFO - [2026-03-15T11:16:04.228+0000] {dagbag.py:545} INFO - Filling up the DagBag from /opt/airflow/dags/dbt.py
[2026-03-15T11:16:04.237+0000] {logging_mixin.py:188} INFO - [2026-03-15T11:16:04.234+0000] {dagbag.py:355} ERROR - Failed to import: /opt/airflow/dags/dbt.py
Traceback (most recent call last):
  File "/home/airflow/.local/lib/python3.12/site-packages/airflow/models/dagbag.py", line 351, in parse
    loader.exec_module(new_module)
  File "<frozen importlib._bootstrap_external>", line 995, in exec_module
  File "<frozen importlib._bootstrap>", line 488, in _call_with_frames_removed
  File "/opt/airflow/dags/dbt.py", line 2, in <module>
    from airflow.providers.standard.operators.bash import BashOperator
ModuleNotFoundError: No module named 'airflow.providers.standard'
[2026-03-15T11:16:04.242+0000] {processor.py:842} WARNING - No viable dags retrieved from /opt/airflow/dags/dbt.py
[2026-03-15T11:16:04.268+0000] {processor.py:183} INFO - Processing /opt/airflow/dags/dbt.py took 0.056 seconds
[2026-03-15T11:16:34.646+0000] {processor.py:161} INFO - Started process (PID=3894) to work on /opt/airflow/dags/dbt.py
[2026-03-15T11:16:34.647+0000] {processor.py:830} INFO - Processing file /opt/airflow/dags/dbt.py for tasks to queue
[2026-03-15T11:16:34.651+0000] {logging_mixin.py:188} INFO - [2026-03-15T11:16:34.651+0000] {dagbag.py:545} INFO - Filling up the DagBag from /opt/airflow/dags/dbt.py
[2026-03-15T11:16:34.661+0000] {logging_mixin.py:188} INFO - [2026-03-15T11:16:34.659+0000] {dagbag.py:355} ERROR - Failed to import: /opt/airflow/dags/dbt.py
Traceback (most recent call last):
  File "/home/airflow/.local/lib/python3.12/site-packages/airflow/models/dagbag.py", line 351, in parse
    loader.exec_module(new_module)
  File "<frozen importlib._bootstrap_external>", line 995, in exec_module
  File "<frozen importlib._bootstrap>", line 488, in _call_with_frames_removed
  File "/opt/airflow/dags/dbt.py", line 2, in <module>
    from airflow.providers.standard.operators.bash import BashOperator
ModuleNotFoundError: No module named 'airflow.providers.standard'
[2026-03-15T11:16:34.661+0000] {processor.py:842} WARNING - No viable dags retrieved from /opt/airflow/dags/dbt.py
[2026-03-15T11:16:34.684+0000] {processor.py:183} INFO - Processing /opt/airflow/dags/dbt.py took 0.053 seconds
[2026-03-15T11:17:05.015+0000] {processor.py:161} INFO - Started process (PID=3896) to work on /opt/airflow/dags/dbt.py
[2026-03-15T11:17:05.017+0000] {processor.py:830} INFO - Processing file /opt/airflow/dags/dbt.py for tasks to queue
[2026-03-15T11:17:05.021+0000] {logging_mixin.py:188} INFO - [2026-03-15T11:17:05.020+0000] {dagbag.py:545} INFO - Filling up the DagBag from /opt/airflow/dags/dbt.py
[2026-03-15T11:17:05.030+0000] {logging_mixin.py:188} INFO - [2026-03-15T11:17:05.027+0000] {dagbag.py:355} ERROR - Failed to import: /opt/airflow/dags/dbt.py
Traceback (most recent call last):
  File "/home/airflow/.local/lib/python3.12/site-packages/airflow/models/dagbag.py", line 351, in parse
    loader.exec_module(new_module)
  File "<frozen importlib._bootstrap_external>", line 995, in exec_module
  File "<frozen importlib._bootstrap>", line 488, in _call_with_frames_removed
  File "/opt/airflow/dags/dbt.py", line 2, in <module>
    from airflow.providers.standard.operators.bash import BashOperator
ModuleNotFoundError: No module named 'airflow.providers.standard'
[2026-03-15T11:17:05.031+0000] {processor.py:842} WARNING - No viable dags retrieved from /opt/airflow/dags/dbt.py
[2026-03-15T11:17:05.057+0000] {processor.py:183} INFO - Processing /opt/airflow/dags/dbt.py took 0.055 seconds
[2026-03-15T11:17:35.354+0000] {processor.py:161} INFO - Started process (PID=3898) to work on /opt/airflow/dags/dbt.py
[2026-03-15T11:17:35.357+0000] {processor.py:830} INFO - Processing file /opt/airflow/dags/dbt.py for tasks to queue
[2026-03-15T11:17:35.452+0000] {logging_mixin.py:188} INFO - [2026-03-15T11:17:35.451+0000] {dagbag.py:545} INFO - Filling up the DagBag from /opt/airflow/dags/dbt.py
[2026-03-15T11:17:35.461+0000] {logging_mixin.py:188} INFO - [2026-03-15T11:17:35.459+0000] {dagbag.py:355} ERROR - Failed to import: /opt/airflow/dags/dbt.py
Traceback (most recent call last):
  File "/home/airflow/.local/lib/python3.12/site-packages/airflow/models/dagbag.py", line 351, in parse
    loader.exec_module(new_module)
  File "<frozen importlib._bootstrap_external>", line 995, in exec_module
  File "<frozen importlib._bootstrap>", line 488, in _call_with_frames_removed
  File "/opt/airflow/dags/dbt.py", line 2, in <module>
    from airflow.providers.standard.operators.bash import BashOperator
ModuleNotFoundError: No module named 'airflow.providers.standard'
[2026-03-15T11:17:35.463+0000] {processor.py:842} WARNING - No viable dags retrieved from /opt/airflow/dags/dbt.py
[2026-03-15T11:17:35.492+0000] {processor.py:183} INFO - Processing /opt/airflow/dags/dbt.py took 0.147 seconds
[2026-03-15T11:18:05.888+0000] {processor.py:161} INFO - Started process (PID=3900) to work on /opt/airflow/dags/dbt.py
[2026-03-15T11:18:05.889+0000] {processor.py:830} INFO - Processing file /opt/airflow/dags/dbt.py for tasks to queue
[2026-03-15T11:18:05.896+0000] {logging_mixin.py:188} INFO - [2026-03-15T11:18:05.895+0000] {dagbag.py:545} INFO - Filling up the DagBag from /opt/airflow/dags/dbt.py
[2026-03-15T11:18:05.904+0000] {logging_mixin.py:188} INFO - [2026-03-15T11:18:05.901+0000] {dagbag.py:355} ERROR - Failed to import: /opt/airflow/dags/dbt.py
Traceback (most recent call last):
  File "/home/airflow/.local/lib/python3.12/site-packages/airflow/models/dagbag.py", line 351, in parse
    loader.exec_module(new_module)
  File "<frozen importlib._bootstrap_external>", line 995, in exec_module
  File "<frozen importlib._bootstrap>", line 488, in _call_with_frames_removed
  File "/opt/airflow/dags/dbt.py", line 2, in <module>
    from airflow.providers.standard.operators.bash import BashOperator
ModuleNotFoundError: No module named 'airflow.providers.standard'
[2026-03-15T11:18:05.905+0000] {processor.py:842} WARNING - No viable dags retrieved from /opt/airflow/dags/dbt.py
[2026-03-15T11:18:05.937+0000] {processor.py:183} INFO - Processing /opt/airflow/dags/dbt.py took 0.075 seconds
[2026-03-15T11:18:36.280+0000] {processor.py:161} INFO - Started process (PID=3902) to work on /opt/airflow/dags/dbt.py
[2026-03-15T11:18:36.281+0000] {processor.py:830} INFO - Processing file /opt/airflow/dags/dbt.py for tasks to queue
[2026-03-15T11:18:36.286+0000] {logging_mixin.py:188} INFO - [2026-03-15T11:18:36.286+0000] {dagbag.py:545} INFO - Filling up the DagBag from /opt/airflow/dags/dbt.py
[2026-03-15T11:18:36.298+0000] {logging_mixin.py:188} INFO - [2026-03-15T11:18:36.294+0000] {dagbag.py:355} ERROR - Failed to import: /opt/airflow/dags/dbt.py
Traceback (most recent call last):
  File "/home/airflow/.local/lib/python3.12/site-packages/airflow/models/dagbag.py", line 351, in parse
    loader.exec_module(new_module)
  File "<frozen importlib._bootstrap_external>", line 995, in exec_module
  File "<frozen importlib._bootstrap>", line 488, in _call_with_frames_removed
  File "/opt/airflow/dags/dbt.py", line 2, in <module>
    from airflow.providers.standard.operators.bash import BashOperator
ModuleNotFoundError: No module named 'airflow.providers.standard'
[2026-03-15T11:18:36.298+0000] {processor.py:842} WARNING - No viable dags retrieved from /opt/airflow/dags/dbt.py
[2026-03-15T11:18:36.324+0000] {processor.py:183} INFO - Processing /opt/airflow/dags/dbt.py took 0.072 seconds
[2026-03-15T11:19:06.707+0000] {processor.py:161} INFO - Started process (PID=3904) to work on /opt/airflow/dags/dbt.py
[2026-03-15T11:19:06.709+0000] {processor.py:830} INFO - Processing file /opt/airflow/dags/dbt.py for tasks to queue
[2026-03-15T11:19:06.714+0000] {logging_mixin.py:188} INFO - [2026-03-15T11:19:06.713+0000] {dagbag.py:545} INFO - Filling up the DagBag from /opt/airflow/dags/dbt.py
[2026-03-15T11:19:06.727+0000] {logging_mixin.py:188} INFO - [2026-03-15T11:19:06.722+0000] {dagbag.py:355} ERROR - Failed to import: /opt/airflow/dags/dbt.py
Traceback (most recent call last):
  File "/home/airflow/.local/lib/python3.12/site-packages/airflow/models/dagbag.py", line 351, in parse
    loader.exec_module(new_module)
  File "<frozen importlib._bootstrap_external>", line 995, in exec_module
  File "<frozen importlib._bootstrap>", line 488, in _call_with_frames_removed
  File "/opt/airflow/dags/dbt.py", line 2, in <module>
    from airflow.providers.standard.operators.bash import BashOperator
ModuleNotFoundError: No module named 'airflow.providers.standard'
[2026-03-15T11:19:06.727+0000] {processor.py:842} WARNING - No viable dags retrieved from /opt/airflow/dags/dbt.py
[2026-03-15T11:19:06.759+0000] {processor.py:183} INFO - Processing /opt/airflow/dags/dbt.py took 0.082 seconds
[2026-03-15T11:19:37.078+0000] {processor.py:161} INFO - Started process (PID=3906) to work on /opt/airflow/dags/dbt.py
[2026-03-15T11:19:37.080+0000] {processor.py:830} INFO - Processing file /opt/airflow/dags/dbt.py for tasks to queue
[2026-03-15T11:19:37.082+0000] {logging_mixin.py:188} INFO - [2026-03-15T11:19:37.081+0000] {dagbag.py:545} INFO - Filling up the DagBag from /opt/airflow/dags/dbt.py
[2026-03-15T11:19:37.086+0000] {logging_mixin.py:188} INFO - [2026-03-15T11:19:37.085+0000] {dagbag.py:355} ERROR - Failed to import: /opt/airflow/dags/dbt.py
Traceback (most recent call last):
  File "/home/airflow/.local/lib/python3.12/site-packages/airflow/models/dagbag.py", line 351, in parse
    loader.exec_module(new_module)
  File "<frozen importlib._bootstrap_external>", line 995, in exec_module
  File "<frozen importlib._bootstrap>", line 488, in _call_with_frames_removed
  File "/opt/airflow/dags/dbt.py", line 2, in <module>
    from airflow.providers.standard.operators.bash import BashOperator
ModuleNotFoundError: No module named 'airflow.providers.standard'
[2026-03-15T11:19:37.086+0000] {processor.py:842} WARNING - No viable dags retrieved from /opt/airflow/dags/dbt.py
[2026-03-15T11:19:37.113+0000] {processor.py:183} INFO - Processing /opt/airflow/dags/dbt.py took 0.042 seconds
[2026-03-15T11:20:07.469+0000] {processor.py:161} INFO - Started process (PID=3908) to work on /opt/airflow/dags/dbt.py
[2026-03-15T11:20:07.471+0000] {processor.py:830} INFO - Processing file /opt/airflow/dags/dbt.py for tasks to queue
[2026-03-15T11:20:07.475+0000] {logging_mixin.py:188} INFO - [2026-03-15T11:20:07.474+0000] {dagbag.py:545} INFO - Filling up the DagBag from /opt/airflow/dags/dbt.py
[2026-03-15T11:20:07.484+0000] {logging_mixin.py:188} INFO - [2026-03-15T11:20:07.482+0000] {dagbag.py:355} ERROR - Failed to import: /opt/airflow/dags/dbt.py
Traceback (most recent call last):
  File "/home/airflow/.local/lib/python3.12/site-packages/airflow/models/dagbag.py", line 351, in parse
    loader.exec_module(new_module)
  File "<frozen importlib._bootstrap_external>", line 995, in exec_module
  File "<frozen importlib._bootstrap>", line 488, in _call_with_frames_removed
  File "/opt/airflow/dags/dbt.py", line 2, in <module>
    from airflow.providers.standard.operators.bash import BashOperator
ModuleNotFoundError: No module named 'airflow.providers.standard'
[2026-03-15T11:20:07.485+0000] {processor.py:842} WARNING - No viable dags retrieved from /opt/airflow/dags/dbt.py
[2026-03-15T11:20:07.512+0000] {processor.py:183} INFO - Processing /opt/airflow/dags/dbt.py took 0.056 seconds
[2026-03-15T11:20:37.855+0000] {processor.py:161} INFO - Started process (PID=3910) to work on /opt/airflow/dags/dbt.py
[2026-03-15T11:20:37.856+0000] {processor.py:830} INFO - Processing file /opt/airflow/dags/dbt.py for tasks to queue
[2026-03-15T11:20:37.858+0000] {logging_mixin.py:188} INFO - [2026-03-15T11:20:37.857+0000] {dagbag.py:545} INFO - Filling up the DagBag from /opt/airflow/dags/dbt.py
[2026-03-15T11:20:37.864+0000] {logging_mixin.py:188} INFO - [2026-03-15T11:20:37.862+0000] {dagbag.py:355} ERROR - Failed to import: /opt/airflow/dags/dbt.py
Traceback (most recent call last):
  File "/home/airflow/.local/lib/python3.12/site-packages/airflow/models/dagbag.py", line 351, in parse
    loader.exec_module(new_module)
  File "<frozen importlib._bootstrap_external>", line 995, in exec_module
  File "<frozen importlib._bootstrap>", line 488, in _call_with_frames_removed
  File "/opt/airflow/dags/dbt.py", line 2, in <module>
    from airflow.providers.standard.operators.bash import BashOperator
ModuleNotFoundError: No module named 'airflow.providers.standard'
[2026-03-15T11:20:37.864+0000] {processor.py:842} WARNING - No viable dags retrieved from /opt/airflow/dags/dbt.py
[2026-03-15T11:20:37.888+0000] {processor.py:183} INFO - Processing /opt/airflow/dags/dbt.py took 0.041 seconds
[2026-03-15T11:21:08.251+0000] {processor.py:161} INFO - Started process (PID=3912) to work on /opt/airflow/dags/dbt.py
[2026-03-15T11:21:08.252+0000] {processor.py:830} INFO - Processing file /opt/airflow/dags/dbt.py for tasks to queue
[2026-03-15T11:21:08.261+0000] {logging_mixin.py:188} INFO - [2026-03-15T11:21:08.259+0000] {dagbag.py:545} INFO - Filling up the DagBag from /opt/airflow/dags/dbt.py
[2026-03-15T11:21:08.269+0000] {logging_mixin.py:188} INFO - [2026-03-15T11:21:08.267+0000] {dagbag.py:355} ERROR - Failed to import: /opt/airflow/dags/dbt.py
Traceback (most recent call last):
  File "/home/airflow/.local/lib/python3.12/site-packages/airflow/models/dagbag.py", line 351, in parse
    loader.exec_module(new_module)
  File "<frozen importlib._bootstrap_external>", line 995, in exec_module
  File "<frozen importlib._bootstrap>", line 488, in _call_with_frames_removed
  File "/opt/airflow/dags/dbt.py", line 2, in <module>
    from airflow.providers.standard.operators.bash import BashOperator
ModuleNotFoundError: No module named 'airflow.providers.standard'
[2026-03-15T11:21:08.269+0000] {processor.py:842} WARNING - No viable dags retrieved from /opt/airflow/dags/dbt.py
[2026-03-15T11:21:08.297+0000] {processor.py:183} INFO - Processing /opt/airflow/dags/dbt.py took 0.066 seconds
[2026-03-15T11:21:38.640+0000] {processor.py:161} INFO - Started process (PID=3914) to work on /opt/airflow/dags/dbt.py
[2026-03-15T11:21:38.641+0000] {processor.py:830} INFO - Processing file /opt/airflow/dags/dbt.py for tasks to queue
[2026-03-15T11:21:38.644+0000] {logging_mixin.py:188} INFO - [2026-03-15T11:21:38.643+0000] {dagbag.py:545} INFO - Filling up the DagBag from /opt/airflow/dags/dbt.py
[2026-03-15T11:21:38.650+0000] {logging_mixin.py:188} INFO - [2026-03-15T11:21:38.647+0000] {dagbag.py:355} ERROR - Failed to import: /opt/airflow/dags/dbt.py
Traceback (most recent call last):
  File "/home/airflow/.local/lib/python3.12/site-packages/airflow/models/dagbag.py", line 351, in parse
    loader.exec_module(new_module)
  File "<frozen importlib._bootstrap_external>", line 995, in exec_module
  File "<frozen importlib._bootstrap>", line 488, in _call_with_frames_removed
  File "/opt/airflow/dags/dbt.py", line 2, in <module>
    from airflow.providers.standard.operators.bash import BashOperator
ModuleNotFoundError: No module named 'airflow.providers.standard'
[2026-03-15T11:21:38.650+0000] {processor.py:842} WARNING - No viable dags retrieved from /opt/airflow/dags/dbt.py
[2026-03-15T11:21:38.672+0000] {processor.py:183} INFO - Processing /opt/airflow/dags/dbt.py took 0.041 seconds
[2026-03-15T11:22:09.077+0000] {processor.py:161} INFO - Started process (PID=3916) to work on /opt/airflow/dags/dbt.py
[2026-03-15T11:22:09.079+0000] {processor.py:830} INFO - Processing file /opt/airflow/dags/dbt.py for tasks to queue
[2026-03-15T11:22:09.086+0000] {logging_mixin.py:188} INFO - [2026-03-15T11:22:09.085+0000] {dagbag.py:545} INFO - Filling up the DagBag from /opt/airflow/dags/dbt.py
[2026-03-15T11:22:09.095+0000] {logging_mixin.py:188} INFO - [2026-03-15T11:22:09.094+0000] {dagbag.py:355} ERROR - Failed to import: /opt/airflow/dags/dbt.py
Traceback (most recent call last):
  File "/home/airflow/.local/lib/python3.12/site-packages/airflow/models/dagbag.py", line 351, in parse
    loader.exec_module(new_module)
  File "<frozen importlib._bootstrap_external>", line 995, in exec_module
  File "<frozen importlib._bootstrap>", line 488, in _call_with_frames_removed
  File "/opt/airflow/dags/dbt.py", line 2, in <module>
    from airflow.providers.standard.operators.bash import BashOperator
ModuleNotFoundError: No module named 'airflow.providers.standard'
[2026-03-15T11:22:09.096+0000] {processor.py:842} WARNING - No viable dags retrieved from /opt/airflow/dags/dbt.py
[2026-03-15T11:22:09.129+0000] {processor.py:183} INFO - Processing /opt/airflow/dags/dbt.py took 0.070 seconds
[2026-03-15T11:22:39.579+0000] {processor.py:161} INFO - Started process (PID=3918) to work on /opt/airflow/dags/dbt.py
[2026-03-15T11:22:39.581+0000] {processor.py:830} INFO - Processing file /opt/airflow/dags/dbt.py for tasks to queue
[2026-03-15T11:22:39.588+0000] {logging_mixin.py:188} INFO - [2026-03-15T11:22:39.588+0000] {dagbag.py:545} INFO - Filling up the DagBag from /opt/airflow/dags/dbt.py
[2026-03-15T11:22:39.597+0000] {logging_mixin.py:188} INFO - [2026-03-15T11:22:39.596+0000] {dagbag.py:355} ERROR - Failed to import: /opt/airflow/dags/dbt.py
Traceback (most recent call last):
  File "/home/airflow/.local/lib/python3.12/site-packages/airflow/models/dagbag.py", line 351, in parse
    loader.exec_module(new_module)
  File "<frozen importlib._bootstrap_external>", line 995, in exec_module
  File "<frozen importlib._bootstrap>", line 488, in _call_with_frames_removed
  File "/opt/airflow/dags/dbt.py", line 2, in <module>
    from airflow.providers.standard.operators.bash import BashOperator
ModuleNotFoundError: No module named 'airflow.providers.standard'
[2026-03-15T11:22:39.598+0000] {processor.py:842} WARNING - No viable dags retrieved from /opt/airflow/dags/dbt.py
[2026-03-15T11:22:39.626+0000] {processor.py:183} INFO - Processing /opt/airflow/dags/dbt.py took 0.068 seconds
[2026-03-15T11:23:10.054+0000] {processor.py:161} INFO - Started process (PID=3920) to work on /opt/airflow/dags/dbt.py
[2026-03-15T11:23:10.056+0000] {processor.py:830} INFO - Processing file /opt/airflow/dags/dbt.py for tasks to queue
[2026-03-15T11:23:10.060+0000] {logging_mixin.py:188} INFO - [2026-03-15T11:23:10.059+0000] {dagbag.py:545} INFO - Filling up the DagBag from /opt/airflow/dags/dbt.py
[2026-03-15T11:23:10.069+0000] {logging_mixin.py:188} INFO - [2026-03-15T11:23:10.066+0000] {dagbag.py:355} ERROR - Failed to import: /opt/airflow/dags/dbt.py
Traceback (most recent call last):
  File "/home/airflow/.local/lib/python3.12/site-packages/airflow/models/dagbag.py", line 351, in parse
    loader.exec_module(new_module)
  File "<frozen importlib._bootstrap_external>", line 995, in exec_module
  File "<frozen importlib._bootstrap>", line 488, in _call_with_frames_removed
  File "/opt/airflow/dags/dbt.py", line 2, in <module>
    from airflow.providers.standard.operators.bash import BashOperator
ModuleNotFoundError: No module named 'airflow.providers.standard'
[2026-03-15T11:23:10.069+0000] {processor.py:842} WARNING - No viable dags retrieved from /opt/airflow/dags/dbt.py
[2026-03-15T11:23:10.096+0000] {processor.py:183} INFO - Processing /opt/airflow/dags/dbt.py took 0.055 seconds
[2026-03-15T11:23:40.476+0000] {processor.py:161} INFO - Started process (PID=3922) to work on /opt/airflow/dags/dbt.py
[2026-03-15T11:23:40.479+0000] {processor.py:830} INFO - Processing file /opt/airflow/dags/dbt.py for tasks to queue
[2026-03-15T11:23:40.482+0000] {logging_mixin.py:188} INFO - [2026-03-15T11:23:40.481+0000] {dagbag.py:545} INFO - Filling up the DagBag from /opt/airflow/dags/dbt.py
[2026-03-15T11:23:40.488+0000] {logging_mixin.py:188} INFO - [2026-03-15T11:23:40.486+0000] {dagbag.py:355} ERROR - Failed to import: /opt/airflow/dags/dbt.py
Traceback (most recent call last):
  File "/home/airflow/.local/lib/python3.12/site-packages/airflow/models/dagbag.py", line 351, in parse
    loader.exec_module(new_module)
  File "<frozen importlib._bootstrap_external>", line 995, in exec_module
  File "<frozen importlib._bootstrap>", line 488, in _call_with_frames_removed
  File "/opt/airflow/dags/dbt.py", line 2, in <module>
    from airflow.providers.standard.operators.bash import BashOperator
ModuleNotFoundError: No module named 'airflow.providers.standard'
[2026-03-15T11:23:40.489+0000] {processor.py:842} WARNING - No viable dags retrieved from /opt/airflow/dags/dbt.py
[2026-03-15T11:23:40.516+0000] {processor.py:183} INFO - Processing /opt/airflow/dags/dbt.py took 0.051 seconds
[2026-03-15T11:24:10.954+0000] {processor.py:161} INFO - Started process (PID=3924) to work on /opt/airflow/dags/dbt.py
[2026-03-15T11:24:10.957+0000] {processor.py:830} INFO - Processing file /opt/airflow/dags/dbt.py for tasks to queue
[2026-03-15T11:24:10.967+0000] {logging_mixin.py:188} INFO - [2026-03-15T11:24:10.966+0000] {dagbag.py:545} INFO - Filling up the DagBag from /opt/airflow/dags/dbt.py
[2026-03-15T11:24:10.978+0000] {logging_mixin.py:188} INFO - [2026-03-15T11:24:10.976+0000] {dagbag.py:355} ERROR - Failed to import: /opt/airflow/dags/dbt.py
Traceback (most recent call last):
  File "/home/airflow/.local/lib/python3.12/site-packages/airflow/models/dagbag.py", line 351, in parse
    loader.exec_module(new_module)
  File "<frozen importlib._bootstrap_external>", line 995, in exec_module
  File "<frozen importlib._bootstrap>", line 488, in _call_with_frames_removed
  File "/opt/airflow/dags/dbt.py", line 2, in <module>
    from airflow.providers.standard.operators.bash import BashOperator
ModuleNotFoundError: No module named 'airflow.providers.standard'
[2026-03-15T11:24:10.981+0000] {processor.py:842} WARNING - No viable dags retrieved from /opt/airflow/dags/dbt.py
[2026-03-15T11:24:11.024+0000] {processor.py:183} INFO - Processing /opt/airflow/dags/dbt.py took 0.084 seconds
[2026-03-15T11:24:41.435+0000] {processor.py:161} INFO - Started process (PID=3926) to work on /opt/airflow/dags/dbt.py
[2026-03-15T11:24:41.437+0000] {processor.py:830} INFO - Processing file /opt/airflow/dags/dbt.py for tasks to queue
[2026-03-15T11:24:41.441+0000] {logging_mixin.py:188} INFO - [2026-03-15T11:24:41.440+0000] {dagbag.py:545} INFO - Filling up the DagBag from /opt/airflow/dags/dbt.py
[2026-03-15T11:24:41.451+0000] {logging_mixin.py:188} INFO - [2026-03-15T11:24:41.449+0000] {dagbag.py:355} ERROR - Failed to import: /opt/airflow/dags/dbt.py
Traceback (most recent call last):
  File "/home/airflow/.local/lib/python3.12/site-packages/airflow/models/dagbag.py", line 351, in parse
    loader.exec_module(new_module)
  File "<frozen importlib._bootstrap_external>", line 995, in exec_module
  File "<frozen importlib._bootstrap>", line 488, in _call_with_frames_removed
  File "/opt/airflow/dags/dbt.py", line 2, in <module>
    from airflow.providers.standard.operators.bash import BashOperator
ModuleNotFoundError: No module named 'airflow.providers.standard'
[2026-03-15T11:24:41.452+0000] {processor.py:842} WARNING - No viable dags retrieved from /opt/airflow/dags/dbt.py
[2026-03-15T11:24:41.477+0000] {processor.py:183} INFO - Processing /opt/airflow/dags/dbt.py took 0.053 seconds
[2026-03-15T11:25:11.896+0000] {processor.py:161} INFO - Started process (PID=3928) to work on /opt/airflow/dags/dbt.py
[2026-03-15T11:25:11.898+0000] {processor.py:830} INFO - Processing file /opt/airflow/dags/dbt.py for tasks to queue
[2026-03-15T11:25:11.903+0000] {logging_mixin.py:188} INFO - [2026-03-15T11:25:11.902+0000] {dagbag.py:545} INFO - Filling up the DagBag from /opt/airflow/dags/dbt.py
[2026-03-15T11:25:11.911+0000] {logging_mixin.py:188} INFO - [2026-03-15T11:25:11.909+0000] {dagbag.py:355} ERROR - Failed to import: /opt/airflow/dags/dbt.py
Traceback (most recent call last):
  File "/home/airflow/.local/lib/python3.12/site-packages/airflow/models/dagbag.py", line 351, in parse
    loader.exec_module(new_module)
  File "<frozen importlib._bootstrap_external>", line 995, in exec_module
  File "<frozen importlib._bootstrap>", line 488, in _call_with_frames_removed
  File "/opt/airflow/dags/dbt.py", line 2, in <module>
    from airflow.providers.standard.operators.bash import BashOperator
ModuleNotFoundError: No module named 'airflow.providers.standard'
[2026-03-15T11:25:11.912+0000] {processor.py:842} WARNING - No viable dags retrieved from /opt/airflow/dags/dbt.py
[2026-03-15T11:25:11.940+0000] {processor.py:183} INFO - Processing /opt/airflow/dags/dbt.py took 0.056 seconds
[2026-03-15T11:25:42.410+0000] {processor.py:161} INFO - Started process (PID=3930) to work on /opt/airflow/dags/dbt.py
[2026-03-15T11:25:42.412+0000] {processor.py:830} INFO - Processing file /opt/airflow/dags/dbt.py for tasks to queue
[2026-03-15T11:25:42.416+0000] {logging_mixin.py:188} INFO - [2026-03-15T11:25:42.415+0000] {dagbag.py:545} INFO - Filling up the DagBag from /opt/airflow/dags/dbt.py
[2026-03-15T11:25:42.424+0000] {logging_mixin.py:188} INFO - [2026-03-15T11:25:42.422+0000] {dagbag.py:355} ERROR - Failed to import: /opt/airflow/dags/dbt.py
Traceback (most recent call last):
  File "/home/airflow/.local/lib/python3.12/site-packages/airflow/models/dagbag.py", line 351, in parse
    loader.exec_module(new_module)
  File "<frozen importlib._bootstrap_external>", line 995, in exec_module
  File "<frozen importlib._bootstrap>", line 488, in _call_with_frames_removed
  File "/opt/airflow/dags/dbt.py", line 2, in <module>
    from airflow.providers.standard.operators.bash import BashOperator
ModuleNotFoundError: No module named 'airflow.providers.standard'
[2026-03-15T11:25:42.424+0000] {processor.py:842} WARNING - No viable dags retrieved from /opt/airflow/dags/dbt.py
[2026-03-15T11:25:42.453+0000] {processor.py:183} INFO - Processing /opt/airflow/dags/dbt.py took 0.058 seconds
[2026-03-15T11:26:12.828+0000] {processor.py:161} INFO - Started process (PID=3932) to work on /opt/airflow/dags/dbt.py
[2026-03-15T11:26:12.829+0000] {processor.py:830} INFO - Processing file /opt/airflow/dags/dbt.py for tasks to queue
[2026-03-15T11:26:12.833+0000] {logging_mixin.py:188} INFO - [2026-03-15T11:26:12.832+0000] {dagbag.py:545} INFO - Filling up the DagBag from /opt/airflow/dags/dbt.py
[2026-03-15T11:26:12.841+0000] {logging_mixin.py:188} INFO - [2026-03-15T11:26:12.839+0000] {dagbag.py:355} ERROR - Failed to import: /opt/airflow/dags/dbt.py
Traceback (most recent call last):
  File "/home/airflow/.local/lib/python3.12/site-packages/airflow/models/dagbag.py", line 351, in parse
    loader.exec_module(new_module)
  File "<frozen importlib._bootstrap_external>", line 995, in exec_module
  File "<frozen importlib._bootstrap>", line 488, in _call_with_frames_removed
  File "/opt/airflow/dags/dbt.py", line 2, in <module>
    from airflow.providers.standard.operators.bash import BashOperator
ModuleNotFoundError: No module named 'airflow.providers.standard'
[2026-03-15T11:26:12.843+0000] {processor.py:842} WARNING - No viable dags retrieved from /opt/airflow/dags/dbt.py
[2026-03-15T11:26:12.867+0000] {processor.py:183} INFO - Processing /opt/airflow/dags/dbt.py took 0.051 seconds
[2026-03-15T11:26:43.318+0000] {processor.py:161} INFO - Started process (PID=3934) to work on /opt/airflow/dags/dbt.py
[2026-03-15T11:26:43.323+0000] {processor.py:830} INFO - Processing file /opt/airflow/dags/dbt.py for tasks to queue
[2026-03-15T11:26:43.329+0000] {logging_mixin.py:188} INFO - [2026-03-15T11:26:43.328+0000] {dagbag.py:545} INFO - Filling up the DagBag from /opt/airflow/dags/dbt.py
[2026-03-15T11:26:43.339+0000] {logging_mixin.py:188} INFO - [2026-03-15T11:26:43.337+0000] {dagbag.py:355} ERROR - Failed to import: /opt/airflow/dags/dbt.py
Traceback (most recent call last):
  File "/home/airflow/.local/lib/python3.12/site-packages/airflow/models/dagbag.py", line 351, in parse
    loader.exec_module(new_module)
  File "<frozen importlib._bootstrap_external>", line 995, in exec_module
  File "<frozen importlib._bootstrap>", line 488, in _call_with_frames_removed
  File "/opt/airflow/dags/dbt.py", line 2, in <module>
    from airflow.providers.standard.operators.bash import BashOperator
ModuleNotFoundError: No module named 'airflow.providers.standard'
[2026-03-15T11:26:43.341+0000] {processor.py:842} WARNING - No viable dags retrieved from /opt/airflow/dags/dbt.py
[2026-03-15T11:26:43.369+0000] {processor.py:183} INFO - Processing /opt/airflow/dags/dbt.py took 0.072 seconds
[2026-03-15T11:27:13.761+0000] {processor.py:161} INFO - Started process (PID=3936) to work on /opt/airflow/dags/dbt.py
[2026-03-15T11:27:13.762+0000] {processor.py:830} INFO - Processing file /opt/airflow/dags/dbt.py for tasks to queue
[2026-03-15T11:27:13.766+0000] {logging_mixin.py:188} INFO - [2026-03-15T11:27:13.764+0000] {dagbag.py:545} INFO - Filling up the DagBag from /opt/airflow/dags/dbt.py
[2026-03-15T11:27:13.771+0000] {logging_mixin.py:188} INFO - [2026-03-15T11:27:13.770+0000] {dagbag.py:355} ERROR - Failed to import: /opt/airflow/dags/dbt.py
Traceback (most recent call last):
  File "/home/airflow/.local/lib/python3.12/site-packages/airflow/models/dagbag.py", line 351, in parse
    loader.exec_module(new_module)
  File "<frozen importlib._bootstrap_external>", line 995, in exec_module
  File "<frozen importlib._bootstrap>", line 488, in _call_with_frames_removed
  File "/opt/airflow/dags/dbt.py", line 2, in <module>
    from airflow.providers.standard.operators.bash import BashOperator
ModuleNotFoundError: No module named 'airflow.providers.standard'
[2026-03-15T11:27:13.773+0000] {processor.py:842} WARNING - No viable dags retrieved from /opt/airflow/dags/dbt.py
[2026-03-15T11:27:13.792+0000] {processor.py:183} INFO - Processing /opt/airflow/dags/dbt.py took 0.040 seconds
[2026-03-15T11:27:44.196+0000] {processor.py:161} INFO - Started process (PID=3938) to work on /opt/airflow/dags/dbt.py
[2026-03-15T11:27:44.201+0000] {processor.py:830} INFO - Processing file /opt/airflow/dags/dbt.py for tasks to queue
[2026-03-15T11:27:44.207+0000] {logging_mixin.py:188} INFO - [2026-03-15T11:27:44.207+0000] {dagbag.py:545} INFO - Filling up the DagBag from /opt/airflow/dags/dbt.py
[2026-03-15T11:27:44.217+0000] {logging_mixin.py:188} INFO - [2026-03-15T11:27:44.214+0000] {dagbag.py:355} ERROR - Failed to import: /opt/airflow/dags/dbt.py
Traceback (most recent call last):
  File "/home/airflow/.local/lib/python3.12/site-packages/airflow/models/dagbag.py", line 351, in parse
    loader.exec_module(new_module)
  File "<frozen importlib._bootstrap_external>", line 995, in exec_module
  File "<frozen importlib._bootstrap>", line 488, in _call_with_frames_removed
  File "/opt/airflow/dags/dbt.py", line 2, in <module>
    from airflow.providers.standard.operators.bash import BashOperator
ModuleNotFoundError: No module named 'airflow.providers.standard'
[2026-03-15T11:27:44.218+0000] {processor.py:842} WARNING - No viable dags retrieved from /opt/airflow/dags/dbt.py
[2026-03-15T11:27:44.253+0000] {processor.py:183} INFO - Processing /opt/airflow/dags/dbt.py took 0.078 seconds
[2026-03-15T11:28:14.746+0000] {processor.py:161} INFO - Started process (PID=3940) to work on /opt/airflow/dags/dbt.py
[2026-03-15T11:28:14.747+0000] {processor.py:830} INFO - Processing file /opt/airflow/dags/dbt.py for tasks to queue
[2026-03-15T11:28:14.751+0000] {logging_mixin.py:188} INFO - [2026-03-15T11:28:14.751+0000] {dagbag.py:545} INFO - Filling up the DagBag from /opt/airflow/dags/dbt.py
[2026-03-15T11:28:14.762+0000] {logging_mixin.py:188} INFO - [2026-03-15T11:28:14.758+0000] {dagbag.py:355} ERROR - Failed to import: /opt/airflow/dags/dbt.py
Traceback (most recent call last):
  File "/home/airflow/.local/lib/python3.12/site-packages/airflow/models/dagbag.py", line 351, in parse
    loader.exec_module(new_module)
  File "<frozen importlib._bootstrap_external>", line 995, in exec_module
  File "<frozen importlib._bootstrap>", line 488, in _call_with_frames_removed
  File "/opt/airflow/dags/dbt.py", line 2, in <module>
    from airflow.providers.standard.operators.bash import BashOperator
ModuleNotFoundError: No module named 'airflow.providers.standard'
[2026-03-15T11:28:14.763+0000] {processor.py:842} WARNING - No viable dags retrieved from /opt/airflow/dags/dbt.py
[2026-03-15T11:28:14.787+0000] {processor.py:183} INFO - Processing /opt/airflow/dags/dbt.py took 0.054 seconds
[2026-03-15T11:28:45.257+0000] {processor.py:161} INFO - Started process (PID=3942) to work on /opt/airflow/dags/dbt.py
[2026-03-15T11:28:45.262+0000] {processor.py:830} INFO - Processing file /opt/airflow/dags/dbt.py for tasks to queue
[2026-03-15T11:28:45.268+0000] {logging_mixin.py:188} INFO - [2026-03-15T11:28:45.267+0000] {dagbag.py:545} INFO - Filling up the DagBag from /opt/airflow/dags/dbt.py
[2026-03-15T11:28:45.277+0000] {logging_mixin.py:188} INFO - [2026-03-15T11:28:45.276+0000] {dagbag.py:355} ERROR - Failed to import: /opt/airflow/dags/dbt.py
Traceback (most recent call last):
  File "/home/airflow/.local/lib/python3.12/site-packages/airflow/models/dagbag.py", line 351, in parse
    loader.exec_module(new_module)
  File "<frozen importlib._bootstrap_external>", line 995, in exec_module
  File "<frozen importlib._bootstrap>", line 488, in _call_with_frames_removed
  File "/opt/airflow/dags/dbt.py", line 2, in <module>
    from airflow.providers.standard.operators.bash import BashOperator
ModuleNotFoundError: No module named 'airflow.providers.standard'
[2026-03-15T11:28:45.278+0000] {processor.py:842} WARNING - No viable dags retrieved from /opt/airflow/dags/dbt.py
[2026-03-15T11:28:45.309+0000] {processor.py:183} INFO - Processing /opt/airflow/dags/dbt.py took 0.067 seconds
[2026-03-15T11:29:15.700+0000] {processor.py:161} INFO - Started process (PID=3944) to work on /opt/airflow/dags/dbt.py
[2026-03-15T11:29:15.702+0000] {processor.py:830} INFO - Processing file /opt/airflow/dags/dbt.py for tasks to queue
[2026-03-15T11:29:15.705+0000] {logging_mixin.py:188} INFO - [2026-03-15T11:29:15.705+0000] {dagbag.py:545} INFO - Filling up the DagBag from /opt/airflow/dags/dbt.py
[2026-03-15T11:29:15.710+0000] {logging_mixin.py:188} INFO - [2026-03-15T11:29:15.709+0000] {dagbag.py:355} ERROR - Failed to import: /opt/airflow/dags/dbt.py
Traceback (most recent call last):
  File "/home/airflow/.local/lib/python3.12/site-packages/airflow/models/dagbag.py", line 351, in parse
    loader.exec_module(new_module)
  File "<frozen importlib._bootstrap_external>", line 995, in exec_module
  File "<frozen importlib._bootstrap>", line 488, in _call_with_frames_removed
  File "/opt/airflow/dags/dbt.py", line 2, in <module>
    from airflow.providers.standard.operators.bash import BashOperator
ModuleNotFoundError: No module named 'airflow.providers.standard'
[2026-03-15T11:29:15.711+0000] {processor.py:842} WARNING - No viable dags retrieved from /opt/airflow/dags/dbt.py
[2026-03-15T11:29:15.737+0000] {processor.py:183} INFO - Processing /opt/airflow/dags/dbt.py took 0.046 seconds
[2026-03-15T11:29:46.155+0000] {processor.py:161} INFO - Started process (PID=3946) to work on /opt/airflow/dags/dbt.py
[2026-03-15T11:29:46.156+0000] {processor.py:830} INFO - Processing file /opt/airflow/dags/dbt.py for tasks to queue
[2026-03-15T11:29:46.172+0000] {logging_mixin.py:188} INFO - [2026-03-15T11:29:46.171+0000] {dagbag.py:545} INFO - Filling up the DagBag from /opt/airflow/dags/dbt.py
[2026-03-15T11:29:46.183+0000] {logging_mixin.py:188} INFO - [2026-03-15T11:29:46.181+0000] {dagbag.py:355} ERROR - Failed to import: /opt/airflow/dags/dbt.py
Traceback (most recent call last):
  File "/home/airflow/.local/lib/python3.12/site-packages/airflow/models/dagbag.py", line 351, in parse
    loader.exec_module(new_module)
  File "<frozen importlib._bootstrap_external>", line 995, in exec_module
  File "<frozen importlib._bootstrap>", line 488, in _call_with_frames_removed
  File "/opt/airflow/dags/dbt.py", line 2, in <module>
    from airflow.providers.standard.operators.bash import BashOperator
ModuleNotFoundError: No module named 'airflow.providers.standard'
[2026-03-15T11:29:46.184+0000] {processor.py:842} WARNING - No viable dags retrieved from /opt/airflow/dags/dbt.py
[2026-03-15T11:29:46.219+0000] {processor.py:183} INFO - Processing /opt/airflow/dags/dbt.py took 0.082 seconds
[2026-03-15T11:30:16.638+0000] {processor.py:161} INFO - Started process (PID=3948) to work on /opt/airflow/dags/dbt.py
[2026-03-15T11:30:16.639+0000] {processor.py:830} INFO - Processing file /opt/airflow/dags/dbt.py for tasks to queue
[2026-03-15T11:30:16.643+0000] {logging_mixin.py:188} INFO - [2026-03-15T11:30:16.643+0000] {dagbag.py:545} INFO - Filling up the DagBag from /opt/airflow/dags/dbt.py
[2026-03-15T11:30:16.652+0000] {logging_mixin.py:188} INFO - [2026-03-15T11:30:16.650+0000] {dagbag.py:355} ERROR - Failed to import: /opt/airflow/dags/dbt.py
Traceback (most recent call last):
  File "/home/airflow/.local/lib/python3.12/site-packages/airflow/models/dagbag.py", line 351, in parse
    loader.exec_module(new_module)
  File "<frozen importlib._bootstrap_external>", line 995, in exec_module
  File "<frozen importlib._bootstrap>", line 488, in _call_with_frames_removed
  File "/opt/airflow/dags/dbt.py", line 2, in <module>
    from airflow.providers.standard.operators.bash import BashOperator
ModuleNotFoundError: No module named 'airflow.providers.standard'
[2026-03-15T11:30:16.653+0000] {processor.py:842} WARNING - No viable dags retrieved from /opt/airflow/dags/dbt.py
[2026-03-15T11:30:16.682+0000] {processor.py:183} INFO - Processing /opt/airflow/dags/dbt.py took 0.057 seconds
[2026-03-15T11:30:47.055+0000] {processor.py:161} INFO - Started process (PID=3950) to work on /opt/airflow/dags/dbt.py
[2026-03-15T11:30:47.056+0000] {processor.py:830} INFO - Processing file /opt/airflow/dags/dbt.py for tasks to queue
[2026-03-15T11:30:47.059+0000] {logging_mixin.py:188} INFO - [2026-03-15T11:30:47.059+0000] {dagbag.py:545} INFO - Filling up the DagBag from /opt/airflow/dags/dbt.py
[2026-03-15T11:30:47.065+0000] {logging_mixin.py:188} INFO - [2026-03-15T11:30:47.063+0000] {dagbag.py:355} ERROR - Failed to import: /opt/airflow/dags/dbt.py
Traceback (most recent call last):
  File "/home/airflow/.local/lib/python3.12/site-packages/airflow/models/dagbag.py", line 351, in parse
    loader.exec_module(new_module)
  File "<frozen importlib._bootstrap_external>", line 995, in exec_module
  File "<frozen importlib._bootstrap>", line 488, in _call_with_frames_removed
  File "/opt/airflow/dags/dbt.py", line 2, in <module>
    from airflow.providers.standard.operators.bash import BashOperator
ModuleNotFoundError: No module named 'airflow.providers.standard'
[2026-03-15T11:30:47.066+0000] {processor.py:842} WARNING - No viable dags retrieved from /opt/airflow/dags/dbt.py
[2026-03-15T11:30:47.091+0000] {processor.py:183} INFO - Processing /opt/airflow/dags/dbt.py took 0.047 seconds
[2026-03-15T11:31:17.550+0000] {processor.py:161} INFO - Started process (PID=3952) to work on /opt/airflow/dags/dbt.py
[2026-03-15T11:31:17.553+0000] {processor.py:830} INFO - Processing file /opt/airflow/dags/dbt.py for tasks to queue
[2026-03-15T11:31:17.558+0000] {logging_mixin.py:188} INFO - [2026-03-15T11:31:17.558+0000] {dagbag.py:545} INFO - Filling up the DagBag from /opt/airflow/dags/dbt.py
[2026-03-15T11:31:17.569+0000] {logging_mixin.py:188} INFO - [2026-03-15T11:31:17.567+0000] {dagbag.py:355} ERROR - Failed to import: /opt/airflow/dags/dbt.py
Traceback (most recent call last):
  File "/home/airflow/.local/lib/python3.12/site-packages/airflow/models/dagbag.py", line 351, in parse
    loader.exec_module(new_module)
  File "<frozen importlib._bootstrap_external>", line 995, in exec_module
  File "<frozen importlib._bootstrap>", line 488, in _call_with_frames_removed
  File "/opt/airflow/dags/dbt.py", line 2, in <module>
    from airflow.providers.standard.operators.bash import BashOperator
ModuleNotFoundError: No module named 'airflow.providers.standard'
[2026-03-15T11:31:17.571+0000] {processor.py:842} WARNING - No viable dags retrieved from /opt/airflow/dags/dbt.py
[2026-03-15T11:31:17.602+0000] {processor.py:183} INFO - Processing /opt/airflow/dags/dbt.py took 0.066 seconds
[2026-03-15T11:31:48.012+0000] {processor.py:161} INFO - Started process (PID=3954) to work on /opt/airflow/dags/dbt.py
[2026-03-15T11:31:48.013+0000] {processor.py:830} INFO - Processing file /opt/airflow/dags/dbt.py for tasks to queue
[2026-03-15T11:31:48.018+0000] {logging_mixin.py:188} INFO - [2026-03-15T11:31:48.017+0000] {dagbag.py:545} INFO - Filling up the DagBag from /opt/airflow/dags/dbt.py
[2026-03-15T11:31:48.023+0000] {logging_mixin.py:188} INFO - [2026-03-15T11:31:48.021+0000] {dagbag.py:355} ERROR - Failed to import: /opt/airflow/dags/dbt.py
Traceback (most recent call last):
  File "/home/airflow/.local/lib/python3.12/site-packages/airflow/models/dagbag.py", line 351, in parse
    loader.exec_module(new_module)
  File "<frozen importlib._bootstrap_external>", line 995, in exec_module
  File "<frozen importlib._bootstrap>", line 488, in _call_with_frames_removed
  File "/opt/airflow/dags/dbt.py", line 2, in <module>
    from airflow.providers.standard.operators.bash import BashOperator
ModuleNotFoundError: No module named 'airflow.providers.standard'
[2026-03-15T11:31:48.023+0000] {processor.py:842} WARNING - No viable dags retrieved from /opt/airflow/dags/dbt.py
[2026-03-15T11:31:48.045+0000] {processor.py:183} INFO - Processing /opt/airflow/dags/dbt.py took 0.046 seconds
[2026-03-15T11:32:18.490+0000] {processor.py:161} INFO - Started process (PID=3956) to work on /opt/airflow/dags/dbt.py
[2026-03-15T11:32:18.492+0000] {processor.py:830} INFO - Processing file /opt/airflow/dags/dbt.py for tasks to queue
[2026-03-15T11:32:18.501+0000] {logging_mixin.py:188} INFO - [2026-03-15T11:32:18.500+0000] {dagbag.py:545} INFO - Filling up the DagBag from /opt/airflow/dags/dbt.py
[2026-03-15T11:32:18.513+0000] {logging_mixin.py:188} INFO - [2026-03-15T11:32:18.508+0000] {dagbag.py:355} ERROR - Failed to import: /opt/airflow/dags/dbt.py
Traceback (most recent call last):
  File "/home/airflow/.local/lib/python3.12/site-packages/airflow/models/dagbag.py", line 351, in parse
    loader.exec_module(new_module)
  File "<frozen importlib._bootstrap_external>", line 995, in exec_module
  File "<frozen importlib._bootstrap>", line 488, in _call_with_frames_removed
  File "/opt/airflow/dags/dbt.py", line 2, in <module>
    from airflow.providers.standard.operators.bash import BashOperator
ModuleNotFoundError: No module named 'airflow.providers.standard'
[2026-03-15T11:32:18.514+0000] {processor.py:842} WARNING - No viable dags retrieved from /opt/airflow/dags/dbt.py
[2026-03-15T11:32:18.543+0000] {processor.py:183} INFO - Processing /opt/airflow/dags/dbt.py took 0.077 seconds
[2026-03-15T11:32:48.946+0000] {processor.py:161} INFO - Started process (PID=3958) to work on /opt/airflow/dags/dbt.py
[2026-03-15T11:32:48.948+0000] {processor.py:830} INFO - Processing file /opt/airflow/dags/dbt.py for tasks to queue
[2026-03-15T11:32:48.952+0000] {logging_mixin.py:188} INFO - [2026-03-15T11:32:48.951+0000] {dagbag.py:545} INFO - Filling up the DagBag from /opt/airflow/dags/dbt.py
[2026-03-15T11:32:48.962+0000] {logging_mixin.py:188} INFO - [2026-03-15T11:32:48.960+0000] {dagbag.py:355} ERROR - Failed to import: /opt/airflow/dags/dbt.py
Traceback (most recent call last):
  File "/home/airflow/.local/lib/python3.12/site-packages/airflow/models/dagbag.py", line 351, in parse
    loader.exec_module(new_module)
  File "<frozen importlib._bootstrap_external>", line 995, in exec_module
  File "<frozen importlib._bootstrap>", line 488, in _call_with_frames_removed
  File "/opt/airflow/dags/dbt.py", line 2, in <module>
    from airflow.providers.standard.operators.bash import BashOperator
ModuleNotFoundError: No module named 'airflow.providers.standard'
[2026-03-15T11:32:48.963+0000] {processor.py:842} WARNING - No viable dags retrieved from /opt/airflow/dags/dbt.py
[2026-03-15T11:32:48.985+0000] {processor.py:183} INFO - Processing /opt/airflow/dags/dbt.py took 0.055 seconds
[2026-03-15T11:33:19.436+0000] {processor.py:161} INFO - Started process (PID=3960) to work on /opt/airflow/dags/dbt.py
[2026-03-15T11:33:19.437+0000] {processor.py:830} INFO - Processing file /opt/airflow/dags/dbt.py for tasks to queue
[2026-03-15T11:33:19.442+0000] {logging_mixin.py:188} INFO - [2026-03-15T11:33:19.441+0000] {dagbag.py:545} INFO - Filling up the DagBag from /opt/airflow/dags/dbt.py
[2026-03-15T11:33:19.449+0000] {logging_mixin.py:188} INFO - [2026-03-15T11:33:19.447+0000] {dagbag.py:355} ERROR - Failed to import: /opt/airflow/dags/dbt.py
Traceback (most recent call last):
  File "/home/airflow/.local/lib/python3.12/site-packages/airflow/models/dagbag.py", line 351, in parse
    loader.exec_module(new_module)
  File "<frozen importlib._bootstrap_external>", line 995, in exec_module
  File "<frozen importlib._bootstrap>", line 488, in _call_with_frames_removed
  File "/opt/airflow/dags/dbt.py", line 2, in <module>
    from airflow.providers.standard.operators.bash import BashOperator
ModuleNotFoundError: No module named 'airflow.providers.standard'
[2026-03-15T11:33:19.450+0000] {processor.py:842} WARNING - No viable dags retrieved from /opt/airflow/dags/dbt.py
[2026-03-15T11:33:19.474+0000] {processor.py:183} INFO - Processing /opt/airflow/dags/dbt.py took 0.051 seconds
[2026-03-15T11:33:49.880+0000] {processor.py:161} INFO - Started process (PID=3962) to work on /opt/airflow/dags/dbt.py
[2026-03-15T11:33:49.882+0000] {processor.py:830} INFO - Processing file /opt/airflow/dags/dbt.py for tasks to queue
[2026-03-15T11:33:49.891+0000] {logging_mixin.py:188} INFO - [2026-03-15T11:33:49.891+0000] {dagbag.py:545} INFO - Filling up the DagBag from /opt/airflow/dags/dbt.py
[2026-03-15T11:33:49.899+0000] {logging_mixin.py:188} INFO - [2026-03-15T11:33:49.897+0000] {dagbag.py:355} ERROR - Failed to import: /opt/airflow/dags/dbt.py
Traceback (most recent call last):
  File "/home/airflow/.local/lib/python3.12/site-packages/airflow/models/dagbag.py", line 351, in parse
    loader.exec_module(new_module)
  File "<frozen importlib._bootstrap_external>", line 995, in exec_module
  File "<frozen importlib._bootstrap>", line 488, in _call_with_frames_removed
  File "/opt/airflow/dags/dbt.py", line 2, in <module>
    from airflow.providers.standard.operators.bash import BashOperator
ModuleNotFoundError: No module named 'airflow.providers.standard'
[2026-03-15T11:33:49.900+0000] {processor.py:842} WARNING - No viable dags retrieved from /opt/airflow/dags/dbt.py
[2026-03-15T11:33:49.938+0000] {processor.py:183} INFO - Processing /opt/airflow/dags/dbt.py took 0.086 seconds
[2026-03-15T11:34:20.456+0000] {processor.py:161} INFO - Started process (PID=3964) to work on /opt/airflow/dags/dbt.py
[2026-03-15T11:34:20.459+0000] {processor.py:830} INFO - Processing file /opt/airflow/dags/dbt.py for tasks to queue
[2026-03-15T11:34:20.463+0000] {logging_mixin.py:188} INFO - [2026-03-15T11:34:20.462+0000] {dagbag.py:545} INFO - Filling up the DagBag from /opt/airflow/dags/dbt.py
[2026-03-15T11:34:20.473+0000] {logging_mixin.py:188} INFO - [2026-03-15T11:34:20.469+0000] {dagbag.py:355} ERROR - Failed to import: /opt/airflow/dags/dbt.py
Traceback (most recent call last):
  File "/home/airflow/.local/lib/python3.12/site-packages/airflow/models/dagbag.py", line 351, in parse
    loader.exec_module(new_module)
  File "<frozen importlib._bootstrap_external>", line 995, in exec_module
  File "<frozen importlib._bootstrap>", line 488, in _call_with_frames_removed
  File "/opt/airflow/dags/dbt.py", line 2, in <module>
    from airflow.providers.standard.operators.bash import BashOperator
ModuleNotFoundError: No module named 'airflow.providers.standard'
[2026-03-15T11:34:20.474+0000] {processor.py:842} WARNING - No viable dags retrieved from /opt/airflow/dags/dbt.py
[2026-03-15T11:34:20.508+0000] {processor.py:183} INFO - Processing /opt/airflow/dags/dbt.py took 0.076 seconds
[2026-03-15T11:50:00.391+0000] {processor.py:161} INFO - Started process (PID=3966) to work on /opt/airflow/dags/dbt.py
[2026-03-15T11:50:00.392+0000] {processor.py:830} INFO - Processing file /opt/airflow/dags/dbt.py for tasks to queue
[2026-03-15T11:50:00.400+0000] {logging_mixin.py:188} INFO - [2026-03-15T11:50:00.399+0000] {dagbag.py:545} INFO - Filling up the DagBag from /opt/airflow/dags/dbt.py
[2026-03-15T11:50:00.407+0000] {logging_mixin.py:188} INFO - [2026-03-15T11:50:00.405+0000] {dagbag.py:355} ERROR - Failed to import: /opt/airflow/dags/dbt.py
Traceback (most recent call last):
  File "/home/airflow/.local/lib/python3.12/site-packages/airflow/models/dagbag.py", line 351, in parse
    loader.exec_module(new_module)
  File "<frozen importlib._bootstrap_external>", line 995, in exec_module
  File "<frozen importlib._bootstrap>", line 488, in _call_with_frames_removed
  File "/opt/airflow/dags/dbt.py", line 2, in <module>
    from airflow.providers.standard.operators.bash import BashOperator
ModuleNotFoundError: No module named 'airflow.providers.standard'
[2026-03-15T11:50:00.407+0000] {processor.py:842} WARNING - No viable dags retrieved from /opt/airflow/dags/dbt.py
[2026-03-15T11:50:00.442+0000] {processor.py:183} INFO - Processing /opt/airflow/dags/dbt.py took 0.071 seconds
[2026-03-15T11:50:30.874+0000] {processor.py:161} INFO - Started process (PID=3968) to work on /opt/airflow/dags/dbt.py
[2026-03-15T11:50:30.876+0000] {processor.py:830} INFO - Processing file /opt/airflow/dags/dbt.py for tasks to queue
[2026-03-15T11:50:30.883+0000] {logging_mixin.py:188} INFO - [2026-03-15T11:50:30.882+0000] {dagbag.py:545} INFO - Filling up the DagBag from /opt/airflow/dags/dbt.py
[2026-03-15T11:50:30.891+0000] {logging_mixin.py:188} INFO - [2026-03-15T11:50:30.889+0000] {dagbag.py:355} ERROR - Failed to import: /opt/airflow/dags/dbt.py
Traceback (most recent call last):
  File "/home/airflow/.local/lib/python3.12/site-packages/airflow/models/dagbag.py", line 351, in parse
    loader.exec_module(new_module)
  File "<frozen importlib._bootstrap_external>", line 995, in exec_module
  File "<frozen importlib._bootstrap>", line 488, in _call_with_frames_removed
  File "/opt/airflow/dags/dbt.py", line 2, in <module>
    from airflow.providers.standard.operators.bash import BashOperator
ModuleNotFoundError: No module named 'airflow.providers.standard'
[2026-03-15T11:50:30.891+0000] {processor.py:842} WARNING - No viable dags retrieved from /opt/airflow/dags/dbt.py
[2026-03-15T11:50:30.925+0000] {processor.py:183} INFO - Processing /opt/airflow/dags/dbt.py took 0.067 seconds
[2026-03-15T11:51:06.799+0000] {processor.py:161} INFO - Started process (PID=3970) to work on /opt/airflow/dags/dbt.py
[2026-03-15T11:51:06.801+0000] {processor.py:830} INFO - Processing file /opt/airflow/dags/dbt.py for tasks to queue
[2026-03-15T11:51:06.808+0000] {logging_mixin.py:188} INFO - [2026-03-15T11:51:06.807+0000] {dagbag.py:545} INFO - Filling up the DagBag from /opt/airflow/dags/dbt.py
[2026-03-15T11:51:06.816+0000] {logging_mixin.py:188} INFO - [2026-03-15T11:51:06.813+0000] {dagbag.py:355} ERROR - Failed to import: /opt/airflow/dags/dbt.py
Traceback (most recent call last):
  File "/home/airflow/.local/lib/python3.12/site-packages/airflow/models/dagbag.py", line 351, in parse
    loader.exec_module(new_module)
  File "<frozen importlib._bootstrap_external>", line 995, in exec_module
  File "<frozen importlib._bootstrap>", line 488, in _call_with_frames_removed
  File "/opt/airflow/dags/dbt.py", line 2, in <module>
    from airflow.providers.standard.operators.bash import BashOperator
ModuleNotFoundError: No module named 'airflow.providers.standard'
[2026-03-15T11:51:06.817+0000] {processor.py:842} WARNING - No viable dags retrieved from /opt/airflow/dags/dbt.py
[2026-03-15T11:51:06.851+0000] {processor.py:183} INFO - Processing /opt/airflow/dags/dbt.py took 0.074 seconds
[2026-03-15T11:57:22.678+0000] {processor.py:161} INFO - Started process (PID=3972) to work on /opt/airflow/dags/dbt.py
[2026-03-15T11:57:22.680+0000] {processor.py:830} INFO - Processing file /opt/airflow/dags/dbt.py for tasks to queue
[2026-03-15T11:57:22.685+0000] {logging_mixin.py:188} INFO - [2026-03-15T11:57:22.684+0000] {dagbag.py:545} INFO - Filling up the DagBag from /opt/airflow/dags/dbt.py
[2026-03-15T11:57:22.694+0000] {logging_mixin.py:188} INFO - [2026-03-15T11:57:22.692+0000] {dagbag.py:355} ERROR - Failed to import: /opt/airflow/dags/dbt.py
Traceback (most recent call last):
  File "/home/airflow/.local/lib/python3.12/site-packages/airflow/models/dagbag.py", line 351, in parse
    loader.exec_module(new_module)
  File "<frozen importlib._bootstrap_external>", line 995, in exec_module
  File "<frozen importlib._bootstrap>", line 488, in _call_with_frames_removed
  File "/opt/airflow/dags/dbt.py", line 2, in <module>
    from airflow.providers.standard.operators.bash import BashOperator
ModuleNotFoundError: No module named 'airflow.providers.standard'
[2026-03-15T11:57:22.696+0000] {processor.py:842} WARNING - No viable dags retrieved from /opt/airflow/dags/dbt.py
[2026-03-15T11:57:22.717+0000] {processor.py:183} INFO - Processing /opt/airflow/dags/dbt.py took 0.052 seconds
[2026-03-15T11:57:53.163+0000] {processor.py:161} INFO - Started process (PID=3974) to work on /opt/airflow/dags/dbt.py
[2026-03-15T11:57:53.166+0000] {processor.py:830} INFO - Processing file /opt/airflow/dags/dbt.py for tasks to queue
[2026-03-15T11:57:53.178+0000] {logging_mixin.py:188} INFO - [2026-03-15T11:57:53.177+0000] {dagbag.py:545} INFO - Filling up the DagBag from /opt/airflow/dags/dbt.py
[2026-03-15T11:57:53.191+0000] {logging_mixin.py:188} INFO - [2026-03-15T11:57:53.185+0000] {dagbag.py:355} ERROR - Failed to import: /opt/airflow/dags/dbt.py
Traceback (most recent call last):
  File "/home/airflow/.local/lib/python3.12/site-packages/airflow/models/dagbag.py", line 351, in parse
    loader.exec_module(new_module)
  File "<frozen importlib._bootstrap_external>", line 995, in exec_module
  File "<frozen importlib._bootstrap>", line 488, in _call_with_frames_removed
  File "/opt/airflow/dags/dbt.py", line 2, in <module>
    from airflow.providers.standard.operators.bash import BashOperator
ModuleNotFoundError: No module named 'airflow.providers.standard'
[2026-03-15T11:57:53.192+0000] {processor.py:842} WARNING - No viable dags retrieved from /opt/airflow/dags/dbt.py
[2026-03-15T11:57:53.223+0000] {processor.py:183} INFO - Processing /opt/airflow/dags/dbt.py took 0.090 seconds
[2026-03-15T11:58:25.220+0000] {processor.py:161} INFO - Started process (PID=3976) to work on /opt/airflow/dags/dbt.py
[2026-03-15T11:58:25.222+0000] {processor.py:830} INFO - Processing file /opt/airflow/dags/dbt.py for tasks to queue
[2026-03-15T11:58:25.226+0000] {logging_mixin.py:188} INFO - [2026-03-15T11:58:25.225+0000] {dagbag.py:545} INFO - Filling up the DagBag from /opt/airflow/dags/dbt.py
[2026-03-15T11:58:25.238+0000] {logging_mixin.py:188} INFO - [2026-03-15T11:58:25.236+0000] {dagbag.py:355} ERROR - Failed to import: /opt/airflow/dags/dbt.py
Traceback (most recent call last):
  File "/home/airflow/.local/lib/python3.12/site-packages/airflow/models/dagbag.py", line 351, in parse
    loader.exec_module(new_module)
  File "<frozen importlib._bootstrap_external>", line 995, in exec_module
  File "<frozen importlib._bootstrap>", line 488, in _call_with_frames_removed
  File "/opt/airflow/dags/dbt.py", line 2, in <module>
    from airflow.providers.standard.operators.bash import BashOperator
ModuleNotFoundError: No module named 'airflow.providers.standard'
[2026-03-15T11:58:25.238+0000] {processor.py:842} WARNING - No viable dags retrieved from /opt/airflow/dags/dbt.py
[2026-03-15T11:58:25.272+0000] {processor.py:183} INFO - Processing /opt/airflow/dags/dbt.py took 0.078 seconds
[2026-03-15T12:14:20.450+0000] {processor.py:161} INFO - Started process (PID=3978) to work on /opt/airflow/dags/dbt.py
[2026-03-15T12:14:20.453+0000] {processor.py:830} INFO - Processing file /opt/airflow/dags/dbt.py for tasks to queue
[2026-03-15T12:14:20.459+0000] {logging_mixin.py:188} INFO - [2026-03-15T12:14:20.458+0000] {dagbag.py:545} INFO - Filling up the DagBag from /opt/airflow/dags/dbt.py
[2026-03-15T12:14:20.466+0000] {logging_mixin.py:188} INFO - [2026-03-15T12:14:20.463+0000] {dagbag.py:355} ERROR - Failed to import: /opt/airflow/dags/dbt.py
Traceback (most recent call last):
  File "/home/airflow/.local/lib/python3.12/site-packages/airflow/models/dagbag.py", line 351, in parse
    loader.exec_module(new_module)
  File "<frozen importlib._bootstrap_external>", line 995, in exec_module
  File "<frozen importlib._bootstrap>", line 488, in _call_with_frames_removed
  File "/opt/airflow/dags/dbt.py", line 2, in <module>
    from airflow.providers.standard.operators.bash import BashOperator
ModuleNotFoundError: No module named 'airflow.providers.standard'
[2026-03-15T12:14:20.466+0000] {processor.py:842} WARNING - No viable dags retrieved from /opt/airflow/dags/dbt.py
[2026-03-15T12:14:20.504+0000] {processor.py:183} INFO - Processing /opt/airflow/dags/dbt.py took 0.071 seconds
[2026-03-15T12:14:50.994+0000] {processor.py:161} INFO - Started process (PID=3980) to work on /opt/airflow/dags/dbt.py
[2026-03-15T12:14:50.996+0000] {processor.py:830} INFO - Processing file /opt/airflow/dags/dbt.py for tasks to queue
[2026-03-15T12:14:51.001+0000] {logging_mixin.py:188} INFO - [2026-03-15T12:14:51.001+0000] {dagbag.py:545} INFO - Filling up the DagBag from /opt/airflow/dags/dbt.py
[2026-03-15T12:14:51.012+0000] {logging_mixin.py:188} INFO - [2026-03-15T12:14:51.007+0000] {dagbag.py:355} ERROR - Failed to import: /opt/airflow/dags/dbt.py
Traceback (most recent call last):
  File "/home/airflow/.local/lib/python3.12/site-packages/airflow/models/dagbag.py", line 351, in parse
    loader.exec_module(new_module)
  File "<frozen importlib._bootstrap_external>", line 995, in exec_module
  File "<frozen importlib._bootstrap>", line 488, in _call_with_frames_removed
  File "/opt/airflow/dags/dbt.py", line 2, in <module>
    from airflow.providers.standard.operators.bash import BashOperator
ModuleNotFoundError: No module named 'airflow.providers.standard'
[2026-03-15T12:14:51.013+0000] {processor.py:842} WARNING - No viable dags retrieved from /opt/airflow/dags/dbt.py
[2026-03-15T12:14:51.045+0000] {processor.py:183} INFO - Processing /opt/airflow/dags/dbt.py took 0.072 seconds
[2026-03-15T12:30:46.127+0000] {processor.py:161} INFO - Started process (PID=3982) to work on /opt/airflow/dags/dbt.py
[2026-03-15T12:30:46.130+0000] {processor.py:830} INFO - Processing file /opt/airflow/dags/dbt.py for tasks to queue
[2026-03-15T12:30:46.136+0000] {logging_mixin.py:188} INFO - [2026-03-15T12:30:46.134+0000] {dagbag.py:545} INFO - Filling up the DagBag from /opt/airflow/dags/dbt.py
[2026-03-15T12:30:46.145+0000] {logging_mixin.py:188} INFO - [2026-03-15T12:30:46.142+0000] {dagbag.py:355} ERROR - Failed to import: /opt/airflow/dags/dbt.py
Traceback (most recent call last):
  File "/home/airflow/.local/lib/python3.12/site-packages/airflow/models/dagbag.py", line 351, in parse
    loader.exec_module(new_module)
  File "<frozen importlib._bootstrap_external>", line 995, in exec_module
  File "<frozen importlib._bootstrap>", line 488, in _call_with_frames_removed
  File "/opt/airflow/dags/dbt.py", line 2, in <module>
    from airflow.providers.standard.operators.bash import BashOperator
ModuleNotFoundError: No module named 'airflow.providers.standard'
[2026-03-15T12:30:46.146+0000] {processor.py:842} WARNING - No viable dags retrieved from /opt/airflow/dags/dbt.py
[2026-03-15T12:30:46.172+0000] {processor.py:183} INFO - Processing /opt/airflow/dags/dbt.py took 0.057 seconds
[2026-03-15T12:31:16.684+0000] {processor.py:161} INFO - Started process (PID=3984) to work on /opt/airflow/dags/dbt.py
[2026-03-15T12:31:16.685+0000] {processor.py:830} INFO - Processing file /opt/airflow/dags/dbt.py for tasks to queue
[2026-03-15T12:31:16.691+0000] {logging_mixin.py:188} INFO - [2026-03-15T12:31:16.690+0000] {dagbag.py:545} INFO - Filling up the DagBag from /opt/airflow/dags/dbt.py
[2026-03-15T12:31:16.722+0000] {logging_mixin.py:188} INFO - [2026-03-15T12:31:16.703+0000] {dagbag.py:355} ERROR - Failed to import: /opt/airflow/dags/dbt.py
Traceback (most recent call last):
  File "/home/airflow/.local/lib/python3.12/site-packages/airflow/models/dagbag.py", line 351, in parse
    loader.exec_module(new_module)
  File "<frozen importlib._bootstrap_external>", line 995, in exec_module
  File "<frozen importlib._bootstrap>", line 488, in _call_with_frames_removed
  File "/opt/airflow/dags/dbt.py", line 2, in <module>
    from airflow.providers.standard.operators.bash import BashOperator
ModuleNotFoundError: No module named 'airflow.providers.standard'
[2026-03-15T12:31:16.725+0000] {processor.py:842} WARNING - No viable dags retrieved from /opt/airflow/dags/dbt.py
[2026-03-15T12:31:16.769+0000] {processor.py:183} INFO - Processing /opt/airflow/dags/dbt.py took 0.111 seconds
[2026-03-15T12:47:11.911+0000] {processor.py:161} INFO - Started process (PID=3986) to work on /opt/airflow/dags/dbt.py
[2026-03-15T12:47:11.913+0000] {processor.py:830} INFO - Processing file /opt/airflow/dags/dbt.py for tasks to queue
[2026-03-15T12:47:11.918+0000] {logging_mixin.py:188} INFO - [2026-03-15T12:47:11.918+0000] {dagbag.py:545} INFO - Filling up the DagBag from /opt/airflow/dags/dbt.py
[2026-03-15T12:47:11.927+0000] {logging_mixin.py:188} INFO - [2026-03-15T12:47:11.925+0000] {dagbag.py:355} ERROR - Failed to import: /opt/airflow/dags/dbt.py
Traceback (most recent call last):
  File "/home/airflow/.local/lib/python3.12/site-packages/airflow/models/dagbag.py", line 351, in parse
    loader.exec_module(new_module)
  File "<frozen importlib._bootstrap_external>", line 995, in exec_module
  File "<frozen importlib._bootstrap>", line 488, in _call_with_frames_removed
  File "/opt/airflow/dags/dbt.py", line 2, in <module>
    from airflow.providers.standard.operators.bash import BashOperator
ModuleNotFoundError: No module named 'airflow.providers.standard'
[2026-03-15T12:47:11.931+0000] {processor.py:842} WARNING - No viable dags retrieved from /opt/airflow/dags/dbt.py
[2026-03-15T12:47:11.962+0000] {processor.py:183} INFO - Processing /opt/airflow/dags/dbt.py took 0.069 seconds
[2026-03-15T13:03:07.388+0000] {processor.py:161} INFO - Started process (PID=3988) to work on /opt/airflow/dags/dbt.py
[2026-03-15T13:03:07.389+0000] {processor.py:830} INFO - Processing file /opt/airflow/dags/dbt.py for tasks to queue
[2026-03-15T13:03:07.394+0000] {logging_mixin.py:188} INFO - [2026-03-15T13:03:07.393+0000] {dagbag.py:545} INFO - Filling up the DagBag from /opt/airflow/dags/dbt.py
[2026-03-15T13:03:07.404+0000] {logging_mixin.py:188} INFO - [2026-03-15T13:03:07.400+0000] {dagbag.py:355} ERROR - Failed to import: /opt/airflow/dags/dbt.py
Traceback (most recent call last):
  File "/home/airflow/.local/lib/python3.12/site-packages/airflow/models/dagbag.py", line 351, in parse
    loader.exec_module(new_module)
  File "<frozen importlib._bootstrap_external>", line 995, in exec_module
  File "<frozen importlib._bootstrap>", line 488, in _call_with_frames_removed
  File "/opt/airflow/dags/dbt.py", line 2, in <module>
    from airflow.providers.standard.operators.bash import BashOperator
ModuleNotFoundError: No module named 'airflow.providers.standard'
[2026-03-15T13:03:07.405+0000] {processor.py:842} WARNING - No viable dags retrieved from /opt/airflow/dags/dbt.py
[2026-03-15T13:03:07.423+0000] {processor.py:183} INFO - Processing /opt/airflow/dags/dbt.py took 0.052 seconds
[2026-03-15T13:03:37.890+0000] {processor.py:161} INFO - Started process (PID=3990) to work on /opt/airflow/dags/dbt.py
[2026-03-15T13:03:37.891+0000] {processor.py:830} INFO - Processing file /opt/airflow/dags/dbt.py for tasks to queue
[2026-03-15T13:03:37.898+0000] {logging_mixin.py:188} INFO - [2026-03-15T13:03:37.898+0000] {dagbag.py:545} INFO - Filling up the DagBag from /opt/airflow/dags/dbt.py
[2026-03-15T13:03:37.908+0000] {logging_mixin.py:188} INFO - [2026-03-15T13:03:37.907+0000] {dagbag.py:355} ERROR - Failed to import: /opt/airflow/dags/dbt.py
Traceback (most recent call last):
  File "/home/airflow/.local/lib/python3.12/site-packages/airflow/models/dagbag.py", line 351, in parse
    loader.exec_module(new_module)
  File "<frozen importlib._bootstrap_external>", line 995, in exec_module
  File "<frozen importlib._bootstrap>", line 488, in _call_with_frames_removed
  File "/opt/airflow/dags/dbt.py", line 2, in <module>
    from airflow.providers.standard.operators.bash import BashOperator
ModuleNotFoundError: No module named 'airflow.providers.standard'
[2026-03-15T13:03:37.909+0000] {processor.py:842} WARNING - No viable dags retrieved from /opt/airflow/dags/dbt.py
[2026-03-15T13:03:37.938+0000] {processor.py:183} INFO - Processing /opt/airflow/dags/dbt.py took 0.070 seconds
[2026-03-15T13:06:13.798+0000] {processor.py:161} INFO - Started process (PID=3992) to work on /opt/airflow/dags/dbt.py
[2026-03-15T13:06:13.799+0000] {processor.py:830} INFO - Processing file /opt/airflow/dags/dbt.py for tasks to queue
[2026-03-15T13:06:13.803+0000] {logging_mixin.py:188} INFO - [2026-03-15T13:06:13.803+0000] {dagbag.py:545} INFO - Filling up the DagBag from /opt/airflow/dags/dbt.py
[2026-03-15T13:06:13.813+0000] {logging_mixin.py:188} INFO - [2026-03-15T13:06:13.809+0000] {dagbag.py:355} ERROR - Failed to import: /opt/airflow/dags/dbt.py
Traceback (most recent call last):
  File "/home/airflow/.local/lib/python3.12/site-packages/airflow/models/dagbag.py", line 351, in parse
    loader.exec_module(new_module)
  File "<frozen importlib._bootstrap_external>", line 995, in exec_module
  File "<frozen importlib._bootstrap>", line 488, in _call_with_frames_removed
  File "/opt/airflow/dags/dbt.py", line 2, in <module>
    from airflow.providers.standard.operators.bash import BashOperator
ModuleNotFoundError: No module named 'airflow.providers.standard'
[2026-03-15T13:06:13.816+0000] {processor.py:842} WARNING - No viable dags retrieved from /opt/airflow/dags/dbt.py
[2026-03-15T13:06:13.858+0000] {processor.py:183} INFO - Processing /opt/airflow/dags/dbt.py took 0.080 seconds
[2026-03-15T13:06:44.270+0000] {processor.py:161} INFO - Started process (PID=3994) to work on /opt/airflow/dags/dbt.py
[2026-03-15T13:06:44.271+0000] {processor.py:830} INFO - Processing file /opt/airflow/dags/dbt.py for tasks to queue
[2026-03-15T13:06:44.275+0000] {logging_mixin.py:188} INFO - [2026-03-15T13:06:44.275+0000] {dagbag.py:545} INFO - Filling up the DagBag from /opt/airflow/dags/dbt.py
[2026-03-15T13:06:44.287+0000] {logging_mixin.py:188} INFO - [2026-03-15T13:06:44.283+0000] {dagbag.py:355} ERROR - Failed to import: /opt/airflow/dags/dbt.py
Traceback (most recent call last):
  File "/home/airflow/.local/lib/python3.12/site-packages/airflow/models/dagbag.py", line 351, in parse
    loader.exec_module(new_module)
  File "<frozen importlib._bootstrap_external>", line 995, in exec_module
  File "<frozen importlib._bootstrap>", line 488, in _call_with_frames_removed
  File "/opt/airflow/dags/dbt.py", line 2, in <module>
    from airflow.providers.standard.operators.bash import BashOperator
ModuleNotFoundError: No module named 'airflow.providers.standard'
[2026-03-15T13:06:44.287+0000] {processor.py:842} WARNING - No viable dags retrieved from /opt/airflow/dags/dbt.py
[2026-03-15T13:06:44.315+0000] {processor.py:183} INFO - Processing /opt/airflow/dags/dbt.py took 0.063 seconds
[2026-03-15T13:07:14.740+0000] {processor.py:161} INFO - Started process (PID=3996) to work on /opt/airflow/dags/dbt.py
[2026-03-15T13:07:14.742+0000] {processor.py:830} INFO - Processing file /opt/airflow/dags/dbt.py for tasks to queue
[2026-03-15T13:07:14.746+0000] {logging_mixin.py:188} INFO - [2026-03-15T13:07:14.745+0000] {dagbag.py:545} INFO - Filling up the DagBag from /opt/airflow/dags/dbt.py
[2026-03-15T13:07:14.756+0000] {logging_mixin.py:188} INFO - [2026-03-15T13:07:14.755+0000] {dagbag.py:355} ERROR - Failed to import: /opt/airflow/dags/dbt.py
Traceback (most recent call last):
  File "/home/airflow/.local/lib/python3.12/site-packages/airflow/models/dagbag.py", line 351, in parse
    loader.exec_module(new_module)
  File "<frozen importlib._bootstrap_external>", line 995, in exec_module
  File "<frozen importlib._bootstrap>", line 488, in _call_with_frames_removed
  File "/opt/airflow/dags/dbt.py", line 2, in <module>
    from airflow.providers.standard.operators.bash import BashOperator
ModuleNotFoundError: No module named 'airflow.providers.standard'
[2026-03-15T13:07:14.756+0000] {processor.py:842} WARNING - No viable dags retrieved from /opt/airflow/dags/dbt.py
[2026-03-15T13:07:14.786+0000] {processor.py:183} INFO - Processing /opt/airflow/dags/dbt.py took 0.067 seconds
[2026-03-15T13:07:45.206+0000] {processor.py:161} INFO - Started process (PID=3998) to work on /opt/airflow/dags/dbt.py
[2026-03-15T13:07:45.211+0000] {processor.py:830} INFO - Processing file /opt/airflow/dags/dbt.py for tasks to queue
[2026-03-15T13:07:45.215+0000] {logging_mixin.py:188} INFO - [2026-03-15T13:07:45.214+0000] {dagbag.py:545} INFO - Filling up the DagBag from /opt/airflow/dags/dbt.py
[2026-03-15T13:07:45.230+0000] {logging_mixin.py:188} INFO - [2026-03-15T13:07:45.228+0000] {dagbag.py:355} ERROR - Failed to import: /opt/airflow/dags/dbt.py
Traceback (most recent call last):
  File "/home/airflow/.local/lib/python3.12/site-packages/airflow/models/dagbag.py", line 351, in parse
    loader.exec_module(new_module)
  File "<frozen importlib._bootstrap_external>", line 995, in exec_module
  File "<frozen importlib._bootstrap>", line 488, in _call_with_frames_removed
  File "/opt/airflow/dags/dbt.py", line 2, in <module>
    from airflow.providers.standard.operators.bash import BashOperator
ModuleNotFoundError: No module named 'airflow.providers.standard'
[2026-03-15T13:07:45.230+0000] {processor.py:842} WARNING - No viable dags retrieved from /opt/airflow/dags/dbt.py
[2026-03-15T13:07:45.266+0000] {processor.py:183} INFO - Processing /opt/airflow/dags/dbt.py took 0.078 seconds
[2026-03-15T13:08:15.759+0000] {processor.py:161} INFO - Started process (PID=4000) to work on /opt/airflow/dags/dbt.py
[2026-03-15T13:08:15.761+0000] {processor.py:830} INFO - Processing file /opt/airflow/dags/dbt.py for tasks to queue
[2026-03-15T13:08:15.767+0000] {logging_mixin.py:188} INFO - [2026-03-15T13:08:15.767+0000] {dagbag.py:545} INFO - Filling up the DagBag from /opt/airflow/dags/dbt.py
[2026-03-15T13:08:15.777+0000] {logging_mixin.py:188} INFO - [2026-03-15T13:08:15.773+0000] {dagbag.py:355} ERROR - Failed to import: /opt/airflow/dags/dbt.py
Traceback (most recent call last):
  File "/home/airflow/.local/lib/python3.12/site-packages/airflow/models/dagbag.py", line 351, in parse
    loader.exec_module(new_module)
  File "<frozen importlib._bootstrap_external>", line 995, in exec_module
  File "<frozen importlib._bootstrap>", line 488, in _call_with_frames_removed
  File "/opt/airflow/dags/dbt.py", line 2, in <module>
    from airflow.providers.standard.operators.bash import BashOperator
ModuleNotFoundError: No module named 'airflow.providers.standard'
[2026-03-15T13:08:15.777+0000] {processor.py:842} WARNING - No viable dags retrieved from /opt/airflow/dags/dbt.py
[2026-03-15T13:08:15.813+0000] {processor.py:183} INFO - Processing /opt/airflow/dags/dbt.py took 0.073 seconds
[2026-03-15T13:08:46.235+0000] {processor.py:161} INFO - Started process (PID=4002) to work on /opt/airflow/dags/dbt.py
[2026-03-15T13:08:46.236+0000] {processor.py:830} INFO - Processing file /opt/airflow/dags/dbt.py for tasks to queue
[2026-03-15T13:08:46.239+0000] {logging_mixin.py:188} INFO - [2026-03-15T13:08:46.239+0000] {dagbag.py:545} INFO - Filling up the DagBag from /opt/airflow/dags/dbt.py
[2026-03-15T13:08:46.252+0000] {logging_mixin.py:188} INFO - [2026-03-15T13:08:46.246+0000] {dagbag.py:355} ERROR - Failed to import: /opt/airflow/dags/dbt.py
Traceback (most recent call last):
  File "/home/airflow/.local/lib/python3.12/site-packages/airflow/models/dagbag.py", line 351, in parse
    loader.exec_module(new_module)
  File "<frozen importlib._bootstrap_external>", line 995, in exec_module
  File "<frozen importlib._bootstrap>", line 488, in _call_with_frames_removed
  File "/opt/airflow/dags/dbt.py", line 2, in <module>
    from airflow.providers.standard.operators.bash import BashOperator
ModuleNotFoundError: No module named 'airflow.providers.standard'
[2026-03-15T13:08:46.253+0000] {processor.py:842} WARNING - No viable dags retrieved from /opt/airflow/dags/dbt.py
[2026-03-15T13:08:46.286+0000] {processor.py:183} INFO - Processing /opt/airflow/dags/dbt.py took 0.071 seconds
[2026-03-15T13:24:39.478+0000] {processor.py:161} INFO - Started process (PID=4004) to work on /opt/airflow/dags/dbt.py
[2026-03-15T13:24:39.479+0000] {processor.py:830} INFO - Processing file /opt/airflow/dags/dbt.py for tasks to queue
[2026-03-15T13:24:39.483+0000] {logging_mixin.py:188} INFO - [2026-03-15T13:24:39.482+0000] {dagbag.py:545} INFO - Filling up the DagBag from /opt/airflow/dags/dbt.py
[2026-03-15T13:24:39.490+0000] {logging_mixin.py:188} INFO - [2026-03-15T13:24:39.488+0000] {dagbag.py:355} ERROR - Failed to import: /opt/airflow/dags/dbt.py
Traceback (most recent call last):
  File "/home/airflow/.local/lib/python3.12/site-packages/airflow/models/dagbag.py", line 351, in parse
    loader.exec_module(new_module)
  File "<frozen importlib._bootstrap_external>", line 995, in exec_module
  File "<frozen importlib._bootstrap>", line 488, in _call_with_frames_removed
  File "/opt/airflow/dags/dbt.py", line 2, in <module>
    from airflow.providers.standard.operators.bash import BashOperator
ModuleNotFoundError: No module named 'airflow.providers.standard'
[2026-03-15T13:24:39.492+0000] {processor.py:842} WARNING - No viable dags retrieved from /opt/airflow/dags/dbt.py
[2026-03-15T13:24:39.523+0000] {processor.py:183} INFO - Processing /opt/airflow/dags/dbt.py took 0.060 seconds
[2026-03-15T13:40:29.924+0000] {processor.py:161} INFO - Started process (PID=4006) to work on /opt/airflow/dags/dbt.py
[2026-03-15T13:40:29.926+0000] {processor.py:830} INFO - Processing file /opt/airflow/dags/dbt.py for tasks to queue
[2026-03-15T13:40:29.932+0000] {logging_mixin.py:188} INFO - [2026-03-15T13:40:29.932+0000] {dagbag.py:545} INFO - Filling up the DagBag from /opt/airflow/dags/dbt.py
[2026-03-15T13:40:29.940+0000] {logging_mixin.py:188} INFO - [2026-03-15T13:40:29.938+0000] {dagbag.py:355} ERROR - Failed to import: /opt/airflow/dags/dbt.py
Traceback (most recent call last):
  File "/home/airflow/.local/lib/python3.12/site-packages/airflow/models/dagbag.py", line 351, in parse
    loader.exec_module(new_module)
  File "<frozen importlib._bootstrap_external>", line 995, in exec_module
  File "<frozen importlib._bootstrap>", line 488, in _call_with_frames_removed
  File "/opt/airflow/dags/dbt.py", line 2, in <module>
    from airflow.providers.standard.operators.bash import BashOperator
ModuleNotFoundError: No module named 'airflow.providers.standard'
[2026-03-15T13:40:29.942+0000] {processor.py:842} WARNING - No viable dags retrieved from /opt/airflow/dags/dbt.py
[2026-03-15T13:40:29.968+0000] {processor.py:183} INFO - Processing /opt/airflow/dags/dbt.py took 0.065 seconds
[2026-03-15T13:41:25.372+0000] {processor.py:161} INFO - Started process (PID=4008) to work on /opt/airflow/dags/dbt.py
[2026-03-15T13:41:25.373+0000] {processor.py:830} INFO - Processing file /opt/airflow/dags/dbt.py for tasks to queue
[2026-03-15T13:41:25.378+0000] {logging_mixin.py:188} INFO - [2026-03-15T13:41:25.378+0000] {dagbag.py:545} INFO - Filling up the DagBag from /opt/airflow/dags/dbt.py
[2026-03-15T13:41:25.390+0000] {logging_mixin.py:188} INFO - [2026-03-15T13:41:25.388+0000] {dagbag.py:355} ERROR - Failed to import: /opt/airflow/dags/dbt.py
Traceback (most recent call last):
  File "/home/airflow/.local/lib/python3.12/site-packages/airflow/models/dagbag.py", line 351, in parse
    loader.exec_module(new_module)
  File "<frozen importlib._bootstrap_external>", line 995, in exec_module
  File "<frozen importlib._bootstrap>", line 488, in _call_with_frames_removed
  File "/opt/airflow/dags/dbt.py", line 2, in <module>
    from airflow.providers.standard.operators.bash import BashOperator
ModuleNotFoundError: No module named 'airflow.providers.standard'
[2026-03-15T13:41:25.390+0000] {processor.py:842} WARNING - No viable dags retrieved from /opt/airflow/dags/dbt.py
[2026-03-15T13:41:25.429+0000] {processor.py:183} INFO - Processing /opt/airflow/dags/dbt.py took 0.074 seconds
[2026-03-15T13:57:21.556+0000] {processor.py:161} INFO - Started process (PID=4010) to work on /opt/airflow/dags/dbt.py
[2026-03-15T13:57:21.557+0000] {processor.py:830} INFO - Processing file /opt/airflow/dags/dbt.py for tasks to queue
[2026-03-15T13:57:21.564+0000] {logging_mixin.py:188} INFO - [2026-03-15T13:57:21.564+0000] {dagbag.py:545} INFO - Filling up the DagBag from /opt/airflow/dags/dbt.py
[2026-03-15T13:57:21.574+0000] {logging_mixin.py:188} INFO - [2026-03-15T13:57:21.569+0000] {dagbag.py:355} ERROR - Failed to import: /opt/airflow/dags/dbt.py
Traceback (most recent call last):
  File "/home/airflow/.local/lib/python3.12/site-packages/airflow/models/dagbag.py", line 351, in parse
    loader.exec_module(new_module)
  File "<frozen importlib._bootstrap_external>", line 995, in exec_module
  File "<frozen importlib._bootstrap>", line 488, in _call_with_frames_removed
  File "/opt/airflow/dags/dbt.py", line 2, in <module>
    from airflow.providers.standard.operators.bash import BashOperator
ModuleNotFoundError: No module named 'airflow.providers.standard'
[2026-03-15T13:57:21.574+0000] {processor.py:842} WARNING - No viable dags retrieved from /opt/airflow/dags/dbt.py
[2026-03-15T13:57:21.596+0000] {processor.py:183} INFO - Processing /opt/airflow/dags/dbt.py took 0.062 seconds
[2026-03-15T13:57:52.051+0000] {processor.py:161} INFO - Started process (PID=4012) to work on /opt/airflow/dags/dbt.py
[2026-03-15T13:57:52.052+0000] {processor.py:830} INFO - Processing file /opt/airflow/dags/dbt.py for tasks to queue
[2026-03-15T13:57:52.055+0000] {logging_mixin.py:188} INFO - [2026-03-15T13:57:52.055+0000] {dagbag.py:545} INFO - Filling up the DagBag from /opt/airflow/dags/dbt.py
[2026-03-15T13:57:52.066+0000] {logging_mixin.py:188} INFO - [2026-03-15T13:57:52.064+0000] {dagbag.py:355} ERROR - Failed to import: /opt/airflow/dags/dbt.py
Traceback (most recent call last):
  File "/home/airflow/.local/lib/python3.12/site-packages/airflow/models/dagbag.py", line 351, in parse
    loader.exec_module(new_module)
  File "<frozen importlib._bootstrap_external>", line 995, in exec_module
  File "<frozen importlib._bootstrap>", line 488, in _call_with_frames_removed
  File "/opt/airflow/dags/dbt.py", line 2, in <module>
    from airflow.providers.standard.operators.bash import BashOperator
ModuleNotFoundError: No module named 'airflow.providers.standard'
[2026-03-15T13:57:52.067+0000] {processor.py:842} WARNING - No viable dags retrieved from /opt/airflow/dags/dbt.py
[2026-03-15T13:57:52.100+0000] {processor.py:183} INFO - Processing /opt/airflow/dags/dbt.py took 0.072 seconds
[2026-03-15T14:13:48.297+0000] {processor.py:161} INFO - Started process (PID=4014) to work on /opt/airflow/dags/dbt.py
[2026-03-15T14:13:48.298+0000] {processor.py:830} INFO - Processing file /opt/airflow/dags/dbt.py for tasks to queue
[2026-03-15T14:13:48.302+0000] {logging_mixin.py:188} INFO - [2026-03-15T14:13:48.301+0000] {dagbag.py:545} INFO - Filling up the DagBag from /opt/airflow/dags/dbt.py
[2026-03-15T14:13:48.308+0000] {logging_mixin.py:188} INFO - [2026-03-15T14:13:48.307+0000] {dagbag.py:355} ERROR - Failed to import: /opt/airflow/dags/dbt.py
Traceback (most recent call last):
  File "/home/airflow/.local/lib/python3.12/site-packages/airflow/models/dagbag.py", line 351, in parse
    loader.exec_module(new_module)
  File "<frozen importlib._bootstrap_external>", line 995, in exec_module
  File "<frozen importlib._bootstrap>", line 488, in _call_with_frames_removed
  File "/opt/airflow/dags/dbt.py", line 2, in <module>
    from airflow.providers.standard.operators.bash import BashOperator
ModuleNotFoundError: No module named 'airflow.providers.standard'
[2026-03-15T14:13:48.309+0000] {processor.py:842} WARNING - No viable dags retrieved from /opt/airflow/dags/dbt.py
[2026-03-15T14:13:48.331+0000] {processor.py:183} INFO - Processing /opt/airflow/dags/dbt.py took 0.053 seconds
[2026-03-15T14:29:43.673+0000] {processor.py:161} INFO - Started process (PID=4016) to work on /opt/airflow/dags/dbt.py
[2026-03-15T14:29:43.675+0000] {processor.py:830} INFO - Processing file /opt/airflow/dags/dbt.py for tasks to queue
[2026-03-15T14:29:43.680+0000] {logging_mixin.py:188} INFO - [2026-03-15T14:29:43.680+0000] {dagbag.py:545} INFO - Filling up the DagBag from /opt/airflow/dags/dbt.py
[2026-03-15T14:29:43.692+0000] {logging_mixin.py:188} INFO - [2026-03-15T14:29:43.688+0000] {dagbag.py:355} ERROR - Failed to import: /opt/airflow/dags/dbt.py
Traceback (most recent call last):
  File "/home/airflow/.local/lib/python3.12/site-packages/airflow/models/dagbag.py", line 351, in parse
    loader.exec_module(new_module)
  File "<frozen importlib._bootstrap_external>", line 995, in exec_module
  File "<frozen importlib._bootstrap>", line 488, in _call_with_frames_removed
  File "/opt/airflow/dags/dbt.py", line 2, in <module>
    from airflow.providers.standard.operators.bash import BashOperator
ModuleNotFoundError: No module named 'airflow.providers.standard'
[2026-03-15T14:29:43.693+0000] {processor.py:842} WARNING - No viable dags retrieved from /opt/airflow/dags/dbt.py
[2026-03-15T14:29:43.723+0000] {processor.py:183} INFO - Processing /opt/airflow/dags/dbt.py took 0.065 seconds
[2026-03-15T14:30:14.229+0000] {processor.py:161} INFO - Started process (PID=4018) to work on /opt/airflow/dags/dbt.py
[2026-03-15T14:30:14.230+0000] {processor.py:830} INFO - Processing file /opt/airflow/dags/dbt.py for tasks to queue
[2026-03-15T14:30:14.234+0000] {logging_mixin.py:188} INFO - [2026-03-15T14:30:14.234+0000] {dagbag.py:545} INFO - Filling up the DagBag from /opt/airflow/dags/dbt.py
[2026-03-15T14:30:14.244+0000] {logging_mixin.py:188} INFO - [2026-03-15T14:30:14.239+0000] {dagbag.py:355} ERROR - Failed to import: /opt/airflow/dags/dbt.py
Traceback (most recent call last):
  File "/home/airflow/.local/lib/python3.12/site-packages/airflow/models/dagbag.py", line 351, in parse
    loader.exec_module(new_module)
  File "<frozen importlib._bootstrap_external>", line 995, in exec_module
  File "<frozen importlib._bootstrap>", line 488, in _call_with_frames_removed
  File "/opt/airflow/dags/dbt.py", line 2, in <module>
    from airflow.providers.standard.operators.bash import BashOperator
ModuleNotFoundError: No module named 'airflow.providers.standard'
[2026-03-15T14:30:14.245+0000] {processor.py:842} WARNING - No viable dags retrieved from /opt/airflow/dags/dbt.py
[2026-03-15T14:30:14.268+0000] {processor.py:183} INFO - Processing /opt/airflow/dags/dbt.py took 0.061 seconds
[2026-03-15T14:30:51.894+0000] {processor.py:161} INFO - Started process (PID=4020) to work on /opt/airflow/dags/dbt.py
[2026-03-15T14:30:51.895+0000] {processor.py:830} INFO - Processing file /opt/airflow/dags/dbt.py for tasks to queue
[2026-03-15T14:30:51.900+0000] {logging_mixin.py:188} INFO - [2026-03-15T14:30:51.899+0000] {dagbag.py:545} INFO - Filling up the DagBag from /opt/airflow/dags/dbt.py
[2026-03-15T14:30:51.909+0000] {logging_mixin.py:188} INFO - [2026-03-15T14:30:51.906+0000] {dagbag.py:355} ERROR - Failed to import: /opt/airflow/dags/dbt.py
Traceback (most recent call last):
  File "/home/airflow/.local/lib/python3.12/site-packages/airflow/models/dagbag.py", line 351, in parse
    loader.exec_module(new_module)
  File "<frozen importlib._bootstrap_external>", line 995, in exec_module
  File "<frozen importlib._bootstrap>", line 488, in _call_with_frames_removed
  File "/opt/airflow/dags/dbt.py", line 2, in <module>
    from airflow.providers.standard.operators.bash import BashOperator
ModuleNotFoundError: No module named 'airflow.providers.standard'
[2026-03-15T14:30:51.910+0000] {processor.py:842} WARNING - No viable dags retrieved from /opt/airflow/dags/dbt.py
[2026-03-15T14:30:51.938+0000] {processor.py:183} INFO - Processing /opt/airflow/dags/dbt.py took 0.061 seconds
[2026-03-15T14:34:34.377+0000] {processor.py:161} INFO - Started process (PID=4022) to work on /opt/airflow/dags/dbt.py
[2026-03-15T14:34:34.378+0000] {processor.py:830} INFO - Processing file /opt/airflow/dags/dbt.py for tasks to queue
[2026-03-15T14:34:34.386+0000] {logging_mixin.py:188} INFO - [2026-03-15T14:34:34.386+0000] {dagbag.py:545} INFO - Filling up the DagBag from /opt/airflow/dags/dbt.py
[2026-03-15T14:34:34.396+0000] {logging_mixin.py:188} INFO - [2026-03-15T14:34:34.392+0000] {dagbag.py:355} ERROR - Failed to import: /opt/airflow/dags/dbt.py
Traceback (most recent call last):
  File "/home/airflow/.local/lib/python3.12/site-packages/airflow/models/dagbag.py", line 351, in parse
    loader.exec_module(new_module)
  File "<frozen importlib._bootstrap_external>", line 995, in exec_module
  File "<frozen importlib._bootstrap>", line 488, in _call_with_frames_removed
  File "/opt/airflow/dags/dbt.py", line 2, in <module>
    from airflow.providers.standard.operators.bash import BashOperator
ModuleNotFoundError: No module named 'airflow.providers.standard'
[2026-03-15T14:34:34.398+0000] {processor.py:842} WARNING - No viable dags retrieved from /opt/airflow/dags/dbt.py
[2026-03-15T14:34:34.429+0000] {processor.py:183} INFO - Processing /opt/airflow/dags/dbt.py took 0.069 seconds
[2026-03-15T14:35:04.894+0000] {processor.py:161} INFO - Started process (PID=4024) to work on /opt/airflow/dags/dbt.py
[2026-03-15T14:35:04.896+0000] {processor.py:830} INFO - Processing file /opt/airflow/dags/dbt.py for tasks to queue
[2026-03-15T14:35:04.900+0000] {logging_mixin.py:188} INFO - [2026-03-15T14:35:04.900+0000] {dagbag.py:545} INFO - Filling up the DagBag from /opt/airflow/dags/dbt.py
[2026-03-15T14:35:04.908+0000] {logging_mixin.py:188} INFO - [2026-03-15T14:35:04.906+0000] {dagbag.py:355} ERROR - Failed to import: /opt/airflow/dags/dbt.py
Traceback (most recent call last):
  File "/home/airflow/.local/lib/python3.12/site-packages/airflow/models/dagbag.py", line 351, in parse
    loader.exec_module(new_module)
  File "<frozen importlib._bootstrap_external>", line 995, in exec_module
  File "<frozen importlib._bootstrap>", line 488, in _call_with_frames_removed
  File "/opt/airflow/dags/dbt.py", line 2, in <module>
    from airflow.providers.standard.operators.bash import BashOperator
ModuleNotFoundError: No module named 'airflow.providers.standard'
[2026-03-15T14:35:04.911+0000] {processor.py:842} WARNING - No viable dags retrieved from /opt/airflow/dags/dbt.py
[2026-03-15T14:35:04.940+0000] {processor.py:183} INFO - Processing /opt/airflow/dags/dbt.py took 0.072 seconds
[2026-03-15T14:35:36.032+0000] {processor.py:161} INFO - Started process (PID=4026) to work on /opt/airflow/dags/dbt.py
[2026-03-15T14:35:36.033+0000] {processor.py:830} INFO - Processing file /opt/airflow/dags/dbt.py for tasks to queue
[2026-03-15T14:35:36.039+0000] {logging_mixin.py:188} INFO - [2026-03-15T14:35:36.039+0000] {dagbag.py:545} INFO - Filling up the DagBag from /opt/airflow/dags/dbt.py
[2026-03-15T14:35:36.046+0000] {logging_mixin.py:188} INFO - [2026-03-15T14:35:36.044+0000] {dagbag.py:355} ERROR - Failed to import: /opt/airflow/dags/dbt.py
Traceback (most recent call last):
  File "/home/airflow/.local/lib/python3.12/site-packages/airflow/models/dagbag.py", line 351, in parse
    loader.exec_module(new_module)
  File "<frozen importlib._bootstrap_external>", line 995, in exec_module
  File "<frozen importlib._bootstrap>", line 488, in _call_with_frames_removed
  File "/opt/airflow/dags/dbt.py", line 2, in <module>
    from airflow.providers.standard.operators.bash import BashOperator
ModuleNotFoundError: No module named 'airflow.providers.standard'
[2026-03-15T14:35:36.048+0000] {processor.py:842} WARNING - No viable dags retrieved from /opt/airflow/dags/dbt.py
[2026-03-15T14:35:36.076+0000] {processor.py:183} INFO - Processing /opt/airflow/dags/dbt.py took 0.058 seconds
[2026-03-15T14:36:06.459+0000] {processor.py:161} INFO - Started process (PID=4028) to work on /opt/airflow/dags/dbt.py
[2026-03-15T14:36:06.460+0000] {processor.py:830} INFO - Processing file /opt/airflow/dags/dbt.py for tasks to queue
[2026-03-15T14:36:06.466+0000] {logging_mixin.py:188} INFO - [2026-03-15T14:36:06.465+0000] {dagbag.py:545} INFO - Filling up the DagBag from /opt/airflow/dags/dbt.py
[2026-03-15T14:36:06.476+0000] {logging_mixin.py:188} INFO - [2026-03-15T14:36:06.472+0000] {dagbag.py:355} ERROR - Failed to import: /opt/airflow/dags/dbt.py
Traceback (most recent call last):
  File "/home/airflow/.local/lib/python3.12/site-packages/airflow/models/dagbag.py", line 351, in parse
    loader.exec_module(new_module)
  File "<frozen importlib._bootstrap_external>", line 995, in exec_module
  File "<frozen importlib._bootstrap>", line 488, in _call_with_frames_removed
  File "/opt/airflow/dags/dbt.py", line 2, in <module>
    from airflow.providers.standard.operators.bash import BashOperator
ModuleNotFoundError: No module named 'airflow.providers.standard'
[2026-03-15T14:36:06.477+0000] {processor.py:842} WARNING - No viable dags retrieved from /opt/airflow/dags/dbt.py
[2026-03-15T14:36:06.510+0000] {processor.py:183} INFO - Processing /opt/airflow/dags/dbt.py took 0.076 seconds
[2026-03-15T14:40:51.329+0000] {processor.py:161} INFO - Started process (PID=4030) to work on /opt/airflow/dags/dbt.py
[2026-03-15T14:40:51.331+0000] {processor.py:830} INFO - Processing file /opt/airflow/dags/dbt.py for tasks to queue
[2026-03-15T14:40:51.337+0000] {logging_mixin.py:188} INFO - [2026-03-15T14:40:51.337+0000] {dagbag.py:545} INFO - Filling up the DagBag from /opt/airflow/dags/dbt.py
[2026-03-15T14:40:51.343+0000] {logging_mixin.py:188} INFO - [2026-03-15T14:40:51.342+0000] {dagbag.py:355} ERROR - Failed to import: /opt/airflow/dags/dbt.py
Traceback (most recent call last):
  File "/home/airflow/.local/lib/python3.12/site-packages/airflow/models/dagbag.py", line 351, in parse
    loader.exec_module(new_module)
  File "<frozen importlib._bootstrap_external>", line 995, in exec_module
  File "<frozen importlib._bootstrap>", line 488, in _call_with_frames_removed
  File "/opt/airflow/dags/dbt.py", line 2, in <module>
    from airflow.providers.standard.operators.bash import BashOperator
ModuleNotFoundError: No module named 'airflow.providers.standard'
[2026-03-15T14:40:51.343+0000] {processor.py:842} WARNING - No viable dags retrieved from /opt/airflow/dags/dbt.py
[2026-03-15T14:40:51.378+0000] {processor.py:183} INFO - Processing /opt/airflow/dags/dbt.py took 0.068 seconds
[2026-03-15T14:41:21.833+0000] {processor.py:161} INFO - Started process (PID=4032) to work on /opt/airflow/dags/dbt.py
[2026-03-15T14:41:21.835+0000] {processor.py:830} INFO - Processing file /opt/airflow/dags/dbt.py for tasks to queue
[2026-03-15T14:41:21.839+0000] {logging_mixin.py:188} INFO - [2026-03-15T14:41:21.838+0000] {dagbag.py:545} INFO - Filling up the DagBag from /opt/airflow/dags/dbt.py
[2026-03-15T14:41:21.847+0000] {logging_mixin.py:188} INFO - [2026-03-15T14:41:21.843+0000] {dagbag.py:355} ERROR - Failed to import: /opt/airflow/dags/dbt.py
Traceback (most recent call last):
  File "/home/airflow/.local/lib/python3.12/site-packages/airflow/models/dagbag.py", line 351, in parse
    loader.exec_module(new_module)
  File "<frozen importlib._bootstrap_external>", line 995, in exec_module
  File "<frozen importlib._bootstrap>", line 488, in _call_with_frames_removed
  File "/opt/airflow/dags/dbt.py", line 2, in <module>
    from airflow.providers.standard.operators.bash import BashOperator
ModuleNotFoundError: No module named 'airflow.providers.standard'
[2026-03-15T14:41:21.848+0000] {processor.py:842} WARNING - No viable dags retrieved from /opt/airflow/dags/dbt.py
[2026-03-15T14:41:21.876+0000] {processor.py:183} INFO - Processing /opt/airflow/dags/dbt.py took 0.062 seconds
[2026-03-15T14:57:05.440+0000] {processor.py:161} INFO - Started process (PID=4034) to work on /opt/airflow/dags/dbt.py
[2026-03-15T14:57:05.441+0000] {processor.py:830} INFO - Processing file /opt/airflow/dags/dbt.py for tasks to queue
[2026-03-15T14:57:05.450+0000] {logging_mixin.py:188} INFO - [2026-03-15T14:57:05.449+0000] {dagbag.py:545} INFO - Filling up the DagBag from /opt/airflow/dags/dbt.py
[2026-03-15T14:57:05.456+0000] {logging_mixin.py:188} INFO - [2026-03-15T14:57:05.455+0000] {dagbag.py:355} ERROR - Failed to import: /opt/airflow/dags/dbt.py
Traceback (most recent call last):
  File "/home/airflow/.local/lib/python3.12/site-packages/airflow/models/dagbag.py", line 351, in parse
    loader.exec_module(new_module)
  File "<frozen importlib._bootstrap_external>", line 995, in exec_module
  File "<frozen importlib._bootstrap>", line 488, in _call_with_frames_removed
  File "/opt/airflow/dags/dbt.py", line 2, in <module>
    from airflow.providers.standard.operators.bash import BashOperator
ModuleNotFoundError: No module named 'airflow.providers.standard'
[2026-03-15T14:57:05.457+0000] {processor.py:842} WARNING - No viable dags retrieved from /opt/airflow/dags/dbt.py
[2026-03-15T14:57:05.497+0000] {processor.py:183} INFO - Processing /opt/airflow/dags/dbt.py took 0.072 seconds
[2026-03-15T14:57:59.776+0000] {processor.py:161} INFO - Started process (PID=4036) to work on /opt/airflow/dags/dbt.py
[2026-03-15T14:57:59.780+0000] {processor.py:830} INFO - Processing file /opt/airflow/dags/dbt.py for tasks to queue
[2026-03-15T14:57:59.785+0000] {logging_mixin.py:188} INFO - [2026-03-15T14:57:59.784+0000] {dagbag.py:545} INFO - Filling up the DagBag from /opt/airflow/dags/dbt.py
[2026-03-15T14:57:59.793+0000] {logging_mixin.py:188} INFO - [2026-03-15T14:57:59.792+0000] {dagbag.py:355} ERROR - Failed to import: /opt/airflow/dags/dbt.py
Traceback (most recent call last):
  File "/home/airflow/.local/lib/python3.12/site-packages/airflow/models/dagbag.py", line 351, in parse
    loader.exec_module(new_module)
  File "<frozen importlib._bootstrap_external>", line 995, in exec_module
  File "<frozen importlib._bootstrap>", line 488, in _call_with_frames_removed
  File "/opt/airflow/dags/dbt.py", line 2, in <module>
    from airflow.providers.standard.operators.bash import BashOperator
ModuleNotFoundError: No module named 'airflow.providers.standard'
[2026-03-15T14:57:59.793+0000] {processor.py:842} WARNING - No viable dags retrieved from /opt/airflow/dags/dbt.py
[2026-03-15T14:57:59.823+0000] {processor.py:183} INFO - Processing /opt/airflow/dags/dbt.py took 0.066 seconds
[2026-03-15T14:59:50.633+0000] {processor.py:161} INFO - Started process (PID=4038) to work on /opt/airflow/dags/dbt.py
[2026-03-15T14:59:50.635+0000] {processor.py:830} INFO - Processing file /opt/airflow/dags/dbt.py for tasks to queue
[2026-03-15T14:59:50.640+0000] {logging_mixin.py:188} INFO - [2026-03-15T14:59:50.640+0000] {dagbag.py:545} INFO - Filling up the DagBag from /opt/airflow/dags/dbt.py
[2026-03-15T14:59:50.649+0000] {logging_mixin.py:188} INFO - [2026-03-15T14:59:50.645+0000] {dagbag.py:355} ERROR - Failed to import: /opt/airflow/dags/dbt.py
Traceback (most recent call last):
  File "/home/airflow/.local/lib/python3.12/site-packages/airflow/models/dagbag.py", line 351, in parse
    loader.exec_module(new_module)
  File "<frozen importlib._bootstrap_external>", line 995, in exec_module
  File "<frozen importlib._bootstrap>", line 488, in _call_with_frames_removed
  File "/opt/airflow/dags/dbt.py", line 2, in <module>
    from airflow.providers.standard.operators.bash import BashOperator
ModuleNotFoundError: No module named 'airflow.providers.standard'
[2026-03-15T14:59:50.649+0000] {processor.py:842} WARNING - No viable dags retrieved from /opt/airflow/dags/dbt.py
[2026-03-15T14:59:50.674+0000] {processor.py:183} INFO - Processing /opt/airflow/dags/dbt.py took 0.054 seconds
[2026-03-15T15:00:21.134+0000] {processor.py:161} INFO - Started process (PID=4040) to work on /opt/airflow/dags/dbt.py
[2026-03-15T15:00:21.136+0000] {processor.py:830} INFO - Processing file /opt/airflow/dags/dbt.py for tasks to queue
[2026-03-15T15:00:21.140+0000] {logging_mixin.py:188} INFO - [2026-03-15T15:00:21.139+0000] {dagbag.py:545} INFO - Filling up the DagBag from /opt/airflow/dags/dbt.py
[2026-03-15T15:00:21.147+0000] {logging_mixin.py:188} INFO - [2026-03-15T15:00:21.145+0000] {dagbag.py:355} ERROR - Failed to import: /opt/airflow/dags/dbt.py
Traceback (most recent call last):
  File "/home/airflow/.local/lib/python3.12/site-packages/airflow/models/dagbag.py", line 351, in parse
    loader.exec_module(new_module)
  File "<frozen importlib._bootstrap_external>", line 995, in exec_module
  File "<frozen importlib._bootstrap>", line 488, in _call_with_frames_removed
  File "/opt/airflow/dags/dbt.py", line 2, in <module>
    from airflow.providers.standard.operators.bash import BashOperator
ModuleNotFoundError: No module named 'airflow.providers.standard'
[2026-03-15T15:00:21.148+0000] {processor.py:842} WARNING - No viable dags retrieved from /opt/airflow/dags/dbt.py
[2026-03-15T15:00:21.177+0000] {processor.py:183} INFO - Processing /opt/airflow/dags/dbt.py took 0.064 seconds
[2026-03-15T15:16:21.934+0000] {processor.py:161} INFO - Started process (PID=4042) to work on /opt/airflow/dags/dbt.py
[2026-03-15T15:16:21.938+0000] {processor.py:830} INFO - Processing file /opt/airflow/dags/dbt.py for tasks to queue
[2026-03-15T15:16:21.942+0000] {logging_mixin.py:188} INFO - [2026-03-15T15:16:21.942+0000] {dagbag.py:545} INFO - Filling up the DagBag from /opt/airflow/dags/dbt.py
[2026-03-15T15:16:21.950+0000] {logging_mixin.py:188} INFO - [2026-03-15T15:16:21.948+0000] {dagbag.py:355} ERROR - Failed to import: /opt/airflow/dags/dbt.py
Traceback (most recent call last):
  File "/home/airflow/.local/lib/python3.12/site-packages/airflow/models/dagbag.py", line 351, in parse
    loader.exec_module(new_module)
  File "<frozen importlib._bootstrap_external>", line 995, in exec_module
  File "<frozen importlib._bootstrap>", line 488, in _call_with_frames_removed
  File "/opt/airflow/dags/dbt.py", line 2, in <module>
    from airflow.providers.standard.operators.bash import BashOperator
ModuleNotFoundError: No module named 'airflow.providers.standard'
[2026-03-15T15:16:21.951+0000] {processor.py:842} WARNING - No viable dags retrieved from /opt/airflow/dags/dbt.py
[2026-03-15T15:16:21.976+0000] {processor.py:183} INFO - Processing /opt/airflow/dags/dbt.py took 0.057 seconds
[2026-03-15T15:32:17.358+0000] {processor.py:161} INFO - Started process (PID=4044) to work on /opt/airflow/dags/dbt.py
[2026-03-15T15:32:17.359+0000] {processor.py:830} INFO - Processing file /opt/airflow/dags/dbt.py for tasks to queue
[2026-03-15T15:32:17.363+0000] {logging_mixin.py:188} INFO - [2026-03-15T15:32:17.363+0000] {dagbag.py:545} INFO - Filling up the DagBag from /opt/airflow/dags/dbt.py
[2026-03-15T15:32:17.373+0000] {logging_mixin.py:188} INFO - [2026-03-15T15:32:17.368+0000] {dagbag.py:355} ERROR - Failed to import: /opt/airflow/dags/dbt.py
Traceback (most recent call last):
  File "/home/airflow/.local/lib/python3.12/site-packages/airflow/models/dagbag.py", line 351, in parse
    loader.exec_module(new_module)
  File "<frozen importlib._bootstrap_external>", line 995, in exec_module
  File "<frozen importlib._bootstrap>", line 488, in _call_with_frames_removed
  File "/opt/airflow/dags/dbt.py", line 2, in <module>
    from airflow.providers.standard.operators.bash import BashOperator
ModuleNotFoundError: No module named 'airflow.providers.standard'
[2026-03-15T15:32:17.377+0000] {processor.py:842} WARNING - No viable dags retrieved from /opt/airflow/dags/dbt.py
[2026-03-15T15:32:17.396+0000] {processor.py:183} INFO - Processing /opt/airflow/dags/dbt.py took 0.050 seconds
[2026-03-15T15:32:47.924+0000] {processor.py:161} INFO - Started process (PID=4046) to work on /opt/airflow/dags/dbt.py
[2026-03-15T15:32:47.927+0000] {processor.py:830} INFO - Processing file /opt/airflow/dags/dbt.py for tasks to queue
[2026-03-15T15:32:47.933+0000] {logging_mixin.py:188} INFO - [2026-03-15T15:32:47.933+0000] {dagbag.py:545} INFO - Filling up the DagBag from /opt/airflow/dags/dbt.py
[2026-03-15T15:32:47.941+0000] {logging_mixin.py:188} INFO - [2026-03-15T15:32:47.939+0000] {dagbag.py:355} ERROR - Failed to import: /opt/airflow/dags/dbt.py
Traceback (most recent call last):
  File "/home/airflow/.local/lib/python3.12/site-packages/airflow/models/dagbag.py", line 351, in parse
    loader.exec_module(new_module)
  File "<frozen importlib._bootstrap_external>", line 995, in exec_module
  File "<frozen importlib._bootstrap>", line 488, in _call_with_frames_removed
  File "/opt/airflow/dags/dbt.py", line 2, in <module>
    from airflow.providers.standard.operators.bash import BashOperator
ModuleNotFoundError: No module named 'airflow.providers.standard'
[2026-03-15T15:32:47.942+0000] {processor.py:842} WARNING - No viable dags retrieved from /opt/airflow/dags/dbt.py
[2026-03-15T15:32:47.975+0000] {processor.py:183} INFO - Processing /opt/airflow/dags/dbt.py took 0.083 seconds
[2026-03-15T15:48:43.074+0000] {processor.py:161} INFO - Started process (PID=4048) to work on /opt/airflow/dags/dbt.py
[2026-03-15T15:48:43.076+0000] {processor.py:830} INFO - Processing file /opt/airflow/dags/dbt.py for tasks to queue
[2026-03-15T15:48:43.080+0000] {logging_mixin.py:188} INFO - [2026-03-15T15:48:43.079+0000] {dagbag.py:545} INFO - Filling up the DagBag from /opt/airflow/dags/dbt.py
[2026-03-15T15:48:43.091+0000] {logging_mixin.py:188} INFO - [2026-03-15T15:48:43.087+0000] {dagbag.py:355} ERROR - Failed to import: /opt/airflow/dags/dbt.py
Traceback (most recent call last):
  File "/home/airflow/.local/lib/python3.12/site-packages/airflow/models/dagbag.py", line 351, in parse
    loader.exec_module(new_module)
  File "<frozen importlib._bootstrap_external>", line 995, in exec_module
  File "<frozen importlib._bootstrap>", line 488, in _call_with_frames_removed
  File "/opt/airflow/dags/dbt.py", line 2, in <module>
    from airflow.providers.standard.operators.bash import BashOperator
ModuleNotFoundError: No module named 'airflow.providers.standard'
[2026-03-15T15:48:43.091+0000] {processor.py:842} WARNING - No viable dags retrieved from /opt/airflow/dags/dbt.py
[2026-03-15T15:48:43.114+0000] {processor.py:183} INFO - Processing /opt/airflow/dags/dbt.py took 0.060 seconds
[2026-03-15T15:49:13.539+0000] {processor.py:161} INFO - Started process (PID=4050) to work on /opt/airflow/dags/dbt.py
[2026-03-15T15:49:13.541+0000] {processor.py:830} INFO - Processing file /opt/airflow/dags/dbt.py for tasks to queue
[2026-03-15T15:49:13.545+0000] {logging_mixin.py:188} INFO - [2026-03-15T15:49:13.544+0000] {dagbag.py:545} INFO - Filling up the DagBag from /opt/airflow/dags/dbt.py
[2026-03-15T15:49:13.551+0000] {logging_mixin.py:188} INFO - [2026-03-15T15:49:13.550+0000] {dagbag.py:355} ERROR - Failed to import: /opt/airflow/dags/dbt.py
Traceback (most recent call last):
  File "/home/airflow/.local/lib/python3.12/site-packages/airflow/models/dagbag.py", line 351, in parse
    loader.exec_module(new_module)
  File "<frozen importlib._bootstrap_external>", line 995, in exec_module
  File "<frozen importlib._bootstrap>", line 488, in _call_with_frames_removed
  File "/opt/airflow/dags/dbt.py", line 2, in <module>
    from airflow.providers.standard.operators.bash import BashOperator
ModuleNotFoundError: No module named 'airflow.providers.standard'
[2026-03-15T15:49:13.552+0000] {processor.py:842} WARNING - No viable dags retrieved from /opt/airflow/dags/dbt.py
[2026-03-15T15:49:13.579+0000] {processor.py:183} INFO - Processing /opt/airflow/dags/dbt.py took 0.048 seconds
[2026-03-15T16:05:08.755+0000] {processor.py:161} INFO - Started process (PID=4052) to work on /opt/airflow/dags/dbt.py
[2026-03-15T16:05:08.757+0000] {processor.py:830} INFO - Processing file /opt/airflow/dags/dbt.py for tasks to queue
[2026-03-15T16:05:08.761+0000] {logging_mixin.py:188} INFO - [2026-03-15T16:05:08.760+0000] {dagbag.py:545} INFO - Filling up the DagBag from /opt/airflow/dags/dbt.py
[2026-03-15T16:05:08.768+0000] {logging_mixin.py:188} INFO - [2026-03-15T16:05:08.767+0000] {dagbag.py:355} ERROR - Failed to import: /opt/airflow/dags/dbt.py
Traceback (most recent call last):
  File "/home/airflow/.local/lib/python3.12/site-packages/airflow/models/dagbag.py", line 351, in parse
    loader.exec_module(new_module)
  File "<frozen importlib._bootstrap_external>", line 995, in exec_module
  File "<frozen importlib._bootstrap>", line 488, in _call_with_frames_removed
  File "/opt/airflow/dags/dbt.py", line 2, in <module>
    from airflow.providers.standard.operators.bash import BashOperator
ModuleNotFoundError: No module named 'airflow.providers.standard'
[2026-03-15T16:05:08.769+0000] {processor.py:842} WARNING - No viable dags retrieved from /opt/airflow/dags/dbt.py
[2026-03-15T16:05:08.797+0000] {processor.py:183} INFO - Processing /opt/airflow/dags/dbt.py took 0.058 seconds
[2026-03-15T16:21:03.157+0000] {processor.py:161} INFO - Started process (PID=4054) to work on /opt/airflow/dags/dbt.py
[2026-03-15T16:21:03.160+0000] {processor.py:830} INFO - Processing file /opt/airflow/dags/dbt.py for tasks to queue
[2026-03-15T16:21:03.164+0000] {logging_mixin.py:188} INFO - [2026-03-15T16:21:03.164+0000] {dagbag.py:545} INFO - Filling up the DagBag from /opt/airflow/dags/dbt.py
[2026-03-15T16:21:03.172+0000] {logging_mixin.py:188} INFO - [2026-03-15T16:21:03.168+0000] {dagbag.py:355} ERROR - Failed to import: /opt/airflow/dags/dbt.py
Traceback (most recent call last):
  File "/home/airflow/.local/lib/python3.12/site-packages/airflow/models/dagbag.py", line 351, in parse
    loader.exec_module(new_module)
  File "<frozen importlib._bootstrap_external>", line 995, in exec_module
  File "<frozen importlib._bootstrap>", line 488, in _call_with_frames_removed
  File "/opt/airflow/dags/dbt.py", line 2, in <module>
    from airflow.providers.standard.operators.bash import BashOperator
ModuleNotFoundError: No module named 'airflow.providers.standard'
[2026-03-15T16:21:03.173+0000] {processor.py:842} WARNING - No viable dags retrieved from /opt/airflow/dags/dbt.py
[2026-03-15T16:21:03.196+0000] {processor.py:183} INFO - Processing /opt/airflow/dags/dbt.py took 0.058 seconds
[2026-03-15T16:21:33.693+0000] {processor.py:161} INFO - Started process (PID=4056) to work on /opt/airflow/dags/dbt.py
[2026-03-15T16:21:33.695+0000] {processor.py:830} INFO - Processing file /opt/airflow/dags/dbt.py for tasks to queue
[2026-03-15T16:21:33.700+0000] {logging_mixin.py:188} INFO - [2026-03-15T16:21:33.700+0000] {dagbag.py:545} INFO - Filling up the DagBag from /opt/airflow/dags/dbt.py
[2026-03-15T16:21:33.715+0000] {logging_mixin.py:188} INFO - [2026-03-15T16:21:33.710+0000] {dagbag.py:355} ERROR - Failed to import: /opt/airflow/dags/dbt.py
Traceback (most recent call last):
  File "/home/airflow/.local/lib/python3.12/site-packages/airflow/models/dagbag.py", line 351, in parse
    loader.exec_module(new_module)
  File "<frozen importlib._bootstrap_external>", line 995, in exec_module
  File "<frozen importlib._bootstrap>", line 488, in _call_with_frames_removed
  File "/opt/airflow/dags/dbt.py", line 2, in <module>
    from airflow.providers.standard.operators.bash import BashOperator
ModuleNotFoundError: No module named 'airflow.providers.standard'
[2026-03-15T16:21:33.716+0000] {processor.py:842} WARNING - No viable dags retrieved from /opt/airflow/dags/dbt.py
[2026-03-15T16:21:33.750+0000] {processor.py:183} INFO - Processing /opt/airflow/dags/dbt.py took 0.079 seconds
[2026-03-15T16:37:28.827+0000] {processor.py:161} INFO - Started process (PID=4058) to work on /opt/airflow/dags/dbt.py
[2026-03-15T16:37:28.830+0000] {processor.py:830} INFO - Processing file /opt/airflow/dags/dbt.py for tasks to queue
[2026-03-15T16:37:28.834+0000] {logging_mixin.py:188} INFO - [2026-03-15T16:37:28.834+0000] {dagbag.py:545} INFO - Filling up the DagBag from /opt/airflow/dags/dbt.py
[2026-03-15T16:37:28.844+0000] {logging_mixin.py:188} INFO - [2026-03-15T16:37:28.842+0000] {dagbag.py:355} ERROR - Failed to import: /opt/airflow/dags/dbt.py
Traceback (most recent call last):
  File "/home/airflow/.local/lib/python3.12/site-packages/airflow/models/dagbag.py", line 351, in parse
    loader.exec_module(new_module)
  File "<frozen importlib._bootstrap_external>", line 995, in exec_module
  File "<frozen importlib._bootstrap>", line 488, in _call_with_frames_removed
  File "/opt/airflow/dags/dbt.py", line 2, in <module>
    from airflow.providers.standard.operators.bash import BashOperator
ModuleNotFoundError: No module named 'airflow.providers.standard'
[2026-03-15T16:37:28.847+0000] {processor.py:842} WARNING - No viable dags retrieved from /opt/airflow/dags/dbt.py
[2026-03-15T16:37:28.870+0000] {processor.py:183} INFO - Processing /opt/airflow/dags/dbt.py took 0.057 seconds
[2026-03-15T16:42:48.718+0000] {processor.py:161} INFO - Started process (PID=4060) to work on /opt/airflow/dags/dbt.py
[2026-03-15T16:42:48.720+0000] {processor.py:830} INFO - Processing file /opt/airflow/dags/dbt.py for tasks to queue
[2026-03-15T16:42:48.725+0000] {logging_mixin.py:188} INFO - [2026-03-15T16:42:48.724+0000] {dagbag.py:545} INFO - Filling up the DagBag from /opt/airflow/dags/dbt.py
[2026-03-15T16:42:48.733+0000] {logging_mixin.py:188} INFO - [2026-03-15T16:42:48.729+0000] {dagbag.py:355} ERROR - Failed to import: /opt/airflow/dags/dbt.py
Traceback (most recent call last):
  File "/home/airflow/.local/lib/python3.12/site-packages/airflow/models/dagbag.py", line 351, in parse
    loader.exec_module(new_module)
  File "<frozen importlib._bootstrap_external>", line 995, in exec_module
  File "<frozen importlib._bootstrap>", line 488, in _call_with_frames_removed
  File "/opt/airflow/dags/dbt.py", line 2, in <module>
    from airflow.providers.standard.operators.bash import BashOperator
ModuleNotFoundError: No module named 'airflow.providers.standard'
[2026-03-15T16:42:48.734+0000] {processor.py:842} WARNING - No viable dags retrieved from /opt/airflow/dags/dbt.py
[2026-03-15T16:42:48.767+0000] {processor.py:183} INFO - Processing /opt/airflow/dags/dbt.py took 0.069 seconds
[2026-03-15T16:43:19.214+0000] {processor.py:161} INFO - Started process (PID=4062) to work on /opt/airflow/dags/dbt.py
[2026-03-15T16:43:19.221+0000] {processor.py:830} INFO - Processing file /opt/airflow/dags/dbt.py for tasks to queue
[2026-03-15T16:43:19.228+0000] {logging_mixin.py:188} INFO - [2026-03-15T16:43:19.227+0000] {dagbag.py:545} INFO - Filling up the DagBag from /opt/airflow/dags/dbt.py
[2026-03-15T16:43:19.237+0000] {logging_mixin.py:188} INFO - [2026-03-15T16:43:19.233+0000] {dagbag.py:355} ERROR - Failed to import: /opt/airflow/dags/dbt.py
Traceback (most recent call last):
  File "/home/airflow/.local/lib/python3.12/site-packages/airflow/models/dagbag.py", line 351, in parse
    loader.exec_module(new_module)
  File "<frozen importlib._bootstrap_external>", line 995, in exec_module
  File "<frozen importlib._bootstrap>", line 488, in _call_with_frames_removed
  File "/opt/airflow/dags/dbt.py", line 2, in <module>
    from airflow.providers.standard.operators.bash import BashOperator
ModuleNotFoundError: No module named 'airflow.providers.standard'
[2026-03-15T16:43:19.237+0000] {processor.py:842} WARNING - No viable dags retrieved from /opt/airflow/dags/dbt.py
[2026-03-15T16:43:19.270+0000] {processor.py:183} INFO - Processing /opt/airflow/dags/dbt.py took 0.070 seconds
[2026-03-15T16:59:28.546+0000] {processor.py:161} INFO - Started process (PID=4064) to work on /opt/airflow/dags/dbt.py
[2026-03-15T16:59:28.547+0000] {processor.py:830} INFO - Processing file /opt/airflow/dags/dbt.py for tasks to queue
[2026-03-15T16:59:28.550+0000] {logging_mixin.py:188} INFO - [2026-03-15T16:59:28.550+0000] {dagbag.py:545} INFO - Filling up the DagBag from /opt/airflow/dags/dbt.py
[2026-03-15T16:59:28.558+0000] {logging_mixin.py:188} INFO - [2026-03-15T16:59:28.555+0000] {dagbag.py:355} ERROR - Failed to import: /opt/airflow/dags/dbt.py
Traceback (most recent call last):
  File "/home/airflow/.local/lib/python3.12/site-packages/airflow/models/dagbag.py", line 351, in parse
    loader.exec_module(new_module)
  File "<frozen importlib._bootstrap_external>", line 995, in exec_module
  File "<frozen importlib._bootstrap>", line 488, in _call_with_frames_removed
  File "/opt/airflow/dags/dbt.py", line 2, in <module>
    from airflow.providers.standard.operators.bash import BashOperator
ModuleNotFoundError: No module named 'airflow.providers.standard'
[2026-03-15T16:59:28.559+0000] {processor.py:842} WARNING - No viable dags retrieved from /opt/airflow/dags/dbt.py
[2026-03-15T16:59:28.587+0000] {processor.py:183} INFO - Processing /opt/airflow/dags/dbt.py took 0.055 seconds
[2026-03-15T16:59:59.035+0000] {processor.py:161} INFO - Started process (PID=4066) to work on /opt/airflow/dags/dbt.py
[2026-03-15T16:59:59.037+0000] {processor.py:830} INFO - Processing file /opt/airflow/dags/dbt.py for tasks to queue
[2026-03-15T16:59:59.044+0000] {logging_mixin.py:188} INFO - [2026-03-15T16:59:59.044+0000] {dagbag.py:545} INFO - Filling up the DagBag from /opt/airflow/dags/dbt.py
[2026-03-15T16:59:59.056+0000] {logging_mixin.py:188} INFO - [2026-03-15T16:59:59.050+0000] {dagbag.py:355} ERROR - Failed to import: /opt/airflow/dags/dbt.py
Traceback (most recent call last):
  File "/home/airflow/.local/lib/python3.12/site-packages/airflow/models/dagbag.py", line 351, in parse
    loader.exec_module(new_module)
  File "<frozen importlib._bootstrap_external>", line 995, in exec_module
  File "<frozen importlib._bootstrap>", line 488, in _call_with_frames_removed
  File "/opt/airflow/dags/dbt.py", line 2, in <module>
    from airflow.providers.standard.operators.bash import BashOperator
ModuleNotFoundError: No module named 'airflow.providers.standard'
[2026-03-15T16:59:59.057+0000] {processor.py:842} WARNING - No viable dags retrieved from /opt/airflow/dags/dbt.py
[2026-03-15T16:59:59.102+0000] {processor.py:183} INFO - Processing /opt/airflow/dags/dbt.py took 0.087 seconds
[2026-03-15T17:15:53.555+0000] {processor.py:161} INFO - Started process (PID=4068) to work on /opt/airflow/dags/dbt.py
[2026-03-15T17:15:53.556+0000] {processor.py:830} INFO - Processing file /opt/airflow/dags/dbt.py for tasks to queue
[2026-03-15T17:15:53.561+0000] {logging_mixin.py:188} INFO - [2026-03-15T17:15:53.561+0000] {dagbag.py:545} INFO - Filling up the DagBag from /opt/airflow/dags/dbt.py
[2026-03-15T17:15:53.569+0000] {logging_mixin.py:188} INFO - [2026-03-15T17:15:53.565+0000] {dagbag.py:355} ERROR - Failed to import: /opt/airflow/dags/dbt.py
Traceback (most recent call last):
  File "/home/airflow/.local/lib/python3.12/site-packages/airflow/models/dagbag.py", line 351, in parse
    loader.exec_module(new_module)
  File "<frozen importlib._bootstrap_external>", line 995, in exec_module
  File "<frozen importlib._bootstrap>", line 488, in _call_with_frames_removed
  File "/opt/airflow/dags/dbt.py", line 2, in <module>
    from airflow.providers.standard.operators.bash import BashOperator
ModuleNotFoundError: No module named 'airflow.providers.standard'
[2026-03-15T17:15:53.569+0000] {processor.py:842} WARNING - No viable dags retrieved from /opt/airflow/dags/dbt.py
[2026-03-15T17:15:53.592+0000] {processor.py:183} INFO - Processing /opt/airflow/dags/dbt.py took 0.054 seconds
[2026-03-15T17:31:48.048+0000] {processor.py:161} INFO - Started process (PID=4070) to work on /opt/airflow/dags/dbt.py
[2026-03-15T17:31:48.049+0000] {processor.py:830} INFO - Processing file /opt/airflow/dags/dbt.py for tasks to queue
[2026-03-15T17:31:48.054+0000] {logging_mixin.py:188} INFO - [2026-03-15T17:31:48.053+0000] {dagbag.py:545} INFO - Filling up the DagBag from /opt/airflow/dags/dbt.py
[2026-03-15T17:31:48.064+0000] {logging_mixin.py:188} INFO - [2026-03-15T17:31:48.062+0000] {dagbag.py:355} ERROR - Failed to import: /opt/airflow/dags/dbt.py
Traceback (most recent call last):
  File "/home/airflow/.local/lib/python3.12/site-packages/airflow/models/dagbag.py", line 351, in parse
    loader.exec_module(new_module)
  File "<frozen importlib._bootstrap_external>", line 995, in exec_module
  File "<frozen importlib._bootstrap>", line 488, in _call_with_frames_removed
  File "/opt/airflow/dags/dbt.py", line 2, in <module>
    from airflow.providers.standard.operators.bash import BashOperator
ModuleNotFoundError: No module named 'airflow.providers.standard'
[2026-03-15T17:31:48.065+0000] {processor.py:842} WARNING - No viable dags retrieved from /opt/airflow/dags/dbt.py
[2026-03-15T17:31:48.094+0000] {processor.py:183} INFO - Processing /opt/airflow/dags/dbt.py took 0.060 seconds
[2026-03-15T17:32:18.666+0000] {processor.py:161} INFO - Started process (PID=4072) to work on /opt/airflow/dags/dbt.py
[2026-03-15T17:32:18.668+0000] {processor.py:830} INFO - Processing file /opt/airflow/dags/dbt.py for tasks to queue
[2026-03-15T17:32:18.673+0000] {logging_mixin.py:188} INFO - [2026-03-15T17:32:18.672+0000] {dagbag.py:545} INFO - Filling up the DagBag from /opt/airflow/dags/dbt.py
[2026-03-15T17:32:18.681+0000] {logging_mixin.py:188} INFO - [2026-03-15T17:32:18.679+0000] {dagbag.py:355} ERROR - Failed to import: /opt/airflow/dags/dbt.py
Traceback (most recent call last):
  File "/home/airflow/.local/lib/python3.12/site-packages/airflow/models/dagbag.py", line 351, in parse
    loader.exec_module(new_module)
  File "<frozen importlib._bootstrap_external>", line 995, in exec_module
  File "<frozen importlib._bootstrap>", line 488, in _call_with_frames_removed
  File "/opt/airflow/dags/dbt.py", line 2, in <module>
    from airflow.providers.standard.operators.bash import BashOperator
ModuleNotFoundError: No module named 'airflow.providers.standard'
[2026-03-15T17:32:18.681+0000] {processor.py:842} WARNING - No viable dags retrieved from /opt/airflow/dags/dbt.py
[2026-03-15T17:32:18.723+0000] {processor.py:183} INFO - Processing /opt/airflow/dags/dbt.py took 0.080 seconds
[2026-03-15T17:44:05.035+0000] {processor.py:161} INFO - Started process (PID=4074) to work on /opt/airflow/dags/dbt.py
[2026-03-15T17:44:05.036+0000] {processor.py:830} INFO - Processing file /opt/airflow/dags/dbt.py for tasks to queue
[2026-03-15T17:44:05.044+0000] {logging_mixin.py:188} INFO - [2026-03-15T17:44:05.042+0000] {dagbag.py:545} INFO - Filling up the DagBag from /opt/airflow/dags/dbt.py
[2026-03-15T17:44:05.052+0000] {logging_mixin.py:188} INFO - [2026-03-15T17:44:05.050+0000] {dagbag.py:355} ERROR - Failed to import: /opt/airflow/dags/dbt.py
Traceback (most recent call last):
  File "/home/airflow/.local/lib/python3.12/site-packages/airflow/models/dagbag.py", line 351, in parse
    loader.exec_module(new_module)
  File "<frozen importlib._bootstrap_external>", line 995, in exec_module
  File "<frozen importlib._bootstrap>", line 488, in _call_with_frames_removed
  File "/opt/airflow/dags/dbt.py", line 2, in <module>
    from airflow.providers.standard.operators.bash import BashOperator
ModuleNotFoundError: No module named 'airflow.providers.standard'
[2026-03-15T17:44:05.052+0000] {processor.py:842} WARNING - No viable dags retrieved from /opt/airflow/dags/dbt.py
[2026-03-15T17:44:05.081+0000] {processor.py:183} INFO - Processing /opt/airflow/dags/dbt.py took 0.065 seconds
[2026-03-15T17:44:42.957+0000] {processor.py:161} INFO - Started process (PID=4076) to work on /opt/airflow/dags/dbt.py
[2026-03-15T17:44:42.959+0000] {processor.py:830} INFO - Processing file /opt/airflow/dags/dbt.py for tasks to queue
[2026-03-15T17:44:42.965+0000] {logging_mixin.py:188} INFO - [2026-03-15T17:44:42.965+0000] {dagbag.py:545} INFO - Filling up the DagBag from /opt/airflow/dags/dbt.py
[2026-03-15T17:44:42.978+0000] {logging_mixin.py:188} INFO - [2026-03-15T17:44:42.973+0000] {dagbag.py:355} ERROR - Failed to import: /opt/airflow/dags/dbt.py
Traceback (most recent call last):
  File "/home/airflow/.local/lib/python3.12/site-packages/airflow/models/dagbag.py", line 351, in parse
    loader.exec_module(new_module)
  File "<frozen importlib._bootstrap_external>", line 995, in exec_module
  File "<frozen importlib._bootstrap>", line 488, in _call_with_frames_removed
  File "/opt/airflow/dags/dbt.py", line 2, in <module>
    from airflow.providers.standard.operators.bash import BashOperator
ModuleNotFoundError: No module named 'airflow.providers.standard'
[2026-03-15T17:44:42.979+0000] {processor.py:842} WARNING - No viable dags retrieved from /opt/airflow/dags/dbt.py
[2026-03-15T17:44:43.020+0000] {processor.py:183} INFO - Processing /opt/airflow/dags/dbt.py took 0.083 seconds
[2026-03-15T17:45:13.446+0000] {processor.py:161} INFO - Started process (PID=4078) to work on /opt/airflow/dags/dbt.py
[2026-03-15T17:45:13.448+0000] {processor.py:830} INFO - Processing file /opt/airflow/dags/dbt.py for tasks to queue
[2026-03-15T17:45:13.459+0000] {logging_mixin.py:188} INFO - [2026-03-15T17:45:13.458+0000] {dagbag.py:545} INFO - Filling up the DagBag from /opt/airflow/dags/dbt.py
[2026-03-15T17:45:13.472+0000] {logging_mixin.py:188} INFO - [2026-03-15T17:45:13.467+0000] {dagbag.py:355} ERROR - Failed to import: /opt/airflow/dags/dbt.py
Traceback (most recent call last):
  File "/home/airflow/.local/lib/python3.12/site-packages/airflow/models/dagbag.py", line 351, in parse
    loader.exec_module(new_module)
  File "<frozen importlib._bootstrap_external>", line 995, in exec_module
  File "<frozen importlib._bootstrap>", line 488, in _call_with_frames_removed
  File "/opt/airflow/dags/dbt.py", line 2, in <module>
    from airflow.providers.standard.operators.bash import BashOperator
ModuleNotFoundError: No module named 'airflow.providers.standard'
[2026-03-15T17:45:13.472+0000] {processor.py:842} WARNING - No viable dags retrieved from /opt/airflow/dags/dbt.py
[2026-03-15T17:45:13.505+0000] {processor.py:183} INFO - Processing /opt/airflow/dags/dbt.py took 0.085 seconds
[2026-03-15T17:45:47.854+0000] {processor.py:161} INFO - Started process (PID=4080) to work on /opt/airflow/dags/dbt.py
[2026-03-15T17:45:47.856+0000] {processor.py:830} INFO - Processing file /opt/airflow/dags/dbt.py for tasks to queue
[2026-03-15T17:45:47.861+0000] {logging_mixin.py:188} INFO - [2026-03-15T17:45:47.860+0000] {dagbag.py:545} INFO - Filling up the DagBag from /opt/airflow/dags/dbt.py
[2026-03-15T17:45:47.869+0000] {logging_mixin.py:188} INFO - [2026-03-15T17:45:47.868+0000] {dagbag.py:355} ERROR - Failed to import: /opt/airflow/dags/dbt.py
Traceback (most recent call last):
  File "/home/airflow/.local/lib/python3.12/site-packages/airflow/models/dagbag.py", line 351, in parse
    loader.exec_module(new_module)
  File "<frozen importlib._bootstrap_external>", line 995, in exec_module
  File "<frozen importlib._bootstrap>", line 488, in _call_with_frames_removed
  File "/opt/airflow/dags/dbt.py", line 2, in <module>
    from airflow.providers.standard.operators.bash import BashOperator
ModuleNotFoundError: No module named 'airflow.providers.standard'
[2026-03-15T17:45:47.871+0000] {processor.py:842} WARNING - No viable dags retrieved from /opt/airflow/dags/dbt.py
[2026-03-15T17:45:47.906+0000] {processor.py:183} INFO - Processing /opt/airflow/dags/dbt.py took 0.076 seconds
[2026-03-15T17:46:23.445+0000] {processor.py:161} INFO - Started process (PID=4082) to work on /opt/airflow/dags/dbt.py
[2026-03-15T17:46:23.446+0000] {processor.py:830} INFO - Processing file /opt/airflow/dags/dbt.py for tasks to queue
[2026-03-15T17:46:23.450+0000] {logging_mixin.py:188} INFO - [2026-03-15T17:46:23.449+0000] {dagbag.py:545} INFO - Filling up the DagBag from /opt/airflow/dags/dbt.py
[2026-03-15T17:46:23.460+0000] {logging_mixin.py:188} INFO - [2026-03-15T17:46:23.457+0000] {dagbag.py:355} ERROR - Failed to import: /opt/airflow/dags/dbt.py
Traceback (most recent call last):
  File "/home/airflow/.local/lib/python3.12/site-packages/airflow/models/dagbag.py", line 351, in parse
    loader.exec_module(new_module)
  File "<frozen importlib._bootstrap_external>", line 995, in exec_module
  File "<frozen importlib._bootstrap>", line 488, in _call_with_frames_removed
  File "/opt/airflow/dags/dbt.py", line 2, in <module>
    from airflow.providers.standard.operators.bash import BashOperator
ModuleNotFoundError: No module named 'airflow.providers.standard'
[2026-03-15T17:46:23.461+0000] {processor.py:842} WARNING - No viable dags retrieved from /opt/airflow/dags/dbt.py
[2026-03-15T17:46:23.497+0000] {processor.py:183} INFO - Processing /opt/airflow/dags/dbt.py took 0.076 seconds
[2026-03-15T17:46:54.029+0000] {processor.py:161} INFO - Started process (PID=4084) to work on /opt/airflow/dags/dbt.py
[2026-03-15T17:46:54.030+0000] {processor.py:830} INFO - Processing file /opt/airflow/dags/dbt.py for tasks to queue
[2026-03-15T17:46:54.034+0000] {logging_mixin.py:188} INFO - [2026-03-15T17:46:54.034+0000] {dagbag.py:545} INFO - Filling up the DagBag from /opt/airflow/dags/dbt.py
[2026-03-15T17:46:54.046+0000] {logging_mixin.py:188} INFO - [2026-03-15T17:46:54.045+0000] {dagbag.py:355} ERROR - Failed to import: /opt/airflow/dags/dbt.py
Traceback (most recent call last):
  File "/home/airflow/.local/lib/python3.12/site-packages/airflow/models/dagbag.py", line 351, in parse
    loader.exec_module(new_module)
  File "<frozen importlib._bootstrap_external>", line 995, in exec_module
  File "<frozen importlib._bootstrap>", line 488, in _call_with_frames_removed
  File "/opt/airflow/dags/dbt.py", line 2, in <module>
    from airflow.providers.standard.operators.bash import BashOperator
ModuleNotFoundError: No module named 'airflow.providers.standard'
[2026-03-15T17:46:54.047+0000] {processor.py:842} WARNING - No viable dags retrieved from /opt/airflow/dags/dbt.py
[2026-03-15T17:46:54.086+0000] {processor.py:183} INFO - Processing /opt/airflow/dags/dbt.py took 0.079 seconds
[2026-03-15T18:02:37.202+0000] {processor.py:161} INFO - Started process (PID=4086) to work on /opt/airflow/dags/dbt.py
[2026-03-15T18:02:37.206+0000] {processor.py:830} INFO - Processing file /opt/airflow/dags/dbt.py for tasks to queue
[2026-03-15T18:02:37.220+0000] {logging_mixin.py:188} INFO - [2026-03-15T18:02:37.219+0000] {dagbag.py:545} INFO - Filling up the DagBag from /opt/airflow/dags/dbt.py
[2026-03-15T18:02:37.234+0000] {logging_mixin.py:188} INFO - [2026-03-15T18:02:37.232+0000] {dagbag.py:355} ERROR - Failed to import: /opt/airflow/dags/dbt.py
Traceback (most recent call last):
  File "/home/airflow/.local/lib/python3.12/site-packages/airflow/models/dagbag.py", line 351, in parse
    loader.exec_module(new_module)
  File "<frozen importlib._bootstrap_external>", line 995, in exec_module
  File "<frozen importlib._bootstrap>", line 488, in _call_with_frames_removed
  File "/opt/airflow/dags/dbt.py", line 2, in <module>
    from airflow.providers.standard.operators.bash import BashOperator
ModuleNotFoundError: No module named 'airflow.providers.standard'
[2026-03-15T18:02:37.235+0000] {processor.py:842} WARNING - No viable dags retrieved from /opt/airflow/dags/dbt.py
[2026-03-15T18:02:37.337+0000] {processor.py:183} INFO - Processing /opt/airflow/dags/dbt.py took 0.173 seconds
[2026-03-15T18:03:07.803+0000] {processor.py:161} INFO - Started process (PID=4088) to work on /opt/airflow/dags/dbt.py
[2026-03-15T18:03:07.808+0000] {processor.py:830} INFO - Processing file /opt/airflow/dags/dbt.py for tasks to queue
[2026-03-15T18:03:07.818+0000] {logging_mixin.py:188} INFO - [2026-03-15T18:03:07.817+0000] {dagbag.py:545} INFO - Filling up the DagBag from /opt/airflow/dags/dbt.py
[2026-03-15T18:03:07.825+0000] {logging_mixin.py:188} INFO - [2026-03-15T18:03:07.824+0000] {dagbag.py:355} ERROR - Failed to import: /opt/airflow/dags/dbt.py
Traceback (most recent call last):
  File "/home/airflow/.local/lib/python3.12/site-packages/airflow/models/dagbag.py", line 351, in parse
    loader.exec_module(new_module)
  File "<frozen importlib._bootstrap_external>", line 995, in exec_module
  File "<frozen importlib._bootstrap>", line 488, in _call_with_frames_removed
  File "/opt/airflow/dags/dbt.py", line 2, in <module>
    from airflow.providers.standard.operators.bash import BashOperator
ModuleNotFoundError: No module named 'airflow.providers.standard'
[2026-03-15T18:03:07.826+0000] {processor.py:842} WARNING - No viable dags retrieved from /opt/airflow/dags/dbt.py
[2026-03-15T18:03:07.869+0000] {processor.py:183} INFO - Processing /opt/airflow/dags/dbt.py took 0.083 seconds
[2026-03-15T18:03:38.327+0000] {processor.py:161} INFO - Started process (PID=4090) to work on /opt/airflow/dags/dbt.py
[2026-03-15T18:03:38.329+0000] {processor.py:830} INFO - Processing file /opt/airflow/dags/dbt.py for tasks to queue
[2026-03-15T18:03:38.334+0000] {logging_mixin.py:188} INFO - [2026-03-15T18:03:38.332+0000] {dagbag.py:545} INFO - Filling up the DagBag from /opt/airflow/dags/dbt.py
[2026-03-15T18:03:38.346+0000] {logging_mixin.py:188} INFO - [2026-03-15T18:03:38.344+0000] {dagbag.py:355} ERROR - Failed to import: /opt/airflow/dags/dbt.py
Traceback (most recent call last):
  File "/home/airflow/.local/lib/python3.12/site-packages/airflow/models/dagbag.py", line 351, in parse
    loader.exec_module(new_module)
  File "<frozen importlib._bootstrap_external>", line 995, in exec_module
  File "<frozen importlib._bootstrap>", line 488, in _call_with_frames_removed
  File "/opt/airflow/dags/dbt.py", line 2, in <module>
    from airflow.providers.standard.operators.bash import BashOperator
ModuleNotFoundError: No module named 'airflow.providers.standard'
[2026-03-15T18:03:38.346+0000] {processor.py:842} WARNING - No viable dags retrieved from /opt/airflow/dags/dbt.py
[2026-03-15T18:03:38.382+0000] {processor.py:183} INFO - Processing /opt/airflow/dags/dbt.py took 0.087 seconds
[2026-03-15T18:04:08.747+0000] {processor.py:161} INFO - Started process (PID=4092) to work on /opt/airflow/dags/dbt.py
[2026-03-15T18:04:08.751+0000] {processor.py:830} INFO - Processing file /opt/airflow/dags/dbt.py for tasks to queue
[2026-03-15T18:04:08.756+0000] {logging_mixin.py:188} INFO - [2026-03-15T18:04:08.756+0000] {dagbag.py:545} INFO - Filling up the DagBag from /opt/airflow/dags/dbt.py
[2026-03-15T18:04:08.766+0000] {logging_mixin.py:188} INFO - [2026-03-15T18:04:08.764+0000] {dagbag.py:355} ERROR - Failed to import: /opt/airflow/dags/dbt.py
Traceback (most recent call last):
  File "/home/airflow/.local/lib/python3.12/site-packages/airflow/models/dagbag.py", line 351, in parse
    loader.exec_module(new_module)
  File "<frozen importlib._bootstrap_external>", line 995, in exec_module
  File "<frozen importlib._bootstrap>", line 488, in _call_with_frames_removed
  File "/opt/airflow/dags/dbt.py", line 2, in <module>
    from airflow.providers.standard.operators.bash import BashOperator
ModuleNotFoundError: No module named 'airflow.providers.standard'
[2026-03-15T18:04:08.768+0000] {processor.py:842} WARNING - No viable dags retrieved from /opt/airflow/dags/dbt.py
[2026-03-15T18:04:08.797+0000] {processor.py:183} INFO - Processing /opt/airflow/dags/dbt.py took 0.065 seconds
[2026-03-15T18:04:39.304+0000] {processor.py:161} INFO - Started process (PID=4094) to work on /opt/airflow/dags/dbt.py
[2026-03-15T18:04:39.306+0000] {processor.py:830} INFO - Processing file /opt/airflow/dags/dbt.py for tasks to queue
[2026-03-15T18:04:39.314+0000] {logging_mixin.py:188} INFO - [2026-03-15T18:04:39.313+0000] {dagbag.py:545} INFO - Filling up the DagBag from /opt/airflow/dags/dbt.py
[2026-03-15T18:04:39.325+0000] {logging_mixin.py:188} INFO - [2026-03-15T18:04:39.322+0000] {dagbag.py:355} ERROR - Failed to import: /opt/airflow/dags/dbt.py
Traceback (most recent call last):
  File "/home/airflow/.local/lib/python3.12/site-packages/airflow/models/dagbag.py", line 351, in parse
    loader.exec_module(new_module)
  File "<frozen importlib._bootstrap_external>", line 995, in exec_module
  File "<frozen importlib._bootstrap>", line 488, in _call_with_frames_removed
  File "/opt/airflow/dags/dbt.py", line 2, in <module>
    from airflow.providers.standard.operators.bash import BashOperator
ModuleNotFoundError: No module named 'airflow.providers.standard'
[2026-03-15T18:04:39.326+0000] {processor.py:842} WARNING - No viable dags retrieved from /opt/airflow/dags/dbt.py
[2026-03-15T18:04:39.358+0000] {processor.py:183} INFO - Processing /opt/airflow/dags/dbt.py took 0.078 seconds
[2026-03-15T18:05:09.720+0000] {processor.py:161} INFO - Started process (PID=4096) to work on /opt/airflow/dags/dbt.py
[2026-03-15T18:05:09.721+0000] {processor.py:830} INFO - Processing file /opt/airflow/dags/dbt.py for tasks to queue
[2026-03-15T18:05:09.725+0000] {logging_mixin.py:188} INFO - [2026-03-15T18:05:09.724+0000] {dagbag.py:545} INFO - Filling up the DagBag from /opt/airflow/dags/dbt.py
[2026-03-15T18:05:09.733+0000] {logging_mixin.py:188} INFO - [2026-03-15T18:05:09.730+0000] {dagbag.py:355} ERROR - Failed to import: /opt/airflow/dags/dbt.py
Traceback (most recent call last):
  File "/home/airflow/.local/lib/python3.12/site-packages/airflow/models/dagbag.py", line 351, in parse
    loader.exec_module(new_module)
  File "<frozen importlib._bootstrap_external>", line 995, in exec_module
  File "<frozen importlib._bootstrap>", line 488, in _call_with_frames_removed
  File "/opt/airflow/dags/dbt.py", line 2, in <module>
    from airflow.providers.standard.operators.bash import BashOperator
ModuleNotFoundError: No module named 'airflow.providers.standard'
[2026-03-15T18:05:09.733+0000] {processor.py:842} WARNING - No viable dags retrieved from /opt/airflow/dags/dbt.py
[2026-03-15T18:05:09.755+0000] {processor.py:183} INFO - Processing /opt/airflow/dags/dbt.py took 0.047 seconds
[2026-03-15T18:05:40.114+0000] {processor.py:161} INFO - Started process (PID=4098) to work on /opt/airflow/dags/dbt.py
[2026-03-15T18:05:40.116+0000] {processor.py:830} INFO - Processing file /opt/airflow/dags/dbt.py for tasks to queue
[2026-03-15T18:05:40.120+0000] {logging_mixin.py:188} INFO - [2026-03-15T18:05:40.119+0000] {dagbag.py:545} INFO - Filling up the DagBag from /opt/airflow/dags/dbt.py
[2026-03-15T18:05:40.128+0000] {logging_mixin.py:188} INFO - [2026-03-15T18:05:40.126+0000] {dagbag.py:355} ERROR - Failed to import: /opt/airflow/dags/dbt.py
Traceback (most recent call last):
  File "/home/airflow/.local/lib/python3.12/site-packages/airflow/models/dagbag.py", line 351, in parse
    loader.exec_module(new_module)
  File "<frozen importlib._bootstrap_external>", line 995, in exec_module
  File "<frozen importlib._bootstrap>", line 488, in _call_with_frames_removed
  File "/opt/airflow/dags/dbt.py", line 2, in <module>
    from airflow.providers.standard.operators.bash import BashOperator
ModuleNotFoundError: No module named 'airflow.providers.standard'
[2026-03-15T18:05:40.129+0000] {processor.py:842} WARNING - No viable dags retrieved from /opt/airflow/dags/dbt.py
[2026-03-15T18:05:40.152+0000] {processor.py:183} INFO - Processing /opt/airflow/dags/dbt.py took 0.051 seconds
[2026-03-15T18:06:10.601+0000] {processor.py:161} INFO - Started process (PID=4100) to work on /opt/airflow/dags/dbt.py
[2026-03-15T18:06:10.605+0000] {processor.py:830} INFO - Processing file /opt/airflow/dags/dbt.py for tasks to queue
[2026-03-15T18:06:10.610+0000] {logging_mixin.py:188} INFO - [2026-03-15T18:06:10.610+0000] {dagbag.py:545} INFO - Filling up the DagBag from /opt/airflow/dags/dbt.py
[2026-03-15T18:06:10.624+0000] {logging_mixin.py:188} INFO - [2026-03-15T18:06:10.618+0000] {dagbag.py:355} ERROR - Failed to import: /opt/airflow/dags/dbt.py
Traceback (most recent call last):
  File "/home/airflow/.local/lib/python3.12/site-packages/airflow/models/dagbag.py", line 351, in parse
    loader.exec_module(new_module)
  File "<frozen importlib._bootstrap_external>", line 995, in exec_module
  File "<frozen importlib._bootstrap>", line 488, in _call_with_frames_removed
  File "/opt/airflow/dags/dbt.py", line 2, in <module>
    from airflow.providers.standard.operators.bash import BashOperator
ModuleNotFoundError: No module named 'airflow.providers.standard'
[2026-03-15T18:06:10.626+0000] {processor.py:842} WARNING - No viable dags retrieved from /opt/airflow/dags/dbt.py
[2026-03-15T18:06:10.661+0000] {processor.py:183} INFO - Processing /opt/airflow/dags/dbt.py took 0.091 seconds
[2026-03-15T18:06:41.067+0000] {processor.py:161} INFO - Started process (PID=4102) to work on /opt/airflow/dags/dbt.py
[2026-03-15T18:06:41.068+0000] {processor.py:830} INFO - Processing file /opt/airflow/dags/dbt.py for tasks to queue
[2026-03-15T18:06:41.077+0000] {logging_mixin.py:188} INFO - [2026-03-15T18:06:41.076+0000] {dagbag.py:545} INFO - Filling up the DagBag from /opt/airflow/dags/dbt.py
[2026-03-15T18:06:41.086+0000] {logging_mixin.py:188} INFO - [2026-03-15T18:06:41.084+0000] {dagbag.py:355} ERROR - Failed to import: /opt/airflow/dags/dbt.py
Traceback (most recent call last):
  File "/home/airflow/.local/lib/python3.12/site-packages/airflow/models/dagbag.py", line 351, in parse
    loader.exec_module(new_module)
  File "<frozen importlib._bootstrap_external>", line 995, in exec_module
  File "<frozen importlib._bootstrap>", line 488, in _call_with_frames_removed
  File "/opt/airflow/dags/dbt.py", line 2, in <module>
    from airflow.providers.standard.operators.bash import BashOperator
ModuleNotFoundError: No module named 'airflow.providers.standard'
[2026-03-15T18:06:41.086+0000] {processor.py:842} WARNING - No viable dags retrieved from /opt/airflow/dags/dbt.py
[2026-03-15T18:06:41.116+0000] {processor.py:183} INFO - Processing /opt/airflow/dags/dbt.py took 0.072 seconds
[2026-03-15T18:07:11.473+0000] {processor.py:161} INFO - Started process (PID=4104) to work on /opt/airflow/dags/dbt.py
[2026-03-15T18:07:11.475+0000] {processor.py:830} INFO - Processing file /opt/airflow/dags/dbt.py for tasks to queue
[2026-03-15T18:07:11.477+0000] {logging_mixin.py:188} INFO - [2026-03-15T18:07:11.477+0000] {dagbag.py:545} INFO - Filling up the DagBag from /opt/airflow/dags/dbt.py
[2026-03-15T18:07:11.485+0000] {logging_mixin.py:188} INFO - [2026-03-15T18:07:11.481+0000] {dagbag.py:355} ERROR - Failed to import: /opt/airflow/dags/dbt.py
Traceback (most recent call last):
  File "/home/airflow/.local/lib/python3.12/site-packages/airflow/models/dagbag.py", line 351, in parse
    loader.exec_module(new_module)
  File "<frozen importlib._bootstrap_external>", line 995, in exec_module
  File "<frozen importlib._bootstrap>", line 488, in _call_with_frames_removed
  File "/opt/airflow/dags/dbt.py", line 2, in <module>
    from airflow.providers.standard.operators.bash import BashOperator
ModuleNotFoundError: No module named 'airflow.providers.standard'
[2026-03-15T18:07:11.486+0000] {processor.py:842} WARNING - No viable dags retrieved from /opt/airflow/dags/dbt.py
[2026-03-15T18:07:11.506+0000] {processor.py:183} INFO - Processing /opt/airflow/dags/dbt.py took 0.043 seconds
[2026-03-15T18:07:41.955+0000] {processor.py:161} INFO - Started process (PID=4106) to work on /opt/airflow/dags/dbt.py
[2026-03-15T18:07:41.958+0000] {processor.py:830} INFO - Processing file /opt/airflow/dags/dbt.py for tasks to queue
[2026-03-15T18:07:41.963+0000] {logging_mixin.py:188} INFO - [2026-03-15T18:07:41.963+0000] {dagbag.py:545} INFO - Filling up the DagBag from /opt/airflow/dags/dbt.py
[2026-03-15T18:07:41.973+0000] {logging_mixin.py:188} INFO - [2026-03-15T18:07:41.970+0000] {dagbag.py:355} ERROR - Failed to import: /opt/airflow/dags/dbt.py
Traceback (most recent call last):
  File "/home/airflow/.local/lib/python3.12/site-packages/airflow/models/dagbag.py", line 351, in parse
    loader.exec_module(new_module)
  File "<frozen importlib._bootstrap_external>", line 995, in exec_module
  File "<frozen importlib._bootstrap>", line 488, in _call_with_frames_removed
  File "/opt/airflow/dags/dbt.py", line 2, in <module>
    from airflow.providers.standard.operators.bash import BashOperator
ModuleNotFoundError: No module named 'airflow.providers.standard'
[2026-03-15T18:07:41.974+0000] {processor.py:842} WARNING - No viable dags retrieved from /opt/airflow/dags/dbt.py
[2026-03-15T18:07:42.004+0000] {processor.py:183} INFO - Processing /opt/airflow/dags/dbt.py took 0.073 seconds
[2026-03-15T18:08:12.482+0000] {processor.py:161} INFO - Started process (PID=4108) to work on /opt/airflow/dags/dbt.py
[2026-03-15T18:08:12.487+0000] {processor.py:830} INFO - Processing file /opt/airflow/dags/dbt.py for tasks to queue
[2026-03-15T18:08:12.491+0000] {logging_mixin.py:188} INFO - [2026-03-15T18:08:12.490+0000] {dagbag.py:545} INFO - Filling up the DagBag from /opt/airflow/dags/dbt.py
[2026-03-15T18:08:12.500+0000] {logging_mixin.py:188} INFO - [2026-03-15T18:08:12.499+0000] {dagbag.py:355} ERROR - Failed to import: /opt/airflow/dags/dbt.py
Traceback (most recent call last):
  File "/home/airflow/.local/lib/python3.12/site-packages/airflow/models/dagbag.py", line 351, in parse
    loader.exec_module(new_module)
  File "<frozen importlib._bootstrap_external>", line 995, in exec_module
  File "<frozen importlib._bootstrap>", line 488, in _call_with_frames_removed
  File "/opt/airflow/dags/dbt.py", line 2, in <module>
    from airflow.providers.standard.operators.bash import BashOperator
ModuleNotFoundError: No module named 'airflow.providers.standard'
[2026-03-15T18:08:12.500+0000] {processor.py:842} WARNING - No viable dags retrieved from /opt/airflow/dags/dbt.py
[2026-03-15T18:08:12.539+0000] {processor.py:183} INFO - Processing /opt/airflow/dags/dbt.py took 0.096 seconds
[2026-03-15T18:08:43.009+0000] {processor.py:161} INFO - Started process (PID=4110) to work on /opt/airflow/dags/dbt.py
[2026-03-15T18:08:43.011+0000] {processor.py:830} INFO - Processing file /opt/airflow/dags/dbt.py for tasks to queue
[2026-03-15T18:08:43.018+0000] {logging_mixin.py:188} INFO - [2026-03-15T18:08:43.017+0000] {dagbag.py:545} INFO - Filling up the DagBag from /opt/airflow/dags/dbt.py
[2026-03-15T18:08:43.024+0000] {logging_mixin.py:188} INFO - [2026-03-15T18:08:43.022+0000] {dagbag.py:355} ERROR - Failed to import: /opt/airflow/dags/dbt.py
Traceback (most recent call last):
  File "/home/airflow/.local/lib/python3.12/site-packages/airflow/models/dagbag.py", line 351, in parse
    loader.exec_module(new_module)
  File "<frozen importlib._bootstrap_external>", line 995, in exec_module
  File "<frozen importlib._bootstrap>", line 488, in _call_with_frames_removed
  File "/opt/airflow/dags/dbt.py", line 2, in <module>
    from airflow.providers.standard.operators.bash import BashOperator
ModuleNotFoundError: No module named 'airflow.providers.standard'
[2026-03-15T18:08:43.024+0000] {processor.py:842} WARNING - No viable dags retrieved from /opt/airflow/dags/dbt.py
[2026-03-15T18:08:43.057+0000] {processor.py:183} INFO - Processing /opt/airflow/dags/dbt.py took 0.099 seconds
[2026-03-15T18:09:13.457+0000] {processor.py:161} INFO - Started process (PID=4112) to work on /opt/airflow/dags/dbt.py
[2026-03-15T18:09:13.458+0000] {processor.py:830} INFO - Processing file /opt/airflow/dags/dbt.py for tasks to queue
[2026-03-15T18:09:13.463+0000] {logging_mixin.py:188} INFO - [2026-03-15T18:09:13.463+0000] {dagbag.py:545} INFO - Filling up the DagBag from /opt/airflow/dags/dbt.py
[2026-03-15T18:09:13.473+0000] {logging_mixin.py:188} INFO - [2026-03-15T18:09:13.470+0000] {dagbag.py:355} ERROR - Failed to import: /opt/airflow/dags/dbt.py
Traceback (most recent call last):
  File "/home/airflow/.local/lib/python3.12/site-packages/airflow/models/dagbag.py", line 351, in parse
    loader.exec_module(new_module)
  File "<frozen importlib._bootstrap_external>", line 995, in exec_module
  File "<frozen importlib._bootstrap>", line 488, in _call_with_frames_removed
  File "/opt/airflow/dags/dbt.py", line 2, in <module>
    from airflow.providers.standard.operators.bash import BashOperator
ModuleNotFoundError: No module named 'airflow.providers.standard'
[2026-03-15T18:09:13.475+0000] {processor.py:842} WARNING - No viable dags retrieved from /opt/airflow/dags/dbt.py
[2026-03-15T18:09:13.508+0000] {processor.py:183} INFO - Processing /opt/airflow/dags/dbt.py took 0.067 seconds
[2026-03-15T18:09:43.915+0000] {processor.py:161} INFO - Started process (PID=4114) to work on /opt/airflow/dags/dbt.py
[2026-03-15T18:09:43.918+0000] {processor.py:830} INFO - Processing file /opt/airflow/dags/dbt.py for tasks to queue
[2026-03-15T18:09:43.923+0000] {logging_mixin.py:188} INFO - [2026-03-15T18:09:43.922+0000] {dagbag.py:545} INFO - Filling up the DagBag from /opt/airflow/dags/dbt.py
[2026-03-15T18:09:43.936+0000] {logging_mixin.py:188} INFO - [2026-03-15T18:09:43.933+0000] {dagbag.py:355} ERROR - Failed to import: /opt/airflow/dags/dbt.py
Traceback (most recent call last):
  File "/home/airflow/.local/lib/python3.12/site-packages/airflow/models/dagbag.py", line 351, in parse
    loader.exec_module(new_module)
  File "<frozen importlib._bootstrap_external>", line 995, in exec_module
  File "<frozen importlib._bootstrap>", line 488, in _call_with_frames_removed
  File "/opt/airflow/dags/dbt.py", line 2, in <module>
    from airflow.providers.standard.operators.bash import BashOperator
ModuleNotFoundError: No module named 'airflow.providers.standard'
[2026-03-15T18:09:43.938+0000] {processor.py:842} WARNING - No viable dags retrieved from /opt/airflow/dags/dbt.py
[2026-03-15T18:09:43.964+0000] {processor.py:183} INFO - Processing /opt/airflow/dags/dbt.py took 0.073 seconds
[2026-03-15T18:10:14.333+0000] {processor.py:161} INFO - Started process (PID=4116) to work on /opt/airflow/dags/dbt.py
[2026-03-15T18:10:14.335+0000] {processor.py:830} INFO - Processing file /opt/airflow/dags/dbt.py for tasks to queue
[2026-03-15T18:10:14.339+0000] {logging_mixin.py:188} INFO - [2026-03-15T18:10:14.338+0000] {dagbag.py:545} INFO - Filling up the DagBag from /opt/airflow/dags/dbt.py
[2026-03-15T18:10:14.347+0000] {logging_mixin.py:188} INFO - [2026-03-15T18:10:14.344+0000] {dagbag.py:355} ERROR - Failed to import: /opt/airflow/dags/dbt.py
Traceback (most recent call last):
  File "/home/airflow/.local/lib/python3.12/site-packages/airflow/models/dagbag.py", line 351, in parse
    loader.exec_module(new_module)
  File "<frozen importlib._bootstrap_external>", line 995, in exec_module
  File "<frozen importlib._bootstrap>", line 488, in _call_with_frames_removed
  File "/opt/airflow/dags/dbt.py", line 2, in <module>
    from airflow.providers.standard.operators.bash import BashOperator
ModuleNotFoundError: No module named 'airflow.providers.standard'
[2026-03-15T18:10:14.348+0000] {processor.py:842} WARNING - No viable dags retrieved from /opt/airflow/dags/dbt.py
[2026-03-15T18:10:14.373+0000] {processor.py:183} INFO - Processing /opt/airflow/dags/dbt.py took 0.054 seconds
[2026-03-15T18:10:44.796+0000] {processor.py:161} INFO - Started process (PID=4118) to work on /opt/airflow/dags/dbt.py
[2026-03-15T18:10:44.798+0000] {processor.py:830} INFO - Processing file /opt/airflow/dags/dbt.py for tasks to queue
[2026-03-15T18:10:44.805+0000] {logging_mixin.py:188} INFO - [2026-03-15T18:10:44.804+0000] {dagbag.py:545} INFO - Filling up the DagBag from /opt/airflow/dags/dbt.py
[2026-03-15T18:10:44.814+0000] {logging_mixin.py:188} INFO - [2026-03-15T18:10:44.810+0000] {dagbag.py:355} ERROR - Failed to import: /opt/airflow/dags/dbt.py
Traceback (most recent call last):
  File "/home/airflow/.local/lib/python3.12/site-packages/airflow/models/dagbag.py", line 351, in parse
    loader.exec_module(new_module)
  File "<frozen importlib._bootstrap_external>", line 995, in exec_module
  File "<frozen importlib._bootstrap>", line 488, in _call_with_frames_removed
  File "/opt/airflow/dags/dbt.py", line 2, in <module>
    from airflow.providers.standard.operators.bash import BashOperator
ModuleNotFoundError: No module named 'airflow.providers.standard'
[2026-03-15T18:10:44.814+0000] {processor.py:842} WARNING - No viable dags retrieved from /opt/airflow/dags/dbt.py
[2026-03-15T18:10:44.839+0000] {processor.py:183} INFO - Processing /opt/airflow/dags/dbt.py took 0.057 seconds
[2026-03-15T18:11:15.251+0000] {processor.py:161} INFO - Started process (PID=4120) to work on /opt/airflow/dags/dbt.py
[2026-03-15T18:11:15.252+0000] {processor.py:830} INFO - Processing file /opt/airflow/dags/dbt.py for tasks to queue
[2026-03-15T18:11:15.257+0000] {logging_mixin.py:188} INFO - [2026-03-15T18:11:15.256+0000] {dagbag.py:545} INFO - Filling up the DagBag from /opt/airflow/dags/dbt.py
[2026-03-15T18:11:15.263+0000] {logging_mixin.py:188} INFO - [2026-03-15T18:11:15.261+0000] {dagbag.py:355} ERROR - Failed to import: /opt/airflow/dags/dbt.py
Traceback (most recent call last):
  File "/home/airflow/.local/lib/python3.12/site-packages/airflow/models/dagbag.py", line 351, in parse
    loader.exec_module(new_module)
  File "<frozen importlib._bootstrap_external>", line 995, in exec_module
  File "<frozen importlib._bootstrap>", line 488, in _call_with_frames_removed
  File "/opt/airflow/dags/dbt.py", line 2, in <module>
    from airflow.providers.standard.operators.bash import BashOperator
ModuleNotFoundError: No module named 'airflow.providers.standard'
[2026-03-15T18:11:15.264+0000] {processor.py:842} WARNING - No viable dags retrieved from /opt/airflow/dags/dbt.py
[2026-03-15T18:11:15.293+0000] {processor.py:183} INFO - Processing /opt/airflow/dags/dbt.py took 0.068 seconds
[2026-03-15T18:11:45.699+0000] {processor.py:161} INFO - Started process (PID=4122) to work on /opt/airflow/dags/dbt.py
[2026-03-15T18:11:45.702+0000] {processor.py:830} INFO - Processing file /opt/airflow/dags/dbt.py for tasks to queue
[2026-03-15T18:11:45.708+0000] {logging_mixin.py:188} INFO - [2026-03-15T18:11:45.707+0000] {dagbag.py:545} INFO - Filling up the DagBag from /opt/airflow/dags/dbt.py
[2026-03-15T18:11:45.718+0000] {logging_mixin.py:188} INFO - [2026-03-15T18:11:45.712+0000] {dagbag.py:355} ERROR - Failed to import: /opt/airflow/dags/dbt.py
Traceback (most recent call last):
  File "/home/airflow/.local/lib/python3.12/site-packages/airflow/models/dagbag.py", line 351, in parse
    loader.exec_module(new_module)
  File "<frozen importlib._bootstrap_external>", line 995, in exec_module
  File "<frozen importlib._bootstrap>", line 488, in _call_with_frames_removed
  File "/opt/airflow/dags/dbt.py", line 2, in <module>
    from airflow.providers.standard.operators.bash import BashOperator
ModuleNotFoundError: No module named 'airflow.providers.standard'
[2026-03-15T18:11:45.719+0000] {processor.py:842} WARNING - No viable dags retrieved from /opt/airflow/dags/dbt.py
[2026-03-15T18:11:45.752+0000] {processor.py:183} INFO - Processing /opt/airflow/dags/dbt.py took 0.072 seconds
[2026-03-15T18:12:16.180+0000] {processor.py:161} INFO - Started process (PID=4124) to work on /opt/airflow/dags/dbt.py
[2026-03-15T18:12:16.182+0000] {processor.py:830} INFO - Processing file /opt/airflow/dags/dbt.py for tasks to queue
[2026-03-15T18:12:16.191+0000] {logging_mixin.py:188} INFO - [2026-03-15T18:12:16.190+0000] {dagbag.py:545} INFO - Filling up the DagBag from /opt/airflow/dags/dbt.py
[2026-03-15T18:12:16.199+0000] {logging_mixin.py:188} INFO - [2026-03-15T18:12:16.196+0000] {dagbag.py:355} ERROR - Failed to import: /opt/airflow/dags/dbt.py
Traceback (most recent call last):
  File "/home/airflow/.local/lib/python3.12/site-packages/airflow/models/dagbag.py", line 351, in parse
    loader.exec_module(new_module)
  File "<frozen importlib._bootstrap_external>", line 995, in exec_module
  File "<frozen importlib._bootstrap>", line 488, in _call_with_frames_removed
  File "/opt/airflow/dags/dbt.py", line 2, in <module>
    from airflow.providers.standard.operators.bash import BashOperator
ModuleNotFoundError: No module named 'airflow.providers.standard'
[2026-03-15T18:12:16.200+0000] {processor.py:842} WARNING - No viable dags retrieved from /opt/airflow/dags/dbt.py
[2026-03-15T18:12:16.235+0000] {processor.py:183} INFO - Processing /opt/airflow/dags/dbt.py took 0.077 seconds
[2026-03-15T18:12:46.728+0000] {processor.py:161} INFO - Started process (PID=4126) to work on /opt/airflow/dags/dbt.py
[2026-03-15T18:12:46.729+0000] {processor.py:830} INFO - Processing file /opt/airflow/dags/dbt.py for tasks to queue
[2026-03-15T18:12:46.734+0000] {logging_mixin.py:188} INFO - [2026-03-15T18:12:46.733+0000] {dagbag.py:545} INFO - Filling up the DagBag from /opt/airflow/dags/dbt.py
[2026-03-15T18:12:46.742+0000] {logging_mixin.py:188} INFO - [2026-03-15T18:12:46.739+0000] {dagbag.py:355} ERROR - Failed to import: /opt/airflow/dags/dbt.py
Traceback (most recent call last):
  File "/home/airflow/.local/lib/python3.12/site-packages/airflow/models/dagbag.py", line 351, in parse
    loader.exec_module(new_module)
  File "<frozen importlib._bootstrap_external>", line 995, in exec_module
  File "<frozen importlib._bootstrap>", line 488, in _call_with_frames_removed
  File "/opt/airflow/dags/dbt.py", line 2, in <module>
    from airflow.providers.standard.operators.bash import BashOperator
ModuleNotFoundError: No module named 'airflow.providers.standard'
[2026-03-15T18:12:46.743+0000] {processor.py:842} WARNING - No viable dags retrieved from /opt/airflow/dags/dbt.py
[2026-03-15T18:12:46.771+0000] {processor.py:183} INFO - Processing /opt/airflow/dags/dbt.py took 0.070 seconds
[2026-03-15T18:13:17.193+0000] {processor.py:161} INFO - Started process (PID=4128) to work on /opt/airflow/dags/dbt.py
[2026-03-15T18:13:17.195+0000] {processor.py:830} INFO - Processing file /opt/airflow/dags/dbt.py for tasks to queue
[2026-03-15T18:13:17.199+0000] {logging_mixin.py:188} INFO - [2026-03-15T18:13:17.199+0000] {dagbag.py:545} INFO - Filling up the DagBag from /opt/airflow/dags/dbt.py
[2026-03-15T18:13:17.207+0000] {logging_mixin.py:188} INFO - [2026-03-15T18:13:17.205+0000] {dagbag.py:355} ERROR - Failed to import: /opt/airflow/dags/dbt.py
Traceback (most recent call last):
  File "/home/airflow/.local/lib/python3.12/site-packages/airflow/models/dagbag.py", line 351, in parse
    loader.exec_module(new_module)
  File "<frozen importlib._bootstrap_external>", line 995, in exec_module
  File "<frozen importlib._bootstrap>", line 488, in _call_with_frames_removed
  File "/opt/airflow/dags/dbt.py", line 2, in <module>
    from airflow.providers.standard.operators.bash import BashOperator
ModuleNotFoundError: No module named 'airflow.providers.standard'
[2026-03-15T18:13:17.207+0000] {processor.py:842} WARNING - No viable dags retrieved from /opt/airflow/dags/dbt.py
[2026-03-15T18:13:17.234+0000] {processor.py:183} INFO - Processing /opt/airflow/dags/dbt.py took 0.056 seconds
[2026-03-15T18:13:47.692+0000] {processor.py:161} INFO - Started process (PID=4130) to work on /opt/airflow/dags/dbt.py
[2026-03-15T18:13:47.694+0000] {processor.py:830} INFO - Processing file /opt/airflow/dags/dbt.py for tasks to queue
[2026-03-15T18:13:47.698+0000] {logging_mixin.py:188} INFO - [2026-03-15T18:13:47.697+0000] {dagbag.py:545} INFO - Filling up the DagBag from /opt/airflow/dags/dbt.py
[2026-03-15T18:13:47.709+0000] {logging_mixin.py:188} INFO - [2026-03-15T18:13:47.706+0000] {dagbag.py:355} ERROR - Failed to import: /opt/airflow/dags/dbt.py
Traceback (most recent call last):
  File "/home/airflow/.local/lib/python3.12/site-packages/airflow/models/dagbag.py", line 351, in parse
    loader.exec_module(new_module)
  File "<frozen importlib._bootstrap_external>", line 995, in exec_module
  File "<frozen importlib._bootstrap>", line 488, in _call_with_frames_removed
  File "/opt/airflow/dags/dbt.py", line 2, in <module>
    from airflow.providers.standard.operators.bash import BashOperator
ModuleNotFoundError: No module named 'airflow.providers.standard'
[2026-03-15T18:13:47.710+0000] {processor.py:842} WARNING - No viable dags retrieved from /opt/airflow/dags/dbt.py
[2026-03-15T18:13:47.746+0000] {processor.py:183} INFO - Processing /opt/airflow/dags/dbt.py took 0.075 seconds
[2026-03-15T18:14:18.132+0000] {processor.py:161} INFO - Started process (PID=4132) to work on /opt/airflow/dags/dbt.py
[2026-03-15T18:14:18.134+0000] {processor.py:830} INFO - Processing file /opt/airflow/dags/dbt.py for tasks to queue
[2026-03-15T18:14:18.138+0000] {logging_mixin.py:188} INFO - [2026-03-15T18:14:18.137+0000] {dagbag.py:545} INFO - Filling up the DagBag from /opt/airflow/dags/dbt.py
[2026-03-15T18:14:18.147+0000] {logging_mixin.py:188} INFO - [2026-03-15T18:14:18.145+0000] {dagbag.py:355} ERROR - Failed to import: /opt/airflow/dags/dbt.py
Traceback (most recent call last):
  File "/home/airflow/.local/lib/python3.12/site-packages/airflow/models/dagbag.py", line 351, in parse
    loader.exec_module(new_module)
  File "<frozen importlib._bootstrap_external>", line 995, in exec_module
  File "<frozen importlib._bootstrap>", line 488, in _call_with_frames_removed
  File "/opt/airflow/dags/dbt.py", line 2, in <module>
    from airflow.providers.standard.operators.bash import BashOperator
ModuleNotFoundError: No module named 'airflow.providers.standard'
[2026-03-15T18:14:18.148+0000] {processor.py:842} WARNING - No viable dags retrieved from /opt/airflow/dags/dbt.py
[2026-03-15T18:14:18.174+0000] {processor.py:183} INFO - Processing /opt/airflow/dags/dbt.py took 0.062 seconds
[2026-03-15T18:14:48.598+0000] {processor.py:161} INFO - Started process (PID=4134) to work on /opt/airflow/dags/dbt.py
[2026-03-15T18:14:48.600+0000] {processor.py:830} INFO - Processing file /opt/airflow/dags/dbt.py for tasks to queue
[2026-03-15T18:14:48.607+0000] {logging_mixin.py:188} INFO - [2026-03-15T18:14:48.606+0000] {dagbag.py:545} INFO - Filling up the DagBag from /opt/airflow/dags/dbt.py
[2026-03-15T18:14:48.613+0000] {logging_mixin.py:188} INFO - [2026-03-15T18:14:48.612+0000] {dagbag.py:355} ERROR - Failed to import: /opt/airflow/dags/dbt.py
Traceback (most recent call last):
  File "/home/airflow/.local/lib/python3.12/site-packages/airflow/models/dagbag.py", line 351, in parse
    loader.exec_module(new_module)
  File "<frozen importlib._bootstrap_external>", line 995, in exec_module
  File "<frozen importlib._bootstrap>", line 488, in _call_with_frames_removed
  File "/opt/airflow/dags/dbt.py", line 2, in <module>
    from airflow.providers.standard.operators.bash import BashOperator
ModuleNotFoundError: No module named 'airflow.providers.standard'
[2026-03-15T18:14:48.614+0000] {processor.py:842} WARNING - No viable dags retrieved from /opt/airflow/dags/dbt.py
[2026-03-15T18:14:48.650+0000] {processor.py:183} INFO - Processing /opt/airflow/dags/dbt.py took 0.064 seconds
[2026-03-15T18:15:18.992+0000] {processor.py:161} INFO - Started process (PID=4136) to work on /opt/airflow/dags/dbt.py
[2026-03-15T18:15:18.994+0000] {processor.py:830} INFO - Processing file /opt/airflow/dags/dbt.py for tasks to queue
[2026-03-15T18:15:18.998+0000] {logging_mixin.py:188} INFO - [2026-03-15T18:15:18.997+0000] {dagbag.py:545} INFO - Filling up the DagBag from /opt/airflow/dags/dbt.py
[2026-03-15T18:15:19.003+0000] {logging_mixin.py:188} INFO - [2026-03-15T18:15:19.002+0000] {dagbag.py:355} ERROR - Failed to import: /opt/airflow/dags/dbt.py
Traceback (most recent call last):
  File "/home/airflow/.local/lib/python3.12/site-packages/airflow/models/dagbag.py", line 351, in parse
    loader.exec_module(new_module)
  File "<frozen importlib._bootstrap_external>", line 995, in exec_module
  File "<frozen importlib._bootstrap>", line 488, in _call_with_frames_removed
  File "/opt/airflow/dags/dbt.py", line 2, in <module>
    from airflow.providers.standard.operators.bash import BashOperator
ModuleNotFoundError: No module named 'airflow.providers.standard'
[2026-03-15T18:15:19.005+0000] {processor.py:842} WARNING - No viable dags retrieved from /opt/airflow/dags/dbt.py
[2026-03-15T18:15:19.034+0000] {processor.py:183} INFO - Processing /opt/airflow/dags/dbt.py took 0.049 seconds
[2026-03-15T18:15:49.492+0000] {processor.py:161} INFO - Started process (PID=4138) to work on /opt/airflow/dags/dbt.py
[2026-03-15T18:15:49.496+0000] {processor.py:830} INFO - Processing file /opt/airflow/dags/dbt.py for tasks to queue
[2026-03-15T18:15:49.504+0000] {logging_mixin.py:188} INFO - [2026-03-15T18:15:49.504+0000] {dagbag.py:545} INFO - Filling up the DagBag from /opt/airflow/dags/dbt.py
[2026-03-15T18:15:49.511+0000] {logging_mixin.py:188} INFO - [2026-03-15T18:15:49.509+0000] {dagbag.py:355} ERROR - Failed to import: /opt/airflow/dags/dbt.py
Traceback (most recent call last):
  File "/home/airflow/.local/lib/python3.12/site-packages/airflow/models/dagbag.py", line 351, in parse
    loader.exec_module(new_module)
  File "<frozen importlib._bootstrap_external>", line 995, in exec_module
  File "<frozen importlib._bootstrap>", line 488, in _call_with_frames_removed
  File "/opt/airflow/dags/dbt.py", line 2, in <module>
    from airflow.providers.standard.operators.bash import BashOperator
ModuleNotFoundError: No module named 'airflow.providers.standard'
[2026-03-15T18:15:49.515+0000] {processor.py:842} WARNING - No viable dags retrieved from /opt/airflow/dags/dbt.py
[2026-03-15T18:15:49.541+0000] {processor.py:183} INFO - Processing /opt/airflow/dags/dbt.py took 0.069 seconds
[2026-03-15T18:16:19.920+0000] {processor.py:161} INFO - Started process (PID=4140) to work on /opt/airflow/dags/dbt.py
[2026-03-15T18:16:19.922+0000] {processor.py:830} INFO - Processing file /opt/airflow/dags/dbt.py for tasks to queue
[2026-03-15T18:16:19.927+0000] {logging_mixin.py:188} INFO - [2026-03-15T18:16:19.927+0000] {dagbag.py:545} INFO - Filling up the DagBag from /opt/airflow/dags/dbt.py
[2026-03-15T18:16:19.934+0000] {logging_mixin.py:188} INFO - [2026-03-15T18:16:19.932+0000] {dagbag.py:355} ERROR - Failed to import: /opt/airflow/dags/dbt.py
Traceback (most recent call last):
  File "/home/airflow/.local/lib/python3.12/site-packages/airflow/models/dagbag.py", line 351, in parse
    loader.exec_module(new_module)
  File "<frozen importlib._bootstrap_external>", line 995, in exec_module
  File "<frozen importlib._bootstrap>", line 488, in _call_with_frames_removed
  File "/opt/airflow/dags/dbt.py", line 2, in <module>
    from airflow.providers.standard.operators.bash import BashOperator
ModuleNotFoundError: No module named 'airflow.providers.standard'
[2026-03-15T18:16:19.935+0000] {processor.py:842} WARNING - No viable dags retrieved from /opt/airflow/dags/dbt.py
[2026-03-15T18:16:19.964+0000] {processor.py:183} INFO - Processing /opt/airflow/dags/dbt.py took 0.062 seconds
[2026-03-15T18:16:50.402+0000] {processor.py:161} INFO - Started process (PID=4142) to work on /opt/airflow/dags/dbt.py
[2026-03-15T18:16:50.403+0000] {processor.py:830} INFO - Processing file /opt/airflow/dags/dbt.py for tasks to queue
[2026-03-15T18:16:50.410+0000] {logging_mixin.py:188} INFO - [2026-03-15T18:16:50.409+0000] {dagbag.py:545} INFO - Filling up the DagBag from /opt/airflow/dags/dbt.py
[2026-03-15T18:16:50.420+0000] {logging_mixin.py:188} INFO - [2026-03-15T18:16:50.415+0000] {dagbag.py:355} ERROR - Failed to import: /opt/airflow/dags/dbt.py
Traceback (most recent call last):
  File "/home/airflow/.local/lib/python3.12/site-packages/airflow/models/dagbag.py", line 351, in parse
    loader.exec_module(new_module)
  File "<frozen importlib._bootstrap_external>", line 995, in exec_module
  File "<frozen importlib._bootstrap>", line 488, in _call_with_frames_removed
  File "/opt/airflow/dags/dbt.py", line 2, in <module>
    from airflow.providers.standard.operators.bash import BashOperator
ModuleNotFoundError: No module named 'airflow.providers.standard'
[2026-03-15T18:16:50.421+0000] {processor.py:842} WARNING - No viable dags retrieved from /opt/airflow/dags/dbt.py
[2026-03-15T18:16:50.463+0000] {processor.py:183} INFO - Processing /opt/airflow/dags/dbt.py took 0.079 seconds
[2026-03-15T18:17:20.858+0000] {processor.py:161} INFO - Started process (PID=4144) to work on /opt/airflow/dags/dbt.py
[2026-03-15T18:17:20.860+0000] {processor.py:830} INFO - Processing file /opt/airflow/dags/dbt.py for tasks to queue
[2026-03-15T18:17:20.873+0000] {logging_mixin.py:188} INFO - [2026-03-15T18:17:20.872+0000] {dagbag.py:545} INFO - Filling up the DagBag from /opt/airflow/dags/dbt.py
[2026-03-15T18:17:20.882+0000] {logging_mixin.py:188} INFO - [2026-03-15T18:17:20.881+0000] {dagbag.py:355} ERROR - Failed to import: /opt/airflow/dags/dbt.py
Traceback (most recent call last):
  File "/home/airflow/.local/lib/python3.12/site-packages/airflow/models/dagbag.py", line 351, in parse
    loader.exec_module(new_module)
  File "<frozen importlib._bootstrap_external>", line 995, in exec_module
  File "<frozen importlib._bootstrap>", line 488, in _call_with_frames_removed
  File "/opt/airflow/dags/dbt.py", line 2, in <module>
    from airflow.providers.standard.operators.bash import BashOperator
ModuleNotFoundError: No module named 'airflow.providers.standard'
[2026-03-15T18:17:20.883+0000] {processor.py:842} WARNING - No viable dags retrieved from /opt/airflow/dags/dbt.py
[2026-03-15T18:17:20.923+0000] {processor.py:183} INFO - Processing /opt/airflow/dags/dbt.py took 0.081 seconds
[2026-03-15T18:17:51.413+0000] {processor.py:161} INFO - Started process (PID=4146) to work on /opt/airflow/dags/dbt.py
[2026-03-15T18:17:51.414+0000] {processor.py:830} INFO - Processing file /opt/airflow/dags/dbt.py for tasks to queue
[2026-03-15T18:17:51.421+0000] {logging_mixin.py:188} INFO - [2026-03-15T18:17:51.421+0000] {dagbag.py:545} INFO - Filling up the DagBag from /opt/airflow/dags/dbt.py
[2026-03-15T18:17:51.428+0000] {logging_mixin.py:188} INFO - [2026-03-15T18:17:51.426+0000] {dagbag.py:355} ERROR - Failed to import: /opt/airflow/dags/dbt.py
Traceback (most recent call last):
  File "/home/airflow/.local/lib/python3.12/site-packages/airflow/models/dagbag.py", line 351, in parse
    loader.exec_module(new_module)
  File "<frozen importlib._bootstrap_external>", line 995, in exec_module
  File "<frozen importlib._bootstrap>", line 488, in _call_with_frames_removed
  File "/opt/airflow/dags/dbt.py", line 2, in <module>
    from airflow.providers.standard.operators.bash import BashOperator
ModuleNotFoundError: No module named 'airflow.providers.standard'
[2026-03-15T18:17:51.431+0000] {processor.py:842} WARNING - No viable dags retrieved from /opt/airflow/dags/dbt.py
[2026-03-15T18:17:51.464+0000] {processor.py:183} INFO - Processing /opt/airflow/dags/dbt.py took 0.068 seconds
[2026-03-15T18:18:21.894+0000] {processor.py:161} INFO - Started process (PID=4148) to work on /opt/airflow/dags/dbt.py
[2026-03-15T18:18:21.895+0000] {processor.py:830} INFO - Processing file /opt/airflow/dags/dbt.py for tasks to queue
[2026-03-15T18:18:21.909+0000] {logging_mixin.py:188} INFO - [2026-03-15T18:18:21.907+0000] {dagbag.py:545} INFO - Filling up the DagBag from /opt/airflow/dags/dbt.py
[2026-03-15T18:18:21.915+0000] {logging_mixin.py:188} INFO - [2026-03-15T18:18:21.913+0000] {dagbag.py:355} ERROR - Failed to import: /opt/airflow/dags/dbt.py
Traceback (most recent call last):
  File "/home/airflow/.local/lib/python3.12/site-packages/airflow/models/dagbag.py", line 351, in parse
    loader.exec_module(new_module)
  File "<frozen importlib._bootstrap_external>", line 995, in exec_module
  File "<frozen importlib._bootstrap>", line 488, in _call_with_frames_removed
  File "/opt/airflow/dags/dbt.py", line 2, in <module>
    from airflow.providers.standard.operators.bash import BashOperator
ModuleNotFoundError: No module named 'airflow.providers.standard'
[2026-03-15T18:18:21.915+0000] {processor.py:842} WARNING - No viable dags retrieved from /opt/airflow/dags/dbt.py
[2026-03-15T18:18:21.950+0000] {processor.py:183} INFO - Processing /opt/airflow/dags/dbt.py took 0.074 seconds
[2026-03-15T18:18:52.416+0000] {processor.py:161} INFO - Started process (PID=4150) to work on /opt/airflow/dags/dbt.py
[2026-03-15T18:18:52.420+0000] {processor.py:830} INFO - Processing file /opt/airflow/dags/dbt.py for tasks to queue
[2026-03-15T18:18:52.427+0000] {logging_mixin.py:188} INFO - [2026-03-15T18:18:52.426+0000] {dagbag.py:545} INFO - Filling up the DagBag from /opt/airflow/dags/dbt.py
[2026-03-15T18:18:52.434+0000] {logging_mixin.py:188} INFO - [2026-03-15T18:18:52.432+0000] {dagbag.py:355} ERROR - Failed to import: /opt/airflow/dags/dbt.py
Traceback (most recent call last):
  File "/home/airflow/.local/lib/python3.12/site-packages/airflow/models/dagbag.py", line 351, in parse
    loader.exec_module(new_module)
  File "<frozen importlib._bootstrap_external>", line 995, in exec_module
  File "<frozen importlib._bootstrap>", line 488, in _call_with_frames_removed
  File "/opt/airflow/dags/dbt.py", line 2, in <module>
    from airflow.providers.standard.operators.bash import BashOperator
ModuleNotFoundError: No module named 'airflow.providers.standard'
[2026-03-15T18:18:52.434+0000] {processor.py:842} WARNING - No viable dags retrieved from /opt/airflow/dags/dbt.py
[2026-03-15T18:18:52.473+0000] {processor.py:183} INFO - Processing /opt/airflow/dags/dbt.py took 0.081 seconds
[2026-03-15T18:19:22.902+0000] {processor.py:161} INFO - Started process (PID=4152) to work on /opt/airflow/dags/dbt.py
[2026-03-15T18:19:22.905+0000] {processor.py:830} INFO - Processing file /opt/airflow/dags/dbt.py for tasks to queue
[2026-03-15T18:19:22.911+0000] {logging_mixin.py:188} INFO - [2026-03-15T18:19:22.910+0000] {dagbag.py:545} INFO - Filling up the DagBag from /opt/airflow/dags/dbt.py
[2026-03-15T18:19:22.928+0000] {logging_mixin.py:188} INFO - [2026-03-15T18:19:22.923+0000] {dagbag.py:355} ERROR - Failed to import: /opt/airflow/dags/dbt.py
Traceback (most recent call last):
  File "/home/airflow/.local/lib/python3.12/site-packages/airflow/models/dagbag.py", line 351, in parse
    loader.exec_module(new_module)
  File "<frozen importlib._bootstrap_external>", line 995, in exec_module
  File "<frozen importlib._bootstrap>", line 488, in _call_with_frames_removed
  File "/opt/airflow/dags/dbt.py", line 2, in <module>
    from airflow.providers.standard.operators.bash import BashOperator
ModuleNotFoundError: No module named 'airflow.providers.standard'
[2026-03-15T18:19:22.929+0000] {processor.py:842} WARNING - No viable dags retrieved from /opt/airflow/dags/dbt.py
[2026-03-15T18:19:22.962+0000] {processor.py:183} INFO - Processing /opt/airflow/dags/dbt.py took 0.091 seconds
[2026-03-15T18:19:53.424+0000] {processor.py:161} INFO - Started process (PID=4154) to work on /opt/airflow/dags/dbt.py
[2026-03-15T18:19:53.425+0000] {processor.py:830} INFO - Processing file /opt/airflow/dags/dbt.py for tasks to queue
[2026-03-15T18:19:53.430+0000] {logging_mixin.py:188} INFO - [2026-03-15T18:19:53.429+0000] {dagbag.py:545} INFO - Filling up the DagBag from /opt/airflow/dags/dbt.py
[2026-03-15T18:19:53.439+0000] {logging_mixin.py:188} INFO - [2026-03-15T18:19:53.436+0000] {dagbag.py:355} ERROR - Failed to import: /opt/airflow/dags/dbt.py
Traceback (most recent call last):
  File "/home/airflow/.local/lib/python3.12/site-packages/airflow/models/dagbag.py", line 351, in parse
    loader.exec_module(new_module)
  File "<frozen importlib._bootstrap_external>", line 995, in exec_module
  File "<frozen importlib._bootstrap>", line 488, in _call_with_frames_removed
  File "/opt/airflow/dags/dbt.py", line 2, in <module>
    from airflow.providers.standard.operators.bash import BashOperator
ModuleNotFoundError: No module named 'airflow.providers.standard'
[2026-03-15T18:19:53.440+0000] {processor.py:842} WARNING - No viable dags retrieved from /opt/airflow/dags/dbt.py
[2026-03-15T18:19:53.482+0000] {processor.py:183} INFO - Processing /opt/airflow/dags/dbt.py took 0.076 seconds
[2026-03-15T18:20:23.855+0000] {processor.py:161} INFO - Started process (PID=4156) to work on /opt/airflow/dags/dbt.py
[2026-03-15T18:20:23.858+0000] {processor.py:830} INFO - Processing file /opt/airflow/dags/dbt.py for tasks to queue
[2026-03-15T18:20:23.866+0000] {logging_mixin.py:188} INFO - [2026-03-15T18:20:23.865+0000] {dagbag.py:545} INFO - Filling up the DagBag from /opt/airflow/dags/dbt.py
[2026-03-15T18:20:23.874+0000] {logging_mixin.py:188} INFO - [2026-03-15T18:20:23.872+0000] {dagbag.py:355} ERROR - Failed to import: /opt/airflow/dags/dbt.py
Traceback (most recent call last):
  File "/home/airflow/.local/lib/python3.12/site-packages/airflow/models/dagbag.py", line 351, in parse
    loader.exec_module(new_module)
  File "<frozen importlib._bootstrap_external>", line 995, in exec_module
  File "<frozen importlib._bootstrap>", line 488, in _call_with_frames_removed
  File "/opt/airflow/dags/dbt.py", line 2, in <module>
    from airflow.providers.standard.operators.bash import BashOperator
ModuleNotFoundError: No module named 'airflow.providers.standard'
[2026-03-15T18:20:23.875+0000] {processor.py:842} WARNING - No viable dags retrieved from /opt/airflow/dags/dbt.py
[2026-03-15T18:20:23.910+0000] {processor.py:183} INFO - Processing /opt/airflow/dags/dbt.py took 0.072 seconds
[2026-03-15T18:20:54.352+0000] {processor.py:161} INFO - Started process (PID=4158) to work on /opt/airflow/dags/dbt.py
[2026-03-15T18:20:54.354+0000] {processor.py:830} INFO - Processing file /opt/airflow/dags/dbt.py for tasks to queue
[2026-03-15T18:20:54.360+0000] {logging_mixin.py:188} INFO - [2026-03-15T18:20:54.359+0000] {dagbag.py:545} INFO - Filling up the DagBag from /opt/airflow/dags/dbt.py
[2026-03-15T18:20:54.370+0000] {logging_mixin.py:188} INFO - [2026-03-15T18:20:54.365+0000] {dagbag.py:355} ERROR - Failed to import: /opt/airflow/dags/dbt.py
Traceback (most recent call last):
  File "/home/airflow/.local/lib/python3.12/site-packages/airflow/models/dagbag.py", line 351, in parse
    loader.exec_module(new_module)
  File "<frozen importlib._bootstrap_external>", line 995, in exec_module
  File "<frozen importlib._bootstrap>", line 488, in _call_with_frames_removed
  File "/opt/airflow/dags/dbt.py", line 2, in <module>
    from airflow.providers.standard.operators.bash import BashOperator
ModuleNotFoundError: No module named 'airflow.providers.standard'
[2026-03-15T18:20:54.371+0000] {processor.py:842} WARNING - No viable dags retrieved from /opt/airflow/dags/dbt.py
[2026-03-15T18:20:54.407+0000] {processor.py:183} INFO - Processing /opt/airflow/dags/dbt.py took 0.079 seconds
[2026-03-15T18:21:24.792+0000] {processor.py:161} INFO - Started process (PID=4160) to work on /opt/airflow/dags/dbt.py
[2026-03-15T18:21:24.793+0000] {processor.py:830} INFO - Processing file /opt/airflow/dags/dbt.py for tasks to queue
[2026-03-15T18:21:24.797+0000] {logging_mixin.py:188} INFO - [2026-03-15T18:21:24.797+0000] {dagbag.py:545} INFO - Filling up the DagBag from /opt/airflow/dags/dbt.py
[2026-03-15T18:21:24.807+0000] {logging_mixin.py:188} INFO - [2026-03-15T18:21:24.804+0000] {dagbag.py:355} ERROR - Failed to import: /opt/airflow/dags/dbt.py
Traceback (most recent call last):
  File "/home/airflow/.local/lib/python3.12/site-packages/airflow/models/dagbag.py", line 351, in parse
    loader.exec_module(new_module)
  File "<frozen importlib._bootstrap_external>", line 995, in exec_module
  File "<frozen importlib._bootstrap>", line 488, in _call_with_frames_removed
  File "/opt/airflow/dags/dbt.py", line 2, in <module>
    from airflow.providers.standard.operators.bash import BashOperator
ModuleNotFoundError: No module named 'airflow.providers.standard'
[2026-03-15T18:21:24.807+0000] {processor.py:842} WARNING - No viable dags retrieved from /opt/airflow/dags/dbt.py
[2026-03-15T18:21:24.833+0000] {processor.py:183} INFO - Processing /opt/airflow/dags/dbt.py took 0.059 seconds
[2026-03-15T18:21:55.301+0000] {processor.py:161} INFO - Started process (PID=4162) to work on /opt/airflow/dags/dbt.py
[2026-03-15T18:21:55.305+0000] {processor.py:830} INFO - Processing file /opt/airflow/dags/dbt.py for tasks to queue
[2026-03-15T18:21:55.308+0000] {logging_mixin.py:188} INFO - [2026-03-15T18:21:55.308+0000] {dagbag.py:545} INFO - Filling up the DagBag from /opt/airflow/dags/dbt.py
[2026-03-15T18:21:55.314+0000] {logging_mixin.py:188} INFO - [2026-03-15T18:21:55.313+0000] {dagbag.py:355} ERROR - Failed to import: /opt/airflow/dags/dbt.py
Traceback (most recent call last):
  File "/home/airflow/.local/lib/python3.12/site-packages/airflow/models/dagbag.py", line 351, in parse
    loader.exec_module(new_module)
  File "<frozen importlib._bootstrap_external>", line 995, in exec_module
  File "<frozen importlib._bootstrap>", line 488, in _call_with_frames_removed
  File "/opt/airflow/dags/dbt.py", line 2, in <module>
    from airflow.providers.standard.operators.bash import BashOperator
ModuleNotFoundError: No module named 'airflow.providers.standard'
[2026-03-15T18:21:55.316+0000] {processor.py:842} WARNING - No viable dags retrieved from /opt/airflow/dags/dbt.py
[2026-03-15T18:21:55.352+0000] {processor.py:183} INFO - Processing /opt/airflow/dags/dbt.py took 0.072 seconds
[2026-03-15T18:22:25.689+0000] {processor.py:161} INFO - Started process (PID=4164) to work on /opt/airflow/dags/dbt.py
[2026-03-15T18:22:25.691+0000] {processor.py:830} INFO - Processing file /opt/airflow/dags/dbt.py for tasks to queue
[2026-03-15T18:22:25.695+0000] {logging_mixin.py:188} INFO - [2026-03-15T18:22:25.694+0000] {dagbag.py:545} INFO - Filling up the DagBag from /opt/airflow/dags/dbt.py
[2026-03-15T18:22:25.709+0000] {logging_mixin.py:188} INFO - [2026-03-15T18:22:25.704+0000] {dagbag.py:355} ERROR - Failed to import: /opt/airflow/dags/dbt.py
Traceback (most recent call last):
  File "/home/airflow/.local/lib/python3.12/site-packages/airflow/models/dagbag.py", line 351, in parse
    loader.exec_module(new_module)
  File "<frozen importlib._bootstrap_external>", line 995, in exec_module
  File "<frozen importlib._bootstrap>", line 488, in _call_with_frames_removed
  File "/opt/airflow/dags/dbt.py", line 2, in <module>
    from airflow.providers.standard.operators.bash import BashOperator
ModuleNotFoundError: No module named 'airflow.providers.standard'
[2026-03-15T18:22:25.709+0000] {processor.py:842} WARNING - No viable dags retrieved from /opt/airflow/dags/dbt.py
[2026-03-15T18:22:25.733+0000] {processor.py:183} INFO - Processing /opt/airflow/dags/dbt.py took 0.059 seconds
[2026-03-15T18:22:56.164+0000] {processor.py:161} INFO - Started process (PID=4166) to work on /opt/airflow/dags/dbt.py
[2026-03-15T18:22:56.165+0000] {processor.py:830} INFO - Processing file /opt/airflow/dags/dbt.py for tasks to queue
[2026-03-15T18:22:56.172+0000] {logging_mixin.py:188} INFO - [2026-03-15T18:22:56.172+0000] {dagbag.py:545} INFO - Filling up the DagBag from /opt/airflow/dags/dbt.py
[2026-03-15T18:22:56.179+0000] {logging_mixin.py:188} INFO - [2026-03-15T18:22:56.177+0000] {dagbag.py:355} ERROR - Failed to import: /opt/airflow/dags/dbt.py
Traceback (most recent call last):
  File "/home/airflow/.local/lib/python3.12/site-packages/airflow/models/dagbag.py", line 351, in parse
    loader.exec_module(new_module)
  File "<frozen importlib._bootstrap_external>", line 995, in exec_module
  File "<frozen importlib._bootstrap>", line 488, in _call_with_frames_removed
  File "/opt/airflow/dags/dbt.py", line 2, in <module>
    from airflow.providers.standard.operators.bash import BashOperator
ModuleNotFoundError: No module named 'airflow.providers.standard'
[2026-03-15T18:22:56.181+0000] {processor.py:842} WARNING - No viable dags retrieved from /opt/airflow/dags/dbt.py
[2026-03-15T18:22:56.216+0000] {processor.py:183} INFO - Processing /opt/airflow/dags/dbt.py took 0.077 seconds
[2026-03-15T18:23:26.646+0000] {processor.py:161} INFO - Started process (PID=4168) to work on /opt/airflow/dags/dbt.py
[2026-03-15T18:23:26.650+0000] {processor.py:830} INFO - Processing file /opt/airflow/dags/dbt.py for tasks to queue
[2026-03-15T18:23:26.653+0000] {logging_mixin.py:188} INFO - [2026-03-15T18:23:26.652+0000] {dagbag.py:545} INFO - Filling up the DagBag from /opt/airflow/dags/dbt.py
[2026-03-15T18:23:26.665+0000] {logging_mixin.py:188} INFO - [2026-03-15T18:23:26.660+0000] {dagbag.py:355} ERROR - Failed to import: /opt/airflow/dags/dbt.py
Traceback (most recent call last):
  File "/home/airflow/.local/lib/python3.12/site-packages/airflow/models/dagbag.py", line 351, in parse
    loader.exec_module(new_module)
  File "<frozen importlib._bootstrap_external>", line 995, in exec_module
  File "<frozen importlib._bootstrap>", line 488, in _call_with_frames_removed
  File "/opt/airflow/dags/dbt.py", line 2, in <module>
    from airflow.providers.standard.operators.bash import BashOperator
ModuleNotFoundError: No module named 'airflow.providers.standard'
[2026-03-15T18:23:26.665+0000] {processor.py:842} WARNING - No viable dags retrieved from /opt/airflow/dags/dbt.py
[2026-03-15T18:23:26.701+0000] {processor.py:183} INFO - Processing /opt/airflow/dags/dbt.py took 0.077 seconds
[2026-03-15T18:23:57.097+0000] {processor.py:161} INFO - Started process (PID=4170) to work on /opt/airflow/dags/dbt.py
[2026-03-15T18:23:57.098+0000] {processor.py:830} INFO - Processing file /opt/airflow/dags/dbt.py for tasks to queue
[2026-03-15T18:23:57.104+0000] {logging_mixin.py:188} INFO - [2026-03-15T18:23:57.103+0000] {dagbag.py:545} INFO - Filling up the DagBag from /opt/airflow/dags/dbt.py
[2026-03-15T18:23:57.116+0000] {logging_mixin.py:188} INFO - [2026-03-15T18:23:57.110+0000] {dagbag.py:355} ERROR - Failed to import: /opt/airflow/dags/dbt.py
Traceback (most recent call last):
  File "/home/airflow/.local/lib/python3.12/site-packages/airflow/models/dagbag.py", line 351, in parse
    loader.exec_module(new_module)
  File "<frozen importlib._bootstrap_external>", line 995, in exec_module
  File "<frozen importlib._bootstrap>", line 488, in _call_with_frames_removed
  File "/opt/airflow/dags/dbt.py", line 2, in <module>
    from airflow.providers.standard.operators.bash import BashOperator
ModuleNotFoundError: No module named 'airflow.providers.standard'
[2026-03-15T18:23:57.118+0000] {processor.py:842} WARNING - No viable dags retrieved from /opt/airflow/dags/dbt.py
[2026-03-15T18:23:57.147+0000] {processor.py:183} INFO - Processing /opt/airflow/dags/dbt.py took 0.069 seconds
[2026-03-15T18:24:27.559+0000] {processor.py:161} INFO - Started process (PID=4172) to work on /opt/airflow/dags/dbt.py
[2026-03-15T18:24:27.561+0000] {processor.py:830} INFO - Processing file /opt/airflow/dags/dbt.py for tasks to queue
[2026-03-15T18:24:27.566+0000] {logging_mixin.py:188} INFO - [2026-03-15T18:24:27.565+0000] {dagbag.py:545} INFO - Filling up the DagBag from /opt/airflow/dags/dbt.py
[2026-03-15T18:24:27.576+0000] {logging_mixin.py:188} INFO - [2026-03-15T18:24:27.573+0000] {dagbag.py:355} ERROR - Failed to import: /opt/airflow/dags/dbt.py
Traceback (most recent call last):
  File "/home/airflow/.local/lib/python3.12/site-packages/airflow/models/dagbag.py", line 351, in parse
    loader.exec_module(new_module)
  File "<frozen importlib._bootstrap_external>", line 995, in exec_module
  File "<frozen importlib._bootstrap>", line 488, in _call_with_frames_removed
  File "/opt/airflow/dags/dbt.py", line 2, in <module>
    from airflow.providers.standard.operators.bash import BashOperator
ModuleNotFoundError: No module named 'airflow.providers.standard'
[2026-03-15T18:24:27.578+0000] {processor.py:842} WARNING - No viable dags retrieved from /opt/airflow/dags/dbt.py
[2026-03-15T18:24:27.611+0000] {processor.py:183} INFO - Processing /opt/airflow/dags/dbt.py took 0.078 seconds
[2026-03-15T18:24:58.051+0000] {processor.py:161} INFO - Started process (PID=4174) to work on /opt/airflow/dags/dbt.py
[2026-03-15T18:24:58.052+0000] {processor.py:830} INFO - Processing file /opt/airflow/dags/dbt.py for tasks to queue
[2026-03-15T18:24:58.056+0000] {logging_mixin.py:188} INFO - [2026-03-15T18:24:58.056+0000] {dagbag.py:545} INFO - Filling up the DagBag from /opt/airflow/dags/dbt.py
[2026-03-15T18:24:58.064+0000] {logging_mixin.py:188} INFO - [2026-03-15T18:24:58.063+0000] {dagbag.py:355} ERROR - Failed to import: /opt/airflow/dags/dbt.py
Traceback (most recent call last):
  File "/home/airflow/.local/lib/python3.12/site-packages/airflow/models/dagbag.py", line 351, in parse
    loader.exec_module(new_module)
  File "<frozen importlib._bootstrap_external>", line 995, in exec_module
  File "<frozen importlib._bootstrap>", line 488, in _call_with_frames_removed
  File "/opt/airflow/dags/dbt.py", line 2, in <module>
    from airflow.providers.standard.operators.bash import BashOperator
ModuleNotFoundError: No module named 'airflow.providers.standard'
[2026-03-15T18:24:58.066+0000] {processor.py:842} WARNING - No viable dags retrieved from /opt/airflow/dags/dbt.py
[2026-03-15T18:24:58.093+0000] {processor.py:183} INFO - Processing /opt/airflow/dags/dbt.py took 0.057 seconds
[2026-03-15T18:25:28.454+0000] {processor.py:161} INFO - Started process (PID=4176) to work on /opt/airflow/dags/dbt.py
[2026-03-15T18:25:28.455+0000] {processor.py:830} INFO - Processing file /opt/airflow/dags/dbt.py for tasks to queue
[2026-03-15T18:25:28.461+0000] {logging_mixin.py:188} INFO - [2026-03-15T18:25:28.460+0000] {dagbag.py:545} INFO - Filling up the DagBag from /opt/airflow/dags/dbt.py
[2026-03-15T18:25:28.470+0000] {logging_mixin.py:188} INFO - [2026-03-15T18:25:28.468+0000] {dagbag.py:355} ERROR - Failed to import: /opt/airflow/dags/dbt.py
Traceback (most recent call last):
  File "/home/airflow/.local/lib/python3.12/site-packages/airflow/models/dagbag.py", line 351, in parse
    loader.exec_module(new_module)
  File "<frozen importlib._bootstrap_external>", line 995, in exec_module
  File "<frozen importlib._bootstrap>", line 488, in _call_with_frames_removed
  File "/opt/airflow/dags/dbt.py", line 2, in <module>
    from airflow.providers.standard.operators.bash import BashOperator
ModuleNotFoundError: No module named 'airflow.providers.standard'
[2026-03-15T18:25:28.470+0000] {processor.py:842} WARNING - No viable dags retrieved from /opt/airflow/dags/dbt.py
[2026-03-15T18:25:28.505+0000] {processor.py:183} INFO - Processing /opt/airflow/dags/dbt.py took 0.068 seconds
[2026-03-15T18:25:58.958+0000] {processor.py:161} INFO - Started process (PID=4178) to work on /opt/airflow/dags/dbt.py
[2026-03-15T18:25:58.961+0000] {processor.py:830} INFO - Processing file /opt/airflow/dags/dbt.py for tasks to queue
[2026-03-15T18:25:58.971+0000] {logging_mixin.py:188} INFO - [2026-03-15T18:25:58.970+0000] {dagbag.py:545} INFO - Filling up the DagBag from /opt/airflow/dags/dbt.py
[2026-03-15T18:25:58.980+0000] {logging_mixin.py:188} INFO - [2026-03-15T18:25:58.977+0000] {dagbag.py:355} ERROR - Failed to import: /opt/airflow/dags/dbt.py
Traceback (most recent call last):
  File "/home/airflow/.local/lib/python3.12/site-packages/airflow/models/dagbag.py", line 351, in parse
    loader.exec_module(new_module)
  File "<frozen importlib._bootstrap_external>", line 995, in exec_module
  File "<frozen importlib._bootstrap>", line 488, in _call_with_frames_removed
  File "/opt/airflow/dags/dbt.py", line 2, in <module>
    from airflow.providers.standard.operators.bash import BashOperator
ModuleNotFoundError: No module named 'airflow.providers.standard'
[2026-03-15T18:25:58.981+0000] {processor.py:842} WARNING - No viable dags retrieved from /opt/airflow/dags/dbt.py
[2026-03-15T18:25:59.010+0000] {processor.py:183} INFO - Processing /opt/airflow/dags/dbt.py took 0.074 seconds
[2026-03-15T18:26:29.410+0000] {processor.py:161} INFO - Started process (PID=4180) to work on /opt/airflow/dags/dbt.py
[2026-03-15T18:26:29.411+0000] {processor.py:830} INFO - Processing file /opt/airflow/dags/dbt.py for tasks to queue
[2026-03-15T18:26:29.418+0000] {logging_mixin.py:188} INFO - [2026-03-15T18:26:29.418+0000] {dagbag.py:545} INFO - Filling up the DagBag from /opt/airflow/dags/dbt.py
[2026-03-15T18:26:29.433+0000] {logging_mixin.py:188} INFO - [2026-03-15T18:26:29.428+0000] {dagbag.py:355} ERROR - Failed to import: /opt/airflow/dags/dbt.py
Traceback (most recent call last):
  File "/home/airflow/.local/lib/python3.12/site-packages/airflow/models/dagbag.py", line 351, in parse
    loader.exec_module(new_module)
  File "<frozen importlib._bootstrap_external>", line 995, in exec_module
  File "<frozen importlib._bootstrap>", line 488, in _call_with_frames_removed
  File "/opt/airflow/dags/dbt.py", line 2, in <module>
    from airflow.providers.standard.operators.bash import BashOperator
ModuleNotFoundError: No module named 'airflow.providers.standard'
[2026-03-15T18:26:29.433+0000] {processor.py:842} WARNING - No viable dags retrieved from /opt/airflow/dags/dbt.py
[2026-03-15T18:26:29.467+0000] {processor.py:183} INFO - Processing /opt/airflow/dags/dbt.py took 0.075 seconds
[2026-03-15T18:26:59.908+0000] {processor.py:161} INFO - Started process (PID=4182) to work on /opt/airflow/dags/dbt.py
[2026-03-15T18:26:59.909+0000] {processor.py:830} INFO - Processing file /opt/airflow/dags/dbt.py for tasks to queue
[2026-03-15T18:26:59.914+0000] {logging_mixin.py:188} INFO - [2026-03-15T18:26:59.913+0000] {dagbag.py:545} INFO - Filling up the DagBag from /opt/airflow/dags/dbt.py
[2026-03-15T18:26:59.925+0000] {logging_mixin.py:188} INFO - [2026-03-15T18:26:59.921+0000] {dagbag.py:355} ERROR - Failed to import: /opt/airflow/dags/dbt.py
Traceback (most recent call last):
  File "/home/airflow/.local/lib/python3.12/site-packages/airflow/models/dagbag.py", line 351, in parse
    loader.exec_module(new_module)
  File "<frozen importlib._bootstrap_external>", line 995, in exec_module
  File "<frozen importlib._bootstrap>", line 488, in _call_with_frames_removed
  File "/opt/airflow/dags/dbt.py", line 2, in <module>
    from airflow.providers.standard.operators.bash import BashOperator
ModuleNotFoundError: No module named 'airflow.providers.standard'
[2026-03-15T18:26:59.926+0000] {processor.py:842} WARNING - No viable dags retrieved from /opt/airflow/dags/dbt.py
[2026-03-15T18:26:59.959+0000] {processor.py:183} INFO - Processing /opt/airflow/dags/dbt.py took 0.069 seconds
[2026-03-15T18:27:30.356+0000] {processor.py:161} INFO - Started process (PID=4184) to work on /opt/airflow/dags/dbt.py
[2026-03-15T18:27:30.358+0000] {processor.py:830} INFO - Processing file /opt/airflow/dags/dbt.py for tasks to queue
[2026-03-15T18:27:30.363+0000] {logging_mixin.py:188} INFO - [2026-03-15T18:27:30.363+0000] {dagbag.py:545} INFO - Filling up the DagBag from /opt/airflow/dags/dbt.py
[2026-03-15T18:27:30.381+0000] {logging_mixin.py:188} INFO - [2026-03-15T18:27:30.376+0000] {dagbag.py:355} ERROR - Failed to import: /opt/airflow/dags/dbt.py
Traceback (most recent call last):
  File "/home/airflow/.local/lib/python3.12/site-packages/airflow/models/dagbag.py", line 351, in parse
    loader.exec_module(new_module)
  File "<frozen importlib._bootstrap_external>", line 995, in exec_module
  File "<frozen importlib._bootstrap>", line 488, in _call_with_frames_removed
  File "/opt/airflow/dags/dbt.py", line 2, in <module>
    from airflow.providers.standard.operators.bash import BashOperator
ModuleNotFoundError: No module named 'airflow.providers.standard'
[2026-03-15T18:27:30.381+0000] {processor.py:842} WARNING - No viable dags retrieved from /opt/airflow/dags/dbt.py
[2026-03-15T18:27:30.407+0000] {processor.py:183} INFO - Processing /opt/airflow/dags/dbt.py took 0.073 seconds
[2026-03-15T18:28:00.854+0000] {processor.py:161} INFO - Started process (PID=4186) to work on /opt/airflow/dags/dbt.py
[2026-03-15T18:28:00.856+0000] {processor.py:830} INFO - Processing file /opt/airflow/dags/dbt.py for tasks to queue
[2026-03-15T18:28:00.864+0000] {logging_mixin.py:188} INFO - [2026-03-15T18:28:00.862+0000] {dagbag.py:545} INFO - Filling up the DagBag from /opt/airflow/dags/dbt.py
[2026-03-15T18:28:00.879+0000] {logging_mixin.py:188} INFO - [2026-03-15T18:28:00.877+0000] {dagbag.py:355} ERROR - Failed to import: /opt/airflow/dags/dbt.py
Traceback (most recent call last):
  File "/home/airflow/.local/lib/python3.12/site-packages/airflow/models/dagbag.py", line 351, in parse
    loader.exec_module(new_module)
  File "<frozen importlib._bootstrap_external>", line 995, in exec_module
  File "<frozen importlib._bootstrap>", line 488, in _call_with_frames_removed
  File "/opt/airflow/dags/dbt.py", line 2, in <module>
    from airflow.providers.standard.operators.bash import BashOperator
ModuleNotFoundError: No module named 'airflow.providers.standard'
[2026-03-15T18:28:00.880+0000] {processor.py:842} WARNING - No viable dags retrieved from /opt/airflow/dags/dbt.py
[2026-03-15T18:28:00.919+0000] {processor.py:183} INFO - Processing /opt/airflow/dags/dbt.py took 0.097 seconds
[2026-03-15T18:28:31.347+0000] {processor.py:161} INFO - Started process (PID=4188) to work on /opt/airflow/dags/dbt.py
[2026-03-15T18:28:31.348+0000] {processor.py:830} INFO - Processing file /opt/airflow/dags/dbt.py for tasks to queue
[2026-03-15T18:28:31.355+0000] {logging_mixin.py:188} INFO - [2026-03-15T18:28:31.354+0000] {dagbag.py:545} INFO - Filling up the DagBag from /opt/airflow/dags/dbt.py
[2026-03-15T18:28:31.364+0000] {logging_mixin.py:188} INFO - [2026-03-15T18:28:31.361+0000] {dagbag.py:355} ERROR - Failed to import: /opt/airflow/dags/dbt.py
Traceback (most recent call last):
  File "/home/airflow/.local/lib/python3.12/site-packages/airflow/models/dagbag.py", line 351, in parse
    loader.exec_module(new_module)
  File "<frozen importlib._bootstrap_external>", line 995, in exec_module
  File "<frozen importlib._bootstrap>", line 488, in _call_with_frames_removed
  File "/opt/airflow/dags/dbt.py", line 2, in <module>
    from airflow.providers.standard.operators.bash import BashOperator
ModuleNotFoundError: No module named 'airflow.providers.standard'
[2026-03-15T18:28:31.365+0000] {processor.py:842} WARNING - No viable dags retrieved from /opt/airflow/dags/dbt.py
[2026-03-15T18:28:31.396+0000] {processor.py:183} INFO - Processing /opt/airflow/dags/dbt.py took 0.068 seconds
[2026-03-15T18:29:01.881+0000] {processor.py:161} INFO - Started process (PID=4190) to work on /opt/airflow/dags/dbt.py
[2026-03-15T18:29:01.883+0000] {processor.py:830} INFO - Processing file /opt/airflow/dags/dbt.py for tasks to queue
[2026-03-15T18:29:01.887+0000] {logging_mixin.py:188} INFO - [2026-03-15T18:29:01.887+0000] {dagbag.py:545} INFO - Filling up the DagBag from /opt/airflow/dags/dbt.py
[2026-03-15T18:29:01.896+0000] {logging_mixin.py:188} INFO - [2026-03-15T18:29:01.894+0000] {dagbag.py:355} ERROR - Failed to import: /opt/airflow/dags/dbt.py
Traceback (most recent call last):
  File "/home/airflow/.local/lib/python3.12/site-packages/airflow/models/dagbag.py", line 351, in parse
    loader.exec_module(new_module)
  File "<frozen importlib._bootstrap_external>", line 995, in exec_module
  File "<frozen importlib._bootstrap>", line 488, in _call_with_frames_removed
  File "/opt/airflow/dags/dbt.py", line 2, in <module>
    from airflow.providers.standard.operators.bash import BashOperator
ModuleNotFoundError: No module named 'airflow.providers.standard'
[2026-03-15T18:29:01.896+0000] {processor.py:842} WARNING - No viable dags retrieved from /opt/airflow/dags/dbt.py
[2026-03-15T18:29:01.935+0000] {processor.py:183} INFO - Processing /opt/airflow/dags/dbt.py took 0.072 seconds
[2026-03-15T18:29:32.385+0000] {processor.py:161} INFO - Started process (PID=4192) to work on /opt/airflow/dags/dbt.py
[2026-03-15T18:29:32.387+0000] {processor.py:830} INFO - Processing file /opt/airflow/dags/dbt.py for tasks to queue
[2026-03-15T18:29:32.392+0000] {logging_mixin.py:188} INFO - [2026-03-15T18:29:32.392+0000] {dagbag.py:545} INFO - Filling up the DagBag from /opt/airflow/dags/dbt.py
[2026-03-15T18:29:32.403+0000] {logging_mixin.py:188} INFO - [2026-03-15T18:29:32.398+0000] {dagbag.py:355} ERROR - Failed to import: /opt/airflow/dags/dbt.py
Traceback (most recent call last):
  File "/home/airflow/.local/lib/python3.12/site-packages/airflow/models/dagbag.py", line 351, in parse
    loader.exec_module(new_module)
  File "<frozen importlib._bootstrap_external>", line 995, in exec_module
  File "<frozen importlib._bootstrap>", line 488, in _call_with_frames_removed
  File "/opt/airflow/dags/dbt.py", line 2, in <module>
    from airflow.providers.standard.operators.bash import BashOperator
ModuleNotFoundError: No module named 'airflow.providers.standard'
[2026-03-15T18:29:32.404+0000] {processor.py:842} WARNING - No viable dags retrieved from /opt/airflow/dags/dbt.py
[2026-03-15T18:29:32.431+0000] {processor.py:183} INFO - Processing /opt/airflow/dags/dbt.py took 0.069 seconds
[2026-03-15T18:30:02.901+0000] {processor.py:161} INFO - Started process (PID=4194) to work on /opt/airflow/dags/dbt.py
[2026-03-15T18:30:02.903+0000] {processor.py:830} INFO - Processing file /opt/airflow/dags/dbt.py for tasks to queue
[2026-03-15T18:30:02.908+0000] {logging_mixin.py:188} INFO - [2026-03-15T18:30:02.908+0000] {dagbag.py:545} INFO - Filling up the DagBag from /opt/airflow/dags/dbt.py
[2026-03-15T18:30:02.918+0000] {logging_mixin.py:188} INFO - [2026-03-15T18:30:02.914+0000] {dagbag.py:355} ERROR - Failed to import: /opt/airflow/dags/dbt.py
Traceback (most recent call last):
  File "/home/airflow/.local/lib/python3.12/site-packages/airflow/models/dagbag.py", line 351, in parse
    loader.exec_module(new_module)
  File "<frozen importlib._bootstrap_external>", line 995, in exec_module
  File "<frozen importlib._bootstrap>", line 488, in _call_with_frames_removed
  File "/opt/airflow/dags/dbt.py", line 2, in <module>
    from airflow.providers.standard.operators.bash import BashOperator
ModuleNotFoundError: No module named 'airflow.providers.standard'
[2026-03-15T18:30:02.920+0000] {processor.py:842} WARNING - No viable dags retrieved from /opt/airflow/dags/dbt.py
[2026-03-15T18:30:02.951+0000] {processor.py:183} INFO - Processing /opt/airflow/dags/dbt.py took 0.078 seconds
[2026-03-15T18:30:33.312+0000] {processor.py:161} INFO - Started process (PID=4196) to work on /opt/airflow/dags/dbt.py
[2026-03-15T18:30:33.316+0000] {processor.py:830} INFO - Processing file /opt/airflow/dags/dbt.py for tasks to queue
[2026-03-15T18:30:33.327+0000] {logging_mixin.py:188} INFO - [2026-03-15T18:30:33.325+0000] {dagbag.py:545} INFO - Filling up the DagBag from /opt/airflow/dags/dbt.py
[2026-03-15T18:30:33.338+0000] {logging_mixin.py:188} INFO - [2026-03-15T18:30:33.334+0000] {dagbag.py:355} ERROR - Failed to import: /opt/airflow/dags/dbt.py
Traceback (most recent call last):
  File "/home/airflow/.local/lib/python3.12/site-packages/airflow/models/dagbag.py", line 351, in parse
    loader.exec_module(new_module)
  File "<frozen importlib._bootstrap_external>", line 995, in exec_module
  File "<frozen importlib._bootstrap>", line 488, in _call_with_frames_removed
  File "/opt/airflow/dags/dbt.py", line 2, in <module>
    from airflow.providers.standard.operators.bash import BashOperator
ModuleNotFoundError: No module named 'airflow.providers.standard'
[2026-03-15T18:30:33.339+0000] {processor.py:842} WARNING - No viable dags retrieved from /opt/airflow/dags/dbt.py
[2026-03-15T18:30:33.366+0000] {processor.py:183} INFO - Processing /opt/airflow/dags/dbt.py took 0.076 seconds
[2026-03-15T18:31:03.792+0000] {processor.py:161} INFO - Started process (PID=4198) to work on /opt/airflow/dags/dbt.py
[2026-03-15T18:31:03.794+0000] {processor.py:830} INFO - Processing file /opt/airflow/dags/dbt.py for tasks to queue
[2026-03-15T18:31:03.799+0000] {logging_mixin.py:188} INFO - [2026-03-15T18:31:03.799+0000] {dagbag.py:545} INFO - Filling up the DagBag from /opt/airflow/dags/dbt.py
[2026-03-15T18:31:03.808+0000] {logging_mixin.py:188} INFO - [2026-03-15T18:31:03.807+0000] {dagbag.py:355} ERROR - Failed to import: /opt/airflow/dags/dbt.py
Traceback (most recent call last):
  File "/home/airflow/.local/lib/python3.12/site-packages/airflow/models/dagbag.py", line 351, in parse
    loader.exec_module(new_module)
  File "<frozen importlib._bootstrap_external>", line 995, in exec_module
  File "<frozen importlib._bootstrap>", line 488, in _call_with_frames_removed
  File "/opt/airflow/dags/dbt.py", line 2, in <module>
    from airflow.providers.standard.operators.bash import BashOperator
ModuleNotFoundError: No module named 'airflow.providers.standard'
[2026-03-15T18:31:03.809+0000] {processor.py:842} WARNING - No viable dags retrieved from /opt/airflow/dags/dbt.py
[2026-03-15T18:31:03.843+0000] {processor.py:183} INFO - Processing /opt/airflow/dags/dbt.py took 0.067 seconds
[2026-03-15T18:31:34.231+0000] {processor.py:161} INFO - Started process (PID=4200) to work on /opt/airflow/dags/dbt.py
[2026-03-15T18:31:34.238+0000] {processor.py:830} INFO - Processing file /opt/airflow/dags/dbt.py for tasks to queue
[2026-03-15T18:31:34.243+0000] {logging_mixin.py:188} INFO - [2026-03-15T18:31:34.242+0000] {dagbag.py:545} INFO - Filling up the DagBag from /opt/airflow/dags/dbt.py
[2026-03-15T18:31:34.252+0000] {logging_mixin.py:188} INFO - [2026-03-15T18:31:34.249+0000] {dagbag.py:355} ERROR - Failed to import: /opt/airflow/dags/dbt.py
Traceback (most recent call last):
  File "/home/airflow/.local/lib/python3.12/site-packages/airflow/models/dagbag.py", line 351, in parse
    loader.exec_module(new_module)
  File "<frozen importlib._bootstrap_external>", line 995, in exec_module
  File "<frozen importlib._bootstrap>", line 488, in _call_with_frames_removed
  File "/opt/airflow/dags/dbt.py", line 2, in <module>
    from airflow.providers.standard.operators.bash import BashOperator
ModuleNotFoundError: No module named 'airflow.providers.standard'
[2026-03-15T18:31:34.255+0000] {processor.py:842} WARNING - No viable dags retrieved from /opt/airflow/dags/dbt.py
[2026-03-15T18:31:34.285+0000] {processor.py:183} INFO - Processing /opt/airflow/dags/dbt.py took 0.066 seconds
[2026-03-15T18:32:04.746+0000] {processor.py:161} INFO - Started process (PID=4202) to work on /opt/airflow/dags/dbt.py
[2026-03-15T18:32:04.748+0000] {processor.py:830} INFO - Processing file /opt/airflow/dags/dbt.py for tasks to queue
[2026-03-15T18:32:04.759+0000] {logging_mixin.py:188} INFO - [2026-03-15T18:32:04.759+0000] {dagbag.py:545} INFO - Filling up the DagBag from /opt/airflow/dags/dbt.py
[2026-03-15T18:32:04.772+0000] {logging_mixin.py:188} INFO - [2026-03-15T18:32:04.767+0000] {dagbag.py:355} ERROR - Failed to import: /opt/airflow/dags/dbt.py
Traceback (most recent call last):
  File "/home/airflow/.local/lib/python3.12/site-packages/airflow/models/dagbag.py", line 351, in parse
    loader.exec_module(new_module)
  File "<frozen importlib._bootstrap_external>", line 995, in exec_module
  File "<frozen importlib._bootstrap>", line 488, in _call_with_frames_removed
  File "/opt/airflow/dags/dbt.py", line 2, in <module>
    from airflow.providers.standard.operators.bash import BashOperator
ModuleNotFoundError: No module named 'airflow.providers.standard'
[2026-03-15T18:32:04.773+0000] {processor.py:842} WARNING - No viable dags retrieved from /opt/airflow/dags/dbt.py
[2026-03-15T18:32:04.823+0000] {processor.py:183} INFO - Processing /opt/airflow/dags/dbt.py took 0.106 seconds
[2026-03-15T18:32:35.255+0000] {processor.py:161} INFO - Started process (PID=4204) to work on /opt/airflow/dags/dbt.py
[2026-03-15T18:32:35.258+0000] {processor.py:830} INFO - Processing file /opt/airflow/dags/dbt.py for tasks to queue
[2026-03-15T18:32:35.264+0000] {logging_mixin.py:188} INFO - [2026-03-15T18:32:35.263+0000] {dagbag.py:545} INFO - Filling up the DagBag from /opt/airflow/dags/dbt.py
[2026-03-15T18:32:35.273+0000] {logging_mixin.py:188} INFO - [2026-03-15T18:32:35.271+0000] {dagbag.py:355} ERROR - Failed to import: /opt/airflow/dags/dbt.py
Traceback (most recent call last):
  File "/home/airflow/.local/lib/python3.12/site-packages/airflow/models/dagbag.py", line 351, in parse
    loader.exec_module(new_module)
  File "<frozen importlib._bootstrap_external>", line 995, in exec_module
  File "<frozen importlib._bootstrap>", line 488, in _call_with_frames_removed
  File "/opt/airflow/dags/dbt.py", line 2, in <module>
    from airflow.providers.standard.operators.bash import BashOperator
ModuleNotFoundError: No module named 'airflow.providers.standard'
[2026-03-15T18:32:35.275+0000] {processor.py:842} WARNING - No viable dags retrieved from /opt/airflow/dags/dbt.py
[2026-03-15T18:32:35.312+0000] {processor.py:183} INFO - Processing /opt/airflow/dags/dbt.py took 0.078 seconds
[2026-03-15T18:33:05.800+0000] {processor.py:161} INFO - Started process (PID=4206) to work on /opt/airflow/dags/dbt.py
[2026-03-15T18:33:05.802+0000] {processor.py:830} INFO - Processing file /opt/airflow/dags/dbt.py for tasks to queue
[2026-03-15T18:33:05.807+0000] {logging_mixin.py:188} INFO - [2026-03-15T18:33:05.806+0000] {dagbag.py:545} INFO - Filling up the DagBag from /opt/airflow/dags/dbt.py
[2026-03-15T18:33:05.815+0000] {logging_mixin.py:188} INFO - [2026-03-15T18:33:05.814+0000] {dagbag.py:355} ERROR - Failed to import: /opt/airflow/dags/dbt.py
Traceback (most recent call last):
  File "/home/airflow/.local/lib/python3.12/site-packages/airflow/models/dagbag.py", line 351, in parse
    loader.exec_module(new_module)
  File "<frozen importlib._bootstrap_external>", line 995, in exec_module
  File "<frozen importlib._bootstrap>", line 488, in _call_with_frames_removed
  File "/opt/airflow/dags/dbt.py", line 2, in <module>
    from airflow.providers.standard.operators.bash import BashOperator
ModuleNotFoundError: No module named 'airflow.providers.standard'
[2026-03-15T18:33:05.816+0000] {processor.py:842} WARNING - No viable dags retrieved from /opt/airflow/dags/dbt.py
[2026-03-15T18:33:05.848+0000] {processor.py:183} INFO - Processing /opt/airflow/dags/dbt.py took 0.073 seconds
[2026-03-15T18:33:36.302+0000] {processor.py:161} INFO - Started process (PID=4208) to work on /opt/airflow/dags/dbt.py
[2026-03-15T18:33:36.303+0000] {processor.py:830} INFO - Processing file /opt/airflow/dags/dbt.py for tasks to queue
[2026-03-15T18:33:36.308+0000] {logging_mixin.py:188} INFO - [2026-03-15T18:33:36.308+0000] {dagbag.py:545} INFO - Filling up the DagBag from /opt/airflow/dags/dbt.py
[2026-03-15T18:33:36.317+0000] {logging_mixin.py:188} INFO - [2026-03-15T18:33:36.314+0000] {dagbag.py:355} ERROR - Failed to import: /opt/airflow/dags/dbt.py
Traceback (most recent call last):
  File "/home/airflow/.local/lib/python3.12/site-packages/airflow/models/dagbag.py", line 351, in parse
    loader.exec_module(new_module)
  File "<frozen importlib._bootstrap_external>", line 995, in exec_module
  File "<frozen importlib._bootstrap>", line 488, in _call_with_frames_removed
  File "/opt/airflow/dags/dbt.py", line 2, in <module>
    from airflow.providers.standard.operators.bash import BashOperator
ModuleNotFoundError: No module named 'airflow.providers.standard'
[2026-03-15T18:33:36.319+0000] {processor.py:842} WARNING - No viable dags retrieved from /opt/airflow/dags/dbt.py
[2026-03-15T18:33:36.345+0000] {processor.py:183} INFO - Processing /opt/airflow/dags/dbt.py took 0.069 seconds
[2026-03-15T18:34:06.808+0000] {processor.py:161} INFO - Started process (PID=4210) to work on /opt/airflow/dags/dbt.py
[2026-03-15T18:34:06.809+0000] {processor.py:830} INFO - Processing file /opt/airflow/dags/dbt.py for tasks to queue
[2026-03-15T18:34:06.821+0000] {logging_mixin.py:188} INFO - [2026-03-15T18:34:06.819+0000] {dagbag.py:545} INFO - Filling up the DagBag from /opt/airflow/dags/dbt.py
[2026-03-15T18:34:06.836+0000] {logging_mixin.py:188} INFO - [2026-03-15T18:34:06.834+0000] {dagbag.py:355} ERROR - Failed to import: /opt/airflow/dags/dbt.py
Traceback (most recent call last):
  File "/home/airflow/.local/lib/python3.12/site-packages/airflow/models/dagbag.py", line 351, in parse
    loader.exec_module(new_module)
  File "<frozen importlib._bootstrap_external>", line 995, in exec_module
  File "<frozen importlib._bootstrap>", line 488, in _call_with_frames_removed
  File "/opt/airflow/dags/dbt.py", line 2, in <module>
    from airflow.providers.standard.operators.bash import BashOperator
ModuleNotFoundError: No module named 'airflow.providers.standard'
[2026-03-15T18:34:06.837+0000] {processor.py:842} WARNING - No viable dags retrieved from /opt/airflow/dags/dbt.py
[2026-03-15T18:34:06.879+0000] {processor.py:183} INFO - Processing /opt/airflow/dags/dbt.py took 0.090 seconds
[2026-03-15T18:34:37.304+0000] {processor.py:161} INFO - Started process (PID=4212) to work on /opt/airflow/dags/dbt.py
[2026-03-15T18:34:37.306+0000] {processor.py:830} INFO - Processing file /opt/airflow/dags/dbt.py for tasks to queue
[2026-03-15T18:34:37.313+0000] {logging_mixin.py:188} INFO - [2026-03-15T18:34:37.312+0000] {dagbag.py:545} INFO - Filling up the DagBag from /opt/airflow/dags/dbt.py
[2026-03-15T18:34:37.325+0000] {logging_mixin.py:188} INFO - [2026-03-15T18:34:37.320+0000] {dagbag.py:355} ERROR - Failed to import: /opt/airflow/dags/dbt.py
Traceback (most recent call last):
  File "/home/airflow/.local/lib/python3.12/site-packages/airflow/models/dagbag.py", line 351, in parse
    loader.exec_module(new_module)
  File "<frozen importlib._bootstrap_external>", line 995, in exec_module
  File "<frozen importlib._bootstrap>", line 488, in _call_with_frames_removed
  File "/opt/airflow/dags/dbt.py", line 2, in <module>
    from airflow.providers.standard.operators.bash import BashOperator
ModuleNotFoundError: No module named 'airflow.providers.standard'
[2026-03-15T18:34:37.329+0000] {processor.py:842} WARNING - No viable dags retrieved from /opt/airflow/dags/dbt.py
[2026-03-15T18:34:37.361+0000] {processor.py:183} INFO - Processing /opt/airflow/dags/dbt.py took 0.082 seconds
[2026-03-15T18:35:07.808+0000] {processor.py:161} INFO - Started process (PID=4214) to work on /opt/airflow/dags/dbt.py
[2026-03-15T18:35:07.809+0000] {processor.py:830} INFO - Processing file /opt/airflow/dags/dbt.py for tasks to queue
[2026-03-15T18:35:07.817+0000] {logging_mixin.py:188} INFO - [2026-03-15T18:35:07.816+0000] {dagbag.py:545} INFO - Filling up the DagBag from /opt/airflow/dags/dbt.py
[2026-03-15T18:35:07.823+0000] {logging_mixin.py:188} INFO - [2026-03-15T18:35:07.821+0000] {dagbag.py:355} ERROR - Failed to import: /opt/airflow/dags/dbt.py
Traceback (most recent call last):
  File "/home/airflow/.local/lib/python3.12/site-packages/airflow/models/dagbag.py", line 351, in parse
    loader.exec_module(new_module)
  File "<frozen importlib._bootstrap_external>", line 995, in exec_module
  File "<frozen importlib._bootstrap>", line 488, in _call_with_frames_removed
  File "/opt/airflow/dags/dbt.py", line 2, in <module>
    from airflow.providers.standard.operators.bash import BashOperator
ModuleNotFoundError: No module named 'airflow.providers.standard'
[2026-03-15T18:35:07.824+0000] {processor.py:842} WARNING - No viable dags retrieved from /opt/airflow/dags/dbt.py
[2026-03-15T18:35:07.855+0000] {processor.py:183} INFO - Processing /opt/airflow/dags/dbt.py took 0.065 seconds
[2026-03-15T18:35:38.250+0000] {processor.py:161} INFO - Started process (PID=4216) to work on /opt/airflow/dags/dbt.py
[2026-03-15T18:35:38.251+0000] {processor.py:830} INFO - Processing file /opt/airflow/dags/dbt.py for tasks to queue
[2026-03-15T18:35:38.259+0000] {logging_mixin.py:188} INFO - [2026-03-15T18:35:38.259+0000] {dagbag.py:545} INFO - Filling up the DagBag from /opt/airflow/dags/dbt.py
[2026-03-15T18:35:38.270+0000] {logging_mixin.py:188} INFO - [2026-03-15T18:35:38.266+0000] {dagbag.py:355} ERROR - Failed to import: /opt/airflow/dags/dbt.py
Traceback (most recent call last):
  File "/home/airflow/.local/lib/python3.12/site-packages/airflow/models/dagbag.py", line 351, in parse
    loader.exec_module(new_module)
  File "<frozen importlib._bootstrap_external>", line 995, in exec_module
  File "<frozen importlib._bootstrap>", line 488, in _call_with_frames_removed
  File "/opt/airflow/dags/dbt.py", line 2, in <module>
    from airflow.providers.standard.operators.bash import BashOperator
ModuleNotFoundError: No module named 'airflow.providers.standard'
[2026-03-15T18:35:38.276+0000] {processor.py:842} WARNING - No viable dags retrieved from /opt/airflow/dags/dbt.py
[2026-03-15T18:35:38.311+0000] {processor.py:183} INFO - Processing /opt/airflow/dags/dbt.py took 0.089 seconds
[2026-03-15T18:36:08.723+0000] {processor.py:161} INFO - Started process (PID=4218) to work on /opt/airflow/dags/dbt.py
[2026-03-15T18:36:08.725+0000] {processor.py:830} INFO - Processing file /opt/airflow/dags/dbt.py for tasks to queue
[2026-03-15T18:36:08.732+0000] {logging_mixin.py:188} INFO - [2026-03-15T18:36:08.731+0000] {dagbag.py:545} INFO - Filling up the DagBag from /opt/airflow/dags/dbt.py
[2026-03-15T18:36:08.744+0000] {logging_mixin.py:188} INFO - [2026-03-15T18:36:08.740+0000] {dagbag.py:355} ERROR - Failed to import: /opt/airflow/dags/dbt.py
Traceback (most recent call last):
  File "/home/airflow/.local/lib/python3.12/site-packages/airflow/models/dagbag.py", line 351, in parse
    loader.exec_module(new_module)
  File "<frozen importlib._bootstrap_external>", line 995, in exec_module
  File "<frozen importlib._bootstrap>", line 488, in _call_with_frames_removed
  File "/opt/airflow/dags/dbt.py", line 2, in <module>
    from airflow.providers.standard.operators.bash import BashOperator
ModuleNotFoundError: No module named 'airflow.providers.standard'
[2026-03-15T18:36:08.744+0000] {processor.py:842} WARNING - No viable dags retrieved from /opt/airflow/dags/dbt.py
[2026-03-15T18:36:08.778+0000] {processor.py:183} INFO - Processing /opt/airflow/dags/dbt.py took 0.083 seconds
[2026-03-15T18:36:39.201+0000] {processor.py:161} INFO - Started process (PID=4220) to work on /opt/airflow/dags/dbt.py
[2026-03-15T18:36:39.202+0000] {processor.py:830} INFO - Processing file /opt/airflow/dags/dbt.py for tasks to queue
[2026-03-15T18:36:39.207+0000] {logging_mixin.py:188} INFO - [2026-03-15T18:36:39.206+0000] {dagbag.py:545} INFO - Filling up the DagBag from /opt/airflow/dags/dbt.py
[2026-03-15T18:36:39.217+0000] {logging_mixin.py:188} INFO - [2026-03-15T18:36:39.213+0000] {dagbag.py:355} ERROR - Failed to import: /opt/airflow/dags/dbt.py
Traceback (most recent call last):
  File "/home/airflow/.local/lib/python3.12/site-packages/airflow/models/dagbag.py", line 351, in parse
    loader.exec_module(new_module)
  File "<frozen importlib._bootstrap_external>", line 995, in exec_module
  File "<frozen importlib._bootstrap>", line 488, in _call_with_frames_removed
  File "/opt/airflow/dags/dbt.py", line 2, in <module>
    from airflow.providers.standard.operators.bash import BashOperator
ModuleNotFoundError: No module named 'airflow.providers.standard'
[2026-03-15T18:36:39.218+0000] {processor.py:842} WARNING - No viable dags retrieved from /opt/airflow/dags/dbt.py
[2026-03-15T18:36:39.252+0000] {processor.py:183} INFO - Processing /opt/airflow/dags/dbt.py took 0.074 seconds
[2026-03-15T18:37:09.650+0000] {processor.py:161} INFO - Started process (PID=4222) to work on /opt/airflow/dags/dbt.py
[2026-03-15T18:37:09.651+0000] {processor.py:830} INFO - Processing file /opt/airflow/dags/dbt.py for tasks to queue
[2026-03-15T18:37:09.656+0000] {logging_mixin.py:188} INFO - [2026-03-15T18:37:09.656+0000] {dagbag.py:545} INFO - Filling up the DagBag from /opt/airflow/dags/dbt.py
[2026-03-15T18:37:09.668+0000] {logging_mixin.py:188} INFO - [2026-03-15T18:37:09.664+0000] {dagbag.py:355} ERROR - Failed to import: /opt/airflow/dags/dbt.py
Traceback (most recent call last):
  File "/home/airflow/.local/lib/python3.12/site-packages/airflow/models/dagbag.py", line 351, in parse
    loader.exec_module(new_module)
  File "<frozen importlib._bootstrap_external>", line 995, in exec_module
  File "<frozen importlib._bootstrap>", line 488, in _call_with_frames_removed
  File "/opt/airflow/dags/dbt.py", line 2, in <module>
    from airflow.providers.standard.operators.bash import BashOperator
ModuleNotFoundError: No module named 'airflow.providers.standard'
[2026-03-15T18:37:09.669+0000] {processor.py:842} WARNING - No viable dags retrieved from /opt/airflow/dags/dbt.py
[2026-03-15T18:37:09.705+0000] {processor.py:183} INFO - Processing /opt/airflow/dags/dbt.py took 0.073 seconds
[2026-03-15T18:37:40.149+0000] {processor.py:161} INFO - Started process (PID=4224) to work on /opt/airflow/dags/dbt.py
[2026-03-15T18:37:40.151+0000] {processor.py:830} INFO - Processing file /opt/airflow/dags/dbt.py for tasks to queue
[2026-03-15T18:37:40.156+0000] {logging_mixin.py:188} INFO - [2026-03-15T18:37:40.155+0000] {dagbag.py:545} INFO - Filling up the DagBag from /opt/airflow/dags/dbt.py
[2026-03-15T18:37:40.165+0000] {logging_mixin.py:188} INFO - [2026-03-15T18:37:40.160+0000] {dagbag.py:355} ERROR - Failed to import: /opt/airflow/dags/dbt.py
Traceback (most recent call last):
  File "/home/airflow/.local/lib/python3.12/site-packages/airflow/models/dagbag.py", line 351, in parse
    loader.exec_module(new_module)
  File "<frozen importlib._bootstrap_external>", line 995, in exec_module
  File "<frozen importlib._bootstrap>", line 488, in _call_with_frames_removed
  File "/opt/airflow/dags/dbt.py", line 2, in <module>
    from airflow.providers.standard.operators.bash import BashOperator
ModuleNotFoundError: No module named 'airflow.providers.standard'
[2026-03-15T18:37:40.166+0000] {processor.py:842} WARNING - No viable dags retrieved from /opt/airflow/dags/dbt.py
[2026-03-15T18:37:40.201+0000] {processor.py:183} INFO - Processing /opt/airflow/dags/dbt.py took 0.077 seconds
[2026-03-15T18:38:10.666+0000] {processor.py:161} INFO - Started process (PID=4226) to work on /opt/airflow/dags/dbt.py
[2026-03-15T18:38:10.668+0000] {processor.py:830} INFO - Processing file /opt/airflow/dags/dbt.py for tasks to queue
[2026-03-15T18:38:10.672+0000] {logging_mixin.py:188} INFO - [2026-03-15T18:38:10.672+0000] {dagbag.py:545} INFO - Filling up the DagBag from /opt/airflow/dags/dbt.py
[2026-03-15T18:38:10.682+0000] {logging_mixin.py:188} INFO - [2026-03-15T18:38:10.677+0000] {dagbag.py:355} ERROR - Failed to import: /opt/airflow/dags/dbt.py
Traceback (most recent call last):
  File "/home/airflow/.local/lib/python3.12/site-packages/airflow/models/dagbag.py", line 351, in parse
    loader.exec_module(new_module)
  File "<frozen importlib._bootstrap_external>", line 995, in exec_module
  File "<frozen importlib._bootstrap>", line 488, in _call_with_frames_removed
  File "/opt/airflow/dags/dbt.py", line 2, in <module>
    from airflow.providers.standard.operators.bash import BashOperator
ModuleNotFoundError: No module named 'airflow.providers.standard'
[2026-03-15T18:38:10.684+0000] {processor.py:842} WARNING - No viable dags retrieved from /opt/airflow/dags/dbt.py
[2026-03-15T18:38:10.719+0000] {processor.py:183} INFO - Processing /opt/airflow/dags/dbt.py took 0.068 seconds
[2026-03-15T18:38:41.116+0000] {processor.py:161} INFO - Started process (PID=4228) to work on /opt/airflow/dags/dbt.py
[2026-03-15T18:38:41.117+0000] {processor.py:830} INFO - Processing file /opt/airflow/dags/dbt.py for tasks to queue
[2026-03-15T18:38:41.123+0000] {logging_mixin.py:188} INFO - [2026-03-15T18:38:41.122+0000] {dagbag.py:545} INFO - Filling up the DagBag from /opt/airflow/dags/dbt.py
[2026-03-15T18:38:41.136+0000] {logging_mixin.py:188} INFO - [2026-03-15T18:38:41.131+0000] {dagbag.py:355} ERROR - Failed to import: /opt/airflow/dags/dbt.py
Traceback (most recent call last):
  File "/home/airflow/.local/lib/python3.12/site-packages/airflow/models/dagbag.py", line 351, in parse
    loader.exec_module(new_module)
  File "<frozen importlib._bootstrap_external>", line 995, in exec_module
  File "<frozen importlib._bootstrap>", line 488, in _call_with_frames_removed
  File "/opt/airflow/dags/dbt.py", line 2, in <module>
    from airflow.providers.standard.operators.bash import BashOperator
ModuleNotFoundError: No module named 'airflow.providers.standard'
[2026-03-15T18:38:41.136+0000] {processor.py:842} WARNING - No viable dags retrieved from /opt/airflow/dags/dbt.py
[2026-03-15T18:38:41.162+0000] {processor.py:183} INFO - Processing /opt/airflow/dags/dbt.py took 0.062 seconds
[2026-03-15T18:39:11.574+0000] {processor.py:161} INFO - Started process (PID=4230) to work on /opt/airflow/dags/dbt.py
[2026-03-15T18:39:11.576+0000] {processor.py:830} INFO - Processing file /opt/airflow/dags/dbt.py for tasks to queue
[2026-03-15T18:39:11.581+0000] {logging_mixin.py:188} INFO - [2026-03-15T18:39:11.580+0000] {dagbag.py:545} INFO - Filling up the DagBag from /opt/airflow/dags/dbt.py
[2026-03-15T18:39:11.592+0000] {logging_mixin.py:188} INFO - [2026-03-15T18:39:11.587+0000] {dagbag.py:355} ERROR - Failed to import: /opt/airflow/dags/dbt.py
Traceback (most recent call last):
  File "/home/airflow/.local/lib/python3.12/site-packages/airflow/models/dagbag.py", line 351, in parse
    loader.exec_module(new_module)
  File "<frozen importlib._bootstrap_external>", line 995, in exec_module
  File "<frozen importlib._bootstrap>", line 488, in _call_with_frames_removed
  File "/opt/airflow/dags/dbt.py", line 2, in <module>
    from airflow.providers.standard.operators.bash import BashOperator
ModuleNotFoundError: No module named 'airflow.providers.standard'
[2026-03-15T18:39:11.592+0000] {processor.py:842} WARNING - No viable dags retrieved from /opt/airflow/dags/dbt.py
[2026-03-15T18:39:11.627+0000] {processor.py:183} INFO - Processing /opt/airflow/dags/dbt.py took 0.072 seconds
[2026-03-15T18:39:42.038+0000] {processor.py:161} INFO - Started process (PID=4232) to work on /opt/airflow/dags/dbt.py
[2026-03-15T18:39:42.040+0000] {processor.py:830} INFO - Processing file /opt/airflow/dags/dbt.py for tasks to queue
[2026-03-15T18:39:42.049+0000] {logging_mixin.py:188} INFO - [2026-03-15T18:39:42.049+0000] {dagbag.py:545} INFO - Filling up the DagBag from /opt/airflow/dags/dbt.py
[2026-03-15T18:39:42.061+0000] {logging_mixin.py:188} INFO - [2026-03-15T18:39:42.058+0000] {dagbag.py:355} ERROR - Failed to import: /opt/airflow/dags/dbt.py
Traceback (most recent call last):
  File "/home/airflow/.local/lib/python3.12/site-packages/airflow/models/dagbag.py", line 351, in parse
    loader.exec_module(new_module)
  File "<frozen importlib._bootstrap_external>", line 995, in exec_module
  File "<frozen importlib._bootstrap>", line 488, in _call_with_frames_removed
  File "/opt/airflow/dags/dbt.py", line 2, in <module>
    from airflow.providers.standard.operators.bash import BashOperator
ModuleNotFoundError: No module named 'airflow.providers.standard'
[2026-03-15T18:39:42.062+0000] {processor.py:842} WARNING - No viable dags retrieved from /opt/airflow/dags/dbt.py
[2026-03-15T18:39:42.108+0000] {processor.py:183} INFO - Processing /opt/airflow/dags/dbt.py took 0.091 seconds
[2026-03-15T18:40:12.547+0000] {processor.py:161} INFO - Started process (PID=4234) to work on /opt/airflow/dags/dbt.py
[2026-03-15T18:40:12.549+0000] {processor.py:830} INFO - Processing file /opt/airflow/dags/dbt.py for tasks to queue
[2026-03-15T18:40:12.554+0000] {logging_mixin.py:188} INFO - [2026-03-15T18:40:12.554+0000] {dagbag.py:545} INFO - Filling up the DagBag from /opt/airflow/dags/dbt.py
[2026-03-15T18:40:12.567+0000] {logging_mixin.py:188} INFO - [2026-03-15T18:40:12.563+0000] {dagbag.py:355} ERROR - Failed to import: /opt/airflow/dags/dbt.py
Traceback (most recent call last):
  File "/home/airflow/.local/lib/python3.12/site-packages/airflow/models/dagbag.py", line 351, in parse
    loader.exec_module(new_module)
  File "<frozen importlib._bootstrap_external>", line 995, in exec_module
  File "<frozen importlib._bootstrap>", line 488, in _call_with_frames_removed
  File "/opt/airflow/dags/dbt.py", line 2, in <module>
    from airflow.providers.standard.operators.bash import BashOperator
ModuleNotFoundError: No module named 'airflow.providers.standard'
[2026-03-15T18:40:12.568+0000] {processor.py:842} WARNING - No viable dags retrieved from /opt/airflow/dags/dbt.py
[2026-03-15T18:40:12.599+0000] {processor.py:183} INFO - Processing /opt/airflow/dags/dbt.py took 0.081 seconds
[2026-03-15T18:40:43.036+0000] {processor.py:161} INFO - Started process (PID=4236) to work on /opt/airflow/dags/dbt.py
[2026-03-15T18:40:43.037+0000] {processor.py:830} INFO - Processing file /opt/airflow/dags/dbt.py for tasks to queue
[2026-03-15T18:40:43.041+0000] {logging_mixin.py:188} INFO - [2026-03-15T18:40:43.041+0000] {dagbag.py:545} INFO - Filling up the DagBag from /opt/airflow/dags/dbt.py
[2026-03-15T18:40:43.050+0000] {logging_mixin.py:188} INFO - [2026-03-15T18:40:43.046+0000] {dagbag.py:355} ERROR - Failed to import: /opt/airflow/dags/dbt.py
Traceback (most recent call last):
  File "/home/airflow/.local/lib/python3.12/site-packages/airflow/models/dagbag.py", line 351, in parse
    loader.exec_module(new_module)
  File "<frozen importlib._bootstrap_external>", line 995, in exec_module
  File "<frozen importlib._bootstrap>", line 488, in _call_with_frames_removed
  File "/opt/airflow/dags/dbt.py", line 2, in <module>
    from airflow.providers.standard.operators.bash import BashOperator
ModuleNotFoundError: No module named 'airflow.providers.standard'
[2026-03-15T18:40:43.051+0000] {processor.py:842} WARNING - No viable dags retrieved from /opt/airflow/dags/dbt.py
[2026-03-15T18:40:43.100+0000] {processor.py:183} INFO - Processing /opt/airflow/dags/dbt.py took 0.086 seconds
[2026-03-15T18:41:13.510+0000] {processor.py:161} INFO - Started process (PID=4238) to work on /opt/airflow/dags/dbt.py
[2026-03-15T18:41:13.512+0000] {processor.py:830} INFO - Processing file /opt/airflow/dags/dbt.py for tasks to queue
[2026-03-15T18:41:13.516+0000] {logging_mixin.py:188} INFO - [2026-03-15T18:41:13.515+0000] {dagbag.py:545} INFO - Filling up the DagBag from /opt/airflow/dags/dbt.py
[2026-03-15T18:41:13.522+0000] {logging_mixin.py:188} INFO - [2026-03-15T18:41:13.520+0000] {dagbag.py:355} ERROR - Failed to import: /opt/airflow/dags/dbt.py
Traceback (most recent call last):
  File "/home/airflow/.local/lib/python3.12/site-packages/airflow/models/dagbag.py", line 351, in parse
    loader.exec_module(new_module)
  File "<frozen importlib._bootstrap_external>", line 995, in exec_module
  File "<frozen importlib._bootstrap>", line 488, in _call_with_frames_removed
  File "/opt/airflow/dags/dbt.py", line 2, in <module>
    from airflow.providers.standard.operators.bash import BashOperator
ModuleNotFoundError: No module named 'airflow.providers.standard'
[2026-03-15T18:41:13.523+0000] {processor.py:842} WARNING - No viable dags retrieved from /opt/airflow/dags/dbt.py
[2026-03-15T18:41:13.544+0000] {processor.py:183} INFO - Processing /opt/airflow/dags/dbt.py took 0.047 seconds
[2026-03-15T18:41:43.943+0000] {processor.py:161} INFO - Started process (PID=4240) to work on /opt/airflow/dags/dbt.py
[2026-03-15T18:41:43.945+0000] {processor.py:830} INFO - Processing file /opt/airflow/dags/dbt.py for tasks to queue
[2026-03-15T18:41:43.950+0000] {logging_mixin.py:188} INFO - [2026-03-15T18:41:43.950+0000] {dagbag.py:545} INFO - Filling up the DagBag from /opt/airflow/dags/dbt.py
[2026-03-15T18:41:43.963+0000] {logging_mixin.py:188} INFO - [2026-03-15T18:41:43.961+0000] {dagbag.py:355} ERROR - Failed to import: /opt/airflow/dags/dbt.py
Traceback (most recent call last):
  File "/home/airflow/.local/lib/python3.12/site-packages/airflow/models/dagbag.py", line 351, in parse
    loader.exec_module(new_module)
  File "<frozen importlib._bootstrap_external>", line 995, in exec_module
  File "<frozen importlib._bootstrap>", line 488, in _call_with_frames_removed
  File "/opt/airflow/dags/dbt.py", line 2, in <module>
    from airflow.providers.standard.operators.bash import BashOperator
ModuleNotFoundError: No module named 'airflow.providers.standard'
[2026-03-15T18:41:43.963+0000] {processor.py:842} WARNING - No viable dags retrieved from /opt/airflow/dags/dbt.py
[2026-03-15T18:41:44.004+0000] {processor.py:183} INFO - Processing /opt/airflow/dags/dbt.py took 0.083 seconds
[2026-03-15T18:42:14.389+0000] {processor.py:161} INFO - Started process (PID=4242) to work on /opt/airflow/dags/dbt.py
[2026-03-15T18:42:14.392+0000] {processor.py:830} INFO - Processing file /opt/airflow/dags/dbt.py for tasks to queue
[2026-03-15T18:42:14.394+0000] {logging_mixin.py:188} INFO - [2026-03-15T18:42:14.394+0000] {dagbag.py:545} INFO - Filling up the DagBag from /opt/airflow/dags/dbt.py
[2026-03-15T18:42:14.400+0000] {logging_mixin.py:188} INFO - [2026-03-15T18:42:14.397+0000] {dagbag.py:355} ERROR - Failed to import: /opt/airflow/dags/dbt.py
Traceback (most recent call last):
  File "/home/airflow/.local/lib/python3.12/site-packages/airflow/models/dagbag.py", line 351, in parse
    loader.exec_module(new_module)
  File "<frozen importlib._bootstrap_external>", line 995, in exec_module
  File "<frozen importlib._bootstrap>", line 488, in _call_with_frames_removed
  File "/opt/airflow/dags/dbt.py", line 2, in <module>
    from airflow.providers.standard.operators.bash import BashOperator
ModuleNotFoundError: No module named 'airflow.providers.standard'
[2026-03-15T18:42:14.401+0000] {processor.py:842} WARNING - No viable dags retrieved from /opt/airflow/dags/dbt.py
[2026-03-15T18:42:14.422+0000] {processor.py:183} INFO - Processing /opt/airflow/dags/dbt.py took 0.040 seconds
[2026-03-15T18:42:44.884+0000] {processor.py:161} INFO - Started process (PID=4244) to work on /opt/airflow/dags/dbt.py
[2026-03-15T18:42:44.888+0000] {processor.py:830} INFO - Processing file /opt/airflow/dags/dbt.py for tasks to queue
[2026-03-15T18:42:44.894+0000] {logging_mixin.py:188} INFO - [2026-03-15T18:42:44.893+0000] {dagbag.py:545} INFO - Filling up the DagBag from /opt/airflow/dags/dbt.py
[2026-03-15T18:42:44.904+0000] {logging_mixin.py:188} INFO - [2026-03-15T18:42:44.901+0000] {dagbag.py:355} ERROR - Failed to import: /opt/airflow/dags/dbt.py
Traceback (most recent call last):
  File "/home/airflow/.local/lib/python3.12/site-packages/airflow/models/dagbag.py", line 351, in parse
    loader.exec_module(new_module)
  File "<frozen importlib._bootstrap_external>", line 995, in exec_module
  File "<frozen importlib._bootstrap>", line 488, in _call_with_frames_removed
  File "/opt/airflow/dags/dbt.py", line 2, in <module>
    from airflow.providers.standard.operators.bash import BashOperator
ModuleNotFoundError: No module named 'airflow.providers.standard'
[2026-03-15T18:42:44.905+0000] {processor.py:842} WARNING - No viable dags retrieved from /opt/airflow/dags/dbt.py
[2026-03-15T18:42:44.938+0000] {processor.py:183} INFO - Processing /opt/airflow/dags/dbt.py took 0.076 seconds
[2026-03-15T18:43:15.341+0000] {processor.py:161} INFO - Started process (PID=4246) to work on /opt/airflow/dags/dbt.py
[2026-03-15T18:43:15.342+0000] {processor.py:830} INFO - Processing file /opt/airflow/dags/dbt.py for tasks to queue
[2026-03-15T18:43:15.346+0000] {logging_mixin.py:188} INFO - [2026-03-15T18:43:15.345+0000] {dagbag.py:545} INFO - Filling up the DagBag from /opt/airflow/dags/dbt.py
[2026-03-15T18:43:15.354+0000] {logging_mixin.py:188} INFO - [2026-03-15T18:43:15.353+0000] {dagbag.py:355} ERROR - Failed to import: /opt/airflow/dags/dbt.py
Traceback (most recent call last):
  File "/home/airflow/.local/lib/python3.12/site-packages/airflow/models/dagbag.py", line 351, in parse
    loader.exec_module(new_module)
  File "<frozen importlib._bootstrap_external>", line 995, in exec_module
  File "<frozen importlib._bootstrap>", line 488, in _call_with_frames_removed
  File "/opt/airflow/dags/dbt.py", line 2, in <module>
    from airflow.providers.standard.operators.bash import BashOperator
ModuleNotFoundError: No module named 'airflow.providers.standard'
[2026-03-15T18:43:15.354+0000] {processor.py:842} WARNING - No viable dags retrieved from /opt/airflow/dags/dbt.py
[2026-03-15T18:43:15.387+0000] {processor.py:183} INFO - Processing /opt/airflow/dags/dbt.py took 0.070 seconds
[2026-03-15T18:43:45.826+0000] {processor.py:161} INFO - Started process (PID=4248) to work on /opt/airflow/dags/dbt.py
[2026-03-15T18:43:45.827+0000] {processor.py:830} INFO - Processing file /opt/airflow/dags/dbt.py for tasks to queue
[2026-03-15T18:43:45.831+0000] {logging_mixin.py:188} INFO - [2026-03-15T18:43:45.830+0000] {dagbag.py:545} INFO - Filling up the DagBag from /opt/airflow/dags/dbt.py
[2026-03-15T18:43:45.840+0000] {logging_mixin.py:188} INFO - [2026-03-15T18:43:45.839+0000] {dagbag.py:355} ERROR - Failed to import: /opt/airflow/dags/dbt.py
Traceback (most recent call last):
  File "/home/airflow/.local/lib/python3.12/site-packages/airflow/models/dagbag.py", line 351, in parse
    loader.exec_module(new_module)
  File "<frozen importlib._bootstrap_external>", line 995, in exec_module
  File "<frozen importlib._bootstrap>", line 488, in _call_with_frames_removed
  File "/opt/airflow/dags/dbt.py", line 2, in <module>
    from airflow.providers.standard.operators.bash import BashOperator
ModuleNotFoundError: No module named 'airflow.providers.standard'
[2026-03-15T18:43:45.841+0000] {processor.py:842} WARNING - No viable dags retrieved from /opt/airflow/dags/dbt.py
[2026-03-15T18:43:45.878+0000] {processor.py:183} INFO - Processing /opt/airflow/dags/dbt.py took 0.076 seconds
[2026-03-15T18:44:16.312+0000] {processor.py:161} INFO - Started process (PID=4250) to work on /opt/airflow/dags/dbt.py
[2026-03-15T18:44:16.315+0000] {processor.py:830} INFO - Processing file /opt/airflow/dags/dbt.py for tasks to queue
[2026-03-15T18:44:16.322+0000] {logging_mixin.py:188} INFO - [2026-03-15T18:44:16.322+0000] {dagbag.py:545} INFO - Filling up the DagBag from /opt/airflow/dags/dbt.py
[2026-03-15T18:44:16.329+0000] {logging_mixin.py:188} INFO - [2026-03-15T18:44:16.328+0000] {dagbag.py:355} ERROR - Failed to import: /opt/airflow/dags/dbt.py
Traceback (most recent call last):
  File "/home/airflow/.local/lib/python3.12/site-packages/airflow/models/dagbag.py", line 351, in parse
    loader.exec_module(new_module)
  File "<frozen importlib._bootstrap_external>", line 995, in exec_module
  File "<frozen importlib._bootstrap>", line 488, in _call_with_frames_removed
  File "/opt/airflow/dags/dbt.py", line 2, in <module>
    from airflow.providers.standard.operators.bash import BashOperator
ModuleNotFoundError: No module named 'airflow.providers.standard'
[2026-03-15T18:44:16.330+0000] {processor.py:842} WARNING - No viable dags retrieved from /opt/airflow/dags/dbt.py
[2026-03-15T18:44:16.366+0000] {processor.py:183} INFO - Processing /opt/airflow/dags/dbt.py took 0.066 seconds
[2026-03-15T18:44:46.789+0000] {processor.py:161} INFO - Started process (PID=4252) to work on /opt/airflow/dags/dbt.py
[2026-03-15T18:44:46.791+0000] {processor.py:830} INFO - Processing file /opt/airflow/dags/dbt.py for tasks to queue
[2026-03-15T18:44:46.795+0000] {logging_mixin.py:188} INFO - [2026-03-15T18:44:46.794+0000] {dagbag.py:545} INFO - Filling up the DagBag from /opt/airflow/dags/dbt.py
[2026-03-15T18:44:46.807+0000] {logging_mixin.py:188} INFO - [2026-03-15T18:44:46.801+0000] {dagbag.py:355} ERROR - Failed to import: /opt/airflow/dags/dbt.py
Traceback (most recent call last):
  File "/home/airflow/.local/lib/python3.12/site-packages/airflow/models/dagbag.py", line 351, in parse
    loader.exec_module(new_module)
  File "<frozen importlib._bootstrap_external>", line 995, in exec_module
  File "<frozen importlib._bootstrap>", line 488, in _call_with_frames_removed
  File "/opt/airflow/dags/dbt.py", line 2, in <module>
    from airflow.providers.standard.operators.bash import BashOperator
ModuleNotFoundError: No module named 'airflow.providers.standard'
[2026-03-15T18:44:46.809+0000] {processor.py:842} WARNING - No viable dags retrieved from /opt/airflow/dags/dbt.py
[2026-03-15T18:44:46.854+0000] {processor.py:183} INFO - Processing /opt/airflow/dags/dbt.py took 0.086 seconds
[2026-03-15T18:45:17.319+0000] {processor.py:161} INFO - Started process (PID=4254) to work on /opt/airflow/dags/dbt.py
[2026-03-15T18:45:17.320+0000] {processor.py:830} INFO - Processing file /opt/airflow/dags/dbt.py for tasks to queue
[2026-03-15T18:45:17.328+0000] {logging_mixin.py:188} INFO - [2026-03-15T18:45:17.327+0000] {dagbag.py:545} INFO - Filling up the DagBag from /opt/airflow/dags/dbt.py
[2026-03-15T18:45:17.335+0000] {logging_mixin.py:188} INFO - [2026-03-15T18:45:17.332+0000] {dagbag.py:355} ERROR - Failed to import: /opt/airflow/dags/dbt.py
Traceback (most recent call last):
  File "/home/airflow/.local/lib/python3.12/site-packages/airflow/models/dagbag.py", line 351, in parse
    loader.exec_module(new_module)
  File "<frozen importlib._bootstrap_external>", line 995, in exec_module
  File "<frozen importlib._bootstrap>", line 488, in _call_with_frames_removed
  File "/opt/airflow/dags/dbt.py", line 2, in <module>
    from airflow.providers.standard.operators.bash import BashOperator
ModuleNotFoundError: No module named 'airflow.providers.standard'
[2026-03-15T18:45:17.336+0000] {processor.py:842} WARNING - No viable dags retrieved from /opt/airflow/dags/dbt.py
[2026-03-15T18:45:17.371+0000] {processor.py:183} INFO - Processing /opt/airflow/dags/dbt.py took 0.105 seconds
[2026-03-15T18:45:47.796+0000] {processor.py:161} INFO - Started process (PID=4256) to work on /opt/airflow/dags/dbt.py
[2026-03-15T18:45:47.797+0000] {processor.py:830} INFO - Processing file /opt/airflow/dags/dbt.py for tasks to queue
[2026-03-15T18:45:47.803+0000] {logging_mixin.py:188} INFO - [2026-03-15T18:45:47.802+0000] {dagbag.py:545} INFO - Filling up the DagBag from /opt/airflow/dags/dbt.py
[2026-03-15T18:45:47.814+0000] {logging_mixin.py:188} INFO - [2026-03-15T18:45:47.809+0000] {dagbag.py:355} ERROR - Failed to import: /opt/airflow/dags/dbt.py
Traceback (most recent call last):
  File "/home/airflow/.local/lib/python3.12/site-packages/airflow/models/dagbag.py", line 351, in parse
    loader.exec_module(new_module)
  File "<frozen importlib._bootstrap_external>", line 995, in exec_module
  File "<frozen importlib._bootstrap>", line 488, in _call_with_frames_removed
  File "/opt/airflow/dags/dbt.py", line 2, in <module>
    from airflow.providers.standard.operators.bash import BashOperator
ModuleNotFoundError: No module named 'airflow.providers.standard'
[2026-03-15T18:45:47.815+0000] {processor.py:842} WARNING - No viable dags retrieved from /opt/airflow/dags/dbt.py
[2026-03-15T18:45:47.845+0000] {processor.py:183} INFO - Processing /opt/airflow/dags/dbt.py took 0.074 seconds
[2026-03-15T18:46:18.312+0000] {processor.py:161} INFO - Started process (PID=4258) to work on /opt/airflow/dags/dbt.py
[2026-03-15T18:46:18.313+0000] {processor.py:830} INFO - Processing file /opt/airflow/dags/dbt.py for tasks to queue
[2026-03-15T18:46:18.319+0000] {logging_mixin.py:188} INFO - [2026-03-15T18:46:18.318+0000] {dagbag.py:545} INFO - Filling up the DagBag from /opt/airflow/dags/dbt.py
[2026-03-15T18:46:18.328+0000] {logging_mixin.py:188} INFO - [2026-03-15T18:46:18.325+0000] {dagbag.py:355} ERROR - Failed to import: /opt/airflow/dags/dbt.py
Traceback (most recent call last):
  File "/home/airflow/.local/lib/python3.12/site-packages/airflow/models/dagbag.py", line 351, in parse
    loader.exec_module(new_module)
  File "<frozen importlib._bootstrap_external>", line 995, in exec_module
  File "<frozen importlib._bootstrap>", line 488, in _call_with_frames_removed
  File "/opt/airflow/dags/dbt.py", line 2, in <module>
    from airflow.providers.standard.operators.bash import BashOperator
ModuleNotFoundError: No module named 'airflow.providers.standard'
[2026-03-15T18:46:18.332+0000] {processor.py:842} WARNING - No viable dags retrieved from /opt/airflow/dags/dbt.py
[2026-03-15T18:46:18.365+0000] {processor.py:183} INFO - Processing /opt/airflow/dags/dbt.py took 0.079 seconds
[2026-03-15T18:46:48.824+0000] {processor.py:161} INFO - Started process (PID=4260) to work on /opt/airflow/dags/dbt.py
[2026-03-15T18:46:48.830+0000] {processor.py:830} INFO - Processing file /opt/airflow/dags/dbt.py for tasks to queue
[2026-03-15T18:46:48.835+0000] {logging_mixin.py:188} INFO - [2026-03-15T18:46:48.835+0000] {dagbag.py:545} INFO - Filling up the DagBag from /opt/airflow/dags/dbt.py
[2026-03-15T18:46:48.850+0000] {logging_mixin.py:188} INFO - [2026-03-15T18:46:48.846+0000] {dagbag.py:355} ERROR - Failed to import: /opt/airflow/dags/dbt.py
Traceback (most recent call last):
  File "/home/airflow/.local/lib/python3.12/site-packages/airflow/models/dagbag.py", line 351, in parse
    loader.exec_module(new_module)
  File "<frozen importlib._bootstrap_external>", line 995, in exec_module
  File "<frozen importlib._bootstrap>", line 488, in _call_with_frames_removed
  File "/opt/airflow/dags/dbt.py", line 2, in <module>
    from airflow.providers.standard.operators.bash import BashOperator
ModuleNotFoundError: No module named 'airflow.providers.standard'
[2026-03-15T18:46:48.850+0000] {processor.py:842} WARNING - No viable dags retrieved from /opt/airflow/dags/dbt.py
[2026-03-15T18:46:48.890+0000] {processor.py:183} INFO - Processing /opt/airflow/dags/dbt.py took 0.092 seconds
[2026-03-15T18:47:19.302+0000] {processor.py:161} INFO - Started process (PID=4262) to work on /opt/airflow/dags/dbt.py
[2026-03-15T18:47:19.306+0000] {processor.py:830} INFO - Processing file /opt/airflow/dags/dbt.py for tasks to queue
[2026-03-15T18:47:19.311+0000] {logging_mixin.py:188} INFO - [2026-03-15T18:47:19.311+0000] {dagbag.py:545} INFO - Filling up the DagBag from /opt/airflow/dags/dbt.py
[2026-03-15T18:47:19.325+0000] {logging_mixin.py:188} INFO - [2026-03-15T18:47:19.322+0000] {dagbag.py:355} ERROR - Failed to import: /opt/airflow/dags/dbt.py
Traceback (most recent call last):
  File "/home/airflow/.local/lib/python3.12/site-packages/airflow/models/dagbag.py", line 351, in parse
    loader.exec_module(new_module)
  File "<frozen importlib._bootstrap_external>", line 995, in exec_module
  File "<frozen importlib._bootstrap>", line 488, in _call_with_frames_removed
  File "/opt/airflow/dags/dbt.py", line 2, in <module>
    from airflow.providers.standard.operators.bash import BashOperator
ModuleNotFoundError: No module named 'airflow.providers.standard'
[2026-03-15T18:47:19.327+0000] {processor.py:842} WARNING - No viable dags retrieved from /opt/airflow/dags/dbt.py
[2026-03-15T18:47:19.356+0000] {processor.py:183} INFO - Processing /opt/airflow/dags/dbt.py took 0.079 seconds
[2026-03-15T18:47:49.823+0000] {processor.py:161} INFO - Started process (PID=4264) to work on /opt/airflow/dags/dbt.py
[2026-03-15T18:47:49.824+0000] {processor.py:830} INFO - Processing file /opt/airflow/dags/dbt.py for tasks to queue
[2026-03-15T18:47:49.831+0000] {logging_mixin.py:188} INFO - [2026-03-15T18:47:49.831+0000] {dagbag.py:545} INFO - Filling up the DagBag from /opt/airflow/dags/dbt.py
[2026-03-15T18:47:49.839+0000] {logging_mixin.py:188} INFO - [2026-03-15T18:47:49.836+0000] {dagbag.py:355} ERROR - Failed to import: /opt/airflow/dags/dbt.py
Traceback (most recent call last):
  File "/home/airflow/.local/lib/python3.12/site-packages/airflow/models/dagbag.py", line 351, in parse
    loader.exec_module(new_module)
  File "<frozen importlib._bootstrap_external>", line 995, in exec_module
  File "<frozen importlib._bootstrap>", line 488, in _call_with_frames_removed
  File "/opt/airflow/dags/dbt.py", line 2, in <module>
    from airflow.providers.standard.operators.bash import BashOperator
ModuleNotFoundError: No module named 'airflow.providers.standard'
[2026-03-15T18:47:49.841+0000] {processor.py:842} WARNING - No viable dags retrieved from /opt/airflow/dags/dbt.py
[2026-03-15T18:47:49.870+0000] {processor.py:183} INFO - Processing /opt/airflow/dags/dbt.py took 0.065 seconds
[2026-03-15T18:48:20.341+0000] {processor.py:161} INFO - Started process (PID=4266) to work on /opt/airflow/dags/dbt.py
[2026-03-15T18:48:20.342+0000] {processor.py:830} INFO - Processing file /opt/airflow/dags/dbt.py for tasks to queue
[2026-03-15T18:48:20.347+0000] {logging_mixin.py:188} INFO - [2026-03-15T18:48:20.346+0000] {dagbag.py:545} INFO - Filling up the DagBag from /opt/airflow/dags/dbt.py
[2026-03-15T18:48:20.354+0000] {logging_mixin.py:188} INFO - [2026-03-15T18:48:20.352+0000] {dagbag.py:355} ERROR - Failed to import: /opt/airflow/dags/dbt.py
Traceback (most recent call last):
  File "/home/airflow/.local/lib/python3.12/site-packages/airflow/models/dagbag.py", line 351, in parse
    loader.exec_module(new_module)
  File "<frozen importlib._bootstrap_external>", line 995, in exec_module
  File "<frozen importlib._bootstrap>", line 488, in _call_with_frames_removed
  File "/opt/airflow/dags/dbt.py", line 2, in <module>
    from airflow.providers.standard.operators.bash import BashOperator
ModuleNotFoundError: No module named 'airflow.providers.standard'
[2026-03-15T18:48:20.354+0000] {processor.py:842} WARNING - No viable dags retrieved from /opt/airflow/dags/dbt.py
[2026-03-15T18:48:20.390+0000] {processor.py:183} INFO - Processing /opt/airflow/dags/dbt.py took 0.073 seconds
[2026-03-15T18:48:50.822+0000] {processor.py:161} INFO - Started process (PID=4268) to work on /opt/airflow/dags/dbt.py
[2026-03-15T18:48:50.823+0000] {processor.py:830} INFO - Processing file /opt/airflow/dags/dbt.py for tasks to queue
[2026-03-15T18:48:50.828+0000] {logging_mixin.py:188} INFO - [2026-03-15T18:48:50.827+0000] {dagbag.py:545} INFO - Filling up the DagBag from /opt/airflow/dags/dbt.py
[2026-03-15T18:48:50.836+0000] {logging_mixin.py:188} INFO - [2026-03-15T18:48:50.835+0000] {dagbag.py:355} ERROR - Failed to import: /opt/airflow/dags/dbt.py
Traceback (most recent call last):
  File "/home/airflow/.local/lib/python3.12/site-packages/airflow/models/dagbag.py", line 351, in parse
    loader.exec_module(new_module)
  File "<frozen importlib._bootstrap_external>", line 995, in exec_module
  File "<frozen importlib._bootstrap>", line 488, in _call_with_frames_removed
  File "/opt/airflow/dags/dbt.py", line 2, in <module>
    from airflow.providers.standard.operators.bash import BashOperator
ModuleNotFoundError: No module named 'airflow.providers.standard'
[2026-03-15T18:48:50.837+0000] {processor.py:842} WARNING - No viable dags retrieved from /opt/airflow/dags/dbt.py
[2026-03-15T18:48:50.866+0000] {processor.py:183} INFO - Processing /opt/airflow/dags/dbt.py took 0.060 seconds
[2026-03-15T18:49:21.289+0000] {processor.py:161} INFO - Started process (PID=4270) to work on /opt/airflow/dags/dbt.py
[2026-03-15T18:49:21.290+0000] {processor.py:830} INFO - Processing file /opt/airflow/dags/dbt.py for tasks to queue
[2026-03-15T18:49:21.296+0000] {logging_mixin.py:188} INFO - [2026-03-15T18:49:21.295+0000] {dagbag.py:545} INFO - Filling up the DagBag from /opt/airflow/dags/dbt.py
[2026-03-15T18:49:21.305+0000] {logging_mixin.py:188} INFO - [2026-03-15T18:49:21.302+0000] {dagbag.py:355} ERROR - Failed to import: /opt/airflow/dags/dbt.py
Traceback (most recent call last):
  File "/home/airflow/.local/lib/python3.12/site-packages/airflow/models/dagbag.py", line 351, in parse
    loader.exec_module(new_module)
  File "<frozen importlib._bootstrap_external>", line 995, in exec_module
  File "<frozen importlib._bootstrap>", line 488, in _call_with_frames_removed
  File "/opt/airflow/dags/dbt.py", line 2, in <module>
    from airflow.providers.standard.operators.bash import BashOperator
ModuleNotFoundError: No module named 'airflow.providers.standard'
[2026-03-15T18:49:21.307+0000] {processor.py:842} WARNING - No viable dags retrieved from /opt/airflow/dags/dbt.py
[2026-03-15T18:49:21.339+0000] {processor.py:183} INFO - Processing /opt/airflow/dags/dbt.py took 0.078 seconds
[2026-03-15T18:49:51.676+0000] {processor.py:161} INFO - Started process (PID=4272) to work on /opt/airflow/dags/dbt.py
[2026-03-15T18:49:51.677+0000] {processor.py:830} INFO - Processing file /opt/airflow/dags/dbt.py for tasks to queue
[2026-03-15T18:49:51.683+0000] {logging_mixin.py:188} INFO - [2026-03-15T18:49:51.683+0000] {dagbag.py:545} INFO - Filling up the DagBag from /opt/airflow/dags/dbt.py
[2026-03-15T18:49:51.691+0000] {logging_mixin.py:188} INFO - [2026-03-15T18:49:51.689+0000] {dagbag.py:355} ERROR - Failed to import: /opt/airflow/dags/dbt.py
Traceback (most recent call last):
  File "/home/airflow/.local/lib/python3.12/site-packages/airflow/models/dagbag.py", line 351, in parse
    loader.exec_module(new_module)
  File "<frozen importlib._bootstrap_external>", line 995, in exec_module
  File "<frozen importlib._bootstrap>", line 488, in _call_with_frames_removed
  File "/opt/airflow/dags/dbt.py", line 2, in <module>
    from airflow.providers.standard.operators.bash import BashOperator
ModuleNotFoundError: No module named 'airflow.providers.standard'
[2026-03-15T18:49:51.694+0000] {processor.py:842} WARNING - No viable dags retrieved from /opt/airflow/dags/dbt.py
[2026-03-15T18:49:51.719+0000] {processor.py:183} INFO - Processing /opt/airflow/dags/dbt.py took 0.061 seconds
[2026-03-15T18:50:22.104+0000] {processor.py:161} INFO - Started process (PID=4274) to work on /opt/airflow/dags/dbt.py
[2026-03-15T18:50:22.105+0000] {processor.py:830} INFO - Processing file /opt/airflow/dags/dbt.py for tasks to queue
[2026-03-15T18:50:22.108+0000] {logging_mixin.py:188} INFO - [2026-03-15T18:50:22.108+0000] {dagbag.py:545} INFO - Filling up the DagBag from /opt/airflow/dags/dbt.py
[2026-03-15T18:50:22.114+0000] {logging_mixin.py:188} INFO - [2026-03-15T18:50:22.113+0000] {dagbag.py:355} ERROR - Failed to import: /opt/airflow/dags/dbt.py
Traceback (most recent call last):
  File "/home/airflow/.local/lib/python3.12/site-packages/airflow/models/dagbag.py", line 351, in parse
    loader.exec_module(new_module)
  File "<frozen importlib._bootstrap_external>", line 995, in exec_module
  File "<frozen importlib._bootstrap>", line 488, in _call_with_frames_removed
  File "/opt/airflow/dags/dbt.py", line 2, in <module>
    from airflow.providers.standard.operators.bash import BashOperator
ModuleNotFoundError: No module named 'airflow.providers.standard'
[2026-03-15T18:50:22.115+0000] {processor.py:842} WARNING - No viable dags retrieved from /opt/airflow/dags/dbt.py
[2026-03-15T18:50:22.141+0000] {processor.py:183} INFO - Processing /opt/airflow/dags/dbt.py took 0.052 seconds
[2026-03-15T18:50:52.589+0000] {processor.py:161} INFO - Started process (PID=4276) to work on /opt/airflow/dags/dbt.py
[2026-03-15T18:50:52.591+0000] {processor.py:830} INFO - Processing file /opt/airflow/dags/dbt.py for tasks to queue
[2026-03-15T18:50:52.595+0000] {logging_mixin.py:188} INFO - [2026-03-15T18:50:52.595+0000] {dagbag.py:545} INFO - Filling up the DagBag from /opt/airflow/dags/dbt.py
[2026-03-15T18:50:52.607+0000] {logging_mixin.py:188} INFO - [2026-03-15T18:50:52.605+0000] {dagbag.py:355} ERROR - Failed to import: /opt/airflow/dags/dbt.py
Traceback (most recent call last):
  File "/home/airflow/.local/lib/python3.12/site-packages/airflow/models/dagbag.py", line 351, in parse
    loader.exec_module(new_module)
  File "<frozen importlib._bootstrap_external>", line 995, in exec_module
  File "<frozen importlib._bootstrap>", line 488, in _call_with_frames_removed
  File "/opt/airflow/dags/dbt.py", line 2, in <module>
    from airflow.providers.standard.operators.bash import BashOperator
ModuleNotFoundError: No module named 'airflow.providers.standard'
[2026-03-15T18:50:52.609+0000] {processor.py:842} WARNING - No viable dags retrieved from /opt/airflow/dags/dbt.py
[2026-03-15T18:50:52.639+0000] {processor.py:183} INFO - Processing /opt/airflow/dags/dbt.py took 0.073 seconds
[2026-03-15T18:51:23.080+0000] {processor.py:161} INFO - Started process (PID=4278) to work on /opt/airflow/dags/dbt.py
[2026-03-15T18:51:23.083+0000] {processor.py:830} INFO - Processing file /opt/airflow/dags/dbt.py for tasks to queue
[2026-03-15T18:51:23.092+0000] {logging_mixin.py:188} INFO - [2026-03-15T18:51:23.091+0000] {dagbag.py:545} INFO - Filling up the DagBag from /opt/airflow/dags/dbt.py
[2026-03-15T18:51:23.119+0000] {logging_mixin.py:188} INFO - [2026-03-15T18:51:23.115+0000] {dagbag.py:355} ERROR - Failed to import: /opt/airflow/dags/dbt.py
Traceback (most recent call last):
  File "/home/airflow/.local/lib/python3.12/site-packages/airflow/models/dagbag.py", line 351, in parse
    loader.exec_module(new_module)
  File "<frozen importlib._bootstrap_external>", line 995, in exec_module
  File "<frozen importlib._bootstrap>", line 488, in _call_with_frames_removed
  File "/opt/airflow/dags/dbt.py", line 2, in <module>
    from airflow.providers.standard.operators.bash import BashOperator
ModuleNotFoundError: No module named 'airflow.providers.standard'
[2026-03-15T18:51:23.120+0000] {processor.py:842} WARNING - No viable dags retrieved from /opt/airflow/dags/dbt.py
[2026-03-15T18:51:23.157+0000] {processor.py:183} INFO - Processing /opt/airflow/dags/dbt.py took 0.117 seconds
[2026-03-15T18:51:53.582+0000] {processor.py:161} INFO - Started process (PID=4280) to work on /opt/airflow/dags/dbt.py
[2026-03-15T18:51:53.584+0000] {processor.py:830} INFO - Processing file /opt/airflow/dags/dbt.py for tasks to queue
[2026-03-15T18:51:53.588+0000] {logging_mixin.py:188} INFO - [2026-03-15T18:51:53.587+0000] {dagbag.py:545} INFO - Filling up the DagBag from /opt/airflow/dags/dbt.py
[2026-03-15T18:51:53.595+0000] {logging_mixin.py:188} INFO - [2026-03-15T18:51:53.593+0000] {dagbag.py:355} ERROR - Failed to import: /opt/airflow/dags/dbt.py
Traceback (most recent call last):
  File "/home/airflow/.local/lib/python3.12/site-packages/airflow/models/dagbag.py", line 351, in parse
    loader.exec_module(new_module)
  File "<frozen importlib._bootstrap_external>", line 995, in exec_module
  File "<frozen importlib._bootstrap>", line 488, in _call_with_frames_removed
  File "/opt/airflow/dags/dbt.py", line 2, in <module>
    from airflow.providers.standard.operators.bash import BashOperator
ModuleNotFoundError: No module named 'airflow.providers.standard'
[2026-03-15T18:51:53.596+0000] {processor.py:842} WARNING - No viable dags retrieved from /opt/airflow/dags/dbt.py
[2026-03-15T18:51:53.636+0000] {processor.py:183} INFO - Processing /opt/airflow/dags/dbt.py took 0.071 seconds
[2026-03-15T18:52:24.071+0000] {processor.py:161} INFO - Started process (PID=4282) to work on /opt/airflow/dags/dbt.py
[2026-03-15T18:52:24.073+0000] {processor.py:830} INFO - Processing file /opt/airflow/dags/dbt.py for tasks to queue
[2026-03-15T18:52:24.078+0000] {logging_mixin.py:188} INFO - [2026-03-15T18:52:24.077+0000] {dagbag.py:545} INFO - Filling up the DagBag from /opt/airflow/dags/dbt.py
[2026-03-15T18:52:24.083+0000] {logging_mixin.py:188} INFO - [2026-03-15T18:52:24.081+0000] {dagbag.py:355} ERROR - Failed to import: /opt/airflow/dags/dbt.py
Traceback (most recent call last):
  File "/home/airflow/.local/lib/python3.12/site-packages/airflow/models/dagbag.py", line 351, in parse
    loader.exec_module(new_module)
  File "<frozen importlib._bootstrap_external>", line 995, in exec_module
  File "<frozen importlib._bootstrap>", line 488, in _call_with_frames_removed
  File "/opt/airflow/dags/dbt.py", line 2, in <module>
    from airflow.providers.standard.operators.bash import BashOperator
ModuleNotFoundError: No module named 'airflow.providers.standard'
[2026-03-15T18:52:24.085+0000] {processor.py:842} WARNING - No viable dags retrieved from /opt/airflow/dags/dbt.py
[2026-03-15T18:52:24.114+0000] {processor.py:183} INFO - Processing /opt/airflow/dags/dbt.py took 0.056 seconds
[2026-03-15T18:52:54.515+0000] {processor.py:161} INFO - Started process (PID=4284) to work on /opt/airflow/dags/dbt.py
[2026-03-15T18:52:54.516+0000] {processor.py:830} INFO - Processing file /opt/airflow/dags/dbt.py for tasks to queue
[2026-03-15T18:52:54.520+0000] {logging_mixin.py:188} INFO - [2026-03-15T18:52:54.520+0000] {dagbag.py:545} INFO - Filling up the DagBag from /opt/airflow/dags/dbt.py
[2026-03-15T18:52:54.531+0000] {logging_mixin.py:188} INFO - [2026-03-15T18:52:54.530+0000] {dagbag.py:355} ERROR - Failed to import: /opt/airflow/dags/dbt.py
Traceback (most recent call last):
  File "/home/airflow/.local/lib/python3.12/site-packages/airflow/models/dagbag.py", line 351, in parse
    loader.exec_module(new_module)
  File "<frozen importlib._bootstrap_external>", line 995, in exec_module
  File "<frozen importlib._bootstrap>", line 488, in _call_with_frames_removed
  File "/opt/airflow/dags/dbt.py", line 2, in <module>
    from airflow.providers.standard.operators.bash import BashOperator
ModuleNotFoundError: No module named 'airflow.providers.standard'
[2026-03-15T18:52:54.532+0000] {processor.py:842} WARNING - No viable dags retrieved from /opt/airflow/dags/dbt.py
[2026-03-15T18:52:54.563+0000] {processor.py:183} INFO - Processing /opt/airflow/dags/dbt.py took 0.069 seconds
[2026-03-15T18:53:25.000+0000] {processor.py:161} INFO - Started process (PID=4286) to work on /opt/airflow/dags/dbt.py
[2026-03-15T18:53:25.004+0000] {processor.py:830} INFO - Processing file /opt/airflow/dags/dbt.py for tasks to queue
[2026-03-15T18:53:25.008+0000] {logging_mixin.py:188} INFO - [2026-03-15T18:53:25.006+0000] {dagbag.py:545} INFO - Filling up the DagBag from /opt/airflow/dags/dbt.py
[2026-03-15T18:53:25.021+0000] {logging_mixin.py:188} INFO - [2026-03-15T18:53:25.016+0000] {dagbag.py:355} ERROR - Failed to import: /opt/airflow/dags/dbt.py
Traceback (most recent call last):
  File "/home/airflow/.local/lib/python3.12/site-packages/airflow/models/dagbag.py", line 351, in parse
    loader.exec_module(new_module)
  File "<frozen importlib._bootstrap_external>", line 995, in exec_module
  File "<frozen importlib._bootstrap>", line 488, in _call_with_frames_removed
  File "/opt/airflow/dags/dbt.py", line 2, in <module>
    from airflow.providers.standard.operators.bash import BashOperator
ModuleNotFoundError: No module named 'airflow.providers.standard'
[2026-03-15T18:53:25.022+0000] {processor.py:842} WARNING - No viable dags retrieved from /opt/airflow/dags/dbt.py
[2026-03-15T18:53:25.059+0000] {processor.py:183} INFO - Processing /opt/airflow/dags/dbt.py took 0.086 seconds
[2026-03-15T18:53:55.504+0000] {processor.py:161} INFO - Started process (PID=4288) to work on /opt/airflow/dags/dbt.py
[2026-03-15T18:53:55.505+0000] {processor.py:830} INFO - Processing file /opt/airflow/dags/dbt.py for tasks to queue
[2026-03-15T18:53:55.513+0000] {logging_mixin.py:188} INFO - [2026-03-15T18:53:55.512+0000] {dagbag.py:545} INFO - Filling up the DagBag from /opt/airflow/dags/dbt.py
[2026-03-15T18:53:55.523+0000] {logging_mixin.py:188} INFO - [2026-03-15T18:53:55.520+0000] {dagbag.py:355} ERROR - Failed to import: /opt/airflow/dags/dbt.py
Traceback (most recent call last):
  File "/home/airflow/.local/lib/python3.12/site-packages/airflow/models/dagbag.py", line 351, in parse
    loader.exec_module(new_module)
  File "<frozen importlib._bootstrap_external>", line 995, in exec_module
  File "<frozen importlib._bootstrap>", line 488, in _call_with_frames_removed
  File "/opt/airflow/dags/dbt.py", line 2, in <module>
    from airflow.providers.standard.operators.bash import BashOperator
ModuleNotFoundError: No module named 'airflow.providers.standard'
[2026-03-15T18:53:55.523+0000] {processor.py:842} WARNING - No viable dags retrieved from /opt/airflow/dags/dbt.py
[2026-03-15T18:53:55.564+0000] {processor.py:183} INFO - Processing /opt/airflow/dags/dbt.py took 0.079 seconds
[2026-03-15T18:54:25.961+0000] {processor.py:161} INFO - Started process (PID=4290) to work on /opt/airflow/dags/dbt.py
[2026-03-15T18:54:25.962+0000] {processor.py:830} INFO - Processing file /opt/airflow/dags/dbt.py for tasks to queue
[2026-03-15T18:54:25.968+0000] {logging_mixin.py:188} INFO - [2026-03-15T18:54:25.967+0000] {dagbag.py:545} INFO - Filling up the DagBag from /opt/airflow/dags/dbt.py
[2026-03-15T18:54:25.976+0000] {logging_mixin.py:188} INFO - [2026-03-15T18:54:25.974+0000] {dagbag.py:355} ERROR - Failed to import: /opt/airflow/dags/dbt.py
Traceback (most recent call last):
  File "/home/airflow/.local/lib/python3.12/site-packages/airflow/models/dagbag.py", line 351, in parse
    loader.exec_module(new_module)
  File "<frozen importlib._bootstrap_external>", line 995, in exec_module
  File "<frozen importlib._bootstrap>", line 488, in _call_with_frames_removed
  File "/opt/airflow/dags/dbt.py", line 2, in <module>
    from airflow.providers.standard.operators.bash import BashOperator
ModuleNotFoundError: No module named 'airflow.providers.standard'
[2026-03-15T18:54:25.976+0000] {processor.py:842} WARNING - No viable dags retrieved from /opt/airflow/dags/dbt.py
[2026-03-15T18:54:26.001+0000] {processor.py:183} INFO - Processing /opt/airflow/dags/dbt.py took 0.055 seconds
[2026-03-15T18:54:56.408+0000] {processor.py:161} INFO - Started process (PID=4292) to work on /opt/airflow/dags/dbt.py
[2026-03-15T18:54:56.413+0000] {processor.py:830} INFO - Processing file /opt/airflow/dags/dbt.py for tasks to queue
[2026-03-15T18:54:56.419+0000] {logging_mixin.py:188} INFO - [2026-03-15T18:54:56.419+0000] {dagbag.py:545} INFO - Filling up the DagBag from /opt/airflow/dags/dbt.py
[2026-03-15T18:54:56.426+0000] {logging_mixin.py:188} INFO - [2026-03-15T18:54:56.424+0000] {dagbag.py:355} ERROR - Failed to import: /opt/airflow/dags/dbt.py
Traceback (most recent call last):
  File "/home/airflow/.local/lib/python3.12/site-packages/airflow/models/dagbag.py", line 351, in parse
    loader.exec_module(new_module)
  File "<frozen importlib._bootstrap_external>", line 995, in exec_module
  File "<frozen importlib._bootstrap>", line 488, in _call_with_frames_removed
  File "/opt/airflow/dags/dbt.py", line 2, in <module>
    from airflow.providers.standard.operators.bash import BashOperator
ModuleNotFoundError: No module named 'airflow.providers.standard'
[2026-03-15T18:54:56.429+0000] {processor.py:842} WARNING - No viable dags retrieved from /opt/airflow/dags/dbt.py
[2026-03-15T18:54:56.472+0000] {processor.py:183} INFO - Processing /opt/airflow/dags/dbt.py took 0.086 seconds
[2026-03-15T18:55:26.854+0000] {processor.py:161} INFO - Started process (PID=4294) to work on /opt/airflow/dags/dbt.py
[2026-03-15T18:55:26.856+0000] {processor.py:830} INFO - Processing file /opt/airflow/dags/dbt.py for tasks to queue
[2026-03-15T18:55:26.860+0000] {logging_mixin.py:188} INFO - [2026-03-15T18:55:26.859+0000] {dagbag.py:545} INFO - Filling up the DagBag from /opt/airflow/dags/dbt.py
[2026-03-15T18:55:26.867+0000] {logging_mixin.py:188} INFO - [2026-03-15T18:55:26.866+0000] {dagbag.py:355} ERROR - Failed to import: /opt/airflow/dags/dbt.py
Traceback (most recent call last):
  File "/home/airflow/.local/lib/python3.12/site-packages/airflow/models/dagbag.py", line 351, in parse
    loader.exec_module(new_module)
  File "<frozen importlib._bootstrap_external>", line 995, in exec_module
  File "<frozen importlib._bootstrap>", line 488, in _call_with_frames_removed
  File "/opt/airflow/dags/dbt.py", line 2, in <module>
    from airflow.providers.standard.operators.bash import BashOperator
ModuleNotFoundError: No module named 'airflow.providers.standard'
[2026-03-15T18:55:26.867+0000] {processor.py:842} WARNING - No viable dags retrieved from /opt/airflow/dags/dbt.py
[2026-03-15T18:55:26.891+0000] {processor.py:183} INFO - Processing /opt/airflow/dags/dbt.py took 0.050 seconds
[2026-03-15T18:55:57.225+0000] {processor.py:161} INFO - Started process (PID=4296) to work on /opt/airflow/dags/dbt.py
[2026-03-15T18:55:57.227+0000] {processor.py:830} INFO - Processing file /opt/airflow/dags/dbt.py for tasks to queue
[2026-03-15T18:55:57.229+0000] {logging_mixin.py:188} INFO - [2026-03-15T18:55:57.228+0000] {dagbag.py:545} INFO - Filling up the DagBag from /opt/airflow/dags/dbt.py
[2026-03-15T18:55:57.235+0000] {logging_mixin.py:188} INFO - [2026-03-15T18:55:57.233+0000] {dagbag.py:355} ERROR - Failed to import: /opt/airflow/dags/dbt.py
Traceback (most recent call last):
  File "/home/airflow/.local/lib/python3.12/site-packages/airflow/models/dagbag.py", line 351, in parse
    loader.exec_module(new_module)
  File "<frozen importlib._bootstrap_external>", line 995, in exec_module
  File "<frozen importlib._bootstrap>", line 488, in _call_with_frames_removed
  File "/opt/airflow/dags/dbt.py", line 2, in <module>
    from airflow.providers.standard.operators.bash import BashOperator
ModuleNotFoundError: No module named 'airflow.providers.standard'
[2026-03-15T18:55:57.236+0000] {processor.py:842} WARNING - No viable dags retrieved from /opt/airflow/dags/dbt.py
[2026-03-15T18:55:57.270+0000] {processor.py:183} INFO - Processing /opt/airflow/dags/dbt.py took 0.058 seconds
[2026-03-15T18:56:27.676+0000] {processor.py:161} INFO - Started process (PID=4298) to work on /opt/airflow/dags/dbt.py
[2026-03-15T18:56:27.678+0000] {processor.py:830} INFO - Processing file /opt/airflow/dags/dbt.py for tasks to queue
[2026-03-15T18:56:27.686+0000] {logging_mixin.py:188} INFO - [2026-03-15T18:56:27.685+0000] {dagbag.py:545} INFO - Filling up the DagBag from /opt/airflow/dags/dbt.py
[2026-03-15T18:56:27.696+0000] {logging_mixin.py:188} INFO - [2026-03-15T18:56:27.693+0000] {dagbag.py:355} ERROR - Failed to import: /opt/airflow/dags/dbt.py
Traceback (most recent call last):
  File "/home/airflow/.local/lib/python3.12/site-packages/airflow/models/dagbag.py", line 351, in parse
    loader.exec_module(new_module)
  File "<frozen importlib._bootstrap_external>", line 995, in exec_module
  File "<frozen importlib._bootstrap>", line 488, in _call_with_frames_removed
  File "/opt/airflow/dags/dbt.py", line 2, in <module>
    from airflow.providers.standard.operators.bash import BashOperator
ModuleNotFoundError: No module named 'airflow.providers.standard'
[2026-03-15T18:56:27.696+0000] {processor.py:842} WARNING - No viable dags retrieved from /opt/airflow/dags/dbt.py
[2026-03-15T18:56:27.733+0000] {processor.py:183} INFO - Processing /opt/airflow/dags/dbt.py took 0.086 seconds
[2026-03-15T18:56:58.215+0000] {processor.py:161} INFO - Started process (PID=4300) to work on /opt/airflow/dags/dbt.py
[2026-03-15T18:56:58.217+0000] {processor.py:830} INFO - Processing file /opt/airflow/dags/dbt.py for tasks to queue
[2026-03-15T18:56:58.221+0000] {logging_mixin.py:188} INFO - [2026-03-15T18:56:58.220+0000] {dagbag.py:545} INFO - Filling up the DagBag from /opt/airflow/dags/dbt.py
[2026-03-15T18:56:58.228+0000] {logging_mixin.py:188} INFO - [2026-03-15T18:56:58.226+0000] {dagbag.py:355} ERROR - Failed to import: /opt/airflow/dags/dbt.py
Traceback (most recent call last):
  File "/home/airflow/.local/lib/python3.12/site-packages/airflow/models/dagbag.py", line 351, in parse
    loader.exec_module(new_module)
  File "<frozen importlib._bootstrap_external>", line 995, in exec_module
  File "<frozen importlib._bootstrap>", line 488, in _call_with_frames_removed
  File "/opt/airflow/dags/dbt.py", line 2, in <module>
    from airflow.providers.standard.operators.bash import BashOperator
ModuleNotFoundError: No module named 'airflow.providers.standard'
[2026-03-15T18:56:58.230+0000] {processor.py:842} WARNING - No viable dags retrieved from /opt/airflow/dags/dbt.py
[2026-03-15T18:56:58.268+0000] {processor.py:183} INFO - Processing /opt/airflow/dags/dbt.py took 0.073 seconds
[2026-03-15T18:57:28.675+0000] {processor.py:161} INFO - Started process (PID=4302) to work on /opt/airflow/dags/dbt.py
[2026-03-15T18:57:28.677+0000] {processor.py:830} INFO - Processing file /opt/airflow/dags/dbt.py for tasks to queue
[2026-03-15T18:57:28.682+0000] {logging_mixin.py:188} INFO - [2026-03-15T18:57:28.680+0000] {dagbag.py:545} INFO - Filling up the DagBag from /opt/airflow/dags/dbt.py
[2026-03-15T18:57:28.691+0000] {logging_mixin.py:188} INFO - [2026-03-15T18:57:28.688+0000] {dagbag.py:355} ERROR - Failed to import: /opt/airflow/dags/dbt.py
Traceback (most recent call last):
  File "/home/airflow/.local/lib/python3.12/site-packages/airflow/models/dagbag.py", line 351, in parse
    loader.exec_module(new_module)
  File "<frozen importlib._bootstrap_external>", line 995, in exec_module
  File "<frozen importlib._bootstrap>", line 488, in _call_with_frames_removed
  File "/opt/airflow/dags/dbt.py", line 2, in <module>
    from airflow.providers.standard.operators.bash import BashOperator
ModuleNotFoundError: No module named 'airflow.providers.standard'
[2026-03-15T18:57:28.692+0000] {processor.py:842} WARNING - No viable dags retrieved from /opt/airflow/dags/dbt.py
[2026-03-15T18:57:28.718+0000] {processor.py:183} INFO - Processing /opt/airflow/dags/dbt.py took 0.056 seconds
[2026-03-15T18:57:59.219+0000] {processor.py:161} INFO - Started process (PID=4304) to work on /opt/airflow/dags/dbt.py
[2026-03-15T18:57:59.221+0000] {processor.py:830} INFO - Processing file /opt/airflow/dags/dbt.py for tasks to queue
[2026-03-15T18:57:59.228+0000] {logging_mixin.py:188} INFO - [2026-03-15T18:57:59.227+0000] {dagbag.py:545} INFO - Filling up the DagBag from /opt/airflow/dags/dbt.py
[2026-03-15T18:57:59.237+0000] {logging_mixin.py:188} INFO - [2026-03-15T18:57:59.235+0000] {dagbag.py:355} ERROR - Failed to import: /opt/airflow/dags/dbt.py
Traceback (most recent call last):
  File "/home/airflow/.local/lib/python3.12/site-packages/airflow/models/dagbag.py", line 351, in parse
    loader.exec_module(new_module)
  File "<frozen importlib._bootstrap_external>", line 995, in exec_module
  File "<frozen importlib._bootstrap>", line 488, in _call_with_frames_removed
  File "/opt/airflow/dags/dbt.py", line 2, in <module>
    from airflow.providers.standard.operators.bash import BashOperator
ModuleNotFoundError: No module named 'airflow.providers.standard'
[2026-03-15T18:57:59.238+0000] {processor.py:842} WARNING - No viable dags retrieved from /opt/airflow/dags/dbt.py
[2026-03-15T18:57:59.294+0000] {processor.py:183} INFO - Processing /opt/airflow/dags/dbt.py took 0.092 seconds
[2026-03-15T18:58:29.665+0000] {processor.py:161} INFO - Started process (PID=4306) to work on /opt/airflow/dags/dbt.py
[2026-03-15T18:58:29.668+0000] {processor.py:830} INFO - Processing file /opt/airflow/dags/dbt.py for tasks to queue
[2026-03-15T18:58:29.673+0000] {logging_mixin.py:188} INFO - [2026-03-15T18:58:29.672+0000] {dagbag.py:545} INFO - Filling up the DagBag from /opt/airflow/dags/dbt.py
[2026-03-15T18:58:29.681+0000] {logging_mixin.py:188} INFO - [2026-03-15T18:58:29.679+0000] {dagbag.py:355} ERROR - Failed to import: /opt/airflow/dags/dbt.py
Traceback (most recent call last):
  File "/home/airflow/.local/lib/python3.12/site-packages/airflow/models/dagbag.py", line 351, in parse
    loader.exec_module(new_module)
  File "<frozen importlib._bootstrap_external>", line 995, in exec_module
  File "<frozen importlib._bootstrap>", line 488, in _call_with_frames_removed
  File "/opt/airflow/dags/dbt.py", line 2, in <module>
    from airflow.providers.standard.operators.bash import BashOperator
ModuleNotFoundError: No module named 'airflow.providers.standard'
[2026-03-15T18:58:29.684+0000] {processor.py:842} WARNING - No viable dags retrieved from /opt/airflow/dags/dbt.py
[2026-03-15T18:58:29.718+0000] {processor.py:183} INFO - Processing /opt/airflow/dags/dbt.py took 0.075 seconds
[2026-03-15T18:59:00.168+0000] {processor.py:161} INFO - Started process (PID=4308) to work on /opt/airflow/dags/dbt.py
[2026-03-15T18:59:00.172+0000] {processor.py:830} INFO - Processing file /opt/airflow/dags/dbt.py for tasks to queue
[2026-03-15T18:59:00.176+0000] {logging_mixin.py:188} INFO - [2026-03-15T18:59:00.175+0000] {dagbag.py:545} INFO - Filling up the DagBag from /opt/airflow/dags/dbt.py
[2026-03-15T18:59:00.187+0000] {logging_mixin.py:188} INFO - [2026-03-15T18:59:00.183+0000] {dagbag.py:355} ERROR - Failed to import: /opt/airflow/dags/dbt.py
Traceback (most recent call last):
  File "/home/airflow/.local/lib/python3.12/site-packages/airflow/models/dagbag.py", line 351, in parse
    loader.exec_module(new_module)
  File "<frozen importlib._bootstrap_external>", line 995, in exec_module
  File "<frozen importlib._bootstrap>", line 488, in _call_with_frames_removed
  File "/opt/airflow/dags/dbt.py", line 2, in <module>
    from airflow.providers.standard.operators.bash import BashOperator
ModuleNotFoundError: No module named 'airflow.providers.standard'
[2026-03-15T18:59:00.189+0000] {processor.py:842} WARNING - No viable dags retrieved from /opt/airflow/dags/dbt.py
[2026-03-15T18:59:00.230+0000] {processor.py:183} INFO - Processing /opt/airflow/dags/dbt.py took 0.085 seconds
[2026-03-15T18:59:30.623+0000] {processor.py:161} INFO - Started process (PID=4310) to work on /opt/airflow/dags/dbt.py
[2026-03-15T18:59:30.624+0000] {processor.py:830} INFO - Processing file /opt/airflow/dags/dbt.py for tasks to queue
[2026-03-15T18:59:30.628+0000] {logging_mixin.py:188} INFO - [2026-03-15T18:59:30.627+0000] {dagbag.py:545} INFO - Filling up the DagBag from /opt/airflow/dags/dbt.py
[2026-03-15T18:59:30.637+0000] {logging_mixin.py:188} INFO - [2026-03-15T18:59:30.634+0000] {dagbag.py:355} ERROR - Failed to import: /opt/airflow/dags/dbt.py
Traceback (most recent call last):
  File "/home/airflow/.local/lib/python3.12/site-packages/airflow/models/dagbag.py", line 351, in parse
    loader.exec_module(new_module)
  File "<frozen importlib._bootstrap_external>", line 995, in exec_module
  File "<frozen importlib._bootstrap>", line 488, in _call_with_frames_removed
  File "/opt/airflow/dags/dbt.py", line 2, in <module>
    from airflow.providers.standard.operators.bash import BashOperator
ModuleNotFoundError: No module named 'airflow.providers.standard'
[2026-03-15T18:59:30.638+0000] {processor.py:842} WARNING - No viable dags retrieved from /opt/airflow/dags/dbt.py
[2026-03-15T18:59:30.667+0000] {processor.py:183} INFO - Processing /opt/airflow/dags/dbt.py took 0.061 seconds
[2026-03-15T19:00:01.081+0000] {processor.py:161} INFO - Started process (PID=4312) to work on /opt/airflow/dags/dbt.py
[2026-03-15T19:00:01.083+0000] {processor.py:830} INFO - Processing file /opt/airflow/dags/dbt.py for tasks to queue
[2026-03-15T19:00:01.090+0000] {logging_mixin.py:188} INFO - [2026-03-15T19:00:01.089+0000] {dagbag.py:545} INFO - Filling up the DagBag from /opt/airflow/dags/dbt.py
[2026-03-15T19:00:01.101+0000] {logging_mixin.py:188} INFO - [2026-03-15T19:00:01.099+0000] {dagbag.py:355} ERROR - Failed to import: /opt/airflow/dags/dbt.py
Traceback (most recent call last):
  File "/home/airflow/.local/lib/python3.12/site-packages/airflow/models/dagbag.py", line 351, in parse
    loader.exec_module(new_module)
  File "<frozen importlib._bootstrap_external>", line 995, in exec_module
  File "<frozen importlib._bootstrap>", line 488, in _call_with_frames_removed
  File "/opt/airflow/dags/dbt.py", line 2, in <module>
    from airflow.providers.standard.operators.bash import BashOperator
ModuleNotFoundError: No module named 'airflow.providers.standard'
[2026-03-15T19:00:01.101+0000] {processor.py:842} WARNING - No viable dags retrieved from /opt/airflow/dags/dbt.py
[2026-03-15T19:00:01.140+0000] {processor.py:183} INFO - Processing /opt/airflow/dags/dbt.py took 0.077 seconds
[2026-03-15T19:00:31.560+0000] {processor.py:161} INFO - Started process (PID=4314) to work on /opt/airflow/dags/dbt.py
[2026-03-15T19:00:31.562+0000] {processor.py:830} INFO - Processing file /opt/airflow/dags/dbt.py for tasks to queue
[2026-03-15T19:00:31.567+0000] {logging_mixin.py:188} INFO - [2026-03-15T19:00:31.566+0000] {dagbag.py:545} INFO - Filling up the DagBag from /opt/airflow/dags/dbt.py
[2026-03-15T19:00:31.576+0000] {logging_mixin.py:188} INFO - [2026-03-15T19:00:31.572+0000] {dagbag.py:355} ERROR - Failed to import: /opt/airflow/dags/dbt.py
Traceback (most recent call last):
  File "/home/airflow/.local/lib/python3.12/site-packages/airflow/models/dagbag.py", line 351, in parse
    loader.exec_module(new_module)
  File "<frozen importlib._bootstrap_external>", line 995, in exec_module
  File "<frozen importlib._bootstrap>", line 488, in _call_with_frames_removed
  File "/opt/airflow/dags/dbt.py", line 2, in <module>
    from airflow.providers.standard.operators.bash import BashOperator
ModuleNotFoundError: No module named 'airflow.providers.standard'
[2026-03-15T19:00:31.577+0000] {processor.py:842} WARNING - No viable dags retrieved from /opt/airflow/dags/dbt.py
[2026-03-15T19:00:31.605+0000] {processor.py:183} INFO - Processing /opt/airflow/dags/dbt.py took 0.070 seconds
[2026-03-15T19:01:02.087+0000] {processor.py:161} INFO - Started process (PID=4316) to work on /opt/airflow/dags/dbt.py
[2026-03-15T19:01:02.090+0000] {processor.py:830} INFO - Processing file /opt/airflow/dags/dbt.py for tasks to queue
[2026-03-15T19:01:02.095+0000] {logging_mixin.py:188} INFO - [2026-03-15T19:01:02.094+0000] {dagbag.py:545} INFO - Filling up the DagBag from /opt/airflow/dags/dbt.py
[2026-03-15T19:01:02.104+0000] {logging_mixin.py:188} INFO - [2026-03-15T19:01:02.100+0000] {dagbag.py:355} ERROR - Failed to import: /opt/airflow/dags/dbt.py
Traceback (most recent call last):
  File "/home/airflow/.local/lib/python3.12/site-packages/airflow/models/dagbag.py", line 351, in parse
    loader.exec_module(new_module)
  File "<frozen importlib._bootstrap_external>", line 995, in exec_module
  File "<frozen importlib._bootstrap>", line 488, in _call_with_frames_removed
  File "/opt/airflow/dags/dbt.py", line 2, in <module>
    from airflow.providers.standard.operators.bash import BashOperator
ModuleNotFoundError: No module named 'airflow.providers.standard'
[2026-03-15T19:01:02.104+0000] {processor.py:842} WARNING - No viable dags retrieved from /opt/airflow/dags/dbt.py
[2026-03-15T19:01:02.143+0000] {processor.py:183} INFO - Processing /opt/airflow/dags/dbt.py took 0.091 seconds
[2026-03-15T19:01:32.546+0000] {processor.py:161} INFO - Started process (PID=4318) to work on /opt/airflow/dags/dbt.py
[2026-03-15T19:01:32.549+0000] {processor.py:830} INFO - Processing file /opt/airflow/dags/dbt.py for tasks to queue
[2026-03-15T19:01:32.555+0000] {logging_mixin.py:188} INFO - [2026-03-15T19:01:32.555+0000] {dagbag.py:545} INFO - Filling up the DagBag from /opt/airflow/dags/dbt.py
[2026-03-15T19:01:32.563+0000] {logging_mixin.py:188} INFO - [2026-03-15T19:01:32.562+0000] {dagbag.py:355} ERROR - Failed to import: /opt/airflow/dags/dbt.py
Traceback (most recent call last):
  File "/home/airflow/.local/lib/python3.12/site-packages/airflow/models/dagbag.py", line 351, in parse
    loader.exec_module(new_module)
  File "<frozen importlib._bootstrap_external>", line 995, in exec_module
  File "<frozen importlib._bootstrap>", line 488, in _call_with_frames_removed
  File "/opt/airflow/dags/dbt.py", line 2, in <module>
    from airflow.providers.standard.operators.bash import BashOperator
ModuleNotFoundError: No module named 'airflow.providers.standard'
[2026-03-15T19:01:32.564+0000] {processor.py:842} WARNING - No viable dags retrieved from /opt/airflow/dags/dbt.py
[2026-03-15T19:01:32.595+0000] {processor.py:183} INFO - Processing /opt/airflow/dags/dbt.py took 0.062 seconds
[2026-03-15T19:02:03.044+0000] {processor.py:161} INFO - Started process (PID=4320) to work on /opt/airflow/dags/dbt.py
[2026-03-15T19:02:03.045+0000] {processor.py:830} INFO - Processing file /opt/airflow/dags/dbt.py for tasks to queue
[2026-03-15T19:02:03.049+0000] {logging_mixin.py:188} INFO - [2026-03-15T19:02:03.049+0000] {dagbag.py:545} INFO - Filling up the DagBag from /opt/airflow/dags/dbt.py
[2026-03-15T19:02:03.061+0000] {logging_mixin.py:188} INFO - [2026-03-15T19:02:03.060+0000] {dagbag.py:355} ERROR - Failed to import: /opt/airflow/dags/dbt.py
Traceback (most recent call last):
  File "/home/airflow/.local/lib/python3.12/site-packages/airflow/models/dagbag.py", line 351, in parse
    loader.exec_module(new_module)
  File "<frozen importlib._bootstrap_external>", line 995, in exec_module
  File "<frozen importlib._bootstrap>", line 488, in _call_with_frames_removed
  File "/opt/airflow/dags/dbt.py", line 2, in <module>
    from airflow.providers.standard.operators.bash import BashOperator
ModuleNotFoundError: No module named 'airflow.providers.standard'
[2026-03-15T19:02:03.062+0000] {processor.py:842} WARNING - No viable dags retrieved from /opt/airflow/dags/dbt.py
[2026-03-15T19:02:03.100+0000] {processor.py:183} INFO - Processing /opt/airflow/dags/dbt.py took 0.076 seconds
[2026-03-15T19:02:33.521+0000] {processor.py:161} INFO - Started process (PID=4322) to work on /opt/airflow/dags/dbt.py
[2026-03-15T19:02:33.524+0000] {processor.py:830} INFO - Processing file /opt/airflow/dags/dbt.py for tasks to queue
[2026-03-15T19:02:33.529+0000] {logging_mixin.py:188} INFO - [2026-03-15T19:02:33.529+0000] {dagbag.py:545} INFO - Filling up the DagBag from /opt/airflow/dags/dbt.py
[2026-03-15T19:02:33.539+0000] {logging_mixin.py:188} INFO - [2026-03-15T19:02:33.537+0000] {dagbag.py:355} ERROR - Failed to import: /opt/airflow/dags/dbt.py
Traceback (most recent call last):
  File "/home/airflow/.local/lib/python3.12/site-packages/airflow/models/dagbag.py", line 351, in parse
    loader.exec_module(new_module)
  File "<frozen importlib._bootstrap_external>", line 995, in exec_module
  File "<frozen importlib._bootstrap>", line 488, in _call_with_frames_removed
  File "/opt/airflow/dags/dbt.py", line 2, in <module>
    from airflow.providers.standard.operators.bash import BashOperator
ModuleNotFoundError: No module named 'airflow.providers.standard'
[2026-03-15T19:02:33.542+0000] {processor.py:842} WARNING - No viable dags retrieved from /opt/airflow/dags/dbt.py
[2026-03-15T19:02:33.584+0000] {processor.py:183} INFO - Processing /opt/airflow/dags/dbt.py took 0.089 seconds
[2026-03-15T19:03:04.063+0000] {processor.py:161} INFO - Started process (PID=4324) to work on /opt/airflow/dags/dbt.py
[2026-03-15T19:03:04.066+0000] {processor.py:830} INFO - Processing file /opt/airflow/dags/dbt.py for tasks to queue
[2026-03-15T19:03:04.074+0000] {logging_mixin.py:188} INFO - [2026-03-15T19:03:04.073+0000] {dagbag.py:545} INFO - Filling up the DagBag from /opt/airflow/dags/dbt.py
[2026-03-15T19:03:04.082+0000] {logging_mixin.py:188} INFO - [2026-03-15T19:03:04.080+0000] {dagbag.py:355} ERROR - Failed to import: /opt/airflow/dags/dbt.py
Traceback (most recent call last):
  File "/home/airflow/.local/lib/python3.12/site-packages/airflow/models/dagbag.py", line 351, in parse
    loader.exec_module(new_module)
  File "<frozen importlib._bootstrap_external>", line 995, in exec_module
  File "<frozen importlib._bootstrap>", line 488, in _call_with_frames_removed
  File "/opt/airflow/dags/dbt.py", line 2, in <module>
    from airflow.providers.standard.operators.bash import BashOperator
ModuleNotFoundError: No module named 'airflow.providers.standard'
[2026-03-15T19:03:04.084+0000] {processor.py:842} WARNING - No viable dags retrieved from /opt/airflow/dags/dbt.py
[2026-03-15T19:03:04.119+0000] {processor.py:183} INFO - Processing /opt/airflow/dags/dbt.py took 0.078 seconds
[2026-03-15T19:03:34.531+0000] {processor.py:161} INFO - Started process (PID=4326) to work on /opt/airflow/dags/dbt.py
[2026-03-15T19:03:34.533+0000] {processor.py:830} INFO - Processing file /opt/airflow/dags/dbt.py for tasks to queue
[2026-03-15T19:03:34.539+0000] {logging_mixin.py:188} INFO - [2026-03-15T19:03:34.539+0000] {dagbag.py:545} INFO - Filling up the DagBag from /opt/airflow/dags/dbt.py
[2026-03-15T19:03:34.549+0000] {logging_mixin.py:188} INFO - [2026-03-15T19:03:34.547+0000] {dagbag.py:355} ERROR - Failed to import: /opt/airflow/dags/dbt.py
Traceback (most recent call last):
  File "/home/airflow/.local/lib/python3.12/site-packages/airflow/models/dagbag.py", line 351, in parse
    loader.exec_module(new_module)
  File "<frozen importlib._bootstrap_external>", line 995, in exec_module
  File "<frozen importlib._bootstrap>", line 488, in _call_with_frames_removed
  File "/opt/airflow/dags/dbt.py", line 2, in <module>
    from airflow.providers.standard.operators.bash import BashOperator
ModuleNotFoundError: No module named 'airflow.providers.standard'
[2026-03-15T19:03:34.550+0000] {processor.py:842} WARNING - No viable dags retrieved from /opt/airflow/dags/dbt.py
[2026-03-15T19:03:34.575+0000] {processor.py:183} INFO - Processing /opt/airflow/dags/dbt.py took 0.061 seconds
[2026-03-15T19:04:04.991+0000] {processor.py:161} INFO - Started process (PID=4328) to work on /opt/airflow/dags/dbt.py
[2026-03-15T19:04:04.992+0000] {processor.py:830} INFO - Processing file /opt/airflow/dags/dbt.py for tasks to queue
[2026-03-15T19:04:04.996+0000] {logging_mixin.py:188} INFO - [2026-03-15T19:04:04.996+0000] {dagbag.py:545} INFO - Filling up the DagBag from /opt/airflow/dags/dbt.py
[2026-03-15T19:04:05.004+0000] {logging_mixin.py:188} INFO - [2026-03-15T19:04:05.002+0000] {dagbag.py:355} ERROR - Failed to import: /opt/airflow/dags/dbt.py
Traceback (most recent call last):
  File "/home/airflow/.local/lib/python3.12/site-packages/airflow/models/dagbag.py", line 351, in parse
    loader.exec_module(new_module)
  File "<frozen importlib._bootstrap_external>", line 995, in exec_module
  File "<frozen importlib._bootstrap>", line 488, in _call_with_frames_removed
  File "/opt/airflow/dags/dbt.py", line 2, in <module>
    from airflow.providers.standard.operators.bash import BashOperator
ModuleNotFoundError: No module named 'airflow.providers.standard'
[2026-03-15T19:04:05.005+0000] {processor.py:842} WARNING - No viable dags retrieved from /opt/airflow/dags/dbt.py
[2026-03-15T19:04:05.035+0000] {processor.py:183} INFO - Processing /opt/airflow/dags/dbt.py took 0.064 seconds
[2026-03-15T19:04:35.445+0000] {processor.py:161} INFO - Started process (PID=4330) to work on /opt/airflow/dags/dbt.py
[2026-03-15T19:04:35.446+0000] {processor.py:830} INFO - Processing file /opt/airflow/dags/dbt.py for tasks to queue
[2026-03-15T19:04:35.450+0000] {logging_mixin.py:188} INFO - [2026-03-15T19:04:35.449+0000] {dagbag.py:545} INFO - Filling up the DagBag from /opt/airflow/dags/dbt.py
[2026-03-15T19:04:35.460+0000] {logging_mixin.py:188} INFO - [2026-03-15T19:04:35.456+0000] {dagbag.py:355} ERROR - Failed to import: /opt/airflow/dags/dbt.py
Traceback (most recent call last):
  File "/home/airflow/.local/lib/python3.12/site-packages/airflow/models/dagbag.py", line 351, in parse
    loader.exec_module(new_module)
  File "<frozen importlib._bootstrap_external>", line 995, in exec_module
  File "<frozen importlib._bootstrap>", line 488, in _call_with_frames_removed
  File "/opt/airflow/dags/dbt.py", line 2, in <module>
    from airflow.providers.standard.operators.bash import BashOperator
ModuleNotFoundError: No module named 'airflow.providers.standard'
[2026-03-15T19:04:35.461+0000] {processor.py:842} WARNING - No viable dags retrieved from /opt/airflow/dags/dbt.py
[2026-03-15T19:04:35.485+0000] {processor.py:183} INFO - Processing /opt/airflow/dags/dbt.py took 0.055 seconds
[2026-03-15T19:05:05.941+0000] {processor.py:161} INFO - Started process (PID=4332) to work on /opt/airflow/dags/dbt.py
[2026-03-15T19:05:05.942+0000] {processor.py:830} INFO - Processing file /opt/airflow/dags/dbt.py for tasks to queue
[2026-03-15T19:05:05.948+0000] {logging_mixin.py:188} INFO - [2026-03-15T19:05:05.947+0000] {dagbag.py:545} INFO - Filling up the DagBag from /opt/airflow/dags/dbt.py
[2026-03-15T19:05:05.957+0000] {logging_mixin.py:188} INFO - [2026-03-15T19:05:05.955+0000] {dagbag.py:355} ERROR - Failed to import: /opt/airflow/dags/dbt.py
Traceback (most recent call last):
  File "/home/airflow/.local/lib/python3.12/site-packages/airflow/models/dagbag.py", line 351, in parse
    loader.exec_module(new_module)
  File "<frozen importlib._bootstrap_external>", line 995, in exec_module
  File "<frozen importlib._bootstrap>", line 488, in _call_with_frames_removed
  File "/opt/airflow/dags/dbt.py", line 2, in <module>
    from airflow.providers.standard.operators.bash import BashOperator
ModuleNotFoundError: No module named 'airflow.providers.standard'
[2026-03-15T19:05:05.957+0000] {processor.py:842} WARNING - No viable dags retrieved from /opt/airflow/dags/dbt.py
[2026-03-15T19:05:05.987+0000] {processor.py:183} INFO - Processing /opt/airflow/dags/dbt.py took 0.068 seconds
[2026-03-15T19:05:36.441+0000] {processor.py:161} INFO - Started process (PID=4334) to work on /opt/airflow/dags/dbt.py
[2026-03-15T19:05:36.443+0000] {processor.py:830} INFO - Processing file /opt/airflow/dags/dbt.py for tasks to queue
[2026-03-15T19:05:36.449+0000] {logging_mixin.py:188} INFO - [2026-03-15T19:05:36.448+0000] {dagbag.py:545} INFO - Filling up the DagBag from /opt/airflow/dags/dbt.py
[2026-03-15T19:05:36.459+0000] {logging_mixin.py:188} INFO - [2026-03-15T19:05:36.456+0000] {dagbag.py:355} ERROR - Failed to import: /opt/airflow/dags/dbt.py
Traceback (most recent call last):
  File "/home/airflow/.local/lib/python3.12/site-packages/airflow/models/dagbag.py", line 351, in parse
    loader.exec_module(new_module)
  File "<frozen importlib._bootstrap_external>", line 995, in exec_module
  File "<frozen importlib._bootstrap>", line 488, in _call_with_frames_removed
  File "/opt/airflow/dags/dbt.py", line 2, in <module>
    from airflow.providers.standard.operators.bash import BashOperator
ModuleNotFoundError: No module named 'airflow.providers.standard'
[2026-03-15T19:05:36.460+0000] {processor.py:842} WARNING - No viable dags retrieved from /opt/airflow/dags/dbt.py
[2026-03-15T19:05:36.493+0000] {processor.py:183} INFO - Processing /opt/airflow/dags/dbt.py took 0.073 seconds
[2026-03-15T19:06:06.968+0000] {processor.py:161} INFO - Started process (PID=4336) to work on /opt/airflow/dags/dbt.py
[2026-03-15T19:06:06.970+0000] {processor.py:830} INFO - Processing file /opt/airflow/dags/dbt.py for tasks to queue
[2026-03-15T19:06:06.975+0000] {logging_mixin.py:188} INFO - [2026-03-15T19:06:06.975+0000] {dagbag.py:545} INFO - Filling up the DagBag from /opt/airflow/dags/dbt.py
[2026-03-15T19:06:06.984+0000] {logging_mixin.py:188} INFO - [2026-03-15T19:06:06.982+0000] {dagbag.py:355} ERROR - Failed to import: /opt/airflow/dags/dbt.py
Traceback (most recent call last):
  File "/home/airflow/.local/lib/python3.12/site-packages/airflow/models/dagbag.py", line 351, in parse
    loader.exec_module(new_module)
  File "<frozen importlib._bootstrap_external>", line 995, in exec_module
  File "<frozen importlib._bootstrap>", line 488, in _call_with_frames_removed
  File "/opt/airflow/dags/dbt.py", line 2, in <module>
    from airflow.providers.standard.operators.bash import BashOperator
ModuleNotFoundError: No module named 'airflow.providers.standard'
[2026-03-15T19:06:06.986+0000] {processor.py:842} WARNING - No viable dags retrieved from /opt/airflow/dags/dbt.py
[2026-03-15T19:06:07.019+0000] {processor.py:183} INFO - Processing /opt/airflow/dags/dbt.py took 0.079 seconds
[2026-03-15T19:06:37.489+0000] {processor.py:161} INFO - Started process (PID=4338) to work on /opt/airflow/dags/dbt.py
[2026-03-15T19:06:37.490+0000] {processor.py:830} INFO - Processing file /opt/airflow/dags/dbt.py for tasks to queue
[2026-03-15T19:06:37.495+0000] {logging_mixin.py:188} INFO - [2026-03-15T19:06:37.494+0000] {dagbag.py:545} INFO - Filling up the DagBag from /opt/airflow/dags/dbt.py
[2026-03-15T19:06:37.506+0000] {logging_mixin.py:188} INFO - [2026-03-15T19:06:37.503+0000] {dagbag.py:355} ERROR - Failed to import: /opt/airflow/dags/dbt.py
Traceback (most recent call last):
  File "/home/airflow/.local/lib/python3.12/site-packages/airflow/models/dagbag.py", line 351, in parse
    loader.exec_module(new_module)
  File "<frozen importlib._bootstrap_external>", line 995, in exec_module
  File "<frozen importlib._bootstrap>", line 488, in _call_with_frames_removed
  File "/opt/airflow/dags/dbt.py", line 2, in <module>
    from airflow.providers.standard.operators.bash import BashOperator
ModuleNotFoundError: No module named 'airflow.providers.standard'
[2026-03-15T19:06:37.506+0000] {processor.py:842} WARNING - No viable dags retrieved from /opt/airflow/dags/dbt.py
[2026-03-15T19:06:37.545+0000] {processor.py:183} INFO - Processing /opt/airflow/dags/dbt.py took 0.079 seconds
[2026-03-15T19:07:07.946+0000] {processor.py:161} INFO - Started process (PID=4340) to work on /opt/airflow/dags/dbt.py
[2026-03-15T19:07:07.949+0000] {processor.py:830} INFO - Processing file /opt/airflow/dags/dbt.py for tasks to queue
[2026-03-15T19:07:07.955+0000] {logging_mixin.py:188} INFO - [2026-03-15T19:07:07.954+0000] {dagbag.py:545} INFO - Filling up the DagBag from /opt/airflow/dags/dbt.py
[2026-03-15T19:07:07.966+0000] {logging_mixin.py:188} INFO - [2026-03-15T19:07:07.965+0000] {dagbag.py:355} ERROR - Failed to import: /opt/airflow/dags/dbt.py
Traceback (most recent call last):
  File "/home/airflow/.local/lib/python3.12/site-packages/airflow/models/dagbag.py", line 351, in parse
    loader.exec_module(new_module)
  File "<frozen importlib._bootstrap_external>", line 995, in exec_module
  File "<frozen importlib._bootstrap>", line 488, in _call_with_frames_removed
  File "/opt/airflow/dags/dbt.py", line 2, in <module>
    from airflow.providers.standard.operators.bash import BashOperator
ModuleNotFoundError: No module named 'airflow.providers.standard'
[2026-03-15T19:07:07.967+0000] {processor.py:842} WARNING - No viable dags retrieved from /opt/airflow/dags/dbt.py
[2026-03-15T19:07:08.003+0000] {processor.py:183} INFO - Processing /opt/airflow/dags/dbt.py took 0.075 seconds
[2026-03-15T19:07:38.428+0000] {processor.py:161} INFO - Started process (PID=4342) to work on /opt/airflow/dags/dbt.py
[2026-03-15T19:07:38.430+0000] {processor.py:830} INFO - Processing file /opt/airflow/dags/dbt.py for tasks to queue
[2026-03-15T19:07:38.440+0000] {logging_mixin.py:188} INFO - [2026-03-15T19:07:38.439+0000] {dagbag.py:545} INFO - Filling up the DagBag from /opt/airflow/dags/dbt.py
[2026-03-15T19:07:38.456+0000] {logging_mixin.py:188} INFO - [2026-03-15T19:07:38.451+0000] {dagbag.py:355} ERROR - Failed to import: /opt/airflow/dags/dbt.py
Traceback (most recent call last):
  File "/home/airflow/.local/lib/python3.12/site-packages/airflow/models/dagbag.py", line 351, in parse
    loader.exec_module(new_module)
  File "<frozen importlib._bootstrap_external>", line 995, in exec_module
  File "<frozen importlib._bootstrap>", line 488, in _call_with_frames_removed
  File "/opt/airflow/dags/dbt.py", line 2, in <module>
    from airflow.providers.standard.operators.bash import BashOperator
ModuleNotFoundError: No module named 'airflow.providers.standard'
[2026-03-15T19:07:38.457+0000] {processor.py:842} WARNING - No viable dags retrieved from /opt/airflow/dags/dbt.py
[2026-03-15T19:07:38.487+0000] {processor.py:183} INFO - Processing /opt/airflow/dags/dbt.py took 0.083 seconds
[2026-03-15T19:08:08.926+0000] {processor.py:161} INFO - Started process (PID=4344) to work on /opt/airflow/dags/dbt.py
[2026-03-15T19:08:08.928+0000] {processor.py:830} INFO - Processing file /opt/airflow/dags/dbt.py for tasks to queue
[2026-03-15T19:08:08.933+0000] {logging_mixin.py:188} INFO - [2026-03-15T19:08:08.933+0000] {dagbag.py:545} INFO - Filling up the DagBag from /opt/airflow/dags/dbt.py
[2026-03-15T19:08:08.947+0000] {logging_mixin.py:188} INFO - [2026-03-15T19:08:08.943+0000] {dagbag.py:355} ERROR - Failed to import: /opt/airflow/dags/dbt.py
Traceback (most recent call last):
  File "/home/airflow/.local/lib/python3.12/site-packages/airflow/models/dagbag.py", line 351, in parse
    loader.exec_module(new_module)
  File "<frozen importlib._bootstrap_external>", line 995, in exec_module
  File "<frozen importlib._bootstrap>", line 488, in _call_with_frames_removed
  File "/opt/airflow/dags/dbt.py", line 2, in <module>
    from airflow.providers.standard.operators.bash import BashOperator
ModuleNotFoundError: No module named 'airflow.providers.standard'
[2026-03-15T19:08:08.948+0000] {processor.py:842} WARNING - No viable dags retrieved from /opt/airflow/dags/dbt.py
[2026-03-15T19:08:08.980+0000] {processor.py:183} INFO - Processing /opt/airflow/dags/dbt.py took 0.079 seconds
[2026-03-15T19:08:39.418+0000] {processor.py:161} INFO - Started process (PID=4346) to work on /opt/airflow/dags/dbt.py
[2026-03-15T19:08:39.421+0000] {processor.py:830} INFO - Processing file /opt/airflow/dags/dbt.py for tasks to queue
[2026-03-15T19:08:39.429+0000] {logging_mixin.py:188} INFO - [2026-03-15T19:08:39.428+0000] {dagbag.py:545} INFO - Filling up the DagBag from /opt/airflow/dags/dbt.py
[2026-03-15T19:08:39.439+0000] {logging_mixin.py:188} INFO - [2026-03-15T19:08:39.436+0000] {dagbag.py:355} ERROR - Failed to import: /opt/airflow/dags/dbt.py
Traceback (most recent call last):
  File "/home/airflow/.local/lib/python3.12/site-packages/airflow/models/dagbag.py", line 351, in parse
    loader.exec_module(new_module)
  File "<frozen importlib._bootstrap_external>", line 995, in exec_module
  File "<frozen importlib._bootstrap>", line 488, in _call_with_frames_removed
  File "/opt/airflow/dags/dbt.py", line 2, in <module>
    from airflow.providers.standard.operators.bash import BashOperator
ModuleNotFoundError: No module named 'airflow.providers.standard'
[2026-03-15T19:08:39.440+0000] {processor.py:842} WARNING - No viable dags retrieved from /opt/airflow/dags/dbt.py
[2026-03-15T19:08:39.467+0000] {processor.py:183} INFO - Processing /opt/airflow/dags/dbt.py took 0.075 seconds
[2026-03-15T19:09:09.891+0000] {processor.py:161} INFO - Started process (PID=4348) to work on /opt/airflow/dags/dbt.py
[2026-03-15T19:09:09.892+0000] {processor.py:830} INFO - Processing file /opt/airflow/dags/dbt.py for tasks to queue
[2026-03-15T19:09:09.900+0000] {logging_mixin.py:188} INFO - [2026-03-15T19:09:09.899+0000] {dagbag.py:545} INFO - Filling up the DagBag from /opt/airflow/dags/dbt.py
[2026-03-15T19:09:09.908+0000] {logging_mixin.py:188} INFO - [2026-03-15T19:09:09.906+0000] {dagbag.py:355} ERROR - Failed to import: /opt/airflow/dags/dbt.py
Traceback (most recent call last):
  File "/home/airflow/.local/lib/python3.12/site-packages/airflow/models/dagbag.py", line 351, in parse
    loader.exec_module(new_module)
  File "<frozen importlib._bootstrap_external>", line 995, in exec_module
  File "<frozen importlib._bootstrap>", line 488, in _call_with_frames_removed
  File "/opt/airflow/dags/dbt.py", line 2, in <module>
    from airflow.providers.standard.operators.bash import BashOperator
ModuleNotFoundError: No module named 'airflow.providers.standard'
[2026-03-15T19:09:09.909+0000] {processor.py:842} WARNING - No viable dags retrieved from /opt/airflow/dags/dbt.py
[2026-03-15T19:09:09.953+0000] {processor.py:183} INFO - Processing /opt/airflow/dags/dbt.py took 0.081 seconds
[2026-03-15T19:09:40.334+0000] {processor.py:161} INFO - Started process (PID=4350) to work on /opt/airflow/dags/dbt.py
[2026-03-15T19:09:40.335+0000] {processor.py:830} INFO - Processing file /opt/airflow/dags/dbt.py for tasks to queue
[2026-03-15T19:09:40.342+0000] {logging_mixin.py:188} INFO - [2026-03-15T19:09:40.341+0000] {dagbag.py:545} INFO - Filling up the DagBag from /opt/airflow/dags/dbt.py
[2026-03-15T19:09:40.352+0000] {logging_mixin.py:188} INFO - [2026-03-15T19:09:40.347+0000] {dagbag.py:355} ERROR - Failed to import: /opt/airflow/dags/dbt.py
Traceback (most recent call last):
  File "/home/airflow/.local/lib/python3.12/site-packages/airflow/models/dagbag.py", line 351, in parse
    loader.exec_module(new_module)
  File "<frozen importlib._bootstrap_external>", line 995, in exec_module
  File "<frozen importlib._bootstrap>", line 488, in _call_with_frames_removed
  File "/opt/airflow/dags/dbt.py", line 2, in <module>
    from airflow.providers.standard.operators.bash import BashOperator
ModuleNotFoundError: No module named 'airflow.providers.standard'
[2026-03-15T19:09:40.352+0000] {processor.py:842} WARNING - No viable dags retrieved from /opt/airflow/dags/dbt.py
[2026-03-15T19:09:40.382+0000] {processor.py:183} INFO - Processing /opt/airflow/dags/dbt.py took 0.068 seconds
[2026-03-15T19:10:10.823+0000] {processor.py:161} INFO - Started process (PID=4352) to work on /opt/airflow/dags/dbt.py
[2026-03-15T19:10:10.825+0000] {processor.py:830} INFO - Processing file /opt/airflow/dags/dbt.py for tasks to queue
[2026-03-15T19:10:10.835+0000] {logging_mixin.py:188} INFO - [2026-03-15T19:10:10.834+0000] {dagbag.py:545} INFO - Filling up the DagBag from /opt/airflow/dags/dbt.py
[2026-03-15T19:10:10.845+0000] {logging_mixin.py:188} INFO - [2026-03-15T19:10:10.842+0000] {dagbag.py:355} ERROR - Failed to import: /opt/airflow/dags/dbt.py
Traceback (most recent call last):
  File "/home/airflow/.local/lib/python3.12/site-packages/airflow/models/dagbag.py", line 351, in parse
    loader.exec_module(new_module)
  File "<frozen importlib._bootstrap_external>", line 995, in exec_module
  File "<frozen importlib._bootstrap>", line 488, in _call_with_frames_removed
  File "/opt/airflow/dags/dbt.py", line 2, in <module>
    from airflow.providers.standard.operators.bash import BashOperator
ModuleNotFoundError: No module named 'airflow.providers.standard'
[2026-03-15T19:10:10.845+0000] {processor.py:842} WARNING - No viable dags retrieved from /opt/airflow/dags/dbt.py
[2026-03-15T19:10:10.882+0000] {processor.py:183} INFO - Processing /opt/airflow/dags/dbt.py took 0.084 seconds
[2026-03-15T19:10:41.373+0000] {processor.py:161} INFO - Started process (PID=4354) to work on /opt/airflow/dags/dbt.py
[2026-03-15T19:10:41.375+0000] {processor.py:830} INFO - Processing file /opt/airflow/dags/dbt.py for tasks to queue
[2026-03-15T19:10:41.381+0000] {logging_mixin.py:188} INFO - [2026-03-15T19:10:41.381+0000] {dagbag.py:545} INFO - Filling up the DagBag from /opt/airflow/dags/dbt.py
[2026-03-15T19:10:41.397+0000] {logging_mixin.py:188} INFO - [2026-03-15T19:10:41.392+0000] {dagbag.py:355} ERROR - Failed to import: /opt/airflow/dags/dbt.py
Traceback (most recent call last):
  File "/home/airflow/.local/lib/python3.12/site-packages/airflow/models/dagbag.py", line 351, in parse
    loader.exec_module(new_module)
  File "<frozen importlib._bootstrap_external>", line 995, in exec_module
  File "<frozen importlib._bootstrap>", line 488, in _call_with_frames_removed
  File "/opt/airflow/dags/dbt.py", line 2, in <module>
    from airflow.providers.standard.operators.bash import BashOperator
ModuleNotFoundError: No module named 'airflow.providers.standard'
[2026-03-15T19:10:41.398+0000] {processor.py:842} WARNING - No viable dags retrieved from /opt/airflow/dags/dbt.py
[2026-03-15T19:10:41.437+0000] {processor.py:183} INFO - Processing /opt/airflow/dags/dbt.py took 0.087 seconds
[2026-03-15T19:11:11.914+0000] {processor.py:161} INFO - Started process (PID=4356) to work on /opt/airflow/dags/dbt.py
[2026-03-15T19:11:11.915+0000] {processor.py:830} INFO - Processing file /opt/airflow/dags/dbt.py for tasks to queue
[2026-03-15T19:11:11.920+0000] {logging_mixin.py:188} INFO - [2026-03-15T19:11:11.919+0000] {dagbag.py:545} INFO - Filling up the DagBag from /opt/airflow/dags/dbt.py
[2026-03-15T19:11:11.934+0000] {logging_mixin.py:188} INFO - [2026-03-15T19:11:11.929+0000] {dagbag.py:355} ERROR - Failed to import: /opt/airflow/dags/dbt.py
Traceback (most recent call last):
  File "/home/airflow/.local/lib/python3.12/site-packages/airflow/models/dagbag.py", line 351, in parse
    loader.exec_module(new_module)
  File "<frozen importlib._bootstrap_external>", line 995, in exec_module
  File "<frozen importlib._bootstrap>", line 488, in _call_with_frames_removed
  File "/opt/airflow/dags/dbt.py", line 2, in <module>
    from airflow.providers.standard.operators.bash import BashOperator
ModuleNotFoundError: No module named 'airflow.providers.standard'
[2026-03-15T19:11:11.936+0000] {processor.py:842} WARNING - No viable dags retrieved from /opt/airflow/dags/dbt.py
[2026-03-15T19:11:11.967+0000] {processor.py:183} INFO - Processing /opt/airflow/dags/dbt.py took 0.079 seconds
[2026-03-15T19:11:42.438+0000] {processor.py:161} INFO - Started process (PID=4358) to work on /opt/airflow/dags/dbt.py
[2026-03-15T19:11:42.440+0000] {processor.py:830} INFO - Processing file /opt/airflow/dags/dbt.py for tasks to queue
[2026-03-15T19:11:42.444+0000] {logging_mixin.py:188} INFO - [2026-03-15T19:11:42.443+0000] {dagbag.py:545} INFO - Filling up the DagBag from /opt/airflow/dags/dbt.py
[2026-03-15T19:11:42.457+0000] {logging_mixin.py:188} INFO - [2026-03-15T19:11:42.453+0000] {dagbag.py:355} ERROR - Failed to import: /opt/airflow/dags/dbt.py
Traceback (most recent call last):
  File "/home/airflow/.local/lib/python3.12/site-packages/airflow/models/dagbag.py", line 351, in parse
    loader.exec_module(new_module)
  File "<frozen importlib._bootstrap_external>", line 995, in exec_module
  File "<frozen importlib._bootstrap>", line 488, in _call_with_frames_removed
  File "/opt/airflow/dags/dbt.py", line 2, in <module>
    from airflow.providers.standard.operators.bash import BashOperator
ModuleNotFoundError: No module named 'airflow.providers.standard'
[2026-03-15T19:11:42.457+0000] {processor.py:842} WARNING - No viable dags retrieved from /opt/airflow/dags/dbt.py
[2026-03-15T19:11:42.499+0000] {processor.py:183} INFO - Processing /opt/airflow/dags/dbt.py took 0.081 seconds
[2026-03-15T19:12:12.981+0000] {processor.py:161} INFO - Started process (PID=4360) to work on /opt/airflow/dags/dbt.py
[2026-03-15T19:12:12.985+0000] {processor.py:830} INFO - Processing file /opt/airflow/dags/dbt.py for tasks to queue
[2026-03-15T19:12:12.991+0000] {logging_mixin.py:188} INFO - [2026-03-15T19:12:12.991+0000] {dagbag.py:545} INFO - Filling up the DagBag from /opt/airflow/dags/dbt.py
[2026-03-15T19:12:12.998+0000] {logging_mixin.py:188} INFO - [2026-03-15T19:12:12.996+0000] {dagbag.py:355} ERROR - Failed to import: /opt/airflow/dags/dbt.py
Traceback (most recent call last):
  File "/home/airflow/.local/lib/python3.12/site-packages/airflow/models/dagbag.py", line 351, in parse
    loader.exec_module(new_module)
  File "<frozen importlib._bootstrap_external>", line 995, in exec_module
  File "<frozen importlib._bootstrap>", line 488, in _call_with_frames_removed
  File "/opt/airflow/dags/dbt.py", line 2, in <module>
    from airflow.providers.standard.operators.bash import BashOperator
ModuleNotFoundError: No module named 'airflow.providers.standard'
[2026-03-15T19:12:12.998+0000] {processor.py:842} WARNING - No viable dags retrieved from /opt/airflow/dags/dbt.py
[2026-03-15T19:12:13.039+0000] {processor.py:183} INFO - Processing /opt/airflow/dags/dbt.py took 0.078 seconds
[2026-03-15T19:12:43.505+0000] {processor.py:161} INFO - Started process (PID=4362) to work on /opt/airflow/dags/dbt.py
[2026-03-15T19:12:43.506+0000] {processor.py:830} INFO - Processing file /opt/airflow/dags/dbt.py for tasks to queue
[2026-03-15T19:12:43.511+0000] {logging_mixin.py:188} INFO - [2026-03-15T19:12:43.511+0000] {dagbag.py:545} INFO - Filling up the DagBag from /opt/airflow/dags/dbt.py
[2026-03-15T19:12:43.528+0000] {logging_mixin.py:188} INFO - [2026-03-15T19:12:43.524+0000] {dagbag.py:355} ERROR - Failed to import: /opt/airflow/dags/dbt.py
Traceback (most recent call last):
  File "/home/airflow/.local/lib/python3.12/site-packages/airflow/models/dagbag.py", line 351, in parse
    loader.exec_module(new_module)
  File "<frozen importlib._bootstrap_external>", line 995, in exec_module
  File "<frozen importlib._bootstrap>", line 488, in _call_with_frames_removed
  File "/opt/airflow/dags/dbt.py", line 2, in <module>
    from airflow.providers.standard.operators.bash import BashOperator
ModuleNotFoundError: No module named 'airflow.providers.standard'
[2026-03-15T19:12:43.531+0000] {processor.py:842} WARNING - No viable dags retrieved from /opt/airflow/dags/dbt.py
[2026-03-15T19:12:43.566+0000] {processor.py:183} INFO - Processing /opt/airflow/dags/dbt.py took 0.082 seconds
[2026-03-15T19:13:14.034+0000] {processor.py:161} INFO - Started process (PID=4364) to work on /opt/airflow/dags/dbt.py
[2026-03-15T19:13:14.035+0000] {processor.py:830} INFO - Processing file /opt/airflow/dags/dbt.py for tasks to queue
[2026-03-15T19:13:14.040+0000] {logging_mixin.py:188} INFO - [2026-03-15T19:13:14.039+0000] {dagbag.py:545} INFO - Filling up the DagBag from /opt/airflow/dags/dbt.py
[2026-03-15T19:13:14.050+0000] {logging_mixin.py:188} INFO - [2026-03-15T19:13:14.049+0000] {dagbag.py:355} ERROR - Failed to import: /opt/airflow/dags/dbt.py
Traceback (most recent call last):
  File "/home/airflow/.local/lib/python3.12/site-packages/airflow/models/dagbag.py", line 351, in parse
    loader.exec_module(new_module)
  File "<frozen importlib._bootstrap_external>", line 995, in exec_module
  File "<frozen importlib._bootstrap>", line 488, in _call_with_frames_removed
  File "/opt/airflow/dags/dbt.py", line 2, in <module>
    from airflow.providers.standard.operators.bash import BashOperator
ModuleNotFoundError: No module named 'airflow.providers.standard'
[2026-03-15T19:13:14.051+0000] {processor.py:842} WARNING - No viable dags retrieved from /opt/airflow/dags/dbt.py
[2026-03-15T19:13:14.078+0000] {processor.py:183} INFO - Processing /opt/airflow/dags/dbt.py took 0.063 seconds
[2026-03-15T19:13:44.548+0000] {processor.py:161} INFO - Started process (PID=4366) to work on /opt/airflow/dags/dbt.py
[2026-03-15T19:13:44.549+0000] {processor.py:830} INFO - Processing file /opt/airflow/dags/dbt.py for tasks to queue
[2026-03-15T19:13:44.555+0000] {logging_mixin.py:188} INFO - [2026-03-15T19:13:44.554+0000] {dagbag.py:545} INFO - Filling up the DagBag from /opt/airflow/dags/dbt.py
[2026-03-15T19:13:44.565+0000] {logging_mixin.py:188} INFO - [2026-03-15T19:13:44.562+0000] {dagbag.py:355} ERROR - Failed to import: /opt/airflow/dags/dbt.py
Traceback (most recent call last):
  File "/home/airflow/.local/lib/python3.12/site-packages/airflow/models/dagbag.py", line 351, in parse
    loader.exec_module(new_module)
  File "<frozen importlib._bootstrap_external>", line 995, in exec_module
  File "<frozen importlib._bootstrap>", line 488, in _call_with_frames_removed
  File "/opt/airflow/dags/dbt.py", line 2, in <module>
    from airflow.providers.standard.operators.bash import BashOperator
ModuleNotFoundError: No module named 'airflow.providers.standard'
[2026-03-15T19:13:44.566+0000] {processor.py:842} WARNING - No viable dags retrieved from /opt/airflow/dags/dbt.py
[2026-03-15T19:13:44.598+0000] {processor.py:183} INFO - Processing /opt/airflow/dags/dbt.py took 0.076 seconds
[2026-03-15T19:14:15.005+0000] {processor.py:161} INFO - Started process (PID=4368) to work on /opt/airflow/dags/dbt.py
[2026-03-15T19:14:15.007+0000] {processor.py:830} INFO - Processing file /opt/airflow/dags/dbt.py for tasks to queue
[2026-03-15T19:14:15.010+0000] {logging_mixin.py:188} INFO - [2026-03-15T19:14:15.010+0000] {dagbag.py:545} INFO - Filling up the DagBag from /opt/airflow/dags/dbt.py
[2026-03-15T19:14:15.019+0000] {logging_mixin.py:188} INFO - [2026-03-15T19:14:15.017+0000] {dagbag.py:355} ERROR - Failed to import: /opt/airflow/dags/dbt.py
Traceback (most recent call last):
  File "/home/airflow/.local/lib/python3.12/site-packages/airflow/models/dagbag.py", line 351, in parse
    loader.exec_module(new_module)
  File "<frozen importlib._bootstrap_external>", line 995, in exec_module
  File "<frozen importlib._bootstrap>", line 488, in _call_with_frames_removed
  File "/opt/airflow/dags/dbt.py", line 2, in <module>
    from airflow.providers.standard.operators.bash import BashOperator
ModuleNotFoundError: No module named 'airflow.providers.standard'
[2026-03-15T19:14:15.019+0000] {processor.py:842} WARNING - No viable dags retrieved from /opt/airflow/dags/dbt.py
[2026-03-15T19:14:15.064+0000] {processor.py:183} INFO - Processing /opt/airflow/dags/dbt.py took 0.077 seconds
[2026-03-15T19:14:45.503+0000] {processor.py:161} INFO - Started process (PID=4370) to work on /opt/airflow/dags/dbt.py
[2026-03-15T19:14:45.506+0000] {processor.py:830} INFO - Processing file /opt/airflow/dags/dbt.py for tasks to queue
[2026-03-15T19:14:45.510+0000] {logging_mixin.py:188} INFO - [2026-03-15T19:14:45.510+0000] {dagbag.py:545} INFO - Filling up the DagBag from /opt/airflow/dags/dbt.py
[2026-03-15T19:14:45.519+0000] {logging_mixin.py:188} INFO - [2026-03-15T19:14:45.516+0000] {dagbag.py:355} ERROR - Failed to import: /opt/airflow/dags/dbt.py
Traceback (most recent call last):
  File "/home/airflow/.local/lib/python3.12/site-packages/airflow/models/dagbag.py", line 351, in parse
    loader.exec_module(new_module)
  File "<frozen importlib._bootstrap_external>", line 995, in exec_module
  File "<frozen importlib._bootstrap>", line 488, in _call_with_frames_removed
  File "/opt/airflow/dags/dbt.py", line 2, in <module>
    from airflow.providers.standard.operators.bash import BashOperator
ModuleNotFoundError: No module named 'airflow.providers.standard'
[2026-03-15T19:14:45.521+0000] {processor.py:842} WARNING - No viable dags retrieved from /opt/airflow/dags/dbt.py
[2026-03-15T19:14:45.551+0000] {processor.py:183} INFO - Processing /opt/airflow/dags/dbt.py took 0.071 seconds
[2026-03-15T19:15:15.996+0000] {processor.py:161} INFO - Started process (PID=4372) to work on /opt/airflow/dags/dbt.py
[2026-03-15T19:15:15.998+0000] {processor.py:830} INFO - Processing file /opt/airflow/dags/dbt.py for tasks to queue
[2026-03-15T19:15:16.002+0000] {logging_mixin.py:188} INFO - [2026-03-15T19:15:16.001+0000] {dagbag.py:545} INFO - Filling up the DagBag from /opt/airflow/dags/dbt.py
[2026-03-15T19:15:16.009+0000] {logging_mixin.py:188} INFO - [2026-03-15T19:15:16.007+0000] {dagbag.py:355} ERROR - Failed to import: /opt/airflow/dags/dbt.py
Traceback (most recent call last):
  File "/home/airflow/.local/lib/python3.12/site-packages/airflow/models/dagbag.py", line 351, in parse
    loader.exec_module(new_module)
  File "<frozen importlib._bootstrap_external>", line 995, in exec_module
  File "<frozen importlib._bootstrap>", line 488, in _call_with_frames_removed
  File "/opt/airflow/dags/dbt.py", line 2, in <module>
    from airflow.providers.standard.operators.bash import BashOperator
ModuleNotFoundError: No module named 'airflow.providers.standard'
[2026-03-15T19:15:16.011+0000] {processor.py:842} WARNING - No viable dags retrieved from /opt/airflow/dags/dbt.py
[2026-03-15T19:15:16.042+0000] {processor.py:183} INFO - Processing /opt/airflow/dags/dbt.py took 0.062 seconds
[2026-03-15T19:15:46.474+0000] {processor.py:161} INFO - Started process (PID=4374) to work on /opt/airflow/dags/dbt.py
[2026-03-15T19:15:46.475+0000] {processor.py:830} INFO - Processing file /opt/airflow/dags/dbt.py for tasks to queue
[2026-03-15T19:15:46.482+0000] {logging_mixin.py:188} INFO - [2026-03-15T19:15:46.481+0000] {dagbag.py:545} INFO - Filling up the DagBag from /opt/airflow/dags/dbt.py
[2026-03-15T19:15:46.492+0000] {logging_mixin.py:188} INFO - [2026-03-15T19:15:46.489+0000] {dagbag.py:355} ERROR - Failed to import: /opt/airflow/dags/dbt.py
Traceback (most recent call last):
  File "/home/airflow/.local/lib/python3.12/site-packages/airflow/models/dagbag.py", line 351, in parse
    loader.exec_module(new_module)
  File "<frozen importlib._bootstrap_external>", line 995, in exec_module
  File "<frozen importlib._bootstrap>", line 488, in _call_with_frames_removed
  File "/opt/airflow/dags/dbt.py", line 2, in <module>
    from airflow.providers.standard.operators.bash import BashOperator
ModuleNotFoundError: No module named 'airflow.providers.standard'
[2026-03-15T19:15:46.493+0000] {processor.py:842} WARNING - No viable dags retrieved from /opt/airflow/dags/dbt.py
[2026-03-15T19:15:46.558+0000] {processor.py:183} INFO - Processing /opt/airflow/dags/dbt.py took 0.107 seconds
[2026-03-15T19:16:17.015+0000] {processor.py:161} INFO - Started process (PID=4376) to work on /opt/airflow/dags/dbt.py
[2026-03-15T19:16:17.017+0000] {processor.py:830} INFO - Processing file /opt/airflow/dags/dbt.py for tasks to queue
[2026-03-15T19:16:17.023+0000] {logging_mixin.py:188} INFO - [2026-03-15T19:16:17.021+0000] {dagbag.py:545} INFO - Filling up the DagBag from /opt/airflow/dags/dbt.py
[2026-03-15T19:16:17.031+0000] {logging_mixin.py:188} INFO - [2026-03-15T19:16:17.029+0000] {dagbag.py:355} ERROR - Failed to import: /opt/airflow/dags/dbt.py
Traceback (most recent call last):
  File "/home/airflow/.local/lib/python3.12/site-packages/airflow/models/dagbag.py", line 351, in parse
    loader.exec_module(new_module)
  File "<frozen importlib._bootstrap_external>", line 995, in exec_module
  File "<frozen importlib._bootstrap>", line 488, in _call_with_frames_removed
  File "/opt/airflow/dags/dbt.py", line 2, in <module>
    from airflow.providers.standard.operators.bash import BashOperator
ModuleNotFoundError: No module named 'airflow.providers.standard'
[2026-03-15T19:16:17.031+0000] {processor.py:842} WARNING - No viable dags retrieved from /opt/airflow/dags/dbt.py
[2026-03-15T19:16:17.069+0000] {processor.py:183} INFO - Processing /opt/airflow/dags/dbt.py took 0.073 seconds
[2026-03-15T19:16:47.491+0000] {processor.py:161} INFO - Started process (PID=4378) to work on /opt/airflow/dags/dbt.py
[2026-03-15T19:16:47.493+0000] {processor.py:830} INFO - Processing file /opt/airflow/dags/dbt.py for tasks to queue
[2026-03-15T19:16:47.500+0000] {logging_mixin.py:188} INFO - [2026-03-15T19:16:47.500+0000] {dagbag.py:545} INFO - Filling up the DagBag from /opt/airflow/dags/dbt.py
[2026-03-15T19:16:47.509+0000] {logging_mixin.py:188} INFO - [2026-03-15T19:16:47.505+0000] {dagbag.py:355} ERROR - Failed to import: /opt/airflow/dags/dbt.py
Traceback (most recent call last):
  File "/home/airflow/.local/lib/python3.12/site-packages/airflow/models/dagbag.py", line 351, in parse
    loader.exec_module(new_module)
  File "<frozen importlib._bootstrap_external>", line 995, in exec_module
  File "<frozen importlib._bootstrap>", line 488, in _call_with_frames_removed
  File "/opt/airflow/dags/dbt.py", line 2, in <module>
    from airflow.providers.standard.operators.bash import BashOperator
ModuleNotFoundError: No module named 'airflow.providers.standard'
[2026-03-15T19:16:47.510+0000] {processor.py:842} WARNING - No viable dags retrieved from /opt/airflow/dags/dbt.py
[2026-03-15T19:16:47.555+0000] {processor.py:183} INFO - Processing /opt/airflow/dags/dbt.py took 0.092 seconds
[2026-03-15T19:17:17.948+0000] {processor.py:161} INFO - Started process (PID=4380) to work on /opt/airflow/dags/dbt.py
[2026-03-15T19:17:17.950+0000] {processor.py:830} INFO - Processing file /opt/airflow/dags/dbt.py for tasks to queue
[2026-03-15T19:17:17.958+0000] {logging_mixin.py:188} INFO - [2026-03-15T19:17:17.957+0000] {dagbag.py:545} INFO - Filling up the DagBag from /opt/airflow/dags/dbt.py
[2026-03-15T19:17:17.985+0000] {logging_mixin.py:188} INFO - [2026-03-15T19:17:17.971+0000] {dagbag.py:355} ERROR - Failed to import: /opt/airflow/dags/dbt.py
Traceback (most recent call last):
  File "/home/airflow/.local/lib/python3.12/site-packages/airflow/models/dagbag.py", line 351, in parse
    loader.exec_module(new_module)
  File "<frozen importlib._bootstrap_external>", line 995, in exec_module
  File "<frozen importlib._bootstrap>", line 488, in _call_with_frames_removed
  File "/opt/airflow/dags/dbt.py", line 2, in <module>
    from airflow.providers.standard.operators.bash import BashOperator
ModuleNotFoundError: No module named 'airflow.providers.standard'
[2026-03-15T19:17:17.987+0000] {processor.py:842} WARNING - No viable dags retrieved from /opt/airflow/dags/dbt.py
[2026-03-15T19:17:18.040+0000] {processor.py:183} INFO - Processing /opt/airflow/dags/dbt.py took 0.114 seconds
[2026-03-15T19:17:48.512+0000] {processor.py:161} INFO - Started process (PID=4382) to work on /opt/airflow/dags/dbt.py
[2026-03-15T19:17:48.521+0000] {processor.py:830} INFO - Processing file /opt/airflow/dags/dbt.py for tasks to queue
[2026-03-15T19:17:48.527+0000] {logging_mixin.py:188} INFO - [2026-03-15T19:17:48.527+0000] {dagbag.py:545} INFO - Filling up the DagBag from /opt/airflow/dags/dbt.py
[2026-03-15T19:17:48.536+0000] {logging_mixin.py:188} INFO - [2026-03-15T19:17:48.533+0000] {dagbag.py:355} ERROR - Failed to import: /opt/airflow/dags/dbt.py
Traceback (most recent call last):
  File "/home/airflow/.local/lib/python3.12/site-packages/airflow/models/dagbag.py", line 351, in parse
    loader.exec_module(new_module)
  File "<frozen importlib._bootstrap_external>", line 995, in exec_module
  File "<frozen importlib._bootstrap>", line 488, in _call_with_frames_removed
  File "/opt/airflow/dags/dbt.py", line 2, in <module>
    from airflow.providers.standard.operators.bash import BashOperator
ModuleNotFoundError: No module named 'airflow.providers.standard'
[2026-03-15T19:17:48.536+0000] {processor.py:842} WARNING - No viable dags retrieved from /opt/airflow/dags/dbt.py
[2026-03-15T19:17:48.574+0000] {processor.py:183} INFO - Processing /opt/airflow/dags/dbt.py took 0.085 seconds
[2026-03-15T19:18:19.031+0000] {processor.py:161} INFO - Started process (PID=4384) to work on /opt/airflow/dags/dbt.py
[2026-03-15T19:18:19.033+0000] {processor.py:830} INFO - Processing file /opt/airflow/dags/dbt.py for tasks to queue
[2026-03-15T19:18:19.041+0000] {logging_mixin.py:188} INFO - [2026-03-15T19:18:19.041+0000] {dagbag.py:545} INFO - Filling up the DagBag from /opt/airflow/dags/dbt.py
[2026-03-15T19:18:19.047+0000] {logging_mixin.py:188} INFO - [2026-03-15T19:18:19.046+0000] {dagbag.py:355} ERROR - Failed to import: /opt/airflow/dags/dbt.py
Traceback (most recent call last):
  File "/home/airflow/.local/lib/python3.12/site-packages/airflow/models/dagbag.py", line 351, in parse
    loader.exec_module(new_module)
  File "<frozen importlib._bootstrap_external>", line 995, in exec_module
  File "<frozen importlib._bootstrap>", line 488, in _call_with_frames_removed
  File "/opt/airflow/dags/dbt.py", line 2, in <module>
    from airflow.providers.standard.operators.bash import BashOperator
ModuleNotFoundError: No module named 'airflow.providers.standard'
[2026-03-15T19:18:19.047+0000] {processor.py:842} WARNING - No viable dags retrieved from /opt/airflow/dags/dbt.py
[2026-03-15T19:18:19.077+0000] {processor.py:183} INFO - Processing /opt/airflow/dags/dbt.py took 0.058 seconds
[2026-03-15T19:18:49.524+0000] {processor.py:161} INFO - Started process (PID=4386) to work on /opt/airflow/dags/dbt.py
[2026-03-15T19:18:49.527+0000] {processor.py:830} INFO - Processing file /opt/airflow/dags/dbt.py for tasks to queue
[2026-03-15T19:18:49.534+0000] {logging_mixin.py:188} INFO - [2026-03-15T19:18:49.533+0000] {dagbag.py:545} INFO - Filling up the DagBag from /opt/airflow/dags/dbt.py
[2026-03-15T19:18:49.540+0000] {logging_mixin.py:188} INFO - [2026-03-15T19:18:49.538+0000] {dagbag.py:355} ERROR - Failed to import: /opt/airflow/dags/dbt.py
Traceback (most recent call last):
  File "/home/airflow/.local/lib/python3.12/site-packages/airflow/models/dagbag.py", line 351, in parse
    loader.exec_module(new_module)
  File "<frozen importlib._bootstrap_external>", line 995, in exec_module
  File "<frozen importlib._bootstrap>", line 488, in _call_with_frames_removed
  File "/opt/airflow/dags/dbt.py", line 2, in <module>
    from airflow.providers.standard.operators.bash import BashOperator
ModuleNotFoundError: No module named 'airflow.providers.standard'
[2026-03-15T19:18:49.543+0000] {processor.py:842} WARNING - No viable dags retrieved from /opt/airflow/dags/dbt.py
[2026-03-15T19:18:49.576+0000] {processor.py:183} INFO - Processing /opt/airflow/dags/dbt.py took 0.078 seconds
[2026-03-15T19:19:19.973+0000] {processor.py:161} INFO - Started process (PID=4388) to work on /opt/airflow/dags/dbt.py
[2026-03-15T19:19:19.974+0000] {processor.py:830} INFO - Processing file /opt/airflow/dags/dbt.py for tasks to queue
[2026-03-15T19:19:19.981+0000] {logging_mixin.py:188} INFO - [2026-03-15T19:19:19.980+0000] {dagbag.py:545} INFO - Filling up the DagBag from /opt/airflow/dags/dbt.py
[2026-03-15T19:19:19.989+0000] {logging_mixin.py:188} INFO - [2026-03-15T19:19:19.987+0000] {dagbag.py:355} ERROR - Failed to import: /opt/airflow/dags/dbt.py
Traceback (most recent call last):
  File "/home/airflow/.local/lib/python3.12/site-packages/airflow/models/dagbag.py", line 351, in parse
    loader.exec_module(new_module)
  File "<frozen importlib._bootstrap_external>", line 995, in exec_module
  File "<frozen importlib._bootstrap>", line 488, in _call_with_frames_removed
  File "/opt/airflow/dags/dbt.py", line 2, in <module>
    from airflow.providers.standard.operators.bash import BashOperator
ModuleNotFoundError: No module named 'airflow.providers.standard'
[2026-03-15T19:19:19.990+0000] {processor.py:842} WARNING - No viable dags retrieved from /opt/airflow/dags/dbt.py
[2026-03-15T19:19:20.029+0000] {processor.py:183} INFO - Processing /opt/airflow/dags/dbt.py took 0.076 seconds
[2026-03-15T19:19:50.498+0000] {processor.py:161} INFO - Started process (PID=4390) to work on /opt/airflow/dags/dbt.py
[2026-03-15T19:19:50.502+0000] {processor.py:830} INFO - Processing file /opt/airflow/dags/dbt.py for tasks to queue
[2026-03-15T19:19:50.509+0000] {logging_mixin.py:188} INFO - [2026-03-15T19:19:50.509+0000] {dagbag.py:545} INFO - Filling up the DagBag from /opt/airflow/dags/dbt.py
[2026-03-15T19:19:50.517+0000] {logging_mixin.py:188} INFO - [2026-03-15T19:19:50.515+0000] {dagbag.py:355} ERROR - Failed to import: /opt/airflow/dags/dbt.py
Traceback (most recent call last):
  File "/home/airflow/.local/lib/python3.12/site-packages/airflow/models/dagbag.py", line 351, in parse
    loader.exec_module(new_module)
  File "<frozen importlib._bootstrap_external>", line 995, in exec_module
  File "<frozen importlib._bootstrap>", line 488, in _call_with_frames_removed
  File "/opt/airflow/dags/dbt.py", line 2, in <module>
    from airflow.providers.standard.operators.bash import BashOperator
ModuleNotFoundError: No module named 'airflow.providers.standard'
[2026-03-15T19:19:50.518+0000] {processor.py:842} WARNING - No viable dags retrieved from /opt/airflow/dags/dbt.py
[2026-03-15T19:19:50.550+0000] {processor.py:183} INFO - Processing /opt/airflow/dags/dbt.py took 0.076 seconds
[2026-03-15T19:20:20.992+0000] {processor.py:161} INFO - Started process (PID=4392) to work on /opt/airflow/dags/dbt.py
[2026-03-15T19:20:20.996+0000] {processor.py:830} INFO - Processing file /opt/airflow/dags/dbt.py for tasks to queue
[2026-03-15T19:20:21.006+0000] {logging_mixin.py:188} INFO - [2026-03-15T19:20:21.002+0000] {dagbag.py:545} INFO - Filling up the DagBag from /opt/airflow/dags/dbt.py
[2026-03-15T19:20:21.031+0000] {logging_mixin.py:188} INFO - [2026-03-15T19:20:21.026+0000] {dagbag.py:355} ERROR - Failed to import: /opt/airflow/dags/dbt.py
Traceback (most recent call last):
  File "/home/airflow/.local/lib/python3.12/site-packages/airflow/models/dagbag.py", line 351, in parse
    loader.exec_module(new_module)
  File "<frozen importlib._bootstrap_external>", line 995, in exec_module
  File "<frozen importlib._bootstrap>", line 488, in _call_with_frames_removed
  File "/opt/airflow/dags/dbt.py", line 2, in <module>
    from airflow.providers.standard.operators.bash import BashOperator
ModuleNotFoundError: No module named 'airflow.providers.standard'
[2026-03-15T19:20:21.033+0000] {processor.py:842} WARNING - No viable dags retrieved from /opt/airflow/dags/dbt.py
[2026-03-15T19:20:21.079+0000] {processor.py:183} INFO - Processing /opt/airflow/dags/dbt.py took 0.115 seconds
[2026-03-15T19:20:51.511+0000] {processor.py:161} INFO - Started process (PID=4394) to work on /opt/airflow/dags/dbt.py
[2026-03-15T19:20:51.513+0000] {processor.py:830} INFO - Processing file /opt/airflow/dags/dbt.py for tasks to queue
[2026-03-15T19:20:51.519+0000] {logging_mixin.py:188} INFO - [2026-03-15T19:20:51.518+0000] {dagbag.py:545} INFO - Filling up the DagBag from /opt/airflow/dags/dbt.py
[2026-03-15T19:20:51.527+0000] {logging_mixin.py:188} INFO - [2026-03-15T19:20:51.524+0000] {dagbag.py:355} ERROR - Failed to import: /opt/airflow/dags/dbt.py
Traceback (most recent call last):
  File "/home/airflow/.local/lib/python3.12/site-packages/airflow/models/dagbag.py", line 351, in parse
    loader.exec_module(new_module)
  File "<frozen importlib._bootstrap_external>", line 995, in exec_module
  File "<frozen importlib._bootstrap>", line 488, in _call_with_frames_removed
  File "/opt/airflow/dags/dbt.py", line 2, in <module>
    from airflow.providers.standard.operators.bash import BashOperator
ModuleNotFoundError: No module named 'airflow.providers.standard'
[2026-03-15T19:20:51.529+0000] {processor.py:842} WARNING - No viable dags retrieved from /opt/airflow/dags/dbt.py
[2026-03-15T19:20:51.561+0000] {processor.py:183} INFO - Processing /opt/airflow/dags/dbt.py took 0.069 seconds
[2026-03-15T19:21:22.013+0000] {processor.py:161} INFO - Started process (PID=4396) to work on /opt/airflow/dags/dbt.py
[2026-03-15T19:21:22.015+0000] {processor.py:830} INFO - Processing file /opt/airflow/dags/dbt.py for tasks to queue
[2026-03-15T19:21:22.020+0000] {logging_mixin.py:188} INFO - [2026-03-15T19:21:22.020+0000] {dagbag.py:545} INFO - Filling up the DagBag from /opt/airflow/dags/dbt.py
[2026-03-15T19:21:22.031+0000] {logging_mixin.py:188} INFO - [2026-03-15T19:21:22.029+0000] {dagbag.py:355} ERROR - Failed to import: /opt/airflow/dags/dbt.py
Traceback (most recent call last):
  File "/home/airflow/.local/lib/python3.12/site-packages/airflow/models/dagbag.py", line 351, in parse
    loader.exec_module(new_module)
  File "<frozen importlib._bootstrap_external>", line 995, in exec_module
  File "<frozen importlib._bootstrap>", line 488, in _call_with_frames_removed
  File "/opt/airflow/dags/dbt.py", line 2, in <module>
    from airflow.providers.standard.operators.bash import BashOperator
ModuleNotFoundError: No module named 'airflow.providers.standard'
[2026-03-15T19:21:22.034+0000] {processor.py:842} WARNING - No viable dags retrieved from /opt/airflow/dags/dbt.py
[2026-03-15T19:21:22.074+0000] {processor.py:183} INFO - Processing /opt/airflow/dags/dbt.py took 0.096 seconds
[2026-03-15T19:21:52.495+0000] {processor.py:161} INFO - Started process (PID=4398) to work on /opt/airflow/dags/dbt.py
[2026-03-15T19:21:52.497+0000] {processor.py:830} INFO - Processing file /opt/airflow/dags/dbt.py for tasks to queue
[2026-03-15T19:21:52.502+0000] {logging_mixin.py:188} INFO - [2026-03-15T19:21:52.502+0000] {dagbag.py:545} INFO - Filling up the DagBag from /opt/airflow/dags/dbt.py
[2026-03-15T19:21:52.515+0000] {logging_mixin.py:188} INFO - [2026-03-15T19:21:52.513+0000] {dagbag.py:355} ERROR - Failed to import: /opt/airflow/dags/dbt.py
Traceback (most recent call last):
  File "/home/airflow/.local/lib/python3.12/site-packages/airflow/models/dagbag.py", line 351, in parse
    loader.exec_module(new_module)
  File "<frozen importlib._bootstrap_external>", line 995, in exec_module
  File "<frozen importlib._bootstrap>", line 488, in _call_with_frames_removed
  File "/opt/airflow/dags/dbt.py", line 2, in <module>
    from airflow.providers.standard.operators.bash import BashOperator
ModuleNotFoundError: No module named 'airflow.providers.standard'
[2026-03-15T19:21:52.515+0000] {processor.py:842} WARNING - No viable dags retrieved from /opt/airflow/dags/dbt.py
[2026-03-15T19:21:52.547+0000] {processor.py:183} INFO - Processing /opt/airflow/dags/dbt.py took 0.067 seconds
[2026-03-15T19:22:22.918+0000] {processor.py:161} INFO - Started process (PID=4400) to work on /opt/airflow/dags/dbt.py
[2026-03-15T19:22:22.920+0000] {processor.py:830} INFO - Processing file /opt/airflow/dags/dbt.py for tasks to queue
[2026-03-15T19:22:22.923+0000] {logging_mixin.py:188} INFO - [2026-03-15T19:22:22.923+0000] {dagbag.py:545} INFO - Filling up the DagBag from /opt/airflow/dags/dbt.py
[2026-03-15T19:22:22.935+0000] {logging_mixin.py:188} INFO - [2026-03-15T19:22:22.931+0000] {dagbag.py:355} ERROR - Failed to import: /opt/airflow/dags/dbt.py
Traceback (most recent call last):
  File "/home/airflow/.local/lib/python3.12/site-packages/airflow/models/dagbag.py", line 351, in parse
    loader.exec_module(new_module)
  File "<frozen importlib._bootstrap_external>", line 995, in exec_module
  File "<frozen importlib._bootstrap>", line 488, in _call_with_frames_removed
  File "/opt/airflow/dags/dbt.py", line 2, in <module>
    from airflow.providers.standard.operators.bash import BashOperator
ModuleNotFoundError: No module named 'airflow.providers.standard'
[2026-03-15T19:22:22.937+0000] {processor.py:842} WARNING - No viable dags retrieved from /opt/airflow/dags/dbt.py
[2026-03-15T19:22:22.980+0000] {processor.py:183} INFO - Processing /opt/airflow/dags/dbt.py took 0.087 seconds
[2026-03-15T19:22:53.498+0000] {processor.py:161} INFO - Started process (PID=4402) to work on /opt/airflow/dags/dbt.py
[2026-03-15T19:22:53.500+0000] {processor.py:830} INFO - Processing file /opt/airflow/dags/dbt.py for tasks to queue
[2026-03-15T19:22:53.506+0000] {logging_mixin.py:188} INFO - [2026-03-15T19:22:53.505+0000] {dagbag.py:545} INFO - Filling up the DagBag from /opt/airflow/dags/dbt.py
[2026-03-15T19:22:53.516+0000] {logging_mixin.py:188} INFO - [2026-03-15T19:22:53.514+0000] {dagbag.py:355} ERROR - Failed to import: /opt/airflow/dags/dbt.py
Traceback (most recent call last):
  File "/home/airflow/.local/lib/python3.12/site-packages/airflow/models/dagbag.py", line 351, in parse
    loader.exec_module(new_module)
  File "<frozen importlib._bootstrap_external>", line 995, in exec_module
  File "<frozen importlib._bootstrap>", line 488, in _call_with_frames_removed
  File "/opt/airflow/dags/dbt.py", line 2, in <module>
    from airflow.providers.standard.operators.bash import BashOperator
ModuleNotFoundError: No module named 'airflow.providers.standard'
[2026-03-15T19:22:53.516+0000] {processor.py:842} WARNING - No viable dags retrieved from /opt/airflow/dags/dbt.py
[2026-03-15T19:22:53.551+0000] {processor.py:183} INFO - Processing /opt/airflow/dags/dbt.py took 0.073 seconds
[2026-03-15T19:23:23.900+0000] {processor.py:161} INFO - Started process (PID=4404) to work on /opt/airflow/dags/dbt.py
[2026-03-15T19:23:23.902+0000] {processor.py:830} INFO - Processing file /opt/airflow/dags/dbt.py for tasks to queue
[2026-03-15T19:23:23.910+0000] {logging_mixin.py:188} INFO - [2026-03-15T19:23:23.909+0000] {dagbag.py:545} INFO - Filling up the DagBag from /opt/airflow/dags/dbt.py
[2026-03-15T19:23:23.919+0000] {logging_mixin.py:188} INFO - [2026-03-15T19:23:23.917+0000] {dagbag.py:355} ERROR - Failed to import: /opt/airflow/dags/dbt.py
Traceback (most recent call last):
  File "/home/airflow/.local/lib/python3.12/site-packages/airflow/models/dagbag.py", line 351, in parse
    loader.exec_module(new_module)
  File "<frozen importlib._bootstrap_external>", line 995, in exec_module
  File "<frozen importlib._bootstrap>", line 488, in _call_with_frames_removed
  File "/opt/airflow/dags/dbt.py", line 2, in <module>
    from airflow.providers.standard.operators.bash import BashOperator
ModuleNotFoundError: No module named 'airflow.providers.standard'
[2026-03-15T19:23:23.919+0000] {processor.py:842} WARNING - No viable dags retrieved from /opt/airflow/dags/dbt.py
[2026-03-15T19:23:23.954+0000] {processor.py:183} INFO - Processing /opt/airflow/dags/dbt.py took 0.067 seconds
[2026-03-15T19:23:54.374+0000] {processor.py:161} INFO - Started process (PID=4406) to work on /opt/airflow/dags/dbt.py
[2026-03-15T19:23:54.376+0000] {processor.py:830} INFO - Processing file /opt/airflow/dags/dbt.py for tasks to queue
[2026-03-15T19:23:54.380+0000] {logging_mixin.py:188} INFO - [2026-03-15T19:23:54.380+0000] {dagbag.py:545} INFO - Filling up the DagBag from /opt/airflow/dags/dbt.py
[2026-03-15T19:23:54.395+0000] {logging_mixin.py:188} INFO - [2026-03-15T19:23:54.390+0000] {dagbag.py:355} ERROR - Failed to import: /opt/airflow/dags/dbt.py
Traceback (most recent call last):
  File "/home/airflow/.local/lib/python3.12/site-packages/airflow/models/dagbag.py", line 351, in parse
    loader.exec_module(new_module)
  File "<frozen importlib._bootstrap_external>", line 995, in exec_module
  File "<frozen importlib._bootstrap>", line 488, in _call_with_frames_removed
  File "/opt/airflow/dags/dbt.py", line 2, in <module>
    from airflow.providers.standard.operators.bash import BashOperator
ModuleNotFoundError: No module named 'airflow.providers.standard'
[2026-03-15T19:23:54.395+0000] {processor.py:842} WARNING - No viable dags retrieved from /opt/airflow/dags/dbt.py
[2026-03-15T19:23:54.431+0000] {processor.py:183} INFO - Processing /opt/airflow/dags/dbt.py took 0.083 seconds
[2026-03-15T19:24:24.795+0000] {processor.py:161} INFO - Started process (PID=4408) to work on /opt/airflow/dags/dbt.py
[2026-03-15T19:24:24.796+0000] {processor.py:830} INFO - Processing file /opt/airflow/dags/dbt.py for tasks to queue
[2026-03-15T19:24:24.803+0000] {logging_mixin.py:188} INFO - [2026-03-15T19:24:24.800+0000] {dagbag.py:545} INFO - Filling up the DagBag from /opt/airflow/dags/dbt.py
[2026-03-15T19:24:24.814+0000] {logging_mixin.py:188} INFO - [2026-03-15T19:24:24.812+0000] {dagbag.py:355} ERROR - Failed to import: /opt/airflow/dags/dbt.py
Traceback (most recent call last):
  File "/home/airflow/.local/lib/python3.12/site-packages/airflow/models/dagbag.py", line 351, in parse
    loader.exec_module(new_module)
  File "<frozen importlib._bootstrap_external>", line 995, in exec_module
  File "<frozen importlib._bootstrap>", line 488, in _call_with_frames_removed
  File "/opt/airflow/dags/dbt.py", line 2, in <module>
    from airflow.providers.standard.operators.bash import BashOperator
ModuleNotFoundError: No module named 'airflow.providers.standard'
[2026-03-15T19:24:24.816+0000] {processor.py:842} WARNING - No viable dags retrieved from /opt/airflow/dags/dbt.py
[2026-03-15T19:24:24.857+0000] {processor.py:183} INFO - Processing /opt/airflow/dags/dbt.py took 0.072 seconds
[2026-03-15T19:24:55.320+0000] {processor.py:161} INFO - Started process (PID=4410) to work on /opt/airflow/dags/dbt.py
[2026-03-15T19:24:55.321+0000] {processor.py:830} INFO - Processing file /opt/airflow/dags/dbt.py for tasks to queue
[2026-03-15T19:24:55.326+0000] {logging_mixin.py:188} INFO - [2026-03-15T19:24:55.325+0000] {dagbag.py:545} INFO - Filling up the DagBag from /opt/airflow/dags/dbt.py
[2026-03-15T19:24:55.334+0000] {logging_mixin.py:188} INFO - [2026-03-15T19:24:55.332+0000] {dagbag.py:355} ERROR - Failed to import: /opt/airflow/dags/dbt.py
Traceback (most recent call last):
  File "/home/airflow/.local/lib/python3.12/site-packages/airflow/models/dagbag.py", line 351, in parse
    loader.exec_module(new_module)
  File "<frozen importlib._bootstrap_external>", line 995, in exec_module
  File "<frozen importlib._bootstrap>", line 488, in _call_with_frames_removed
  File "/opt/airflow/dags/dbt.py", line 2, in <module>
    from airflow.providers.standard.operators.bash import BashOperator
ModuleNotFoundError: No module named 'airflow.providers.standard'
[2026-03-15T19:24:55.335+0000] {processor.py:842} WARNING - No viable dags retrieved from /opt/airflow/dags/dbt.py
[2026-03-15T19:24:55.375+0000] {processor.py:183} INFO - Processing /opt/airflow/dags/dbt.py took 0.069 seconds
[2026-03-15T19:25:25.983+0000] {processor.py:161} INFO - Started process (PID=4412) to work on /opt/airflow/dags/dbt.py
[2026-03-15T19:25:25.984+0000] {processor.py:830} INFO - Processing file /opt/airflow/dags/dbt.py for tasks to queue
[2026-03-15T19:25:25.989+0000] {logging_mixin.py:188} INFO - [2026-03-15T19:25:25.989+0000] {dagbag.py:545} INFO - Filling up the DagBag from /opt/airflow/dags/dbt.py
[2026-03-15T19:25:25.996+0000] {logging_mixin.py:188} INFO - [2026-03-15T19:25:25.995+0000] {dagbag.py:355} ERROR - Failed to import: /opt/airflow/dags/dbt.py
Traceback (most recent call last):
  File "/home/airflow/.local/lib/python3.12/site-packages/airflow/models/dagbag.py", line 351, in parse
    loader.exec_module(new_module)
  File "<frozen importlib._bootstrap_external>", line 995, in exec_module
  File "<frozen importlib._bootstrap>", line 488, in _call_with_frames_removed
  File "/opt/airflow/dags/dbt.py", line 2, in <module>
    from airflow.providers.standard.operators.bash import BashOperator
ModuleNotFoundError: No module named 'airflow.providers.standard'
[2026-03-15T19:25:25.996+0000] {processor.py:842} WARNING - No viable dags retrieved from /opt/airflow/dags/dbt.py
[2026-03-15T19:25:26.021+0000] {processor.py:183} INFO - Processing /opt/airflow/dags/dbt.py took 0.052 seconds
[2026-03-15T19:25:56.490+0000] {processor.py:161} INFO - Started process (PID=4414) to work on /opt/airflow/dags/dbt.py
[2026-03-15T19:25:56.492+0000] {processor.py:830} INFO - Processing file /opt/airflow/dags/dbt.py for tasks to queue
[2026-03-15T19:25:56.496+0000] {logging_mixin.py:188} INFO - [2026-03-15T19:25:56.495+0000] {dagbag.py:545} INFO - Filling up the DagBag from /opt/airflow/dags/dbt.py
[2026-03-15T19:25:56.505+0000] {logging_mixin.py:188} INFO - [2026-03-15T19:25:56.502+0000] {dagbag.py:355} ERROR - Failed to import: /opt/airflow/dags/dbt.py
Traceback (most recent call last):
  File "/home/airflow/.local/lib/python3.12/site-packages/airflow/models/dagbag.py", line 351, in parse
    loader.exec_module(new_module)
  File "<frozen importlib._bootstrap_external>", line 995, in exec_module
  File "<frozen importlib._bootstrap>", line 488, in _call_with_frames_removed
  File "/opt/airflow/dags/dbt.py", line 2, in <module>
    from airflow.providers.standard.operators.bash import BashOperator
ModuleNotFoundError: No module named 'airflow.providers.standard'
[2026-03-15T19:25:56.506+0000] {processor.py:842} WARNING - No viable dags retrieved from /opt/airflow/dags/dbt.py
[2026-03-15T19:25:56.541+0000] {processor.py:183} INFO - Processing /opt/airflow/dags/dbt.py took 0.068 seconds
[2026-03-15T19:26:27.181+0000] {processor.py:161} INFO - Started process (PID=4416) to work on /opt/airflow/dags/dbt.py
[2026-03-15T19:26:27.185+0000] {processor.py:830} INFO - Processing file /opt/airflow/dags/dbt.py for tasks to queue
[2026-03-15T19:26:27.199+0000] {logging_mixin.py:188} INFO - [2026-03-15T19:26:27.197+0000] {dagbag.py:545} INFO - Filling up the DagBag from /opt/airflow/dags/dbt.py
[2026-03-15T19:26:27.217+0000] {logging_mixin.py:188} INFO - [2026-03-15T19:26:27.209+0000] {dagbag.py:355} ERROR - Failed to import: /opt/airflow/dags/dbt.py
Traceback (most recent call last):
  File "/home/airflow/.local/lib/python3.12/site-packages/airflow/models/dagbag.py", line 351, in parse
    loader.exec_module(new_module)
  File "<frozen importlib._bootstrap_external>", line 995, in exec_module
  File "<frozen importlib._bootstrap>", line 488, in _call_with_frames_removed
  File "/opt/airflow/dags/dbt.py", line 2, in <module>
    from airflow.providers.standard.operators.bash import BashOperator
ModuleNotFoundError: No module named 'airflow.providers.standard'
[2026-03-15T19:26:27.217+0000] {processor.py:842} WARNING - No viable dags retrieved from /opt/airflow/dags/dbt.py
[2026-03-15T19:26:27.254+0000] {processor.py:183} INFO - Processing /opt/airflow/dags/dbt.py took 0.105 seconds
[2026-03-15T19:26:57.640+0000] {processor.py:161} INFO - Started process (PID=4418) to work on /opt/airflow/dags/dbt.py
[2026-03-15T19:26:57.642+0000] {processor.py:830} INFO - Processing file /opt/airflow/dags/dbt.py for tasks to queue
[2026-03-15T19:26:57.649+0000] {logging_mixin.py:188} INFO - [2026-03-15T19:26:57.649+0000] {dagbag.py:545} INFO - Filling up the DagBag from /opt/airflow/dags/dbt.py
[2026-03-15T19:26:57.659+0000] {logging_mixin.py:188} INFO - [2026-03-15T19:26:57.657+0000] {dagbag.py:355} ERROR - Failed to import: /opt/airflow/dags/dbt.py
Traceback (most recent call last):
  File "/home/airflow/.local/lib/python3.12/site-packages/airflow/models/dagbag.py", line 351, in parse
    loader.exec_module(new_module)
  File "<frozen importlib._bootstrap_external>", line 995, in exec_module
  File "<frozen importlib._bootstrap>", line 488, in _call_with_frames_removed
  File "/opt/airflow/dags/dbt.py", line 2, in <module>
    from airflow.providers.standard.operators.bash import BashOperator
ModuleNotFoundError: No module named 'airflow.providers.standard'
[2026-03-15T19:26:57.661+0000] {processor.py:842} WARNING - No viable dags retrieved from /opt/airflow/dags/dbt.py
[2026-03-15T19:26:57.704+0000] {processor.py:183} INFO - Processing /opt/airflow/dags/dbt.py took 0.080 seconds
[2026-03-15T19:27:28.111+0000] {processor.py:161} INFO - Started process (PID=4420) to work on /opt/airflow/dags/dbt.py
[2026-03-15T19:27:28.113+0000] {processor.py:830} INFO - Processing file /opt/airflow/dags/dbt.py for tasks to queue
[2026-03-15T19:27:28.118+0000] {logging_mixin.py:188} INFO - [2026-03-15T19:27:28.117+0000] {dagbag.py:545} INFO - Filling up the DagBag from /opt/airflow/dags/dbt.py
[2026-03-15T19:27:28.127+0000] {logging_mixin.py:188} INFO - [2026-03-15T19:27:28.124+0000] {dagbag.py:355} ERROR - Failed to import: /opt/airflow/dags/dbt.py
Traceback (most recent call last):
  File "/home/airflow/.local/lib/python3.12/site-packages/airflow/models/dagbag.py", line 351, in parse
    loader.exec_module(new_module)
  File "<frozen importlib._bootstrap_external>", line 995, in exec_module
  File "<frozen importlib._bootstrap>", line 488, in _call_with_frames_removed
  File "/opt/airflow/dags/dbt.py", line 2, in <module>
    from airflow.providers.standard.operators.bash import BashOperator
ModuleNotFoundError: No module named 'airflow.providers.standard'
[2026-03-15T19:27:28.128+0000] {processor.py:842} WARNING - No viable dags retrieved from /opt/airflow/dags/dbt.py
[2026-03-15T19:27:28.150+0000] {processor.py:183} INFO - Processing /opt/airflow/dags/dbt.py took 0.055 seconds
[2026-03-15T19:27:58.655+0000] {processor.py:161} INFO - Started process (PID=4422) to work on /opt/airflow/dags/dbt.py
[2026-03-15T19:27:58.657+0000] {processor.py:830} INFO - Processing file /opt/airflow/dags/dbt.py for tasks to queue
[2026-03-15T19:27:58.661+0000] {logging_mixin.py:188} INFO - [2026-03-15T19:27:58.661+0000] {dagbag.py:545} INFO - Filling up the DagBag from /opt/airflow/dags/dbt.py
[2026-03-15T19:27:58.670+0000] {logging_mixin.py:188} INFO - [2026-03-15T19:27:58.666+0000] {dagbag.py:355} ERROR - Failed to import: /opt/airflow/dags/dbt.py
Traceback (most recent call last):
  File "/home/airflow/.local/lib/python3.12/site-packages/airflow/models/dagbag.py", line 351, in parse
    loader.exec_module(new_module)
  File "<frozen importlib._bootstrap_external>", line 995, in exec_module
  File "<frozen importlib._bootstrap>", line 488, in _call_with_frames_removed
  File "/opt/airflow/dags/dbt.py", line 2, in <module>
    from airflow.providers.standard.operators.bash import BashOperator
ModuleNotFoundError: No module named 'airflow.providers.standard'
[2026-03-15T19:27:58.672+0000] {processor.py:842} WARNING - No viable dags retrieved from /opt/airflow/dags/dbt.py
[2026-03-15T19:27:58.701+0000] {processor.py:183} INFO - Processing /opt/airflow/dags/dbt.py took 0.064 seconds
[2026-03-15T19:28:29.142+0000] {processor.py:161} INFO - Started process (PID=4424) to work on /opt/airflow/dags/dbt.py
[2026-03-15T19:28:29.146+0000] {processor.py:830} INFO - Processing file /opt/airflow/dags/dbt.py for tasks to queue
[2026-03-15T19:28:29.150+0000] {logging_mixin.py:188} INFO - [2026-03-15T19:28:29.149+0000] {dagbag.py:545} INFO - Filling up the DagBag from /opt/airflow/dags/dbt.py
[2026-03-15T19:28:29.156+0000] {logging_mixin.py:188} INFO - [2026-03-15T19:28:29.154+0000] {dagbag.py:355} ERROR - Failed to import: /opt/airflow/dags/dbt.py
Traceback (most recent call last):
  File "/home/airflow/.local/lib/python3.12/site-packages/airflow/models/dagbag.py", line 351, in parse
    loader.exec_module(new_module)
  File "<frozen importlib._bootstrap_external>", line 995, in exec_module
  File "<frozen importlib._bootstrap>", line 488, in _call_with_frames_removed
  File "/opt/airflow/dags/dbt.py", line 2, in <module>
    from airflow.providers.standard.operators.bash import BashOperator
ModuleNotFoundError: No module named 'airflow.providers.standard'
[2026-03-15T19:28:29.157+0000] {processor.py:842} WARNING - No viable dags retrieved from /opt/airflow/dags/dbt.py
[2026-03-15T19:28:29.189+0000] {processor.py:183} INFO - Processing /opt/airflow/dags/dbt.py took 0.068 seconds
[2026-03-15T19:28:59.581+0000] {processor.py:161} INFO - Started process (PID=4426) to work on /opt/airflow/dags/dbt.py
[2026-03-15T19:28:59.584+0000] {processor.py:830} INFO - Processing file /opt/airflow/dags/dbt.py for tasks to queue
[2026-03-15T19:28:59.589+0000] {logging_mixin.py:188} INFO - [2026-03-15T19:28:59.588+0000] {dagbag.py:545} INFO - Filling up the DagBag from /opt/airflow/dags/dbt.py
[2026-03-15T19:28:59.602+0000] {logging_mixin.py:188} INFO - [2026-03-15T19:28:59.601+0000] {dagbag.py:355} ERROR - Failed to import: /opt/airflow/dags/dbt.py
Traceback (most recent call last):
  File "/home/airflow/.local/lib/python3.12/site-packages/airflow/models/dagbag.py", line 351, in parse
    loader.exec_module(new_module)
  File "<frozen importlib._bootstrap_external>", line 995, in exec_module
  File "<frozen importlib._bootstrap>", line 488, in _call_with_frames_removed
  File "/opt/airflow/dags/dbt.py", line 2, in <module>
    from airflow.providers.standard.operators.bash import BashOperator
ModuleNotFoundError: No module named 'airflow.providers.standard'
[2026-03-15T19:28:59.603+0000] {processor.py:842} WARNING - No viable dags retrieved from /opt/airflow/dags/dbt.py
[2026-03-15T19:28:59.642+0000] {processor.py:183} INFO - Processing /opt/airflow/dags/dbt.py took 0.091 seconds
[2026-03-15T19:29:30.042+0000] {processor.py:161} INFO - Started process (PID=4428) to work on /opt/airflow/dags/dbt.py
[2026-03-15T19:29:30.047+0000] {processor.py:830} INFO - Processing file /opt/airflow/dags/dbt.py for tasks to queue
[2026-03-15T19:29:30.049+0000] {logging_mixin.py:188} INFO - [2026-03-15T19:29:30.049+0000] {dagbag.py:545} INFO - Filling up the DagBag from /opt/airflow/dags/dbt.py
[2026-03-15T19:29:30.059+0000] {logging_mixin.py:188} INFO - [2026-03-15T19:29:30.054+0000] {dagbag.py:355} ERROR - Failed to import: /opt/airflow/dags/dbt.py
Traceback (most recent call last):
  File "/home/airflow/.local/lib/python3.12/site-packages/airflow/models/dagbag.py", line 351, in parse
    loader.exec_module(new_module)
  File "<frozen importlib._bootstrap_external>", line 995, in exec_module
  File "<frozen importlib._bootstrap>", line 488, in _call_with_frames_removed
  File "/opt/airflow/dags/dbt.py", line 2, in <module>
    from airflow.providers.standard.operators.bash import BashOperator
ModuleNotFoundError: No module named 'airflow.providers.standard'
[2026-03-15T19:29:30.060+0000] {processor.py:842} WARNING - No viable dags retrieved from /opt/airflow/dags/dbt.py
[2026-03-15T19:29:30.093+0000] {processor.py:183} INFO - Processing /opt/airflow/dags/dbt.py took 0.070 seconds
[2026-03-15T19:30:00.522+0000] {processor.py:161} INFO - Started process (PID=4430) to work on /opt/airflow/dags/dbt.py
[2026-03-15T19:30:00.523+0000] {processor.py:830} INFO - Processing file /opt/airflow/dags/dbt.py for tasks to queue
[2026-03-15T19:30:00.532+0000] {logging_mixin.py:188} INFO - [2026-03-15T19:30:00.531+0000] {dagbag.py:545} INFO - Filling up the DagBag from /opt/airflow/dags/dbt.py
[2026-03-15T19:30:00.543+0000] {logging_mixin.py:188} INFO - [2026-03-15T19:30:00.539+0000] {dagbag.py:355} ERROR - Failed to import: /opt/airflow/dags/dbt.py
Traceback (most recent call last):
  File "/home/airflow/.local/lib/python3.12/site-packages/airflow/models/dagbag.py", line 351, in parse
    loader.exec_module(new_module)
  File "<frozen importlib._bootstrap_external>", line 995, in exec_module
  File "<frozen importlib._bootstrap>", line 488, in _call_with_frames_removed
  File "/opt/airflow/dags/dbt.py", line 2, in <module>
    from airflow.providers.standard.operators.bash import BashOperator
ModuleNotFoundError: No module named 'airflow.providers.standard'
[2026-03-15T19:30:00.544+0000] {processor.py:842} WARNING - No viable dags retrieved from /opt/airflow/dags/dbt.py
[2026-03-15T19:30:00.577+0000] {processor.py:183} INFO - Processing /opt/airflow/dags/dbt.py took 0.075 seconds
[2026-03-15T19:30:30.921+0000] {processor.py:161} INFO - Started process (PID=4432) to work on /opt/airflow/dags/dbt.py
[2026-03-15T19:30:30.924+0000] {processor.py:830} INFO - Processing file /opt/airflow/dags/dbt.py for tasks to queue
[2026-03-15T19:30:30.931+0000] {logging_mixin.py:188} INFO - [2026-03-15T19:30:30.930+0000] {dagbag.py:545} INFO - Filling up the DagBag from /opt/airflow/dags/dbt.py
[2026-03-15T19:30:30.943+0000] {logging_mixin.py:188} INFO - [2026-03-15T19:30:30.940+0000] {dagbag.py:355} ERROR - Failed to import: /opt/airflow/dags/dbt.py
Traceback (most recent call last):
  File "/home/airflow/.local/lib/python3.12/site-packages/airflow/models/dagbag.py", line 351, in parse
    loader.exec_module(new_module)
  File "<frozen importlib._bootstrap_external>", line 995, in exec_module
  File "<frozen importlib._bootstrap>", line 488, in _call_with_frames_removed
  File "/opt/airflow/dags/dbt.py", line 2, in <module>
    from airflow.providers.standard.operators.bash import BashOperator
ModuleNotFoundError: No module named 'airflow.providers.standard'
[2026-03-15T19:30:30.944+0000] {processor.py:842} WARNING - No viable dags retrieved from /opt/airflow/dags/dbt.py
[2026-03-15T19:30:30.974+0000] {processor.py:183} INFO - Processing /opt/airflow/dags/dbt.py took 0.070 seconds
[2026-03-15T19:31:01.365+0000] {processor.py:161} INFO - Started process (PID=4434) to work on /opt/airflow/dags/dbt.py
[2026-03-15T19:31:01.368+0000] {processor.py:830} INFO - Processing file /opt/airflow/dags/dbt.py for tasks to queue
[2026-03-15T19:31:01.376+0000] {logging_mixin.py:188} INFO - [2026-03-15T19:31:01.376+0000] {dagbag.py:545} INFO - Filling up the DagBag from /opt/airflow/dags/dbt.py
[2026-03-15T19:31:01.388+0000] {logging_mixin.py:188} INFO - [2026-03-15T19:31:01.382+0000] {dagbag.py:355} ERROR - Failed to import: /opt/airflow/dags/dbt.py
Traceback (most recent call last):
  File "/home/airflow/.local/lib/python3.12/site-packages/airflow/models/dagbag.py", line 351, in parse
    loader.exec_module(new_module)
  File "<frozen importlib._bootstrap_external>", line 995, in exec_module
  File "<frozen importlib._bootstrap>", line 488, in _call_with_frames_removed
  File "/opt/airflow/dags/dbt.py", line 2, in <module>
    from airflow.providers.standard.operators.bash import BashOperator
ModuleNotFoundError: No module named 'airflow.providers.standard'
[2026-03-15T19:31:01.389+0000] {processor.py:842} WARNING - No viable dags retrieved from /opt/airflow/dags/dbt.py
[2026-03-15T19:31:01.428+0000] {processor.py:183} INFO - Processing /opt/airflow/dags/dbt.py took 0.092 seconds
[2026-03-15T19:31:31.800+0000] {processor.py:161} INFO - Started process (PID=4436) to work on /opt/airflow/dags/dbt.py
[2026-03-15T19:31:31.801+0000] {processor.py:830} INFO - Processing file /opt/airflow/dags/dbt.py for tasks to queue
[2026-03-15T19:31:31.810+0000] {logging_mixin.py:188} INFO - [2026-03-15T19:31:31.808+0000] {dagbag.py:545} INFO - Filling up the DagBag from /opt/airflow/dags/dbt.py
[2026-03-15T19:31:31.817+0000] {logging_mixin.py:188} INFO - [2026-03-15T19:31:31.816+0000] {dagbag.py:355} ERROR - Failed to import: /opt/airflow/dags/dbt.py
Traceback (most recent call last):
  File "/home/airflow/.local/lib/python3.12/site-packages/airflow/models/dagbag.py", line 351, in parse
    loader.exec_module(new_module)
  File "<frozen importlib._bootstrap_external>", line 995, in exec_module
  File "<frozen importlib._bootstrap>", line 488, in _call_with_frames_removed
  File "/opt/airflow/dags/dbt.py", line 2, in <module>
    from airflow.providers.standard.operators.bash import BashOperator
ModuleNotFoundError: No module named 'airflow.providers.standard'
[2026-03-15T19:31:31.818+0000] {processor.py:842} WARNING - No viable dags retrieved from /opt/airflow/dags/dbt.py
[2026-03-15T19:31:31.858+0000] {processor.py:183} INFO - Processing /opt/airflow/dags/dbt.py took 0.074 seconds
[2026-03-15T19:32:02.324+0000] {processor.py:161} INFO - Started process (PID=4438) to work on /opt/airflow/dags/dbt.py
[2026-03-15T19:32:02.326+0000] {processor.py:830} INFO - Processing file /opt/airflow/dags/dbt.py for tasks to queue
[2026-03-15T19:32:02.331+0000] {logging_mixin.py:188} INFO - [2026-03-15T19:32:02.330+0000] {dagbag.py:545} INFO - Filling up the DagBag from /opt/airflow/dags/dbt.py
[2026-03-15T19:32:02.352+0000] {logging_mixin.py:188} INFO - [2026-03-15T19:32:02.350+0000] {dagbag.py:355} ERROR - Failed to import: /opt/airflow/dags/dbt.py
Traceback (most recent call last):
  File "/home/airflow/.local/lib/python3.12/site-packages/airflow/models/dagbag.py", line 351, in parse
    loader.exec_module(new_module)
  File "<frozen importlib._bootstrap_external>", line 995, in exec_module
  File "<frozen importlib._bootstrap>", line 488, in _call_with_frames_removed
  File "/opt/airflow/dags/dbt.py", line 2, in <module>
    from airflow.providers.standard.operators.bash import BashOperator
ModuleNotFoundError: No module named 'airflow.providers.standard'
[2026-03-15T19:32:02.352+0000] {processor.py:842} WARNING - No viable dags retrieved from /opt/airflow/dags/dbt.py
[2026-03-15T19:32:02.391+0000] {processor.py:183} INFO - Processing /opt/airflow/dags/dbt.py took 0.091 seconds
[2026-03-15T19:32:32.850+0000] {processor.py:161} INFO - Started process (PID=4440) to work on /opt/airflow/dags/dbt.py
[2026-03-15T19:32:32.851+0000] {processor.py:830} INFO - Processing file /opt/airflow/dags/dbt.py for tasks to queue
[2026-03-15T19:32:32.857+0000] {logging_mixin.py:188} INFO - [2026-03-15T19:32:32.856+0000] {dagbag.py:545} INFO - Filling up the DagBag from /opt/airflow/dags/dbt.py
[2026-03-15T19:32:32.871+0000] {logging_mixin.py:188} INFO - [2026-03-15T19:32:32.868+0000] {dagbag.py:355} ERROR - Failed to import: /opt/airflow/dags/dbt.py
Traceback (most recent call last):
  File "/home/airflow/.local/lib/python3.12/site-packages/airflow/models/dagbag.py", line 351, in parse
    loader.exec_module(new_module)
  File "<frozen importlib._bootstrap_external>", line 995, in exec_module
  File "<frozen importlib._bootstrap>", line 488, in _call_with_frames_removed
  File "/opt/airflow/dags/dbt.py", line 2, in <module>
    from airflow.providers.standard.operators.bash import BashOperator
ModuleNotFoundError: No module named 'airflow.providers.standard'
[2026-03-15T19:32:32.872+0000] {processor.py:842} WARNING - No viable dags retrieved from /opt/airflow/dags/dbt.py
[2026-03-15T19:32:32.908+0000] {processor.py:183} INFO - Processing /opt/airflow/dags/dbt.py took 0.076 seconds
[2026-03-15T19:33:03.400+0000] {processor.py:161} INFO - Started process (PID=4442) to work on /opt/airflow/dags/dbt.py
[2026-03-15T19:33:03.402+0000] {processor.py:830} INFO - Processing file /opt/airflow/dags/dbt.py for tasks to queue
[2026-03-15T19:33:03.407+0000] {logging_mixin.py:188} INFO - [2026-03-15T19:33:03.406+0000] {dagbag.py:545} INFO - Filling up the DagBag from /opt/airflow/dags/dbt.py
[2026-03-15T19:33:03.413+0000] {logging_mixin.py:188} INFO - [2026-03-15T19:33:03.411+0000] {dagbag.py:355} ERROR - Failed to import: /opt/airflow/dags/dbt.py
Traceback (most recent call last):
  File "/home/airflow/.local/lib/python3.12/site-packages/airflow/models/dagbag.py", line 351, in parse
    loader.exec_module(new_module)
  File "<frozen importlib._bootstrap_external>", line 995, in exec_module
  File "<frozen importlib._bootstrap>", line 488, in _call_with_frames_removed
  File "/opt/airflow/dags/dbt.py", line 2, in <module>
    from airflow.providers.standard.operators.bash import BashOperator
ModuleNotFoundError: No module named 'airflow.providers.standard'
[2026-03-15T19:33:03.413+0000] {processor.py:842} WARNING - No viable dags retrieved from /opt/airflow/dags/dbt.py
[2026-03-15T19:33:03.447+0000] {processor.py:183} INFO - Processing /opt/airflow/dags/dbt.py took 0.061 seconds
[2026-03-15T19:33:33.858+0000] {processor.py:161} INFO - Started process (PID=4444) to work on /opt/airflow/dags/dbt.py
[2026-03-15T19:33:33.859+0000] {processor.py:830} INFO - Processing file /opt/airflow/dags/dbt.py for tasks to queue
[2026-03-15T19:33:33.863+0000] {logging_mixin.py:188} INFO - [2026-03-15T19:33:33.863+0000] {dagbag.py:545} INFO - Filling up the DagBag from /opt/airflow/dags/dbt.py
[2026-03-15T19:33:33.871+0000] {logging_mixin.py:188} INFO - [2026-03-15T19:33:33.870+0000] {dagbag.py:355} ERROR - Failed to import: /opt/airflow/dags/dbt.py
Traceback (most recent call last):
  File "/home/airflow/.local/lib/python3.12/site-packages/airflow/models/dagbag.py", line 351, in parse
    loader.exec_module(new_module)
  File "<frozen importlib._bootstrap_external>", line 995, in exec_module
  File "<frozen importlib._bootstrap>", line 488, in _call_with_frames_removed
  File "/opt/airflow/dags/dbt.py", line 2, in <module>
    from airflow.providers.standard.operators.bash import BashOperator
ModuleNotFoundError: No module named 'airflow.providers.standard'
[2026-03-15T19:33:33.872+0000] {processor.py:842} WARNING - No viable dags retrieved from /opt/airflow/dags/dbt.py
[2026-03-15T19:33:33.903+0000] {processor.py:183} INFO - Processing /opt/airflow/dags/dbt.py took 0.060 seconds
[2026-03-15T19:34:04.385+0000] {processor.py:161} INFO - Started process (PID=4446) to work on /opt/airflow/dags/dbt.py
[2026-03-15T19:34:04.387+0000] {processor.py:830} INFO - Processing file /opt/airflow/dags/dbt.py for tasks to queue
[2026-03-15T19:34:04.393+0000] {logging_mixin.py:188} INFO - [2026-03-15T19:34:04.392+0000] {dagbag.py:545} INFO - Filling up the DagBag from /opt/airflow/dags/dbt.py
[2026-03-15T19:34:04.400+0000] {logging_mixin.py:188} INFO - [2026-03-15T19:34:04.397+0000] {dagbag.py:355} ERROR - Failed to import: /opt/airflow/dags/dbt.py
Traceback (most recent call last):
  File "/home/airflow/.local/lib/python3.12/site-packages/airflow/models/dagbag.py", line 351, in parse
    loader.exec_module(new_module)
  File "<frozen importlib._bootstrap_external>", line 995, in exec_module
  File "<frozen importlib._bootstrap>", line 488, in _call_with_frames_removed
  File "/opt/airflow/dags/dbt.py", line 2, in <module>
    from airflow.providers.standard.operators.bash import BashOperator
ModuleNotFoundError: No module named 'airflow.providers.standard'
[2026-03-15T19:34:04.400+0000] {processor.py:842} WARNING - No viable dags retrieved from /opt/airflow/dags/dbt.py
[2026-03-15T19:34:04.431+0000] {processor.py:183} INFO - Processing /opt/airflow/dags/dbt.py took 0.058 seconds
[2026-03-15T19:34:34.841+0000] {processor.py:161} INFO - Started process (PID=4448) to work on /opt/airflow/dags/dbt.py
[2026-03-15T19:34:34.844+0000] {processor.py:830} INFO - Processing file /opt/airflow/dags/dbt.py for tasks to queue
[2026-03-15T19:34:34.850+0000] {logging_mixin.py:188} INFO - [2026-03-15T19:34:34.849+0000] {dagbag.py:545} INFO - Filling up the DagBag from /opt/airflow/dags/dbt.py
[2026-03-15T19:34:34.857+0000] {logging_mixin.py:188} INFO - [2026-03-15T19:34:34.855+0000] {dagbag.py:355} ERROR - Failed to import: /opt/airflow/dags/dbt.py
Traceback (most recent call last):
  File "/home/airflow/.local/lib/python3.12/site-packages/airflow/models/dagbag.py", line 351, in parse
    loader.exec_module(new_module)
  File "<frozen importlib._bootstrap_external>", line 995, in exec_module
  File "<frozen importlib._bootstrap>", line 488, in _call_with_frames_removed
  File "/opt/airflow/dags/dbt.py", line 2, in <module>
    from airflow.providers.standard.operators.bash import BashOperator
ModuleNotFoundError: No module named 'airflow.providers.standard'
[2026-03-15T19:34:34.857+0000] {processor.py:842} WARNING - No viable dags retrieved from /opt/airflow/dags/dbt.py
[2026-03-15T19:34:34.889+0000] {processor.py:183} INFO - Processing /opt/airflow/dags/dbt.py took 0.064 seconds
[2026-03-15T19:35:05.369+0000] {processor.py:161} INFO - Started process (PID=4450) to work on /opt/airflow/dags/dbt.py
[2026-03-15T19:35:05.371+0000] {processor.py:830} INFO - Processing file /opt/airflow/dags/dbt.py for tasks to queue
[2026-03-15T19:35:05.376+0000] {logging_mixin.py:188} INFO - [2026-03-15T19:35:05.376+0000] {dagbag.py:545} INFO - Filling up the DagBag from /opt/airflow/dags/dbt.py
[2026-03-15T19:35:05.383+0000] {logging_mixin.py:188} INFO - [2026-03-15T19:35:05.382+0000] {dagbag.py:355} ERROR - Failed to import: /opt/airflow/dags/dbt.py
Traceback (most recent call last):
  File "/home/airflow/.local/lib/python3.12/site-packages/airflow/models/dagbag.py", line 351, in parse
    loader.exec_module(new_module)
  File "<frozen importlib._bootstrap_external>", line 995, in exec_module
  File "<frozen importlib._bootstrap>", line 488, in _call_with_frames_removed
  File "/opt/airflow/dags/dbt.py", line 2, in <module>
    from airflow.providers.standard.operators.bash import BashOperator
ModuleNotFoundError: No module named 'airflow.providers.standard'
[2026-03-15T19:35:05.384+0000] {processor.py:842} WARNING - No viable dags retrieved from /opt/airflow/dags/dbt.py
[2026-03-15T19:35:05.421+0000] {processor.py:183} INFO - Processing /opt/airflow/dags/dbt.py took 0.067 seconds
[2026-03-15T19:35:35.846+0000] {processor.py:161} INFO - Started process (PID=4452) to work on /opt/airflow/dags/dbt.py
[2026-03-15T19:35:35.847+0000] {processor.py:830} INFO - Processing file /opt/airflow/dags/dbt.py for tasks to queue
[2026-03-15T19:35:35.856+0000] {logging_mixin.py:188} INFO - [2026-03-15T19:35:35.852+0000] {dagbag.py:545} INFO - Filling up the DagBag from /opt/airflow/dags/dbt.py
[2026-03-15T19:35:35.869+0000] {logging_mixin.py:188} INFO - [2026-03-15T19:35:35.867+0000] {dagbag.py:355} ERROR - Failed to import: /opt/airflow/dags/dbt.py
Traceback (most recent call last):
  File "/home/airflow/.local/lib/python3.12/site-packages/airflow/models/dagbag.py", line 351, in parse
    loader.exec_module(new_module)
  File "<frozen importlib._bootstrap_external>", line 995, in exec_module
  File "<frozen importlib._bootstrap>", line 488, in _call_with_frames_removed
  File "/opt/airflow/dags/dbt.py", line 2, in <module>
    from airflow.providers.standard.operators.bash import BashOperator
ModuleNotFoundError: No module named 'airflow.providers.standard'
[2026-03-15T19:35:35.869+0000] {processor.py:842} WARNING - No viable dags retrieved from /opt/airflow/dags/dbt.py
[2026-03-15T19:35:35.903+0000] {processor.py:183} INFO - Processing /opt/airflow/dags/dbt.py took 0.079 seconds
[2026-03-15T19:36:06.396+0000] {processor.py:161} INFO - Started process (PID=4454) to work on /opt/airflow/dags/dbt.py
[2026-03-15T19:36:06.399+0000] {processor.py:830} INFO - Processing file /opt/airflow/dags/dbt.py for tasks to queue
[2026-03-15T19:36:06.405+0000] {logging_mixin.py:188} INFO - [2026-03-15T19:36:06.405+0000] {dagbag.py:545} INFO - Filling up the DagBag from /opt/airflow/dags/dbt.py
[2026-03-15T19:36:06.412+0000] {logging_mixin.py:188} INFO - [2026-03-15T19:36:06.410+0000] {dagbag.py:355} ERROR - Failed to import: /opt/airflow/dags/dbt.py
Traceback (most recent call last):
  File "/home/airflow/.local/lib/python3.12/site-packages/airflow/models/dagbag.py", line 351, in parse
    loader.exec_module(new_module)
  File "<frozen importlib._bootstrap_external>", line 995, in exec_module
  File "<frozen importlib._bootstrap>", line 488, in _call_with_frames_removed
  File "/opt/airflow/dags/dbt.py", line 2, in <module>
    from airflow.providers.standard.operators.bash import BashOperator
ModuleNotFoundError: No module named 'airflow.providers.standard'
[2026-03-15T19:36:06.412+0000] {processor.py:842} WARNING - No viable dags retrieved from /opt/airflow/dags/dbt.py
[2026-03-15T19:36:06.440+0000] {processor.py:183} INFO - Processing /opt/airflow/dags/dbt.py took 0.063 seconds
[2026-03-15T19:36:36.749+0000] {processor.py:161} INFO - Started process (PID=4456) to work on /opt/airflow/dags/dbt.py
[2026-03-15T19:36:36.750+0000] {processor.py:830} INFO - Processing file /opt/airflow/dags/dbt.py for tasks to queue
[2026-03-15T19:36:36.756+0000] {logging_mixin.py:188} INFO - [2026-03-15T19:36:36.756+0000] {dagbag.py:545} INFO - Filling up the DagBag from /opt/airflow/dags/dbt.py
[2026-03-15T19:36:36.764+0000] {logging_mixin.py:188} INFO - [2026-03-15T19:36:36.763+0000] {dagbag.py:355} ERROR - Failed to import: /opt/airflow/dags/dbt.py
Traceback (most recent call last):
  File "/home/airflow/.local/lib/python3.12/site-packages/airflow/models/dagbag.py", line 351, in parse
    loader.exec_module(new_module)
  File "<frozen importlib._bootstrap_external>", line 995, in exec_module
  File "<frozen importlib._bootstrap>", line 488, in _call_with_frames_removed
  File "/opt/airflow/dags/dbt.py", line 2, in <module>
    from airflow.providers.standard.operators.bash import BashOperator
ModuleNotFoundError: No module named 'airflow.providers.standard'
[2026-03-15T19:36:36.765+0000] {processor.py:842} WARNING - No viable dags retrieved from /opt/airflow/dags/dbt.py
[2026-03-15T19:36:36.804+0000] {processor.py:183} INFO - Processing /opt/airflow/dags/dbt.py took 0.068 seconds
[2026-03-15T19:37:07.244+0000] {processor.py:161} INFO - Started process (PID=4458) to work on /opt/airflow/dags/dbt.py
[2026-03-15T19:37:07.246+0000] {processor.py:830} INFO - Processing file /opt/airflow/dags/dbt.py for tasks to queue
[2026-03-15T19:37:07.248+0000] {logging_mixin.py:188} INFO - [2026-03-15T19:37:07.248+0000] {dagbag.py:545} INFO - Filling up the DagBag from /opt/airflow/dags/dbt.py
[2026-03-15T19:37:07.257+0000] {logging_mixin.py:188} INFO - [2026-03-15T19:37:07.256+0000] {dagbag.py:355} ERROR - Failed to import: /opt/airflow/dags/dbt.py
Traceback (most recent call last):
  File "/home/airflow/.local/lib/python3.12/site-packages/airflow/models/dagbag.py", line 351, in parse
    loader.exec_module(new_module)
  File "<frozen importlib._bootstrap_external>", line 995, in exec_module
  File "<frozen importlib._bootstrap>", line 488, in _call_with_frames_removed
  File "/opt/airflow/dags/dbt.py", line 2, in <module>
    from airflow.providers.standard.operators.bash import BashOperator
ModuleNotFoundError: No module named 'airflow.providers.standard'
[2026-03-15T19:37:07.258+0000] {processor.py:842} WARNING - No viable dags retrieved from /opt/airflow/dags/dbt.py
[2026-03-15T19:37:07.294+0000] {processor.py:183} INFO - Processing /opt/airflow/dags/dbt.py took 0.069 seconds
[2026-03-15T19:37:37.650+0000] {processor.py:161} INFO - Started process (PID=4460) to work on /opt/airflow/dags/dbt.py
[2026-03-15T19:37:37.651+0000] {processor.py:830} INFO - Processing file /opt/airflow/dags/dbt.py for tasks to queue
[2026-03-15T19:37:37.655+0000] {logging_mixin.py:188} INFO - [2026-03-15T19:37:37.654+0000] {dagbag.py:545} INFO - Filling up the DagBag from /opt/airflow/dags/dbt.py
[2026-03-15T19:37:37.662+0000] {logging_mixin.py:188} INFO - [2026-03-15T19:37:37.661+0000] {dagbag.py:355} ERROR - Failed to import: /opt/airflow/dags/dbt.py
Traceback (most recent call last):
  File "/home/airflow/.local/lib/python3.12/site-packages/airflow/models/dagbag.py", line 351, in parse
    loader.exec_module(new_module)
  File "<frozen importlib._bootstrap_external>", line 995, in exec_module
  File "<frozen importlib._bootstrap>", line 488, in _call_with_frames_removed
  File "/opt/airflow/dags/dbt.py", line 2, in <module>
    from airflow.providers.standard.operators.bash import BashOperator
ModuleNotFoundError: No module named 'airflow.providers.standard'
[2026-03-15T19:37:37.663+0000] {processor.py:842} WARNING - No viable dags retrieved from /opt/airflow/dags/dbt.py
[2026-03-15T19:37:37.685+0000] {processor.py:183} INFO - Processing /opt/airflow/dags/dbt.py took 0.049 seconds
[2026-03-15T19:38:08.150+0000] {processor.py:161} INFO - Started process (PID=4462) to work on /opt/airflow/dags/dbt.py
[2026-03-15T19:38:08.151+0000] {processor.py:830} INFO - Processing file /opt/airflow/dags/dbt.py for tasks to queue
[2026-03-15T19:38:08.156+0000] {logging_mixin.py:188} INFO - [2026-03-15T19:38:08.156+0000] {dagbag.py:545} INFO - Filling up the DagBag from /opt/airflow/dags/dbt.py
[2026-03-15T19:38:08.163+0000] {logging_mixin.py:188} INFO - [2026-03-15T19:38:08.161+0000] {dagbag.py:355} ERROR - Failed to import: /opt/airflow/dags/dbt.py
Traceback (most recent call last):
  File "/home/airflow/.local/lib/python3.12/site-packages/airflow/models/dagbag.py", line 351, in parse
    loader.exec_module(new_module)
  File "<frozen importlib._bootstrap_external>", line 995, in exec_module
  File "<frozen importlib._bootstrap>", line 488, in _call_with_frames_removed
  File "/opt/airflow/dags/dbt.py", line 2, in <module>
    from airflow.providers.standard.operators.bash import BashOperator
ModuleNotFoundError: No module named 'airflow.providers.standard'
[2026-03-15T19:38:08.164+0000] {processor.py:842} WARNING - No viable dags retrieved from /opt/airflow/dags/dbt.py
[2026-03-15T19:38:08.203+0000] {processor.py:183} INFO - Processing /opt/airflow/dags/dbt.py took 0.076 seconds
[2026-03-15T19:38:38.647+0000] {processor.py:161} INFO - Started process (PID=4464) to work on /opt/airflow/dags/dbt.py
[2026-03-15T19:38:38.653+0000] {processor.py:830} INFO - Processing file /opt/airflow/dags/dbt.py for tasks to queue
[2026-03-15T19:38:38.660+0000] {logging_mixin.py:188} INFO - [2026-03-15T19:38:38.659+0000] {dagbag.py:545} INFO - Filling up the DagBag from /opt/airflow/dags/dbt.py
[2026-03-15T19:38:38.669+0000] {logging_mixin.py:188} INFO - [2026-03-15T19:38:38.665+0000] {dagbag.py:355} ERROR - Failed to import: /opt/airflow/dags/dbt.py
Traceback (most recent call last):
  File "/home/airflow/.local/lib/python3.12/site-packages/airflow/models/dagbag.py", line 351, in parse
    loader.exec_module(new_module)
  File "<frozen importlib._bootstrap_external>", line 995, in exec_module
  File "<frozen importlib._bootstrap>", line 488, in _call_with_frames_removed
  File "/opt/airflow/dags/dbt.py", line 2, in <module>
    from airflow.providers.standard.operators.bash import BashOperator
ModuleNotFoundError: No module named 'airflow.providers.standard'
[2026-03-15T19:38:38.670+0000] {processor.py:842} WARNING - No viable dags retrieved from /opt/airflow/dags/dbt.py
[2026-03-15T19:38:38.711+0000] {processor.py:183} INFO - Processing /opt/airflow/dags/dbt.py took 0.080 seconds
[2026-03-15T19:39:09.126+0000] {processor.py:161} INFO - Started process (PID=4466) to work on /opt/airflow/dags/dbt.py
[2026-03-15T19:39:09.127+0000] {processor.py:830} INFO - Processing file /opt/airflow/dags/dbt.py for tasks to queue
[2026-03-15T19:39:09.136+0000] {logging_mixin.py:188} INFO - [2026-03-15T19:39:09.135+0000] {dagbag.py:545} INFO - Filling up the DagBag from /opt/airflow/dags/dbt.py
[2026-03-15T19:39:09.143+0000] {logging_mixin.py:188} INFO - [2026-03-15T19:39:09.142+0000] {dagbag.py:355} ERROR - Failed to import: /opt/airflow/dags/dbt.py
Traceback (most recent call last):
  File "/home/airflow/.local/lib/python3.12/site-packages/airflow/models/dagbag.py", line 351, in parse
    loader.exec_module(new_module)
  File "<frozen importlib._bootstrap_external>", line 995, in exec_module
  File "<frozen importlib._bootstrap>", line 488, in _call_with_frames_removed
  File "/opt/airflow/dags/dbt.py", line 2, in <module>
    from airflow.providers.standard.operators.bash import BashOperator
ModuleNotFoundError: No module named 'airflow.providers.standard'
[2026-03-15T19:39:09.148+0000] {processor.py:842} WARNING - No viable dags retrieved from /opt/airflow/dags/dbt.py
[2026-03-15T19:39:09.186+0000] {processor.py:183} INFO - Processing /opt/airflow/dags/dbt.py took 0.079 seconds
[2026-03-15T19:39:39.605+0000] {processor.py:161} INFO - Started process (PID=4468) to work on /opt/airflow/dags/dbt.py
[2026-03-15T19:39:39.607+0000] {processor.py:830} INFO - Processing file /opt/airflow/dags/dbt.py for tasks to queue
[2026-03-15T19:39:39.616+0000] {logging_mixin.py:188} INFO - [2026-03-15T19:39:39.615+0000] {dagbag.py:545} INFO - Filling up the DagBag from /opt/airflow/dags/dbt.py
[2026-03-15T19:39:39.630+0000] {logging_mixin.py:188} INFO - [2026-03-15T19:39:39.625+0000] {dagbag.py:355} ERROR - Failed to import: /opt/airflow/dags/dbt.py
Traceback (most recent call last):
  File "/home/airflow/.local/lib/python3.12/site-packages/airflow/models/dagbag.py", line 351, in parse
    loader.exec_module(new_module)
  File "<frozen importlib._bootstrap_external>", line 995, in exec_module
  File "<frozen importlib._bootstrap>", line 488, in _call_with_frames_removed
  File "/opt/airflow/dags/dbt.py", line 2, in <module>
    from airflow.providers.standard.operators.bash import BashOperator
ModuleNotFoundError: No module named 'airflow.providers.standard'
[2026-03-15T19:39:39.630+0000] {processor.py:842} WARNING - No viable dags retrieved from /opt/airflow/dags/dbt.py
[2026-03-15T19:39:39.675+0000] {processor.py:183} INFO - Processing /opt/airflow/dags/dbt.py took 0.094 seconds
[2026-03-15T19:40:10.135+0000] {processor.py:161} INFO - Started process (PID=4470) to work on /opt/airflow/dags/dbt.py
[2026-03-15T19:40:10.137+0000] {processor.py:830} INFO - Processing file /opt/airflow/dags/dbt.py for tasks to queue
[2026-03-15T19:40:10.146+0000] {logging_mixin.py:188} INFO - [2026-03-15T19:40:10.146+0000] {dagbag.py:545} INFO - Filling up the DagBag from /opt/airflow/dags/dbt.py
[2026-03-15T19:40:10.154+0000] {logging_mixin.py:188} INFO - [2026-03-15T19:40:10.152+0000] {dagbag.py:355} ERROR - Failed to import: /opt/airflow/dags/dbt.py
Traceback (most recent call last):
  File "/home/airflow/.local/lib/python3.12/site-packages/airflow/models/dagbag.py", line 351, in parse
    loader.exec_module(new_module)
  File "<frozen importlib._bootstrap_external>", line 995, in exec_module
  File "<frozen importlib._bootstrap>", line 488, in _call_with_frames_removed
  File "/opt/airflow/dags/dbt.py", line 2, in <module>
    from airflow.providers.standard.operators.bash import BashOperator
ModuleNotFoundError: No module named 'airflow.providers.standard'
[2026-03-15T19:40:10.156+0000] {processor.py:842} WARNING - No viable dags retrieved from /opt/airflow/dags/dbt.py
[2026-03-15T19:40:10.201+0000] {processor.py:183} INFO - Processing /opt/airflow/dags/dbt.py took 0.092 seconds
[2026-03-15T19:40:40.612+0000] {processor.py:161} INFO - Started process (PID=4472) to work on /opt/airflow/dags/dbt.py
[2026-03-15T19:40:40.616+0000] {processor.py:830} INFO - Processing file /opt/airflow/dags/dbt.py for tasks to queue
[2026-03-15T19:40:40.622+0000] {logging_mixin.py:188} INFO - [2026-03-15T19:40:40.621+0000] {dagbag.py:545} INFO - Filling up the DagBag from /opt/airflow/dags/dbt.py
[2026-03-15T19:40:40.629+0000] {logging_mixin.py:188} INFO - [2026-03-15T19:40:40.627+0000] {dagbag.py:355} ERROR - Failed to import: /opt/airflow/dags/dbt.py
Traceback (most recent call last):
  File "/home/airflow/.local/lib/python3.12/site-packages/airflow/models/dagbag.py", line 351, in parse
    loader.exec_module(new_module)
  File "<frozen importlib._bootstrap_external>", line 995, in exec_module
  File "<frozen importlib._bootstrap>", line 488, in _call_with_frames_removed
  File "/opt/airflow/dags/dbt.py", line 2, in <module>
    from airflow.providers.standard.operators.bash import BashOperator
ModuleNotFoundError: No module named 'airflow.providers.standard'
[2026-03-15T19:40:40.633+0000] {processor.py:842} WARNING - No viable dags retrieved from /opt/airflow/dags/dbt.py
[2026-03-15T19:40:40.676+0000] {processor.py:183} INFO - Processing /opt/airflow/dags/dbt.py took 0.091 seconds
[2026-03-15T19:41:11.132+0000] {processor.py:161} INFO - Started process (PID=4474) to work on /opt/airflow/dags/dbt.py
[2026-03-15T19:41:11.133+0000] {processor.py:830} INFO - Processing file /opt/airflow/dags/dbt.py for tasks to queue
[2026-03-15T19:41:11.140+0000] {logging_mixin.py:188} INFO - [2026-03-15T19:41:11.138+0000] {dagbag.py:545} INFO - Filling up the DagBag from /opt/airflow/dags/dbt.py
[2026-03-15T19:41:11.150+0000] {logging_mixin.py:188} INFO - [2026-03-15T19:41:11.146+0000] {dagbag.py:355} ERROR - Failed to import: /opt/airflow/dags/dbt.py
Traceback (most recent call last):
  File "/home/airflow/.local/lib/python3.12/site-packages/airflow/models/dagbag.py", line 351, in parse
    loader.exec_module(new_module)
  File "<frozen importlib._bootstrap_external>", line 995, in exec_module
  File "<frozen importlib._bootstrap>", line 488, in _call_with_frames_removed
  File "/opt/airflow/dags/dbt.py", line 2, in <module>
    from airflow.providers.standard.operators.bash import BashOperator
ModuleNotFoundError: No module named 'airflow.providers.standard'
[2026-03-15T19:41:11.153+0000] {processor.py:842} WARNING - No viable dags retrieved from /opt/airflow/dags/dbt.py
[2026-03-15T19:41:11.191+0000] {processor.py:183} INFO - Processing /opt/airflow/dags/dbt.py took 0.087 seconds
[2026-03-15T19:41:41.641+0000] {processor.py:161} INFO - Started process (PID=4476) to work on /opt/airflow/dags/dbt.py
[2026-03-15T19:41:41.642+0000] {processor.py:830} INFO - Processing file /opt/airflow/dags/dbt.py for tasks to queue
[2026-03-15T19:41:41.646+0000] {logging_mixin.py:188} INFO - [2026-03-15T19:41:41.646+0000] {dagbag.py:545} INFO - Filling up the DagBag from /opt/airflow/dags/dbt.py
[2026-03-15T19:41:41.657+0000] {logging_mixin.py:188} INFO - [2026-03-15T19:41:41.656+0000] {dagbag.py:355} ERROR - Failed to import: /opt/airflow/dags/dbt.py
Traceback (most recent call last):
  File "/home/airflow/.local/lib/python3.12/site-packages/airflow/models/dagbag.py", line 351, in parse
    loader.exec_module(new_module)
  File "<frozen importlib._bootstrap_external>", line 995, in exec_module
  File "<frozen importlib._bootstrap>", line 488, in _call_with_frames_removed
  File "/opt/airflow/dags/dbt.py", line 2, in <module>
    from airflow.providers.standard.operators.bash import BashOperator
ModuleNotFoundError: No module named 'airflow.providers.standard'
[2026-03-15T19:41:41.657+0000] {processor.py:842} WARNING - No viable dags retrieved from /opt/airflow/dags/dbt.py
[2026-03-15T19:41:41.686+0000] {processor.py:183} INFO - Processing /opt/airflow/dags/dbt.py took 0.064 seconds
[2026-03-15T19:42:12.065+0000] {processor.py:161} INFO - Started process (PID=4478) to work on /opt/airflow/dags/dbt.py
[2026-03-15T19:42:12.066+0000] {processor.py:830} INFO - Processing file /opt/airflow/dags/dbt.py for tasks to queue
[2026-03-15T19:42:12.070+0000] {logging_mixin.py:188} INFO - [2026-03-15T19:42:12.069+0000] {dagbag.py:545} INFO - Filling up the DagBag from /opt/airflow/dags/dbt.py
[2026-03-15T19:42:12.078+0000] {logging_mixin.py:188} INFO - [2026-03-15T19:42:12.076+0000] {dagbag.py:355} ERROR - Failed to import: /opt/airflow/dags/dbt.py
Traceback (most recent call last):
  File "/home/airflow/.local/lib/python3.12/site-packages/airflow/models/dagbag.py", line 351, in parse
    loader.exec_module(new_module)
  File "<frozen importlib._bootstrap_external>", line 995, in exec_module
  File "<frozen importlib._bootstrap>", line 488, in _call_with_frames_removed
  File "/opt/airflow/dags/dbt.py", line 2, in <module>
    from airflow.providers.standard.operators.bash import BashOperator
ModuleNotFoundError: No module named 'airflow.providers.standard'
[2026-03-15T19:42:12.078+0000] {processor.py:842} WARNING - No viable dags retrieved from /opt/airflow/dags/dbt.py
[2026-03-15T19:42:12.110+0000] {processor.py:183} INFO - Processing /opt/airflow/dags/dbt.py took 0.058 seconds
[2026-03-15T19:42:42.525+0000] {processor.py:161} INFO - Started process (PID=4480) to work on /opt/airflow/dags/dbt.py
[2026-03-15T19:42:42.528+0000] {processor.py:830} INFO - Processing file /opt/airflow/dags/dbt.py for tasks to queue
[2026-03-15T19:42:42.537+0000] {logging_mixin.py:188} INFO - [2026-03-15T19:42:42.534+0000] {dagbag.py:545} INFO - Filling up the DagBag from /opt/airflow/dags/dbt.py
[2026-03-15T19:42:42.547+0000] {logging_mixin.py:188} INFO - [2026-03-15T19:42:42.545+0000] {dagbag.py:355} ERROR - Failed to import: /opt/airflow/dags/dbt.py
Traceback (most recent call last):
  File "/home/airflow/.local/lib/python3.12/site-packages/airflow/models/dagbag.py", line 351, in parse
    loader.exec_module(new_module)
  File "<frozen importlib._bootstrap_external>", line 995, in exec_module
  File "<frozen importlib._bootstrap>", line 488, in _call_with_frames_removed
  File "/opt/airflow/dags/dbt.py", line 2, in <module>
    from airflow.providers.standard.operators.bash import BashOperator
ModuleNotFoundError: No module named 'airflow.providers.standard'
[2026-03-15T19:42:42.549+0000] {processor.py:842} WARNING - No viable dags retrieved from /opt/airflow/dags/dbt.py
[2026-03-15T19:42:42.580+0000] {processor.py:183} INFO - Processing /opt/airflow/dags/dbt.py took 0.072 seconds
[2026-03-15T19:43:13.054+0000] {processor.py:161} INFO - Started process (PID=4482) to work on /opt/airflow/dags/dbt.py
[2026-03-15T19:43:13.056+0000] {processor.py:830} INFO - Processing file /opt/airflow/dags/dbt.py for tasks to queue
[2026-03-15T19:43:13.061+0000] {logging_mixin.py:188} INFO - [2026-03-15T19:43:13.061+0000] {dagbag.py:545} INFO - Filling up the DagBag from /opt/airflow/dags/dbt.py
[2026-03-15T19:43:13.071+0000] {logging_mixin.py:188} INFO - [2026-03-15T19:43:13.066+0000] {dagbag.py:355} ERROR - Failed to import: /opt/airflow/dags/dbt.py
Traceback (most recent call last):
  File "/home/airflow/.local/lib/python3.12/site-packages/airflow/models/dagbag.py", line 351, in parse
    loader.exec_module(new_module)
  File "<frozen importlib._bootstrap_external>", line 995, in exec_module
  File "<frozen importlib._bootstrap>", line 488, in _call_with_frames_removed
  File "/opt/airflow/dags/dbt.py", line 2, in <module>
    from airflow.providers.standard.operators.bash import BashOperator
ModuleNotFoundError: No module named 'airflow.providers.standard'
[2026-03-15T19:43:13.071+0000] {processor.py:842} WARNING - No viable dags retrieved from /opt/airflow/dags/dbt.py
[2026-03-15T19:43:13.105+0000] {processor.py:183} INFO - Processing /opt/airflow/dags/dbt.py took 0.077 seconds
[2026-03-15T19:43:43.575+0000] {processor.py:161} INFO - Started process (PID=4484) to work on /opt/airflow/dags/dbt.py
[2026-03-15T19:43:43.576+0000] {processor.py:830} INFO - Processing file /opt/airflow/dags/dbt.py for tasks to queue
[2026-03-15T19:43:43.584+0000] {logging_mixin.py:188} INFO - [2026-03-15T19:43:43.583+0000] {dagbag.py:545} INFO - Filling up the DagBag from /opt/airflow/dags/dbt.py
[2026-03-15T19:43:43.597+0000] {logging_mixin.py:188} INFO - [2026-03-15T19:43:43.593+0000] {dagbag.py:355} ERROR - Failed to import: /opt/airflow/dags/dbt.py
Traceback (most recent call last):
  File "/home/airflow/.local/lib/python3.12/site-packages/airflow/models/dagbag.py", line 351, in parse
    loader.exec_module(new_module)
  File "<frozen importlib._bootstrap_external>", line 995, in exec_module
  File "<frozen importlib._bootstrap>", line 488, in _call_with_frames_removed
  File "/opt/airflow/dags/dbt.py", line 2, in <module>
    from airflow.providers.standard.operators.bash import BashOperator
ModuleNotFoundError: No module named 'airflow.providers.standard'
[2026-03-15T19:43:43.597+0000] {processor.py:842} WARNING - No viable dags retrieved from /opt/airflow/dags/dbt.py
[2026-03-15T19:43:43.639+0000] {processor.py:183} INFO - Processing /opt/airflow/dags/dbt.py took 0.087 seconds
[2026-03-15T19:44:14.124+0000] {processor.py:161} INFO - Started process (PID=4486) to work on /opt/airflow/dags/dbt.py
[2026-03-15T19:44:14.126+0000] {processor.py:830} INFO - Processing file /opt/airflow/dags/dbt.py for tasks to queue
[2026-03-15T19:44:14.131+0000] {logging_mixin.py:188} INFO - [2026-03-15T19:44:14.131+0000] {dagbag.py:545} INFO - Filling up the DagBag from /opt/airflow/dags/dbt.py
[2026-03-15T19:44:14.142+0000] {logging_mixin.py:188} INFO - [2026-03-15T19:44:14.136+0000] {dagbag.py:355} ERROR - Failed to import: /opt/airflow/dags/dbt.py
Traceback (most recent call last):
  File "/home/airflow/.local/lib/python3.12/site-packages/airflow/models/dagbag.py", line 351, in parse
    loader.exec_module(new_module)
  File "<frozen importlib._bootstrap_external>", line 995, in exec_module
  File "<frozen importlib._bootstrap>", line 488, in _call_with_frames_removed
  File "/opt/airflow/dags/dbt.py", line 2, in <module>
    from airflow.providers.standard.operators.bash import BashOperator
ModuleNotFoundError: No module named 'airflow.providers.standard'
[2026-03-15T19:44:14.142+0000] {processor.py:842} WARNING - No viable dags retrieved from /opt/airflow/dags/dbt.py
[2026-03-15T19:44:14.171+0000] {processor.py:183} INFO - Processing /opt/airflow/dags/dbt.py took 0.074 seconds
[2026-03-15T19:44:44.592+0000] {processor.py:161} INFO - Started process (PID=4488) to work on /opt/airflow/dags/dbt.py
[2026-03-15T19:44:44.594+0000] {processor.py:830} INFO - Processing file /opt/airflow/dags/dbt.py for tasks to queue
[2026-03-15T19:44:44.600+0000] {logging_mixin.py:188} INFO - [2026-03-15T19:44:44.599+0000] {dagbag.py:545} INFO - Filling up the DagBag from /opt/airflow/dags/dbt.py
[2026-03-15T19:44:44.608+0000] {logging_mixin.py:188} INFO - [2026-03-15T19:44:44.606+0000] {dagbag.py:355} ERROR - Failed to import: /opt/airflow/dags/dbt.py
Traceback (most recent call last):
  File "/home/airflow/.local/lib/python3.12/site-packages/airflow/models/dagbag.py", line 351, in parse
    loader.exec_module(new_module)
  File "<frozen importlib._bootstrap_external>", line 995, in exec_module
  File "<frozen importlib._bootstrap>", line 488, in _call_with_frames_removed
  File "/opt/airflow/dags/dbt.py", line 2, in <module>
    from airflow.providers.standard.operators.bash import BashOperator
ModuleNotFoundError: No module named 'airflow.providers.standard'
[2026-03-15T19:44:44.608+0000] {processor.py:842} WARNING - No viable dags retrieved from /opt/airflow/dags/dbt.py
[2026-03-15T19:44:44.646+0000] {processor.py:183} INFO - Processing /opt/airflow/dags/dbt.py took 0.073 seconds
[2026-03-15T19:45:15.092+0000] {processor.py:161} INFO - Started process (PID=4490) to work on /opt/airflow/dags/dbt.py
[2026-03-15T19:45:15.094+0000] {processor.py:830} INFO - Processing file /opt/airflow/dags/dbt.py for tasks to queue
[2026-03-15T19:45:15.099+0000] {logging_mixin.py:188} INFO - [2026-03-15T19:45:15.098+0000] {dagbag.py:545} INFO - Filling up the DagBag from /opt/airflow/dags/dbt.py
[2026-03-15T19:45:15.117+0000] {logging_mixin.py:188} INFO - [2026-03-15T19:45:15.108+0000] {dagbag.py:355} ERROR - Failed to import: /opt/airflow/dags/dbt.py
Traceback (most recent call last):
  File "/home/airflow/.local/lib/python3.12/site-packages/airflow/models/dagbag.py", line 351, in parse
    loader.exec_module(new_module)
  File "<frozen importlib._bootstrap_external>", line 995, in exec_module
  File "<frozen importlib._bootstrap>", line 488, in _call_with_frames_removed
  File "/opt/airflow/dags/dbt.py", line 2, in <module>
    from airflow.providers.standard.operators.bash import BashOperator
ModuleNotFoundError: No module named 'airflow.providers.standard'
[2026-03-15T19:45:15.135+0000] {processor.py:842} WARNING - No viable dags retrieved from /opt/airflow/dags/dbt.py
[2026-03-15T19:45:15.178+0000] {processor.py:183} INFO - Processing /opt/airflow/dags/dbt.py took 0.109 seconds
[2026-03-15T19:45:45.651+0000] {processor.py:161} INFO - Started process (PID=4492) to work on /opt/airflow/dags/dbt.py
[2026-03-15T19:45:45.652+0000] {processor.py:830} INFO - Processing file /opt/airflow/dags/dbt.py for tasks to queue
[2026-03-15T19:45:45.656+0000] {logging_mixin.py:188} INFO - [2026-03-15T19:45:45.656+0000] {dagbag.py:545} INFO - Filling up the DagBag from /opt/airflow/dags/dbt.py
[2026-03-15T19:45:45.668+0000] {logging_mixin.py:188} INFO - [2026-03-15T19:45:45.664+0000] {dagbag.py:355} ERROR - Failed to import: /opt/airflow/dags/dbt.py
Traceback (most recent call last):
  File "/home/airflow/.local/lib/python3.12/site-packages/airflow/models/dagbag.py", line 351, in parse
    loader.exec_module(new_module)
  File "<frozen importlib._bootstrap_external>", line 995, in exec_module
  File "<frozen importlib._bootstrap>", line 488, in _call_with_frames_removed
  File "/opt/airflow/dags/dbt.py", line 2, in <module>
    from airflow.providers.standard.operators.bash import BashOperator
ModuleNotFoundError: No module named 'airflow.providers.standard'
[2026-03-15T19:45:45.671+0000] {processor.py:842} WARNING - No viable dags retrieved from /opt/airflow/dags/dbt.py
[2026-03-15T19:45:45.721+0000] {processor.py:183} INFO - Processing /opt/airflow/dags/dbt.py took 0.092 seconds
[2026-03-15T19:46:16.170+0000] {processor.py:161} INFO - Started process (PID=4494) to work on /opt/airflow/dags/dbt.py
[2026-03-15T19:46:16.171+0000] {processor.py:830} INFO - Processing file /opt/airflow/dags/dbt.py for tasks to queue
[2026-03-15T19:46:16.176+0000] {logging_mixin.py:188} INFO - [2026-03-15T19:46:16.175+0000] {dagbag.py:545} INFO - Filling up the DagBag from /opt/airflow/dags/dbt.py
[2026-03-15T19:46:16.188+0000] {logging_mixin.py:188} INFO - [2026-03-15T19:46:16.185+0000] {dagbag.py:355} ERROR - Failed to import: /opt/airflow/dags/dbt.py
Traceback (most recent call last):
  File "/home/airflow/.local/lib/python3.12/site-packages/airflow/models/dagbag.py", line 351, in parse
    loader.exec_module(new_module)
  File "<frozen importlib._bootstrap_external>", line 995, in exec_module
  File "<frozen importlib._bootstrap>", line 488, in _call_with_frames_removed
  File "/opt/airflow/dags/dbt.py", line 2, in <module>
    from airflow.providers.standard.operators.bash import BashOperator
ModuleNotFoundError: No module named 'airflow.providers.standard'
[2026-03-15T19:46:16.191+0000] {processor.py:842} WARNING - No viable dags retrieved from /opt/airflow/dags/dbt.py
[2026-03-15T19:46:16.219+0000] {processor.py:183} INFO - Processing /opt/airflow/dags/dbt.py took 0.068 seconds
[2026-03-15T19:46:46.654+0000] {processor.py:161} INFO - Started process (PID=4496) to work on /opt/airflow/dags/dbt.py
[2026-03-15T19:46:46.655+0000] {processor.py:830} INFO - Processing file /opt/airflow/dags/dbt.py for tasks to queue
[2026-03-15T19:46:46.661+0000] {logging_mixin.py:188} INFO - [2026-03-15T19:46:46.661+0000] {dagbag.py:545} INFO - Filling up the DagBag from /opt/airflow/dags/dbt.py
[2026-03-15T19:46:46.671+0000] {logging_mixin.py:188} INFO - [2026-03-15T19:46:46.668+0000] {dagbag.py:355} ERROR - Failed to import: /opt/airflow/dags/dbt.py
Traceback (most recent call last):
  File "/home/airflow/.local/lib/python3.12/site-packages/airflow/models/dagbag.py", line 351, in parse
    loader.exec_module(new_module)
  File "<frozen importlib._bootstrap_external>", line 995, in exec_module
  File "<frozen importlib._bootstrap>", line 488, in _call_with_frames_removed
  File "/opt/airflow/dags/dbt.py", line 2, in <module>
    from airflow.providers.standard.operators.bash import BashOperator
ModuleNotFoundError: No module named 'airflow.providers.standard'
[2026-03-15T19:46:46.672+0000] {processor.py:842} WARNING - No viable dags retrieved from /opt/airflow/dags/dbt.py
[2026-03-15T19:46:46.718+0000] {processor.py:183} INFO - Processing /opt/airflow/dags/dbt.py took 0.088 seconds
[2026-03-15T19:47:17.055+0000] {processor.py:161} INFO - Started process (PID=4498) to work on /opt/airflow/dags/dbt.py
[2026-03-15T19:47:17.056+0000] {processor.py:830} INFO - Processing file /opt/airflow/dags/dbt.py for tasks to queue
[2026-03-15T19:47:17.060+0000] {logging_mixin.py:188} INFO - [2026-03-15T19:47:17.059+0000] {dagbag.py:545} INFO - Filling up the DagBag from /opt/airflow/dags/dbt.py
[2026-03-15T19:47:17.067+0000] {logging_mixin.py:188} INFO - [2026-03-15T19:47:17.065+0000] {dagbag.py:355} ERROR - Failed to import: /opt/airflow/dags/dbt.py
Traceback (most recent call last):
  File "/home/airflow/.local/lib/python3.12/site-packages/airflow/models/dagbag.py", line 351, in parse
    loader.exec_module(new_module)
  File "<frozen importlib._bootstrap_external>", line 995, in exec_module
  File "<frozen importlib._bootstrap>", line 488, in _call_with_frames_removed
  File "/opt/airflow/dags/dbt.py", line 2, in <module>
    from airflow.providers.standard.operators.bash import BashOperator
ModuleNotFoundError: No module named 'airflow.providers.standard'
[2026-03-15T19:47:17.068+0000] {processor.py:842} WARNING - No viable dags retrieved from /opt/airflow/dags/dbt.py
[2026-03-15T19:47:17.108+0000] {processor.py:183} INFO - Processing /opt/airflow/dags/dbt.py took 0.073 seconds
[2026-03-15T19:47:47.491+0000] {processor.py:161} INFO - Started process (PID=4500) to work on /opt/airflow/dags/dbt.py
[2026-03-15T19:47:47.495+0000] {processor.py:830} INFO - Processing file /opt/airflow/dags/dbt.py for tasks to queue
[2026-03-15T19:47:47.501+0000] {logging_mixin.py:188} INFO - [2026-03-15T19:47:47.501+0000] {dagbag.py:545} INFO - Filling up the DagBag from /opt/airflow/dags/dbt.py
[2026-03-15T19:47:47.510+0000] {logging_mixin.py:188} INFO - [2026-03-15T19:47:47.508+0000] {dagbag.py:355} ERROR - Failed to import: /opt/airflow/dags/dbt.py
Traceback (most recent call last):
  File "/home/airflow/.local/lib/python3.12/site-packages/airflow/models/dagbag.py", line 351, in parse
    loader.exec_module(new_module)
  File "<frozen importlib._bootstrap_external>", line 995, in exec_module
  File "<frozen importlib._bootstrap>", line 488, in _call_with_frames_removed
  File "/opt/airflow/dags/dbt.py", line 2, in <module>
    from airflow.providers.standard.operators.bash import BashOperator
ModuleNotFoundError: No module named 'airflow.providers.standard'
[2026-03-15T19:47:47.510+0000] {processor.py:842} WARNING - No viable dags retrieved from /opt/airflow/dags/dbt.py
[2026-03-15T19:47:47.538+0000] {processor.py:183} INFO - Processing /opt/airflow/dags/dbt.py took 0.076 seconds
[2026-03-15T19:48:17.901+0000] {processor.py:161} INFO - Started process (PID=4502) to work on /opt/airflow/dags/dbt.py
[2026-03-15T19:48:17.905+0000] {processor.py:830} INFO - Processing file /opt/airflow/dags/dbt.py for tasks to queue
[2026-03-15T19:48:17.910+0000] {logging_mixin.py:188} INFO - [2026-03-15T19:48:17.909+0000] {dagbag.py:545} INFO - Filling up the DagBag from /opt/airflow/dags/dbt.py
[2026-03-15T19:48:17.919+0000] {logging_mixin.py:188} INFO - [2026-03-15T19:48:17.917+0000] {dagbag.py:355} ERROR - Failed to import: /opt/airflow/dags/dbt.py
Traceback (most recent call last):
  File "/home/airflow/.local/lib/python3.12/site-packages/airflow/models/dagbag.py", line 351, in parse
    loader.exec_module(new_module)
  File "<frozen importlib._bootstrap_external>", line 995, in exec_module
  File "<frozen importlib._bootstrap>", line 488, in _call_with_frames_removed
  File "/opt/airflow/dags/dbt.py", line 2, in <module>
    from airflow.providers.standard.operators.bash import BashOperator
ModuleNotFoundError: No module named 'airflow.providers.standard'
[2026-03-15T19:48:17.920+0000] {processor.py:842} WARNING - No viable dags retrieved from /opt/airflow/dags/dbt.py
[2026-03-15T19:48:17.951+0000] {processor.py:183} INFO - Processing /opt/airflow/dags/dbt.py took 0.064 seconds
[2026-03-15T19:48:48.295+0000] {processor.py:161} INFO - Started process (PID=4504) to work on /opt/airflow/dags/dbt.py
[2026-03-15T19:48:48.297+0000] {processor.py:830} INFO - Processing file /opt/airflow/dags/dbt.py for tasks to queue
[2026-03-15T19:48:48.300+0000] {logging_mixin.py:188} INFO - [2026-03-15T19:48:48.300+0000] {dagbag.py:545} INFO - Filling up the DagBag from /opt/airflow/dags/dbt.py
[2026-03-15T19:48:48.307+0000] {logging_mixin.py:188} INFO - [2026-03-15T19:48:48.305+0000] {dagbag.py:355} ERROR - Failed to import: /opt/airflow/dags/dbt.py
Traceback (most recent call last):
  File "/home/airflow/.local/lib/python3.12/site-packages/airflow/models/dagbag.py", line 351, in parse
    loader.exec_module(new_module)
  File "<frozen importlib._bootstrap_external>", line 995, in exec_module
  File "<frozen importlib._bootstrap>", line 488, in _call_with_frames_removed
  File "/opt/airflow/dags/dbt.py", line 2, in <module>
    from airflow.providers.standard.operators.bash import BashOperator
ModuleNotFoundError: No module named 'airflow.providers.standard'
[2026-03-15T19:48:48.308+0000] {processor.py:842} WARNING - No viable dags retrieved from /opt/airflow/dags/dbt.py
[2026-03-15T19:48:48.333+0000] {processor.py:183} INFO - Processing /opt/airflow/dags/dbt.py took 0.049 seconds
[2026-03-15T19:49:18.706+0000] {processor.py:161} INFO - Started process (PID=4506) to work on /opt/airflow/dags/dbt.py
[2026-03-15T19:49:18.707+0000] {processor.py:830} INFO - Processing file /opt/airflow/dags/dbt.py for tasks to queue
[2026-03-15T19:49:18.711+0000] {logging_mixin.py:188} INFO - [2026-03-15T19:49:18.710+0000] {dagbag.py:545} INFO - Filling up the DagBag from /opt/airflow/dags/dbt.py
[2026-03-15T19:49:18.717+0000] {logging_mixin.py:188} INFO - [2026-03-15T19:49:18.715+0000] {dagbag.py:355} ERROR - Failed to import: /opt/airflow/dags/dbt.py
Traceback (most recent call last):
  File "/home/airflow/.local/lib/python3.12/site-packages/airflow/models/dagbag.py", line 351, in parse
    loader.exec_module(new_module)
  File "<frozen importlib._bootstrap_external>", line 995, in exec_module
  File "<frozen importlib._bootstrap>", line 488, in _call_with_frames_removed
  File "/opt/airflow/dags/dbt.py", line 2, in <module>
    from airflow.providers.standard.operators.bash import BashOperator
ModuleNotFoundError: No module named 'airflow.providers.standard'
[2026-03-15T19:49:18.718+0000] {processor.py:842} WARNING - No viable dags retrieved from /opt/airflow/dags/dbt.py
[2026-03-15T19:49:18.746+0000] {processor.py:183} INFO - Processing /opt/airflow/dags/dbt.py took 0.054 seconds
[2026-03-15T19:49:49.154+0000] {processor.py:161} INFO - Started process (PID=4508) to work on /opt/airflow/dags/dbt.py
[2026-03-15T19:49:49.156+0000] {processor.py:830} INFO - Processing file /opt/airflow/dags/dbt.py for tasks to queue
[2026-03-15T19:49:49.160+0000] {logging_mixin.py:188} INFO - [2026-03-15T19:49:49.159+0000] {dagbag.py:545} INFO - Filling up the DagBag from /opt/airflow/dags/dbt.py
[2026-03-15T19:49:49.168+0000] {logging_mixin.py:188} INFO - [2026-03-15T19:49:49.165+0000] {dagbag.py:355} ERROR - Failed to import: /opt/airflow/dags/dbt.py
Traceback (most recent call last):
  File "/home/airflow/.local/lib/python3.12/site-packages/airflow/models/dagbag.py", line 351, in parse
    loader.exec_module(new_module)
  File "<frozen importlib._bootstrap_external>", line 995, in exec_module
  File "<frozen importlib._bootstrap>", line 488, in _call_with_frames_removed
  File "/opt/airflow/dags/dbt.py", line 2, in <module>
    from airflow.providers.standard.operators.bash import BashOperator
ModuleNotFoundError: No module named 'airflow.providers.standard'
[2026-03-15T19:49:49.172+0000] {processor.py:842} WARNING - No viable dags retrieved from /opt/airflow/dags/dbt.py
[2026-03-15T19:49:49.204+0000] {processor.py:183} INFO - Processing /opt/airflow/dags/dbt.py took 0.073 seconds
[2026-03-15T19:50:19.617+0000] {processor.py:161} INFO - Started process (PID=4510) to work on /opt/airflow/dags/dbt.py
[2026-03-15T19:50:19.620+0000] {processor.py:830} INFO - Processing file /opt/airflow/dags/dbt.py for tasks to queue
[2026-03-15T19:50:19.626+0000] {logging_mixin.py:188} INFO - [2026-03-15T19:50:19.625+0000] {dagbag.py:545} INFO - Filling up the DagBag from /opt/airflow/dags/dbt.py
[2026-03-15T19:50:19.636+0000] {logging_mixin.py:188} INFO - [2026-03-15T19:50:19.632+0000] {dagbag.py:355} ERROR - Failed to import: /opt/airflow/dags/dbt.py
Traceback (most recent call last):
  File "/home/airflow/.local/lib/python3.12/site-packages/airflow/models/dagbag.py", line 351, in parse
    loader.exec_module(new_module)
  File "<frozen importlib._bootstrap_external>", line 995, in exec_module
  File "<frozen importlib._bootstrap>", line 488, in _call_with_frames_removed
  File "/opt/airflow/dags/dbt.py", line 2, in <module>
    from airflow.providers.standard.operators.bash import BashOperator
ModuleNotFoundError: No module named 'airflow.providers.standard'
[2026-03-15T19:50:19.636+0000] {processor.py:842} WARNING - No viable dags retrieved from /opt/airflow/dags/dbt.py
[2026-03-15T19:50:19.671+0000] {processor.py:183} INFO - Processing /opt/airflow/dags/dbt.py took 0.073 seconds
[2026-03-15T19:50:50.045+0000] {processor.py:161} INFO - Started process (PID=4512) to work on /opt/airflow/dags/dbt.py
[2026-03-15T19:50:50.047+0000] {processor.py:830} INFO - Processing file /opt/airflow/dags/dbt.py for tasks to queue
[2026-03-15T19:50:50.051+0000] {logging_mixin.py:188} INFO - [2026-03-15T19:50:50.050+0000] {dagbag.py:545} INFO - Filling up the DagBag from /opt/airflow/dags/dbt.py
[2026-03-15T19:50:50.066+0000] {logging_mixin.py:188} INFO - [2026-03-15T19:50:50.064+0000] {dagbag.py:355} ERROR - Failed to import: /opt/airflow/dags/dbt.py
Traceback (most recent call last):
  File "/home/airflow/.local/lib/python3.12/site-packages/airflow/models/dagbag.py", line 351, in parse
    loader.exec_module(new_module)
  File "<frozen importlib._bootstrap_external>", line 995, in exec_module
  File "<frozen importlib._bootstrap>", line 488, in _call_with_frames_removed
  File "/opt/airflow/dags/dbt.py", line 2, in <module>
    from airflow.providers.standard.operators.bash import BashOperator
ModuleNotFoundError: No module named 'airflow.providers.standard'
[2026-03-15T19:50:50.066+0000] {processor.py:842} WARNING - No viable dags retrieved from /opt/airflow/dags/dbt.py
[2026-03-15T19:50:50.102+0000] {processor.py:183} INFO - Processing /opt/airflow/dags/dbt.py took 0.089 seconds
[2026-03-15T19:51:20.452+0000] {processor.py:161} INFO - Started process (PID=4514) to work on /opt/airflow/dags/dbt.py
[2026-03-15T19:51:20.454+0000] {processor.py:830} INFO - Processing file /opt/airflow/dags/dbt.py for tasks to queue
[2026-03-15T19:51:20.456+0000] {logging_mixin.py:188} INFO - [2026-03-15T19:51:20.455+0000] {dagbag.py:545} INFO - Filling up the DagBag from /opt/airflow/dags/dbt.py
[2026-03-15T19:51:20.461+0000] {logging_mixin.py:188} INFO - [2026-03-15T19:51:20.459+0000] {dagbag.py:355} ERROR - Failed to import: /opt/airflow/dags/dbt.py
Traceback (most recent call last):
  File "/home/airflow/.local/lib/python3.12/site-packages/airflow/models/dagbag.py", line 351, in parse
    loader.exec_module(new_module)
  File "<frozen importlib._bootstrap_external>", line 995, in exec_module
  File "<frozen importlib._bootstrap>", line 488, in _call_with_frames_removed
  File "/opt/airflow/dags/dbt.py", line 2, in <module>
    from airflow.providers.standard.operators.bash import BashOperator
ModuleNotFoundError: No module named 'airflow.providers.standard'
[2026-03-15T19:51:20.461+0000] {processor.py:842} WARNING - No viable dags retrieved from /opt/airflow/dags/dbt.py
[2026-03-15T19:51:20.482+0000] {processor.py:183} INFO - Processing /opt/airflow/dags/dbt.py took 0.036 seconds
[2026-03-15T19:51:50.837+0000] {processor.py:161} INFO - Started process (PID=4516) to work on /opt/airflow/dags/dbt.py
[2026-03-15T19:51:50.842+0000] {processor.py:830} INFO - Processing file /opt/airflow/dags/dbt.py for tasks to queue
[2026-03-15T19:51:50.848+0000] {logging_mixin.py:188} INFO - [2026-03-15T19:51:50.847+0000] {dagbag.py:545} INFO - Filling up the DagBag from /opt/airflow/dags/dbt.py
[2026-03-15T19:51:50.861+0000] {logging_mixin.py:188} INFO - [2026-03-15T19:51:50.856+0000] {dagbag.py:355} ERROR - Failed to import: /opt/airflow/dags/dbt.py
Traceback (most recent call last):
  File "/home/airflow/.local/lib/python3.12/site-packages/airflow/models/dagbag.py", line 351, in parse
    loader.exec_module(new_module)
  File "<frozen importlib._bootstrap_external>", line 995, in exec_module
  File "<frozen importlib._bootstrap>", line 488, in _call_with_frames_removed
  File "/opt/airflow/dags/dbt.py", line 2, in <module>
    from airflow.providers.standard.operators.bash import BashOperator
ModuleNotFoundError: No module named 'airflow.providers.standard'
[2026-03-15T19:51:50.861+0000] {processor.py:842} WARNING - No viable dags retrieved from /opt/airflow/dags/dbt.py
[2026-03-15T19:51:50.909+0000] {processor.py:183} INFO - Processing /opt/airflow/dags/dbt.py took 0.098 seconds
[2026-03-15T19:52:21.289+0000] {processor.py:161} INFO - Started process (PID=4518) to work on /opt/airflow/dags/dbt.py
[2026-03-15T19:52:21.290+0000] {processor.py:830} INFO - Processing file /opt/airflow/dags/dbt.py for tasks to queue
[2026-03-15T19:52:21.293+0000] {logging_mixin.py:188} INFO - [2026-03-15T19:52:21.292+0000] {dagbag.py:545} INFO - Filling up the DagBag from /opt/airflow/dags/dbt.py
[2026-03-15T19:52:21.297+0000] {logging_mixin.py:188} INFO - [2026-03-15T19:52:21.296+0000] {dagbag.py:355} ERROR - Failed to import: /opt/airflow/dags/dbt.py
Traceback (most recent call last):
  File "/home/airflow/.local/lib/python3.12/site-packages/airflow/models/dagbag.py", line 351, in parse
    loader.exec_module(new_module)
  File "<frozen importlib._bootstrap_external>", line 995, in exec_module
  File "<frozen importlib._bootstrap>", line 488, in _call_with_frames_removed
  File "/opt/airflow/dags/dbt.py", line 2, in <module>
    from airflow.providers.standard.operators.bash import BashOperator
ModuleNotFoundError: No module named 'airflow.providers.standard'
[2026-03-15T19:52:21.299+0000] {processor.py:842} WARNING - No viable dags retrieved from /opt/airflow/dags/dbt.py
[2026-03-15T19:52:21.324+0000] {processor.py:183} INFO - Processing /opt/airflow/dags/dbt.py took 0.045 seconds
[2026-03-15T20:08:05.618+0000] {processor.py:161} INFO - Started process (PID=4520) to work on /opt/airflow/dags/dbt.py
[2026-03-15T20:08:05.619+0000] {processor.py:830} INFO - Processing file /opt/airflow/dags/dbt.py for tasks to queue
[2026-03-15T20:08:05.626+0000] {logging_mixin.py:188} INFO - [2026-03-15T20:08:05.625+0000] {dagbag.py:545} INFO - Filling up the DagBag from /opt/airflow/dags/dbt.py
[2026-03-15T20:08:05.636+0000] {logging_mixin.py:188} INFO - [2026-03-15T20:08:05.634+0000] {dagbag.py:355} ERROR - Failed to import: /opt/airflow/dags/dbt.py
Traceback (most recent call last):
  File "/home/airflow/.local/lib/python3.12/site-packages/airflow/models/dagbag.py", line 351, in parse
    loader.exec_module(new_module)
  File "<frozen importlib._bootstrap_external>", line 995, in exec_module
  File "<frozen importlib._bootstrap>", line 488, in _call_with_frames_removed
  File "/opt/airflow/dags/dbt.py", line 2, in <module>
    from airflow.providers.standard.operators.bash import BashOperator
ModuleNotFoundError: No module named 'airflow.providers.standard'
[2026-03-15T20:08:05.637+0000] {processor.py:842} WARNING - No viable dags retrieved from /opt/airflow/dags/dbt.py
[2026-03-15T20:08:05.676+0000] {processor.py:183} INFO - Processing /opt/airflow/dags/dbt.py took 0.081 seconds
[2026-03-15T20:08:36.148+0000] {processor.py:161} INFO - Started process (PID=4522) to work on /opt/airflow/dags/dbt.py
[2026-03-15T20:08:36.149+0000] {processor.py:830} INFO - Processing file /opt/airflow/dags/dbt.py for tasks to queue
[2026-03-15T20:08:36.155+0000] {logging_mixin.py:188} INFO - [2026-03-15T20:08:36.154+0000] {dagbag.py:545} INFO - Filling up the DagBag from /opt/airflow/dags/dbt.py
[2026-03-15T20:08:36.164+0000] {logging_mixin.py:188} INFO - [2026-03-15T20:08:36.161+0000] {dagbag.py:355} ERROR - Failed to import: /opt/airflow/dags/dbt.py
Traceback (most recent call last):
  File "/home/airflow/.local/lib/python3.12/site-packages/airflow/models/dagbag.py", line 351, in parse
    loader.exec_module(new_module)
  File "<frozen importlib._bootstrap_external>", line 995, in exec_module
  File "<frozen importlib._bootstrap>", line 488, in _call_with_frames_removed
  File "/opt/airflow/dags/dbt.py", line 2, in <module>
    from airflow.providers.standard.operators.bash import BashOperator
ModuleNotFoundError: No module named 'airflow.providers.standard'
[2026-03-15T20:08:36.165+0000] {processor.py:842} WARNING - No viable dags retrieved from /opt/airflow/dags/dbt.py
[2026-03-15T20:08:36.196+0000] {processor.py:183} INFO - Processing /opt/airflow/dags/dbt.py took 0.065 seconds
[2026-03-15T20:24:53.008+0000] {processor.py:161} INFO - Started process (PID=4524) to work on /opt/airflow/dags/dbt.py
[2026-03-15T20:24:53.010+0000] {processor.py:830} INFO - Processing file /opt/airflow/dags/dbt.py for tasks to queue
[2026-03-15T20:24:53.016+0000] {logging_mixin.py:188} INFO - [2026-03-15T20:24:53.015+0000] {dagbag.py:545} INFO - Filling up the DagBag from /opt/airflow/dags/dbt.py
[2026-03-15T20:24:53.022+0000] {logging_mixin.py:188} INFO - [2026-03-15T20:24:53.020+0000] {dagbag.py:355} ERROR - Failed to import: /opt/airflow/dags/dbt.py
Traceback (most recent call last):
  File "/home/airflow/.local/lib/python3.12/site-packages/airflow/models/dagbag.py", line 351, in parse
    loader.exec_module(new_module)
  File "<frozen importlib._bootstrap_external>", line 995, in exec_module
  File "<frozen importlib._bootstrap>", line 488, in _call_with_frames_removed
  File "/opt/airflow/dags/dbt.py", line 2, in <module>
    from airflow.providers.standard.operators.bash import BashOperator
ModuleNotFoundError: No module named 'airflow.providers.standard'
[2026-03-15T20:24:53.026+0000] {processor.py:842} WARNING - No viable dags retrieved from /opt/airflow/dags/dbt.py
[2026-03-15T20:24:53.050+0000] {processor.py:183} INFO - Processing /opt/airflow/dags/dbt.py took 0.058 seconds
[2026-03-15T20:25:23.517+0000] {processor.py:161} INFO - Started process (PID=4526) to work on /opt/airflow/dags/dbt.py
[2026-03-15T20:25:23.518+0000] {processor.py:830} INFO - Processing file /opt/airflow/dags/dbt.py for tasks to queue
[2026-03-15T20:25:23.524+0000] {logging_mixin.py:188} INFO - [2026-03-15T20:25:23.524+0000] {dagbag.py:545} INFO - Filling up the DagBag from /opt/airflow/dags/dbt.py
[2026-03-15T20:25:23.534+0000] {logging_mixin.py:188} INFO - [2026-03-15T20:25:23.529+0000] {dagbag.py:355} ERROR - Failed to import: /opt/airflow/dags/dbt.py
Traceback (most recent call last):
  File "/home/airflow/.local/lib/python3.12/site-packages/airflow/models/dagbag.py", line 351, in parse
    loader.exec_module(new_module)
  File "<frozen importlib._bootstrap_external>", line 995, in exec_module
  File "<frozen importlib._bootstrap>", line 488, in _call_with_frames_removed
  File "/opt/airflow/dags/dbt.py", line 2, in <module>
    from airflow.providers.standard.operators.bash import BashOperator
ModuleNotFoundError: No module named 'airflow.providers.standard'
[2026-03-15T20:25:23.535+0000] {processor.py:842} WARNING - No viable dags retrieved from /opt/airflow/dags/dbt.py
[2026-03-15T20:25:23.568+0000] {processor.py:183} INFO - Processing /opt/airflow/dags/dbt.py took 0.070 seconds
[2026-03-15T20:41:35.660+0000] {processor.py:161} INFO - Started process (PID=4528) to work on /opt/airflow/dags/dbt.py
[2026-03-15T20:41:35.662+0000] {processor.py:830} INFO - Processing file /opt/airflow/dags/dbt.py for tasks to queue
[2026-03-15T20:41:35.667+0000] {logging_mixin.py:188} INFO - [2026-03-15T20:41:35.666+0000] {dagbag.py:545} INFO - Filling up the DagBag from /opt/airflow/dags/dbt.py
[2026-03-15T20:41:35.677+0000] {logging_mixin.py:188} INFO - [2026-03-15T20:41:35.674+0000] {dagbag.py:355} ERROR - Failed to import: /opt/airflow/dags/dbt.py
Traceback (most recent call last):
  File "/home/airflow/.local/lib/python3.12/site-packages/airflow/models/dagbag.py", line 351, in parse
    loader.exec_module(new_module)
  File "<frozen importlib._bootstrap_external>", line 995, in exec_module
  File "<frozen importlib._bootstrap>", line 488, in _call_with_frames_removed
  File "/opt/airflow/dags/dbt.py", line 2, in <module>
    from airflow.providers.standard.operators.bash import BashOperator
ModuleNotFoundError: No module named 'airflow.providers.standard'
[2026-03-15T20:41:35.679+0000] {processor.py:842} WARNING - No viable dags retrieved from /opt/airflow/dags/dbt.py
[2026-03-15T20:41:35.707+0000] {processor.py:183} INFO - Processing /opt/airflow/dags/dbt.py took 0.066 seconds
[2026-03-15T20:42:06.115+0000] {processor.py:161} INFO - Started process (PID=4530) to work on /opt/airflow/dags/dbt.py
[2026-03-15T20:42:06.117+0000] {processor.py:830} INFO - Processing file /opt/airflow/dags/dbt.py for tasks to queue
[2026-03-15T20:42:06.120+0000] {logging_mixin.py:188} INFO - [2026-03-15T20:42:06.120+0000] {dagbag.py:545} INFO - Filling up the DagBag from /opt/airflow/dags/dbt.py
[2026-03-15T20:42:06.127+0000] {logging_mixin.py:188} INFO - [2026-03-15T20:42:06.124+0000] {dagbag.py:355} ERROR - Failed to import: /opt/airflow/dags/dbt.py
Traceback (most recent call last):
  File "/home/airflow/.local/lib/python3.12/site-packages/airflow/models/dagbag.py", line 351, in parse
    loader.exec_module(new_module)
  File "<frozen importlib._bootstrap_external>", line 995, in exec_module
  File "<frozen importlib._bootstrap>", line 488, in _call_with_frames_removed
  File "/opt/airflow/dags/dbt.py", line 2, in <module>
    from airflow.providers.standard.operators.bash import BashOperator
ModuleNotFoundError: No module named 'airflow.providers.standard'
[2026-03-15T20:42:06.128+0000] {processor.py:842} WARNING - No viable dags retrieved from /opt/airflow/dags/dbt.py
[2026-03-15T20:42:06.150+0000] {processor.py:183} INFO - Processing /opt/airflow/dags/dbt.py took 0.050 seconds
[2026-03-15T20:58:01.370+0000] {processor.py:161} INFO - Started process (PID=4532) to work on /opt/airflow/dags/dbt.py
[2026-03-15T20:58:01.372+0000] {processor.py:830} INFO - Processing file /opt/airflow/dags/dbt.py for tasks to queue
[2026-03-15T20:58:01.380+0000] {logging_mixin.py:188} INFO - [2026-03-15T20:58:01.380+0000] {dagbag.py:545} INFO - Filling up the DagBag from /opt/airflow/dags/dbt.py
[2026-03-15T20:58:01.387+0000] {logging_mixin.py:188} INFO - [2026-03-15T20:58:01.384+0000] {dagbag.py:355} ERROR - Failed to import: /opt/airflow/dags/dbt.py
Traceback (most recent call last):
  File "/home/airflow/.local/lib/python3.12/site-packages/airflow/models/dagbag.py", line 351, in parse
    loader.exec_module(new_module)
  File "<frozen importlib._bootstrap_external>", line 995, in exec_module
  File "<frozen importlib._bootstrap>", line 488, in _call_with_frames_removed
  File "/opt/airflow/dags/dbt.py", line 2, in <module>
    from airflow.providers.standard.operators.bash import BashOperator
ModuleNotFoundError: No module named 'airflow.providers.standard'
[2026-03-15T20:58:01.387+0000] {processor.py:842} WARNING - No viable dags retrieved from /opt/airflow/dags/dbt.py
[2026-03-15T20:58:01.407+0000] {processor.py:183} INFO - Processing /opt/airflow/dags/dbt.py took 0.054 seconds
[2026-03-15T21:13:56.593+0000] {processor.py:161} INFO - Started process (PID=4534) to work on /opt/airflow/dags/dbt.py
[2026-03-15T21:13:56.594+0000] {processor.py:830} INFO - Processing file /opt/airflow/dags/dbt.py for tasks to queue
[2026-03-15T21:13:56.598+0000] {logging_mixin.py:188} INFO - [2026-03-15T21:13:56.597+0000] {dagbag.py:545} INFO - Filling up the DagBag from /opt/airflow/dags/dbt.py
[2026-03-15T21:13:56.605+0000] {logging_mixin.py:188} INFO - [2026-03-15T21:13:56.603+0000] {dagbag.py:355} ERROR - Failed to import: /opt/airflow/dags/dbt.py
Traceback (most recent call last):
  File "/home/airflow/.local/lib/python3.12/site-packages/airflow/models/dagbag.py", line 351, in parse
    loader.exec_module(new_module)
  File "<frozen importlib._bootstrap_external>", line 995, in exec_module
  File "<frozen importlib._bootstrap>", line 488, in _call_with_frames_removed
  File "/opt/airflow/dags/dbt.py", line 2, in <module>
    from airflow.providers.standard.operators.bash import BashOperator
ModuleNotFoundError: No module named 'airflow.providers.standard'
[2026-03-15T21:13:56.607+0000] {processor.py:842} WARNING - No viable dags retrieved from /opt/airflow/dags/dbt.py
[2026-03-15T21:13:56.630+0000] {processor.py:183} INFO - Processing /opt/airflow/dags/dbt.py took 0.049 seconds
[2026-03-15T21:14:27.021+0000] {processor.py:161} INFO - Started process (PID=4536) to work on /opt/airflow/dags/dbt.py
[2026-03-15T21:14:27.022+0000] {processor.py:830} INFO - Processing file /opt/airflow/dags/dbt.py for tasks to queue
[2026-03-15T21:14:27.026+0000] {logging_mixin.py:188} INFO - [2026-03-15T21:14:27.026+0000] {dagbag.py:545} INFO - Filling up the DagBag from /opt/airflow/dags/dbt.py
[2026-03-15T21:14:27.042+0000] {logging_mixin.py:188} INFO - [2026-03-15T21:14:27.038+0000] {dagbag.py:355} ERROR - Failed to import: /opt/airflow/dags/dbt.py
Traceback (most recent call last):
  File "/home/airflow/.local/lib/python3.12/site-packages/airflow/models/dagbag.py", line 351, in parse
    loader.exec_module(new_module)
  File "<frozen importlib._bootstrap_external>", line 995, in exec_module
  File "<frozen importlib._bootstrap>", line 488, in _call_with_frames_removed
  File "/opt/airflow/dags/dbt.py", line 2, in <module>
    from airflow.providers.standard.operators.bash import BashOperator
ModuleNotFoundError: No module named 'airflow.providers.standard'
[2026-03-15T21:14:27.042+0000] {processor.py:842} WARNING - No viable dags retrieved from /opt/airflow/dags/dbt.py
[2026-03-15T21:14:27.074+0000] {processor.py:183} INFO - Processing /opt/airflow/dags/dbt.py took 0.072 seconds
[2026-03-15T21:30:23.322+0000] {processor.py:161} INFO - Started process (PID=4538) to work on /opt/airflow/dags/dbt.py
[2026-03-15T21:30:23.323+0000] {processor.py:830} INFO - Processing file /opt/airflow/dags/dbt.py for tasks to queue
[2026-03-15T21:30:23.328+0000] {logging_mixin.py:188} INFO - [2026-03-15T21:30:23.328+0000] {dagbag.py:545} INFO - Filling up the DagBag from /opt/airflow/dags/dbt.py
[2026-03-15T21:30:23.336+0000] {logging_mixin.py:188} INFO - [2026-03-15T21:30:23.333+0000] {dagbag.py:355} ERROR - Failed to import: /opt/airflow/dags/dbt.py
Traceback (most recent call last):
  File "/home/airflow/.local/lib/python3.12/site-packages/airflow/models/dagbag.py", line 351, in parse
    loader.exec_module(new_module)
  File "<frozen importlib._bootstrap_external>", line 995, in exec_module
  File "<frozen importlib._bootstrap>", line 488, in _call_with_frames_removed
  File "/opt/airflow/dags/dbt.py", line 2, in <module>
    from airflow.providers.standard.operators.bash import BashOperator
ModuleNotFoundError: No module named 'airflow.providers.standard'
[2026-03-15T21:30:23.338+0000] {processor.py:842} WARNING - No viable dags retrieved from /opt/airflow/dags/dbt.py
[2026-03-15T21:30:23.362+0000] {processor.py:183} INFO - Processing /opt/airflow/dags/dbt.py took 0.054 seconds
[2026-03-15T21:46:18.477+0000] {processor.py:161} INFO - Started process (PID=4540) to work on /opt/airflow/dags/dbt.py
[2026-03-15T21:46:18.479+0000] {processor.py:830} INFO - Processing file /opt/airflow/dags/dbt.py for tasks to queue
[2026-03-15T21:46:18.483+0000] {logging_mixin.py:188} INFO - [2026-03-15T21:46:18.482+0000] {dagbag.py:545} INFO - Filling up the DagBag from /opt/airflow/dags/dbt.py
[2026-03-15T21:46:18.494+0000] {logging_mixin.py:188} INFO - [2026-03-15T21:46:18.490+0000] {dagbag.py:355} ERROR - Failed to import: /opt/airflow/dags/dbt.py
Traceback (most recent call last):
  File "/home/airflow/.local/lib/python3.12/site-packages/airflow/models/dagbag.py", line 351, in parse
    loader.exec_module(new_module)
  File "<frozen importlib._bootstrap_external>", line 995, in exec_module
  File "<frozen importlib._bootstrap>", line 488, in _call_with_frames_removed
  File "/opt/airflow/dags/dbt.py", line 2, in <module>
    from airflow.providers.standard.operators.bash import BashOperator
ModuleNotFoundError: No module named 'airflow.providers.standard'
[2026-03-15T21:46:18.495+0000] {processor.py:842} WARNING - No viable dags retrieved from /opt/airflow/dags/dbt.py
[2026-03-15T21:46:18.522+0000] {processor.py:183} INFO - Processing /opt/airflow/dags/dbt.py took 0.059 seconds
[2026-03-15T21:53:33.505+0000] {processor.py:161} INFO - Started process (PID=4542) to work on /opt/airflow/dags/dbt.py
[2026-03-15T21:53:33.506+0000] {processor.py:830} INFO - Processing file /opt/airflow/dags/dbt.py for tasks to queue
[2026-03-15T21:53:33.510+0000] {logging_mixin.py:188} INFO - [2026-03-15T21:53:33.509+0000] {dagbag.py:545} INFO - Filling up the DagBag from /opt/airflow/dags/dbt.py
[2026-03-15T21:53:33.516+0000] {logging_mixin.py:188} INFO - [2026-03-15T21:53:33.515+0000] {dagbag.py:355} ERROR - Failed to import: /opt/airflow/dags/dbt.py
Traceback (most recent call last):
  File "/home/airflow/.local/lib/python3.12/site-packages/airflow/models/dagbag.py", line 351, in parse
    loader.exec_module(new_module)
  File "<frozen importlib._bootstrap_external>", line 995, in exec_module
  File "<frozen importlib._bootstrap>", line 488, in _call_with_frames_removed
  File "/opt/airflow/dags/dbt.py", line 2, in <module>
    from airflow.providers.standard.operators.bash import BashOperator
ModuleNotFoundError: No module named 'airflow.providers.standard'
[2026-03-15T21:53:33.517+0000] {processor.py:842} WARNING - No viable dags retrieved from /opt/airflow/dags/dbt.py
[2026-03-15T21:53:33.539+0000] {processor.py:183} INFO - Processing /opt/airflow/dags/dbt.py took 0.046 seconds
[2026-03-15T21:54:03.990+0000] {processor.py:161} INFO - Started process (PID=4544) to work on /opt/airflow/dags/dbt.py
[2026-03-15T21:54:03.991+0000] {processor.py:830} INFO - Processing file /opt/airflow/dags/dbt.py for tasks to queue
[2026-03-15T21:54:03.999+0000] {logging_mixin.py:188} INFO - [2026-03-15T21:54:03.998+0000] {dagbag.py:545} INFO - Filling up the DagBag from /opt/airflow/dags/dbt.py
[2026-03-15T21:54:04.011+0000] {logging_mixin.py:188} INFO - [2026-03-15T21:54:04.006+0000] {dagbag.py:355} ERROR - Failed to import: /opt/airflow/dags/dbt.py
Traceback (most recent call last):
  File "/home/airflow/.local/lib/python3.12/site-packages/airflow/models/dagbag.py", line 351, in parse
    loader.exec_module(new_module)
  File "<frozen importlib._bootstrap_external>", line 995, in exec_module
  File "<frozen importlib._bootstrap>", line 488, in _call_with_frames_removed
  File "/opt/airflow/dags/dbt.py", line 2, in <module>
    from airflow.providers.standard.operators.bash import BashOperator
ModuleNotFoundError: No module named 'airflow.providers.standard'
[2026-03-15T21:54:04.012+0000] {processor.py:842} WARNING - No viable dags retrieved from /opt/airflow/dags/dbt.py
[2026-03-15T21:54:04.039+0000] {processor.py:183} INFO - Processing /opt/airflow/dags/dbt.py took 0.071 seconds
[2026-03-15T22:09:59.147+0000] {processor.py:161} INFO - Started process (PID=4546) to work on /opt/airflow/dags/dbt.py
[2026-03-15T22:09:59.149+0000] {processor.py:830} INFO - Processing file /opt/airflow/dags/dbt.py for tasks to queue
[2026-03-15T22:09:59.151+0000] {logging_mixin.py:188} INFO - [2026-03-15T22:09:59.151+0000] {dagbag.py:545} INFO - Filling up the DagBag from /opt/airflow/dags/dbt.py
[2026-03-15T22:09:59.161+0000] {logging_mixin.py:188} INFO - [2026-03-15T22:09:59.160+0000] {dagbag.py:355} ERROR - Failed to import: /opt/airflow/dags/dbt.py
Traceback (most recent call last):
  File "/home/airflow/.local/lib/python3.12/site-packages/airflow/models/dagbag.py", line 351, in parse
    loader.exec_module(new_module)
  File "<frozen importlib._bootstrap_external>", line 995, in exec_module
  File "<frozen importlib._bootstrap>", line 488, in _call_with_frames_removed
  File "/opt/airflow/dags/dbt.py", line 2, in <module>
    from airflow.providers.standard.operators.bash import BashOperator
ModuleNotFoundError: No module named 'airflow.providers.standard'
[2026-03-15T22:09:59.162+0000] {processor.py:842} WARNING - No viable dags retrieved from /opt/airflow/dags/dbt.py
[2026-03-15T22:09:59.186+0000] {processor.py:183} INFO - Processing /opt/airflow/dags/dbt.py took 0.057 seconds
[2026-03-15T22:10:29.682+0000] {processor.py:161} INFO - Started process (PID=4548) to work on /opt/airflow/dags/dbt.py
[2026-03-15T22:10:29.684+0000] {processor.py:830} INFO - Processing file /opt/airflow/dags/dbt.py for tasks to queue
[2026-03-15T22:10:29.691+0000] {logging_mixin.py:188} INFO - [2026-03-15T22:10:29.690+0000] {dagbag.py:545} INFO - Filling up the DagBag from /opt/airflow/dags/dbt.py
[2026-03-15T22:10:29.702+0000] {logging_mixin.py:188} INFO - [2026-03-15T22:10:29.700+0000] {dagbag.py:355} ERROR - Failed to import: /opt/airflow/dags/dbt.py
Traceback (most recent call last):
  File "/home/airflow/.local/lib/python3.12/site-packages/airflow/models/dagbag.py", line 351, in parse
    loader.exec_module(new_module)
  File "<frozen importlib._bootstrap_external>", line 995, in exec_module
  File "<frozen importlib._bootstrap>", line 488, in _call_with_frames_removed
  File "/opt/airflow/dags/dbt.py", line 2, in <module>
    from airflow.providers.standard.operators.bash import BashOperator
ModuleNotFoundError: No module named 'airflow.providers.standard'
[2026-03-15T22:10:29.704+0000] {processor.py:842} WARNING - No viable dags retrieved from /opt/airflow/dags/dbt.py
[2026-03-15T22:10:29.755+0000] {processor.py:183} INFO - Processing /opt/airflow/dags/dbt.py took 0.103 seconds
[2026-03-15T22:26:24.930+0000] {processor.py:161} INFO - Started process (PID=4550) to work on /opt/airflow/dags/dbt.py
[2026-03-15T22:26:24.931+0000] {processor.py:830} INFO - Processing file /opt/airflow/dags/dbt.py for tasks to queue
[2026-03-15T22:26:24.936+0000] {logging_mixin.py:188} INFO - [2026-03-15T22:26:24.936+0000] {dagbag.py:545} INFO - Filling up the DagBag from /opt/airflow/dags/dbt.py
[2026-03-15T22:26:24.946+0000] {logging_mixin.py:188} INFO - [2026-03-15T22:26:24.942+0000] {dagbag.py:355} ERROR - Failed to import: /opt/airflow/dags/dbt.py
Traceback (most recent call last):
  File "/home/airflow/.local/lib/python3.12/site-packages/airflow/models/dagbag.py", line 351, in parse
    loader.exec_module(new_module)
  File "<frozen importlib._bootstrap_external>", line 995, in exec_module
  File "<frozen importlib._bootstrap>", line 488, in _call_with_frames_removed
  File "/opt/airflow/dags/dbt.py", line 2, in <module>
    from airflow.providers.standard.operators.bash import BashOperator
ModuleNotFoundError: No module named 'airflow.providers.standard'
[2026-03-15T22:26:24.948+0000] {processor.py:842} WARNING - No viable dags retrieved from /opt/airflow/dags/dbt.py
[2026-03-15T22:26:24.978+0000] {processor.py:183} INFO - Processing /opt/airflow/dags/dbt.py took 0.061 seconds
[2026-03-15T22:42:28.484+0000] {processor.py:161} INFO - Started process (PID=4552) to work on /opt/airflow/dags/dbt.py
[2026-03-15T22:42:28.485+0000] {processor.py:830} INFO - Processing file /opt/airflow/dags/dbt.py for tasks to queue
[2026-03-15T22:42:28.490+0000] {logging_mixin.py:188} INFO - [2026-03-15T22:42:28.489+0000] {dagbag.py:545} INFO - Filling up the DagBag from /opt/airflow/dags/dbt.py
[2026-03-15T22:42:28.499+0000] {logging_mixin.py:188} INFO - [2026-03-15T22:42:28.494+0000] {dagbag.py:355} ERROR - Failed to import: /opt/airflow/dags/dbt.py
Traceback (most recent call last):
  File "/home/airflow/.local/lib/python3.12/site-packages/airflow/models/dagbag.py", line 351, in parse
    loader.exec_module(new_module)
  File "<frozen importlib._bootstrap_external>", line 995, in exec_module
  File "<frozen importlib._bootstrap>", line 488, in _call_with_frames_removed
  File "/opt/airflow/dags/dbt.py", line 2, in <module>
    from airflow.providers.standard.operators.bash import BashOperator
ModuleNotFoundError: No module named 'airflow.providers.standard'
[2026-03-15T22:42:28.499+0000] {processor.py:842} WARNING - No viable dags retrieved from /opt/airflow/dags/dbt.py
[2026-03-15T22:42:28.524+0000] {processor.py:183} INFO - Processing /opt/airflow/dags/dbt.py took 0.053 seconds
[2026-03-15T22:42:59.029+0000] {processor.py:161} INFO - Started process (PID=4554) to work on /opt/airflow/dags/dbt.py
[2026-03-15T22:42:59.031+0000] {processor.py:830} INFO - Processing file /opt/airflow/dags/dbt.py for tasks to queue
[2026-03-15T22:42:59.038+0000] {logging_mixin.py:188} INFO - [2026-03-15T22:42:59.037+0000] {dagbag.py:545} INFO - Filling up the DagBag from /opt/airflow/dags/dbt.py
[2026-03-15T22:42:59.047+0000] {logging_mixin.py:188} INFO - [2026-03-15T22:42:59.044+0000] {dagbag.py:355} ERROR - Failed to import: /opt/airflow/dags/dbt.py
Traceback (most recent call last):
  File "/home/airflow/.local/lib/python3.12/site-packages/airflow/models/dagbag.py", line 351, in parse
    loader.exec_module(new_module)
  File "<frozen importlib._bootstrap_external>", line 995, in exec_module
  File "<frozen importlib._bootstrap>", line 488, in _call_with_frames_removed
  File "/opt/airflow/dags/dbt.py", line 2, in <module>
    from airflow.providers.standard.operators.bash import BashOperator
ModuleNotFoundError: No module named 'airflow.providers.standard'
[2026-03-15T22:42:59.048+0000] {processor.py:842} WARNING - No viable dags retrieved from /opt/airflow/dags/dbt.py
[2026-03-15T22:42:59.081+0000] {processor.py:183} INFO - Processing /opt/airflow/dags/dbt.py took 0.066 seconds
[2026-03-15T22:54:51.172+0000] {processor.py:161} INFO - Started process (PID=4556) to work on /opt/airflow/dags/dbt.py
[2026-03-15T22:54:51.173+0000] {processor.py:830} INFO - Processing file /opt/airflow/dags/dbt.py for tasks to queue
[2026-03-15T22:54:51.177+0000] {logging_mixin.py:188} INFO - [2026-03-15T22:54:51.177+0000] {dagbag.py:545} INFO - Filling up the DagBag from /opt/airflow/dags/dbt.py
[2026-03-15T22:54:51.184+0000] {logging_mixin.py:188} INFO - [2026-03-15T22:54:51.181+0000] {dagbag.py:355} ERROR - Failed to import: /opt/airflow/dags/dbt.py
Traceback (most recent call last):
  File "/home/airflow/.local/lib/python3.12/site-packages/airflow/models/dagbag.py", line 351, in parse
    loader.exec_module(new_module)
  File "<frozen importlib._bootstrap_external>", line 995, in exec_module
  File "<frozen importlib._bootstrap>", line 488, in _call_with_frames_removed
  File "/opt/airflow/dags/dbt.py", line 2, in <module>
    from airflow.providers.standard.operators.bash import BashOperator
ModuleNotFoundError: No module named 'airflow.providers.standard'
[2026-03-15T22:54:51.185+0000] {processor.py:842} WARNING - No viable dags retrieved from /opt/airflow/dags/dbt.py
[2026-03-15T22:54:51.216+0000] {processor.py:183} INFO - Processing /opt/airflow/dags/dbt.py took 0.071 seconds
[2026-03-15T22:55:21.740+0000] {processor.py:161} INFO - Started process (PID=4558) to work on /opt/airflow/dags/dbt.py
[2026-03-15T22:55:21.741+0000] {processor.py:830} INFO - Processing file /opt/airflow/dags/dbt.py for tasks to queue
[2026-03-15T22:55:21.745+0000] {logging_mixin.py:188} INFO - [2026-03-15T22:55:21.745+0000] {dagbag.py:545} INFO - Filling up the DagBag from /opt/airflow/dags/dbt.py
[2026-03-15T22:55:21.759+0000] {logging_mixin.py:188} INFO - [2026-03-15T22:55:21.756+0000] {dagbag.py:355} ERROR - Failed to import: /opt/airflow/dags/dbt.py
Traceback (most recent call last):
  File "/home/airflow/.local/lib/python3.12/site-packages/airflow/models/dagbag.py", line 351, in parse
    loader.exec_module(new_module)
  File "<frozen importlib._bootstrap_external>", line 995, in exec_module
  File "<frozen importlib._bootstrap>", line 488, in _call_with_frames_removed
  File "/opt/airflow/dags/dbt.py", line 2, in <module>
    from airflow.providers.standard.operators.bash import BashOperator
ModuleNotFoundError: No module named 'airflow.providers.standard'
[2026-03-15T22:55:21.760+0000] {processor.py:842} WARNING - No viable dags retrieved from /opt/airflow/dags/dbt.py
[2026-03-15T22:55:21.795+0000] {processor.py:183} INFO - Processing /opt/airflow/dags/dbt.py took 0.080 seconds
[2026-03-15T23:11:16.909+0000] {processor.py:161} INFO - Started process (PID=4560) to work on /opt/airflow/dags/dbt.py
[2026-03-15T23:11:16.911+0000] {processor.py:830} INFO - Processing file /opt/airflow/dags/dbt.py for tasks to queue
[2026-03-15T23:11:16.920+0000] {logging_mixin.py:188} INFO - [2026-03-15T23:11:16.916+0000] {dagbag.py:545} INFO - Filling up the DagBag from /opt/airflow/dags/dbt.py
[2026-03-15T23:11:16.927+0000] {logging_mixin.py:188} INFO - [2026-03-15T23:11:16.925+0000] {dagbag.py:355} ERROR - Failed to import: /opt/airflow/dags/dbt.py
Traceback (most recent call last):
  File "/home/airflow/.local/lib/python3.12/site-packages/airflow/models/dagbag.py", line 351, in parse
    loader.exec_module(new_module)
  File "<frozen importlib._bootstrap_external>", line 995, in exec_module
  File "<frozen importlib._bootstrap>", line 488, in _call_with_frames_removed
  File "/opt/airflow/dags/dbt.py", line 2, in <module>
    from airflow.providers.standard.operators.bash import BashOperator
ModuleNotFoundError: No module named 'airflow.providers.standard'
[2026-03-15T23:11:16.928+0000] {processor.py:842} WARNING - No viable dags retrieved from /opt/airflow/dags/dbt.py
[2026-03-15T23:11:16.956+0000] {processor.py:183} INFO - Processing /opt/airflow/dags/dbt.py took 0.069 seconds
[2026-03-15T23:27:12.080+0000] {processor.py:161} INFO - Started process (PID=4562) to work on /opt/airflow/dags/dbt.py
[2026-03-15T23:27:12.081+0000] {processor.py:830} INFO - Processing file /opt/airflow/dags/dbt.py for tasks to queue
[2026-03-15T23:27:12.085+0000] {logging_mixin.py:188} INFO - [2026-03-15T23:27:12.084+0000] {dagbag.py:545} INFO - Filling up the DagBag from /opt/airflow/dags/dbt.py
[2026-03-15T23:27:12.101+0000] {logging_mixin.py:188} INFO - [2026-03-15T23:27:12.097+0000] {dagbag.py:355} ERROR - Failed to import: /opt/airflow/dags/dbt.py
Traceback (most recent call last):
  File "/home/airflow/.local/lib/python3.12/site-packages/airflow/models/dagbag.py", line 351, in parse
    loader.exec_module(new_module)
  File "<frozen importlib._bootstrap_external>", line 995, in exec_module
  File "<frozen importlib._bootstrap>", line 488, in _call_with_frames_removed
  File "/opt/airflow/dags/dbt.py", line 2, in <module>
    from airflow.providers.standard.operators.bash import BashOperator
ModuleNotFoundError: No module named 'airflow.providers.standard'
[2026-03-15T23:27:12.101+0000] {processor.py:842} WARNING - No viable dags retrieved from /opt/airflow/dags/dbt.py
[2026-03-15T23:27:12.121+0000] {processor.py:183} INFO - Processing /opt/airflow/dags/dbt.py took 0.053 seconds
[2026-03-15T23:27:42.550+0000] {processor.py:161} INFO - Started process (PID=4564) to work on /opt/airflow/dags/dbt.py
[2026-03-15T23:27:42.552+0000] {processor.py:830} INFO - Processing file /opt/airflow/dags/dbt.py for tasks to queue
[2026-03-15T23:27:42.557+0000] {logging_mixin.py:188} INFO - [2026-03-15T23:27:42.556+0000] {dagbag.py:545} INFO - Filling up the DagBag from /opt/airflow/dags/dbt.py
[2026-03-15T23:27:42.565+0000] {logging_mixin.py:188} INFO - [2026-03-15T23:27:42.563+0000] {dagbag.py:355} ERROR - Failed to import: /opt/airflow/dags/dbt.py
Traceback (most recent call last):
  File "/home/airflow/.local/lib/python3.12/site-packages/airflow/models/dagbag.py", line 351, in parse
    loader.exec_module(new_module)
  File "<frozen importlib._bootstrap_external>", line 995, in exec_module
  File "<frozen importlib._bootstrap>", line 488, in _call_with_frames_removed
  File "/opt/airflow/dags/dbt.py", line 2, in <module>
    from airflow.providers.standard.operators.bash import BashOperator
ModuleNotFoundError: No module named 'airflow.providers.standard'
[2026-03-15T23:27:42.567+0000] {processor.py:842} WARNING - No viable dags retrieved from /opt/airflow/dags/dbt.py
[2026-03-15T23:27:42.591+0000] {processor.py:183} INFO - Processing /opt/airflow/dags/dbt.py took 0.054 seconds
[2026-03-15T23:43:37.602+0000] {processor.py:161} INFO - Started process (PID=4566) to work on /opt/airflow/dags/dbt.py
[2026-03-15T23:43:37.603+0000] {processor.py:830} INFO - Processing file /opt/airflow/dags/dbt.py for tasks to queue
[2026-03-15T23:43:37.613+0000] {logging_mixin.py:188} INFO - [2026-03-15T23:43:37.612+0000] {dagbag.py:545} INFO - Filling up the DagBag from /opt/airflow/dags/dbt.py
[2026-03-15T23:43:37.629+0000] {logging_mixin.py:188} INFO - [2026-03-15T23:43:37.626+0000] {dagbag.py:355} ERROR - Failed to import: /opt/airflow/dags/dbt.py
Traceback (most recent call last):
  File "/home/airflow/.local/lib/python3.12/site-packages/airflow/models/dagbag.py", line 351, in parse
    loader.exec_module(new_module)
  File "<frozen importlib._bootstrap_external>", line 995, in exec_module
  File "<frozen importlib._bootstrap>", line 488, in _call_with_frames_removed
  File "/opt/airflow/dags/dbt.py", line 2, in <module>
    from airflow.providers.standard.operators.bash import BashOperator
ModuleNotFoundError: No module named 'airflow.providers.standard'
[2026-03-15T23:43:37.633+0000] {processor.py:842} WARNING - No viable dags retrieved from /opt/airflow/dags/dbt.py
[2026-03-15T23:43:37.679+0000] {processor.py:183} INFO - Processing /opt/airflow/dags/dbt.py took 0.090 seconds
[2026-03-15T23:55:43.334+0000] {processor.py:161} INFO - Started process (PID=4568) to work on /opt/airflow/dags/dbt.py
[2026-03-15T23:55:43.336+0000] {processor.py:830} INFO - Processing file /opt/airflow/dags/dbt.py for tasks to queue
[2026-03-15T23:55:43.339+0000] {logging_mixin.py:188} INFO - [2026-03-15T23:55:43.339+0000] {dagbag.py:545} INFO - Filling up the DagBag from /opt/airflow/dags/dbt.py
[2026-03-15T23:55:43.346+0000] {logging_mixin.py:188} INFO - [2026-03-15T23:55:43.345+0000] {dagbag.py:355} ERROR - Failed to import: /opt/airflow/dags/dbt.py
Traceback (most recent call last):
  File "/home/airflow/.local/lib/python3.12/site-packages/airflow/models/dagbag.py", line 351, in parse
    loader.exec_module(new_module)
  File "<frozen importlib._bootstrap_external>", line 995, in exec_module
  File "<frozen importlib._bootstrap>", line 488, in _call_with_frames_removed
  File "/opt/airflow/dags/dbt.py", line 2, in <module>
    from airflow.providers.standard.operators.bash import BashOperator
ModuleNotFoundError: No module named 'airflow.providers.standard'
[2026-03-15T23:55:43.350+0000] {processor.py:842} WARNING - No viable dags retrieved from /opt/airflow/dags/dbt.py
[2026-03-15T23:55:43.372+0000] {processor.py:183} INFO - Processing /opt/airflow/dags/dbt.py took 0.050 seconds
[2026-03-15T23:56:13.752+0000] {processor.py:161} INFO - Started process (PID=4570) to work on /opt/airflow/dags/dbt.py
[2026-03-15T23:56:13.755+0000] {processor.py:830} INFO - Processing file /opt/airflow/dags/dbt.py for tasks to queue
[2026-03-15T23:56:13.759+0000] {logging_mixin.py:188} INFO - [2026-03-15T23:56:13.758+0000] {dagbag.py:545} INFO - Filling up the DagBag from /opt/airflow/dags/dbt.py
[2026-03-15T23:56:13.767+0000] {logging_mixin.py:188} INFO - [2026-03-15T23:56:13.765+0000] {dagbag.py:355} ERROR - Failed to import: /opt/airflow/dags/dbt.py
Traceback (most recent call last):
  File "/home/airflow/.local/lib/python3.12/site-packages/airflow/models/dagbag.py", line 351, in parse
    loader.exec_module(new_module)
  File "<frozen importlib._bootstrap_external>", line 995, in exec_module
  File "<frozen importlib._bootstrap>", line 488, in _call_with_frames_removed
  File "/opt/airflow/dags/dbt.py", line 2, in <module>
    from airflow.providers.standard.operators.bash import BashOperator
ModuleNotFoundError: No module named 'airflow.providers.standard'
[2026-03-15T23:56:13.768+0000] {processor.py:842} WARNING - No viable dags retrieved from /opt/airflow/dags/dbt.py
[2026-03-15T23:56:13.796+0000] {processor.py:183} INFO - Processing /opt/airflow/dags/dbt.py took 0.058 seconds
