[2026-03-14T00:05:38.609+0000] {processor.py:161} INFO - Started process (PID=2385) to work on /opt/airflow/dags/transfer.py
[2026-03-14T00:05:38.611+0000] {processor.py:830} INFO - Processing file /opt/airflow/dags/transfer.py for tasks to queue
[2026-03-14T00:05:38.617+0000] {logging_mixin.py:188} INFO - [2026-03-14T00:05:38.616+0000] {dagbag.py:545} INFO - Filling up the DagBag from /opt/airflow/dags/transfer.py
[2026-03-14T00:05:38.650+0000] {processor.py:840} INFO - DAG(s) 'transfer_from_minio_to_snowflake_transactions', 'transfer_from_minio_to_snowflake_accounts', 'transfer_from_minio_to_snowflake_customers' retrieved from /opt/airflow/dags/transfer.py
[2026-03-14T00:05:38.682+0000] {logging_mixin.py:188} INFO - [2026-03-14T00:05:38.681+0000] {dag.py:3089} INFO - Sync 3 DAGs
[2026-03-14T00:05:38.697+0000] {logging_mixin.py:188} INFO - [2026-03-14T00:05:38.697+0000] {dag.py:3947} INFO - Setting next_dagrun for transfer_from_minio_to_snowflake_accounts to 2026-03-14 00:04:00+00:00, run_after=2026-03-14 00:05:00+00:00
[2026-03-14T00:05:38.700+0000] {logging_mixin.py:188} INFO - [2026-03-14T00:05:38.700+0000] {dag.py:3947} INFO - Setting next_dagrun for transfer_from_minio_to_snowflake_customers to 2026-03-14 00:04:00+00:00, run_after=2026-03-14 00:05:00+00:00
[2026-03-14T00:05:38.702+0000] {logging_mixin.py:188} INFO - [2026-03-14T00:05:38.702+0000] {dag.py:3947} INFO - Setting next_dagrun for transfer_from_minio_to_snowflake_transactions to 2026-03-14 00:04:00+00:00, run_after=2026-03-14 00:05:00+00:00
[2026-03-14T00:05:38.709+0000] {processor.py:183} INFO - Processing /opt/airflow/dags/transfer.py took 0.109 seconds
[2026-03-14T00:06:09.095+0000] {processor.py:161} INFO - Started process (PID=2387) to work on /opt/airflow/dags/transfer.py
[2026-03-14T00:06:09.097+0000] {processor.py:830} INFO - Processing file /opt/airflow/dags/transfer.py for tasks to queue
[2026-03-14T00:06:09.100+0000] {logging_mixin.py:188} INFO - [2026-03-14T00:06:09.100+0000] {dagbag.py:545} INFO - Filling up the DagBag from /opt/airflow/dags/transfer.py
[2026-03-14T00:06:09.121+0000] {processor.py:840} INFO - DAG(s) 'transfer_from_minio_to_snowflake_transactions', 'transfer_from_minio_to_snowflake_accounts', 'transfer_from_minio_to_snowflake_customers' retrieved from /opt/airflow/dags/transfer.py
[2026-03-14T00:06:09.149+0000] {logging_mixin.py:188} INFO - [2026-03-14T00:06:09.148+0000] {dag.py:3089} INFO - Sync 3 DAGs
[2026-03-14T00:06:09.161+0000] {logging_mixin.py:188} INFO - [2026-03-14T00:06:09.161+0000] {dag.py:3947} INFO - Setting next_dagrun for transfer_from_minio_to_snowflake_accounts to 2026-03-14 00:05:00+00:00, run_after=2026-03-14 00:06:00+00:00
[2026-03-14T00:06:09.164+0000] {logging_mixin.py:188} INFO - [2026-03-14T00:06:09.163+0000] {dag.py:3947} INFO - Setting next_dagrun for transfer_from_minio_to_snowflake_customers to 2026-03-14 00:05:00+00:00, run_after=2026-03-14 00:06:00+00:00
[2026-03-14T00:06:09.165+0000] {logging_mixin.py:188} INFO - [2026-03-14T00:06:09.165+0000] {dag.py:3947} INFO - Setting next_dagrun for transfer_from_minio_to_snowflake_transactions to 2026-03-14 00:05:00+00:00, run_after=2026-03-14 00:06:00+00:00
[2026-03-14T00:06:09.172+0000] {processor.py:183} INFO - Processing /opt/airflow/dags/transfer.py took 0.086 seconds
[2026-03-14T00:18:24.061+0000] {processor.py:161} INFO - Started process (PID=2389) to work on /opt/airflow/dags/transfer.py
[2026-03-14T00:18:24.062+0000] {processor.py:830} INFO - Processing file /opt/airflow/dags/transfer.py for tasks to queue
[2026-03-14T00:18:24.065+0000] {logging_mixin.py:188} INFO - [2026-03-14T00:18:24.064+0000] {dagbag.py:545} INFO - Filling up the DagBag from /opt/airflow/dags/transfer.py
[2026-03-14T00:18:24.078+0000] {processor.py:840} INFO - DAG(s) 'transfer_from_minio_to_snowflake_transactions', 'transfer_from_minio_to_snowflake_customers', 'transfer_from_minio_to_snowflake_accounts' retrieved from /opt/airflow/dags/transfer.py
[2026-03-14T00:18:24.112+0000] {logging_mixin.py:188} INFO - [2026-03-14T00:18:24.112+0000] {dag.py:3089} INFO - Sync 3 DAGs
[2026-03-14T00:18:24.124+0000] {logging_mixin.py:188} INFO - [2026-03-14T00:18:24.124+0000] {dag.py:3947} INFO - Setting next_dagrun for transfer_from_minio_to_snowflake_accounts to 2026-03-14 00:17:00+00:00, run_after=2026-03-14 00:18:00+00:00
[2026-03-14T00:18:24.128+0000] {logging_mixin.py:188} INFO - [2026-03-14T00:18:24.128+0000] {dag.py:3947} INFO - Setting next_dagrun for transfer_from_minio_to_snowflake_customers to 2026-03-14 00:17:00+00:00, run_after=2026-03-14 00:18:00+00:00
[2026-03-14T00:18:24.130+0000] {logging_mixin.py:188} INFO - [2026-03-14T00:18:24.130+0000] {dag.py:3947} INFO - Setting next_dagrun for transfer_from_minio_to_snowflake_transactions to 2026-03-14 00:17:00+00:00, run_after=2026-03-14 00:18:00+00:00
[2026-03-14T00:18:24.137+0000] {processor.py:183} INFO - Processing /opt/airflow/dags/transfer.py took 0.080 seconds
[2026-03-14T00:18:54.476+0000] {processor.py:161} INFO - Started process (PID=2391) to work on /opt/airflow/dags/transfer.py
[2026-03-14T00:18:54.478+0000] {processor.py:830} INFO - Processing file /opt/airflow/dags/transfer.py for tasks to queue
[2026-03-14T00:18:54.484+0000] {logging_mixin.py:188} INFO - [2026-03-14T00:18:54.483+0000] {dagbag.py:545} INFO - Filling up the DagBag from /opt/airflow/dags/transfer.py
[2026-03-14T00:18:54.521+0000] {processor.py:840} INFO - DAG(s) 'transfer_from_minio_to_snowflake_accounts', 'transfer_from_minio_to_snowflake_transactions', 'transfer_from_minio_to_snowflake_customers' retrieved from /opt/airflow/dags/transfer.py
[2026-03-14T00:18:54.547+0000] {logging_mixin.py:188} INFO - [2026-03-14T00:18:54.547+0000] {dag.py:3089} INFO - Sync 3 DAGs
[2026-03-14T00:18:54.563+0000] {logging_mixin.py:188} INFO - [2026-03-14T00:18:54.563+0000] {dag.py:3947} INFO - Setting next_dagrun for transfer_from_minio_to_snowflake_accounts to 2026-03-14 00:17:00+00:00, run_after=2026-03-14 00:18:00+00:00
[2026-03-14T00:18:54.566+0000] {logging_mixin.py:188} INFO - [2026-03-14T00:18:54.566+0000] {dag.py:3947} INFO - Setting next_dagrun for transfer_from_minio_to_snowflake_customers to 2026-03-14 00:17:00+00:00, run_after=2026-03-14 00:18:00+00:00
[2026-03-14T00:18:54.568+0000] {logging_mixin.py:188} INFO - [2026-03-14T00:18:54.568+0000] {dag.py:3947} INFO - Setting next_dagrun for transfer_from_minio_to_snowflake_transactions to 2026-03-14 00:17:00+00:00, run_after=2026-03-14 00:18:00+00:00
[2026-03-14T00:18:54.575+0000] {processor.py:183} INFO - Processing /opt/airflow/dags/transfer.py took 0.107 seconds
[2026-03-14T00:34:50.793+0000] {processor.py:161} INFO - Started process (PID=2393) to work on /opt/airflow/dags/transfer.py
[2026-03-14T00:34:50.794+0000] {processor.py:830} INFO - Processing file /opt/airflow/dags/transfer.py for tasks to queue
[2026-03-14T00:34:50.798+0000] {logging_mixin.py:188} INFO - [2026-03-14T00:34:50.798+0000] {dagbag.py:545} INFO - Filling up the DagBag from /opt/airflow/dags/transfer.py
[2026-03-14T00:34:50.818+0000] {processor.py:840} INFO - DAG(s) 'transfer_from_minio_to_snowflake_customers', 'transfer_from_minio_to_snowflake_transactions', 'transfer_from_minio_to_snowflake_accounts' retrieved from /opt/airflow/dags/transfer.py
[2026-03-14T00:34:50.845+0000] {logging_mixin.py:188} INFO - [2026-03-14T00:34:50.845+0000] {dag.py:3089} INFO - Sync 3 DAGs
[2026-03-14T00:34:50.857+0000] {logging_mixin.py:188} INFO - [2026-03-14T00:34:50.857+0000] {dag.py:3947} INFO - Setting next_dagrun for transfer_from_minio_to_snowflake_accounts to 2026-03-14 00:33:00+00:00, run_after=2026-03-14 00:34:00+00:00
[2026-03-14T00:34:50.859+0000] {logging_mixin.py:188} INFO - [2026-03-14T00:34:50.859+0000] {dag.py:3947} INFO - Setting next_dagrun for transfer_from_minio_to_snowflake_customers to 2026-03-14 00:33:00+00:00, run_after=2026-03-14 00:34:00+00:00
[2026-03-14T00:34:50.861+0000] {logging_mixin.py:188} INFO - [2026-03-14T00:34:50.861+0000] {dag.py:3947} INFO - Setting next_dagrun for transfer_from_minio_to_snowflake_transactions to 2026-03-14 00:33:00+00:00, run_after=2026-03-14 00:34:00+00:00
[2026-03-14T00:34:50.868+0000] {processor.py:183} INFO - Processing /opt/airflow/dags/transfer.py took 0.081 seconds
[2026-03-14T00:35:21.297+0000] {processor.py:161} INFO - Started process (PID=2395) to work on /opt/airflow/dags/transfer.py
[2026-03-14T00:35:21.298+0000] {processor.py:830} INFO - Processing file /opt/airflow/dags/transfer.py for tasks to queue
[2026-03-14T00:35:21.300+0000] {logging_mixin.py:188} INFO - [2026-03-14T00:35:21.300+0000] {dagbag.py:545} INFO - Filling up the DagBag from /opt/airflow/dags/transfer.py
[2026-03-14T00:35:21.324+0000] {processor.py:840} INFO - DAG(s) 'transfer_from_minio_to_snowflake_customers', 'transfer_from_minio_to_snowflake_transactions', 'transfer_from_minio_to_snowflake_accounts' retrieved from /opt/airflow/dags/transfer.py
[2026-03-14T00:35:21.352+0000] {logging_mixin.py:188} INFO - [2026-03-14T00:35:21.351+0000] {dag.py:3089} INFO - Sync 3 DAGs
[2026-03-14T00:35:21.364+0000] {logging_mixin.py:188} INFO - [2026-03-14T00:35:21.364+0000] {dag.py:3947} INFO - Setting next_dagrun for transfer_from_minio_to_snowflake_accounts to 2026-03-14 00:34:00+00:00, run_after=2026-03-14 00:35:00+00:00
[2026-03-14T00:35:21.367+0000] {logging_mixin.py:188} INFO - [2026-03-14T00:35:21.367+0000] {dag.py:3947} INFO - Setting next_dagrun for transfer_from_minio_to_snowflake_customers to 2026-03-14 00:34:00+00:00, run_after=2026-03-14 00:35:00+00:00
[2026-03-14T00:35:21.368+0000] {logging_mixin.py:188} INFO - [2026-03-14T00:35:21.368+0000] {dag.py:3947} INFO - Setting next_dagrun for transfer_from_minio_to_snowflake_transactions to 2026-03-14 00:34:00+00:00, run_after=2026-03-14 00:35:00+00:00
[2026-03-14T00:35:21.375+0000] {processor.py:183} INFO - Processing /opt/airflow/dags/transfer.py took 0.086 seconds
[2026-03-14T00:51:16.524+0000] {processor.py:161} INFO - Started process (PID=2397) to work on /opt/airflow/dags/transfer.py
[2026-03-14T00:51:16.526+0000] {processor.py:830} INFO - Processing file /opt/airflow/dags/transfer.py for tasks to queue
[2026-03-14T00:51:16.532+0000] {logging_mixin.py:188} INFO - [2026-03-14T00:51:16.531+0000] {dagbag.py:545} INFO - Filling up the DagBag from /opt/airflow/dags/transfer.py
[2026-03-14T00:51:16.573+0000] {processor.py:840} INFO - DAG(s) 'transfer_from_minio_to_snowflake_transactions', 'transfer_from_minio_to_snowflake_customers', 'transfer_from_minio_to_snowflake_accounts' retrieved from /opt/airflow/dags/transfer.py
[2026-03-14T00:51:16.598+0000] {logging_mixin.py:188} INFO - [2026-03-14T00:51:16.598+0000] {dag.py:3089} INFO - Sync 3 DAGs
[2026-03-14T00:51:16.612+0000] {logging_mixin.py:188} INFO - [2026-03-14T00:51:16.612+0000] {dag.py:3947} INFO - Setting next_dagrun for transfer_from_minio_to_snowflake_accounts to 2026-03-14 00:50:00+00:00, run_after=2026-03-14 00:51:00+00:00
[2026-03-14T00:51:16.615+0000] {logging_mixin.py:188} INFO - [2026-03-14T00:51:16.615+0000] {dag.py:3947} INFO - Setting next_dagrun for transfer_from_minio_to_snowflake_customers to 2026-03-14 00:50:00+00:00, run_after=2026-03-14 00:51:00+00:00
[2026-03-14T00:51:16.616+0000] {logging_mixin.py:188} INFO - [2026-03-14T00:51:16.616+0000] {dag.py:3947} INFO - Setting next_dagrun for transfer_from_minio_to_snowflake_transactions to 2026-03-14 00:50:00+00:00, run_after=2026-03-14 00:51:00+00:00
[2026-03-14T00:51:16.624+0000] {processor.py:183} INFO - Processing /opt/airflow/dags/transfer.py took 0.108 seconds
[2026-03-14T01:07:11.716+0000] {processor.py:161} INFO - Started process (PID=2399) to work on /opt/airflow/dags/transfer.py
[2026-03-14T01:07:11.717+0000] {processor.py:830} INFO - Processing file /opt/airflow/dags/transfer.py for tasks to queue
[2026-03-14T01:07:11.719+0000] {logging_mixin.py:188} INFO - [2026-03-14T01:07:11.719+0000] {dagbag.py:545} INFO - Filling up the DagBag from /opt/airflow/dags/transfer.py
[2026-03-14T01:07:11.742+0000] {processor.py:840} INFO - DAG(s) 'transfer_from_minio_to_snowflake_accounts', 'transfer_from_minio_to_snowflake_transactions', 'transfer_from_minio_to_snowflake_customers' retrieved from /opt/airflow/dags/transfer.py
[2026-03-14T01:07:11.765+0000] {logging_mixin.py:188} INFO - [2026-03-14T01:07:11.765+0000] {dag.py:3089} INFO - Sync 3 DAGs
[2026-03-14T01:07:11.778+0000] {logging_mixin.py:188} INFO - [2026-03-14T01:07:11.778+0000] {dag.py:3947} INFO - Setting next_dagrun for transfer_from_minio_to_snowflake_accounts to 2026-03-14 01:06:00+00:00, run_after=2026-03-14 01:07:00+00:00
[2026-03-14T01:07:11.781+0000] {logging_mixin.py:188} INFO - [2026-03-14T01:07:11.781+0000] {dag.py:3947} INFO - Setting next_dagrun for transfer_from_minio_to_snowflake_customers to 2026-03-14 01:06:00+00:00, run_after=2026-03-14 01:07:00+00:00
[2026-03-14T01:07:11.782+0000] {logging_mixin.py:188} INFO - [2026-03-14T01:07:11.782+0000] {dag.py:3947} INFO - Setting next_dagrun for transfer_from_minio_to_snowflake_transactions to 2026-03-14 01:06:00+00:00, run_after=2026-03-14 01:07:00+00:00
[2026-03-14T01:07:11.790+0000] {processor.py:183} INFO - Processing /opt/airflow/dags/transfer.py took 0.081 seconds
[2026-03-14T01:07:42.120+0000] {processor.py:161} INFO - Started process (PID=2401) to work on /opt/airflow/dags/transfer.py
[2026-03-14T01:07:42.120+0000] {processor.py:830} INFO - Processing file /opt/airflow/dags/transfer.py for tasks to queue
[2026-03-14T01:07:42.122+0000] {logging_mixin.py:188} INFO - [2026-03-14T01:07:42.122+0000] {dagbag.py:545} INFO - Filling up the DagBag from /opt/airflow/dags/transfer.py
[2026-03-14T01:07:42.138+0000] {processor.py:840} INFO - DAG(s) 'transfer_from_minio_to_snowflake_transactions', 'transfer_from_minio_to_snowflake_accounts', 'transfer_from_minio_to_snowflake_customers' retrieved from /opt/airflow/dags/transfer.py
[2026-03-14T01:07:42.166+0000] {logging_mixin.py:188} INFO - [2026-03-14T01:07:42.165+0000] {dag.py:3089} INFO - Sync 3 DAGs
[2026-03-14T01:07:42.178+0000] {logging_mixin.py:188} INFO - [2026-03-14T01:07:42.178+0000] {dag.py:3947} INFO - Setting next_dagrun for transfer_from_minio_to_snowflake_accounts to 2026-03-14 01:06:00+00:00, run_after=2026-03-14 01:07:00+00:00
[2026-03-14T01:07:42.181+0000] {logging_mixin.py:188} INFO - [2026-03-14T01:07:42.181+0000] {dag.py:3947} INFO - Setting next_dagrun for transfer_from_minio_to_snowflake_customers to 2026-03-14 01:06:00+00:00, run_after=2026-03-14 01:07:00+00:00
[2026-03-14T01:07:42.183+0000] {logging_mixin.py:188} INFO - [2026-03-14T01:07:42.183+0000] {dag.py:3947} INFO - Setting next_dagrun for transfer_from_minio_to_snowflake_transactions to 2026-03-14 01:06:00+00:00, run_after=2026-03-14 01:07:00+00:00
[2026-03-14T01:07:42.189+0000] {processor.py:183} INFO - Processing /opt/airflow/dags/transfer.py took 0.077 seconds
[2026-03-14T01:19:47.344+0000] {processor.py:161} INFO - Started process (PID=2403) to work on /opt/airflow/dags/transfer.py
[2026-03-14T01:19:47.345+0000] {processor.py:830} INFO - Processing file /opt/airflow/dags/transfer.py for tasks to queue
[2026-03-14T01:19:47.348+0000] {logging_mixin.py:188} INFO - [2026-03-14T01:19:47.348+0000] {dagbag.py:545} INFO - Filling up the DagBag from /opt/airflow/dags/transfer.py
[2026-03-14T01:19:47.376+0000] {processor.py:840} INFO - DAG(s) 'transfer_from_minio_to_snowflake_transactions', 'transfer_from_minio_to_snowflake_customers', 'transfer_from_minio_to_snowflake_accounts' retrieved from /opt/airflow/dags/transfer.py
[2026-03-14T01:19:47.400+0000] {logging_mixin.py:188} INFO - [2026-03-14T01:19:47.400+0000] {dag.py:3089} INFO - Sync 3 DAGs
[2026-03-14T01:19:47.413+0000] {logging_mixin.py:188} INFO - [2026-03-14T01:19:47.413+0000] {dag.py:3947} INFO - Setting next_dagrun for transfer_from_minio_to_snowflake_accounts to 2026-03-14 01:18:00+00:00, run_after=2026-03-14 01:19:00+00:00
[2026-03-14T01:19:47.415+0000] {logging_mixin.py:188} INFO - [2026-03-14T01:19:47.415+0000] {dag.py:3947} INFO - Setting next_dagrun for transfer_from_minio_to_snowflake_customers to 2026-03-14 01:18:00+00:00, run_after=2026-03-14 01:19:00+00:00
[2026-03-14T01:19:47.417+0000] {logging_mixin.py:188} INFO - [2026-03-14T01:19:47.417+0000] {dag.py:3947} INFO - Setting next_dagrun for transfer_from_minio_to_snowflake_transactions to 2026-03-14 01:18:00+00:00, run_after=2026-03-14 01:19:00+00:00
[2026-03-14T01:19:47.424+0000] {processor.py:183} INFO - Processing /opt/airflow/dags/transfer.py took 0.090 seconds
[2026-03-14T01:35:43.530+0000] {processor.py:161} INFO - Started process (PID=2405) to work on /opt/airflow/dags/transfer.py
[2026-03-14T01:35:43.532+0000] {processor.py:830} INFO - Processing file /opt/airflow/dags/transfer.py for tasks to queue
[2026-03-14T01:35:43.537+0000] {logging_mixin.py:188} INFO - [2026-03-14T01:35:43.537+0000] {dagbag.py:545} INFO - Filling up the DagBag from /opt/airflow/dags/transfer.py
[2026-03-14T01:35:43.567+0000] {processor.py:840} INFO - DAG(s) 'transfer_from_minio_to_snowflake_accounts', 'transfer_from_minio_to_snowflake_transactions', 'transfer_from_minio_to_snowflake_customers' retrieved from /opt/airflow/dags/transfer.py
[2026-03-14T01:35:43.592+0000] {logging_mixin.py:188} INFO - [2026-03-14T01:35:43.591+0000] {dag.py:3089} INFO - Sync 3 DAGs
[2026-03-14T01:35:43.608+0000] {logging_mixin.py:188} INFO - [2026-03-14T01:35:43.608+0000] {dag.py:3947} INFO - Setting next_dagrun for transfer_from_minio_to_snowflake_accounts to 2026-03-14 01:34:00+00:00, run_after=2026-03-14 01:35:00+00:00
[2026-03-14T01:35:43.611+0000] {logging_mixin.py:188} INFO - [2026-03-14T01:35:43.611+0000] {dag.py:3947} INFO - Setting next_dagrun for transfer_from_minio_to_snowflake_customers to 2026-03-14 01:34:00+00:00, run_after=2026-03-14 01:35:00+00:00
[2026-03-14T01:35:43.612+0000] {logging_mixin.py:188} INFO - [2026-03-14T01:35:43.612+0000] {dag.py:3947} INFO - Setting next_dagrun for transfer_from_minio_to_snowflake_transactions to 2026-03-14 01:34:00+00:00, run_after=2026-03-14 01:35:00+00:00
[2026-03-14T01:35:43.619+0000] {processor.py:183} INFO - Processing /opt/airflow/dags/transfer.py took 0.098 seconds
[2026-03-14T01:36:14.043+0000] {processor.py:161} INFO - Started process (PID=2407) to work on /opt/airflow/dags/transfer.py
[2026-03-14T01:36:14.044+0000] {processor.py:830} INFO - Processing file /opt/airflow/dags/transfer.py for tasks to queue
[2026-03-14T01:36:14.046+0000] {logging_mixin.py:188} INFO - [2026-03-14T01:36:14.046+0000] {dagbag.py:545} INFO - Filling up the DagBag from /opt/airflow/dags/transfer.py
[2026-03-14T01:36:14.063+0000] {processor.py:840} INFO - DAG(s) 'transfer_from_minio_to_snowflake_customers', 'transfer_from_minio_to_snowflake_transactions', 'transfer_from_minio_to_snowflake_accounts' retrieved from /opt/airflow/dags/transfer.py
[2026-03-14T01:36:14.089+0000] {logging_mixin.py:188} INFO - [2026-03-14T01:36:14.089+0000] {dag.py:3089} INFO - Sync 3 DAGs
[2026-03-14T01:36:14.101+0000] {logging_mixin.py:188} INFO - [2026-03-14T01:36:14.101+0000] {dag.py:3947} INFO - Setting next_dagrun for transfer_from_minio_to_snowflake_accounts to 2026-03-14 01:35:00+00:00, run_after=2026-03-14 01:36:00+00:00
[2026-03-14T01:36:14.104+0000] {logging_mixin.py:188} INFO - [2026-03-14T01:36:14.103+0000] {dag.py:3947} INFO - Setting next_dagrun for transfer_from_minio_to_snowflake_customers to 2026-03-14 01:35:00+00:00, run_after=2026-03-14 01:36:00+00:00
[2026-03-14T01:36:14.105+0000] {logging_mixin.py:188} INFO - [2026-03-14T01:36:14.105+0000] {dag.py:3947} INFO - Setting next_dagrun for transfer_from_minio_to_snowflake_transactions to 2026-03-14 01:35:00+00:00, run_after=2026-03-14 01:36:00+00:00
[2026-03-14T01:36:14.112+0000] {processor.py:183} INFO - Processing /opt/airflow/dags/transfer.py took 0.076 seconds
[2026-03-14T01:52:24.304+0000] {processor.py:161} INFO - Started process (PID=2409) to work on /opt/airflow/dags/transfer.py
[2026-03-14T01:52:24.306+0000] {processor.py:830} INFO - Processing file /opt/airflow/dags/transfer.py for tasks to queue
[2026-03-14T01:52:24.308+0000] {logging_mixin.py:188} INFO - [2026-03-14T01:52:24.308+0000] {dagbag.py:545} INFO - Filling up the DagBag from /opt/airflow/dags/transfer.py
[2026-03-14T01:52:24.337+0000] {processor.py:840} INFO - DAG(s) 'transfer_from_minio_to_snowflake_customers', 'transfer_from_minio_to_snowflake_transactions', 'transfer_from_minio_to_snowflake_accounts' retrieved from /opt/airflow/dags/transfer.py
[2026-03-14T01:52:24.359+0000] {logging_mixin.py:188} INFO - [2026-03-14T01:52:24.359+0000] {dag.py:3089} INFO - Sync 3 DAGs
[2026-03-14T01:52:24.372+0000] {logging_mixin.py:188} INFO - [2026-03-14T01:52:24.372+0000] {dag.py:3947} INFO - Setting next_dagrun for transfer_from_minio_to_snowflake_accounts to 2026-03-14 01:51:00+00:00, run_after=2026-03-14 01:52:00+00:00
[2026-03-14T01:52:24.375+0000] {logging_mixin.py:188} INFO - [2026-03-14T01:52:24.375+0000] {dag.py:3947} INFO - Setting next_dagrun for transfer_from_minio_to_snowflake_customers to 2026-03-14 01:51:00+00:00, run_after=2026-03-14 01:52:00+00:00
[2026-03-14T01:52:24.377+0000] {logging_mixin.py:188} INFO - [2026-03-14T01:52:24.376+0000] {dag.py:3947} INFO - Setting next_dagrun for transfer_from_minio_to_snowflake_transactions to 2026-03-14 01:51:00+00:00, run_after=2026-03-14 01:52:00+00:00
[2026-03-14T01:52:24.384+0000] {processor.py:183} INFO - Processing /opt/airflow/dags/transfer.py took 0.086 seconds
[2026-03-14T01:52:54.515+0000] {processor.py:161} INFO - Started process (PID=2411) to work on /opt/airflow/dags/transfer.py
[2026-03-14T01:52:54.516+0000] {processor.py:830} INFO - Processing file /opt/airflow/dags/transfer.py for tasks to queue
[2026-03-14T01:52:54.519+0000] {logging_mixin.py:188} INFO - [2026-03-14T01:52:54.518+0000] {dagbag.py:545} INFO - Filling up the DagBag from /opt/airflow/dags/transfer.py
[2026-03-14T01:52:54.539+0000] {processor.py:840} INFO - DAG(s) 'transfer_from_minio_to_snowflake_customers', 'transfer_from_minio_to_snowflake_accounts', 'transfer_from_minio_to_snowflake_transactions' retrieved from /opt/airflow/dags/transfer.py
[2026-03-14T01:52:54.563+0000] {logging_mixin.py:188} INFO - [2026-03-14T01:52:54.563+0000] {dag.py:3089} INFO - Sync 3 DAGs
[2026-03-14T01:52:54.575+0000] {logging_mixin.py:188} INFO - [2026-03-14T01:52:54.575+0000] {dag.py:3947} INFO - Setting next_dagrun for transfer_from_minio_to_snowflake_accounts to 2026-03-14 01:51:00+00:00, run_after=2026-03-14 01:52:00+00:00
[2026-03-14T01:52:54.578+0000] {logging_mixin.py:188} INFO - [2026-03-14T01:52:54.578+0000] {dag.py:3947} INFO - Setting next_dagrun for transfer_from_minio_to_snowflake_customers to 2026-03-14 01:51:00+00:00, run_after=2026-03-14 01:52:00+00:00
[2026-03-14T01:52:54.580+0000] {logging_mixin.py:188} INFO - [2026-03-14T01:52:54.579+0000] {dag.py:3947} INFO - Setting next_dagrun for transfer_from_minio_to_snowflake_transactions to 2026-03-14 01:51:00+00:00, run_after=2026-03-14 01:52:00+00:00
[2026-03-14T01:52:54.586+0000] {processor.py:183} INFO - Processing /opt/airflow/dags/transfer.py took 0.078 seconds
[2026-03-14T02:08:50.770+0000] {processor.py:161} INFO - Started process (PID=2413) to work on /opt/airflow/dags/transfer.py
[2026-03-14T02:08:50.772+0000] {processor.py:830} INFO - Processing file /opt/airflow/dags/transfer.py for tasks to queue
[2026-03-14T02:08:50.774+0000] {logging_mixin.py:188} INFO - [2026-03-14T02:08:50.774+0000] {dagbag.py:545} INFO - Filling up the DagBag from /opt/airflow/dags/transfer.py
[2026-03-14T02:08:50.803+0000] {processor.py:840} INFO - DAG(s) 'transfer_from_minio_to_snowflake_accounts', 'transfer_from_minio_to_snowflake_transactions', 'transfer_from_minio_to_snowflake_customers' retrieved from /opt/airflow/dags/transfer.py
[2026-03-14T02:08:50.838+0000] {logging_mixin.py:188} INFO - [2026-03-14T02:08:50.838+0000] {dag.py:3089} INFO - Sync 3 DAGs
[2026-03-14T02:08:50.852+0000] {logging_mixin.py:188} INFO - [2026-03-14T02:08:50.852+0000] {dag.py:3947} INFO - Setting next_dagrun for transfer_from_minio_to_snowflake_accounts to 2026-03-14 02:07:00+00:00, run_after=2026-03-14 02:08:00+00:00
[2026-03-14T02:08:50.854+0000] {logging_mixin.py:188} INFO - [2026-03-14T02:08:50.854+0000] {dag.py:3947} INFO - Setting next_dagrun for transfer_from_minio_to_snowflake_customers to 2026-03-14 02:07:00+00:00, run_after=2026-03-14 02:08:00+00:00
[2026-03-14T02:08:50.856+0000] {logging_mixin.py:188} INFO - [2026-03-14T02:08:50.856+0000] {dag.py:3947} INFO - Setting next_dagrun for transfer_from_minio_to_snowflake_transactions to 2026-03-14 02:07:00+00:00, run_after=2026-03-14 02:08:00+00:00
[2026-03-14T02:08:50.863+0000] {processor.py:183} INFO - Processing /opt/airflow/dags/transfer.py took 0.102 seconds
[2026-03-14T02:09:21.229+0000] {processor.py:161} INFO - Started process (PID=2415) to work on /opt/airflow/dags/transfer.py
[2026-03-14T02:09:21.230+0000] {processor.py:830} INFO - Processing file /opt/airflow/dags/transfer.py for tasks to queue
[2026-03-14T02:09:21.232+0000] {logging_mixin.py:188} INFO - [2026-03-14T02:09:21.232+0000] {dagbag.py:545} INFO - Filling up the DagBag from /opt/airflow/dags/transfer.py
[2026-03-14T02:09:21.254+0000] {processor.py:840} INFO - DAG(s) 'transfer_from_minio_to_snowflake_customers', 'transfer_from_minio_to_snowflake_accounts', 'transfer_from_minio_to_snowflake_transactions' retrieved from /opt/airflow/dags/transfer.py
[2026-03-14T02:09:21.283+0000] {logging_mixin.py:188} INFO - [2026-03-14T02:09:21.283+0000] {dag.py:3089} INFO - Sync 3 DAGs
[2026-03-14T02:09:21.296+0000] {logging_mixin.py:188} INFO - [2026-03-14T02:09:21.296+0000] {dag.py:3947} INFO - Setting next_dagrun for transfer_from_minio_to_snowflake_accounts to 2026-03-14 02:08:00+00:00, run_after=2026-03-14 02:09:00+00:00
[2026-03-14T02:09:21.299+0000] {logging_mixin.py:188} INFO - [2026-03-14T02:09:21.299+0000] {dag.py:3947} INFO - Setting next_dagrun for transfer_from_minio_to_snowflake_customers to 2026-03-14 02:08:00+00:00, run_after=2026-03-14 02:09:00+00:00
[2026-03-14T02:09:21.300+0000] {logging_mixin.py:188} INFO - [2026-03-14T02:09:21.300+0000] {dag.py:3947} INFO - Setting next_dagrun for transfer_from_minio_to_snowflake_transactions to 2026-03-14 02:08:00+00:00, run_after=2026-03-14 02:09:00+00:00
[2026-03-14T02:09:21.307+0000] {processor.py:183} INFO - Processing /opt/airflow/dags/transfer.py took 0.085 seconds
[2026-03-14T02:20:55.202+0000] {processor.py:161} INFO - Started process (PID=2417) to work on /opt/airflow/dags/transfer.py
[2026-03-14T02:20:55.203+0000] {processor.py:830} INFO - Processing file /opt/airflow/dags/transfer.py for tasks to queue
[2026-03-14T02:20:55.206+0000] {logging_mixin.py:188} INFO - [2026-03-14T02:20:55.205+0000] {dagbag.py:545} INFO - Filling up the DagBag from /opt/airflow/dags/transfer.py
[2026-03-14T02:20:55.237+0000] {processor.py:840} INFO - DAG(s) 'transfer_from_minio_to_snowflake_transactions', 'transfer_from_minio_to_snowflake_customers', 'transfer_from_minio_to_snowflake_accounts' retrieved from /opt/airflow/dags/transfer.py
[2026-03-14T02:20:55.271+0000] {logging_mixin.py:188} INFO - [2026-03-14T02:20:55.271+0000] {dag.py:3089} INFO - Sync 3 DAGs
[2026-03-14T02:20:55.285+0000] {logging_mixin.py:188} INFO - [2026-03-14T02:20:55.285+0000] {dag.py:3947} INFO - Setting next_dagrun for transfer_from_minio_to_snowflake_accounts to 2026-03-14 02:19:00+00:00, run_after=2026-03-14 02:20:00+00:00
[2026-03-14T02:20:55.288+0000] {logging_mixin.py:188} INFO - [2026-03-14T02:20:55.288+0000] {dag.py:3947} INFO - Setting next_dagrun for transfer_from_minio_to_snowflake_customers to 2026-03-14 02:19:00+00:00, run_after=2026-03-14 02:20:00+00:00
[2026-03-14T02:20:55.289+0000] {logging_mixin.py:188} INFO - [2026-03-14T02:20:55.289+0000] {dag.py:3947} INFO - Setting next_dagrun for transfer_from_minio_to_snowflake_transactions to 2026-03-14 02:19:00+00:00, run_after=2026-03-14 02:20:00+00:00
[2026-03-14T02:20:55.296+0000] {processor.py:183} INFO - Processing /opt/airflow/dags/transfer.py took 0.106 seconds
[2026-03-14T02:36:50.367+0000] {processor.py:161} INFO - Started process (PID=2419) to work on /opt/airflow/dags/transfer.py
[2026-03-14T02:36:50.368+0000] {processor.py:830} INFO - Processing file /opt/airflow/dags/transfer.py for tasks to queue
[2026-03-14T02:36:50.370+0000] {logging_mixin.py:188} INFO - [2026-03-14T02:36:50.370+0000] {dagbag.py:545} INFO - Filling up the DagBag from /opt/airflow/dags/transfer.py
[2026-03-14T02:36:50.387+0000] {processor.py:840} INFO - DAG(s) 'transfer_from_minio_to_snowflake_transactions', 'transfer_from_minio_to_snowflake_customers', 'transfer_from_minio_to_snowflake_accounts' retrieved from /opt/airflow/dags/transfer.py
[2026-03-14T02:36:50.412+0000] {logging_mixin.py:188} INFO - [2026-03-14T02:36:50.411+0000] {dag.py:3089} INFO - Sync 3 DAGs
[2026-03-14T02:36:50.425+0000] {logging_mixin.py:188} INFO - [2026-03-14T02:36:50.425+0000] {dag.py:3947} INFO - Setting next_dagrun for transfer_from_minio_to_snowflake_accounts to 2026-03-14 02:35:00+00:00, run_after=2026-03-14 02:36:00+00:00
[2026-03-14T02:36:50.428+0000] {logging_mixin.py:188} INFO - [2026-03-14T02:36:50.428+0000] {dag.py:3947} INFO - Setting next_dagrun for transfer_from_minio_to_snowflake_customers to 2026-03-14 02:35:00+00:00, run_after=2026-03-14 02:36:00+00:00
[2026-03-14T02:36:50.430+0000] {logging_mixin.py:188} INFO - [2026-03-14T02:36:50.430+0000] {dag.py:3947} INFO - Setting next_dagrun for transfer_from_minio_to_snowflake_transactions to 2026-03-14 02:35:00+00:00, run_after=2026-03-14 02:36:00+00:00
[2026-03-14T02:36:50.437+0000] {processor.py:183} INFO - Processing /opt/airflow/dags/transfer.py took 0.079 seconds
[2026-03-14T02:37:20.821+0000] {processor.py:161} INFO - Started process (PID=2421) to work on /opt/airflow/dags/transfer.py
[2026-03-14T02:37:20.822+0000] {processor.py:830} INFO - Processing file /opt/airflow/dags/transfer.py for tasks to queue
[2026-03-14T02:37:20.831+0000] {logging_mixin.py:188} INFO - [2026-03-14T02:37:20.827+0000] {dagbag.py:545} INFO - Filling up the DagBag from /opt/airflow/dags/transfer.py
[2026-03-14T02:37:20.863+0000] {processor.py:840} INFO - DAG(s) 'transfer_from_minio_to_snowflake_accounts', 'transfer_from_minio_to_snowflake_transactions', 'transfer_from_minio_to_snowflake_customers' retrieved from /opt/airflow/dags/transfer.py
[2026-03-14T02:37:20.892+0000] {logging_mixin.py:188} INFO - [2026-03-14T02:37:20.892+0000] {dag.py:3089} INFO - Sync 3 DAGs
[2026-03-14T02:37:20.905+0000] {logging_mixin.py:188} INFO - [2026-03-14T02:37:20.905+0000] {dag.py:3947} INFO - Setting next_dagrun for transfer_from_minio_to_snowflake_accounts to 2026-03-14 02:36:00+00:00, run_after=2026-03-14 02:37:00+00:00
[2026-03-14T02:37:20.908+0000] {logging_mixin.py:188} INFO - [2026-03-14T02:37:20.908+0000] {dag.py:3947} INFO - Setting next_dagrun for transfer_from_minio_to_snowflake_customers to 2026-03-14 02:36:00+00:00, run_after=2026-03-14 02:37:00+00:00
[2026-03-14T02:37:20.909+0000] {logging_mixin.py:188} INFO - [2026-03-14T02:37:20.909+0000] {dag.py:3947} INFO - Setting next_dagrun for transfer_from_minio_to_snowflake_transactions to 2026-03-14 02:36:00+00:00, run_after=2026-03-14 02:37:00+00:00
[2026-03-14T02:37:20.918+0000] {processor.py:183} INFO - Processing /opt/airflow/dags/transfer.py took 0.108 seconds
[2026-03-14T02:53:38.860+0000] {processor.py:161} INFO - Started process (PID=2423) to work on /opt/airflow/dags/transfer.py
[2026-03-14T02:53:38.862+0000] {processor.py:830} INFO - Processing file /opt/airflow/dags/transfer.py for tasks to queue
[2026-03-14T02:53:38.864+0000] {logging_mixin.py:188} INFO - [2026-03-14T02:53:38.864+0000] {dagbag.py:545} INFO - Filling up the DagBag from /opt/airflow/dags/transfer.py
[2026-03-14T02:53:38.889+0000] {processor.py:840} INFO - DAG(s) 'transfer_from_minio_to_snowflake_transactions', 'transfer_from_minio_to_snowflake_accounts', 'transfer_from_minio_to_snowflake_customers' retrieved from /opt/airflow/dags/transfer.py
[2026-03-14T02:53:38.915+0000] {logging_mixin.py:188} INFO - [2026-03-14T02:53:38.914+0000] {dag.py:3089} INFO - Sync 3 DAGs
[2026-03-14T02:53:38.929+0000] {logging_mixin.py:188} INFO - [2026-03-14T02:53:38.929+0000] {dag.py:3947} INFO - Setting next_dagrun for transfer_from_minio_to_snowflake_accounts to 2026-03-14 02:52:00+00:00, run_after=2026-03-14 02:53:00+00:00
[2026-03-14T02:53:38.932+0000] {logging_mixin.py:188} INFO - [2026-03-14T02:53:38.932+0000] {dag.py:3947} INFO - Setting next_dagrun for transfer_from_minio_to_snowflake_customers to 2026-03-14 02:52:00+00:00, run_after=2026-03-14 02:53:00+00:00
[2026-03-14T02:53:38.933+0000] {logging_mixin.py:188} INFO - [2026-03-14T02:53:38.933+0000] {dag.py:3947} INFO - Setting next_dagrun for transfer_from_minio_to_snowflake_transactions to 2026-03-14 02:52:00+00:00, run_after=2026-03-14 02:53:00+00:00
[2026-03-14T02:53:38.940+0000] {processor.py:183} INFO - Processing /opt/airflow/dags/transfer.py took 0.088 seconds
[2026-03-14T03:09:35.049+0000] {processor.py:161} INFO - Started process (PID=2425) to work on /opt/airflow/dags/transfer.py
[2026-03-14T03:09:35.051+0000] {processor.py:830} INFO - Processing file /opt/airflow/dags/transfer.py for tasks to queue
[2026-03-14T03:09:35.054+0000] {logging_mixin.py:188} INFO - [2026-03-14T03:09:35.054+0000] {dagbag.py:545} INFO - Filling up the DagBag from /opt/airflow/dags/transfer.py
[2026-03-14T03:09:35.072+0000] {processor.py:840} INFO - DAG(s) 'transfer_from_minio_to_snowflake_transactions', 'transfer_from_minio_to_snowflake_customers', 'transfer_from_minio_to_snowflake_accounts' retrieved from /opt/airflow/dags/transfer.py
[2026-03-14T03:09:35.092+0000] {logging_mixin.py:188} INFO - [2026-03-14T03:09:35.092+0000] {dag.py:3089} INFO - Sync 3 DAGs
[2026-03-14T03:09:35.103+0000] {logging_mixin.py:188} INFO - [2026-03-14T03:09:35.103+0000] {dag.py:3947} INFO - Setting next_dagrun for transfer_from_minio_to_snowflake_accounts to 2026-03-14 03:08:00+00:00, run_after=2026-03-14 03:09:00+00:00
[2026-03-14T03:09:35.105+0000] {logging_mixin.py:188} INFO - [2026-03-14T03:09:35.105+0000] {dag.py:3947} INFO - Setting next_dagrun for transfer_from_minio_to_snowflake_customers to 2026-03-14 03:08:00+00:00, run_after=2026-03-14 03:09:00+00:00
[2026-03-14T03:09:35.107+0000] {logging_mixin.py:188} INFO - [2026-03-14T03:09:35.107+0000] {dag.py:3947} INFO - Setting next_dagrun for transfer_from_minio_to_snowflake_transactions to 2026-03-14 03:08:00+00:00, run_after=2026-03-14 03:09:00+00:00
[2026-03-14T03:09:35.114+0000] {processor.py:183} INFO - Processing /opt/airflow/dags/transfer.py took 0.072 seconds
[2026-03-14T03:10:05.494+0000] {processor.py:161} INFO - Started process (PID=2427) to work on /opt/airflow/dags/transfer.py
[2026-03-14T03:10:05.496+0000] {processor.py:830} INFO - Processing file /opt/airflow/dags/transfer.py for tasks to queue
[2026-03-14T03:10:05.501+0000] {logging_mixin.py:188} INFO - [2026-03-14T03:10:05.500+0000] {dagbag.py:545} INFO - Filling up the DagBag from /opt/airflow/dags/transfer.py
[2026-03-14T03:10:05.532+0000] {processor.py:840} INFO - DAG(s) 'transfer_from_minio_to_snowflake_customers', 'transfer_from_minio_to_snowflake_accounts', 'transfer_from_minio_to_snowflake_transactions' retrieved from /opt/airflow/dags/transfer.py
[2026-03-14T03:10:05.558+0000] {logging_mixin.py:188} INFO - [2026-03-14T03:10:05.557+0000] {dag.py:3089} INFO - Sync 3 DAGs
[2026-03-14T03:10:05.570+0000] {logging_mixin.py:188} INFO - [2026-03-14T03:10:05.570+0000] {dag.py:3947} INFO - Setting next_dagrun for transfer_from_minio_to_snowflake_accounts to 2026-03-14 03:09:00+00:00, run_after=2026-03-14 03:10:00+00:00
[2026-03-14T03:10:05.573+0000] {logging_mixin.py:188} INFO - [2026-03-14T03:10:05.573+0000] {dag.py:3947} INFO - Setting next_dagrun for transfer_from_minio_to_snowflake_customers to 2026-03-14 03:09:00+00:00, run_after=2026-03-14 03:10:00+00:00
[2026-03-14T03:10:05.575+0000] {logging_mixin.py:188} INFO - [2026-03-14T03:10:05.575+0000] {dag.py:3947} INFO - Setting next_dagrun for transfer_from_minio_to_snowflake_transactions to 2026-03-14 03:09:00+00:00, run_after=2026-03-14 03:10:00+00:00
[2026-03-14T03:10:05.582+0000] {processor.py:183} INFO - Processing /opt/airflow/dags/transfer.py took 0.101 seconds
[2026-03-14T03:13:57.816+0000] {processor.py:161} INFO - Started process (PID=2429) to work on /opt/airflow/dags/transfer.py
[2026-03-14T03:13:57.817+0000] {processor.py:830} INFO - Processing file /opt/airflow/dags/transfer.py for tasks to queue
[2026-03-14T03:13:57.821+0000] {logging_mixin.py:188} INFO - [2026-03-14T03:13:57.821+0000] {dagbag.py:545} INFO - Filling up the DagBag from /opt/airflow/dags/transfer.py
[2026-03-14T03:13:57.846+0000] {processor.py:840} INFO - DAG(s) 'transfer_from_minio_to_snowflake_accounts', 'transfer_from_minio_to_snowflake_customers', 'transfer_from_minio_to_snowflake_transactions' retrieved from /opt/airflow/dags/transfer.py
[2026-03-14T03:13:57.870+0000] {logging_mixin.py:188} INFO - [2026-03-14T03:13:57.870+0000] {dag.py:3089} INFO - Sync 3 DAGs
[2026-03-14T03:13:57.881+0000] {logging_mixin.py:188} INFO - [2026-03-14T03:13:57.881+0000] {dag.py:3947} INFO - Setting next_dagrun for transfer_from_minio_to_snowflake_accounts to 2026-03-14 03:12:00+00:00, run_after=2026-03-14 03:13:00+00:00
[2026-03-14T03:13:57.884+0000] {logging_mixin.py:188} INFO - [2026-03-14T03:13:57.884+0000] {dag.py:3947} INFO - Setting next_dagrun for transfer_from_minio_to_snowflake_customers to 2026-03-14 03:12:00+00:00, run_after=2026-03-14 03:13:00+00:00
[2026-03-14T03:13:57.885+0000] {logging_mixin.py:188} INFO - [2026-03-14T03:13:57.885+0000] {dag.py:3947} INFO - Setting next_dagrun for transfer_from_minio_to_snowflake_transactions to 2026-03-14 03:12:00+00:00, run_after=2026-03-14 03:13:00+00:00
[2026-03-14T03:13:57.892+0000] {processor.py:183} INFO - Processing /opt/airflow/dags/transfer.py took 0.083 seconds
[2026-03-14T03:21:28.099+0000] {processor.py:161} INFO - Started process (PID=2431) to work on /opt/airflow/dags/transfer.py
[2026-03-14T03:21:28.100+0000] {processor.py:830} INFO - Processing file /opt/airflow/dags/transfer.py for tasks to queue
[2026-03-14T03:21:28.102+0000] {logging_mixin.py:188} INFO - [2026-03-14T03:21:28.101+0000] {dagbag.py:545} INFO - Filling up the DagBag from /opt/airflow/dags/transfer.py
[2026-03-14T03:21:28.119+0000] {processor.py:840} INFO - DAG(s) 'transfer_from_minio_to_snowflake_transactions', 'transfer_from_minio_to_snowflake_customers', 'transfer_from_minio_to_snowflake_accounts' retrieved from /opt/airflow/dags/transfer.py
[2026-03-14T03:21:28.149+0000] {logging_mixin.py:188} INFO - [2026-03-14T03:21:28.149+0000] {dag.py:3089} INFO - Sync 3 DAGs
[2026-03-14T03:21:28.167+0000] {logging_mixin.py:188} INFO - [2026-03-14T03:21:28.167+0000] {dag.py:3947} INFO - Setting next_dagrun for transfer_from_minio_to_snowflake_accounts to 2026-03-14 03:20:00+00:00, run_after=2026-03-14 03:21:00+00:00
[2026-03-14T03:21:28.171+0000] {logging_mixin.py:188} INFO - [2026-03-14T03:21:28.171+0000] {dag.py:3947} INFO - Setting next_dagrun for transfer_from_minio_to_snowflake_customers to 2026-03-14 03:20:00+00:00, run_after=2026-03-14 03:21:00+00:00
[2026-03-14T03:21:28.174+0000] {logging_mixin.py:188} INFO - [2026-03-14T03:21:28.174+0000] {dag.py:3947} INFO - Setting next_dagrun for transfer_from_minio_to_snowflake_transactions to 2026-03-14 03:20:00+00:00, run_after=2026-03-14 03:21:00+00:00
[2026-03-14T03:21:28.185+0000] {processor.py:183} INFO - Processing /opt/airflow/dags/transfer.py took 0.092 seconds
[2026-03-14T03:37:15.473+0000] {processor.py:161} INFO - Started process (PID=2433) to work on /opt/airflow/dags/transfer.py
[2026-03-14T03:37:15.476+0000] {processor.py:830} INFO - Processing file /opt/airflow/dags/transfer.py for tasks to queue
[2026-03-14T03:37:15.483+0000] {logging_mixin.py:188} INFO - [2026-03-14T03:37:15.483+0000] {dagbag.py:545} INFO - Filling up the DagBag from /opt/airflow/dags/transfer.py
[2026-03-14T03:37:15.514+0000] {processor.py:840} INFO - DAG(s) 'transfer_from_minio_to_snowflake_transactions', 'transfer_from_minio_to_snowflake_customers', 'transfer_from_minio_to_snowflake_accounts' retrieved from /opt/airflow/dags/transfer.py
[2026-03-14T03:37:15.555+0000] {logging_mixin.py:188} INFO - [2026-03-14T03:37:15.554+0000] {dag.py:3089} INFO - Sync 3 DAGs
[2026-03-14T03:37:15.569+0000] {logging_mixin.py:188} INFO - [2026-03-14T03:37:15.569+0000] {dag.py:3947} INFO - Setting next_dagrun for transfer_from_minio_to_snowflake_accounts to 2026-03-14 03:36:00+00:00, run_after=2026-03-14 03:37:00+00:00
[2026-03-14T03:37:15.572+0000] {logging_mixin.py:188} INFO - [2026-03-14T03:37:15.572+0000] {dag.py:3947} INFO - Setting next_dagrun for transfer_from_minio_to_snowflake_customers to 2026-03-14 03:36:00+00:00, run_after=2026-03-14 03:37:00+00:00
[2026-03-14T03:37:15.574+0000] {logging_mixin.py:188} INFO - [2026-03-14T03:37:15.574+0000] {dag.py:3947} INFO - Setting next_dagrun for transfer_from_minio_to_snowflake_transactions to 2026-03-14 03:36:00+00:00, run_after=2026-03-14 03:37:00+00:00
[2026-03-14T03:37:15.581+0000] {processor.py:183} INFO - Processing /opt/airflow/dags/transfer.py took 0.123 seconds
[2026-03-14T03:53:29.976+0000] {processor.py:161} INFO - Started process (PID=2435) to work on /opt/airflow/dags/transfer.py
[2026-03-14T03:53:29.977+0000] {processor.py:830} INFO - Processing file /opt/airflow/dags/transfer.py for tasks to queue
[2026-03-14T03:53:29.980+0000] {logging_mixin.py:188} INFO - [2026-03-14T03:53:29.980+0000] {dagbag.py:545} INFO - Filling up the DagBag from /opt/airflow/dags/transfer.py
[2026-03-14T03:53:29.994+0000] {processor.py:840} INFO - DAG(s) 'transfer_from_minio_to_snowflake_transactions', 'transfer_from_minio_to_snowflake_customers', 'transfer_from_minio_to_snowflake_accounts' retrieved from /opt/airflow/dags/transfer.py
[2026-03-14T03:53:30.022+0000] {logging_mixin.py:188} INFO - [2026-03-14T03:53:30.022+0000] {dag.py:3089} INFO - Sync 3 DAGs
[2026-03-14T03:53:30.034+0000] {logging_mixin.py:188} INFO - [2026-03-14T03:53:30.034+0000] {dag.py:3947} INFO - Setting next_dagrun for transfer_from_minio_to_snowflake_accounts to 2026-03-14 03:52:00+00:00, run_after=2026-03-14 03:53:00+00:00
[2026-03-14T03:53:30.037+0000] {logging_mixin.py:188} INFO - [2026-03-14T03:53:30.037+0000] {dag.py:3947} INFO - Setting next_dagrun for transfer_from_minio_to_snowflake_customers to 2026-03-14 03:52:00+00:00, run_after=2026-03-14 03:53:00+00:00
[2026-03-14T03:53:30.038+0000] {logging_mixin.py:188} INFO - [2026-03-14T03:53:30.038+0000] {dag.py:3947} INFO - Setting next_dagrun for transfer_from_minio_to_snowflake_transactions to 2026-03-14 03:52:00+00:00, run_after=2026-03-14 03:53:00+00:00
[2026-03-14T03:53:30.045+0000] {processor.py:183} INFO - Processing /opt/airflow/dags/transfer.py took 0.075 seconds
[2026-03-14T03:54:24.369+0000] {processor.py:161} INFO - Started process (PID=2437) to work on /opt/airflow/dags/transfer.py
[2026-03-14T03:54:24.370+0000] {processor.py:830} INFO - Processing file /opt/airflow/dags/transfer.py for tasks to queue
[2026-03-14T03:54:24.375+0000] {logging_mixin.py:188} INFO - [2026-03-14T03:54:24.375+0000] {dagbag.py:545} INFO - Filling up the DagBag from /opt/airflow/dags/transfer.py
[2026-03-14T03:54:24.405+0000] {processor.py:840} INFO - DAG(s) 'transfer_from_minio_to_snowflake_transactions', 'transfer_from_minio_to_snowflake_customers', 'transfer_from_minio_to_snowflake_accounts' retrieved from /opt/airflow/dags/transfer.py
[2026-03-14T03:54:24.437+0000] {logging_mixin.py:188} INFO - [2026-03-14T03:54:24.437+0000] {dag.py:3089} INFO - Sync 3 DAGs
[2026-03-14T03:54:24.450+0000] {logging_mixin.py:188} INFO - [2026-03-14T03:54:24.450+0000] {dag.py:3947} INFO - Setting next_dagrun for transfer_from_minio_to_snowflake_accounts to 2026-03-14 03:53:00+00:00, run_after=2026-03-14 03:54:00+00:00
[2026-03-14T03:54:24.453+0000] {logging_mixin.py:188} INFO - [2026-03-14T03:54:24.453+0000] {dag.py:3947} INFO - Setting next_dagrun for transfer_from_minio_to_snowflake_customers to 2026-03-14 03:53:00+00:00, run_after=2026-03-14 03:54:00+00:00
[2026-03-14T03:54:24.454+0000] {logging_mixin.py:188} INFO - [2026-03-14T03:54:24.454+0000] {dag.py:3947} INFO - Setting next_dagrun for transfer_from_minio_to_snowflake_transactions to 2026-03-14 03:53:00+00:00, run_after=2026-03-14 03:54:00+00:00
[2026-03-14T03:54:24.461+0000] {processor.py:183} INFO - Processing /opt/airflow/dags/transfer.py took 0.107 seconds
[2026-03-14T04:10:29.401+0000] {processor.py:161} INFO - Started process (PID=2439) to work on /opt/airflow/dags/transfer.py
[2026-03-14T04:10:29.403+0000] {processor.py:830} INFO - Processing file /opt/airflow/dags/transfer.py for tasks to queue
[2026-03-14T04:10:29.409+0000] {logging_mixin.py:188} INFO - [2026-03-14T04:10:29.408+0000] {dagbag.py:545} INFO - Filling up the DagBag from /opt/airflow/dags/transfer.py
[2026-03-14T04:10:29.441+0000] {processor.py:840} INFO - DAG(s) 'transfer_from_minio_to_snowflake_transactions', 'transfer_from_minio_to_snowflake_accounts', 'transfer_from_minio_to_snowflake_customers' retrieved from /opt/airflow/dags/transfer.py
[2026-03-14T04:10:29.476+0000] {logging_mixin.py:188} INFO - [2026-03-14T04:10:29.476+0000] {dag.py:3089} INFO - Sync 3 DAGs
[2026-03-14T04:10:29.489+0000] {logging_mixin.py:188} INFO - [2026-03-14T04:10:29.489+0000] {dag.py:3947} INFO - Setting next_dagrun for transfer_from_minio_to_snowflake_accounts to 2026-03-14 04:09:00+00:00, run_after=2026-03-14 04:10:00+00:00
[2026-03-14T04:10:29.492+0000] {logging_mixin.py:188} INFO - [2026-03-14T04:10:29.492+0000] {dag.py:3947} INFO - Setting next_dagrun for transfer_from_minio_to_snowflake_customers to 2026-03-14 04:09:00+00:00, run_after=2026-03-14 04:10:00+00:00
[2026-03-14T04:10:29.494+0000] {logging_mixin.py:188} INFO - [2026-03-14T04:10:29.493+0000] {dag.py:3947} INFO - Setting next_dagrun for transfer_from_minio_to_snowflake_transactions to 2026-03-14 04:09:00+00:00, run_after=2026-03-14 04:10:00+00:00
[2026-03-14T04:10:29.503+0000] {processor.py:183} INFO - Processing /opt/airflow/dags/transfer.py took 0.112 seconds
[2026-03-14T04:10:59.832+0000] {processor.py:161} INFO - Started process (PID=2441) to work on /opt/airflow/dags/transfer.py
[2026-03-14T04:10:59.834+0000] {processor.py:830} INFO - Processing file /opt/airflow/dags/transfer.py for tasks to queue
[2026-03-14T04:10:59.838+0000] {logging_mixin.py:188} INFO - [2026-03-14T04:10:59.837+0000] {dagbag.py:545} INFO - Filling up the DagBag from /opt/airflow/dags/transfer.py
[2026-03-14T04:10:59.860+0000] {processor.py:840} INFO - DAG(s) 'transfer_from_minio_to_snowflake_accounts', 'transfer_from_minio_to_snowflake_customers', 'transfer_from_minio_to_snowflake_transactions' retrieved from /opt/airflow/dags/transfer.py
[2026-03-14T04:10:59.884+0000] {logging_mixin.py:188} INFO - [2026-03-14T04:10:59.883+0000] {dag.py:3089} INFO - Sync 3 DAGs
[2026-03-14T04:10:59.898+0000] {logging_mixin.py:188} INFO - [2026-03-14T04:10:59.897+0000] {dag.py:3947} INFO - Setting next_dagrun for transfer_from_minio_to_snowflake_accounts to 2026-03-14 04:09:00+00:00, run_after=2026-03-14 04:10:00+00:00
[2026-03-14T04:10:59.900+0000] {logging_mixin.py:188} INFO - [2026-03-14T04:10:59.900+0000] {dag.py:3947} INFO - Setting next_dagrun for transfer_from_minio_to_snowflake_customers to 2026-03-14 04:09:00+00:00, run_after=2026-03-14 04:10:00+00:00
[2026-03-14T04:10:59.902+0000] {logging_mixin.py:188} INFO - [2026-03-14T04:10:59.902+0000] {dag.py:3947} INFO - Setting next_dagrun for transfer_from_minio_to_snowflake_transactions to 2026-03-14 04:09:00+00:00, run_after=2026-03-14 04:10:00+00:00
[2026-03-14T04:10:59.909+0000] {processor.py:183} INFO - Processing /opt/airflow/dags/transfer.py took 0.086 seconds
[2026-03-14T04:11:56.669+0000] {processor.py:161} INFO - Started process (PID=2443) to work on /opt/airflow/dags/transfer.py
[2026-03-14T04:11:56.671+0000] {processor.py:830} INFO - Processing file /opt/airflow/dags/transfer.py for tasks to queue
[2026-03-14T04:11:56.673+0000] {logging_mixin.py:188} INFO - [2026-03-14T04:11:56.673+0000] {dagbag.py:545} INFO - Filling up the DagBag from /opt/airflow/dags/transfer.py
[2026-03-14T04:11:56.691+0000] {processor.py:840} INFO - DAG(s) 'transfer_from_minio_to_snowflake_accounts', 'transfer_from_minio_to_snowflake_customers', 'transfer_from_minio_to_snowflake_transactions' retrieved from /opt/airflow/dags/transfer.py
[2026-03-14T04:11:56.715+0000] {logging_mixin.py:188} INFO - [2026-03-14T04:11:56.715+0000] {dag.py:3089} INFO - Sync 3 DAGs
[2026-03-14T04:11:56.727+0000] {logging_mixin.py:188} INFO - [2026-03-14T04:11:56.727+0000] {dag.py:3947} INFO - Setting next_dagrun for transfer_from_minio_to_snowflake_accounts to 2026-03-14 04:10:00+00:00, run_after=2026-03-14 04:11:00+00:00
[2026-03-14T04:11:56.730+0000] {logging_mixin.py:188} INFO - [2026-03-14T04:11:56.730+0000] {dag.py:3947} INFO - Setting next_dagrun for transfer_from_minio_to_snowflake_customers to 2026-03-14 04:10:00+00:00, run_after=2026-03-14 04:11:00+00:00
[2026-03-14T04:11:56.732+0000] {logging_mixin.py:188} INFO - [2026-03-14T04:11:56.732+0000] {dag.py:3947} INFO - Setting next_dagrun for transfer_from_minio_to_snowflake_transactions to 2026-03-14 04:10:00+00:00, run_after=2026-03-14 04:11:00+00:00
[2026-03-14T04:11:56.739+0000] {processor.py:183} INFO - Processing /opt/airflow/dags/transfer.py took 0.077 seconds
[2026-03-14T04:22:45.454+0000] {processor.py:161} INFO - Started process (PID=2445) to work on /opt/airflow/dags/transfer.py
[2026-03-14T04:22:45.457+0000] {processor.py:830} INFO - Processing file /opt/airflow/dags/transfer.py for tasks to queue
[2026-03-14T04:22:45.460+0000] {logging_mixin.py:188} INFO - [2026-03-14T04:22:45.460+0000] {dagbag.py:545} INFO - Filling up the DagBag from /opt/airflow/dags/transfer.py
[2026-03-14T04:22:45.489+0000] {processor.py:840} INFO - DAG(s) 'transfer_from_minio_to_snowflake_accounts', 'transfer_from_minio_to_snowflake_transactions', 'transfer_from_minio_to_snowflake_customers' retrieved from /opt/airflow/dags/transfer.py
[2026-03-14T04:22:45.518+0000] {logging_mixin.py:188} INFO - [2026-03-14T04:22:45.518+0000] {dag.py:3089} INFO - Sync 3 DAGs
[2026-03-14T04:22:45.534+0000] {logging_mixin.py:188} INFO - [2026-03-14T04:22:45.534+0000] {dag.py:3947} INFO - Setting next_dagrun for transfer_from_minio_to_snowflake_accounts to 2026-03-14 04:21:00+00:00, run_after=2026-03-14 04:22:00+00:00
[2026-03-14T04:22:45.537+0000] {logging_mixin.py:188} INFO - [2026-03-14T04:22:45.537+0000] {dag.py:3947} INFO - Setting next_dagrun for transfer_from_minio_to_snowflake_customers to 2026-03-14 04:21:00+00:00, run_after=2026-03-14 04:22:00+00:00
[2026-03-14T04:22:45.538+0000] {logging_mixin.py:188} INFO - [2026-03-14T04:22:45.538+0000] {dag.py:3947} INFO - Setting next_dagrun for transfer_from_minio_to_snowflake_transactions to 2026-03-14 04:21:00+00:00, run_after=2026-03-14 04:22:00+00:00
[2026-03-14T04:22:45.546+0000] {processor.py:183} INFO - Processing /opt/airflow/dags/transfer.py took 0.098 seconds
[2026-03-14T04:38:41.676+0000] {processor.py:161} INFO - Started process (PID=2447) to work on /opt/airflow/dags/transfer.py
[2026-03-14T04:38:41.679+0000] {processor.py:830} INFO - Processing file /opt/airflow/dags/transfer.py for tasks to queue
[2026-03-14T04:38:41.680+0000] {logging_mixin.py:188} INFO - [2026-03-14T04:38:41.680+0000] {dagbag.py:545} INFO - Filling up the DagBag from /opt/airflow/dags/transfer.py
[2026-03-14T04:38:41.710+0000] {processor.py:840} INFO - DAG(s) 'transfer_from_minio_to_snowflake_accounts', 'transfer_from_minio_to_snowflake_customers', 'transfer_from_minio_to_snowflake_transactions' retrieved from /opt/airflow/dags/transfer.py
[2026-03-14T04:38:41.734+0000] {logging_mixin.py:188} INFO - [2026-03-14T04:38:41.734+0000] {dag.py:3089} INFO - Sync 3 DAGs
[2026-03-14T04:38:41.749+0000] {logging_mixin.py:188} INFO - [2026-03-14T04:38:41.749+0000] {dag.py:3947} INFO - Setting next_dagrun for transfer_from_minio_to_snowflake_accounts to 2026-03-14 04:37:00+00:00, run_after=2026-03-14 04:38:00+00:00
[2026-03-14T04:38:41.752+0000] {logging_mixin.py:188} INFO - [2026-03-14T04:38:41.752+0000] {dag.py:3947} INFO - Setting next_dagrun for transfer_from_minio_to_snowflake_customers to 2026-03-14 04:37:00+00:00, run_after=2026-03-14 04:38:00+00:00
[2026-03-14T04:38:41.753+0000] {logging_mixin.py:188} INFO - [2026-03-14T04:38:41.753+0000] {dag.py:3947} INFO - Setting next_dagrun for transfer_from_minio_to_snowflake_transactions to 2026-03-14 04:37:00+00:00, run_after=2026-03-14 04:38:00+00:00
[2026-03-14T04:38:41.760+0000] {processor.py:183} INFO - Processing /opt/airflow/dags/transfer.py took 0.094 seconds
[2026-03-14T04:39:12.130+0000] {processor.py:161} INFO - Started process (PID=2449) to work on /opt/airflow/dags/transfer.py
[2026-03-14T04:39:12.132+0000] {processor.py:830} INFO - Processing file /opt/airflow/dags/transfer.py for tasks to queue
[2026-03-14T04:39:12.136+0000] {logging_mixin.py:188} INFO - [2026-03-14T04:39:12.136+0000] {dagbag.py:545} INFO - Filling up the DagBag from /opt/airflow/dags/transfer.py
[2026-03-14T04:39:12.159+0000] {processor.py:840} INFO - DAG(s) 'transfer_from_minio_to_snowflake_transactions', 'transfer_from_minio_to_snowflake_accounts', 'transfer_from_minio_to_snowflake_customers' retrieved from /opt/airflow/dags/transfer.py
[2026-03-14T04:39:12.191+0000] {logging_mixin.py:188} INFO - [2026-03-14T04:39:12.190+0000] {dag.py:3089} INFO - Sync 3 DAGs
[2026-03-14T04:39:12.206+0000] {logging_mixin.py:188} INFO - [2026-03-14T04:39:12.206+0000] {dag.py:3947} INFO - Setting next_dagrun for transfer_from_minio_to_snowflake_accounts to 2026-03-14 04:38:00+00:00, run_after=2026-03-14 04:39:00+00:00
[2026-03-14T04:39:12.209+0000] {logging_mixin.py:188} INFO - [2026-03-14T04:39:12.209+0000] {dag.py:3947} INFO - Setting next_dagrun for transfer_from_minio_to_snowflake_customers to 2026-03-14 04:38:00+00:00, run_after=2026-03-14 04:39:00+00:00
[2026-03-14T04:39:12.210+0000] {logging_mixin.py:188} INFO - [2026-03-14T04:39:12.210+0000] {dag.py:3947} INFO - Setting next_dagrun for transfer_from_minio_to_snowflake_transactions to 2026-03-14 04:38:00+00:00, run_after=2026-03-14 04:39:00+00:00
[2026-03-14T04:39:12.218+0000] {processor.py:183} INFO - Processing /opt/airflow/dags/transfer.py took 0.099 seconds
[2026-03-14T04:54:57.268+0000] {processor.py:161} INFO - Started process (PID=2451) to work on /opt/airflow/dags/transfer.py
[2026-03-14T04:54:57.270+0000] {processor.py:830} INFO - Processing file /opt/airflow/dags/transfer.py for tasks to queue
[2026-03-14T04:54:57.274+0000] {logging_mixin.py:188} INFO - [2026-03-14T04:54:57.274+0000] {dagbag.py:545} INFO - Filling up the DagBag from /opt/airflow/dags/transfer.py
[2026-03-14T04:54:57.304+0000] {processor.py:840} INFO - DAG(s) 'transfer_from_minio_to_snowflake_accounts', 'transfer_from_minio_to_snowflake_transactions', 'transfer_from_minio_to_snowflake_customers' retrieved from /opt/airflow/dags/transfer.py
[2026-03-14T04:54:57.334+0000] {logging_mixin.py:188} INFO - [2026-03-14T04:54:57.334+0000] {dag.py:3089} INFO - Sync 3 DAGs
[2026-03-14T04:54:57.347+0000] {logging_mixin.py:188} INFO - [2026-03-14T04:54:57.347+0000] {dag.py:3947} INFO - Setting next_dagrun for transfer_from_minio_to_snowflake_accounts to 2026-03-14 04:53:00+00:00, run_after=2026-03-14 04:54:00+00:00
[2026-03-14T04:54:57.351+0000] {logging_mixin.py:188} INFO - [2026-03-14T04:54:57.351+0000] {dag.py:3947} INFO - Setting next_dagrun for transfer_from_minio_to_snowflake_customers to 2026-03-14 04:53:00+00:00, run_after=2026-03-14 04:54:00+00:00
[2026-03-14T04:54:57.352+0000] {logging_mixin.py:188} INFO - [2026-03-14T04:54:57.352+0000] {dag.py:3947} INFO - Setting next_dagrun for transfer_from_minio_to_snowflake_transactions to 2026-03-14 04:53:00+00:00, run_after=2026-03-14 04:54:00+00:00
[2026-03-14T04:54:57.360+0000] {processor.py:183} INFO - Processing /opt/airflow/dags/transfer.py took 0.099 seconds
[2026-03-14T04:55:27.715+0000] {processor.py:161} INFO - Started process (PID=2453) to work on /opt/airflow/dags/transfer.py
[2026-03-14T04:55:27.717+0000] {processor.py:830} INFO - Processing file /opt/airflow/dags/transfer.py for tasks to queue
[2026-03-14T04:55:27.720+0000] {logging_mixin.py:188} INFO - [2026-03-14T04:55:27.719+0000] {dagbag.py:545} INFO - Filling up the DagBag from /opt/airflow/dags/transfer.py
[2026-03-14T04:55:27.741+0000] {processor.py:840} INFO - DAG(s) 'transfer_from_minio_to_snowflake_transactions', 'transfer_from_minio_to_snowflake_customers', 'transfer_from_minio_to_snowflake_accounts' retrieved from /opt/airflow/dags/transfer.py
[2026-03-14T04:55:27.772+0000] {logging_mixin.py:188} INFO - [2026-03-14T04:55:27.772+0000] {dag.py:3089} INFO - Sync 3 DAGs
[2026-03-14T04:55:27.786+0000] {logging_mixin.py:188} INFO - [2026-03-14T04:55:27.785+0000] {dag.py:3947} INFO - Setting next_dagrun for transfer_from_minio_to_snowflake_accounts to 2026-03-14 04:54:00+00:00, run_after=2026-03-14 04:55:00+00:00
[2026-03-14T04:55:27.788+0000] {logging_mixin.py:188} INFO - [2026-03-14T04:55:27.788+0000] {dag.py:3947} INFO - Setting next_dagrun for transfer_from_minio_to_snowflake_customers to 2026-03-14 04:54:00+00:00, run_after=2026-03-14 04:55:00+00:00
[2026-03-14T04:55:27.790+0000] {logging_mixin.py:188} INFO - [2026-03-14T04:55:27.790+0000] {dag.py:3947} INFO - Setting next_dagrun for transfer_from_minio_to_snowflake_transactions to 2026-03-14 04:54:00+00:00, run_after=2026-03-14 04:55:00+00:00
[2026-03-14T04:55:27.797+0000] {processor.py:183} INFO - Processing /opt/airflow/dags/transfer.py took 0.093 seconds
[2026-03-14T04:59:52.270+0000] {processor.py:161} INFO - Started process (PID=2455) to work on /opt/airflow/dags/transfer.py
[2026-03-14T04:59:52.272+0000] {processor.py:830} INFO - Processing file /opt/airflow/dags/transfer.py for tasks to queue
[2026-03-14T04:59:52.274+0000] {logging_mixin.py:188} INFO - [2026-03-14T04:59:52.274+0000] {dagbag.py:545} INFO - Filling up the DagBag from /opt/airflow/dags/transfer.py
[2026-03-14T04:59:52.305+0000] {processor.py:840} INFO - DAG(s) 'transfer_from_minio_to_snowflake_customers', 'transfer_from_minio_to_snowflake_accounts', 'transfer_from_minio_to_snowflake_transactions' retrieved from /opt/airflow/dags/transfer.py
[2026-03-14T04:59:52.330+0000] {logging_mixin.py:188} INFO - [2026-03-14T04:59:52.330+0000] {dag.py:3089} INFO - Sync 3 DAGs
[2026-03-14T04:59:52.345+0000] {logging_mixin.py:188} INFO - [2026-03-14T04:59:52.344+0000] {dag.py:3947} INFO - Setting next_dagrun for transfer_from_minio_to_snowflake_accounts to 2026-03-14 04:58:00+00:00, run_after=2026-03-14 04:59:00+00:00
[2026-03-14T04:59:52.347+0000] {logging_mixin.py:188} INFO - [2026-03-14T04:59:52.347+0000] {dag.py:3947} INFO - Setting next_dagrun for transfer_from_minio_to_snowflake_customers to 2026-03-14 04:58:00+00:00, run_after=2026-03-14 04:59:00+00:00
[2026-03-14T04:59:52.349+0000] {logging_mixin.py:188} INFO - [2026-03-14T04:59:52.349+0000] {dag.py:3947} INFO - Setting next_dagrun for transfer_from_minio_to_snowflake_transactions to 2026-03-14 04:58:00+00:00, run_after=2026-03-14 04:59:00+00:00
[2026-03-14T04:59:52.356+0000] {processor.py:183} INFO - Processing /opt/airflow/dags/transfer.py took 0.098 seconds
[2026-03-14T05:00:22.755+0000] {processor.py:161} INFO - Started process (PID=2457) to work on /opt/airflow/dags/transfer.py
[2026-03-14T05:00:22.757+0000] {processor.py:830} INFO - Processing file /opt/airflow/dags/transfer.py for tasks to queue
[2026-03-14T05:00:22.760+0000] {logging_mixin.py:188} INFO - [2026-03-14T05:00:22.759+0000] {dagbag.py:545} INFO - Filling up the DagBag from /opt/airflow/dags/transfer.py
[2026-03-14T05:00:22.775+0000] {processor.py:840} INFO - DAG(s) 'transfer_from_minio_to_snowflake_customers', 'transfer_from_minio_to_snowflake_accounts', 'transfer_from_minio_to_snowflake_transactions' retrieved from /opt/airflow/dags/transfer.py
[2026-03-14T05:00:22.800+0000] {logging_mixin.py:188} INFO - [2026-03-14T05:00:22.800+0000] {dag.py:3089} INFO - Sync 3 DAGs
[2026-03-14T05:00:22.812+0000] {logging_mixin.py:188} INFO - [2026-03-14T05:00:22.812+0000] {dag.py:3947} INFO - Setting next_dagrun for transfer_from_minio_to_snowflake_accounts to 2026-03-14 04:59:00+00:00, run_after=2026-03-14 05:00:00+00:00
[2026-03-14T05:00:22.815+0000] {logging_mixin.py:188} INFO - [2026-03-14T05:00:22.815+0000] {dag.py:3947} INFO - Setting next_dagrun for transfer_from_minio_to_snowflake_customers to 2026-03-14 04:59:00+00:00, run_after=2026-03-14 05:00:00+00:00
[2026-03-14T05:00:22.816+0000] {logging_mixin.py:188} INFO - [2026-03-14T05:00:22.816+0000] {dag.py:3947} INFO - Setting next_dagrun for transfer_from_minio_to_snowflake_transactions to 2026-03-14 04:59:00+00:00, run_after=2026-03-14 05:00:00+00:00
[2026-03-14T05:00:22.823+0000] {processor.py:183} INFO - Processing /opt/airflow/dags/transfer.py took 0.082 seconds
[2026-03-14T06:37:17.756+0000] {processor.py:161} INFO - Started process (PID=2459) to work on /opt/airflow/dags/transfer.py
[2026-03-14T06:37:17.757+0000] {processor.py:830} INFO - Processing file /opt/airflow/dags/transfer.py for tasks to queue
[2026-03-14T06:37:17.760+0000] {logging_mixin.py:188} INFO - [2026-03-14T06:37:17.760+0000] {dagbag.py:545} INFO - Filling up the DagBag from /opt/airflow/dags/transfer.py
[2026-03-14T06:37:17.796+0000] {processor.py:840} INFO - DAG(s) 'transfer_from_minio_to_snowflake_accounts', 'transfer_from_minio_to_snowflake_transactions', 'transfer_from_minio_to_snowflake_customers' retrieved from /opt/airflow/dags/transfer.py
[2026-03-14T06:37:17.825+0000] {logging_mixin.py:188} INFO - [2026-03-14T06:37:17.824+0000] {dag.py:3089} INFO - Sync 3 DAGs
[2026-03-14T06:37:17.837+0000] {logging_mixin.py:188} INFO - [2026-03-14T06:37:17.837+0000] {dag.py:3947} INFO - Setting next_dagrun for transfer_from_minio_to_snowflake_accounts to 2026-03-14 06:36:00+00:00, run_after=2026-03-14 06:37:00+00:00
[2026-03-14T06:37:17.840+0000] {logging_mixin.py:188} INFO - [2026-03-14T06:37:17.840+0000] {dag.py:3947} INFO - Setting next_dagrun for transfer_from_minio_to_snowflake_customers to 2026-03-14 06:36:00+00:00, run_after=2026-03-14 06:37:00+00:00
[2026-03-14T06:37:17.842+0000] {logging_mixin.py:188} INFO - [2026-03-14T06:37:17.842+0000] {dag.py:3947} INFO - Setting next_dagrun for transfer_from_minio_to_snowflake_transactions to 2026-03-14 06:36:00+00:00, run_after=2026-03-14 06:37:00+00:00
[2026-03-14T06:37:17.849+0000] {processor.py:183} INFO - Processing /opt/airflow/dags/transfer.py took 0.098 seconds
[2026-03-14T07:56:13.152+0000] {processor.py:161} INFO - Started process (PID=2461) to work on /opt/airflow/dags/transfer.py
[2026-03-14T07:56:13.153+0000] {processor.py:830} INFO - Processing file /opt/airflow/dags/transfer.py for tasks to queue
[2026-03-14T07:56:13.155+0000] {logging_mixin.py:188} INFO - [2026-03-14T07:56:13.154+0000] {dagbag.py:545} INFO - Filling up the DagBag from /opt/airflow/dags/transfer.py
[2026-03-14T07:56:13.186+0000] {processor.py:840} INFO - DAG(s) 'transfer_from_minio_to_snowflake_customers', 'transfer_from_minio_to_snowflake_transactions', 'transfer_from_minio_to_snowflake_accounts' retrieved from /opt/airflow/dags/transfer.py
[2026-03-14T07:56:13.215+0000] {logging_mixin.py:188} INFO - [2026-03-14T07:56:13.215+0000] {dag.py:3089} INFO - Sync 3 DAGs
[2026-03-14T07:56:13.228+0000] {logging_mixin.py:188} INFO - [2026-03-14T07:56:13.228+0000] {dag.py:3947} INFO - Setting next_dagrun for transfer_from_minio_to_snowflake_accounts to 2026-03-14 07:55:00+00:00, run_after=2026-03-14 07:56:00+00:00
[2026-03-14T07:56:13.231+0000] {logging_mixin.py:188} INFO - [2026-03-14T07:56:13.231+0000] {dag.py:3947} INFO - Setting next_dagrun for transfer_from_minio_to_snowflake_customers to 2026-03-14 07:55:00+00:00, run_after=2026-03-14 07:56:00+00:00
[2026-03-14T07:56:13.233+0000] {logging_mixin.py:188} INFO - [2026-03-14T07:56:13.233+0000] {dag.py:3947} INFO - Setting next_dagrun for transfer_from_minio_to_snowflake_transactions to 2026-03-14 07:55:00+00:00, run_after=2026-03-14 07:56:00+00:00
[2026-03-14T07:56:13.240+0000] {processor.py:183} INFO - Processing /opt/airflow/dags/transfer.py took 0.097 seconds
[2026-03-14T07:56:43.663+0000] {processor.py:161} INFO - Started process (PID=2463) to work on /opt/airflow/dags/transfer.py
[2026-03-14T07:56:43.664+0000] {processor.py:830} INFO - Processing file /opt/airflow/dags/transfer.py for tasks to queue
[2026-03-14T07:56:43.668+0000] {logging_mixin.py:188} INFO - [2026-03-14T07:56:43.667+0000] {dagbag.py:545} INFO - Filling up the DagBag from /opt/airflow/dags/transfer.py
[2026-03-14T07:56:43.683+0000] {processor.py:840} INFO - DAG(s) 'transfer_from_minio_to_snowflake_customers', 'transfer_from_minio_to_snowflake_transactions', 'transfer_from_minio_to_snowflake_accounts' retrieved from /opt/airflow/dags/transfer.py
[2026-03-14T07:56:43.706+0000] {logging_mixin.py:188} INFO - [2026-03-14T07:56:43.706+0000] {dag.py:3089} INFO - Sync 3 DAGs
[2026-03-14T07:56:43.717+0000] {logging_mixin.py:188} INFO - [2026-03-14T07:56:43.717+0000] {dag.py:3947} INFO - Setting next_dagrun for transfer_from_minio_to_snowflake_accounts to 2026-03-14 07:55:00+00:00, run_after=2026-03-14 07:56:00+00:00
[2026-03-14T07:56:43.720+0000] {logging_mixin.py:188} INFO - [2026-03-14T07:56:43.720+0000] {dag.py:3947} INFO - Setting next_dagrun for transfer_from_minio_to_snowflake_customers to 2026-03-14 07:55:00+00:00, run_after=2026-03-14 07:56:00+00:00
[2026-03-14T07:56:43.721+0000] {logging_mixin.py:188} INFO - [2026-03-14T07:56:43.721+0000] {dag.py:3947} INFO - Setting next_dagrun for transfer_from_minio_to_snowflake_transactions to 2026-03-14 07:55:00+00:00, run_after=2026-03-14 07:56:00+00:00
[2026-03-14T07:56:43.728+0000] {processor.py:183} INFO - Processing /opt/airflow/dags/transfer.py took 0.072 seconds
[2026-03-14T08:57:10.892+0000] {processor.py:161} INFO - Started process (PID=2465) to work on /opt/airflow/dags/transfer.py
[2026-03-14T08:57:10.893+0000] {processor.py:830} INFO - Processing file /opt/airflow/dags/transfer.py for tasks to queue
[2026-03-14T08:57:10.896+0000] {logging_mixin.py:188} INFO - [2026-03-14T08:57:10.896+0000] {dagbag.py:545} INFO - Filling up the DagBag from /opt/airflow/dags/transfer.py
[2026-03-14T08:57:10.922+0000] {processor.py:840} INFO - DAG(s) 'transfer_from_minio_to_snowflake_accounts', 'transfer_from_minio_to_snowflake_customers', 'transfer_from_minio_to_snowflake_transactions' retrieved from /opt/airflow/dags/transfer.py
[2026-03-14T08:57:10.950+0000] {logging_mixin.py:188} INFO - [2026-03-14T08:57:10.949+0000] {dag.py:3089} INFO - Sync 3 DAGs
[2026-03-14T08:57:10.963+0000] {logging_mixin.py:188} INFO - [2026-03-14T08:57:10.963+0000] {dag.py:3947} INFO - Setting next_dagrun for transfer_from_minio_to_snowflake_accounts to 2026-03-14 08:56:00+00:00, run_after=2026-03-14 08:57:00+00:00
[2026-03-14T08:57:10.967+0000] {logging_mixin.py:188} INFO - [2026-03-14T08:57:10.966+0000] {dag.py:3947} INFO - Setting next_dagrun for transfer_from_minio_to_snowflake_customers to 2026-03-14 08:56:00+00:00, run_after=2026-03-14 08:57:00+00:00
[2026-03-14T08:57:10.968+0000] {logging_mixin.py:188} INFO - [2026-03-14T08:57:10.968+0000] {dag.py:3947} INFO - Setting next_dagrun for transfer_from_minio_to_snowflake_transactions to 2026-03-14 08:56:00+00:00, run_after=2026-03-14 08:57:00+00:00
[2026-03-14T08:57:10.976+0000] {processor.py:183} INFO - Processing /opt/airflow/dags/transfer.py took 0.092 seconds
[2026-03-14T08:57:41.318+0000] {processor.py:161} INFO - Started process (PID=2467) to work on /opt/airflow/dags/transfer.py
[2026-03-14T08:57:41.320+0000] {processor.py:830} INFO - Processing file /opt/airflow/dags/transfer.py for tasks to queue
[2026-03-14T08:57:41.324+0000] {logging_mixin.py:188} INFO - [2026-03-14T08:57:41.324+0000] {dagbag.py:545} INFO - Filling up the DagBag from /opt/airflow/dags/transfer.py
[2026-03-14T08:57:41.341+0000] {processor.py:840} INFO - DAG(s) 'transfer_from_minio_to_snowflake_customers', 'transfer_from_minio_to_snowflake_transactions', 'transfer_from_minio_to_snowflake_accounts' retrieved from /opt/airflow/dags/transfer.py
[2026-03-14T08:57:41.366+0000] {logging_mixin.py:188} INFO - [2026-03-14T08:57:41.366+0000] {dag.py:3089} INFO - Sync 3 DAGs
[2026-03-14T08:57:41.378+0000] {logging_mixin.py:188} INFO - [2026-03-14T08:57:41.378+0000] {dag.py:3947} INFO - Setting next_dagrun for transfer_from_minio_to_snowflake_accounts to 2026-03-14 08:56:00+00:00, run_after=2026-03-14 08:57:00+00:00
[2026-03-14T08:57:41.381+0000] {logging_mixin.py:188} INFO - [2026-03-14T08:57:41.381+0000] {dag.py:3947} INFO - Setting next_dagrun for transfer_from_minio_to_snowflake_customers to 2026-03-14 08:56:00+00:00, run_after=2026-03-14 08:57:00+00:00
[2026-03-14T08:57:41.382+0000] {logging_mixin.py:188} INFO - [2026-03-14T08:57:41.382+0000] {dag.py:3947} INFO - Setting next_dagrun for transfer_from_minio_to_snowflake_transactions to 2026-03-14 08:56:00+00:00, run_after=2026-03-14 08:57:00+00:00
[2026-03-14T08:57:41.388+0000] {processor.py:183} INFO - Processing /opt/airflow/dags/transfer.py took 0.080 seconds
[2026-03-14T09:58:20.341+0000] {processor.py:161} INFO - Started process (PID=2469) to work on /opt/airflow/dags/transfer.py
[2026-03-14T09:58:20.342+0000] {processor.py:830} INFO - Processing file /opt/airflow/dags/transfer.py for tasks to queue
[2026-03-14T09:58:20.349+0000] {logging_mixin.py:188} INFO - [2026-03-14T09:58:20.348+0000] {dagbag.py:545} INFO - Filling up the DagBag from /opt/airflow/dags/transfer.py
[2026-03-14T09:58:20.381+0000] {processor.py:840} INFO - DAG(s) 'transfer_from_minio_to_snowflake_transactions', 'transfer_from_minio_to_snowflake_customers', 'transfer_from_minio_to_snowflake_accounts' retrieved from /opt/airflow/dags/transfer.py
[2026-03-14T09:58:20.411+0000] {logging_mixin.py:188} INFO - [2026-03-14T09:58:20.411+0000] {dag.py:3089} INFO - Sync 3 DAGs
[2026-03-14T09:58:20.423+0000] {logging_mixin.py:188} INFO - [2026-03-14T09:58:20.423+0000] {dag.py:3947} INFO - Setting next_dagrun for transfer_from_minio_to_snowflake_accounts to 2026-03-14 09:57:00+00:00, run_after=2026-03-14 09:58:00+00:00
[2026-03-14T09:58:20.426+0000] {logging_mixin.py:188} INFO - [2026-03-14T09:58:20.426+0000] {dag.py:3947} INFO - Setting next_dagrun for transfer_from_minio_to_snowflake_customers to 2026-03-14 09:57:00+00:00, run_after=2026-03-14 09:58:00+00:00
[2026-03-14T09:58:20.427+0000] {logging_mixin.py:188} INFO - [2026-03-14T09:58:20.427+0000] {dag.py:3947} INFO - Setting next_dagrun for transfer_from_minio_to_snowflake_transactions to 2026-03-14 09:57:00+00:00, run_after=2026-03-14 09:58:00+00:00
[2026-03-14T09:58:20.435+0000] {processor.py:183} INFO - Processing /opt/airflow/dags/transfer.py took 0.107 seconds
[2026-03-14T09:58:50.839+0000] {processor.py:161} INFO - Started process (PID=2471) to work on /opt/airflow/dags/transfer.py
[2026-03-14T09:58:50.840+0000] {processor.py:830} INFO - Processing file /opt/airflow/dags/transfer.py for tasks to queue
[2026-03-14T09:58:50.843+0000] {logging_mixin.py:188} INFO - [2026-03-14T09:58:50.843+0000] {dagbag.py:545} INFO - Filling up the DagBag from /opt/airflow/dags/transfer.py
[2026-03-14T09:58:50.860+0000] {processor.py:840} INFO - DAG(s) 'transfer_from_minio_to_snowflake_customers', 'transfer_from_minio_to_snowflake_accounts', 'transfer_from_minio_to_snowflake_transactions' retrieved from /opt/airflow/dags/transfer.py
[2026-03-14T09:58:50.883+0000] {logging_mixin.py:188} INFO - [2026-03-14T09:58:50.882+0000] {dag.py:3089} INFO - Sync 3 DAGs
[2026-03-14T09:58:50.894+0000] {logging_mixin.py:188} INFO - [2026-03-14T09:58:50.894+0000] {dag.py:3947} INFO - Setting next_dagrun for transfer_from_minio_to_snowflake_accounts to 2026-03-14 09:57:00+00:00, run_after=2026-03-14 09:58:00+00:00
[2026-03-14T09:58:50.897+0000] {logging_mixin.py:188} INFO - [2026-03-14T09:58:50.897+0000] {dag.py:3947} INFO - Setting next_dagrun for transfer_from_minio_to_snowflake_customers to 2026-03-14 09:57:00+00:00, run_after=2026-03-14 09:58:00+00:00
[2026-03-14T09:58:50.898+0000] {logging_mixin.py:188} INFO - [2026-03-14T09:58:50.898+0000] {dag.py:3947} INFO - Setting next_dagrun for transfer_from_minio_to_snowflake_transactions to 2026-03-14 09:57:00+00:00, run_after=2026-03-14 09:58:00+00:00
[2026-03-14T09:58:50.905+0000] {processor.py:183} INFO - Processing /opt/airflow/dags/transfer.py took 0.074 seconds
[2026-03-14T10:59:17.758+0000] {processor.py:161} INFO - Started process (PID=2473) to work on /opt/airflow/dags/transfer.py
[2026-03-14T10:59:17.759+0000] {processor.py:830} INFO - Processing file /opt/airflow/dags/transfer.py for tasks to queue
[2026-03-14T10:59:17.763+0000] {logging_mixin.py:188} INFO - [2026-03-14T10:59:17.762+0000] {dagbag.py:545} INFO - Filling up the DagBag from /opt/airflow/dags/transfer.py
[2026-03-14T10:59:17.794+0000] {processor.py:840} INFO - DAG(s) 'transfer_from_minio_to_snowflake_customers', 'transfer_from_minio_to_snowflake_accounts', 'transfer_from_minio_to_snowflake_transactions' retrieved from /opt/airflow/dags/transfer.py
[2026-03-14T10:59:17.820+0000] {logging_mixin.py:188} INFO - [2026-03-14T10:59:17.819+0000] {dag.py:3089} INFO - Sync 3 DAGs
[2026-03-14T10:59:17.835+0000] {logging_mixin.py:188} INFO - [2026-03-14T10:59:17.835+0000] {dag.py:3947} INFO - Setting next_dagrun for transfer_from_minio_to_snowflake_accounts to 2026-03-14 10:58:00+00:00, run_after=2026-03-14 10:59:00+00:00
[2026-03-14T10:59:17.838+0000] {logging_mixin.py:188} INFO - [2026-03-14T10:59:17.838+0000] {dag.py:3947} INFO - Setting next_dagrun for transfer_from_minio_to_snowflake_customers to 2026-03-14 10:58:00+00:00, run_after=2026-03-14 10:59:00+00:00
[2026-03-14T10:59:17.840+0000] {logging_mixin.py:188} INFO - [2026-03-14T10:59:17.840+0000] {dag.py:3947} INFO - Setting next_dagrun for transfer_from_minio_to_snowflake_transactions to 2026-03-14 10:58:00+00:00, run_after=2026-03-14 10:59:00+00:00
[2026-03-14T10:59:17.847+0000] {processor.py:183} INFO - Processing /opt/airflow/dags/transfer.py took 0.099 seconds
[2026-03-14T10:59:48.231+0000] {processor.py:161} INFO - Started process (PID=2475) to work on /opt/airflow/dags/transfer.py
[2026-03-14T10:59:48.232+0000] {processor.py:830} INFO - Processing file /opt/airflow/dags/transfer.py for tasks to queue
[2026-03-14T10:59:48.234+0000] {logging_mixin.py:188} INFO - [2026-03-14T10:59:48.234+0000] {dagbag.py:545} INFO - Filling up the DagBag from /opt/airflow/dags/transfer.py
[2026-03-14T10:59:48.256+0000] {processor.py:840} INFO - DAG(s) 'transfer_from_minio_to_snowflake_transactions', 'transfer_from_minio_to_snowflake_customers', 'transfer_from_minio_to_snowflake_accounts' retrieved from /opt/airflow/dags/transfer.py
[2026-03-14T10:59:48.282+0000] {logging_mixin.py:188} INFO - [2026-03-14T10:59:48.282+0000] {dag.py:3089} INFO - Sync 3 DAGs
[2026-03-14T10:59:48.293+0000] {logging_mixin.py:188} INFO - [2026-03-14T10:59:48.293+0000] {dag.py:3947} INFO - Setting next_dagrun for transfer_from_minio_to_snowflake_accounts to 2026-03-14 10:58:00+00:00, run_after=2026-03-14 10:59:00+00:00
[2026-03-14T10:59:48.296+0000] {logging_mixin.py:188} INFO - [2026-03-14T10:59:48.296+0000] {dag.py:3947} INFO - Setting next_dagrun for transfer_from_minio_to_snowflake_customers to 2026-03-14 10:58:00+00:00, run_after=2026-03-14 10:59:00+00:00
[2026-03-14T10:59:48.297+0000] {logging_mixin.py:188} INFO - [2026-03-14T10:59:48.297+0000] {dag.py:3947} INFO - Setting next_dagrun for transfer_from_minio_to_snowflake_transactions to 2026-03-14 10:58:00+00:00, run_after=2026-03-14 10:59:00+00:00
[2026-03-14T10:59:48.304+0000] {processor.py:183} INFO - Processing /opt/airflow/dags/transfer.py took 0.079 seconds
[2026-03-14T11:26:56.651+0000] {processor.py:161} INFO - Started process (PID=2477) to work on /opt/airflow/dags/transfer.py
[2026-03-14T11:26:56.654+0000] {processor.py:830} INFO - Processing file /opt/airflow/dags/transfer.py for tasks to queue
[2026-03-14T11:26:56.660+0000] {logging_mixin.py:188} INFO - [2026-03-14T11:26:56.660+0000] {dagbag.py:545} INFO - Filling up the DagBag from /opt/airflow/dags/transfer.py
[2026-03-14T11:26:56.692+0000] {processor.py:840} INFO - DAG(s) 'transfer_from_minio_to_snowflake_accounts', 'transfer_from_minio_to_snowflake_customers', 'transfer_from_minio_to_snowflake_transactions' retrieved from /opt/airflow/dags/transfer.py
[2026-03-14T11:26:56.724+0000] {logging_mixin.py:188} INFO - [2026-03-14T11:26:56.724+0000] {dag.py:3089} INFO - Sync 3 DAGs
[2026-03-14T11:26:56.738+0000] {logging_mixin.py:188} INFO - [2026-03-14T11:26:56.738+0000] {dag.py:3947} INFO - Setting next_dagrun for transfer_from_minio_to_snowflake_accounts to 2026-03-14 11:25:00+00:00, run_after=2026-03-14 11:26:00+00:00
[2026-03-14T11:26:56.741+0000] {logging_mixin.py:188} INFO - [2026-03-14T11:26:56.741+0000] {dag.py:3947} INFO - Setting next_dagrun for transfer_from_minio_to_snowflake_customers to 2026-03-14 11:25:00+00:00, run_after=2026-03-14 11:26:00+00:00
[2026-03-14T11:26:56.742+0000] {logging_mixin.py:188} INFO - [2026-03-14T11:26:56.742+0000] {dag.py:3947} INFO - Setting next_dagrun for transfer_from_minio_to_snowflake_transactions to 2026-03-14 11:25:00+00:00, run_after=2026-03-14 11:26:00+00:00
[2026-03-14T11:26:56.750+0000] {processor.py:183} INFO - Processing /opt/airflow/dags/transfer.py took 0.109 seconds
[2026-03-14T11:42:44.273+0000] {processor.py:161} INFO - Started process (PID=2479) to work on /opt/airflow/dags/transfer.py
[2026-03-14T11:42:44.274+0000] {processor.py:830} INFO - Processing file /opt/airflow/dags/transfer.py for tasks to queue
[2026-03-14T11:42:44.276+0000] {logging_mixin.py:188} INFO - [2026-03-14T11:42:44.276+0000] {dagbag.py:545} INFO - Filling up the DagBag from /opt/airflow/dags/transfer.py
[2026-03-14T11:42:44.291+0000] {processor.py:840} INFO - DAG(s) 'transfer_from_minio_to_snowflake_transactions', 'transfer_from_minio_to_snowflake_customers', 'transfer_from_minio_to_snowflake_accounts' retrieved from /opt/airflow/dags/transfer.py
[2026-03-14T11:42:44.313+0000] {logging_mixin.py:188} INFO - [2026-03-14T11:42:44.313+0000] {dag.py:3089} INFO - Sync 3 DAGs
[2026-03-14T11:42:44.325+0000] {logging_mixin.py:188} INFO - [2026-03-14T11:42:44.325+0000] {dag.py:3947} INFO - Setting next_dagrun for transfer_from_minio_to_snowflake_accounts to 2026-03-14 11:41:00+00:00, run_after=2026-03-14 11:42:00+00:00
[2026-03-14T11:42:44.328+0000] {logging_mixin.py:188} INFO - [2026-03-14T11:42:44.328+0000] {dag.py:3947} INFO - Setting next_dagrun for transfer_from_minio_to_snowflake_customers to 2026-03-14 11:41:00+00:00, run_after=2026-03-14 11:42:00+00:00
[2026-03-14T11:42:44.330+0000] {logging_mixin.py:188} INFO - [2026-03-14T11:42:44.330+0000] {dag.py:3947} INFO - Setting next_dagrun for transfer_from_minio_to_snowflake_transactions to 2026-03-14 11:41:00+00:00, run_after=2026-03-14 11:42:00+00:00
[2026-03-14T11:42:44.337+0000] {processor.py:183} INFO - Processing /opt/airflow/dags/transfer.py took 0.068 seconds
[2026-03-14T13:00:12.718+0000] {processor.py:161} INFO - Started process (PID=2481) to work on /opt/airflow/dags/transfer.py
[2026-03-14T13:00:12.721+0000] {processor.py:830} INFO - Processing file /opt/airflow/dags/transfer.py for tasks to queue
[2026-03-14T13:00:12.730+0000] {logging_mixin.py:188} INFO - [2026-03-14T13:00:12.729+0000] {dagbag.py:545} INFO - Filling up the DagBag from /opt/airflow/dags/transfer.py
[2026-03-14T13:00:12.753+0000] {processor.py:840} INFO - DAG(s) 'transfer_from_minio_to_snowflake_transactions', 'transfer_from_minio_to_snowflake_customers', 'transfer_from_minio_to_snowflake_accounts' retrieved from /opt/airflow/dags/transfer.py
[2026-03-14T13:00:12.778+0000] {logging_mixin.py:188} INFO - [2026-03-14T13:00:12.778+0000] {dag.py:3089} INFO - Sync 3 DAGs
[2026-03-14T13:00:12.791+0000] {logging_mixin.py:188} INFO - [2026-03-14T13:00:12.790+0000] {dag.py:3947} INFO - Setting next_dagrun for transfer_from_minio_to_snowflake_accounts to 2026-03-14 12:59:00+00:00, run_after=2026-03-14 13:00:00+00:00
[2026-03-14T13:00:12.793+0000] {logging_mixin.py:188} INFO - [2026-03-14T13:00:12.793+0000] {dag.py:3947} INFO - Setting next_dagrun for transfer_from_minio_to_snowflake_customers to 2026-03-14 12:59:00+00:00, run_after=2026-03-14 13:00:00+00:00
[2026-03-14T13:00:12.795+0000] {logging_mixin.py:188} INFO - [2026-03-14T13:00:12.795+0000] {dag.py:3947} INFO - Setting next_dagrun for transfer_from_minio_to_snowflake_transactions to 2026-03-14 12:59:00+00:00, run_after=2026-03-14 13:00:00+00:00
[2026-03-14T13:00:12.802+0000] {processor.py:183} INFO - Processing /opt/airflow/dags/transfer.py took 0.090 seconds
[2026-03-14T13:35:45.517+0000] {processor.py:161} INFO - Started process (PID=2483) to work on /opt/airflow/dags/transfer.py
[2026-03-14T13:35:45.518+0000] {processor.py:830} INFO - Processing file /opt/airflow/dags/transfer.py for tasks to queue
[2026-03-14T13:35:45.520+0000] {logging_mixin.py:188} INFO - [2026-03-14T13:35:45.519+0000] {dagbag.py:545} INFO - Filling up the DagBag from /opt/airflow/dags/transfer.py
[2026-03-14T13:35:45.535+0000] {processor.py:840} INFO - DAG(s) 'transfer_from_minio_to_snowflake_accounts', 'transfer_from_minio_to_snowflake_transactions', 'transfer_from_minio_to_snowflake_customers' retrieved from /opt/airflow/dags/transfer.py
[2026-03-14T13:35:45.556+0000] {logging_mixin.py:188} INFO - [2026-03-14T13:35:45.556+0000] {dag.py:3089} INFO - Sync 3 DAGs
[2026-03-14T13:35:45.568+0000] {logging_mixin.py:188} INFO - [2026-03-14T13:35:45.568+0000] {dag.py:3947} INFO - Setting next_dagrun for transfer_from_minio_to_snowflake_accounts to 2026-03-14 13:34:00+00:00, run_after=2026-03-14 13:35:00+00:00
[2026-03-14T13:35:45.571+0000] {logging_mixin.py:188} INFO - [2026-03-14T13:35:45.571+0000] {dag.py:3947} INFO - Setting next_dagrun for transfer_from_minio_to_snowflake_customers to 2026-03-14 13:34:00+00:00, run_after=2026-03-14 13:35:00+00:00
[2026-03-14T13:35:45.573+0000] {logging_mixin.py:188} INFO - [2026-03-14T13:35:45.573+0000] {dag.py:3947} INFO - Setting next_dagrun for transfer_from_minio_to_snowflake_transactions to 2026-03-14 13:34:00+00:00, run_after=2026-03-14 13:35:00+00:00
[2026-03-14T13:35:45.580+0000] {processor.py:183} INFO - Processing /opt/airflow/dags/transfer.py took 0.068 seconds
[2026-03-14T14:01:26.589+0000] {processor.py:161} INFO - Started process (PID=2485) to work on /opt/airflow/dags/transfer.py
[2026-03-14T14:01:26.591+0000] {processor.py:830} INFO - Processing file /opt/airflow/dags/transfer.py for tasks to queue
[2026-03-14T14:01:26.593+0000] {logging_mixin.py:188} INFO - [2026-03-14T14:01:26.593+0000] {dagbag.py:545} INFO - Filling up the DagBag from /opt/airflow/dags/transfer.py
[2026-03-14T14:01:26.635+0000] {processor.py:840} INFO - DAG(s) 'transfer_from_minio_to_snowflake_transactions', 'transfer_from_minio_to_snowflake_customers', 'transfer_from_minio_to_snowflake_accounts' retrieved from /opt/airflow/dags/transfer.py
[2026-03-14T14:01:26.666+0000] {logging_mixin.py:188} INFO - [2026-03-14T14:01:26.665+0000] {dag.py:3089} INFO - Sync 3 DAGs
[2026-03-14T14:01:26.679+0000] {logging_mixin.py:188} INFO - [2026-03-14T14:01:26.679+0000] {dag.py:3947} INFO - Setting next_dagrun for transfer_from_minio_to_snowflake_accounts to 2026-03-14 14:00:00+00:00, run_after=2026-03-14 14:01:00+00:00
[2026-03-14T14:01:26.682+0000] {logging_mixin.py:188} INFO - [2026-03-14T14:01:26.681+0000] {dag.py:3947} INFO - Setting next_dagrun for transfer_from_minio_to_snowflake_customers to 2026-03-14 14:00:00+00:00, run_after=2026-03-14 14:01:00+00:00
[2026-03-14T14:01:26.683+0000] {logging_mixin.py:188} INFO - [2026-03-14T14:01:26.683+0000] {dag.py:3947} INFO - Setting next_dagrun for transfer_from_minio_to_snowflake_transactions to 2026-03-14 14:00:00+00:00, run_after=2026-03-14 14:01:00+00:00
[2026-03-14T14:01:26.690+0000] {processor.py:183} INFO - Processing /opt/airflow/dags/transfer.py took 0.108 seconds
[2026-03-14T14:18:41.074+0000] {processor.py:161} INFO - Started process (PID=2487) to work on /opt/airflow/dags/transfer.py
[2026-03-14T14:18:41.075+0000] {processor.py:830} INFO - Processing file /opt/airflow/dags/transfer.py for tasks to queue
[2026-03-14T14:18:41.078+0000] {logging_mixin.py:188} INFO - [2026-03-14T14:18:41.078+0000] {dagbag.py:545} INFO - Filling up the DagBag from /opt/airflow/dags/transfer.py
[2026-03-14T14:18:41.105+0000] {processor.py:840} INFO - DAG(s) 'transfer_from_minio_to_snowflake_customers', 'transfer_from_minio_to_snowflake_accounts', 'transfer_from_minio_to_snowflake_transactions' retrieved from /opt/airflow/dags/transfer.py
[2026-03-14T14:18:41.250+0000] {logging_mixin.py:188} INFO - [2026-03-14T14:18:41.250+0000] {dag.py:3089} INFO - Sync 3 DAGs
[2026-03-14T14:18:41.322+0000] {logging_mixin.py:188} INFO - [2026-03-14T14:18:41.322+0000] {dag.py:3947} INFO - Setting next_dagrun for transfer_from_minio_to_snowflake_accounts to 2026-03-14 14:17:00+00:00, run_after=2026-03-14 14:18:00+00:00
[2026-03-14T14:18:41.325+0000] {logging_mixin.py:188} INFO - [2026-03-14T14:18:41.325+0000] {dag.py:3947} INFO - Setting next_dagrun for transfer_from_minio_to_snowflake_customers to 2026-03-14 14:17:00+00:00, run_after=2026-03-14 14:18:00+00:00
[2026-03-14T14:18:41.327+0000] {logging_mixin.py:188} INFO - [2026-03-14T14:18:41.327+0000] {dag.py:3947} INFO - Setting next_dagrun for transfer_from_minio_to_snowflake_transactions to 2026-03-14 14:17:00+00:00, run_after=2026-03-14 14:18:00+00:00
[2026-03-14T14:18:41.339+0000] {processor.py:183} INFO - Processing /opt/airflow/dags/transfer.py took 0.273 seconds
[2026-03-14T14:26:13.904+0000] {processor.py:161} INFO - Started process (PID=2489) to work on /opt/airflow/dags/transfer.py
[2026-03-14T14:26:13.905+0000] {processor.py:830} INFO - Processing file /opt/airflow/dags/transfer.py for tasks to queue
[2026-03-14T14:26:13.913+0000] {logging_mixin.py:188} INFO - [2026-03-14T14:26:13.909+0000] {dagbag.py:545} INFO - Filling up the DagBag from /opt/airflow/dags/transfer.py
[2026-03-14T14:26:13.958+0000] {processor.py:840} INFO - DAG(s) 'transfer_from_minio_to_snowflake_transactions', 'transfer_from_minio_to_snowflake_accounts', 'transfer_from_minio_to_snowflake_customers' retrieved from /opt/airflow/dags/transfer.py
[2026-03-14T14:26:14.006+0000] {logging_mixin.py:188} INFO - [2026-03-14T14:26:14.006+0000] {dag.py:3089} INFO - Sync 3 DAGs
[2026-03-14T14:26:14.023+0000] {logging_mixin.py:188} INFO - [2026-03-14T14:26:14.023+0000] {dag.py:3947} INFO - Setting next_dagrun for transfer_from_minio_to_snowflake_accounts to 2026-03-14 14:25:00+00:00, run_after=2026-03-14 14:26:00+00:00
[2026-03-14T14:26:14.026+0000] {logging_mixin.py:188} INFO - [2026-03-14T14:26:14.026+0000] {dag.py:3947} INFO - Setting next_dagrun for transfer_from_minio_to_snowflake_customers to 2026-03-14 14:25:00+00:00, run_after=2026-03-14 14:26:00+00:00
[2026-03-14T14:26:14.028+0000] {logging_mixin.py:188} INFO - [2026-03-14T14:26:14.028+0000] {dag.py:3947} INFO - Setting next_dagrun for transfer_from_minio_to_snowflake_transactions to 2026-03-14 14:25:00+00:00, run_after=2026-03-14 14:26:00+00:00
[2026-03-14T14:26:14.035+0000] {processor.py:183} INFO - Processing /opt/airflow/dags/transfer.py took 0.149 seconds
[2026-03-14T14:42:09.271+0000] {processor.py:161} INFO - Started process (PID=2491) to work on /opt/airflow/dags/transfer.py
[2026-03-14T14:42:09.273+0000] {processor.py:830} INFO - Processing file /opt/airflow/dags/transfer.py for tasks to queue
[2026-03-14T14:42:09.275+0000] {logging_mixin.py:188} INFO - [2026-03-14T14:42:09.275+0000] {dagbag.py:545} INFO - Filling up the DagBag from /opt/airflow/dags/transfer.py
[2026-03-14T14:42:09.298+0000] {processor.py:840} INFO - DAG(s) 'transfer_from_minio_to_snowflake_transactions', 'transfer_from_minio_to_snowflake_accounts', 'transfer_from_minio_to_snowflake_customers' retrieved from /opt/airflow/dags/transfer.py
[2026-03-14T14:42:09.325+0000] {logging_mixin.py:188} INFO - [2026-03-14T14:42:09.324+0000] {dag.py:3089} INFO - Sync 3 DAGs
[2026-03-14T14:42:09.339+0000] {logging_mixin.py:188} INFO - [2026-03-14T14:42:09.339+0000] {dag.py:3947} INFO - Setting next_dagrun for transfer_from_minio_to_snowflake_accounts to 2026-03-14 14:41:00+00:00, run_after=2026-03-14 14:42:00+00:00
[2026-03-14T14:42:09.342+0000] {logging_mixin.py:188} INFO - [2026-03-14T14:42:09.342+0000] {dag.py:3947} INFO - Setting next_dagrun for transfer_from_minio_to_snowflake_customers to 2026-03-14 14:41:00+00:00, run_after=2026-03-14 14:42:00+00:00
[2026-03-14T14:42:09.344+0000] {logging_mixin.py:188} INFO - [2026-03-14T14:42:09.344+0000] {dag.py:3947} INFO - Setting next_dagrun for transfer_from_minio_to_snowflake_transactions to 2026-03-14 14:41:00+00:00, run_after=2026-03-14 14:42:00+00:00
[2026-03-14T14:42:09.352+0000] {processor.py:183} INFO - Processing /opt/airflow/dags/transfer.py took 0.091 seconds
[2026-03-14T14:42:39.753+0000] {processor.py:161} INFO - Started process (PID=2493) to work on /opt/airflow/dags/transfer.py
[2026-03-14T14:42:39.754+0000] {processor.py:830} INFO - Processing file /opt/airflow/dags/transfer.py for tasks to queue
[2026-03-14T14:42:39.756+0000] {logging_mixin.py:188} INFO - [2026-03-14T14:42:39.756+0000] {dagbag.py:545} INFO - Filling up the DagBag from /opt/airflow/dags/transfer.py
[2026-03-14T14:42:39.786+0000] {processor.py:840} INFO - DAG(s) 'transfer_from_minio_to_snowflake_accounts', 'transfer_from_minio_to_snowflake_customers', 'transfer_from_minio_to_snowflake_transactions' retrieved from /opt/airflow/dags/transfer.py
[2026-03-14T14:42:39.818+0000] {logging_mixin.py:188} INFO - [2026-03-14T14:42:39.817+0000] {dag.py:3089} INFO - Sync 3 DAGs
[2026-03-14T14:42:39.831+0000] {logging_mixin.py:188} INFO - [2026-03-14T14:42:39.831+0000] {dag.py:3947} INFO - Setting next_dagrun for transfer_from_minio_to_snowflake_accounts to 2026-03-14 14:41:00+00:00, run_after=2026-03-14 14:42:00+00:00
[2026-03-14T14:42:39.834+0000] {logging_mixin.py:188} INFO - [2026-03-14T14:42:39.834+0000] {dag.py:3947} INFO - Setting next_dagrun for transfer_from_minio_to_snowflake_customers to 2026-03-14 14:41:00+00:00, run_after=2026-03-14 14:42:00+00:00
[2026-03-14T14:42:39.835+0000] {logging_mixin.py:188} INFO - [2026-03-14T14:42:39.835+0000] {dag.py:3947} INFO - Setting next_dagrun for transfer_from_minio_to_snowflake_transactions to 2026-03-14 14:41:00+00:00, run_after=2026-03-14 14:42:00+00:00
[2026-03-14T14:42:39.842+0000] {processor.py:183} INFO - Processing /opt/airflow/dags/transfer.py took 0.098 seconds
[2026-03-14T14:58:34.956+0000] {processor.py:161} INFO - Started process (PID=2495) to work on /opt/airflow/dags/transfer.py
[2026-03-14T14:58:34.957+0000] {processor.py:830} INFO - Processing file /opt/airflow/dags/transfer.py for tasks to queue
[2026-03-14T14:58:34.961+0000] {logging_mixin.py:188} INFO - [2026-03-14T14:58:34.961+0000] {dagbag.py:545} INFO - Filling up the DagBag from /opt/airflow/dags/transfer.py
[2026-03-14T14:58:34.988+0000] {processor.py:840} INFO - DAG(s) 'transfer_from_minio_to_snowflake_accounts', 'transfer_from_minio_to_snowflake_transactions', 'transfer_from_minio_to_snowflake_customers' retrieved from /opt/airflow/dags/transfer.py
[2026-03-14T14:58:35.016+0000] {logging_mixin.py:188} INFO - [2026-03-14T14:58:35.016+0000] {dag.py:3089} INFO - Sync 3 DAGs
[2026-03-14T14:58:35.032+0000] {logging_mixin.py:188} INFO - [2026-03-14T14:58:35.032+0000] {dag.py:3947} INFO - Setting next_dagrun for transfer_from_minio_to_snowflake_accounts to 2026-03-14 14:57:00+00:00, run_after=2026-03-14 14:58:00+00:00
[2026-03-14T14:58:35.035+0000] {logging_mixin.py:188} INFO - [2026-03-14T14:58:35.035+0000] {dag.py:3947} INFO - Setting next_dagrun for transfer_from_minio_to_snowflake_customers to 2026-03-14 14:57:00+00:00, run_after=2026-03-14 14:58:00+00:00
[2026-03-14T14:58:35.037+0000] {logging_mixin.py:188} INFO - [2026-03-14T14:58:35.037+0000] {dag.py:3947} INFO - Setting next_dagrun for transfer_from_minio_to_snowflake_transactions to 2026-03-14 14:57:00+00:00, run_after=2026-03-14 14:58:00+00:00
[2026-03-14T14:58:35.043+0000] {processor.py:183} INFO - Processing /opt/airflow/dags/transfer.py took 0.097 seconds
[2026-03-14T15:02:12.947+0000] {processor.py:161} INFO - Started process (PID=2497) to work on /opt/airflow/dags/transfer.py
[2026-03-14T15:02:12.949+0000] {processor.py:830} INFO - Processing file /opt/airflow/dags/transfer.py for tasks to queue
[2026-03-14T15:02:12.951+0000] {logging_mixin.py:188} INFO - [2026-03-14T15:02:12.951+0000] {dagbag.py:545} INFO - Filling up the DagBag from /opt/airflow/dags/transfer.py
[2026-03-14T15:02:12.988+0000] {processor.py:840} INFO - DAG(s) 'transfer_from_minio_to_snowflake_customers', 'transfer_from_minio_to_snowflake_accounts', 'transfer_from_minio_to_snowflake_transactions' retrieved from /opt/airflow/dags/transfer.py
[2026-03-14T15:02:13.013+0000] {logging_mixin.py:188} INFO - [2026-03-14T15:02:13.012+0000] {dag.py:3089} INFO - Sync 3 DAGs
[2026-03-14T15:02:13.028+0000] {logging_mixin.py:188} INFO - [2026-03-14T15:02:13.028+0000] {dag.py:3947} INFO - Setting next_dagrun for transfer_from_minio_to_snowflake_accounts to 2026-03-14 15:01:00+00:00, run_after=2026-03-14 15:02:00+00:00
[2026-03-14T15:02:13.031+0000] {logging_mixin.py:188} INFO - [2026-03-14T15:02:13.031+0000] {dag.py:3947} INFO - Setting next_dagrun for transfer_from_minio_to_snowflake_customers to 2026-03-14 15:01:00+00:00, run_after=2026-03-14 15:02:00+00:00
[2026-03-14T15:02:13.032+0000] {logging_mixin.py:188} INFO - [2026-03-14T15:02:13.032+0000] {dag.py:3947} INFO - Setting next_dagrun for transfer_from_minio_to_snowflake_transactions to 2026-03-14 15:01:00+00:00, run_after=2026-03-14 15:02:00+00:00
[2026-03-14T15:02:13.598+0000] {processor.py:183} INFO - Processing /opt/airflow/dags/transfer.py took 0.661 seconds
[2026-03-14T15:02:44.367+0000] {processor.py:161} INFO - Started process (PID=2499) to work on /opt/airflow/dags/transfer.py
[2026-03-14T15:02:44.368+0000] {processor.py:830} INFO - Processing file /opt/airflow/dags/transfer.py for tasks to queue
[2026-03-14T15:02:44.370+0000] {logging_mixin.py:188} INFO - [2026-03-14T15:02:44.370+0000] {dagbag.py:545} INFO - Filling up the DagBag from /opt/airflow/dags/transfer.py
[2026-03-14T15:02:44.399+0000] {processor.py:840} INFO - DAG(s) 'transfer_from_minio_to_snowflake_customers', 'transfer_from_minio_to_snowflake_accounts', 'transfer_from_minio_to_snowflake_transactions' retrieved from /opt/airflow/dags/transfer.py
[2026-03-14T15:02:44.446+0000] {logging_mixin.py:188} INFO - [2026-03-14T15:02:44.445+0000] {dag.py:3089} INFO - Sync 3 DAGs
[2026-03-14T15:02:44.464+0000] {logging_mixin.py:188} INFO - [2026-03-14T15:02:44.464+0000] {dag.py:3947} INFO - Setting next_dagrun for transfer_from_minio_to_snowflake_accounts to 2026-03-14 15:01:00+00:00, run_after=2026-03-14 15:02:00+00:00
[2026-03-14T15:02:44.467+0000] {logging_mixin.py:188} INFO - [2026-03-14T15:02:44.467+0000] {dag.py:3947} INFO - Setting next_dagrun for transfer_from_minio_to_snowflake_customers to 2026-03-14 15:01:00+00:00, run_after=2026-03-14 15:02:00+00:00
[2026-03-14T15:02:44.469+0000] {logging_mixin.py:188} INFO - [2026-03-14T15:02:44.469+0000] {dag.py:3947} INFO - Setting next_dagrun for transfer_from_minio_to_snowflake_transactions to 2026-03-14 15:01:00+00:00, run_after=2026-03-14 15:02:00+00:00
[2026-03-14T15:02:44.476+0000] {processor.py:183} INFO - Processing /opt/airflow/dags/transfer.py took 0.117 seconds
[2026-03-14T15:03:15.371+0000] {processor.py:161} INFO - Started process (PID=2501) to work on /opt/airflow/dags/transfer.py
[2026-03-14T15:03:15.373+0000] {processor.py:830} INFO - Processing file /opt/airflow/dags/transfer.py for tasks to queue
[2026-03-14T15:03:15.374+0000] {logging_mixin.py:188} INFO - [2026-03-14T15:03:15.374+0000] {dagbag.py:545} INFO - Filling up the DagBag from /opt/airflow/dags/transfer.py
[2026-03-14T15:03:15.401+0000] {processor.py:840} INFO - DAG(s) 'transfer_from_minio_to_snowflake_transactions', 'transfer_from_minio_to_snowflake_accounts', 'transfer_from_minio_to_snowflake_customers' retrieved from /opt/airflow/dags/transfer.py
[2026-03-14T15:03:15.433+0000] {logging_mixin.py:188} INFO - [2026-03-14T15:03:15.433+0000] {dag.py:3089} INFO - Sync 3 DAGs
[2026-03-14T15:03:15.452+0000] {logging_mixin.py:188} INFO - [2026-03-14T15:03:15.452+0000] {dag.py:3947} INFO - Setting next_dagrun for transfer_from_minio_to_snowflake_accounts to 2026-03-14 15:02:00+00:00, run_after=2026-03-14 15:03:00+00:00
[2026-03-14T15:03:15.456+0000] {logging_mixin.py:188} INFO - [2026-03-14T15:03:15.456+0000] {dag.py:3947} INFO - Setting next_dagrun for transfer_from_minio_to_snowflake_customers to 2026-03-14 15:02:00+00:00, run_after=2026-03-14 15:03:00+00:00
[2026-03-14T15:03:15.458+0000] {logging_mixin.py:188} INFO - [2026-03-14T15:03:15.458+0000] {dag.py:3947} INFO - Setting next_dagrun for transfer_from_minio_to_snowflake_transactions to 2026-03-14 15:02:00+00:00, run_after=2026-03-14 15:03:00+00:00
[2026-03-14T15:03:15.466+0000] {processor.py:183} INFO - Processing /opt/airflow/dags/transfer.py took 0.106 seconds
[2026-03-14T15:19:09.612+0000] {processor.py:161} INFO - Started process (PID=2503) to work on /opt/airflow/dags/transfer.py
[2026-03-14T15:19:09.614+0000] {processor.py:830} INFO - Processing file /opt/airflow/dags/transfer.py for tasks to queue
[2026-03-14T15:19:09.616+0000] {logging_mixin.py:188} INFO - [2026-03-14T15:19:09.616+0000] {dagbag.py:545} INFO - Filling up the DagBag from /opt/airflow/dags/transfer.py
[2026-03-14T15:19:09.646+0000] {processor.py:840} INFO - DAG(s) 'transfer_from_minio_to_snowflake_accounts', 'transfer_from_minio_to_snowflake_customers', 'transfer_from_minio_to_snowflake_transactions' retrieved from /opt/airflow/dags/transfer.py
[2026-03-14T15:19:09.684+0000] {logging_mixin.py:188} INFO - [2026-03-14T15:19:09.684+0000] {dag.py:3089} INFO - Sync 3 DAGs
[2026-03-14T15:19:09.703+0000] {logging_mixin.py:188} INFO - [2026-03-14T15:19:09.703+0000] {dag.py:3947} INFO - Setting next_dagrun for transfer_from_minio_to_snowflake_accounts to 2026-03-14 15:18:00+00:00, run_after=2026-03-14 15:19:00+00:00
[2026-03-14T15:19:09.709+0000] {logging_mixin.py:188} INFO - [2026-03-14T15:19:09.709+0000] {dag.py:3947} INFO - Setting next_dagrun for transfer_from_minio_to_snowflake_customers to 2026-03-14 15:18:00+00:00, run_after=2026-03-14 15:19:00+00:00
[2026-03-14T15:19:09.712+0000] {logging_mixin.py:188} INFO - [2026-03-14T15:19:09.712+0000] {dag.py:3947} INFO - Setting next_dagrun for transfer_from_minio_to_snowflake_transactions to 2026-03-14 15:18:00+00:00, run_after=2026-03-14 15:19:00+00:00
[2026-03-14T15:19:09.728+0000] {processor.py:183} INFO - Processing /opt/airflow/dags/transfer.py took 0.127 seconds
[2026-03-14T15:19:40.167+0000] {processor.py:161} INFO - Started process (PID=2505) to work on /opt/airflow/dags/transfer.py
[2026-03-14T15:19:40.169+0000] {processor.py:830} INFO - Processing file /opt/airflow/dags/transfer.py for tasks to queue
[2026-03-14T15:19:40.174+0000] {logging_mixin.py:188} INFO - [2026-03-14T15:19:40.172+0000] {dagbag.py:545} INFO - Filling up the DagBag from /opt/airflow/dags/transfer.py
[2026-03-14T15:19:40.212+0000] {processor.py:840} INFO - DAG(s) 'transfer_from_minio_to_snowflake_customers', 'transfer_from_minio_to_snowflake_transactions', 'transfer_from_minio_to_snowflake_accounts' retrieved from /opt/airflow/dags/transfer.py
[2026-03-14T15:19:40.245+0000] {logging_mixin.py:188} INFO - [2026-03-14T15:19:40.245+0000] {dag.py:3089} INFO - Sync 3 DAGs
[2026-03-14T15:19:40.261+0000] {logging_mixin.py:188} INFO - [2026-03-14T15:19:40.261+0000] {dag.py:3947} INFO - Setting next_dagrun for transfer_from_minio_to_snowflake_accounts to 2026-03-14 15:18:00+00:00, run_after=2026-03-14 15:19:00+00:00
[2026-03-14T15:19:40.264+0000] {logging_mixin.py:188} INFO - [2026-03-14T15:19:40.263+0000] {dag.py:3947} INFO - Setting next_dagrun for transfer_from_minio_to_snowflake_customers to 2026-03-14 15:18:00+00:00, run_after=2026-03-14 15:19:00+00:00
[2026-03-14T15:19:40.265+0000] {logging_mixin.py:188} INFO - [2026-03-14T15:19:40.265+0000] {dag.py:3947} INFO - Setting next_dagrun for transfer_from_minio_to_snowflake_transactions to 2026-03-14 15:18:00+00:00, run_after=2026-03-14 15:19:00+00:00
[2026-03-14T15:19:40.272+0000] {processor.py:183} INFO - Processing /opt/airflow/dags/transfer.py took 0.117 seconds
[2026-03-14T15:35:59.123+0000] {processor.py:161} INFO - Started process (PID=2507) to work on /opt/airflow/dags/transfer.py
[2026-03-14T15:35:59.126+0000] {processor.py:830} INFO - Processing file /opt/airflow/dags/transfer.py for tasks to queue
[2026-03-14T15:35:59.130+0000] {logging_mixin.py:188} INFO - [2026-03-14T15:35:59.130+0000] {dagbag.py:545} INFO - Filling up the DagBag from /opt/airflow/dags/transfer.py
[2026-03-14T15:35:59.155+0000] {processor.py:840} INFO - DAG(s) 'transfer_from_minio_to_snowflake_accounts', 'transfer_from_minio_to_snowflake_transactions', 'transfer_from_minio_to_snowflake_customers' retrieved from /opt/airflow/dags/transfer.py
[2026-03-14T15:35:59.181+0000] {logging_mixin.py:188} INFO - [2026-03-14T15:35:59.181+0000] {dag.py:3089} INFO - Sync 3 DAGs
[2026-03-14T15:35:59.196+0000] {logging_mixin.py:188} INFO - [2026-03-14T15:35:59.196+0000] {dag.py:3947} INFO - Setting next_dagrun for transfer_from_minio_to_snowflake_accounts to 2026-03-14 15:34:00+00:00, run_after=2026-03-14 15:35:00+00:00
[2026-03-14T15:35:59.198+0000] {logging_mixin.py:188} INFO - [2026-03-14T15:35:59.198+0000] {dag.py:3947} INFO - Setting next_dagrun for transfer_from_minio_to_snowflake_customers to 2026-03-14 15:34:00+00:00, run_after=2026-03-14 15:35:00+00:00
[2026-03-14T15:35:59.200+0000] {logging_mixin.py:188} INFO - [2026-03-14T15:35:59.200+0000] {dag.py:3947} INFO - Setting next_dagrun for transfer_from_minio_to_snowflake_transactions to 2026-03-14 15:34:00+00:00, run_after=2026-03-14 15:35:00+00:00
[2026-03-14T15:35:59.208+0000] {processor.py:183} INFO - Processing /opt/airflow/dags/transfer.py took 0.094 seconds
[2026-03-14T15:36:29.684+0000] {processor.py:161} INFO - Started process (PID=2509) to work on /opt/airflow/dags/transfer.py
[2026-03-14T15:36:29.687+0000] {processor.py:830} INFO - Processing file /opt/airflow/dags/transfer.py for tasks to queue
[2026-03-14T15:36:29.694+0000] {logging_mixin.py:188} INFO - [2026-03-14T15:36:29.693+0000] {dagbag.py:545} INFO - Filling up the DagBag from /opt/airflow/dags/transfer.py
[2026-03-14T15:36:29.733+0000] {processor.py:840} INFO - DAG(s) 'transfer_from_minio_to_snowflake_accounts', 'transfer_from_minio_to_snowflake_transactions', 'transfer_from_minio_to_snowflake_customers' retrieved from /opt/airflow/dags/transfer.py
[2026-03-14T15:36:29.764+0000] {logging_mixin.py:188} INFO - [2026-03-14T15:36:29.764+0000] {dag.py:3089} INFO - Sync 3 DAGs
[2026-03-14T15:36:29.778+0000] {logging_mixin.py:188} INFO - [2026-03-14T15:36:29.778+0000] {dag.py:3947} INFO - Setting next_dagrun for transfer_from_minio_to_snowflake_accounts to 2026-03-14 15:35:00+00:00, run_after=2026-03-14 15:36:00+00:00
[2026-03-14T15:36:29.972+0000] {logging_mixin.py:188} INFO - [2026-03-14T15:36:29.972+0000] {dag.py:3947} INFO - Setting next_dagrun for transfer_from_minio_to_snowflake_customers to 2026-03-14 15:35:00+00:00, run_after=2026-03-14 15:36:00+00:00
[2026-03-14T15:36:29.973+0000] {logging_mixin.py:188} INFO - [2026-03-14T15:36:29.973+0000] {dag.py:3947} INFO - Setting next_dagrun for transfer_from_minio_to_snowflake_transactions to 2026-03-14 15:35:00+00:00, run_after=2026-03-14 15:36:00+00:00
[2026-03-14T15:36:29.981+0000] {processor.py:183} INFO - Processing /opt/airflow/dags/transfer.py took 0.319 seconds
[2026-03-14T15:52:24.866+0000] {processor.py:161} INFO - Started process (PID=2511) to work on /opt/airflow/dags/transfer.py
[2026-03-14T15:52:24.869+0000] {processor.py:830} INFO - Processing file /opt/airflow/dags/transfer.py for tasks to queue
[2026-03-14T15:52:24.872+0000] {logging_mixin.py:188} INFO - [2026-03-14T15:52:24.872+0000] {dagbag.py:545} INFO - Filling up the DagBag from /opt/airflow/dags/transfer.py
[2026-03-14T15:52:24.903+0000] {processor.py:840} INFO - DAG(s) 'transfer_from_minio_to_snowflake_customers', 'transfer_from_minio_to_snowflake_transactions', 'transfer_from_minio_to_snowflake_accounts' retrieved from /opt/airflow/dags/transfer.py
[2026-03-14T15:52:24.932+0000] {logging_mixin.py:188} INFO - [2026-03-14T15:52:24.932+0000] {dag.py:3089} INFO - Sync 3 DAGs
[2026-03-14T15:52:24.946+0000] {logging_mixin.py:188} INFO - [2026-03-14T15:52:24.945+0000] {dag.py:3947} INFO - Setting next_dagrun for transfer_from_minio_to_snowflake_accounts to 2026-03-14 15:51:00+00:00, run_after=2026-03-14 15:52:00+00:00
[2026-03-14T15:52:24.948+0000] {logging_mixin.py:188} INFO - [2026-03-14T15:52:24.948+0000] {dag.py:3947} INFO - Setting next_dagrun for transfer_from_minio_to_snowflake_customers to 2026-03-14 15:51:00+00:00, run_after=2026-03-14 15:52:00+00:00
[2026-03-14T15:52:24.950+0000] {logging_mixin.py:188} INFO - [2026-03-14T15:52:24.950+0000] {dag.py:3947} INFO - Setting next_dagrun for transfer_from_minio_to_snowflake_transactions to 2026-03-14 15:51:00+00:00, run_after=2026-03-14 15:52:00+00:00
[2026-03-14T15:52:24.957+0000] {processor.py:183} INFO - Processing /opt/airflow/dags/transfer.py took 0.102 seconds
[2026-03-14T15:54:39.978+0000] {processor.py:161} INFO - Started process (PID=2513) to work on /opt/airflow/dags/transfer.py
[2026-03-14T15:54:39.980+0000] {processor.py:830} INFO - Processing file /opt/airflow/dags/transfer.py for tasks to queue
[2026-03-14T15:54:39.982+0000] {logging_mixin.py:188} INFO - [2026-03-14T15:54:39.982+0000] {dagbag.py:545} INFO - Filling up the DagBag from /opt/airflow/dags/transfer.py
[2026-03-14T15:54:40.017+0000] {processor.py:840} INFO - DAG(s) 'transfer_from_minio_to_snowflake_accounts', 'transfer_from_minio_to_snowflake_transactions', 'transfer_from_minio_to_snowflake_customers' retrieved from /opt/airflow/dags/transfer.py
[2026-03-14T15:54:40.051+0000] {logging_mixin.py:188} INFO - [2026-03-14T15:54:40.051+0000] {dag.py:3089} INFO - Sync 3 DAGs
[2026-03-14T15:54:40.068+0000] {logging_mixin.py:188} INFO - [2026-03-14T15:54:40.067+0000] {dag.py:3947} INFO - Setting next_dagrun for transfer_from_minio_to_snowflake_accounts to 2026-03-14 15:53:00+00:00, run_after=2026-03-14 15:54:00+00:00
[2026-03-14T15:54:40.071+0000] {logging_mixin.py:188} INFO - [2026-03-14T15:54:40.071+0000] {dag.py:3947} INFO - Setting next_dagrun for transfer_from_minio_to_snowflake_customers to 2026-03-14 15:53:00+00:00, run_after=2026-03-14 15:54:00+00:00
[2026-03-14T15:54:40.073+0000] {logging_mixin.py:188} INFO - [2026-03-14T15:54:40.073+0000] {dag.py:3947} INFO - Setting next_dagrun for transfer_from_minio_to_snowflake_transactions to 2026-03-14 15:53:00+00:00, run_after=2026-03-14 15:54:00+00:00
[2026-03-14T15:54:40.082+0000] {processor.py:183} INFO - Processing /opt/airflow/dags/transfer.py took 0.114 seconds
[2026-03-14T15:55:10.439+0000] {processor.py:161} INFO - Started process (PID=2515) to work on /opt/airflow/dags/transfer.py
[2026-03-14T15:55:10.441+0000] {processor.py:830} INFO - Processing file /opt/airflow/dags/transfer.py for tasks to queue
[2026-03-14T15:55:10.444+0000] {logging_mixin.py:188} INFO - [2026-03-14T15:55:10.444+0000] {dagbag.py:545} INFO - Filling up the DagBag from /opt/airflow/dags/transfer.py
[2026-03-14T15:55:10.478+0000] {processor.py:840} INFO - DAG(s) 'transfer_from_minio_to_snowflake_transactions', 'transfer_from_minio_to_snowflake_accounts', 'transfer_from_minio_to_snowflake_customers' retrieved from /opt/airflow/dags/transfer.py
[2026-03-14T15:55:10.512+0000] {logging_mixin.py:188} INFO - [2026-03-14T15:55:10.511+0000] {dag.py:3089} INFO - Sync 3 DAGs
[2026-03-14T15:55:10.525+0000] {logging_mixin.py:188} INFO - [2026-03-14T15:55:10.525+0000] {dag.py:3947} INFO - Setting next_dagrun for transfer_from_minio_to_snowflake_accounts to 2026-03-14 15:54:00+00:00, run_after=2026-03-14 15:55:00+00:00
[2026-03-14T15:55:10.528+0000] {logging_mixin.py:188} INFO - [2026-03-14T15:55:10.528+0000] {dag.py:3947} INFO - Setting next_dagrun for transfer_from_minio_to_snowflake_customers to 2026-03-14 15:54:00+00:00, run_after=2026-03-14 15:55:00+00:00
[2026-03-14T15:55:10.529+0000] {logging_mixin.py:188} INFO - [2026-03-14T15:55:10.529+0000] {dag.py:3947} INFO - Setting next_dagrun for transfer_from_minio_to_snowflake_transactions to 2026-03-14 15:54:00+00:00, run_after=2026-03-14 15:55:00+00:00
[2026-03-14T15:55:10.537+0000] {processor.py:183} INFO - Processing /opt/airflow/dags/transfer.py took 0.108 seconds
[2026-03-14T15:55:40.884+0000] {processor.py:161} INFO - Started process (PID=2517) to work on /opt/airflow/dags/transfer.py
[2026-03-14T15:55:40.887+0000] {processor.py:830} INFO - Processing file /opt/airflow/dags/transfer.py for tasks to queue
[2026-03-14T15:55:40.890+0000] {logging_mixin.py:188} INFO - [2026-03-14T15:55:40.889+0000] {dagbag.py:545} INFO - Filling up the DagBag from /opt/airflow/dags/transfer.py
[2026-03-14T15:55:40.926+0000] {processor.py:840} INFO - DAG(s) 'transfer_from_minio_to_snowflake_customers', 'transfer_from_minio_to_snowflake_accounts', 'transfer_from_minio_to_snowflake_transactions' retrieved from /opt/airflow/dags/transfer.py
[2026-03-14T15:55:40.958+0000] {logging_mixin.py:188} INFO - [2026-03-14T15:55:40.957+0000] {dag.py:3089} INFO - Sync 3 DAGs
[2026-03-14T15:55:40.971+0000] {logging_mixin.py:188} INFO - [2026-03-14T15:55:40.971+0000] {dag.py:3947} INFO - Setting next_dagrun for transfer_from_minio_to_snowflake_accounts to 2026-03-14 15:54:00+00:00, run_after=2026-03-14 15:55:00+00:00
[2026-03-14T15:55:40.974+0000] {logging_mixin.py:188} INFO - [2026-03-14T15:55:40.974+0000] {dag.py:3947} INFO - Setting next_dagrun for transfer_from_minio_to_snowflake_customers to 2026-03-14 15:54:00+00:00, run_after=2026-03-14 15:55:00+00:00
[2026-03-14T15:55:40.976+0000] {logging_mixin.py:188} INFO - [2026-03-14T15:55:40.976+0000] {dag.py:3947} INFO - Setting next_dagrun for transfer_from_minio_to_snowflake_transactions to 2026-03-14 15:54:00+00:00, run_after=2026-03-14 15:55:00+00:00
[2026-03-14T15:55:40.983+0000] {processor.py:183} INFO - Processing /opt/airflow/dags/transfer.py took 0.110 seconds
[2026-03-14T15:56:11.348+0000] {processor.py:161} INFO - Started process (PID=2519) to work on /opt/airflow/dags/transfer.py
[2026-03-14T15:56:11.351+0000] {processor.py:830} INFO - Processing file /opt/airflow/dags/transfer.py for tasks to queue
[2026-03-14T15:56:11.354+0000] {logging_mixin.py:188} INFO - [2026-03-14T15:56:11.354+0000] {dagbag.py:545} INFO - Filling up the DagBag from /opt/airflow/dags/transfer.py
[2026-03-14T15:56:11.390+0000] {processor.py:840} INFO - DAG(s) 'transfer_from_minio_to_snowflake_accounts', 'transfer_from_minio_to_snowflake_customers', 'transfer_from_minio_to_snowflake_transactions' retrieved from /opt/airflow/dags/transfer.py
[2026-03-14T15:56:11.420+0000] {logging_mixin.py:188} INFO - [2026-03-14T15:56:11.420+0000] {dag.py:3089} INFO - Sync 3 DAGs
[2026-03-14T15:56:11.436+0000] {logging_mixin.py:188} INFO - [2026-03-14T15:56:11.436+0000] {dag.py:3947} INFO - Setting next_dagrun for transfer_from_minio_to_snowflake_accounts to 2026-03-14 15:55:00+00:00, run_after=2026-03-14 15:56:00+00:00
[2026-03-14T15:56:11.438+0000] {logging_mixin.py:188} INFO - [2026-03-14T15:56:11.438+0000] {dag.py:3947} INFO - Setting next_dagrun for transfer_from_minio_to_snowflake_customers to 2026-03-14 15:55:00+00:00, run_after=2026-03-14 15:56:00+00:00
[2026-03-14T15:56:11.440+0000] {logging_mixin.py:188} INFO - [2026-03-14T15:56:11.440+0000] {dag.py:3947} INFO - Setting next_dagrun for transfer_from_minio_to_snowflake_transactions to 2026-03-14 15:55:00+00:00, run_after=2026-03-14 15:56:00+00:00
[2026-03-14T15:56:11.448+0000] {processor.py:183} INFO - Processing /opt/airflow/dags/transfer.py took 0.111 seconds
[2026-03-14T15:56:41.812+0000] {processor.py:161} INFO - Started process (PID=2521) to work on /opt/airflow/dags/transfer.py
[2026-03-14T15:56:41.814+0000] {processor.py:830} INFO - Processing file /opt/airflow/dags/transfer.py for tasks to queue
[2026-03-14T15:56:41.821+0000] {logging_mixin.py:188} INFO - [2026-03-14T15:56:41.819+0000] {dagbag.py:545} INFO - Filling up the DagBag from /opt/airflow/dags/transfer.py
[2026-03-14T15:56:41.865+0000] {processor.py:840} INFO - DAG(s) 'transfer_from_minio_to_snowflake_accounts', 'transfer_from_minio_to_snowflake_customers', 'transfer_from_minio_to_snowflake_transactions' retrieved from /opt/airflow/dags/transfer.py
[2026-03-14T15:56:41.902+0000] {logging_mixin.py:188} INFO - [2026-03-14T15:56:41.902+0000] {dag.py:3089} INFO - Sync 3 DAGs
[2026-03-14T15:56:41.920+0000] {logging_mixin.py:188} INFO - [2026-03-14T15:56:41.919+0000] {dag.py:3947} INFO - Setting next_dagrun for transfer_from_minio_to_snowflake_accounts to 2026-03-14 15:55:00+00:00, run_after=2026-03-14 15:56:00+00:00
[2026-03-14T15:56:42.119+0000] {logging_mixin.py:188} INFO - [2026-03-14T15:56:42.119+0000] {dag.py:3947} INFO - Setting next_dagrun for transfer_from_minio_to_snowflake_customers to 2026-03-14 15:55:00+00:00, run_after=2026-03-14 15:56:00+00:00
[2026-03-14T15:56:42.121+0000] {logging_mixin.py:188} INFO - [2026-03-14T15:56:42.121+0000] {dag.py:3947} INFO - Setting next_dagrun for transfer_from_minio_to_snowflake_transactions to 2026-03-14 15:55:00+00:00, run_after=2026-03-14 15:56:00+00:00
[2026-03-14T15:56:42.128+0000] {processor.py:183} INFO - Processing /opt/airflow/dags/transfer.py took 0.325 seconds
[2026-03-14T15:57:12.262+0000] {processor.py:161} INFO - Started process (PID=2523) to work on /opt/airflow/dags/transfer.py
[2026-03-14T15:57:12.265+0000] {processor.py:830} INFO - Processing file /opt/airflow/dags/transfer.py for tasks to queue
[2026-03-14T15:57:12.273+0000] {logging_mixin.py:188} INFO - [2026-03-14T15:57:12.273+0000] {dagbag.py:545} INFO - Filling up the DagBag from /opt/airflow/dags/transfer.py
[2026-03-14T15:57:12.310+0000] {processor.py:840} INFO - DAG(s) 'transfer_from_minio_to_snowflake_transactions', 'transfer_from_minio_to_snowflake_customers', 'transfer_from_minio_to_snowflake_accounts' retrieved from /opt/airflow/dags/transfer.py
[2026-03-14T15:57:12.344+0000] {logging_mixin.py:188} INFO - [2026-03-14T15:57:12.344+0000] {dag.py:3089} INFO - Sync 3 DAGs
[2026-03-14T15:57:12.360+0000] {logging_mixin.py:188} INFO - [2026-03-14T15:57:12.360+0000] {dag.py:3947} INFO - Setting next_dagrun for transfer_from_minio_to_snowflake_accounts to 2026-03-14 15:56:00+00:00, run_after=2026-03-14 15:57:00+00:00
[2026-03-14T15:57:12.363+0000] {logging_mixin.py:188} INFO - [2026-03-14T15:57:12.363+0000] {dag.py:3947} INFO - Setting next_dagrun for transfer_from_minio_to_snowflake_customers to 2026-03-14 15:56:00+00:00, run_after=2026-03-14 15:57:00+00:00
[2026-03-14T15:57:12.364+0000] {logging_mixin.py:188} INFO - [2026-03-14T15:57:12.364+0000] {dag.py:3947} INFO - Setting next_dagrun for transfer_from_minio_to_snowflake_transactions to 2026-03-14 15:56:00+00:00, run_after=2026-03-14 15:57:00+00:00
[2026-03-14T15:57:12.372+0000] {processor.py:183} INFO - Processing /opt/airflow/dags/transfer.py took 0.121 seconds
[2026-03-14T15:57:42.815+0000] {processor.py:161} INFO - Started process (PID=2525) to work on /opt/airflow/dags/transfer.py
[2026-03-14T15:57:42.816+0000] {processor.py:830} INFO - Processing file /opt/airflow/dags/transfer.py for tasks to queue
[2026-03-14T15:57:42.823+0000] {logging_mixin.py:188} INFO - [2026-03-14T15:57:42.822+0000] {dagbag.py:545} INFO - Filling up the DagBag from /opt/airflow/dags/transfer.py
[2026-03-14T15:57:42.859+0000] {processor.py:840} INFO - DAG(s) 'transfer_from_minio_to_snowflake_customers', 'transfer_from_minio_to_snowflake_transactions', 'transfer_from_minio_to_snowflake_accounts' retrieved from /opt/airflow/dags/transfer.py
[2026-03-14T15:57:42.892+0000] {logging_mixin.py:188} INFO - [2026-03-14T15:57:42.892+0000] {dag.py:3089} INFO - Sync 3 DAGs
[2026-03-14T15:57:42.906+0000] {logging_mixin.py:188} INFO - [2026-03-14T15:57:42.906+0000] {dag.py:3947} INFO - Setting next_dagrun for transfer_from_minio_to_snowflake_accounts to 2026-03-14 15:56:00+00:00, run_after=2026-03-14 15:57:00+00:00
[2026-03-14T15:57:42.909+0000] {logging_mixin.py:188} INFO - [2026-03-14T15:57:42.909+0000] {dag.py:3947} INFO - Setting next_dagrun for transfer_from_minio_to_snowflake_customers to 2026-03-14 15:56:00+00:00, run_after=2026-03-14 15:57:00+00:00
[2026-03-14T15:57:42.911+0000] {logging_mixin.py:188} INFO - [2026-03-14T15:57:42.911+0000] {dag.py:3947} INFO - Setting next_dagrun for transfer_from_minio_to_snowflake_transactions to 2026-03-14 15:56:00+00:00, run_after=2026-03-14 15:57:00+00:00
[2026-03-14T15:57:42.918+0000] {processor.py:183} INFO - Processing /opt/airflow/dags/transfer.py took 0.116 seconds
[2026-03-14T15:58:13.299+0000] {processor.py:161} INFO - Started process (PID=2527) to work on /opt/airflow/dags/transfer.py
[2026-03-14T15:58:13.301+0000] {processor.py:830} INFO - Processing file /opt/airflow/dags/transfer.py for tasks to queue
[2026-03-14T15:58:13.306+0000] {logging_mixin.py:188} INFO - [2026-03-14T15:58:13.305+0000] {dagbag.py:545} INFO - Filling up the DagBag from /opt/airflow/dags/transfer.py
[2026-03-14T15:58:13.342+0000] {processor.py:840} INFO - DAG(s) 'transfer_from_minio_to_snowflake_transactions', 'transfer_from_minio_to_snowflake_accounts', 'transfer_from_minio_to_snowflake_customers' retrieved from /opt/airflow/dags/transfer.py
[2026-03-14T15:58:13.376+0000] {logging_mixin.py:188} INFO - [2026-03-14T15:58:13.376+0000] {dag.py:3089} INFO - Sync 3 DAGs
[2026-03-14T15:58:13.389+0000] {logging_mixin.py:188} INFO - [2026-03-14T15:58:13.389+0000] {dag.py:3947} INFO - Setting next_dagrun for transfer_from_minio_to_snowflake_accounts to 2026-03-14 15:57:00+00:00, run_after=2026-03-14 15:58:00+00:00
[2026-03-14T15:58:13.392+0000] {logging_mixin.py:188} INFO - [2026-03-14T15:58:13.392+0000] {dag.py:3947} INFO - Setting next_dagrun for transfer_from_minio_to_snowflake_customers to 2026-03-14 15:57:00+00:00, run_after=2026-03-14 15:58:00+00:00
[2026-03-14T15:58:13.394+0000] {logging_mixin.py:188} INFO - [2026-03-14T15:58:13.394+0000] {dag.py:3947} INFO - Setting next_dagrun for transfer_from_minio_to_snowflake_transactions to 2026-03-14 15:57:00+00:00, run_after=2026-03-14 15:58:00+00:00
[2026-03-14T15:58:13.402+0000] {processor.py:183} INFO - Processing /opt/airflow/dags/transfer.py took 0.119 seconds
[2026-03-14T15:58:43.805+0000] {processor.py:161} INFO - Started process (PID=2529) to work on /opt/airflow/dags/transfer.py
[2026-03-14T15:58:43.808+0000] {processor.py:830} INFO - Processing file /opt/airflow/dags/transfer.py for tasks to queue
[2026-03-14T15:58:43.810+0000] {logging_mixin.py:188} INFO - [2026-03-14T15:58:43.810+0000] {dagbag.py:545} INFO - Filling up the DagBag from /opt/airflow/dags/transfer.py
[2026-03-14T15:58:43.846+0000] {processor.py:840} INFO - DAG(s) 'transfer_from_minio_to_snowflake_transactions', 'transfer_from_minio_to_snowflake_accounts', 'transfer_from_minio_to_snowflake_customers' retrieved from /opt/airflow/dags/transfer.py
[2026-03-14T15:58:43.876+0000] {logging_mixin.py:188} INFO - [2026-03-14T15:58:43.876+0000] {dag.py:3089} INFO - Sync 3 DAGs
[2026-03-14T15:58:43.891+0000] {logging_mixin.py:188} INFO - [2026-03-14T15:58:43.891+0000] {dag.py:3947} INFO - Setting next_dagrun for transfer_from_minio_to_snowflake_accounts to 2026-03-14 15:57:00+00:00, run_after=2026-03-14 15:58:00+00:00
[2026-03-14T15:58:43.894+0000] {logging_mixin.py:188} INFO - [2026-03-14T15:58:43.894+0000] {dag.py:3947} INFO - Setting next_dagrun for transfer_from_minio_to_snowflake_customers to 2026-03-14 15:57:00+00:00, run_after=2026-03-14 15:58:00+00:00
[2026-03-14T15:58:43.895+0000] {logging_mixin.py:188} INFO - [2026-03-14T15:58:43.895+0000] {dag.py:3947} INFO - Setting next_dagrun for transfer_from_minio_to_snowflake_transactions to 2026-03-14 15:57:00+00:00, run_after=2026-03-14 15:58:00+00:00
[2026-03-14T15:58:43.902+0000] {processor.py:183} INFO - Processing /opt/airflow/dags/transfer.py took 0.105 seconds
[2026-03-14T15:59:14.287+0000] {processor.py:161} INFO - Started process (PID=2531) to work on /opt/airflow/dags/transfer.py
[2026-03-14T15:59:14.295+0000] {processor.py:830} INFO - Processing file /opt/airflow/dags/transfer.py for tasks to queue
[2026-03-14T15:59:14.301+0000] {logging_mixin.py:188} INFO - [2026-03-14T15:59:14.300+0000] {dagbag.py:545} INFO - Filling up the DagBag from /opt/airflow/dags/transfer.py
[2026-03-14T15:59:14.330+0000] {processor.py:840} INFO - DAG(s) 'transfer_from_minio_to_snowflake_customers', 'transfer_from_minio_to_snowflake_transactions', 'transfer_from_minio_to_snowflake_accounts' retrieved from /opt/airflow/dags/transfer.py
[2026-03-14T15:59:14.359+0000] {logging_mixin.py:188} INFO - [2026-03-14T15:59:14.359+0000] {dag.py:3089} INFO - Sync 3 DAGs
[2026-03-14T15:59:14.373+0000] {logging_mixin.py:188} INFO - [2026-03-14T15:59:14.373+0000] {dag.py:3947} INFO - Setting next_dagrun for transfer_from_minio_to_snowflake_accounts to 2026-03-14 15:58:00+00:00, run_after=2026-03-14 15:59:00+00:00
[2026-03-14T15:59:14.377+0000] {logging_mixin.py:188} INFO - [2026-03-14T15:59:14.377+0000] {dag.py:3947} INFO - Setting next_dagrun for transfer_from_minio_to_snowflake_customers to 2026-03-14 15:58:00+00:00, run_after=2026-03-14 15:59:00+00:00
[2026-03-14T15:59:14.378+0000] {logging_mixin.py:188} INFO - [2026-03-14T15:59:14.378+0000] {dag.py:3947} INFO - Setting next_dagrun for transfer_from_minio_to_snowflake_transactions to 2026-03-14 15:58:00+00:00, run_after=2026-03-14 15:59:00+00:00
[2026-03-14T15:59:14.642+0000] {processor.py:183} INFO - Processing /opt/airflow/dags/transfer.py took 0.384 seconds
[2026-03-14T15:59:44.761+0000] {processor.py:161} INFO - Started process (PID=2533) to work on /opt/airflow/dags/transfer.py
[2026-03-14T15:59:44.762+0000] {processor.py:830} INFO - Processing file /opt/airflow/dags/transfer.py for tasks to queue
[2026-03-14T15:59:44.763+0000] {logging_mixin.py:188} INFO - [2026-03-14T15:59:44.762+0000] {dagbag.py:545} INFO - Filling up the DagBag from /opt/airflow/dags/transfer.py
[2026-03-14T15:59:44.780+0000] {processor.py:840} INFO - DAG(s) 'transfer_from_minio_to_snowflake_transactions', 'transfer_from_minio_to_snowflake_customers', 'transfer_from_minio_to_snowflake_accounts' retrieved from /opt/airflow/dags/transfer.py
[2026-03-14T15:59:44.804+0000] {logging_mixin.py:188} INFO - [2026-03-14T15:59:44.804+0000] {dag.py:3089} INFO - Sync 3 DAGs
[2026-03-14T15:59:44.835+0000] {logging_mixin.py:188} INFO - [2026-03-14T15:59:44.834+0000] {dag.py:3947} INFO - Setting next_dagrun for transfer_from_minio_to_snowflake_accounts to 2026-03-14 15:58:00+00:00, run_after=2026-03-14 15:59:00+00:00
[2026-03-14T15:59:44.841+0000] {logging_mixin.py:188} INFO - [2026-03-14T15:59:44.841+0000] {dag.py:3947} INFO - Setting next_dagrun for transfer_from_minio_to_snowflake_customers to 2026-03-14 15:58:00+00:00, run_after=2026-03-14 15:59:00+00:00
[2026-03-14T15:59:44.843+0000] {logging_mixin.py:188} INFO - [2026-03-14T15:59:44.843+0000] {dag.py:3947} INFO - Setting next_dagrun for transfer_from_minio_to_snowflake_transactions to 2026-03-14 15:58:00+00:00, run_after=2026-03-14 15:59:00+00:00
[2026-03-14T15:59:44.852+0000] {processor.py:183} INFO - Processing /opt/airflow/dags/transfer.py took 0.094 seconds
[2026-03-14T16:00:15.130+0000] {processor.py:161} INFO - Started process (PID=2535) to work on /opt/airflow/dags/transfer.py
[2026-03-14T16:00:15.132+0000] {processor.py:830} INFO - Processing file /opt/airflow/dags/transfer.py for tasks to queue
[2026-03-14T16:00:15.136+0000] {logging_mixin.py:188} INFO - [2026-03-14T16:00:15.136+0000] {dagbag.py:545} INFO - Filling up the DagBag from /opt/airflow/dags/transfer.py
[2026-03-14T16:00:15.159+0000] {processor.py:840} INFO - DAG(s) 'transfer_from_minio_to_snowflake_customers', 'transfer_from_minio_to_snowflake_transactions', 'transfer_from_minio_to_snowflake_accounts' retrieved from /opt/airflow/dags/transfer.py
[2026-03-14T16:00:15.185+0000] {logging_mixin.py:188} INFO - [2026-03-14T16:00:15.185+0000] {dag.py:3089} INFO - Sync 3 DAGs
[2026-03-14T16:00:15.196+0000] {logging_mixin.py:188} INFO - [2026-03-14T16:00:15.196+0000] {dag.py:3947} INFO - Setting next_dagrun for transfer_from_minio_to_snowflake_accounts to 2026-03-14 15:59:00+00:00, run_after=2026-03-14 16:00:00+00:00
[2026-03-14T16:00:15.199+0000] {logging_mixin.py:188} INFO - [2026-03-14T16:00:15.199+0000] {dag.py:3947} INFO - Setting next_dagrun for transfer_from_minio_to_snowflake_customers to 2026-03-14 15:59:00+00:00, run_after=2026-03-14 16:00:00+00:00
[2026-03-14T16:00:15.200+0000] {logging_mixin.py:188} INFO - [2026-03-14T16:00:15.200+0000] {dag.py:3947} INFO - Setting next_dagrun for transfer_from_minio_to_snowflake_transactions to 2026-03-14 15:59:00+00:00, run_after=2026-03-14 16:00:00+00:00
[2026-03-14T16:00:15.207+0000] {processor.py:183} INFO - Processing /opt/airflow/dags/transfer.py took 0.089 seconds
[2026-03-14T16:00:45.559+0000] {processor.py:161} INFO - Started process (PID=2537) to work on /opt/airflow/dags/transfer.py
[2026-03-14T16:00:45.561+0000] {processor.py:830} INFO - Processing file /opt/airflow/dags/transfer.py for tasks to queue
[2026-03-14T16:00:45.564+0000] {logging_mixin.py:188} INFO - [2026-03-14T16:00:45.564+0000] {dagbag.py:545} INFO - Filling up the DagBag from /opt/airflow/dags/transfer.py
[2026-03-14T16:00:45.603+0000] {processor.py:840} INFO - DAG(s) 'transfer_from_minio_to_snowflake_transactions', 'transfer_from_minio_to_snowflake_accounts', 'transfer_from_minio_to_snowflake_customers' retrieved from /opt/airflow/dags/transfer.py
[2026-03-14T16:00:45.633+0000] {logging_mixin.py:188} INFO - [2026-03-14T16:00:45.633+0000] {dag.py:3089} INFO - Sync 3 DAGs
[2026-03-14T16:00:45.648+0000] {logging_mixin.py:188} INFO - [2026-03-14T16:00:45.648+0000] {dag.py:3947} INFO - Setting next_dagrun for transfer_from_minio_to_snowflake_accounts to 2026-03-14 15:59:00+00:00, run_after=2026-03-14 16:00:00+00:00
[2026-03-14T16:00:45.651+0000] {logging_mixin.py:188} INFO - [2026-03-14T16:00:45.650+0000] {dag.py:3947} INFO - Setting next_dagrun for transfer_from_minio_to_snowflake_customers to 2026-03-14 15:59:00+00:00, run_after=2026-03-14 16:00:00+00:00
[2026-03-14T16:00:45.652+0000] {logging_mixin.py:188} INFO - [2026-03-14T16:00:45.652+0000] {dag.py:3947} INFO - Setting next_dagrun for transfer_from_minio_to_snowflake_transactions to 2026-03-14 15:59:00+00:00, run_after=2026-03-14 16:00:00+00:00
[2026-03-14T16:00:45.663+0000] {processor.py:183} INFO - Processing /opt/airflow/dags/transfer.py took 0.115 seconds
[2026-03-14T16:01:16.009+0000] {processor.py:161} INFO - Started process (PID=2539) to work on /opt/airflow/dags/transfer.py
[2026-03-14T16:01:16.012+0000] {processor.py:830} INFO - Processing file /opt/airflow/dags/transfer.py for tasks to queue
[2026-03-14T16:01:16.015+0000] {logging_mixin.py:188} INFO - [2026-03-14T16:01:16.014+0000] {dagbag.py:545} INFO - Filling up the DagBag from /opt/airflow/dags/transfer.py
[2026-03-14T16:01:16.035+0000] {processor.py:840} INFO - DAG(s) 'transfer_from_minio_to_snowflake_customers', 'transfer_from_minio_to_snowflake_accounts', 'transfer_from_minio_to_snowflake_transactions' retrieved from /opt/airflow/dags/transfer.py
[2026-03-14T16:01:16.058+0000] {logging_mixin.py:188} INFO - [2026-03-14T16:01:16.058+0000] {dag.py:3089} INFO - Sync 3 DAGs
[2026-03-14T16:01:16.070+0000] {logging_mixin.py:188} INFO - [2026-03-14T16:01:16.070+0000] {dag.py:3947} INFO - Setting next_dagrun for transfer_from_minio_to_snowflake_accounts to 2026-03-14 16:00:00+00:00, run_after=2026-03-14 16:01:00+00:00
[2026-03-14T16:01:16.072+0000] {logging_mixin.py:188} INFO - [2026-03-14T16:01:16.072+0000] {dag.py:3947} INFO - Setting next_dagrun for transfer_from_minio_to_snowflake_customers to 2026-03-14 16:00:00+00:00, run_after=2026-03-14 16:01:00+00:00
[2026-03-14T16:01:16.074+0000] {logging_mixin.py:188} INFO - [2026-03-14T16:01:16.074+0000] {dag.py:3947} INFO - Setting next_dagrun for transfer_from_minio_to_snowflake_transactions to 2026-03-14 16:00:00+00:00, run_after=2026-03-14 16:01:00+00:00
[2026-03-14T16:01:16.080+0000] {processor.py:183} INFO - Processing /opt/airflow/dags/transfer.py took 0.080 seconds
[2026-03-14T16:01:46.420+0000] {processor.py:161} INFO - Started process (PID=2541) to work on /opt/airflow/dags/transfer.py
[2026-03-14T16:01:46.422+0000] {processor.py:830} INFO - Processing file /opt/airflow/dags/transfer.py for tasks to queue
[2026-03-14T16:01:46.424+0000] {logging_mixin.py:188} INFO - [2026-03-14T16:01:46.424+0000] {dagbag.py:545} INFO - Filling up the DagBag from /opt/airflow/dags/transfer.py
[2026-03-14T16:01:46.461+0000] {processor.py:840} INFO - DAG(s) 'transfer_from_minio_to_snowflake_accounts', 'transfer_from_minio_to_snowflake_transactions', 'transfer_from_minio_to_snowflake_customers' retrieved from /opt/airflow/dags/transfer.py
[2026-03-14T16:01:46.491+0000] {logging_mixin.py:188} INFO - [2026-03-14T16:01:46.491+0000] {dag.py:3089} INFO - Sync 3 DAGs
[2026-03-14T16:01:46.507+0000] {logging_mixin.py:188} INFO - [2026-03-14T16:01:46.507+0000] {dag.py:3947} INFO - Setting next_dagrun for transfer_from_minio_to_snowflake_accounts to 2026-03-14 16:00:00+00:00, run_after=2026-03-14 16:01:00+00:00
[2026-03-14T16:01:46.509+0000] {logging_mixin.py:188} INFO - [2026-03-14T16:01:46.509+0000] {dag.py:3947} INFO - Setting next_dagrun for transfer_from_minio_to_snowflake_customers to 2026-03-14 16:00:00+00:00, run_after=2026-03-14 16:01:00+00:00
[2026-03-14T16:01:46.511+0000] {logging_mixin.py:188} INFO - [2026-03-14T16:01:46.511+0000] {dag.py:3947} INFO - Setting next_dagrun for transfer_from_minio_to_snowflake_transactions to 2026-03-14 16:00:00+00:00, run_after=2026-03-14 16:01:00+00:00
[2026-03-14T16:01:46.518+0000] {processor.py:183} INFO - Processing /opt/airflow/dags/transfer.py took 0.104 seconds
[2026-03-14T16:02:16.818+0000] {processor.py:161} INFO - Started process (PID=2543) to work on /opt/airflow/dags/transfer.py
[2026-03-14T16:02:16.820+0000] {processor.py:830} INFO - Processing file /opt/airflow/dags/transfer.py for tasks to queue
[2026-03-14T16:02:16.822+0000] {logging_mixin.py:188} INFO - [2026-03-14T16:02:16.821+0000] {dagbag.py:545} INFO - Filling up the DagBag from /opt/airflow/dags/transfer.py
[2026-03-14T16:02:16.838+0000] {processor.py:840} INFO - DAG(s) 'transfer_from_minio_to_snowflake_customers', 'transfer_from_minio_to_snowflake_accounts', 'transfer_from_minio_to_snowflake_transactions' retrieved from /opt/airflow/dags/transfer.py
[2026-03-14T16:02:16.865+0000] {logging_mixin.py:188} INFO - [2026-03-14T16:02:16.865+0000] {dag.py:3089} INFO - Sync 3 DAGs
[2026-03-14T16:02:16.878+0000] {logging_mixin.py:188} INFO - [2026-03-14T16:02:16.878+0000] {dag.py:3947} INFO - Setting next_dagrun for transfer_from_minio_to_snowflake_accounts to 2026-03-14 16:01:00+00:00, run_after=2026-03-14 16:02:00+00:00
[2026-03-14T16:02:16.880+0000] {logging_mixin.py:188} INFO - [2026-03-14T16:02:16.880+0000] {dag.py:3947} INFO - Setting next_dagrun for transfer_from_minio_to_snowflake_customers to 2026-03-14 16:01:00+00:00, run_after=2026-03-14 16:02:00+00:00
[2026-03-14T16:02:16.882+0000] {logging_mixin.py:188} INFO - [2026-03-14T16:02:16.882+0000] {dag.py:3947} INFO - Setting next_dagrun for transfer_from_minio_to_snowflake_transactions to 2026-03-14 16:01:00+00:00, run_after=2026-03-14 16:02:00+00:00
[2026-03-14T16:02:17.095+0000] {processor.py:183} INFO - Processing /opt/airflow/dags/transfer.py took 0.286 seconds
[2026-03-14T16:02:47.303+0000] {processor.py:161} INFO - Started process (PID=2545) to work on /opt/airflow/dags/transfer.py
[2026-03-14T16:02:47.305+0000] {processor.py:830} INFO - Processing file /opt/airflow/dags/transfer.py for tasks to queue
[2026-03-14T16:02:47.310+0000] {logging_mixin.py:188} INFO - [2026-03-14T16:02:47.309+0000] {dagbag.py:545} INFO - Filling up the DagBag from /opt/airflow/dags/transfer.py
[2026-03-14T16:02:47.348+0000] {processor.py:840} INFO - DAG(s) 'transfer_from_minio_to_snowflake_accounts', 'transfer_from_minio_to_snowflake_transactions', 'transfer_from_minio_to_snowflake_customers' retrieved from /opt/airflow/dags/transfer.py
[2026-03-14T16:02:47.381+0000] {logging_mixin.py:188} INFO - [2026-03-14T16:02:47.380+0000] {dag.py:3089} INFO - Sync 3 DAGs
[2026-03-14T16:02:47.396+0000] {logging_mixin.py:188} INFO - [2026-03-14T16:02:47.396+0000] {dag.py:3947} INFO - Setting next_dagrun for transfer_from_minio_to_snowflake_accounts to 2026-03-14 16:01:00+00:00, run_after=2026-03-14 16:02:00+00:00
[2026-03-14T16:02:47.399+0000] {logging_mixin.py:188} INFO - [2026-03-14T16:02:47.399+0000] {dag.py:3947} INFO - Setting next_dagrun for transfer_from_minio_to_snowflake_customers to 2026-03-14 16:01:00+00:00, run_after=2026-03-14 16:02:00+00:00
[2026-03-14T16:02:47.400+0000] {logging_mixin.py:188} INFO - [2026-03-14T16:02:47.400+0000] {dag.py:3947} INFO - Setting next_dagrun for transfer_from_minio_to_snowflake_transactions to 2026-03-14 16:01:00+00:00, run_after=2026-03-14 16:02:00+00:00
[2026-03-14T16:02:47.409+0000] {processor.py:183} INFO - Processing /opt/airflow/dags/transfer.py took 0.118 seconds
[2026-03-14T16:03:17.730+0000] {processor.py:161} INFO - Started process (PID=2547) to work on /opt/airflow/dags/transfer.py
[2026-03-14T16:03:17.732+0000] {processor.py:830} INFO - Processing file /opt/airflow/dags/transfer.py for tasks to queue
[2026-03-14T16:03:17.734+0000] {logging_mixin.py:188} INFO - [2026-03-14T16:03:17.734+0000] {dagbag.py:545} INFO - Filling up the DagBag from /opt/airflow/dags/transfer.py
[2026-03-14T16:03:17.765+0000] {processor.py:840} INFO - DAG(s) 'transfer_from_minio_to_snowflake_customers', 'transfer_from_minio_to_snowflake_transactions', 'transfer_from_minio_to_snowflake_accounts' retrieved from /opt/airflow/dags/transfer.py
[2026-03-14T16:03:17.799+0000] {logging_mixin.py:188} INFO - [2026-03-14T16:03:17.798+0000] {dag.py:3089} INFO - Sync 3 DAGs
[2026-03-14T16:03:17.815+0000] {logging_mixin.py:188} INFO - [2026-03-14T16:03:17.815+0000] {dag.py:3947} INFO - Setting next_dagrun for transfer_from_minio_to_snowflake_accounts to 2026-03-14 16:02:00+00:00, run_after=2026-03-14 16:03:00+00:00
[2026-03-14T16:03:17.818+0000] {logging_mixin.py:188} INFO - [2026-03-14T16:03:17.817+0000] {dag.py:3947} INFO - Setting next_dagrun for transfer_from_minio_to_snowflake_customers to 2026-03-14 16:02:00+00:00, run_after=2026-03-14 16:03:00+00:00
[2026-03-14T16:03:17.819+0000] {logging_mixin.py:188} INFO - [2026-03-14T16:03:17.819+0000] {dag.py:3947} INFO - Setting next_dagrun for transfer_from_minio_to_snowflake_transactions to 2026-03-14 16:02:00+00:00, run_after=2026-03-14 16:03:00+00:00
[2026-03-14T16:03:17.827+0000] {processor.py:183} INFO - Processing /opt/airflow/dags/transfer.py took 0.104 seconds
[2026-03-14T16:03:48.239+0000] {processor.py:161} INFO - Started process (PID=2549) to work on /opt/airflow/dags/transfer.py
[2026-03-14T16:03:48.241+0000] {processor.py:830} INFO - Processing file /opt/airflow/dags/transfer.py for tasks to queue
[2026-03-14T16:03:48.245+0000] {logging_mixin.py:188} INFO - [2026-03-14T16:03:48.245+0000] {dagbag.py:545} INFO - Filling up the DagBag from /opt/airflow/dags/transfer.py
[2026-03-14T16:03:48.284+0000] {processor.py:840} INFO - DAG(s) 'transfer_from_minio_to_snowflake_customers', 'transfer_from_minio_to_snowflake_accounts', 'transfer_from_minio_to_snowflake_transactions' retrieved from /opt/airflow/dags/transfer.py
[2026-03-14T16:03:48.311+0000] {logging_mixin.py:188} INFO - [2026-03-14T16:03:48.311+0000] {dag.py:3089} INFO - Sync 3 DAGs
[2026-03-14T16:03:48.327+0000] {logging_mixin.py:188} INFO - [2026-03-14T16:03:48.327+0000] {dag.py:3947} INFO - Setting next_dagrun for transfer_from_minio_to_snowflake_accounts to 2026-03-14 16:02:00+00:00, run_after=2026-03-14 16:03:00+00:00
[2026-03-14T16:03:48.330+0000] {logging_mixin.py:188} INFO - [2026-03-14T16:03:48.330+0000] {dag.py:3947} INFO - Setting next_dagrun for transfer_from_minio_to_snowflake_customers to 2026-03-14 16:02:00+00:00, run_after=2026-03-14 16:03:00+00:00
[2026-03-14T16:03:48.331+0000] {logging_mixin.py:188} INFO - [2026-03-14T16:03:48.331+0000] {dag.py:3947} INFO - Setting next_dagrun for transfer_from_minio_to_snowflake_transactions to 2026-03-14 16:02:00+00:00, run_after=2026-03-14 16:03:00+00:00
[2026-03-14T16:03:48.338+0000] {processor.py:183} INFO - Processing /opt/airflow/dags/transfer.py took 0.110 seconds
[2026-03-14T16:04:18.685+0000] {processor.py:161} INFO - Started process (PID=2551) to work on /opt/airflow/dags/transfer.py
[2026-03-14T16:04:18.687+0000] {processor.py:830} INFO - Processing file /opt/airflow/dags/transfer.py for tasks to queue
[2026-03-14T16:04:18.689+0000] {logging_mixin.py:188} INFO - [2026-03-14T16:04:18.689+0000] {dagbag.py:545} INFO - Filling up the DagBag from /opt/airflow/dags/transfer.py
[2026-03-14T16:04:18.711+0000] {processor.py:840} INFO - DAG(s) 'transfer_from_minio_to_snowflake_accounts', 'transfer_from_minio_to_snowflake_transactions', 'transfer_from_minio_to_snowflake_customers' retrieved from /opt/airflow/dags/transfer.py
[2026-03-14T16:04:18.736+0000] {logging_mixin.py:188} INFO - [2026-03-14T16:04:18.736+0000] {dag.py:3089} INFO - Sync 3 DAGs
[2026-03-14T16:04:18.750+0000] {logging_mixin.py:188} INFO - [2026-03-14T16:04:18.750+0000] {dag.py:3947} INFO - Setting next_dagrun for transfer_from_minio_to_snowflake_accounts to 2026-03-14 16:03:00+00:00, run_after=2026-03-14 16:04:00+00:00
[2026-03-14T16:04:18.753+0000] {logging_mixin.py:188} INFO - [2026-03-14T16:04:18.753+0000] {dag.py:3947} INFO - Setting next_dagrun for transfer_from_minio_to_snowflake_customers to 2026-03-14 16:03:00+00:00, run_after=2026-03-14 16:04:00+00:00
[2026-03-14T16:04:18.754+0000] {logging_mixin.py:188} INFO - [2026-03-14T16:04:18.754+0000] {dag.py:3947} INFO - Setting next_dagrun for transfer_from_minio_to_snowflake_transactions to 2026-03-14 16:03:00+00:00, run_after=2026-03-14 16:04:00+00:00
[2026-03-14T16:04:18.761+0000] {processor.py:183} INFO - Processing /opt/airflow/dags/transfer.py took 0.084 seconds
[2026-03-14T16:04:49.107+0000] {processor.py:161} INFO - Started process (PID=2553) to work on /opt/airflow/dags/transfer.py
[2026-03-14T16:04:49.108+0000] {processor.py:830} INFO - Processing file /opt/airflow/dags/transfer.py for tasks to queue
[2026-03-14T16:04:49.113+0000] {logging_mixin.py:188} INFO - [2026-03-14T16:04:49.113+0000] {dagbag.py:545} INFO - Filling up the DagBag from /opt/airflow/dags/transfer.py
[2026-03-14T16:04:49.139+0000] {processor.py:840} INFO - DAG(s) 'transfer_from_minio_to_snowflake_customers', 'transfer_from_minio_to_snowflake_transactions', 'transfer_from_minio_to_snowflake_accounts' retrieved from /opt/airflow/dags/transfer.py
[2026-03-14T16:04:49.165+0000] {logging_mixin.py:188} INFO - [2026-03-14T16:04:49.165+0000] {dag.py:3089} INFO - Sync 3 DAGs
[2026-03-14T16:04:49.178+0000] {logging_mixin.py:188} INFO - [2026-03-14T16:04:49.178+0000] {dag.py:3947} INFO - Setting next_dagrun for transfer_from_minio_to_snowflake_accounts to 2026-03-14 16:03:00+00:00, run_after=2026-03-14 16:04:00+00:00
[2026-03-14T16:04:49.180+0000] {logging_mixin.py:188} INFO - [2026-03-14T16:04:49.180+0000] {dag.py:3947} INFO - Setting next_dagrun for transfer_from_minio_to_snowflake_customers to 2026-03-14 16:03:00+00:00, run_after=2026-03-14 16:04:00+00:00
[2026-03-14T16:04:49.182+0000] {logging_mixin.py:188} INFO - [2026-03-14T16:04:49.182+0000] {dag.py:3947} INFO - Setting next_dagrun for transfer_from_minio_to_snowflake_transactions to 2026-03-14 16:03:00+00:00, run_after=2026-03-14 16:04:00+00:00
[2026-03-14T16:04:49.190+0000] {processor.py:183} INFO - Processing /opt/airflow/dags/transfer.py took 0.092 seconds
[2026-03-14T16:05:19.557+0000] {processor.py:161} INFO - Started process (PID=2555) to work on /opt/airflow/dags/transfer.py
[2026-03-14T16:05:19.559+0000] {processor.py:830} INFO - Processing file /opt/airflow/dags/transfer.py for tasks to queue
[2026-03-14T16:05:19.562+0000] {logging_mixin.py:188} INFO - [2026-03-14T16:05:19.562+0000] {dagbag.py:545} INFO - Filling up the DagBag from /opt/airflow/dags/transfer.py
[2026-03-14T16:05:19.578+0000] {processor.py:840} INFO - DAG(s) 'transfer_from_minio_to_snowflake_transactions', 'transfer_from_minio_to_snowflake_accounts', 'transfer_from_minio_to_snowflake_customers' retrieved from /opt/airflow/dags/transfer.py
[2026-03-14T16:05:19.604+0000] {logging_mixin.py:188} INFO - [2026-03-14T16:05:19.604+0000] {dag.py:3089} INFO - Sync 3 DAGs
[2026-03-14T16:05:19.616+0000] {logging_mixin.py:188} INFO - [2026-03-14T16:05:19.615+0000] {dag.py:3947} INFO - Setting next_dagrun for transfer_from_minio_to_snowflake_accounts to 2026-03-14 16:04:00+00:00, run_after=2026-03-14 16:05:00+00:00
[2026-03-14T16:05:19.787+0000] {logging_mixin.py:188} INFO - [2026-03-14T16:05:19.787+0000] {dag.py:3947} INFO - Setting next_dagrun for transfer_from_minio_to_snowflake_customers to 2026-03-14 16:04:00+00:00, run_after=2026-03-14 16:05:00+00:00
[2026-03-14T16:05:19.789+0000] {logging_mixin.py:188} INFO - [2026-03-14T16:05:19.788+0000] {dag.py:3947} INFO - Setting next_dagrun for transfer_from_minio_to_snowflake_transactions to 2026-03-14 16:04:00+00:00, run_after=2026-03-14 16:05:00+00:00
[2026-03-14T16:05:19.796+0000] {processor.py:183} INFO - Processing /opt/airflow/dags/transfer.py took 0.249 seconds
[2026-03-14T16:05:49.957+0000] {processor.py:161} INFO - Started process (PID=2557) to work on /opt/airflow/dags/transfer.py
[2026-03-14T16:05:49.959+0000] {processor.py:830} INFO - Processing file /opt/airflow/dags/transfer.py for tasks to queue
[2026-03-14T16:05:49.963+0000] {logging_mixin.py:188} INFO - [2026-03-14T16:05:49.963+0000] {dagbag.py:545} INFO - Filling up the DagBag from /opt/airflow/dags/transfer.py
[2026-03-14T16:05:49.988+0000] {processor.py:840} INFO - DAG(s) 'transfer_from_minio_to_snowflake_accounts', 'transfer_from_minio_to_snowflake_customers', 'transfer_from_minio_to_snowflake_transactions' retrieved from /opt/airflow/dags/transfer.py
[2026-03-14T16:05:50.018+0000] {logging_mixin.py:188} INFO - [2026-03-14T16:05:50.018+0000] {dag.py:3089} INFO - Sync 3 DAGs
[2026-03-14T16:05:50.036+0000] {logging_mixin.py:188} INFO - [2026-03-14T16:05:50.036+0000] {dag.py:3947} INFO - Setting next_dagrun for transfer_from_minio_to_snowflake_accounts to 2026-03-14 16:04:00+00:00, run_after=2026-03-14 16:05:00+00:00
[2026-03-14T16:05:50.038+0000] {logging_mixin.py:188} INFO - [2026-03-14T16:05:50.038+0000] {dag.py:3947} INFO - Setting next_dagrun for transfer_from_minio_to_snowflake_customers to 2026-03-14 16:04:00+00:00, run_after=2026-03-14 16:05:00+00:00
[2026-03-14T16:05:50.040+0000] {logging_mixin.py:188} INFO - [2026-03-14T16:05:50.040+0000] {dag.py:3947} INFO - Setting next_dagrun for transfer_from_minio_to_snowflake_transactions to 2026-03-14 16:04:00+00:00, run_after=2026-03-14 16:05:00+00:00
[2026-03-14T16:05:50.048+0000] {processor.py:183} INFO - Processing /opt/airflow/dags/transfer.py took 0.100 seconds
[2026-03-14T16:06:20.419+0000] {processor.py:161} INFO - Started process (PID=2559) to work on /opt/airflow/dags/transfer.py
[2026-03-14T16:06:20.420+0000] {processor.py:830} INFO - Processing file /opt/airflow/dags/transfer.py for tasks to queue
[2026-03-14T16:06:20.426+0000] {logging_mixin.py:188} INFO - [2026-03-14T16:06:20.425+0000] {dagbag.py:545} INFO - Filling up the DagBag from /opt/airflow/dags/transfer.py
[2026-03-14T16:06:20.466+0000] {processor.py:840} INFO - DAG(s) 'transfer_from_minio_to_snowflake_customers', 'transfer_from_minio_to_snowflake_accounts', 'transfer_from_minio_to_snowflake_transactions' retrieved from /opt/airflow/dags/transfer.py
[2026-03-14T16:06:20.498+0000] {logging_mixin.py:188} INFO - [2026-03-14T16:06:20.497+0000] {dag.py:3089} INFO - Sync 3 DAGs
[2026-03-14T16:06:20.513+0000] {logging_mixin.py:188} INFO - [2026-03-14T16:06:20.512+0000] {dag.py:3947} INFO - Setting next_dagrun for transfer_from_minio_to_snowflake_accounts to 2026-03-14 16:05:00+00:00, run_after=2026-03-14 16:06:00+00:00
[2026-03-14T16:06:20.515+0000] {logging_mixin.py:188} INFO - [2026-03-14T16:06:20.515+0000] {dag.py:3947} INFO - Setting next_dagrun for transfer_from_minio_to_snowflake_customers to 2026-03-14 16:05:00+00:00, run_after=2026-03-14 16:06:00+00:00
[2026-03-14T16:06:20.517+0000] {logging_mixin.py:188} INFO - [2026-03-14T16:06:20.517+0000] {dag.py:3947} INFO - Setting next_dagrun for transfer_from_minio_to_snowflake_transactions to 2026-03-14 16:05:00+00:00, run_after=2026-03-14 16:06:00+00:00
[2026-03-14T16:06:20.524+0000] {processor.py:183} INFO - Processing /opt/airflow/dags/transfer.py took 0.115 seconds
[2026-03-14T16:06:50.857+0000] {processor.py:161} INFO - Started process (PID=2561) to work on /opt/airflow/dags/transfer.py
[2026-03-14T16:06:50.859+0000] {processor.py:830} INFO - Processing file /opt/airflow/dags/transfer.py for tasks to queue
[2026-03-14T16:06:50.863+0000] {logging_mixin.py:188} INFO - [2026-03-14T16:06:50.863+0000] {dagbag.py:545} INFO - Filling up the DagBag from /opt/airflow/dags/transfer.py
[2026-03-14T16:06:50.888+0000] {processor.py:840} INFO - DAG(s) 'transfer_from_minio_to_snowflake_transactions', 'transfer_from_minio_to_snowflake_accounts', 'transfer_from_minio_to_snowflake_customers' retrieved from /opt/airflow/dags/transfer.py
[2026-03-14T16:06:50.914+0000] {logging_mixin.py:188} INFO - [2026-03-14T16:06:50.913+0000] {dag.py:3089} INFO - Sync 3 DAGs
[2026-03-14T16:06:50.927+0000] {logging_mixin.py:188} INFO - [2026-03-14T16:06:50.926+0000] {dag.py:3947} INFO - Setting next_dagrun for transfer_from_minio_to_snowflake_accounts to 2026-03-14 16:05:00+00:00, run_after=2026-03-14 16:06:00+00:00
[2026-03-14T16:06:50.929+0000] {logging_mixin.py:188} INFO - [2026-03-14T16:06:50.929+0000] {dag.py:3947} INFO - Setting next_dagrun for transfer_from_minio_to_snowflake_customers to 2026-03-14 16:05:00+00:00, run_after=2026-03-14 16:06:00+00:00
[2026-03-14T16:06:50.931+0000] {logging_mixin.py:188} INFO - [2026-03-14T16:06:50.931+0000] {dag.py:3947} INFO - Setting next_dagrun for transfer_from_minio_to_snowflake_transactions to 2026-03-14 16:05:00+00:00, run_after=2026-03-14 16:06:00+00:00
[2026-03-14T16:06:50.938+0000] {processor.py:183} INFO - Processing /opt/airflow/dags/transfer.py took 0.089 seconds
[2026-03-14T16:07:21.252+0000] {processor.py:161} INFO - Started process (PID=2563) to work on /opt/airflow/dags/transfer.py
[2026-03-14T16:07:21.254+0000] {processor.py:830} INFO - Processing file /opt/airflow/dags/transfer.py for tasks to queue
[2026-03-14T16:07:21.255+0000] {logging_mixin.py:188} INFO - [2026-03-14T16:07:21.255+0000] {dagbag.py:545} INFO - Filling up the DagBag from /opt/airflow/dags/transfer.py
[2026-03-14T16:07:21.272+0000] {processor.py:840} INFO - DAG(s) 'transfer_from_minio_to_snowflake_transactions', 'transfer_from_minio_to_snowflake_customers', 'transfer_from_minio_to_snowflake_accounts' retrieved from /opt/airflow/dags/transfer.py
[2026-03-14T16:07:21.301+0000] {logging_mixin.py:188} INFO - [2026-03-14T16:07:21.300+0000] {dag.py:3089} INFO - Sync 3 DAGs
[2026-03-14T16:07:21.312+0000] {logging_mixin.py:188} INFO - [2026-03-14T16:07:21.312+0000] {dag.py:3947} INFO - Setting next_dagrun for transfer_from_minio_to_snowflake_accounts to 2026-03-14 16:06:00+00:00, run_after=2026-03-14 16:07:00+00:00
[2026-03-14T16:07:21.315+0000] {logging_mixin.py:188} INFO - [2026-03-14T16:07:21.315+0000] {dag.py:3947} INFO - Setting next_dagrun for transfer_from_minio_to_snowflake_customers to 2026-03-14 16:06:00+00:00, run_after=2026-03-14 16:07:00+00:00
[2026-03-14T16:07:21.317+0000] {logging_mixin.py:188} INFO - [2026-03-14T16:07:21.317+0000] {dag.py:3947} INFO - Setting next_dagrun for transfer_from_minio_to_snowflake_transactions to 2026-03-14 16:06:00+00:00, run_after=2026-03-14 16:07:00+00:00
[2026-03-14T16:07:21.325+0000] {processor.py:183} INFO - Processing /opt/airflow/dags/transfer.py took 0.078 seconds
[2026-03-14T16:07:51.736+0000] {processor.py:161} INFO - Started process (PID=2565) to work on /opt/airflow/dags/transfer.py
[2026-03-14T16:07:51.738+0000] {processor.py:830} INFO - Processing file /opt/airflow/dags/transfer.py for tasks to queue
[2026-03-14T16:07:51.746+0000] {logging_mixin.py:188} INFO - [2026-03-14T16:07:51.745+0000] {dagbag.py:545} INFO - Filling up the DagBag from /opt/airflow/dags/transfer.py
[2026-03-14T16:07:51.779+0000] {processor.py:840} INFO - DAG(s) 'transfer_from_minio_to_snowflake_accounts', 'transfer_from_minio_to_snowflake_transactions', 'transfer_from_minio_to_snowflake_customers' retrieved from /opt/airflow/dags/transfer.py
[2026-03-14T16:07:51.812+0000] {logging_mixin.py:188} INFO - [2026-03-14T16:07:51.812+0000] {dag.py:3089} INFO - Sync 3 DAGs
[2026-03-14T16:07:51.826+0000] {logging_mixin.py:188} INFO - [2026-03-14T16:07:51.826+0000] {dag.py:3947} INFO - Setting next_dagrun for transfer_from_minio_to_snowflake_accounts to 2026-03-14 16:06:00+00:00, run_after=2026-03-14 16:07:00+00:00
[2026-03-14T16:07:51.830+0000] {logging_mixin.py:188} INFO - [2026-03-14T16:07:51.830+0000] {dag.py:3947} INFO - Setting next_dagrun for transfer_from_minio_to_snowflake_customers to 2026-03-14 16:06:00+00:00, run_after=2026-03-14 16:07:00+00:00
[2026-03-14T16:07:51.831+0000] {logging_mixin.py:188} INFO - [2026-03-14T16:07:51.831+0000] {dag.py:3947} INFO - Setting next_dagrun for transfer_from_minio_to_snowflake_transactions to 2026-03-14 16:06:00+00:00, run_after=2026-03-14 16:07:00+00:00
[2026-03-14T16:07:52.051+0000] {processor.py:183} INFO - Processing /opt/airflow/dags/transfer.py took 0.327 seconds
[2026-03-14T16:08:22.205+0000] {processor.py:161} INFO - Started process (PID=2567) to work on /opt/airflow/dags/transfer.py
[2026-03-14T16:08:22.206+0000] {processor.py:830} INFO - Processing file /opt/airflow/dags/transfer.py for tasks to queue
[2026-03-14T16:08:22.212+0000] {logging_mixin.py:188} INFO - [2026-03-14T16:08:22.212+0000] {dagbag.py:545} INFO - Filling up the DagBag from /opt/airflow/dags/transfer.py
[2026-03-14T16:08:22.240+0000] {processor.py:840} INFO - DAG(s) 'transfer_from_minio_to_snowflake_customers', 'transfer_from_minio_to_snowflake_transactions', 'transfer_from_minio_to_snowflake_accounts' retrieved from /opt/airflow/dags/transfer.py
[2026-03-14T16:08:22.268+0000] {logging_mixin.py:188} INFO - [2026-03-14T16:08:22.268+0000] {dag.py:3089} INFO - Sync 3 DAGs
[2026-03-14T16:08:22.453+0000] {logging_mixin.py:188} INFO - [2026-03-14T16:08:22.453+0000] {dag.py:3947} INFO - Setting next_dagrun for transfer_from_minio_to_snowflake_accounts to 2026-03-14 16:07:00+00:00, run_after=2026-03-14 16:08:00+00:00
[2026-03-14T16:08:22.456+0000] {logging_mixin.py:188} INFO - [2026-03-14T16:08:22.456+0000] {dag.py:3947} INFO - Setting next_dagrun for transfer_from_minio_to_snowflake_customers to 2026-03-14 16:07:00+00:00, run_after=2026-03-14 16:08:00+00:00
[2026-03-14T16:08:22.457+0000] {logging_mixin.py:188} INFO - [2026-03-14T16:08:22.457+0000] {dag.py:3947} INFO - Setting next_dagrun for transfer_from_minio_to_snowflake_transactions to 2026-03-14 16:07:00+00:00, run_after=2026-03-14 16:08:00+00:00
[2026-03-14T16:08:22.464+0000] {processor.py:183} INFO - Processing /opt/airflow/dags/transfer.py took 0.273 seconds
[2026-03-14T16:08:52.682+0000] {processor.py:161} INFO - Started process (PID=2569) to work on /opt/airflow/dags/transfer.py
[2026-03-14T16:08:52.685+0000] {processor.py:830} INFO - Processing file /opt/airflow/dags/transfer.py for tasks to queue
[2026-03-14T16:08:52.689+0000] {logging_mixin.py:188} INFO - [2026-03-14T16:08:52.689+0000] {dagbag.py:545} INFO - Filling up the DagBag from /opt/airflow/dags/transfer.py
[2026-03-14T16:08:52.735+0000] {processor.py:840} INFO - DAG(s) 'transfer_from_minio_to_snowflake_transactions', 'transfer_from_minio_to_snowflake_accounts', 'transfer_from_minio_to_snowflake_customers' retrieved from /opt/airflow/dags/transfer.py
[2026-03-14T16:08:52.763+0000] {logging_mixin.py:188} INFO - [2026-03-14T16:08:52.763+0000] {dag.py:3089} INFO - Sync 3 DAGs
[2026-03-14T16:08:52.777+0000] {logging_mixin.py:188} INFO - [2026-03-14T16:08:52.776+0000] {dag.py:3947} INFO - Setting next_dagrun for transfer_from_minio_to_snowflake_accounts to 2026-03-14 16:07:00+00:00, run_after=2026-03-14 16:08:00+00:00
[2026-03-14T16:08:52.779+0000] {logging_mixin.py:188} INFO - [2026-03-14T16:08:52.779+0000] {dag.py:3947} INFO - Setting next_dagrun for transfer_from_minio_to_snowflake_customers to 2026-03-14 16:07:00+00:00, run_after=2026-03-14 16:08:00+00:00
[2026-03-14T16:08:52.781+0000] {logging_mixin.py:188} INFO - [2026-03-14T16:08:52.781+0000] {dag.py:3947} INFO - Setting next_dagrun for transfer_from_minio_to_snowflake_transactions to 2026-03-14 16:07:00+00:00, run_after=2026-03-14 16:08:00+00:00
[2026-03-14T16:08:52.787+0000] {processor.py:183} INFO - Processing /opt/airflow/dags/transfer.py took 0.115 seconds
[2026-03-14T16:09:23.124+0000] {processor.py:161} INFO - Started process (PID=2571) to work on /opt/airflow/dags/transfer.py
[2026-03-14T16:09:23.128+0000] {processor.py:830} INFO - Processing file /opt/airflow/dags/transfer.py for tasks to queue
[2026-03-14T16:09:23.132+0000] {logging_mixin.py:188} INFO - [2026-03-14T16:09:23.132+0000] {dagbag.py:545} INFO - Filling up the DagBag from /opt/airflow/dags/transfer.py
[2026-03-14T16:09:23.177+0000] {processor.py:840} INFO - DAG(s) 'transfer_from_minio_to_snowflake_customers', 'transfer_from_minio_to_snowflake_accounts', 'transfer_from_minio_to_snowflake_transactions' retrieved from /opt/airflow/dags/transfer.py
[2026-03-14T16:09:23.210+0000] {logging_mixin.py:188} INFO - [2026-03-14T16:09:23.210+0000] {dag.py:3089} INFO - Sync 3 DAGs
[2026-03-14T16:09:23.224+0000] {logging_mixin.py:188} INFO - [2026-03-14T16:09:23.224+0000] {dag.py:3947} INFO - Setting next_dagrun for transfer_from_minio_to_snowflake_accounts to 2026-03-14 16:08:00+00:00, run_after=2026-03-14 16:09:00+00:00
[2026-03-14T16:09:23.227+0000] {logging_mixin.py:188} INFO - [2026-03-14T16:09:23.227+0000] {dag.py:3947} INFO - Setting next_dagrun for transfer_from_minio_to_snowflake_customers to 2026-03-14 16:08:00+00:00, run_after=2026-03-14 16:09:00+00:00
[2026-03-14T16:09:23.228+0000] {logging_mixin.py:188} INFO - [2026-03-14T16:09:23.228+0000] {dag.py:3947} INFO - Setting next_dagrun for transfer_from_minio_to_snowflake_transactions to 2026-03-14 16:08:00+00:00, run_after=2026-03-14 16:09:00+00:00
[2026-03-14T16:09:23.235+0000] {processor.py:183} INFO - Processing /opt/airflow/dags/transfer.py took 0.123 seconds
[2026-03-14T16:09:53.633+0000] {processor.py:161} INFO - Started process (PID=2573) to work on /opt/airflow/dags/transfer.py
[2026-03-14T16:09:53.635+0000] {processor.py:830} INFO - Processing file /opt/airflow/dags/transfer.py for tasks to queue
[2026-03-14T16:09:53.640+0000] {logging_mixin.py:188} INFO - [2026-03-14T16:09:53.640+0000] {dagbag.py:545} INFO - Filling up the DagBag from /opt/airflow/dags/transfer.py
[2026-03-14T16:09:53.676+0000] {processor.py:840} INFO - DAG(s) 'transfer_from_minio_to_snowflake_customers', 'transfer_from_minio_to_snowflake_transactions', 'transfer_from_minio_to_snowflake_accounts' retrieved from /opt/airflow/dags/transfer.py
[2026-03-14T16:09:53.710+0000] {logging_mixin.py:188} INFO - [2026-03-14T16:09:53.709+0000] {dag.py:3089} INFO - Sync 3 DAGs
[2026-03-14T16:09:53.724+0000] {logging_mixin.py:188} INFO - [2026-03-14T16:09:53.724+0000] {dag.py:3947} INFO - Setting next_dagrun for transfer_from_minio_to_snowflake_accounts to 2026-03-14 16:08:00+00:00, run_after=2026-03-14 16:09:00+00:00
[2026-03-14T16:09:53.727+0000] {logging_mixin.py:188} INFO - [2026-03-14T16:09:53.727+0000] {dag.py:3947} INFO - Setting next_dagrun for transfer_from_minio_to_snowflake_customers to 2026-03-14 16:08:00+00:00, run_after=2026-03-14 16:09:00+00:00
[2026-03-14T16:09:53.728+0000] {logging_mixin.py:188} INFO - [2026-03-14T16:09:53.728+0000] {dag.py:3947} INFO - Setting next_dagrun for transfer_from_minio_to_snowflake_transactions to 2026-03-14 16:08:00+00:00, run_after=2026-03-14 16:09:00+00:00
[2026-03-14T16:09:53.736+0000] {processor.py:183} INFO - Processing /opt/airflow/dags/transfer.py took 0.118 seconds
[2026-03-14T16:10:24.058+0000] {processor.py:161} INFO - Started process (PID=2575) to work on /opt/airflow/dags/transfer.py
[2026-03-14T16:10:24.058+0000] {processor.py:830} INFO - Processing file /opt/airflow/dags/transfer.py for tasks to queue
[2026-03-14T16:10:24.061+0000] {logging_mixin.py:188} INFO - [2026-03-14T16:10:24.061+0000] {dagbag.py:545} INFO - Filling up the DagBag from /opt/airflow/dags/transfer.py
[2026-03-14T16:10:24.073+0000] {processor.py:840} INFO - DAG(s) 'transfer_from_minio_to_snowflake_customers', 'transfer_from_minio_to_snowflake_transactions', 'transfer_from_minio_to_snowflake_accounts' retrieved from /opt/airflow/dags/transfer.py
[2026-03-14T16:10:24.096+0000] {logging_mixin.py:188} INFO - [2026-03-14T16:10:24.096+0000] {dag.py:3089} INFO - Sync 3 DAGs
[2026-03-14T16:10:24.109+0000] {logging_mixin.py:188} INFO - [2026-03-14T16:10:24.109+0000] {dag.py:3947} INFO - Setting next_dagrun for transfer_from_minio_to_snowflake_accounts to 2026-03-14 16:09:00+00:00, run_after=2026-03-14 16:10:00+00:00
[2026-03-14T16:10:24.112+0000] {logging_mixin.py:188} INFO - [2026-03-14T16:10:24.112+0000] {dag.py:3947} INFO - Setting next_dagrun for transfer_from_minio_to_snowflake_customers to 2026-03-14 16:09:00+00:00, run_after=2026-03-14 16:10:00+00:00
[2026-03-14T16:10:24.114+0000] {logging_mixin.py:188} INFO - [2026-03-14T16:10:24.114+0000] {dag.py:3947} INFO - Setting next_dagrun for transfer_from_minio_to_snowflake_transactions to 2026-03-14 16:09:00+00:00, run_after=2026-03-14 16:10:00+00:00
[2026-03-14T16:10:24.121+0000] {processor.py:183} INFO - Processing /opt/airflow/dags/transfer.py took 0.067 seconds
[2026-03-14T16:10:54.490+0000] {processor.py:161} INFO - Started process (PID=2577) to work on /opt/airflow/dags/transfer.py
[2026-03-14T16:10:54.493+0000] {processor.py:830} INFO - Processing file /opt/airflow/dags/transfer.py for tasks to queue
[2026-03-14T16:10:54.503+0000] {logging_mixin.py:188} INFO - [2026-03-14T16:10:54.502+0000] {dagbag.py:545} INFO - Filling up the DagBag from /opt/airflow/dags/transfer.py
[2026-03-14T16:10:54.547+0000] {processor.py:840} INFO - DAG(s) 'transfer_from_minio_to_snowflake_transactions', 'transfer_from_minio_to_snowflake_accounts', 'transfer_from_minio_to_snowflake_customers' retrieved from /opt/airflow/dags/transfer.py
[2026-03-14T16:10:54.579+0000] {logging_mixin.py:188} INFO - [2026-03-14T16:10:54.579+0000] {dag.py:3089} INFO - Sync 3 DAGs
[2026-03-14T16:10:54.593+0000] {logging_mixin.py:188} INFO - [2026-03-14T16:10:54.593+0000] {dag.py:3947} INFO - Setting next_dagrun for transfer_from_minio_to_snowflake_accounts to 2026-03-14 16:09:00+00:00, run_after=2026-03-14 16:10:00+00:00
[2026-03-14T16:10:54.596+0000] {logging_mixin.py:188} INFO - [2026-03-14T16:10:54.596+0000] {dag.py:3947} INFO - Setting next_dagrun for transfer_from_minio_to_snowflake_customers to 2026-03-14 16:09:00+00:00, run_after=2026-03-14 16:10:00+00:00
[2026-03-14T16:10:54.598+0000] {logging_mixin.py:188} INFO - [2026-03-14T16:10:54.598+0000] {dag.py:3947} INFO - Setting next_dagrun for transfer_from_minio_to_snowflake_transactions to 2026-03-14 16:09:00+00:00, run_after=2026-03-14 16:10:00+00:00
[2026-03-14T16:10:54.800+0000] {processor.py:183} INFO - Processing /opt/airflow/dags/transfer.py took 0.323 seconds
[2026-03-14T16:11:24.946+0000] {processor.py:161} INFO - Started process (PID=2579) to work on /opt/airflow/dags/transfer.py
[2026-03-14T16:11:24.947+0000] {processor.py:830} INFO - Processing file /opt/airflow/dags/transfer.py for tasks to queue
[2026-03-14T16:11:24.950+0000] {logging_mixin.py:188} INFO - [2026-03-14T16:11:24.950+0000] {dagbag.py:545} INFO - Filling up the DagBag from /opt/airflow/dags/transfer.py
[2026-03-14T16:11:24.967+0000] {processor.py:840} INFO - DAG(s) 'transfer_from_minio_to_snowflake_accounts', 'transfer_from_minio_to_snowflake_transactions', 'transfer_from_minio_to_snowflake_customers' retrieved from /opt/airflow/dags/transfer.py
[2026-03-14T16:11:25.010+0000] {logging_mixin.py:188} INFO - [2026-03-14T16:11:25.009+0000] {dag.py:3089} INFO - Sync 3 DAGs
[2026-03-14T16:11:25.152+0000] {logging_mixin.py:188} INFO - [2026-03-14T16:11:25.152+0000] {dag.py:3947} INFO - Setting next_dagrun for transfer_from_minio_to_snowflake_accounts to 2026-03-14 16:10:00+00:00, run_after=2026-03-14 16:11:00+00:00
[2026-03-14T16:11:25.154+0000] {logging_mixin.py:188} INFO - [2026-03-14T16:11:25.154+0000] {dag.py:3947} INFO - Setting next_dagrun for transfer_from_minio_to_snowflake_customers to 2026-03-14 16:10:00+00:00, run_after=2026-03-14 16:11:00+00:00
[2026-03-14T16:11:25.156+0000] {logging_mixin.py:188} INFO - [2026-03-14T16:11:25.156+0000] {dag.py:3947} INFO - Setting next_dagrun for transfer_from_minio_to_snowflake_transactions to 2026-03-14 16:10:00+00:00, run_after=2026-03-14 16:11:00+00:00
[2026-03-14T16:11:25.163+0000] {processor.py:183} INFO - Processing /opt/airflow/dags/transfer.py took 0.227 seconds
[2026-03-14T16:11:55.367+0000] {processor.py:161} INFO - Started process (PID=2581) to work on /opt/airflow/dags/transfer.py
[2026-03-14T16:11:55.369+0000] {processor.py:830} INFO - Processing file /opt/airflow/dags/transfer.py for tasks to queue
[2026-03-14T16:11:55.373+0000] {logging_mixin.py:188} INFO - [2026-03-14T16:11:55.372+0000] {dagbag.py:545} INFO - Filling up the DagBag from /opt/airflow/dags/transfer.py
[2026-03-14T16:11:55.391+0000] {processor.py:840} INFO - DAG(s) 'transfer_from_minio_to_snowflake_customers', 'transfer_from_minio_to_snowflake_transactions', 'transfer_from_minio_to_snowflake_accounts' retrieved from /opt/airflow/dags/transfer.py
[2026-03-14T16:11:55.422+0000] {logging_mixin.py:188} INFO - [2026-03-14T16:11:55.422+0000] {dag.py:3089} INFO - Sync 3 DAGs
[2026-03-14T16:11:55.434+0000] {logging_mixin.py:188} INFO - [2026-03-14T16:11:55.434+0000] {dag.py:3947} INFO - Setting next_dagrun for transfer_from_minio_to_snowflake_accounts to 2026-03-14 16:10:00+00:00, run_after=2026-03-14 16:11:00+00:00
[2026-03-14T16:11:55.436+0000] {logging_mixin.py:188} INFO - [2026-03-14T16:11:55.436+0000] {dag.py:3947} INFO - Setting next_dagrun for transfer_from_minio_to_snowflake_customers to 2026-03-14 16:10:00+00:00, run_after=2026-03-14 16:11:00+00:00
[2026-03-14T16:11:55.438+0000] {logging_mixin.py:188} INFO - [2026-03-14T16:11:55.438+0000] {dag.py:3947} INFO - Setting next_dagrun for transfer_from_minio_to_snowflake_transactions to 2026-03-14 16:10:00+00:00, run_after=2026-03-14 16:11:00+00:00
[2026-03-14T16:11:55.445+0000] {processor.py:183} INFO - Processing /opt/airflow/dags/transfer.py took 0.094 seconds
[2026-03-14T16:12:25.794+0000] {processor.py:161} INFO - Started process (PID=2583) to work on /opt/airflow/dags/transfer.py
[2026-03-14T16:12:25.797+0000] {processor.py:830} INFO - Processing file /opt/airflow/dags/transfer.py for tasks to queue
[2026-03-14T16:12:25.802+0000] {logging_mixin.py:188} INFO - [2026-03-14T16:12:25.802+0000] {dagbag.py:545} INFO - Filling up the DagBag from /opt/airflow/dags/transfer.py
[2026-03-14T16:12:25.832+0000] {processor.py:840} INFO - DAG(s) 'transfer_from_minio_to_snowflake_transactions', 'transfer_from_minio_to_snowflake_customers', 'transfer_from_minio_to_snowflake_accounts' retrieved from /opt/airflow/dags/transfer.py
[2026-03-14T16:12:25.861+0000] {logging_mixin.py:188} INFO - [2026-03-14T16:12:25.860+0000] {dag.py:3089} INFO - Sync 3 DAGs
[2026-03-14T16:12:25.877+0000] {logging_mixin.py:188} INFO - [2026-03-14T16:12:25.877+0000] {dag.py:3947} INFO - Setting next_dagrun for transfer_from_minio_to_snowflake_accounts to 2026-03-14 16:11:00+00:00, run_after=2026-03-14 16:12:00+00:00
[2026-03-14T16:12:25.880+0000] {logging_mixin.py:188} INFO - [2026-03-14T16:12:25.880+0000] {dag.py:3947} INFO - Setting next_dagrun for transfer_from_minio_to_snowflake_customers to 2026-03-14 16:11:00+00:00, run_after=2026-03-14 16:12:00+00:00
[2026-03-14T16:12:25.881+0000] {logging_mixin.py:188} INFO - [2026-03-14T16:12:25.881+0000] {dag.py:3947} INFO - Setting next_dagrun for transfer_from_minio_to_snowflake_transactions to 2026-03-14 16:11:00+00:00, run_after=2026-03-14 16:12:00+00:00
[2026-03-14T16:12:25.888+0000] {processor.py:183} INFO - Processing /opt/airflow/dags/transfer.py took 0.108 seconds
[2026-03-14T16:12:56.226+0000] {processor.py:161} INFO - Started process (PID=2585) to work on /opt/airflow/dags/transfer.py
[2026-03-14T16:12:56.227+0000] {processor.py:830} INFO - Processing file /opt/airflow/dags/transfer.py for tasks to queue
[2026-03-14T16:12:56.241+0000] {logging_mixin.py:188} INFO - [2026-03-14T16:12:56.240+0000] {dagbag.py:545} INFO - Filling up the DagBag from /opt/airflow/dags/transfer.py
[2026-03-14T16:12:56.279+0000] {processor.py:840} INFO - DAG(s) 'transfer_from_minio_to_snowflake_transactions', 'transfer_from_minio_to_snowflake_accounts', 'transfer_from_minio_to_snowflake_customers' retrieved from /opt/airflow/dags/transfer.py
[2026-03-14T16:12:56.313+0000] {logging_mixin.py:188} INFO - [2026-03-14T16:12:56.313+0000] {dag.py:3089} INFO - Sync 3 DAGs
[2026-03-14T16:12:56.332+0000] {logging_mixin.py:188} INFO - [2026-03-14T16:12:56.331+0000] {dag.py:3947} INFO - Setting next_dagrun for transfer_from_minio_to_snowflake_accounts to 2026-03-14 16:11:00+00:00, run_after=2026-03-14 16:12:00+00:00
[2026-03-14T16:12:56.334+0000] {logging_mixin.py:188} INFO - [2026-03-14T16:12:56.334+0000] {dag.py:3947} INFO - Setting next_dagrun for transfer_from_minio_to_snowflake_customers to 2026-03-14 16:11:00+00:00, run_after=2026-03-14 16:12:00+00:00
[2026-03-14T16:12:56.336+0000] {logging_mixin.py:188} INFO - [2026-03-14T16:12:56.336+0000] {dag.py:3947} INFO - Setting next_dagrun for transfer_from_minio_to_snowflake_transactions to 2026-03-14 16:11:00+00:00, run_after=2026-03-14 16:12:00+00:00
[2026-03-14T16:12:56.343+0000] {processor.py:183} INFO - Processing /opt/airflow/dags/transfer.py took 0.126 seconds
[2026-03-14T16:13:26.667+0000] {processor.py:161} INFO - Started process (PID=2587) to work on /opt/airflow/dags/transfer.py
[2026-03-14T16:13:26.668+0000] {processor.py:830} INFO - Processing file /opt/airflow/dags/transfer.py for tasks to queue
[2026-03-14T16:13:26.670+0000] {logging_mixin.py:188} INFO - [2026-03-14T16:13:26.670+0000] {dagbag.py:545} INFO - Filling up the DagBag from /opt/airflow/dags/transfer.py
[2026-03-14T16:13:26.690+0000] {processor.py:840} INFO - DAG(s) 'transfer_from_minio_to_snowflake_transactions', 'transfer_from_minio_to_snowflake_customers', 'transfer_from_minio_to_snowflake_accounts' retrieved from /opt/airflow/dags/transfer.py
[2026-03-14T16:13:26.715+0000] {logging_mixin.py:188} INFO - [2026-03-14T16:13:26.715+0000] {dag.py:3089} INFO - Sync 3 DAGs
[2026-03-14T16:13:26.726+0000] {logging_mixin.py:188} INFO - [2026-03-14T16:13:26.726+0000] {dag.py:3947} INFO - Setting next_dagrun for transfer_from_minio_to_snowflake_accounts to 2026-03-14 16:12:00+00:00, run_after=2026-03-14 16:13:00+00:00
[2026-03-14T16:13:26.729+0000] {logging_mixin.py:188} INFO - [2026-03-14T16:13:26.729+0000] {dag.py:3947} INFO - Setting next_dagrun for transfer_from_minio_to_snowflake_customers to 2026-03-14 16:12:00+00:00, run_after=2026-03-14 16:13:00+00:00
[2026-03-14T16:13:26.731+0000] {logging_mixin.py:188} INFO - [2026-03-14T16:13:26.731+0000] {dag.py:3947} INFO - Setting next_dagrun for transfer_from_minio_to_snowflake_transactions to 2026-03-14 16:12:00+00:00, run_after=2026-03-14 16:13:00+00:00
[2026-03-14T16:13:26.738+0000] {processor.py:183} INFO - Processing /opt/airflow/dags/transfer.py took 0.078 seconds
[2026-03-14T16:13:57.141+0000] {processor.py:161} INFO - Started process (PID=2589) to work on /opt/airflow/dags/transfer.py
[2026-03-14T16:13:57.145+0000] {processor.py:830} INFO - Processing file /opt/airflow/dags/transfer.py for tasks to queue
[2026-03-14T16:13:57.151+0000] {logging_mixin.py:188} INFO - [2026-03-14T16:13:57.151+0000] {dagbag.py:545} INFO - Filling up the DagBag from /opt/airflow/dags/transfer.py
[2026-03-14T16:13:57.184+0000] {processor.py:840} INFO - DAG(s) 'transfer_from_minio_to_snowflake_customers', 'transfer_from_minio_to_snowflake_transactions', 'transfer_from_minio_to_snowflake_accounts' retrieved from /opt/airflow/dags/transfer.py
[2026-03-14T16:13:57.215+0000] {logging_mixin.py:188} INFO - [2026-03-14T16:13:57.215+0000] {dag.py:3089} INFO - Sync 3 DAGs
[2026-03-14T16:13:57.234+0000] {logging_mixin.py:188} INFO - [2026-03-14T16:13:57.234+0000] {dag.py:3947} INFO - Setting next_dagrun for transfer_from_minio_to_snowflake_accounts to 2026-03-14 16:12:00+00:00, run_after=2026-03-14 16:13:00+00:00
[2026-03-14T16:13:57.412+0000] {logging_mixin.py:188} INFO - [2026-03-14T16:13:57.412+0000] {dag.py:3947} INFO - Setting next_dagrun for transfer_from_minio_to_snowflake_customers to 2026-03-14 16:12:00+00:00, run_after=2026-03-14 16:13:00+00:00
[2026-03-14T16:13:57.414+0000] {logging_mixin.py:188} INFO - [2026-03-14T16:13:57.414+0000] {dag.py:3947} INFO - Setting next_dagrun for transfer_from_minio_to_snowflake_transactions to 2026-03-14 16:12:00+00:00, run_after=2026-03-14 16:13:00+00:00
[2026-03-14T16:13:57.421+0000] {processor.py:183} INFO - Processing /opt/airflow/dags/transfer.py took 0.287 seconds
[2026-03-14T16:14:27.624+0000] {processor.py:161} INFO - Started process (PID=2591) to work on /opt/airflow/dags/transfer.py
[2026-03-14T16:14:27.629+0000] {processor.py:830} INFO - Processing file /opt/airflow/dags/transfer.py for tasks to queue
[2026-03-14T16:14:27.637+0000] {logging_mixin.py:188} INFO - [2026-03-14T16:14:27.636+0000] {dagbag.py:545} INFO - Filling up the DagBag from /opt/airflow/dags/transfer.py
[2026-03-14T16:14:27.672+0000] {processor.py:840} INFO - DAG(s) 'transfer_from_minio_to_snowflake_customers', 'transfer_from_minio_to_snowflake_transactions', 'transfer_from_minio_to_snowflake_accounts' retrieved from /opt/airflow/dags/transfer.py
[2026-03-14T16:14:27.710+0000] {logging_mixin.py:188} INFO - [2026-03-14T16:14:27.710+0000] {dag.py:3089} INFO - Sync 3 DAGs
[2026-03-14T16:14:27.893+0000] {logging_mixin.py:188} INFO - [2026-03-14T16:14:27.893+0000] {dag.py:3947} INFO - Setting next_dagrun for transfer_from_minio_to_snowflake_accounts to 2026-03-14 16:13:00+00:00, run_after=2026-03-14 16:14:00+00:00
[2026-03-14T16:14:27.896+0000] {logging_mixin.py:188} INFO - [2026-03-14T16:14:27.896+0000] {dag.py:3947} INFO - Setting next_dagrun for transfer_from_minio_to_snowflake_customers to 2026-03-14 16:13:00+00:00, run_after=2026-03-14 16:14:00+00:00
[2026-03-14T16:14:27.898+0000] {logging_mixin.py:188} INFO - [2026-03-14T16:14:27.898+0000] {dag.py:3947} INFO - Setting next_dagrun for transfer_from_minio_to_snowflake_transactions to 2026-03-14 16:13:00+00:00, run_after=2026-03-14 16:14:00+00:00
[2026-03-14T16:14:27.904+0000] {processor.py:183} INFO - Processing /opt/airflow/dags/transfer.py took 0.297 seconds
[2026-03-14T16:14:58.115+0000] {processor.py:161} INFO - Started process (PID=2593) to work on /opt/airflow/dags/transfer.py
[2026-03-14T16:14:58.118+0000] {processor.py:830} INFO - Processing file /opt/airflow/dags/transfer.py for tasks to queue
[2026-03-14T16:14:58.125+0000] {logging_mixin.py:188} INFO - [2026-03-14T16:14:58.124+0000] {dagbag.py:545} INFO - Filling up the DagBag from /opt/airflow/dags/transfer.py
[2026-03-14T16:14:58.159+0000] {processor.py:840} INFO - DAG(s) 'transfer_from_minio_to_snowflake_transactions', 'transfer_from_minio_to_snowflake_accounts', 'transfer_from_minio_to_snowflake_customers' retrieved from /opt/airflow/dags/transfer.py
[2026-03-14T16:14:58.195+0000] {logging_mixin.py:188} INFO - [2026-03-14T16:14:58.194+0000] {dag.py:3089} INFO - Sync 3 DAGs
[2026-03-14T16:14:58.210+0000] {logging_mixin.py:188} INFO - [2026-03-14T16:14:58.210+0000] {dag.py:3947} INFO - Setting next_dagrun for transfer_from_minio_to_snowflake_accounts to 2026-03-14 16:13:00+00:00, run_after=2026-03-14 16:14:00+00:00
[2026-03-14T16:14:58.213+0000] {logging_mixin.py:188} INFO - [2026-03-14T16:14:58.213+0000] {dag.py:3947} INFO - Setting next_dagrun for transfer_from_minio_to_snowflake_customers to 2026-03-14 16:13:00+00:00, run_after=2026-03-14 16:14:00+00:00
[2026-03-14T16:14:58.214+0000] {logging_mixin.py:188} INFO - [2026-03-14T16:14:58.214+0000] {dag.py:3947} INFO - Setting next_dagrun for transfer_from_minio_to_snowflake_transactions to 2026-03-14 16:13:00+00:00, run_after=2026-03-14 16:14:00+00:00
[2026-03-14T16:14:58.221+0000] {processor.py:183} INFO - Processing /opt/airflow/dags/transfer.py took 0.118 seconds
[2026-03-14T16:15:28.611+0000] {processor.py:161} INFO - Started process (PID=2595) to work on /opt/airflow/dags/transfer.py
[2026-03-14T16:15:28.613+0000] {processor.py:830} INFO - Processing file /opt/airflow/dags/transfer.py for tasks to queue
[2026-03-14T16:15:28.621+0000] {logging_mixin.py:188} INFO - [2026-03-14T16:15:28.620+0000] {dagbag.py:545} INFO - Filling up the DagBag from /opt/airflow/dags/transfer.py
[2026-03-14T16:15:28.662+0000] {processor.py:840} INFO - DAG(s) 'transfer_from_minio_to_snowflake_accounts', 'transfer_from_minio_to_snowflake_customers', 'transfer_from_minio_to_snowflake_transactions' retrieved from /opt/airflow/dags/transfer.py
[2026-03-14T16:15:28.695+0000] {logging_mixin.py:188} INFO - [2026-03-14T16:15:28.694+0000] {dag.py:3089} INFO - Sync 3 DAGs
[2026-03-14T16:15:28.709+0000] {logging_mixin.py:188} INFO - [2026-03-14T16:15:28.709+0000] {dag.py:3947} INFO - Setting next_dagrun for transfer_from_minio_to_snowflake_accounts to 2026-03-14 16:14:00+00:00, run_after=2026-03-14 16:15:00+00:00
[2026-03-14T16:15:28.712+0000] {logging_mixin.py:188} INFO - [2026-03-14T16:15:28.712+0000] {dag.py:3947} INFO - Setting next_dagrun for transfer_from_minio_to_snowflake_customers to 2026-03-14 16:14:00+00:00, run_after=2026-03-14 16:15:00+00:00
[2026-03-14T16:15:28.713+0000] {logging_mixin.py:188} INFO - [2026-03-14T16:15:28.713+0000] {dag.py:3947} INFO - Setting next_dagrun for transfer_from_minio_to_snowflake_transactions to 2026-03-14 16:14:00+00:00, run_after=2026-03-14 16:15:00+00:00
[2026-03-14T16:15:28.721+0000] {processor.py:183} INFO - Processing /opt/airflow/dags/transfer.py took 0.121 seconds
[2026-03-14T16:15:59.123+0000] {processor.py:161} INFO - Started process (PID=2597) to work on /opt/airflow/dags/transfer.py
[2026-03-14T16:15:59.126+0000] {processor.py:830} INFO - Processing file /opt/airflow/dags/transfer.py for tasks to queue
[2026-03-14T16:15:59.134+0000] {logging_mixin.py:188} INFO - [2026-03-14T16:15:59.133+0000] {dagbag.py:545} INFO - Filling up the DagBag from /opt/airflow/dags/transfer.py
[2026-03-14T16:15:59.168+0000] {processor.py:840} INFO - DAG(s) 'transfer_from_minio_to_snowflake_accounts', 'transfer_from_minio_to_snowflake_customers', 'transfer_from_minio_to_snowflake_transactions' retrieved from /opt/airflow/dags/transfer.py
[2026-03-14T16:15:59.203+0000] {logging_mixin.py:188} INFO - [2026-03-14T16:15:59.203+0000] {dag.py:3089} INFO - Sync 3 DAGs
[2026-03-14T16:15:59.219+0000] {logging_mixin.py:188} INFO - [2026-03-14T16:15:59.219+0000] {dag.py:3947} INFO - Setting next_dagrun for transfer_from_minio_to_snowflake_accounts to 2026-03-14 16:14:00+00:00, run_after=2026-03-14 16:15:00+00:00
[2026-03-14T16:15:59.222+0000] {logging_mixin.py:188} INFO - [2026-03-14T16:15:59.222+0000] {dag.py:3947} INFO - Setting next_dagrun for transfer_from_minio_to_snowflake_customers to 2026-03-14 16:14:00+00:00, run_after=2026-03-14 16:15:00+00:00
[2026-03-14T16:15:59.223+0000] {logging_mixin.py:188} INFO - [2026-03-14T16:15:59.223+0000] {dag.py:3947} INFO - Setting next_dagrun for transfer_from_minio_to_snowflake_transactions to 2026-03-14 16:14:00+00:00, run_after=2026-03-14 16:15:00+00:00
[2026-03-14T16:15:59.230+0000] {processor.py:183} INFO - Processing /opt/airflow/dags/transfer.py took 0.116 seconds
[2026-03-14T16:16:29.613+0000] {processor.py:161} INFO - Started process (PID=2599) to work on /opt/airflow/dags/transfer.py
[2026-03-14T16:16:29.614+0000] {processor.py:830} INFO - Processing file /opt/airflow/dags/transfer.py for tasks to queue
[2026-03-14T16:16:29.622+0000] {logging_mixin.py:188} INFO - [2026-03-14T16:16:29.621+0000] {dagbag.py:545} INFO - Filling up the DagBag from /opt/airflow/dags/transfer.py
[2026-03-14T16:16:29.662+0000] {processor.py:840} INFO - DAG(s) 'transfer_from_minio_to_snowflake_transactions', 'transfer_from_minio_to_snowflake_accounts', 'transfer_from_minio_to_snowflake_customers' retrieved from /opt/airflow/dags/transfer.py
[2026-03-14T16:16:29.733+0000] {logging_mixin.py:188} INFO - [2026-03-14T16:16:29.733+0000] {dag.py:3089} INFO - Sync 3 DAGs
[2026-03-14T16:16:29.755+0000] {logging_mixin.py:188} INFO - [2026-03-14T16:16:29.755+0000] {dag.py:3947} INFO - Setting next_dagrun for transfer_from_minio_to_snowflake_accounts to 2026-03-14 16:15:00+00:00, run_after=2026-03-14 16:16:00+00:00
[2026-03-14T16:16:29.759+0000] {logging_mixin.py:188} INFO - [2026-03-14T16:16:29.759+0000] {dag.py:3947} INFO - Setting next_dagrun for transfer_from_minio_to_snowflake_customers to 2026-03-14 16:15:00+00:00, run_after=2026-03-14 16:16:00+00:00
[2026-03-14T16:16:29.761+0000] {logging_mixin.py:188} INFO - [2026-03-14T16:16:29.761+0000] {dag.py:3947} INFO - Setting next_dagrun for transfer_from_minio_to_snowflake_transactions to 2026-03-14 16:15:00+00:00, run_after=2026-03-14 16:16:00+00:00
[2026-03-14T16:16:29.771+0000] {processor.py:183} INFO - Processing /opt/airflow/dags/transfer.py took 0.167 seconds
[2026-03-14T16:17:00.127+0000] {processor.py:161} INFO - Started process (PID=2601) to work on /opt/airflow/dags/transfer.py
[2026-03-14T16:17:00.132+0000] {processor.py:830} INFO - Processing file /opt/airflow/dags/transfer.py for tasks to queue
[2026-03-14T16:17:00.136+0000] {logging_mixin.py:188} INFO - [2026-03-14T16:17:00.136+0000] {dagbag.py:545} INFO - Filling up the DagBag from /opt/airflow/dags/transfer.py
[2026-03-14T16:17:00.181+0000] {processor.py:840} INFO - DAG(s) 'transfer_from_minio_to_snowflake_customers', 'transfer_from_minio_to_snowflake_accounts', 'transfer_from_minio_to_snowflake_transactions' retrieved from /opt/airflow/dags/transfer.py
[2026-03-14T16:17:00.217+0000] {logging_mixin.py:188} INFO - [2026-03-14T16:17:00.217+0000] {dag.py:3089} INFO - Sync 3 DAGs
[2026-03-14T16:17:00.232+0000] {logging_mixin.py:188} INFO - [2026-03-14T16:17:00.231+0000] {dag.py:3947} INFO - Setting next_dagrun for transfer_from_minio_to_snowflake_accounts to 2026-03-14 16:16:00+00:00, run_after=2026-03-14 16:17:00+00:00
[2026-03-14T16:17:00.418+0000] {logging_mixin.py:188} INFO - [2026-03-14T16:17:00.418+0000] {dag.py:3947} INFO - Setting next_dagrun for transfer_from_minio_to_snowflake_customers to 2026-03-14 16:16:00+00:00, run_after=2026-03-14 16:17:00+00:00
[2026-03-14T16:17:00.420+0000] {logging_mixin.py:188} INFO - [2026-03-14T16:17:00.420+0000] {dag.py:3947} INFO - Setting next_dagrun for transfer_from_minio_to_snowflake_transactions to 2026-03-14 16:16:00+00:00, run_after=2026-03-14 16:17:00+00:00
[2026-03-14T16:17:00.426+0000] {processor.py:183} INFO - Processing /opt/airflow/dags/transfer.py took 0.307 seconds
[2026-03-14T16:17:30.694+0000] {processor.py:161} INFO - Started process (PID=2603) to work on /opt/airflow/dags/transfer.py
[2026-03-14T16:17:30.702+0000] {processor.py:830} INFO - Processing file /opt/airflow/dags/transfer.py for tasks to queue
[2026-03-14T16:17:30.706+0000] {logging_mixin.py:188} INFO - [2026-03-14T16:17:30.705+0000] {dagbag.py:545} INFO - Filling up the DagBag from /opt/airflow/dags/transfer.py
[2026-03-14T16:17:30.746+0000] {processor.py:840} INFO - DAG(s) 'transfer_from_minio_to_snowflake_customers', 'transfer_from_minio_to_snowflake_accounts', 'transfer_from_minio_to_snowflake_transactions' retrieved from /opt/airflow/dags/transfer.py
[2026-03-14T16:17:30.776+0000] {logging_mixin.py:188} INFO - [2026-03-14T16:17:30.776+0000] {dag.py:3089} INFO - Sync 3 DAGs
[2026-03-14T16:17:30.792+0000] {logging_mixin.py:188} INFO - [2026-03-14T16:17:30.791+0000] {dag.py:3947} INFO - Setting next_dagrun for transfer_from_minio_to_snowflake_accounts to 2026-03-14 16:16:00+00:00, run_after=2026-03-14 16:17:00+00:00
[2026-03-14T16:17:30.794+0000] {logging_mixin.py:188} INFO - [2026-03-14T16:17:30.794+0000] {dag.py:3947} INFO - Setting next_dagrun for transfer_from_minio_to_snowflake_customers to 2026-03-14 16:16:00+00:00, run_after=2026-03-14 16:17:00+00:00
[2026-03-14T16:17:30.796+0000] {logging_mixin.py:188} INFO - [2026-03-14T16:17:30.796+0000] {dag.py:3947} INFO - Setting next_dagrun for transfer_from_minio_to_snowflake_transactions to 2026-03-14 16:16:00+00:00, run_after=2026-03-14 16:17:00+00:00
[2026-03-14T16:17:30.804+0000] {processor.py:183} INFO - Processing /opt/airflow/dags/transfer.py took 0.123 seconds
[2026-03-14T16:18:01.173+0000] {processor.py:161} INFO - Started process (PID=2605) to work on /opt/airflow/dags/transfer.py
[2026-03-14T16:18:01.175+0000] {processor.py:830} INFO - Processing file /opt/airflow/dags/transfer.py for tasks to queue
[2026-03-14T16:18:01.178+0000] {logging_mixin.py:188} INFO - [2026-03-14T16:18:01.177+0000] {dagbag.py:545} INFO - Filling up the DagBag from /opt/airflow/dags/transfer.py
[2026-03-14T16:18:01.211+0000] {processor.py:840} INFO - DAG(s) 'transfer_from_minio_to_snowflake_accounts', 'transfer_from_minio_to_snowflake_customers', 'transfer_from_minio_to_snowflake_transactions' retrieved from /opt/airflow/dags/transfer.py
[2026-03-14T16:18:01.244+0000] {logging_mixin.py:188} INFO - [2026-03-14T16:18:01.244+0000] {dag.py:3089} INFO - Sync 3 DAGs
[2026-03-14T16:18:01.262+0000] {logging_mixin.py:188} INFO - [2026-03-14T16:18:01.262+0000] {dag.py:3947} INFO - Setting next_dagrun for transfer_from_minio_to_snowflake_accounts to 2026-03-14 16:17:00+00:00, run_after=2026-03-14 16:18:00+00:00
[2026-03-14T16:18:01.266+0000] {logging_mixin.py:188} INFO - [2026-03-14T16:18:01.266+0000] {dag.py:3947} INFO - Setting next_dagrun for transfer_from_minio_to_snowflake_customers to 2026-03-14 16:17:00+00:00, run_after=2026-03-14 16:18:00+00:00
[2026-03-14T16:18:01.267+0000] {logging_mixin.py:188} INFO - [2026-03-14T16:18:01.267+0000] {dag.py:3947} INFO - Setting next_dagrun for transfer_from_minio_to_snowflake_transactions to 2026-03-14 16:17:00+00:00, run_after=2026-03-14 16:18:00+00:00
[2026-03-14T16:18:01.275+0000] {processor.py:183} INFO - Processing /opt/airflow/dags/transfer.py took 0.117 seconds
[2026-03-14T16:18:31.579+0000] {processor.py:161} INFO - Started process (PID=2607) to work on /opt/airflow/dags/transfer.py
[2026-03-14T16:18:31.581+0000] {processor.py:830} INFO - Processing file /opt/airflow/dags/transfer.py for tasks to queue
[2026-03-14T16:18:31.588+0000] {logging_mixin.py:188} INFO - [2026-03-14T16:18:31.587+0000] {dagbag.py:545} INFO - Filling up the DagBag from /opt/airflow/dags/transfer.py
[2026-03-14T16:18:31.629+0000] {processor.py:840} INFO - DAG(s) 'transfer_from_minio_to_snowflake_accounts', 'transfer_from_minio_to_snowflake_customers', 'transfer_from_minio_to_snowflake_transactions' retrieved from /opt/airflow/dags/transfer.py
[2026-03-14T16:18:31.661+0000] {logging_mixin.py:188} INFO - [2026-03-14T16:18:31.661+0000] {dag.py:3089} INFO - Sync 3 DAGs
[2026-03-14T16:18:31.679+0000] {logging_mixin.py:188} INFO - [2026-03-14T16:18:31.679+0000] {dag.py:3947} INFO - Setting next_dagrun for transfer_from_minio_to_snowflake_accounts to 2026-03-14 16:17:00+00:00, run_after=2026-03-14 16:18:00+00:00
[2026-03-14T16:18:31.682+0000] {logging_mixin.py:188} INFO - [2026-03-14T16:18:31.682+0000] {dag.py:3947} INFO - Setting next_dagrun for transfer_from_minio_to_snowflake_customers to 2026-03-14 16:17:00+00:00, run_after=2026-03-14 16:18:00+00:00
[2026-03-14T16:18:31.684+0000] {logging_mixin.py:188} INFO - [2026-03-14T16:18:31.684+0000] {dag.py:3947} INFO - Setting next_dagrun for transfer_from_minio_to_snowflake_transactions to 2026-03-14 16:17:00+00:00, run_after=2026-03-14 16:18:00+00:00
[2026-03-14T16:18:31.693+0000] {processor.py:183} INFO - Processing /opt/airflow/dags/transfer.py took 0.121 seconds
[2026-03-14T16:19:02.032+0000] {processor.py:161} INFO - Started process (PID=2609) to work on /opt/airflow/dags/transfer.py
[2026-03-14T16:19:02.041+0000] {processor.py:830} INFO - Processing file /opt/airflow/dags/transfer.py for tasks to queue
[2026-03-14T16:19:02.044+0000] {logging_mixin.py:188} INFO - [2026-03-14T16:19:02.044+0000] {dagbag.py:545} INFO - Filling up the DagBag from /opt/airflow/dags/transfer.py
[2026-03-14T16:19:02.091+0000] {processor.py:840} INFO - DAG(s) 'transfer_from_minio_to_snowflake_accounts', 'transfer_from_minio_to_snowflake_customers', 'transfer_from_minio_to_snowflake_transactions' retrieved from /opt/airflow/dags/transfer.py
[2026-03-14T16:19:02.127+0000] {logging_mixin.py:188} INFO - [2026-03-14T16:19:02.126+0000] {dag.py:3089} INFO - Sync 3 DAGs
[2026-03-14T16:19:02.147+0000] {logging_mixin.py:188} INFO - [2026-03-14T16:19:02.147+0000] {dag.py:3947} INFO - Setting next_dagrun for transfer_from_minio_to_snowflake_accounts to 2026-03-14 16:18:00+00:00, run_after=2026-03-14 16:19:00+00:00
[2026-03-14T16:19:02.151+0000] {logging_mixin.py:188} INFO - [2026-03-14T16:19:02.151+0000] {dag.py:3947} INFO - Setting next_dagrun for transfer_from_minio_to_snowflake_customers to 2026-03-14 16:18:00+00:00, run_after=2026-03-14 16:19:00+00:00
[2026-03-14T16:19:02.153+0000] {logging_mixin.py:188} INFO - [2026-03-14T16:19:02.153+0000] {dag.py:3947} INFO - Setting next_dagrun for transfer_from_minio_to_snowflake_transactions to 2026-03-14 16:18:00+00:00, run_after=2026-03-14 16:19:00+00:00
[2026-03-14T16:19:02.163+0000] {processor.py:183} INFO - Processing /opt/airflow/dags/transfer.py took 0.140 seconds
[2026-03-14T16:19:32.548+0000] {processor.py:161} INFO - Started process (PID=2611) to work on /opt/airflow/dags/transfer.py
[2026-03-14T16:19:32.549+0000] {processor.py:830} INFO - Processing file /opt/airflow/dags/transfer.py for tasks to queue
[2026-03-14T16:19:32.558+0000] {logging_mixin.py:188} INFO - [2026-03-14T16:19:32.558+0000] {dagbag.py:545} INFO - Filling up the DagBag from /opt/airflow/dags/transfer.py
[2026-03-14T16:19:32.592+0000] {processor.py:840} INFO - DAG(s) 'transfer_from_minio_to_snowflake_accounts', 'transfer_from_minio_to_snowflake_customers', 'transfer_from_minio_to_snowflake_transactions' retrieved from /opt/airflow/dags/transfer.py
[2026-03-14T16:19:32.620+0000] {logging_mixin.py:188} INFO - [2026-03-14T16:19:32.620+0000] {dag.py:3089} INFO - Sync 3 DAGs
[2026-03-14T16:19:32.633+0000] {logging_mixin.py:188} INFO - [2026-03-14T16:19:32.633+0000] {dag.py:3947} INFO - Setting next_dagrun for transfer_from_minio_to_snowflake_accounts to 2026-03-14 16:18:00+00:00, run_after=2026-03-14 16:19:00+00:00
[2026-03-14T16:19:32.637+0000] {logging_mixin.py:188} INFO - [2026-03-14T16:19:32.637+0000] {dag.py:3947} INFO - Setting next_dagrun for transfer_from_minio_to_snowflake_customers to 2026-03-14 16:18:00+00:00, run_after=2026-03-14 16:19:00+00:00
[2026-03-14T16:19:32.638+0000] {logging_mixin.py:188} INFO - [2026-03-14T16:19:32.638+0000] {dag.py:3947} INFO - Setting next_dagrun for transfer_from_minio_to_snowflake_transactions to 2026-03-14 16:18:00+00:00, run_after=2026-03-14 16:19:00+00:00
[2026-03-14T16:19:32.791+0000] {processor.py:183} INFO - Processing /opt/airflow/dags/transfer.py took 0.254 seconds
[2026-03-14T16:20:02.984+0000] {processor.py:161} INFO - Started process (PID=2613) to work on /opt/airflow/dags/transfer.py
[2026-03-14T16:20:02.986+0000] {processor.py:830} INFO - Processing file /opt/airflow/dags/transfer.py for tasks to queue
[2026-03-14T16:20:02.991+0000] {logging_mixin.py:188} INFO - [2026-03-14T16:20:02.990+0000] {dagbag.py:545} INFO - Filling up the DagBag from /opt/airflow/dags/transfer.py
[2026-03-14T16:20:03.026+0000] {processor.py:840} INFO - DAG(s) 'transfer_from_minio_to_snowflake_accounts', 'transfer_from_minio_to_snowflake_customers', 'transfer_from_minio_to_snowflake_transactions' retrieved from /opt/airflow/dags/transfer.py
[2026-03-14T16:20:03.062+0000] {logging_mixin.py:188} INFO - [2026-03-14T16:20:03.062+0000] {dag.py:3089} INFO - Sync 3 DAGs
[2026-03-14T16:20:03.212+0000] {logging_mixin.py:188} INFO - [2026-03-14T16:20:03.211+0000] {dag.py:3947} INFO - Setting next_dagrun for transfer_from_minio_to_snowflake_accounts to 2026-03-14 16:19:00+00:00, run_after=2026-03-14 16:20:00+00:00
[2026-03-14T16:20:03.214+0000] {logging_mixin.py:188} INFO - [2026-03-14T16:20:03.214+0000] {dag.py:3947} INFO - Setting next_dagrun for transfer_from_minio_to_snowflake_customers to 2026-03-14 16:19:00+00:00, run_after=2026-03-14 16:20:00+00:00
[2026-03-14T16:20:03.215+0000] {logging_mixin.py:188} INFO - [2026-03-14T16:20:03.215+0000] {dag.py:3947} INFO - Setting next_dagrun for transfer_from_minio_to_snowflake_transactions to 2026-03-14 16:19:00+00:00, run_after=2026-03-14 16:20:00+00:00
[2026-03-14T16:20:03.222+0000] {processor.py:183} INFO - Processing /opt/airflow/dags/transfer.py took 0.250 seconds
[2026-03-14T16:20:33.514+0000] {processor.py:161} INFO - Started process (PID=2615) to work on /opt/airflow/dags/transfer.py
[2026-03-14T16:20:33.518+0000] {processor.py:830} INFO - Processing file /opt/airflow/dags/transfer.py for tasks to queue
[2026-03-14T16:20:33.522+0000] {logging_mixin.py:188} INFO - [2026-03-14T16:20:33.522+0000] {dagbag.py:545} INFO - Filling up the DagBag from /opt/airflow/dags/transfer.py
[2026-03-14T16:20:33.557+0000] {processor.py:840} INFO - DAG(s) 'transfer_from_minio_to_snowflake_accounts', 'transfer_from_minio_to_snowflake_customers', 'transfer_from_minio_to_snowflake_transactions' retrieved from /opt/airflow/dags/transfer.py
[2026-03-14T16:20:33.586+0000] {logging_mixin.py:188} INFO - [2026-03-14T16:20:33.585+0000] {dag.py:3089} INFO - Sync 3 DAGs
[2026-03-14T16:20:33.600+0000] {logging_mixin.py:188} INFO - [2026-03-14T16:20:33.600+0000] {dag.py:3947} INFO - Setting next_dagrun for transfer_from_minio_to_snowflake_accounts to 2026-03-14 16:19:00+00:00, run_after=2026-03-14 16:20:00+00:00
[2026-03-14T16:20:33.603+0000] {logging_mixin.py:188} INFO - [2026-03-14T16:20:33.603+0000] {dag.py:3947} INFO - Setting next_dagrun for transfer_from_minio_to_snowflake_customers to 2026-03-14 16:19:00+00:00, run_after=2026-03-14 16:20:00+00:00
[2026-03-14T16:20:33.605+0000] {logging_mixin.py:188} INFO - [2026-03-14T16:20:33.605+0000] {dag.py:3947} INFO - Setting next_dagrun for transfer_from_minio_to_snowflake_transactions to 2026-03-14 16:19:00+00:00, run_after=2026-03-14 16:20:00+00:00
[2026-03-14T16:20:33.612+0000] {processor.py:183} INFO - Processing /opt/airflow/dags/transfer.py took 0.111 seconds
[2026-03-14T16:21:03.914+0000] {processor.py:161} INFO - Started process (PID=2617) to work on /opt/airflow/dags/transfer.py
[2026-03-14T16:21:03.915+0000] {processor.py:830} INFO - Processing file /opt/airflow/dags/transfer.py for tasks to queue
[2026-03-14T16:21:03.920+0000] {logging_mixin.py:188} INFO - [2026-03-14T16:21:03.920+0000] {dagbag.py:545} INFO - Filling up the DagBag from /opt/airflow/dags/transfer.py
[2026-03-14T16:21:03.935+0000] {processor.py:840} INFO - DAG(s) 'transfer_from_minio_to_snowflake_transactions', 'transfer_from_minio_to_snowflake_customers', 'transfer_from_minio_to_snowflake_accounts' retrieved from /opt/airflow/dags/transfer.py
[2026-03-14T16:21:03.961+0000] {logging_mixin.py:188} INFO - [2026-03-14T16:21:03.961+0000] {dag.py:3089} INFO - Sync 3 DAGs
[2026-03-14T16:21:03.973+0000] {logging_mixin.py:188} INFO - [2026-03-14T16:21:03.973+0000] {dag.py:3947} INFO - Setting next_dagrun for transfer_from_minio_to_snowflake_accounts to 2026-03-14 16:20:00+00:00, run_after=2026-03-14 16:21:00+00:00
[2026-03-14T16:21:03.976+0000] {logging_mixin.py:188} INFO - [2026-03-14T16:21:03.976+0000] {dag.py:3947} INFO - Setting next_dagrun for transfer_from_minio_to_snowflake_customers to 2026-03-14 16:20:00+00:00, run_after=2026-03-14 16:21:00+00:00
[2026-03-14T16:21:03.977+0000] {logging_mixin.py:188} INFO - [2026-03-14T16:21:03.977+0000] {dag.py:3947} INFO - Setting next_dagrun for transfer_from_minio_to_snowflake_transactions to 2026-03-14 16:20:00+00:00, run_after=2026-03-14 16:21:00+00:00
[2026-03-14T16:21:03.984+0000] {processor.py:183} INFO - Processing /opt/airflow/dags/transfer.py took 0.079 seconds
[2026-03-14T16:21:34.660+0000] {processor.py:161} INFO - Started process (PID=2619) to work on /opt/airflow/dags/transfer.py
[2026-03-14T16:21:34.662+0000] {processor.py:830} INFO - Processing file /opt/airflow/dags/transfer.py for tasks to queue
[2026-03-14T16:21:34.664+0000] {logging_mixin.py:188} INFO - [2026-03-14T16:21:34.664+0000] {dagbag.py:545} INFO - Filling up the DagBag from /opt/airflow/dags/transfer.py
[2026-03-14T16:21:34.708+0000] {processor.py:840} INFO - DAG(s) 'transfer_from_minio_to_snowflake_transactions', 'transfer_from_minio_to_snowflake_customers', 'transfer_from_minio_to_snowflake_accounts' retrieved from /opt/airflow/dags/transfer.py
[2026-03-14T16:21:34.746+0000] {logging_mixin.py:188} INFO - [2026-03-14T16:21:34.746+0000] {dag.py:3089} INFO - Sync 3 DAGs
[2026-03-14T16:21:34.762+0000] {logging_mixin.py:188} INFO - [2026-03-14T16:21:34.762+0000] {dag.py:3947} INFO - Setting next_dagrun for transfer_from_minio_to_snowflake_accounts to 2026-03-14 16:20:00+00:00, run_after=2026-03-14 16:21:00+00:00
[2026-03-14T16:21:34.765+0000] {logging_mixin.py:188} INFO - [2026-03-14T16:21:34.765+0000] {dag.py:3947} INFO - Setting next_dagrun for transfer_from_minio_to_snowflake_customers to 2026-03-14 16:20:00+00:00, run_after=2026-03-14 16:21:00+00:00
[2026-03-14T16:21:34.767+0000] {logging_mixin.py:188} INFO - [2026-03-14T16:21:34.767+0000] {dag.py:3947} INFO - Setting next_dagrun for transfer_from_minio_to_snowflake_transactions to 2026-03-14 16:20:00+00:00, run_after=2026-03-14 16:21:00+00:00
[2026-03-14T16:21:34.775+0000] {processor.py:183} INFO - Processing /opt/airflow/dags/transfer.py took 0.130 seconds
[2026-03-14T16:22:05.235+0000] {processor.py:161} INFO - Started process (PID=2621) to work on /opt/airflow/dags/transfer.py
[2026-03-14T16:22:05.238+0000] {processor.py:830} INFO - Processing file /opt/airflow/dags/transfer.py for tasks to queue
[2026-03-14T16:22:05.242+0000] {logging_mixin.py:188} INFO - [2026-03-14T16:22:05.242+0000] {dagbag.py:545} INFO - Filling up the DagBag from /opt/airflow/dags/transfer.py
[2026-03-14T16:22:05.283+0000] {processor.py:840} INFO - DAG(s) 'transfer_from_minio_to_snowflake_customers', 'transfer_from_minio_to_snowflake_accounts', 'transfer_from_minio_to_snowflake_transactions' retrieved from /opt/airflow/dags/transfer.py
[2026-03-14T16:22:05.311+0000] {logging_mixin.py:188} INFO - [2026-03-14T16:22:05.310+0000] {dag.py:3089} INFO - Sync 3 DAGs
[2026-03-14T16:22:05.329+0000] {logging_mixin.py:188} INFO - [2026-03-14T16:22:05.329+0000] {dag.py:3947} INFO - Setting next_dagrun for transfer_from_minio_to_snowflake_accounts to 2026-03-14 16:21:00+00:00, run_after=2026-03-14 16:22:00+00:00
[2026-03-14T16:22:05.332+0000] {logging_mixin.py:188} INFO - [2026-03-14T16:22:05.332+0000] {dag.py:3947} INFO - Setting next_dagrun for transfer_from_minio_to_snowflake_customers to 2026-03-14 16:21:00+00:00, run_after=2026-03-14 16:22:00+00:00
[2026-03-14T16:22:05.334+0000] {logging_mixin.py:188} INFO - [2026-03-14T16:22:05.334+0000] {dag.py:3947} INFO - Setting next_dagrun for transfer_from_minio_to_snowflake_transactions to 2026-03-14 16:21:00+00:00, run_after=2026-03-14 16:22:00+00:00
[2026-03-14T16:22:05.341+0000] {processor.py:183} INFO - Processing /opt/airflow/dags/transfer.py took 0.121 seconds
[2026-03-14T16:22:35.836+0000] {processor.py:161} INFO - Started process (PID=2623) to work on /opt/airflow/dags/transfer.py
[2026-03-14T16:22:35.838+0000] {processor.py:830} INFO - Processing file /opt/airflow/dags/transfer.py for tasks to queue
[2026-03-14T16:22:35.842+0000] {logging_mixin.py:188} INFO - [2026-03-14T16:22:35.841+0000] {dagbag.py:545} INFO - Filling up the DagBag from /opt/airflow/dags/transfer.py
[2026-03-14T16:22:35.874+0000] {processor.py:840} INFO - DAG(s) 'transfer_from_minio_to_snowflake_transactions', 'transfer_from_minio_to_snowflake_accounts', 'transfer_from_minio_to_snowflake_customers' retrieved from /opt/airflow/dags/transfer.py
[2026-03-14T16:22:35.908+0000] {logging_mixin.py:188} INFO - [2026-03-14T16:22:35.907+0000] {dag.py:3089} INFO - Sync 3 DAGs
[2026-03-14T16:22:35.924+0000] {logging_mixin.py:188} INFO - [2026-03-14T16:22:35.924+0000] {dag.py:3947} INFO - Setting next_dagrun for transfer_from_minio_to_snowflake_accounts to 2026-03-14 16:21:00+00:00, run_after=2026-03-14 16:22:00+00:00
[2026-03-14T16:22:36.110+0000] {logging_mixin.py:188} INFO - [2026-03-14T16:22:36.110+0000] {dag.py:3947} INFO - Setting next_dagrun for transfer_from_minio_to_snowflake_customers to 2026-03-14 16:21:00+00:00, run_after=2026-03-14 16:22:00+00:00
[2026-03-14T16:22:36.112+0000] {logging_mixin.py:188} INFO - [2026-03-14T16:22:36.112+0000] {dag.py:3947} INFO - Setting next_dagrun for transfer_from_minio_to_snowflake_transactions to 2026-03-14 16:21:00+00:00, run_after=2026-03-14 16:22:00+00:00
[2026-03-14T16:22:36.119+0000] {processor.py:183} INFO - Processing /opt/airflow/dags/transfer.py took 0.293 seconds
[2026-03-14T16:23:06.412+0000] {processor.py:161} INFO - Started process (PID=2625) to work on /opt/airflow/dags/transfer.py
[2026-03-14T16:23:06.413+0000] {processor.py:830} INFO - Processing file /opt/airflow/dags/transfer.py for tasks to queue
[2026-03-14T16:23:06.417+0000] {logging_mixin.py:188} INFO - [2026-03-14T16:23:06.416+0000] {dagbag.py:545} INFO - Filling up the DagBag from /opt/airflow/dags/transfer.py
[2026-03-14T16:23:06.445+0000] {processor.py:840} INFO - DAG(s) 'transfer_from_minio_to_snowflake_customers', 'transfer_from_minio_to_snowflake_accounts', 'transfer_from_minio_to_snowflake_transactions' retrieved from /opt/airflow/dags/transfer.py
[2026-03-14T16:23:06.480+0000] {logging_mixin.py:188} INFO - [2026-03-14T16:23:06.479+0000] {dag.py:3089} INFO - Sync 3 DAGs
[2026-03-14T16:23:06.667+0000] {logging_mixin.py:188} INFO - [2026-03-14T16:23:06.667+0000] {dag.py:3947} INFO - Setting next_dagrun for transfer_from_minio_to_snowflake_accounts to 2026-03-14 16:22:00+00:00, run_after=2026-03-14 16:23:00+00:00
[2026-03-14T16:23:06.670+0000] {logging_mixin.py:188} INFO - [2026-03-14T16:23:06.670+0000] {dag.py:3947} INFO - Setting next_dagrun for transfer_from_minio_to_snowflake_customers to 2026-03-14 16:22:00+00:00, run_after=2026-03-14 16:23:00+00:00
[2026-03-14T16:23:06.671+0000] {logging_mixin.py:188} INFO - [2026-03-14T16:23:06.671+0000] {dag.py:3947} INFO - Setting next_dagrun for transfer_from_minio_to_snowflake_transactions to 2026-03-14 16:22:00+00:00, run_after=2026-03-14 16:23:00+00:00
[2026-03-14T16:23:06.679+0000] {processor.py:183} INFO - Processing /opt/airflow/dags/transfer.py took 0.280 seconds
[2026-03-14T16:23:36.940+0000] {processor.py:161} INFO - Started process (PID=2627) to work on /opt/airflow/dags/transfer.py
[2026-03-14T16:23:36.942+0000] {processor.py:830} INFO - Processing file /opt/airflow/dags/transfer.py for tasks to queue
[2026-03-14T16:23:36.945+0000] {logging_mixin.py:188} INFO - [2026-03-14T16:23:36.944+0000] {dagbag.py:545} INFO - Filling up the DagBag from /opt/airflow/dags/transfer.py
[2026-03-14T16:23:36.991+0000] {processor.py:840} INFO - DAG(s) 'transfer_from_minio_to_snowflake_customers', 'transfer_from_minio_to_snowflake_accounts', 'transfer_from_minio_to_snowflake_transactions' retrieved from /opt/airflow/dags/transfer.py
[2026-03-14T16:23:37.035+0000] {logging_mixin.py:188} INFO - [2026-03-14T16:23:37.035+0000] {dag.py:3089} INFO - Sync 3 DAGs
[2026-03-14T16:23:37.049+0000] {logging_mixin.py:188} INFO - [2026-03-14T16:23:37.049+0000] {dag.py:3947} INFO - Setting next_dagrun for transfer_from_minio_to_snowflake_accounts to 2026-03-14 16:22:00+00:00, run_after=2026-03-14 16:23:00+00:00
[2026-03-14T16:23:37.052+0000] {logging_mixin.py:188} INFO - [2026-03-14T16:23:37.052+0000] {dag.py:3947} INFO - Setting next_dagrun for transfer_from_minio_to_snowflake_customers to 2026-03-14 16:22:00+00:00, run_after=2026-03-14 16:23:00+00:00
[2026-03-14T16:23:37.054+0000] {logging_mixin.py:188} INFO - [2026-03-14T16:23:37.054+0000] {dag.py:3947} INFO - Setting next_dagrun for transfer_from_minio_to_snowflake_transactions to 2026-03-14 16:22:00+00:00, run_after=2026-03-14 16:23:00+00:00
[2026-03-14T16:23:37.065+0000] {processor.py:183} INFO - Processing /opt/airflow/dags/transfer.py took 0.142 seconds
[2026-03-14T16:24:07.458+0000] {processor.py:161} INFO - Started process (PID=2629) to work on /opt/airflow/dags/transfer.py
[2026-03-14T16:24:07.459+0000] {processor.py:830} INFO - Processing file /opt/airflow/dags/transfer.py for tasks to queue
[2026-03-14T16:24:07.461+0000] {logging_mixin.py:188} INFO - [2026-03-14T16:24:07.461+0000] {dagbag.py:545} INFO - Filling up the DagBag from /opt/airflow/dags/transfer.py
[2026-03-14T16:24:07.480+0000] {processor.py:840} INFO - DAG(s) 'transfer_from_minio_to_snowflake_accounts', 'transfer_from_minio_to_snowflake_customers', 'transfer_from_minio_to_snowflake_transactions' retrieved from /opt/airflow/dags/transfer.py
[2026-03-14T16:24:07.506+0000] {logging_mixin.py:188} INFO - [2026-03-14T16:24:07.506+0000] {dag.py:3089} INFO - Sync 3 DAGs
[2026-03-14T16:24:07.518+0000] {logging_mixin.py:188} INFO - [2026-03-14T16:24:07.518+0000] {dag.py:3947} INFO - Setting next_dagrun for transfer_from_minio_to_snowflake_accounts to 2026-03-14 16:23:00+00:00, run_after=2026-03-14 16:24:00+00:00
[2026-03-14T16:24:07.521+0000] {logging_mixin.py:188} INFO - [2026-03-14T16:24:07.521+0000] {dag.py:3947} INFO - Setting next_dagrun for transfer_from_minio_to_snowflake_customers to 2026-03-14 16:23:00+00:00, run_after=2026-03-14 16:24:00+00:00
[2026-03-14T16:24:07.522+0000] {logging_mixin.py:188} INFO - [2026-03-14T16:24:07.522+0000] {dag.py:3947} INFO - Setting next_dagrun for transfer_from_minio_to_snowflake_transactions to 2026-03-14 16:23:00+00:00, run_after=2026-03-14 16:24:00+00:00
[2026-03-14T16:24:07.530+0000] {processor.py:183} INFO - Processing /opt/airflow/dags/transfer.py took 0.078 seconds
[2026-03-14T16:24:37.952+0000] {processor.py:161} INFO - Started process (PID=2631) to work on /opt/airflow/dags/transfer.py
[2026-03-14T16:24:37.955+0000] {processor.py:830} INFO - Processing file /opt/airflow/dags/transfer.py for tasks to queue
[2026-03-14T16:24:37.960+0000] {logging_mixin.py:188} INFO - [2026-03-14T16:24:37.959+0000] {dagbag.py:545} INFO - Filling up the DagBag from /opt/airflow/dags/transfer.py
[2026-03-14T16:24:37.998+0000] {processor.py:840} INFO - DAG(s) 'transfer_from_minio_to_snowflake_accounts', 'transfer_from_minio_to_snowflake_customers', 'transfer_from_minio_to_snowflake_transactions' retrieved from /opt/airflow/dags/transfer.py
[2026-03-14T16:24:38.033+0000] {logging_mixin.py:188} INFO - [2026-03-14T16:24:38.033+0000] {dag.py:3089} INFO - Sync 3 DAGs
[2026-03-14T16:24:38.052+0000] {logging_mixin.py:188} INFO - [2026-03-14T16:24:38.052+0000] {dag.py:3947} INFO - Setting next_dagrun for transfer_from_minio_to_snowflake_accounts to 2026-03-14 16:23:00+00:00, run_after=2026-03-14 16:24:00+00:00
[2026-03-14T16:24:38.054+0000] {logging_mixin.py:188} INFO - [2026-03-14T16:24:38.054+0000] {dag.py:3947} INFO - Setting next_dagrun for transfer_from_minio_to_snowflake_customers to 2026-03-14 16:23:00+00:00, run_after=2026-03-14 16:24:00+00:00
[2026-03-14T16:24:38.056+0000] {logging_mixin.py:188} INFO - [2026-03-14T16:24:38.056+0000] {dag.py:3947} INFO - Setting next_dagrun for transfer_from_minio_to_snowflake_transactions to 2026-03-14 16:23:00+00:00, run_after=2026-03-14 16:24:00+00:00
[2026-03-14T16:24:38.063+0000] {processor.py:183} INFO - Processing /opt/airflow/dags/transfer.py took 0.130 seconds
[2026-03-14T16:25:08.455+0000] {processor.py:161} INFO - Started process (PID=2633) to work on /opt/airflow/dags/transfer.py
[2026-03-14T16:25:08.456+0000] {processor.py:830} INFO - Processing file /opt/airflow/dags/transfer.py for tasks to queue
[2026-03-14T16:25:08.460+0000] {logging_mixin.py:188} INFO - [2026-03-14T16:25:08.459+0000] {dagbag.py:545} INFO - Filling up the DagBag from /opt/airflow/dags/transfer.py
[2026-03-14T16:25:08.478+0000] {processor.py:840} INFO - DAG(s) 'transfer_from_minio_to_snowflake_customers', 'transfer_from_minio_to_snowflake_accounts', 'transfer_from_minio_to_snowflake_transactions' retrieved from /opt/airflow/dags/transfer.py
[2026-03-14T16:25:08.503+0000] {logging_mixin.py:188} INFO - [2026-03-14T16:25:08.503+0000] {dag.py:3089} INFO - Sync 3 DAGs
[2026-03-14T16:25:08.515+0000] {logging_mixin.py:188} INFO - [2026-03-14T16:25:08.515+0000] {dag.py:3947} INFO - Setting next_dagrun for transfer_from_minio_to_snowflake_accounts to 2026-03-14 16:24:00+00:00, run_after=2026-03-14 16:25:00+00:00
[2026-03-14T16:25:08.518+0000] {logging_mixin.py:188} INFO - [2026-03-14T16:25:08.518+0000] {dag.py:3947} INFO - Setting next_dagrun for transfer_from_minio_to_snowflake_customers to 2026-03-14 16:24:00+00:00, run_after=2026-03-14 16:25:00+00:00
[2026-03-14T16:25:08.519+0000] {logging_mixin.py:188} INFO - [2026-03-14T16:25:08.519+0000] {dag.py:3947} INFO - Setting next_dagrun for transfer_from_minio_to_snowflake_transactions to 2026-03-14 16:24:00+00:00, run_after=2026-03-14 16:25:00+00:00
[2026-03-14T16:25:08.527+0000] {processor.py:183} INFO - Processing /opt/airflow/dags/transfer.py took 0.082 seconds
[2026-03-14T16:25:38.965+0000] {processor.py:161} INFO - Started process (PID=2635) to work on /opt/airflow/dags/transfer.py
[2026-03-14T16:25:38.967+0000] {processor.py:830} INFO - Processing file /opt/airflow/dags/transfer.py for tasks to queue
[2026-03-14T16:25:38.969+0000] {logging_mixin.py:188} INFO - [2026-03-14T16:25:38.969+0000] {dagbag.py:545} INFO - Filling up the DagBag from /opt/airflow/dags/transfer.py
[2026-03-14T16:25:39.003+0000] {processor.py:840} INFO - DAG(s) 'transfer_from_minio_to_snowflake_accounts', 'transfer_from_minio_to_snowflake_customers', 'transfer_from_minio_to_snowflake_transactions' retrieved from /opt/airflow/dags/transfer.py
[2026-03-14T16:25:39.047+0000] {logging_mixin.py:188} INFO - [2026-03-14T16:25:39.046+0000] {dag.py:3089} INFO - Sync 3 DAGs
[2026-03-14T16:25:39.060+0000] {logging_mixin.py:188} INFO - [2026-03-14T16:25:39.060+0000] {dag.py:3947} INFO - Setting next_dagrun for transfer_from_minio_to_snowflake_accounts to 2026-03-14 16:24:00+00:00, run_after=2026-03-14 16:25:00+00:00
[2026-03-14T16:25:39.245+0000] {logging_mixin.py:188} INFO - [2026-03-14T16:25:39.245+0000] {dag.py:3947} INFO - Setting next_dagrun for transfer_from_minio_to_snowflake_customers to 2026-03-14 16:24:00+00:00, run_after=2026-03-14 16:25:00+00:00
[2026-03-14T16:25:39.247+0000] {logging_mixin.py:188} INFO - [2026-03-14T16:25:39.247+0000] {dag.py:3947} INFO - Setting next_dagrun for transfer_from_minio_to_snowflake_transactions to 2026-03-14 16:24:00+00:00, run_after=2026-03-14 16:25:00+00:00
[2026-03-14T16:25:39.254+0000] {processor.py:183} INFO - Processing /opt/airflow/dags/transfer.py took 0.297 seconds
[2026-03-14T16:26:09.527+0000] {processor.py:161} INFO - Started process (PID=2637) to work on /opt/airflow/dags/transfer.py
[2026-03-14T16:26:09.529+0000] {processor.py:830} INFO - Processing file /opt/airflow/dags/transfer.py for tasks to queue
[2026-03-14T16:26:09.535+0000] {logging_mixin.py:188} INFO - [2026-03-14T16:26:09.535+0000] {dagbag.py:545} INFO - Filling up the DagBag from /opt/airflow/dags/transfer.py
[2026-03-14T16:26:09.566+0000] {processor.py:840} INFO - DAG(s) 'transfer_from_minio_to_snowflake_customers', 'transfer_from_minio_to_snowflake_transactions', 'transfer_from_minio_to_snowflake_accounts' retrieved from /opt/airflow/dags/transfer.py
[2026-03-14T16:26:09.595+0000] {logging_mixin.py:188} INFO - [2026-03-14T16:26:09.595+0000] {dag.py:3089} INFO - Sync 3 DAGs
[2026-03-14T16:26:09.729+0000] {logging_mixin.py:188} INFO - [2026-03-14T16:26:09.729+0000] {dag.py:3947} INFO - Setting next_dagrun for transfer_from_minio_to_snowflake_accounts to 2026-03-14 16:25:00+00:00, run_after=2026-03-14 16:26:00+00:00
[2026-03-14T16:26:09.732+0000] {logging_mixin.py:188} INFO - [2026-03-14T16:26:09.732+0000] {dag.py:3947} INFO - Setting next_dagrun for transfer_from_minio_to_snowflake_customers to 2026-03-14 16:25:00+00:00, run_after=2026-03-14 16:26:00+00:00
[2026-03-14T16:26:09.734+0000] {logging_mixin.py:188} INFO - [2026-03-14T16:26:09.734+0000] {dag.py:3947} INFO - Setting next_dagrun for transfer_from_minio_to_snowflake_transactions to 2026-03-14 16:25:00+00:00, run_after=2026-03-14 16:26:00+00:00
[2026-03-14T16:26:09.740+0000] {processor.py:183} INFO - Processing /opt/airflow/dags/transfer.py took 0.226 seconds
[2026-03-14T16:26:40.130+0000] {processor.py:161} INFO - Started process (PID=2639) to work on /opt/airflow/dags/transfer.py
[2026-03-14T16:26:40.131+0000] {processor.py:830} INFO - Processing file /opt/airflow/dags/transfer.py for tasks to queue
[2026-03-14T16:26:40.133+0000] {logging_mixin.py:188} INFO - [2026-03-14T16:26:40.132+0000] {dagbag.py:545} INFO - Filling up the DagBag from /opt/airflow/dags/transfer.py
[2026-03-14T16:26:40.173+0000] {processor.py:840} INFO - DAG(s) 'transfer_from_minio_to_snowflake_customers', 'transfer_from_minio_to_snowflake_transactions', 'transfer_from_minio_to_snowflake_accounts' retrieved from /opt/airflow/dags/transfer.py
[2026-03-14T16:26:40.201+0000] {logging_mixin.py:188} INFO - [2026-03-14T16:26:40.201+0000] {dag.py:3089} INFO - Sync 3 DAGs
[2026-03-14T16:26:40.217+0000] {logging_mixin.py:188} INFO - [2026-03-14T16:26:40.217+0000] {dag.py:3947} INFO - Setting next_dagrun for transfer_from_minio_to_snowflake_accounts to 2026-03-14 16:25:00+00:00, run_after=2026-03-14 16:26:00+00:00
[2026-03-14T16:26:40.220+0000] {logging_mixin.py:188} INFO - [2026-03-14T16:26:40.220+0000] {dag.py:3947} INFO - Setting next_dagrun for transfer_from_minio_to_snowflake_customers to 2026-03-14 16:25:00+00:00, run_after=2026-03-14 16:26:00+00:00
[2026-03-14T16:26:40.222+0000] {logging_mixin.py:188} INFO - [2026-03-14T16:26:40.222+0000] {dag.py:3947} INFO - Setting next_dagrun for transfer_from_minio_to_snowflake_transactions to 2026-03-14 16:25:00+00:00, run_after=2026-03-14 16:26:00+00:00
[2026-03-14T16:26:40.230+0000] {processor.py:183} INFO - Processing /opt/airflow/dags/transfer.py took 0.112 seconds
[2026-03-14T16:27:10.618+0000] {processor.py:161} INFO - Started process (PID=2641) to work on /opt/airflow/dags/transfer.py
[2026-03-14T16:27:10.620+0000] {processor.py:830} INFO - Processing file /opt/airflow/dags/transfer.py for tasks to queue
[2026-03-14T16:27:10.624+0000] {logging_mixin.py:188} INFO - [2026-03-14T16:27:10.623+0000] {dagbag.py:545} INFO - Filling up the DagBag from /opt/airflow/dags/transfer.py
[2026-03-14T16:27:10.657+0000] {processor.py:840} INFO - DAG(s) 'transfer_from_minio_to_snowflake_transactions', 'transfer_from_minio_to_snowflake_accounts', 'transfer_from_minio_to_snowflake_customers' retrieved from /opt/airflow/dags/transfer.py
[2026-03-14T16:27:10.693+0000] {logging_mixin.py:188} INFO - [2026-03-14T16:27:10.692+0000] {dag.py:3089} INFO - Sync 3 DAGs
[2026-03-14T16:27:10.705+0000] {logging_mixin.py:188} INFO - [2026-03-14T16:27:10.705+0000] {dag.py:3947} INFO - Setting next_dagrun for transfer_from_minio_to_snowflake_accounts to 2026-03-14 16:26:00+00:00, run_after=2026-03-14 16:27:00+00:00
[2026-03-14T16:27:10.708+0000] {logging_mixin.py:188} INFO - [2026-03-14T16:27:10.708+0000] {dag.py:3947} INFO - Setting next_dagrun for transfer_from_minio_to_snowflake_customers to 2026-03-14 16:26:00+00:00, run_after=2026-03-14 16:27:00+00:00
[2026-03-14T16:27:10.709+0000] {logging_mixin.py:188} INFO - [2026-03-14T16:27:10.709+0000] {dag.py:3947} INFO - Setting next_dagrun for transfer_from_minio_to_snowflake_transactions to 2026-03-14 16:26:00+00:00, run_after=2026-03-14 16:27:00+00:00
[2026-03-14T16:27:10.718+0000] {processor.py:183} INFO - Processing /opt/airflow/dags/transfer.py took 0.110 seconds
[2026-03-14T16:27:41.034+0000] {processor.py:161} INFO - Started process (PID=2643) to work on /opt/airflow/dags/transfer.py
[2026-03-14T16:27:41.035+0000] {processor.py:830} INFO - Processing file /opt/airflow/dags/transfer.py for tasks to queue
[2026-03-14T16:27:41.037+0000] {logging_mixin.py:188} INFO - [2026-03-14T16:27:41.037+0000] {dagbag.py:545} INFO - Filling up the DagBag from /opt/airflow/dags/transfer.py
[2026-03-14T16:27:41.053+0000] {processor.py:840} INFO - DAG(s) 'transfer_from_minio_to_snowflake_transactions', 'transfer_from_minio_to_snowflake_accounts', 'transfer_from_minio_to_snowflake_customers' retrieved from /opt/airflow/dags/transfer.py
[2026-03-14T16:27:41.079+0000] {logging_mixin.py:188} INFO - [2026-03-14T16:27:41.078+0000] {dag.py:3089} INFO - Sync 3 DAGs
[2026-03-14T16:27:41.090+0000] {logging_mixin.py:188} INFO - [2026-03-14T16:27:41.090+0000] {dag.py:3947} INFO - Setting next_dagrun for transfer_from_minio_to_snowflake_accounts to 2026-03-14 16:26:00+00:00, run_after=2026-03-14 16:27:00+00:00
[2026-03-14T16:27:41.093+0000] {logging_mixin.py:188} INFO - [2026-03-14T16:27:41.093+0000] {dag.py:3947} INFO - Setting next_dagrun for transfer_from_minio_to_snowflake_customers to 2026-03-14 16:26:00+00:00, run_after=2026-03-14 16:27:00+00:00
[2026-03-14T16:27:41.095+0000] {logging_mixin.py:188} INFO - [2026-03-14T16:27:41.094+0000] {dag.py:3947} INFO - Setting next_dagrun for transfer_from_minio_to_snowflake_transactions to 2026-03-14 16:26:00+00:00, run_after=2026-03-14 16:27:00+00:00
[2026-03-14T16:27:41.102+0000] {processor.py:183} INFO - Processing /opt/airflow/dags/transfer.py took 0.075 seconds
[2026-03-14T16:28:11.386+0000] {processor.py:161} INFO - Started process (PID=2645) to work on /opt/airflow/dags/transfer.py
[2026-03-14T16:28:11.388+0000] {processor.py:830} INFO - Processing file /opt/airflow/dags/transfer.py for tasks to queue
[2026-03-14T16:28:11.390+0000] {logging_mixin.py:188} INFO - [2026-03-14T16:28:11.390+0000] {dagbag.py:545} INFO - Filling up the DagBag from /opt/airflow/dags/transfer.py
[2026-03-14T16:28:11.424+0000] {processor.py:840} INFO - DAG(s) 'transfer_from_minio_to_snowflake_customers', 'transfer_from_minio_to_snowflake_accounts', 'transfer_from_minio_to_snowflake_transactions' retrieved from /opt/airflow/dags/transfer.py
[2026-03-14T16:28:11.454+0000] {logging_mixin.py:188} INFO - [2026-03-14T16:28:11.453+0000] {dag.py:3089} INFO - Sync 3 DAGs
[2026-03-14T16:28:11.468+0000] {logging_mixin.py:188} INFO - [2026-03-14T16:28:11.468+0000] {dag.py:3947} INFO - Setting next_dagrun for transfer_from_minio_to_snowflake_accounts to 2026-03-14 16:27:00+00:00, run_after=2026-03-14 16:28:00+00:00
[2026-03-14T16:28:11.471+0000] {logging_mixin.py:188} INFO - [2026-03-14T16:28:11.471+0000] {dag.py:3947} INFO - Setting next_dagrun for transfer_from_minio_to_snowflake_customers to 2026-03-14 16:27:00+00:00, run_after=2026-03-14 16:28:00+00:00
[2026-03-14T16:28:11.473+0000] {logging_mixin.py:188} INFO - [2026-03-14T16:28:11.473+0000] {dag.py:3947} INFO - Setting next_dagrun for transfer_from_minio_to_snowflake_transactions to 2026-03-14 16:27:00+00:00, run_after=2026-03-14 16:28:00+00:00
[2026-03-14T16:28:11.644+0000] {processor.py:183} INFO - Processing /opt/airflow/dags/transfer.py took 0.267 seconds
[2026-03-14T16:28:41.843+0000] {processor.py:161} INFO - Started process (PID=2647) to work on /opt/airflow/dags/transfer.py
[2026-03-14T16:28:41.845+0000] {processor.py:830} INFO - Processing file /opt/airflow/dags/transfer.py for tasks to queue
[2026-03-14T16:28:41.848+0000] {logging_mixin.py:188} INFO - [2026-03-14T16:28:41.848+0000] {dagbag.py:545} INFO - Filling up the DagBag from /opt/airflow/dags/transfer.py
[2026-03-14T16:28:41.908+0000] {processor.py:840} INFO - DAG(s) 'transfer_from_minio_to_snowflake_customers', 'transfer_from_minio_to_snowflake_accounts', 'transfer_from_minio_to_snowflake_transactions' retrieved from /opt/airflow/dags/transfer.py
[2026-03-14T16:28:41.938+0000] {logging_mixin.py:188} INFO - [2026-03-14T16:28:41.937+0000] {dag.py:3089} INFO - Sync 3 DAGs
[2026-03-14T16:28:42.136+0000] {logging_mixin.py:188} INFO - [2026-03-14T16:28:42.136+0000] {dag.py:3947} INFO - Setting next_dagrun for transfer_from_minio_to_snowflake_accounts to 2026-03-14 16:27:00+00:00, run_after=2026-03-14 16:28:00+00:00
[2026-03-14T16:28:42.139+0000] {logging_mixin.py:188} INFO - [2026-03-14T16:28:42.139+0000] {dag.py:3947} INFO - Setting next_dagrun for transfer_from_minio_to_snowflake_customers to 2026-03-14 16:27:00+00:00, run_after=2026-03-14 16:28:00+00:00
[2026-03-14T16:28:42.140+0000] {logging_mixin.py:188} INFO - [2026-03-14T16:28:42.140+0000] {dag.py:3947} INFO - Setting next_dagrun for transfer_from_minio_to_snowflake_transactions to 2026-03-14 16:27:00+00:00, run_after=2026-03-14 16:28:00+00:00
[2026-03-14T16:28:42.146+0000] {processor.py:183} INFO - Processing /opt/airflow/dags/transfer.py took 0.320 seconds
[2026-03-14T16:29:12.248+0000] {processor.py:161} INFO - Started process (PID=2649) to work on /opt/airflow/dags/transfer.py
[2026-03-14T16:29:12.250+0000] {processor.py:830} INFO - Processing file /opt/airflow/dags/transfer.py for tasks to queue
[2026-03-14T16:29:12.253+0000] {logging_mixin.py:188} INFO - [2026-03-14T16:29:12.253+0000] {dagbag.py:545} INFO - Filling up the DagBag from /opt/airflow/dags/transfer.py
[2026-03-14T16:29:12.268+0000] {processor.py:840} INFO - DAG(s) 'transfer_from_minio_to_snowflake_transactions', 'transfer_from_minio_to_snowflake_accounts', 'transfer_from_minio_to_snowflake_customers' retrieved from /opt/airflow/dags/transfer.py
[2026-03-14T16:29:12.292+0000] {logging_mixin.py:188} INFO - [2026-03-14T16:29:12.292+0000] {dag.py:3089} INFO - Sync 3 DAGs
[2026-03-14T16:29:12.383+0000] {logging_mixin.py:188} INFO - [2026-03-14T16:29:12.383+0000] {dag.py:3947} INFO - Setting next_dagrun for transfer_from_minio_to_snowflake_accounts to 2026-03-14 16:28:00+00:00, run_after=2026-03-14 16:29:00+00:00
[2026-03-14T16:29:12.386+0000] {logging_mixin.py:188} INFO - [2026-03-14T16:29:12.386+0000] {dag.py:3947} INFO - Setting next_dagrun for transfer_from_minio_to_snowflake_customers to 2026-03-14 16:28:00+00:00, run_after=2026-03-14 16:29:00+00:00
[2026-03-14T16:29:12.387+0000] {logging_mixin.py:188} INFO - [2026-03-14T16:29:12.387+0000] {dag.py:3947} INFO - Setting next_dagrun for transfer_from_minio_to_snowflake_transactions to 2026-03-14 16:28:00+00:00, run_after=2026-03-14 16:29:00+00:00
[2026-03-14T16:29:12.394+0000] {processor.py:183} INFO - Processing /opt/airflow/dags/transfer.py took 0.154 seconds
[2026-03-14T16:29:42.664+0000] {processor.py:161} INFO - Started process (PID=2651) to work on /opt/airflow/dags/transfer.py
[2026-03-14T16:29:42.666+0000] {processor.py:830} INFO - Processing file /opt/airflow/dags/transfer.py for tasks to queue
[2026-03-14T16:29:42.673+0000] {logging_mixin.py:188} INFO - [2026-03-14T16:29:42.672+0000] {dagbag.py:545} INFO - Filling up the DagBag from /opt/airflow/dags/transfer.py
[2026-03-14T16:29:42.714+0000] {processor.py:840} INFO - DAG(s) 'transfer_from_minio_to_snowflake_transactions', 'transfer_from_minio_to_snowflake_accounts', 'transfer_from_minio_to_snowflake_customers' retrieved from /opt/airflow/dags/transfer.py
[2026-03-14T16:29:42.745+0000] {logging_mixin.py:188} INFO - [2026-03-14T16:29:42.745+0000] {dag.py:3089} INFO - Sync 3 DAGs
[2026-03-14T16:29:42.760+0000] {logging_mixin.py:188} INFO - [2026-03-14T16:29:42.760+0000] {dag.py:3947} INFO - Setting next_dagrun for transfer_from_minio_to_snowflake_accounts to 2026-03-14 16:28:00+00:00, run_after=2026-03-14 16:29:00+00:00
[2026-03-14T16:29:42.763+0000] {logging_mixin.py:188} INFO - [2026-03-14T16:29:42.763+0000] {dag.py:3947} INFO - Setting next_dagrun for transfer_from_minio_to_snowflake_customers to 2026-03-14 16:28:00+00:00, run_after=2026-03-14 16:29:00+00:00
[2026-03-14T16:29:42.765+0000] {logging_mixin.py:188} INFO - [2026-03-14T16:29:42.765+0000] {dag.py:3947} INFO - Setting next_dagrun for transfer_from_minio_to_snowflake_transactions to 2026-03-14 16:28:00+00:00, run_after=2026-03-14 16:29:00+00:00
[2026-03-14T16:29:42.772+0000] {processor.py:183} INFO - Processing /opt/airflow/dags/transfer.py took 0.120 seconds
[2026-03-14T16:30:13.101+0000] {processor.py:161} INFO - Started process (PID=2653) to work on /opt/airflow/dags/transfer.py
[2026-03-14T16:30:13.103+0000] {processor.py:830} INFO - Processing file /opt/airflow/dags/transfer.py for tasks to queue
[2026-03-14T16:30:13.106+0000] {logging_mixin.py:188} INFO - [2026-03-14T16:30:13.105+0000] {dagbag.py:545} INFO - Filling up the DagBag from /opt/airflow/dags/transfer.py
[2026-03-14T16:30:13.134+0000] {processor.py:840} INFO - DAG(s) 'transfer_from_minio_to_snowflake_accounts', 'transfer_from_minio_to_snowflake_transactions', 'transfer_from_minio_to_snowflake_customers' retrieved from /opt/airflow/dags/transfer.py
[2026-03-14T16:30:13.161+0000] {logging_mixin.py:188} INFO - [2026-03-14T16:30:13.161+0000] {dag.py:3089} INFO - Sync 3 DAGs
[2026-03-14T16:30:13.173+0000] {logging_mixin.py:188} INFO - [2026-03-14T16:30:13.173+0000] {dag.py:3947} INFO - Setting next_dagrun for transfer_from_minio_to_snowflake_accounts to 2026-03-14 16:29:00+00:00, run_after=2026-03-14 16:30:00+00:00
[2026-03-14T16:30:13.176+0000] {logging_mixin.py:188} INFO - [2026-03-14T16:30:13.176+0000] {dag.py:3947} INFO - Setting next_dagrun for transfer_from_minio_to_snowflake_customers to 2026-03-14 16:29:00+00:00, run_after=2026-03-14 16:30:00+00:00
[2026-03-14T16:30:13.177+0000] {logging_mixin.py:188} INFO - [2026-03-14T16:30:13.177+0000] {dag.py:3947} INFO - Setting next_dagrun for transfer_from_minio_to_snowflake_transactions to 2026-03-14 16:29:00+00:00, run_after=2026-03-14 16:30:00+00:00
[2026-03-14T16:30:13.184+0000] {processor.py:183} INFO - Processing /opt/airflow/dags/transfer.py took 0.091 seconds
[2026-03-14T16:30:43.527+0000] {processor.py:161} INFO - Started process (PID=2655) to work on /opt/airflow/dags/transfer.py
[2026-03-14T16:30:43.531+0000] {processor.py:830} INFO - Processing file /opt/airflow/dags/transfer.py for tasks to queue
[2026-03-14T16:30:43.534+0000] {logging_mixin.py:188} INFO - [2026-03-14T16:30:43.533+0000] {dagbag.py:545} INFO - Filling up the DagBag from /opt/airflow/dags/transfer.py
[2026-03-14T16:30:43.567+0000] {processor.py:840} INFO - DAG(s) 'transfer_from_minio_to_snowflake_transactions', 'transfer_from_minio_to_snowflake_customers', 'transfer_from_minio_to_snowflake_accounts' retrieved from /opt/airflow/dags/transfer.py
[2026-03-14T16:30:43.600+0000] {logging_mixin.py:188} INFO - [2026-03-14T16:30:43.600+0000] {dag.py:3089} INFO - Sync 3 DAGs
[2026-03-14T16:30:43.613+0000] {logging_mixin.py:188} INFO - [2026-03-14T16:30:43.613+0000] {dag.py:3947} INFO - Setting next_dagrun for transfer_from_minio_to_snowflake_accounts to 2026-03-14 16:29:00+00:00, run_after=2026-03-14 16:30:00+00:00
[2026-03-14T16:30:43.615+0000] {logging_mixin.py:188} INFO - [2026-03-14T16:30:43.615+0000] {dag.py:3947} INFO - Setting next_dagrun for transfer_from_minio_to_snowflake_customers to 2026-03-14 16:29:00+00:00, run_after=2026-03-14 16:30:00+00:00
[2026-03-14T16:30:43.617+0000] {logging_mixin.py:188} INFO - [2026-03-14T16:30:43.617+0000] {dag.py:3947} INFO - Setting next_dagrun for transfer_from_minio_to_snowflake_transactions to 2026-03-14 16:29:00+00:00, run_after=2026-03-14 16:30:00+00:00
[2026-03-14T16:30:43.624+0000] {processor.py:183} INFO - Processing /opt/airflow/dags/transfer.py took 0.105 seconds
[2026-03-14T16:31:13.978+0000] {processor.py:161} INFO - Started process (PID=2657) to work on /opt/airflow/dags/transfer.py
[2026-03-14T16:31:13.979+0000] {processor.py:830} INFO - Processing file /opt/airflow/dags/transfer.py for tasks to queue
[2026-03-14T16:31:13.982+0000] {logging_mixin.py:188} INFO - [2026-03-14T16:31:13.981+0000] {dagbag.py:545} INFO - Filling up the DagBag from /opt/airflow/dags/transfer.py
[2026-03-14T16:31:14.001+0000] {processor.py:840} INFO - DAG(s) 'transfer_from_minio_to_snowflake_transactions', 'transfer_from_minio_to_snowflake_accounts', 'transfer_from_minio_to_snowflake_customers' retrieved from /opt/airflow/dags/transfer.py
[2026-03-14T16:31:14.029+0000] {logging_mixin.py:188} INFO - [2026-03-14T16:31:14.029+0000] {dag.py:3089} INFO - Sync 3 DAGs
[2026-03-14T16:31:14.042+0000] {logging_mixin.py:188} INFO - [2026-03-14T16:31:14.041+0000] {dag.py:3947} INFO - Setting next_dagrun for transfer_from_minio_to_snowflake_accounts to 2026-03-14 16:30:00+00:00, run_after=2026-03-14 16:31:00+00:00
[2026-03-14T16:31:14.045+0000] {logging_mixin.py:188} INFO - [2026-03-14T16:31:14.045+0000] {dag.py:3947} INFO - Setting next_dagrun for transfer_from_minio_to_snowflake_customers to 2026-03-14 16:30:00+00:00, run_after=2026-03-14 16:31:00+00:00
[2026-03-14T16:31:14.047+0000] {logging_mixin.py:188} INFO - [2026-03-14T16:31:14.047+0000] {dag.py:3947} INFO - Setting next_dagrun for transfer_from_minio_to_snowflake_transactions to 2026-03-14 16:30:00+00:00, run_after=2026-03-14 16:31:00+00:00
[2026-03-14T16:31:14.197+0000] {processor.py:183} INFO - Processing /opt/airflow/dags/transfer.py took 0.228 seconds
[2026-03-14T16:31:44.364+0000] {processor.py:161} INFO - Started process (PID=2659) to work on /opt/airflow/dags/transfer.py
[2026-03-14T16:31:44.365+0000] {processor.py:830} INFO - Processing file /opt/airflow/dags/transfer.py for tasks to queue
[2026-03-14T16:31:44.368+0000] {logging_mixin.py:188} INFO - [2026-03-14T16:31:44.368+0000] {dagbag.py:545} INFO - Filling up the DagBag from /opt/airflow/dags/transfer.py
[2026-03-14T16:31:44.406+0000] {processor.py:840} INFO - DAG(s) 'transfer_from_minio_to_snowflake_accounts', 'transfer_from_minio_to_snowflake_transactions', 'transfer_from_minio_to_snowflake_customers' retrieved from /opt/airflow/dags/transfer.py
[2026-03-14T16:31:44.436+0000] {logging_mixin.py:188} INFO - [2026-03-14T16:31:44.436+0000] {dag.py:3089} INFO - Sync 3 DAGs
[2026-03-14T16:31:44.566+0000] {logging_mixin.py:188} INFO - [2026-03-14T16:31:44.566+0000] {dag.py:3947} INFO - Setting next_dagrun for transfer_from_minio_to_snowflake_accounts to 2026-03-14 16:30:00+00:00, run_after=2026-03-14 16:31:00+00:00
[2026-03-14T16:31:44.569+0000] {logging_mixin.py:188} INFO - [2026-03-14T16:31:44.569+0000] {dag.py:3947} INFO - Setting next_dagrun for transfer_from_minio_to_snowflake_customers to 2026-03-14 16:30:00+00:00, run_after=2026-03-14 16:31:00+00:00
[2026-03-14T16:31:44.570+0000] {logging_mixin.py:188} INFO - [2026-03-14T16:31:44.570+0000] {dag.py:3947} INFO - Setting next_dagrun for transfer_from_minio_to_snowflake_transactions to 2026-03-14 16:30:00+00:00, run_after=2026-03-14 16:31:00+00:00
[2026-03-14T16:31:44.577+0000] {processor.py:183} INFO - Processing /opt/airflow/dags/transfer.py took 0.228 seconds
[2026-03-14T16:32:15.270+0000] {processor.py:161} INFO - Started process (PID=2661) to work on /opt/airflow/dags/transfer.py
[2026-03-14T16:32:15.275+0000] {processor.py:830} INFO - Processing file /opt/airflow/dags/transfer.py for tasks to queue
[2026-03-14T16:32:15.279+0000] {logging_mixin.py:188} INFO - [2026-03-14T16:32:15.279+0000] {dagbag.py:545} INFO - Filling up the DagBag from /opt/airflow/dags/transfer.py
[2026-03-14T16:32:15.312+0000] {processor.py:840} INFO - DAG(s) 'transfer_from_minio_to_snowflake_customers', 'transfer_from_minio_to_snowflake_accounts', 'transfer_from_minio_to_snowflake_transactions' retrieved from /opt/airflow/dags/transfer.py
[2026-03-14T16:32:15.344+0000] {logging_mixin.py:188} INFO - [2026-03-14T16:32:15.343+0000] {dag.py:3089} INFO - Sync 3 DAGs
[2026-03-14T16:32:15.507+0000] {logging_mixin.py:188} INFO - [2026-03-14T16:32:15.507+0000] {dag.py:3947} INFO - Setting next_dagrun for transfer_from_minio_to_snowflake_accounts to 2026-03-14 16:31:00+00:00, run_after=2026-03-14 16:32:00+00:00
[2026-03-14T16:32:15.510+0000] {logging_mixin.py:188} INFO - [2026-03-14T16:32:15.510+0000] {dag.py:3947} INFO - Setting next_dagrun for transfer_from_minio_to_snowflake_customers to 2026-03-14 16:31:00+00:00, run_after=2026-03-14 16:32:00+00:00
[2026-03-14T16:32:15.512+0000] {logging_mixin.py:188} INFO - [2026-03-14T16:32:15.512+0000] {dag.py:3947} INFO - Setting next_dagrun for transfer_from_minio_to_snowflake_transactions to 2026-03-14 16:31:00+00:00, run_after=2026-03-14 16:32:00+00:00
[2026-03-14T16:32:15.518+0000] {processor.py:183} INFO - Processing /opt/airflow/dags/transfer.py took 0.258 seconds
[2026-03-14T16:32:45.785+0000] {processor.py:161} INFO - Started process (PID=2663) to work on /opt/airflow/dags/transfer.py
[2026-03-14T16:32:45.787+0000] {processor.py:830} INFO - Processing file /opt/airflow/dags/transfer.py for tasks to queue
[2026-03-14T16:32:45.790+0000] {logging_mixin.py:188} INFO - [2026-03-14T16:32:45.790+0000] {dagbag.py:545} INFO - Filling up the DagBag from /opt/airflow/dags/transfer.py
[2026-03-14T16:32:45.830+0000] {processor.py:840} INFO - DAG(s) 'transfer_from_minio_to_snowflake_customers', 'transfer_from_minio_to_snowflake_accounts', 'transfer_from_minio_to_snowflake_transactions' retrieved from /opt/airflow/dags/transfer.py
[2026-03-14T16:32:45.864+0000] {logging_mixin.py:188} INFO - [2026-03-14T16:32:45.863+0000] {dag.py:3089} INFO - Sync 3 DAGs
[2026-03-14T16:32:45.877+0000] {logging_mixin.py:188} INFO - [2026-03-14T16:32:45.877+0000] {dag.py:3947} INFO - Setting next_dagrun for transfer_from_minio_to_snowflake_accounts to 2026-03-14 16:31:00+00:00, run_after=2026-03-14 16:32:00+00:00
[2026-03-14T16:32:45.880+0000] {logging_mixin.py:188} INFO - [2026-03-14T16:32:45.880+0000] {dag.py:3947} INFO - Setting next_dagrun for transfer_from_minio_to_snowflake_customers to 2026-03-14 16:31:00+00:00, run_after=2026-03-14 16:32:00+00:00
[2026-03-14T16:32:45.881+0000] {logging_mixin.py:188} INFO - [2026-03-14T16:32:45.881+0000] {dag.py:3947} INFO - Setting next_dagrun for transfer_from_minio_to_snowflake_transactions to 2026-03-14 16:31:00+00:00, run_after=2026-03-14 16:32:00+00:00
[2026-03-14T16:32:45.889+0000] {processor.py:183} INFO - Processing /opt/airflow/dags/transfer.py took 0.113 seconds
[2026-03-14T16:33:16.310+0000] {processor.py:161} INFO - Started process (PID=2665) to work on /opt/airflow/dags/transfer.py
[2026-03-14T16:33:16.313+0000] {processor.py:830} INFO - Processing file /opt/airflow/dags/transfer.py for tasks to queue
[2026-03-14T16:33:16.322+0000] {logging_mixin.py:188} INFO - [2026-03-14T16:33:16.318+0000] {dagbag.py:545} INFO - Filling up the DagBag from /opt/airflow/dags/transfer.py
[2026-03-14T16:33:16.360+0000] {processor.py:840} INFO - DAG(s) 'transfer_from_minio_to_snowflake_transactions', 'transfer_from_minio_to_snowflake_accounts', 'transfer_from_minio_to_snowflake_customers' retrieved from /opt/airflow/dags/transfer.py
[2026-03-14T16:33:16.394+0000] {logging_mixin.py:188} INFO - [2026-03-14T16:33:16.394+0000] {dag.py:3089} INFO - Sync 3 DAGs
[2026-03-14T16:33:16.411+0000] {logging_mixin.py:188} INFO - [2026-03-14T16:33:16.411+0000] {dag.py:3947} INFO - Setting next_dagrun for transfer_from_minio_to_snowflake_accounts to 2026-03-14 16:32:00+00:00, run_after=2026-03-14 16:33:00+00:00
[2026-03-14T16:33:16.414+0000] {logging_mixin.py:188} INFO - [2026-03-14T16:33:16.414+0000] {dag.py:3947} INFO - Setting next_dagrun for transfer_from_minio_to_snowflake_customers to 2026-03-14 16:32:00+00:00, run_after=2026-03-14 16:33:00+00:00
[2026-03-14T16:33:16.415+0000] {logging_mixin.py:188} INFO - [2026-03-14T16:33:16.415+0000] {dag.py:3947} INFO - Setting next_dagrun for transfer_from_minio_to_snowflake_transactions to 2026-03-14 16:32:00+00:00, run_after=2026-03-14 16:33:00+00:00
[2026-03-14T16:33:16.423+0000] {processor.py:183} INFO - Processing /opt/airflow/dags/transfer.py took 0.131 seconds
[2026-03-14T16:33:46.848+0000] {processor.py:161} INFO - Started process (PID=2667) to work on /opt/airflow/dags/transfer.py
[2026-03-14T16:33:46.854+0000] {processor.py:830} INFO - Processing file /opt/airflow/dags/transfer.py for tasks to queue
[2026-03-14T16:33:46.870+0000] {logging_mixin.py:188} INFO - [2026-03-14T16:33:46.869+0000] {dagbag.py:545} INFO - Filling up the DagBag from /opt/airflow/dags/transfer.py
[2026-03-14T16:33:46.907+0000] {processor.py:840} INFO - DAG(s) 'transfer_from_minio_to_snowflake_transactions', 'transfer_from_minio_to_snowflake_accounts', 'transfer_from_minio_to_snowflake_customers' retrieved from /opt/airflow/dags/transfer.py
[2026-03-14T16:33:46.933+0000] {logging_mixin.py:188} INFO - [2026-03-14T16:33:46.933+0000] {dag.py:3089} INFO - Sync 3 DAGs
[2026-03-14T16:33:46.950+0000] {logging_mixin.py:188} INFO - [2026-03-14T16:33:46.950+0000] {dag.py:3947} INFO - Setting next_dagrun for transfer_from_minio_to_snowflake_accounts to 2026-03-14 16:32:00+00:00, run_after=2026-03-14 16:33:00+00:00
[2026-03-14T16:33:46.953+0000] {logging_mixin.py:188} INFO - [2026-03-14T16:33:46.953+0000] {dag.py:3947} INFO - Setting next_dagrun for transfer_from_minio_to_snowflake_customers to 2026-03-14 16:32:00+00:00, run_after=2026-03-14 16:33:00+00:00
[2026-03-14T16:33:46.954+0000] {logging_mixin.py:188} INFO - [2026-03-14T16:33:46.954+0000] {dag.py:3947} INFO - Setting next_dagrun for transfer_from_minio_to_snowflake_transactions to 2026-03-14 16:32:00+00:00, run_after=2026-03-14 16:33:00+00:00
[2026-03-14T16:33:46.962+0000] {processor.py:183} INFO - Processing /opt/airflow/dags/transfer.py took 0.128 seconds
[2026-03-14T16:34:17.369+0000] {processor.py:161} INFO - Started process (PID=2669) to work on /opt/airflow/dags/transfer.py
[2026-03-14T16:34:17.370+0000] {processor.py:830} INFO - Processing file /opt/airflow/dags/transfer.py for tasks to queue
[2026-03-14T16:34:17.374+0000] {logging_mixin.py:188} INFO - [2026-03-14T16:34:17.374+0000] {dagbag.py:545} INFO - Filling up the DagBag from /opt/airflow/dags/transfer.py
[2026-03-14T16:34:17.402+0000] {processor.py:840} INFO - DAG(s) 'transfer_from_minio_to_snowflake_customers', 'transfer_from_minio_to_snowflake_transactions', 'transfer_from_minio_to_snowflake_accounts' retrieved from /opt/airflow/dags/transfer.py
[2026-03-14T16:34:17.429+0000] {logging_mixin.py:188} INFO - [2026-03-14T16:34:17.428+0000] {dag.py:3089} INFO - Sync 3 DAGs
[2026-03-14T16:34:17.441+0000] {logging_mixin.py:188} INFO - [2026-03-14T16:34:17.441+0000] {dag.py:3947} INFO - Setting next_dagrun for transfer_from_minio_to_snowflake_accounts to 2026-03-14 16:33:00+00:00, run_after=2026-03-14 16:34:00+00:00
[2026-03-14T16:34:17.608+0000] {logging_mixin.py:188} INFO - [2026-03-14T16:34:17.608+0000] {dag.py:3947} INFO - Setting next_dagrun for transfer_from_minio_to_snowflake_customers to 2026-03-14 16:33:00+00:00, run_after=2026-03-14 16:34:00+00:00
[2026-03-14T16:34:17.609+0000] {logging_mixin.py:188} INFO - [2026-03-14T16:34:17.609+0000] {dag.py:3947} INFO - Setting next_dagrun for transfer_from_minio_to_snowflake_transactions to 2026-03-14 16:33:00+00:00, run_after=2026-03-14 16:34:00+00:00
[2026-03-14T16:34:17.617+0000] {processor.py:183} INFO - Processing /opt/airflow/dags/transfer.py took 0.256 seconds
[2026-03-14T16:34:47.910+0000] {processor.py:161} INFO - Started process (PID=2671) to work on /opt/airflow/dags/transfer.py
[2026-03-14T16:34:47.912+0000] {processor.py:830} INFO - Processing file /opt/airflow/dags/transfer.py for tasks to queue
[2026-03-14T16:34:47.914+0000] {logging_mixin.py:188} INFO - [2026-03-14T16:34:47.914+0000] {dagbag.py:545} INFO - Filling up the DagBag from /opt/airflow/dags/transfer.py
[2026-03-14T16:34:47.957+0000] {processor.py:840} INFO - DAG(s) 'transfer_from_minio_to_snowflake_transactions', 'transfer_from_minio_to_snowflake_accounts', 'transfer_from_minio_to_snowflake_customers' retrieved from /opt/airflow/dags/transfer.py
[2026-03-14T16:34:47.988+0000] {logging_mixin.py:188} INFO - [2026-03-14T16:34:47.988+0000] {dag.py:3089} INFO - Sync 3 DAGs
[2026-03-14T16:34:48.127+0000] {logging_mixin.py:188} INFO - [2026-03-14T16:34:48.127+0000] {dag.py:3947} INFO - Setting next_dagrun for transfer_from_minio_to_snowflake_accounts to 2026-03-14 16:33:00+00:00, run_after=2026-03-14 16:34:00+00:00
[2026-03-14T16:34:48.130+0000] {logging_mixin.py:188} INFO - [2026-03-14T16:34:48.130+0000] {dag.py:3947} INFO - Setting next_dagrun for transfer_from_minio_to_snowflake_customers to 2026-03-14 16:33:00+00:00, run_after=2026-03-14 16:34:00+00:00
[2026-03-14T16:34:48.131+0000] {logging_mixin.py:188} INFO - [2026-03-14T16:34:48.131+0000] {dag.py:3947} INFO - Setting next_dagrun for transfer_from_minio_to_snowflake_transactions to 2026-03-14 16:33:00+00:00, run_after=2026-03-14 16:34:00+00:00
[2026-03-14T16:34:48.137+0000] {processor.py:183} INFO - Processing /opt/airflow/dags/transfer.py took 0.238 seconds
[2026-03-14T16:35:18.477+0000] {processor.py:161} INFO - Started process (PID=2673) to work on /opt/airflow/dags/transfer.py
[2026-03-14T16:35:18.481+0000] {processor.py:830} INFO - Processing file /opt/airflow/dags/transfer.py for tasks to queue
[2026-03-14T16:35:18.489+0000] {logging_mixin.py:188} INFO - [2026-03-14T16:35:18.489+0000] {dagbag.py:545} INFO - Filling up the DagBag from /opt/airflow/dags/transfer.py
[2026-03-14T16:35:18.528+0000] {processor.py:840} INFO - DAG(s) 'transfer_from_minio_to_snowflake_accounts', 'transfer_from_minio_to_snowflake_transactions', 'transfer_from_minio_to_snowflake_customers' retrieved from /opt/airflow/dags/transfer.py
[2026-03-14T16:35:18.746+0000] {logging_mixin.py:188} INFO - [2026-03-14T16:35:18.746+0000] {dag.py:3089} INFO - Sync 3 DAGs
[2026-03-14T16:35:18.761+0000] {logging_mixin.py:188} INFO - [2026-03-14T16:35:18.761+0000] {dag.py:3947} INFO - Setting next_dagrun for transfer_from_minio_to_snowflake_accounts to 2026-03-14 16:34:00+00:00, run_after=2026-03-14 16:35:00+00:00
[2026-03-14T16:35:18.764+0000] {logging_mixin.py:188} INFO - [2026-03-14T16:35:18.764+0000] {dag.py:3947} INFO - Setting next_dagrun for transfer_from_minio_to_snowflake_customers to 2026-03-14 16:34:00+00:00, run_after=2026-03-14 16:35:00+00:00
[2026-03-14T16:35:18.765+0000] {logging_mixin.py:188} INFO - [2026-03-14T16:35:18.765+0000] {dag.py:3947} INFO - Setting next_dagrun for transfer_from_minio_to_snowflake_transactions to 2026-03-14 16:34:00+00:00, run_after=2026-03-14 16:35:00+00:00
[2026-03-14T16:35:18.774+0000] {processor.py:183} INFO - Processing /opt/airflow/dags/transfer.py took 0.318 seconds
[2026-03-14T16:35:49.031+0000] {processor.py:161} INFO - Started process (PID=2675) to work on /opt/airflow/dags/transfer.py
[2026-03-14T16:35:49.035+0000] {processor.py:830} INFO - Processing file /opt/airflow/dags/transfer.py for tasks to queue
[2026-03-14T16:35:49.045+0000] {logging_mixin.py:188} INFO - [2026-03-14T16:35:49.044+0000] {dagbag.py:545} INFO - Filling up the DagBag from /opt/airflow/dags/transfer.py
[2026-03-14T16:35:49.088+0000] {processor.py:840} INFO - DAG(s) 'transfer_from_minio_to_snowflake_accounts', 'transfer_from_minio_to_snowflake_customers', 'transfer_from_minio_to_snowflake_transactions' retrieved from /opt/airflow/dags/transfer.py
[2026-03-14T16:35:49.125+0000] {logging_mixin.py:188} INFO - [2026-03-14T16:35:49.125+0000] {dag.py:3089} INFO - Sync 3 DAGs
[2026-03-14T16:35:49.144+0000] {logging_mixin.py:188} INFO - [2026-03-14T16:35:49.144+0000] {dag.py:3947} INFO - Setting next_dagrun for transfer_from_minio_to_snowflake_accounts to 2026-03-14 16:34:00+00:00, run_after=2026-03-14 16:35:00+00:00
[2026-03-14T16:35:49.147+0000] {logging_mixin.py:188} INFO - [2026-03-14T16:35:49.147+0000] {dag.py:3947} INFO - Setting next_dagrun for transfer_from_minio_to_snowflake_customers to 2026-03-14 16:34:00+00:00, run_after=2026-03-14 16:35:00+00:00
[2026-03-14T16:35:49.148+0000] {logging_mixin.py:188} INFO - [2026-03-14T16:35:49.148+0000] {dag.py:3947} INFO - Setting next_dagrun for transfer_from_minio_to_snowflake_transactions to 2026-03-14 16:34:00+00:00, run_after=2026-03-14 16:35:00+00:00
[2026-03-14T16:35:49.155+0000] {processor.py:183} INFO - Processing /opt/airflow/dags/transfer.py took 0.138 seconds
[2026-03-14T16:36:19.534+0000] {processor.py:161} INFO - Started process (PID=2677) to work on /opt/airflow/dags/transfer.py
[2026-03-14T16:36:19.535+0000] {processor.py:830} INFO - Processing file /opt/airflow/dags/transfer.py for tasks to queue
[2026-03-14T16:36:19.537+0000] {logging_mixin.py:188} INFO - [2026-03-14T16:36:19.537+0000] {dagbag.py:545} INFO - Filling up the DagBag from /opt/airflow/dags/transfer.py
[2026-03-14T16:36:19.555+0000] {processor.py:840} INFO - DAG(s) 'transfer_from_minio_to_snowflake_customers', 'transfer_from_minio_to_snowflake_accounts', 'transfer_from_minio_to_snowflake_transactions' retrieved from /opt/airflow/dags/transfer.py
[2026-03-14T16:36:19.580+0000] {logging_mixin.py:188} INFO - [2026-03-14T16:36:19.579+0000] {dag.py:3089} INFO - Sync 3 DAGs
[2026-03-14T16:36:19.591+0000] {logging_mixin.py:188} INFO - [2026-03-14T16:36:19.591+0000] {dag.py:3947} INFO - Setting next_dagrun for transfer_from_minio_to_snowflake_accounts to 2026-03-14 16:35:00+00:00, run_after=2026-03-14 16:36:00+00:00
[2026-03-14T16:36:19.594+0000] {logging_mixin.py:188} INFO - [2026-03-14T16:36:19.594+0000] {dag.py:3947} INFO - Setting next_dagrun for transfer_from_minio_to_snowflake_customers to 2026-03-14 16:35:00+00:00, run_after=2026-03-14 16:36:00+00:00
[2026-03-14T16:36:19.596+0000] {logging_mixin.py:188} INFO - [2026-03-14T16:36:19.596+0000] {dag.py:3947} INFO - Setting next_dagrun for transfer_from_minio_to_snowflake_transactions to 2026-03-14 16:35:00+00:00, run_after=2026-03-14 16:36:00+00:00
[2026-03-14T16:36:19.603+0000] {processor.py:183} INFO - Processing /opt/airflow/dags/transfer.py took 0.080 seconds
[2026-03-14T16:36:50.050+0000] {processor.py:161} INFO - Started process (PID=2679) to work on /opt/airflow/dags/transfer.py
[2026-03-14T16:36:50.056+0000] {processor.py:830} INFO - Processing file /opt/airflow/dags/transfer.py for tasks to queue
[2026-03-14T16:36:50.060+0000] {logging_mixin.py:188} INFO - [2026-03-14T16:36:50.059+0000] {dagbag.py:545} INFO - Filling up the DagBag from /opt/airflow/dags/transfer.py
[2026-03-14T16:36:50.098+0000] {processor.py:840} INFO - DAG(s) 'transfer_from_minio_to_snowflake_accounts', 'transfer_from_minio_to_snowflake_transactions', 'transfer_from_minio_to_snowflake_customers' retrieved from /opt/airflow/dags/transfer.py
[2026-03-14T16:36:50.131+0000] {logging_mixin.py:188} INFO - [2026-03-14T16:36:50.131+0000] {dag.py:3089} INFO - Sync 3 DAGs
[2026-03-14T16:36:50.145+0000] {logging_mixin.py:188} INFO - [2026-03-14T16:36:50.144+0000] {dag.py:3947} INFO - Setting next_dagrun for transfer_from_minio_to_snowflake_accounts to 2026-03-14 16:35:00+00:00, run_after=2026-03-14 16:36:00+00:00
[2026-03-14T16:36:50.148+0000] {logging_mixin.py:188} INFO - [2026-03-14T16:36:50.147+0000] {dag.py:3947} INFO - Setting next_dagrun for transfer_from_minio_to_snowflake_customers to 2026-03-14 16:35:00+00:00, run_after=2026-03-14 16:36:00+00:00
[2026-03-14T16:36:50.149+0000] {logging_mixin.py:188} INFO - [2026-03-14T16:36:50.149+0000] {dag.py:3947} INFO - Setting next_dagrun for transfer_from_minio_to_snowflake_transactions to 2026-03-14 16:35:00+00:00, run_after=2026-03-14 16:36:00+00:00
[2026-03-14T16:36:50.157+0000] {processor.py:183} INFO - Processing /opt/airflow/dags/transfer.py took 0.115 seconds
[2026-03-14T16:37:20.553+0000] {processor.py:161} INFO - Started process (PID=2681) to work on /opt/airflow/dags/transfer.py
[2026-03-14T16:37:20.555+0000] {processor.py:830} INFO - Processing file /opt/airflow/dags/transfer.py for tasks to queue
[2026-03-14T16:37:20.558+0000] {logging_mixin.py:188} INFO - [2026-03-14T16:37:20.558+0000] {dagbag.py:545} INFO - Filling up the DagBag from /opt/airflow/dags/transfer.py
[2026-03-14T16:37:20.596+0000] {processor.py:840} INFO - DAG(s) 'transfer_from_minio_to_snowflake_accounts', 'transfer_from_minio_to_snowflake_customers', 'transfer_from_minio_to_snowflake_transactions' retrieved from /opt/airflow/dags/transfer.py
[2026-03-14T16:37:20.627+0000] {logging_mixin.py:188} INFO - [2026-03-14T16:37:20.626+0000] {dag.py:3089} INFO - Sync 3 DAGs
[2026-03-14T16:37:20.643+0000] {logging_mixin.py:188} INFO - [2026-03-14T16:37:20.643+0000] {dag.py:3947} INFO - Setting next_dagrun for transfer_from_minio_to_snowflake_accounts to 2026-03-14 16:36:00+00:00, run_after=2026-03-14 16:37:00+00:00
[2026-03-14T16:37:20.803+0000] {logging_mixin.py:188} INFO - [2026-03-14T16:37:20.803+0000] {dag.py:3947} INFO - Setting next_dagrun for transfer_from_minio_to_snowflake_customers to 2026-03-14 16:36:00+00:00, run_after=2026-03-14 16:37:00+00:00
[2026-03-14T16:37:20.805+0000] {logging_mixin.py:188} INFO - [2026-03-14T16:37:20.804+0000] {dag.py:3947} INFO - Setting next_dagrun for transfer_from_minio_to_snowflake_transactions to 2026-03-14 16:36:00+00:00, run_after=2026-03-14 16:37:00+00:00
[2026-03-14T16:37:20.811+0000] {processor.py:183} INFO - Processing /opt/airflow/dags/transfer.py took 0.274 seconds
[2026-03-14T16:37:51.058+0000] {processor.py:161} INFO - Started process (PID=2683) to work on /opt/airflow/dags/transfer.py
[2026-03-14T16:37:51.061+0000] {processor.py:830} INFO - Processing file /opt/airflow/dags/transfer.py for tasks to queue
[2026-03-14T16:37:51.064+0000] {logging_mixin.py:188} INFO - [2026-03-14T16:37:51.064+0000] {dagbag.py:545} INFO - Filling up the DagBag from /opt/airflow/dags/transfer.py
[2026-03-14T16:37:51.107+0000] {processor.py:840} INFO - DAG(s) 'transfer_from_minio_to_snowflake_transactions', 'transfer_from_minio_to_snowflake_customers', 'transfer_from_minio_to_snowflake_accounts' retrieved from /opt/airflow/dags/transfer.py
[2026-03-14T16:37:51.130+0000] {logging_mixin.py:188} INFO - [2026-03-14T16:37:51.130+0000] {dag.py:3089} INFO - Sync 3 DAGs
[2026-03-14T16:37:51.290+0000] {logging_mixin.py:188} INFO - [2026-03-14T16:37:51.290+0000] {dag.py:3947} INFO - Setting next_dagrun for transfer_from_minio_to_snowflake_accounts to 2026-03-14 16:36:00+00:00, run_after=2026-03-14 16:37:00+00:00
[2026-03-14T16:37:51.293+0000] {logging_mixin.py:188} INFO - [2026-03-14T16:37:51.293+0000] {dag.py:3947} INFO - Setting next_dagrun for transfer_from_minio_to_snowflake_customers to 2026-03-14 16:36:00+00:00, run_after=2026-03-14 16:37:00+00:00
[2026-03-14T16:37:51.294+0000] {logging_mixin.py:188} INFO - [2026-03-14T16:37:51.294+0000] {dag.py:3947} INFO - Setting next_dagrun for transfer_from_minio_to_snowflake_transactions to 2026-03-14 16:36:00+00:00, run_after=2026-03-14 16:37:00+00:00
[2026-03-14T16:37:51.301+0000] {processor.py:183} INFO - Processing /opt/airflow/dags/transfer.py took 0.257 seconds
[2026-03-14T16:38:21.499+0000] {processor.py:161} INFO - Started process (PID=2685) to work on /opt/airflow/dags/transfer.py
[2026-03-14T16:38:21.501+0000] {processor.py:830} INFO - Processing file /opt/airflow/dags/transfer.py for tasks to queue
[2026-03-14T16:38:21.503+0000] {logging_mixin.py:188} INFO - [2026-03-14T16:38:21.503+0000] {dagbag.py:545} INFO - Filling up the DagBag from /opt/airflow/dags/transfer.py
[2026-03-14T16:38:21.520+0000] {processor.py:840} INFO - DAG(s) 'transfer_from_minio_to_snowflake_transactions', 'transfer_from_minio_to_snowflake_accounts', 'transfer_from_minio_to_snowflake_customers' retrieved from /opt/airflow/dags/transfer.py
[2026-03-14T16:38:21.542+0000] {logging_mixin.py:188} INFO - [2026-03-14T16:38:21.542+0000] {dag.py:3089} INFO - Sync 3 DAGs
[2026-03-14T16:38:21.554+0000] {logging_mixin.py:188} INFO - [2026-03-14T16:38:21.554+0000] {dag.py:3947} INFO - Setting next_dagrun for transfer_from_minio_to_snowflake_accounts to 2026-03-14 16:37:00+00:00, run_after=2026-03-14 16:38:00+00:00
[2026-03-14T16:38:21.556+0000] {logging_mixin.py:188} INFO - [2026-03-14T16:38:21.556+0000] {dag.py:3947} INFO - Setting next_dagrun for transfer_from_minio_to_snowflake_customers to 2026-03-14 16:37:00+00:00, run_after=2026-03-14 16:38:00+00:00
[2026-03-14T16:38:21.558+0000] {logging_mixin.py:188} INFO - [2026-03-14T16:38:21.558+0000] {dag.py:3947} INFO - Setting next_dagrun for transfer_from_minio_to_snowflake_transactions to 2026-03-14 16:37:00+00:00, run_after=2026-03-14 16:38:00+00:00
[2026-03-14T16:38:21.565+0000] {processor.py:183} INFO - Processing /opt/airflow/dags/transfer.py took 0.073 seconds
[2026-03-14T16:38:51.933+0000] {processor.py:161} INFO - Started process (PID=2687) to work on /opt/airflow/dags/transfer.py
[2026-03-14T16:38:51.935+0000] {processor.py:830} INFO - Processing file /opt/airflow/dags/transfer.py for tasks to queue
[2026-03-14T16:38:51.939+0000] {logging_mixin.py:188} INFO - [2026-03-14T16:38:51.939+0000] {dagbag.py:545} INFO - Filling up the DagBag from /opt/airflow/dags/transfer.py
[2026-03-14T16:38:51.966+0000] {processor.py:840} INFO - DAG(s) 'transfer_from_minio_to_snowflake_customers', 'transfer_from_minio_to_snowflake_transactions', 'transfer_from_minio_to_snowflake_accounts' retrieved from /opt/airflow/dags/transfer.py
[2026-03-14T16:38:51.995+0000] {logging_mixin.py:188} INFO - [2026-03-14T16:38:51.994+0000] {dag.py:3089} INFO - Sync 3 DAGs
[2026-03-14T16:38:52.009+0000] {logging_mixin.py:188} INFO - [2026-03-14T16:38:52.009+0000] {dag.py:3947} INFO - Setting next_dagrun for transfer_from_minio_to_snowflake_accounts to 2026-03-14 16:37:00+00:00, run_after=2026-03-14 16:38:00+00:00
[2026-03-14T16:38:52.012+0000] {logging_mixin.py:188} INFO - [2026-03-14T16:38:52.012+0000] {dag.py:3947} INFO - Setting next_dagrun for transfer_from_minio_to_snowflake_customers to 2026-03-14 16:37:00+00:00, run_after=2026-03-14 16:38:00+00:00
[2026-03-14T16:38:52.013+0000] {logging_mixin.py:188} INFO - [2026-03-14T16:38:52.013+0000] {dag.py:3947} INFO - Setting next_dagrun for transfer_from_minio_to_snowflake_transactions to 2026-03-14 16:37:00+00:00, run_after=2026-03-14 16:38:00+00:00
[2026-03-14T16:38:52.020+0000] {processor.py:183} INFO - Processing /opt/airflow/dags/transfer.py took 0.097 seconds
[2026-03-14T16:39:22.351+0000] {processor.py:161} INFO - Started process (PID=2689) to work on /opt/airflow/dags/transfer.py
[2026-03-14T16:39:22.352+0000] {processor.py:830} INFO - Processing file /opt/airflow/dags/transfer.py for tasks to queue
[2026-03-14T16:39:22.355+0000] {logging_mixin.py:188} INFO - [2026-03-14T16:39:22.355+0000] {dagbag.py:545} INFO - Filling up the DagBag from /opt/airflow/dags/transfer.py
[2026-03-14T16:39:22.376+0000] {processor.py:840} INFO - DAG(s) 'transfer_from_minio_to_snowflake_transactions', 'transfer_from_minio_to_snowflake_accounts', 'transfer_from_minio_to_snowflake_customers' retrieved from /opt/airflow/dags/transfer.py
[2026-03-14T16:39:22.403+0000] {logging_mixin.py:188} INFO - [2026-03-14T16:39:22.402+0000] {dag.py:3089} INFO - Sync 3 DAGs
[2026-03-14T16:39:22.416+0000] {logging_mixin.py:188} INFO - [2026-03-14T16:39:22.415+0000] {dag.py:3947} INFO - Setting next_dagrun for transfer_from_minio_to_snowflake_accounts to 2026-03-14 16:38:00+00:00, run_after=2026-03-14 16:39:00+00:00
[2026-03-14T16:39:22.418+0000] {logging_mixin.py:188} INFO - [2026-03-14T16:39:22.418+0000] {dag.py:3947} INFO - Setting next_dagrun for transfer_from_minio_to_snowflake_customers to 2026-03-14 16:38:00+00:00, run_after=2026-03-14 16:39:00+00:00
[2026-03-14T16:39:22.420+0000] {logging_mixin.py:188} INFO - [2026-03-14T16:39:22.420+0000] {dag.py:3947} INFO - Setting next_dagrun for transfer_from_minio_to_snowflake_transactions to 2026-03-14 16:38:00+00:00, run_after=2026-03-14 16:39:00+00:00
[2026-03-14T16:39:22.427+0000] {processor.py:183} INFO - Processing /opt/airflow/dags/transfer.py took 0.083 seconds
[2026-03-14T16:39:52.811+0000] {processor.py:161} INFO - Started process (PID=2691) to work on /opt/airflow/dags/transfer.py
[2026-03-14T16:39:52.813+0000] {processor.py:830} INFO - Processing file /opt/airflow/dags/transfer.py for tasks to queue
[2026-03-14T16:39:52.820+0000] {logging_mixin.py:188} INFO - [2026-03-14T16:39:52.819+0000] {dagbag.py:545} INFO - Filling up the DagBag from /opt/airflow/dags/transfer.py
[2026-03-14T16:39:52.847+0000] {processor.py:840} INFO - DAG(s) 'transfer_from_minio_to_snowflake_customers', 'transfer_from_minio_to_snowflake_transactions', 'transfer_from_minio_to_snowflake_accounts' retrieved from /opt/airflow/dags/transfer.py
[2026-03-14T16:39:52.880+0000] {logging_mixin.py:188} INFO - [2026-03-14T16:39:52.880+0000] {dag.py:3089} INFO - Sync 3 DAGs
[2026-03-14T16:39:52.893+0000] {logging_mixin.py:188} INFO - [2026-03-14T16:39:52.893+0000] {dag.py:3947} INFO - Setting next_dagrun for transfer_from_minio_to_snowflake_accounts to 2026-03-14 16:38:00+00:00, run_after=2026-03-14 16:39:00+00:00
[2026-03-14T16:39:52.897+0000] {logging_mixin.py:188} INFO - [2026-03-14T16:39:52.897+0000] {dag.py:3947} INFO - Setting next_dagrun for transfer_from_minio_to_snowflake_customers to 2026-03-14 16:38:00+00:00, run_after=2026-03-14 16:39:00+00:00
[2026-03-14T16:39:52.898+0000] {logging_mixin.py:188} INFO - [2026-03-14T16:39:52.898+0000] {dag.py:3947} INFO - Setting next_dagrun for transfer_from_minio_to_snowflake_transactions to 2026-03-14 16:38:00+00:00, run_after=2026-03-14 16:39:00+00:00
[2026-03-14T16:39:53.071+0000] {processor.py:183} INFO - Processing /opt/airflow/dags/transfer.py took 0.270 seconds
[2026-03-14T16:40:23.235+0000] {processor.py:161} INFO - Started process (PID=2693) to work on /opt/airflow/dags/transfer.py
[2026-03-14T16:40:23.236+0000] {processor.py:830} INFO - Processing file /opt/airflow/dags/transfer.py for tasks to queue
[2026-03-14T16:40:23.240+0000] {logging_mixin.py:188} INFO - [2026-03-14T16:40:23.240+0000] {dagbag.py:545} INFO - Filling up the DagBag from /opt/airflow/dags/transfer.py
[2026-03-14T16:40:23.265+0000] {processor.py:840} INFO - DAG(s) 'transfer_from_minio_to_snowflake_accounts', 'transfer_from_minio_to_snowflake_customers', 'transfer_from_minio_to_snowflake_transactions' retrieved from /opt/airflow/dags/transfer.py
[2026-03-14T16:40:23.292+0000] {logging_mixin.py:188} INFO - [2026-03-14T16:40:23.291+0000] {dag.py:3089} INFO - Sync 3 DAGs
[2026-03-14T16:40:23.415+0000] {logging_mixin.py:188} INFO - [2026-03-14T16:40:23.414+0000] {dag.py:3947} INFO - Setting next_dagrun for transfer_from_minio_to_snowflake_accounts to 2026-03-14 16:39:00+00:00, run_after=2026-03-14 16:40:00+00:00
[2026-03-14T16:40:23.417+0000] {logging_mixin.py:188} INFO - [2026-03-14T16:40:23.417+0000] {dag.py:3947} INFO - Setting next_dagrun for transfer_from_minio_to_snowflake_customers to 2026-03-14 16:39:00+00:00, run_after=2026-03-14 16:40:00+00:00
[2026-03-14T16:40:23.419+0000] {logging_mixin.py:188} INFO - [2026-03-14T16:40:23.419+0000] {dag.py:3947} INFO - Setting next_dagrun for transfer_from_minio_to_snowflake_transactions to 2026-03-14 16:39:00+00:00, run_after=2026-03-14 16:40:00+00:00
[2026-03-14T16:40:23.425+0000] {processor.py:183} INFO - Processing /opt/airflow/dags/transfer.py took 0.201 seconds
[2026-03-14T16:40:53.681+0000] {processor.py:161} INFO - Started process (PID=2695) to work on /opt/airflow/dags/transfer.py
[2026-03-14T16:40:53.684+0000] {processor.py:830} INFO - Processing file /opt/airflow/dags/transfer.py for tasks to queue
[2026-03-14T16:40:53.687+0000] {logging_mixin.py:188} INFO - [2026-03-14T16:40:53.687+0000] {dagbag.py:545} INFO - Filling up the DagBag from /opt/airflow/dags/transfer.py
[2026-03-14T16:40:53.708+0000] {processor.py:840} INFO - DAG(s) 'transfer_from_minio_to_snowflake_transactions', 'transfer_from_minio_to_snowflake_customers', 'transfer_from_minio_to_snowflake_accounts' retrieved from /opt/airflow/dags/transfer.py
[2026-03-14T16:40:53.732+0000] {logging_mixin.py:188} INFO - [2026-03-14T16:40:53.732+0000] {dag.py:3089} INFO - Sync 3 DAGs
[2026-03-14T16:40:53.880+0000] {logging_mixin.py:188} INFO - [2026-03-14T16:40:53.880+0000] {dag.py:3947} INFO - Setting next_dagrun for transfer_from_minio_to_snowflake_accounts to 2026-03-14 16:39:00+00:00, run_after=2026-03-14 16:40:00+00:00
[2026-03-14T16:40:53.883+0000] {logging_mixin.py:188} INFO - [2026-03-14T16:40:53.883+0000] {dag.py:3947} INFO - Setting next_dagrun for transfer_from_minio_to_snowflake_customers to 2026-03-14 16:39:00+00:00, run_after=2026-03-14 16:40:00+00:00
[2026-03-14T16:40:53.884+0000] {logging_mixin.py:188} INFO - [2026-03-14T16:40:53.884+0000] {dag.py:3947} INFO - Setting next_dagrun for transfer_from_minio_to_snowflake_transactions to 2026-03-14 16:39:00+00:00, run_after=2026-03-14 16:40:00+00:00
[2026-03-14T16:40:53.891+0000] {processor.py:183} INFO - Processing /opt/airflow/dags/transfer.py took 0.220 seconds
[2026-03-14T16:41:24.125+0000] {processor.py:161} INFO - Started process (PID=2697) to work on /opt/airflow/dags/transfer.py
[2026-03-14T16:41:24.127+0000] {processor.py:830} INFO - Processing file /opt/airflow/dags/transfer.py for tasks to queue
[2026-03-14T16:41:24.129+0000] {logging_mixin.py:188} INFO - [2026-03-14T16:41:24.128+0000] {dagbag.py:545} INFO - Filling up the DagBag from /opt/airflow/dags/transfer.py
[2026-03-14T16:41:24.157+0000] {processor.py:840} INFO - DAG(s) 'transfer_from_minio_to_snowflake_customers', 'transfer_from_minio_to_snowflake_transactions', 'transfer_from_minio_to_snowflake_accounts' retrieved from /opt/airflow/dags/transfer.py
[2026-03-14T16:41:24.185+0000] {logging_mixin.py:188} INFO - [2026-03-14T16:41:24.184+0000] {dag.py:3089} INFO - Sync 3 DAGs
[2026-03-14T16:41:24.198+0000] {logging_mixin.py:188} INFO - [2026-03-14T16:41:24.198+0000] {dag.py:3947} INFO - Setting next_dagrun for transfer_from_minio_to_snowflake_accounts to 2026-03-14 16:40:00+00:00, run_after=2026-03-14 16:41:00+00:00
[2026-03-14T16:41:24.202+0000] {logging_mixin.py:188} INFO - [2026-03-14T16:41:24.201+0000] {dag.py:3947} INFO - Setting next_dagrun for transfer_from_minio_to_snowflake_customers to 2026-03-14 16:40:00+00:00, run_after=2026-03-14 16:41:00+00:00
[2026-03-14T16:41:24.203+0000] {logging_mixin.py:188} INFO - [2026-03-14T16:41:24.203+0000] {dag.py:3947} INFO - Setting next_dagrun for transfer_from_minio_to_snowflake_transactions to 2026-03-14 16:40:00+00:00, run_after=2026-03-14 16:41:00+00:00
[2026-03-14T16:41:24.210+0000] {processor.py:183} INFO - Processing /opt/airflow/dags/transfer.py took 0.093 seconds
[2026-03-14T16:41:54.572+0000] {processor.py:161} INFO - Started process (PID=2699) to work on /opt/airflow/dags/transfer.py
[2026-03-14T16:41:54.573+0000] {processor.py:830} INFO - Processing file /opt/airflow/dags/transfer.py for tasks to queue
[2026-03-14T16:41:54.577+0000] {logging_mixin.py:188} INFO - [2026-03-14T16:41:54.576+0000] {dagbag.py:545} INFO - Filling up the DagBag from /opt/airflow/dags/transfer.py
[2026-03-14T16:41:54.613+0000] {processor.py:840} INFO - DAG(s) 'transfer_from_minio_to_snowflake_accounts', 'transfer_from_minio_to_snowflake_transactions', 'transfer_from_minio_to_snowflake_customers' retrieved from /opt/airflow/dags/transfer.py
[2026-03-14T16:41:54.647+0000] {logging_mixin.py:188} INFO - [2026-03-14T16:41:54.646+0000] {dag.py:3089} INFO - Sync 3 DAGs
[2026-03-14T16:41:54.662+0000] {logging_mixin.py:188} INFO - [2026-03-14T16:41:54.662+0000] {dag.py:3947} INFO - Setting next_dagrun for transfer_from_minio_to_snowflake_accounts to 2026-03-14 16:40:00+00:00, run_after=2026-03-14 16:41:00+00:00
[2026-03-14T16:41:54.665+0000] {logging_mixin.py:188} INFO - [2026-03-14T16:41:54.665+0000] {dag.py:3947} INFO - Setting next_dagrun for transfer_from_minio_to_snowflake_customers to 2026-03-14 16:40:00+00:00, run_after=2026-03-14 16:41:00+00:00
[2026-03-14T16:41:54.667+0000] {logging_mixin.py:188} INFO - [2026-03-14T16:41:54.667+0000] {dag.py:3947} INFO - Setting next_dagrun for transfer_from_minio_to_snowflake_transactions to 2026-03-14 16:40:00+00:00, run_after=2026-03-14 16:41:00+00:00
[2026-03-14T16:41:54.677+0000] {processor.py:183} INFO - Processing /opt/airflow/dags/transfer.py took 0.113 seconds
[2026-03-14T16:42:25.104+0000] {processor.py:161} INFO - Started process (PID=2701) to work on /opt/airflow/dags/transfer.py
[2026-03-14T16:42:25.105+0000] {processor.py:830} INFO - Processing file /opt/airflow/dags/transfer.py for tasks to queue
[2026-03-14T16:42:25.111+0000] {logging_mixin.py:188} INFO - [2026-03-14T16:42:25.111+0000] {dagbag.py:545} INFO - Filling up the DagBag from /opt/airflow/dags/transfer.py
[2026-03-14T16:42:25.157+0000] {processor.py:840} INFO - DAG(s) 'transfer_from_minio_to_snowflake_transactions', 'transfer_from_minio_to_snowflake_customers', 'transfer_from_minio_to_snowflake_accounts' retrieved from /opt/airflow/dags/transfer.py
[2026-03-14T16:42:25.208+0000] {logging_mixin.py:188} INFO - [2026-03-14T16:42:25.208+0000] {dag.py:3089} INFO - Sync 3 DAGs
[2026-03-14T16:42:25.225+0000] {logging_mixin.py:188} INFO - [2026-03-14T16:42:25.225+0000] {dag.py:3947} INFO - Setting next_dagrun for transfer_from_minio_to_snowflake_accounts to 2026-03-14 16:41:00+00:00, run_after=2026-03-14 16:42:00+00:00
[2026-03-14T16:42:25.228+0000] {logging_mixin.py:188} INFO - [2026-03-14T16:42:25.228+0000] {dag.py:3947} INFO - Setting next_dagrun for transfer_from_minio_to_snowflake_customers to 2026-03-14 16:41:00+00:00, run_after=2026-03-14 16:42:00+00:00
[2026-03-14T16:42:25.229+0000] {logging_mixin.py:188} INFO - [2026-03-14T16:42:25.229+0000] {dag.py:3947} INFO - Setting next_dagrun for transfer_from_minio_to_snowflake_transactions to 2026-03-14 16:41:00+00:00, run_after=2026-03-14 16:42:00+00:00
[2026-03-14T16:42:25.237+0000] {processor.py:183} INFO - Processing /opt/airflow/dags/transfer.py took 0.149 seconds
[2026-03-14T16:42:55.621+0000] {processor.py:161} INFO - Started process (PID=2703) to work on /opt/airflow/dags/transfer.py
[2026-03-14T16:42:55.622+0000] {processor.py:830} INFO - Processing file /opt/airflow/dags/transfer.py for tasks to queue
[2026-03-14T16:42:55.627+0000] {logging_mixin.py:188} INFO - [2026-03-14T16:42:55.627+0000] {dagbag.py:545} INFO - Filling up the DagBag from /opt/airflow/dags/transfer.py
[2026-03-14T16:42:55.655+0000] {processor.py:840} INFO - DAG(s) 'transfer_from_minio_to_snowflake_accounts', 'transfer_from_minio_to_snowflake_customers', 'transfer_from_minio_to_snowflake_transactions' retrieved from /opt/airflow/dags/transfer.py
[2026-03-14T16:42:55.693+0000] {logging_mixin.py:188} INFO - [2026-03-14T16:42:55.692+0000] {dag.py:3089} INFO - Sync 3 DAGs
[2026-03-14T16:42:55.708+0000] {logging_mixin.py:188} INFO - [2026-03-14T16:42:55.708+0000] {dag.py:3947} INFO - Setting next_dagrun for transfer_from_minio_to_snowflake_accounts to 2026-03-14 16:41:00+00:00, run_after=2026-03-14 16:42:00+00:00
[2026-03-14T16:42:55.869+0000] {logging_mixin.py:188} INFO - [2026-03-14T16:42:55.869+0000] {dag.py:3947} INFO - Setting next_dagrun for transfer_from_minio_to_snowflake_customers to 2026-03-14 16:41:00+00:00, run_after=2026-03-14 16:42:00+00:00
[2026-03-14T16:42:55.871+0000] {logging_mixin.py:188} INFO - [2026-03-14T16:42:55.871+0000] {dag.py:3947} INFO - Setting next_dagrun for transfer_from_minio_to_snowflake_transactions to 2026-03-14 16:41:00+00:00, run_after=2026-03-14 16:42:00+00:00
[2026-03-14T16:42:55.878+0000] {processor.py:183} INFO - Processing /opt/airflow/dags/transfer.py took 0.269 seconds
[2026-03-14T16:43:26.158+0000] {processor.py:161} INFO - Started process (PID=2705) to work on /opt/airflow/dags/transfer.py
[2026-03-14T16:43:26.159+0000] {processor.py:830} INFO - Processing file /opt/airflow/dags/transfer.py for tasks to queue
[2026-03-14T16:43:26.162+0000] {logging_mixin.py:188} INFO - [2026-03-14T16:43:26.161+0000] {dagbag.py:545} INFO - Filling up the DagBag from /opt/airflow/dags/transfer.py
[2026-03-14T16:43:26.205+0000] {processor.py:840} INFO - DAG(s) 'transfer_from_minio_to_snowflake_transactions', 'transfer_from_minio_to_snowflake_customers', 'transfer_from_minio_to_snowflake_accounts' retrieved from /opt/airflow/dags/transfer.py
[2026-03-14T16:43:26.238+0000] {logging_mixin.py:188} INFO - [2026-03-14T16:43:26.238+0000] {dag.py:3089} INFO - Sync 3 DAGs
[2026-03-14T16:43:26.409+0000] {logging_mixin.py:188} INFO - [2026-03-14T16:43:26.409+0000] {dag.py:3947} INFO - Setting next_dagrun for transfer_from_minio_to_snowflake_accounts to 2026-03-14 16:42:00+00:00, run_after=2026-03-14 16:43:00+00:00
[2026-03-14T16:43:26.412+0000] {logging_mixin.py:188} INFO - [2026-03-14T16:43:26.412+0000] {dag.py:3947} INFO - Setting next_dagrun for transfer_from_minio_to_snowflake_customers to 2026-03-14 16:42:00+00:00, run_after=2026-03-14 16:43:00+00:00
[2026-03-14T16:43:26.413+0000] {logging_mixin.py:188} INFO - [2026-03-14T16:43:26.413+0000] {dag.py:3947} INFO - Setting next_dagrun for transfer_from_minio_to_snowflake_transactions to 2026-03-14 16:42:00+00:00, run_after=2026-03-14 16:43:00+00:00
[2026-03-14T16:43:26.420+0000] {processor.py:183} INFO - Processing /opt/airflow/dags/transfer.py took 0.281 seconds
[2026-03-14T16:43:56.686+0000] {processor.py:161} INFO - Started process (PID=2707) to work on /opt/airflow/dags/transfer.py
[2026-03-14T16:43:56.687+0000] {processor.py:830} INFO - Processing file /opt/airflow/dags/transfer.py for tasks to queue
[2026-03-14T16:43:56.689+0000] {logging_mixin.py:188} INFO - [2026-03-14T16:43:56.689+0000] {dagbag.py:545} INFO - Filling up the DagBag from /opt/airflow/dags/transfer.py
[2026-03-14T16:43:56.720+0000] {processor.py:840} INFO - DAG(s) 'transfer_from_minio_to_snowflake_accounts', 'transfer_from_minio_to_snowflake_customers', 'transfer_from_minio_to_snowflake_transactions' retrieved from /opt/airflow/dags/transfer.py
[2026-03-14T16:43:56.913+0000] {logging_mixin.py:188} INFO - [2026-03-14T16:43:56.752+0000] {dag.py:3089} INFO - Sync 3 DAGs
[2026-03-14T16:43:56.931+0000] {logging_mixin.py:188} INFO - [2026-03-14T16:43:56.931+0000] {dag.py:3947} INFO - Setting next_dagrun for transfer_from_minio_to_snowflake_accounts to 2026-03-14 16:42:00+00:00, run_after=2026-03-14 16:43:00+00:00
[2026-03-14T16:43:56.936+0000] {logging_mixin.py:188} INFO - [2026-03-14T16:43:56.936+0000] {dag.py:3947} INFO - Setting next_dagrun for transfer_from_minio_to_snowflake_customers to 2026-03-14 16:42:00+00:00, run_after=2026-03-14 16:43:00+00:00
[2026-03-14T16:43:56.939+0000] {logging_mixin.py:188} INFO - [2026-03-14T16:43:56.938+0000] {dag.py:3947} INFO - Setting next_dagrun for transfer_from_minio_to_snowflake_transactions to 2026-03-14 16:42:00+00:00, run_after=2026-03-14 16:43:00+00:00
[2026-03-14T16:43:56.951+0000] {processor.py:183} INFO - Processing /opt/airflow/dags/transfer.py took 0.275 seconds
[2026-03-14T16:44:27.233+0000] {processor.py:161} INFO - Started process (PID=2709) to work on /opt/airflow/dags/transfer.py
[2026-03-14T16:44:27.235+0000] {processor.py:830} INFO - Processing file /opt/airflow/dags/transfer.py for tasks to queue
[2026-03-14T16:44:27.241+0000] {logging_mixin.py:188} INFO - [2026-03-14T16:44:27.240+0000] {dagbag.py:545} INFO - Filling up the DagBag from /opt/airflow/dags/transfer.py
[2026-03-14T16:44:27.285+0000] {processor.py:840} INFO - DAG(s) 'transfer_from_minio_to_snowflake_accounts', 'transfer_from_minio_to_snowflake_transactions', 'transfer_from_minio_to_snowflake_customers' retrieved from /opt/airflow/dags/transfer.py
[2026-03-14T16:44:27.315+0000] {logging_mixin.py:188} INFO - [2026-03-14T16:44:27.315+0000] {dag.py:3089} INFO - Sync 3 DAGs
[2026-03-14T16:44:27.329+0000] {logging_mixin.py:188} INFO - [2026-03-14T16:44:27.329+0000] {dag.py:3947} INFO - Setting next_dagrun for transfer_from_minio_to_snowflake_accounts to 2026-03-14 16:43:00+00:00, run_after=2026-03-14 16:44:00+00:00
[2026-03-14T16:44:27.332+0000] {logging_mixin.py:188} INFO - [2026-03-14T16:44:27.332+0000] {dag.py:3947} INFO - Setting next_dagrun for transfer_from_minio_to_snowflake_customers to 2026-03-14 16:43:00+00:00, run_after=2026-03-14 16:44:00+00:00
[2026-03-14T16:44:27.333+0000] {logging_mixin.py:188} INFO - [2026-03-14T16:44:27.333+0000] {dag.py:3947} INFO - Setting next_dagrun for transfer_from_minio_to_snowflake_transactions to 2026-03-14 16:43:00+00:00, run_after=2026-03-14 16:44:00+00:00
[2026-03-14T16:44:27.341+0000] {processor.py:183} INFO - Processing /opt/airflow/dags/transfer.py took 0.126 seconds
[2026-03-14T16:44:57.779+0000] {processor.py:161} INFO - Started process (PID=2711) to work on /opt/airflow/dags/transfer.py
[2026-03-14T16:44:57.780+0000] {processor.py:830} INFO - Processing file /opt/airflow/dags/transfer.py for tasks to queue
[2026-03-14T16:44:57.783+0000] {logging_mixin.py:188} INFO - [2026-03-14T16:44:57.783+0000] {dagbag.py:545} INFO - Filling up the DagBag from /opt/airflow/dags/transfer.py
[2026-03-14T16:44:57.799+0000] {processor.py:840} INFO - DAG(s) 'transfer_from_minio_to_snowflake_customers', 'transfer_from_minio_to_snowflake_transactions', 'transfer_from_minio_to_snowflake_accounts' retrieved from /opt/airflow/dags/transfer.py
[2026-03-14T16:44:57.825+0000] {logging_mixin.py:188} INFO - [2026-03-14T16:44:57.824+0000] {dag.py:3089} INFO - Sync 3 DAGs
[2026-03-14T16:44:57.836+0000] {logging_mixin.py:188} INFO - [2026-03-14T16:44:57.836+0000] {dag.py:3947} INFO - Setting next_dagrun for transfer_from_minio_to_snowflake_accounts to 2026-03-14 16:43:00+00:00, run_after=2026-03-14 16:44:00+00:00
[2026-03-14T16:44:57.839+0000] {logging_mixin.py:188} INFO - [2026-03-14T16:44:57.839+0000] {dag.py:3947} INFO - Setting next_dagrun for transfer_from_minio_to_snowflake_customers to 2026-03-14 16:43:00+00:00, run_after=2026-03-14 16:44:00+00:00
[2026-03-14T16:44:57.840+0000] {logging_mixin.py:188} INFO - [2026-03-14T16:44:57.840+0000] {dag.py:3947} INFO - Setting next_dagrun for transfer_from_minio_to_snowflake_transactions to 2026-03-14 16:43:00+00:00, run_after=2026-03-14 16:44:00+00:00
[2026-03-14T16:44:57.847+0000] {processor.py:183} INFO - Processing /opt/airflow/dags/transfer.py took 0.074 seconds
[2026-03-14T16:45:28.347+0000] {processor.py:161} INFO - Started process (PID=2713) to work on /opt/airflow/dags/transfer.py
[2026-03-14T16:45:28.349+0000] {processor.py:830} INFO - Processing file /opt/airflow/dags/transfer.py for tasks to queue
[2026-03-14T16:45:28.352+0000] {logging_mixin.py:188} INFO - [2026-03-14T16:45:28.351+0000] {dagbag.py:545} INFO - Filling up the DagBag from /opt/airflow/dags/transfer.py
[2026-03-14T16:45:28.401+0000] {processor.py:840} INFO - DAG(s) 'transfer_from_minio_to_snowflake_transactions', 'transfer_from_minio_to_snowflake_accounts', 'transfer_from_minio_to_snowflake_customers' retrieved from /opt/airflow/dags/transfer.py
[2026-03-14T16:45:28.434+0000] {logging_mixin.py:188} INFO - [2026-03-14T16:45:28.434+0000] {dag.py:3089} INFO - Sync 3 DAGs
[2026-03-14T16:45:28.448+0000] {logging_mixin.py:188} INFO - [2026-03-14T16:45:28.448+0000] {dag.py:3947} INFO - Setting next_dagrun for transfer_from_minio_to_snowflake_accounts to 2026-03-14 16:44:00+00:00, run_after=2026-03-14 16:45:00+00:00
[2026-03-14T16:45:28.451+0000] {logging_mixin.py:188} INFO - [2026-03-14T16:45:28.451+0000] {dag.py:3947} INFO - Setting next_dagrun for transfer_from_minio_to_snowflake_customers to 2026-03-14 16:44:00+00:00, run_after=2026-03-14 16:45:00+00:00
[2026-03-14T16:45:28.452+0000] {logging_mixin.py:188} INFO - [2026-03-14T16:45:28.452+0000] {dag.py:3947} INFO - Setting next_dagrun for transfer_from_minio_to_snowflake_transactions to 2026-03-14 16:44:00+00:00, run_after=2026-03-14 16:45:00+00:00
[2026-03-14T16:45:28.460+0000] {processor.py:183} INFO - Processing /opt/airflow/dags/transfer.py took 0.123 seconds
[2026-03-14T16:45:58.852+0000] {processor.py:161} INFO - Started process (PID=2715) to work on /opt/airflow/dags/transfer.py
[2026-03-14T16:45:58.854+0000] {processor.py:830} INFO - Processing file /opt/airflow/dags/transfer.py for tasks to queue
[2026-03-14T16:45:58.857+0000] {logging_mixin.py:188} INFO - [2026-03-14T16:45:58.856+0000] {dagbag.py:545} INFO - Filling up the DagBag from /opt/airflow/dags/transfer.py
[2026-03-14T16:45:58.880+0000] {processor.py:840} INFO - DAG(s) 'transfer_from_minio_to_snowflake_customers', 'transfer_from_minio_to_snowflake_accounts', 'transfer_from_minio_to_snowflake_transactions' retrieved from /opt/airflow/dags/transfer.py
[2026-03-14T16:45:58.906+0000] {logging_mixin.py:188} INFO - [2026-03-14T16:45:58.906+0000] {dag.py:3089} INFO - Sync 3 DAGs
[2026-03-14T16:45:58.918+0000] {logging_mixin.py:188} INFO - [2026-03-14T16:45:58.918+0000] {dag.py:3947} INFO - Setting next_dagrun for transfer_from_minio_to_snowflake_accounts to 2026-03-14 16:44:00+00:00, run_after=2026-03-14 16:45:00+00:00
[2026-03-14T16:45:59.071+0000] {logging_mixin.py:188} INFO - [2026-03-14T16:45:59.071+0000] {dag.py:3947} INFO - Setting next_dagrun for transfer_from_minio_to_snowflake_customers to 2026-03-14 16:44:00+00:00, run_after=2026-03-14 16:45:00+00:00
[2026-03-14T16:45:59.073+0000] {logging_mixin.py:188} INFO - [2026-03-14T16:45:59.072+0000] {dag.py:3947} INFO - Setting next_dagrun for transfer_from_minio_to_snowflake_transactions to 2026-03-14 16:44:00+00:00, run_after=2026-03-14 16:45:00+00:00
[2026-03-14T16:45:59.079+0000] {processor.py:183} INFO - Processing /opt/airflow/dags/transfer.py took 0.238 seconds
[2026-03-14T16:46:29.239+0000] {processor.py:161} INFO - Started process (PID=2717) to work on /opt/airflow/dags/transfer.py
[2026-03-14T16:46:29.241+0000] {processor.py:830} INFO - Processing file /opt/airflow/dags/transfer.py for tasks to queue
[2026-03-14T16:46:29.243+0000] {logging_mixin.py:188} INFO - [2026-03-14T16:46:29.243+0000] {dagbag.py:545} INFO - Filling up the DagBag from /opt/airflow/dags/transfer.py
[2026-03-14T16:46:29.266+0000] {processor.py:840} INFO - DAG(s) 'transfer_from_minio_to_snowflake_transactions', 'transfer_from_minio_to_snowflake_customers', 'transfer_from_minio_to_snowflake_accounts' retrieved from /opt/airflow/dags/transfer.py
[2026-03-14T16:46:29.288+0000] {logging_mixin.py:188} INFO - [2026-03-14T16:46:29.288+0000] {dag.py:3089} INFO - Sync 3 DAGs
[2026-03-14T16:46:29.413+0000] {logging_mixin.py:188} INFO - [2026-03-14T16:46:29.413+0000] {dag.py:3947} INFO - Setting next_dagrun for transfer_from_minio_to_snowflake_accounts to 2026-03-14 16:45:00+00:00, run_after=2026-03-14 16:46:00+00:00
[2026-03-14T16:46:29.416+0000] {logging_mixin.py:188} INFO - [2026-03-14T16:46:29.416+0000] {dag.py:3947} INFO - Setting next_dagrun for transfer_from_minio_to_snowflake_customers to 2026-03-14 16:45:00+00:00, run_after=2026-03-14 16:46:00+00:00
[2026-03-14T16:46:29.418+0000] {logging_mixin.py:188} INFO - [2026-03-14T16:46:29.417+0000] {dag.py:3947} INFO - Setting next_dagrun for transfer_from_minio_to_snowflake_transactions to 2026-03-14 16:45:00+00:00, run_after=2026-03-14 16:46:00+00:00
[2026-03-14T16:46:29.424+0000] {processor.py:183} INFO - Processing /opt/airflow/dags/transfer.py took 0.195 seconds
[2026-03-14T16:46:59.722+0000] {processor.py:161} INFO - Started process (PID=2719) to work on /opt/airflow/dags/transfer.py
[2026-03-14T16:46:59.726+0000] {processor.py:830} INFO - Processing file /opt/airflow/dags/transfer.py for tasks to queue
[2026-03-14T16:46:59.730+0000] {logging_mixin.py:188} INFO - [2026-03-14T16:46:59.730+0000] {dagbag.py:545} INFO - Filling up the DagBag from /opt/airflow/dags/transfer.py
[2026-03-14T16:46:59.762+0000] {processor.py:840} INFO - DAG(s) 'transfer_from_minio_to_snowflake_customers', 'transfer_from_minio_to_snowflake_transactions', 'transfer_from_minio_to_snowflake_accounts' retrieved from /opt/airflow/dags/transfer.py
[2026-03-14T16:46:59.935+0000] {logging_mixin.py:188} INFO - [2026-03-14T16:46:59.935+0000] {dag.py:3089} INFO - Sync 3 DAGs
[2026-03-14T16:46:59.945+0000] {logging_mixin.py:188} INFO - [2026-03-14T16:46:59.945+0000] {dag.py:3947} INFO - Setting next_dagrun for transfer_from_minio_to_snowflake_accounts to 2026-03-14 16:45:00+00:00, run_after=2026-03-14 16:46:00+00:00
[2026-03-14T16:46:59.948+0000] {logging_mixin.py:188} INFO - [2026-03-14T16:46:59.948+0000] {dag.py:3947} INFO - Setting next_dagrun for transfer_from_minio_to_snowflake_customers to 2026-03-14 16:45:00+00:00, run_after=2026-03-14 16:46:00+00:00
[2026-03-14T16:46:59.950+0000] {logging_mixin.py:188} INFO - [2026-03-14T16:46:59.949+0000] {dag.py:3947} INFO - Setting next_dagrun for transfer_from_minio_to_snowflake_transactions to 2026-03-14 16:45:00+00:00, run_after=2026-03-14 16:46:00+00:00
[2026-03-14T16:46:59.956+0000] {processor.py:183} INFO - Processing /opt/airflow/dags/transfer.py took 0.248 seconds
[2026-03-14T16:47:30.139+0000] {processor.py:161} INFO - Started process (PID=2721) to work on /opt/airflow/dags/transfer.py
[2026-03-14T16:47:30.141+0000] {processor.py:830} INFO - Processing file /opt/airflow/dags/transfer.py for tasks to queue
[2026-03-14T16:47:30.148+0000] {logging_mixin.py:188} INFO - [2026-03-14T16:47:30.148+0000] {dagbag.py:545} INFO - Filling up the DagBag from /opt/airflow/dags/transfer.py
[2026-03-14T16:47:30.186+0000] {processor.py:840} INFO - DAG(s) 'transfer_from_minio_to_snowflake_accounts', 'transfer_from_minio_to_snowflake_customers', 'transfer_from_minio_to_snowflake_transactions' retrieved from /opt/airflow/dags/transfer.py
[2026-03-14T16:47:30.213+0000] {logging_mixin.py:188} INFO - [2026-03-14T16:47:30.212+0000] {dag.py:3089} INFO - Sync 3 DAGs
[2026-03-14T16:47:30.231+0000] {logging_mixin.py:188} INFO - [2026-03-14T16:47:30.231+0000] {dag.py:3947} INFO - Setting next_dagrun for transfer_from_minio_to_snowflake_accounts to 2026-03-14 16:46:00+00:00, run_after=2026-03-14 16:47:00+00:00
[2026-03-14T16:47:30.234+0000] {logging_mixin.py:188} INFO - [2026-03-14T16:47:30.234+0000] {dag.py:3947} INFO - Setting next_dagrun for transfer_from_minio_to_snowflake_customers to 2026-03-14 16:46:00+00:00, run_after=2026-03-14 16:47:00+00:00
[2026-03-14T16:47:30.236+0000] {logging_mixin.py:188} INFO - [2026-03-14T16:47:30.236+0000] {dag.py:3947} INFO - Setting next_dagrun for transfer_from_minio_to_snowflake_transactions to 2026-03-14 16:46:00+00:00, run_after=2026-03-14 16:47:00+00:00
[2026-03-14T16:47:30.243+0000] {processor.py:183} INFO - Processing /opt/airflow/dags/transfer.py took 0.113 seconds
[2026-03-14T16:48:00.657+0000] {processor.py:161} INFO - Started process (PID=2723) to work on /opt/airflow/dags/transfer.py
[2026-03-14T16:48:00.659+0000] {processor.py:830} INFO - Processing file /opt/airflow/dags/transfer.py for tasks to queue
[2026-03-14T16:48:00.661+0000] {logging_mixin.py:188} INFO - [2026-03-14T16:48:00.661+0000] {dagbag.py:545} INFO - Filling up the DagBag from /opt/airflow/dags/transfer.py
[2026-03-14T16:48:00.695+0000] {processor.py:840} INFO - DAG(s) 'transfer_from_minio_to_snowflake_accounts', 'transfer_from_minio_to_snowflake_customers', 'transfer_from_minio_to_snowflake_transactions' retrieved from /opt/airflow/dags/transfer.py
[2026-03-14T16:48:00.736+0000] {logging_mixin.py:188} INFO - [2026-03-14T16:48:00.736+0000] {dag.py:3089} INFO - Sync 3 DAGs
[2026-03-14T16:48:00.752+0000] {logging_mixin.py:188} INFO - [2026-03-14T16:48:00.752+0000] {dag.py:3947} INFO - Setting next_dagrun for transfer_from_minio_to_snowflake_accounts to 2026-03-14 16:47:00+00:00, run_after=2026-03-14 16:48:00+00:00
[2026-03-14T16:48:00.756+0000] {logging_mixin.py:188} INFO - [2026-03-14T16:48:00.756+0000] {dag.py:3947} INFO - Setting next_dagrun for transfer_from_minio_to_snowflake_customers to 2026-03-14 16:47:00+00:00, run_after=2026-03-14 16:48:00+00:00
[2026-03-14T16:48:00.757+0000] {logging_mixin.py:188} INFO - [2026-03-14T16:48:00.757+0000] {dag.py:3947} INFO - Setting next_dagrun for transfer_from_minio_to_snowflake_transactions to 2026-03-14 16:47:00+00:00, run_after=2026-03-14 16:48:00+00:00
[2026-03-14T16:48:00.765+0000] {processor.py:183} INFO - Processing /opt/airflow/dags/transfer.py took 0.119 seconds
[2026-03-14T16:48:31.195+0000] {processor.py:161} INFO - Started process (PID=2725) to work on /opt/airflow/dags/transfer.py
[2026-03-14T16:48:31.197+0000] {processor.py:830} INFO - Processing file /opt/airflow/dags/transfer.py for tasks to queue
[2026-03-14T16:48:31.200+0000] {logging_mixin.py:188} INFO - [2026-03-14T16:48:31.199+0000] {dagbag.py:545} INFO - Filling up the DagBag from /opt/airflow/dags/transfer.py
[2026-03-14T16:48:31.249+0000] {processor.py:840} INFO - DAG(s) 'transfer_from_minio_to_snowflake_transactions', 'transfer_from_minio_to_snowflake_customers', 'transfer_from_minio_to_snowflake_accounts' retrieved from /opt/airflow/dags/transfer.py
[2026-03-14T16:48:31.279+0000] {logging_mixin.py:188} INFO - [2026-03-14T16:48:31.279+0000] {dag.py:3089} INFO - Sync 3 DAGs
[2026-03-14T16:48:31.296+0000] {logging_mixin.py:188} INFO - [2026-03-14T16:48:31.296+0000] {dag.py:3947} INFO - Setting next_dagrun for transfer_from_minio_to_snowflake_accounts to 2026-03-14 16:47:00+00:00, run_after=2026-03-14 16:48:00+00:00
[2026-03-14T16:48:31.299+0000] {logging_mixin.py:188} INFO - [2026-03-14T16:48:31.299+0000] {dag.py:3947} INFO - Setting next_dagrun for transfer_from_minio_to_snowflake_customers to 2026-03-14 16:47:00+00:00, run_after=2026-03-14 16:48:00+00:00
[2026-03-14T16:48:31.301+0000] {logging_mixin.py:188} INFO - [2026-03-14T16:48:31.301+0000] {dag.py:3947} INFO - Setting next_dagrun for transfer_from_minio_to_snowflake_transactions to 2026-03-14 16:47:00+00:00, run_after=2026-03-14 16:48:00+00:00
[2026-03-14T16:48:31.488+0000] {processor.py:183} INFO - Processing /opt/airflow/dags/transfer.py took 0.304 seconds
[2026-03-14T16:49:01.740+0000] {processor.py:161} INFO - Started process (PID=2727) to work on /opt/airflow/dags/transfer.py
[2026-03-14T16:49:01.742+0000] {processor.py:830} INFO - Processing file /opt/airflow/dags/transfer.py for tasks to queue
[2026-03-14T16:49:01.745+0000] {logging_mixin.py:188} INFO - [2026-03-14T16:49:01.745+0000] {dagbag.py:545} INFO - Filling up the DagBag from /opt/airflow/dags/transfer.py
[2026-03-14T16:49:01.797+0000] {processor.py:840} INFO - DAG(s) 'transfer_from_minio_to_snowflake_customers', 'transfer_from_minio_to_snowflake_accounts', 'transfer_from_minio_to_snowflake_transactions' retrieved from /opt/airflow/dags/transfer.py
[2026-03-14T16:49:01.835+0000] {logging_mixin.py:188} INFO - [2026-03-14T16:49:01.835+0000] {dag.py:3089} INFO - Sync 3 DAGs
[2026-03-14T16:49:02.016+0000] {logging_mixin.py:188} INFO - [2026-03-14T16:49:02.015+0000] {dag.py:3947} INFO - Setting next_dagrun for transfer_from_minio_to_snowflake_accounts to 2026-03-14 16:48:00+00:00, run_after=2026-03-14 16:49:00+00:00
[2026-03-14T16:49:02.018+0000] {logging_mixin.py:188} INFO - [2026-03-14T16:49:02.018+0000] {dag.py:3947} INFO - Setting next_dagrun for transfer_from_minio_to_snowflake_customers to 2026-03-14 16:48:00+00:00, run_after=2026-03-14 16:49:00+00:00
[2026-03-14T16:49:02.020+0000] {logging_mixin.py:188} INFO - [2026-03-14T16:49:02.020+0000] {dag.py:3947} INFO - Setting next_dagrun for transfer_from_minio_to_snowflake_transactions to 2026-03-14 16:48:00+00:00, run_after=2026-03-14 16:49:00+00:00
[2026-03-14T16:49:02.027+0000] {processor.py:183} INFO - Processing /opt/airflow/dags/transfer.py took 0.306 seconds
[2026-03-14T16:49:32.285+0000] {processor.py:161} INFO - Started process (PID=2729) to work on /opt/airflow/dags/transfer.py
[2026-03-14T16:49:32.288+0000] {processor.py:830} INFO - Processing file /opt/airflow/dags/transfer.py for tasks to queue
[2026-03-14T16:49:32.291+0000] {logging_mixin.py:188} INFO - [2026-03-14T16:49:32.290+0000] {dagbag.py:545} INFO - Filling up the DagBag from /opt/airflow/dags/transfer.py
[2026-03-14T16:49:32.337+0000] {processor.py:840} INFO - DAG(s) 'transfer_from_minio_to_snowflake_transactions', 'transfer_from_minio_to_snowflake_customers', 'transfer_from_minio_to_snowflake_accounts' retrieved from /opt/airflow/dags/transfer.py
[2026-03-14T16:49:32.371+0000] {logging_mixin.py:188} INFO - [2026-03-14T16:49:32.371+0000] {dag.py:3089} INFO - Sync 3 DAGs
[2026-03-14T16:49:32.567+0000] {logging_mixin.py:188} INFO - [2026-03-14T16:49:32.567+0000] {dag.py:3947} INFO - Setting next_dagrun for transfer_from_minio_to_snowflake_accounts to 2026-03-14 16:48:00+00:00, run_after=2026-03-14 16:49:00+00:00
[2026-03-14T16:49:32.570+0000] {logging_mixin.py:188} INFO - [2026-03-14T16:49:32.570+0000] {dag.py:3947} INFO - Setting next_dagrun for transfer_from_minio_to_snowflake_customers to 2026-03-14 16:48:00+00:00, run_after=2026-03-14 16:49:00+00:00
[2026-03-14T16:49:32.571+0000] {logging_mixin.py:188} INFO - [2026-03-14T16:49:32.571+0000] {dag.py:3947} INFO - Setting next_dagrun for transfer_from_minio_to_snowflake_transactions to 2026-03-14 16:48:00+00:00, run_after=2026-03-14 16:49:00+00:00
[2026-03-14T16:49:32.577+0000] {processor.py:183} INFO - Processing /opt/airflow/dags/transfer.py took 0.306 seconds
[2026-03-14T16:50:02.810+0000] {processor.py:161} INFO - Started process (PID=2731) to work on /opt/airflow/dags/transfer.py
[2026-03-14T16:50:02.812+0000] {processor.py:830} INFO - Processing file /opt/airflow/dags/transfer.py for tasks to queue
[2026-03-14T16:50:02.815+0000] {logging_mixin.py:188} INFO - [2026-03-14T16:50:02.815+0000] {dagbag.py:545} INFO - Filling up the DagBag from /opt/airflow/dags/transfer.py
[2026-03-14T16:50:02.844+0000] {processor.py:840} INFO - DAG(s) 'transfer_from_minio_to_snowflake_transactions', 'transfer_from_minio_to_snowflake_accounts', 'transfer_from_minio_to_snowflake_customers' retrieved from /opt/airflow/dags/transfer.py
[2026-03-14T16:50:03.045+0000] {logging_mixin.py:188} INFO - [2026-03-14T16:50:03.044+0000] {dag.py:3089} INFO - Sync 3 DAGs
[2026-03-14T16:50:03.054+0000] {logging_mixin.py:188} INFO - [2026-03-14T16:50:03.054+0000] {dag.py:3947} INFO - Setting next_dagrun for transfer_from_minio_to_snowflake_accounts to 2026-03-14 16:49:00+00:00, run_after=2026-03-14 16:50:00+00:00
[2026-03-14T16:50:03.057+0000] {logging_mixin.py:188} INFO - [2026-03-14T16:50:03.057+0000] {dag.py:3947} INFO - Setting next_dagrun for transfer_from_minio_to_snowflake_customers to 2026-03-14 16:49:00+00:00, run_after=2026-03-14 16:50:00+00:00
[2026-03-14T16:50:03.058+0000] {logging_mixin.py:188} INFO - [2026-03-14T16:50:03.058+0000] {dag.py:3947} INFO - Setting next_dagrun for transfer_from_minio_to_snowflake_transactions to 2026-03-14 16:49:00+00:00, run_after=2026-03-14 16:50:00+00:00
[2026-03-14T16:50:03.065+0000] {processor.py:183} INFO - Processing /opt/airflow/dags/transfer.py took 0.268 seconds
[2026-03-14T16:50:33.354+0000] {processor.py:161} INFO - Started process (PID=2733) to work on /opt/airflow/dags/transfer.py
[2026-03-14T16:50:33.356+0000] {processor.py:830} INFO - Processing file /opt/airflow/dags/transfer.py for tasks to queue
[2026-03-14T16:50:33.360+0000] {logging_mixin.py:188} INFO - [2026-03-14T16:50:33.360+0000] {dagbag.py:545} INFO - Filling up the DagBag from /opt/airflow/dags/transfer.py
[2026-03-14T16:50:33.413+0000] {processor.py:840} INFO - DAG(s) 'transfer_from_minio_to_snowflake_customers', 'transfer_from_minio_to_snowflake_transactions', 'transfer_from_minio_to_snowflake_accounts' retrieved from /opt/airflow/dags/transfer.py
[2026-03-14T16:50:33.445+0000] {logging_mixin.py:188} INFO - [2026-03-14T16:50:33.445+0000] {dag.py:3089} INFO - Sync 3 DAGs
[2026-03-14T16:50:33.468+0000] {logging_mixin.py:188} INFO - [2026-03-14T16:50:33.468+0000] {dag.py:3947} INFO - Setting next_dagrun for transfer_from_minio_to_snowflake_accounts to 2026-03-14 16:49:00+00:00, run_after=2026-03-14 16:50:00+00:00
[2026-03-14T16:50:33.471+0000] {logging_mixin.py:188} INFO - [2026-03-14T16:50:33.471+0000] {dag.py:3947} INFO - Setting next_dagrun for transfer_from_minio_to_snowflake_customers to 2026-03-14 16:49:00+00:00, run_after=2026-03-14 16:50:00+00:00
[2026-03-14T16:50:33.472+0000] {logging_mixin.py:188} INFO - [2026-03-14T16:50:33.472+0000] {dag.py:3947} INFO - Setting next_dagrun for transfer_from_minio_to_snowflake_transactions to 2026-03-14 16:49:00+00:00, run_after=2026-03-14 16:50:00+00:00
[2026-03-14T16:50:33.480+0000] {processor.py:183} INFO - Processing /opt/airflow/dags/transfer.py took 0.139 seconds
[2026-03-14T16:51:03.828+0000] {processor.py:161} INFO - Started process (PID=2735) to work on /opt/airflow/dags/transfer.py
[2026-03-14T16:51:03.830+0000] {processor.py:830} INFO - Processing file /opt/airflow/dags/transfer.py for tasks to queue
[2026-03-14T16:51:03.833+0000] {logging_mixin.py:188} INFO - [2026-03-14T16:51:03.832+0000] {dagbag.py:545} INFO - Filling up the DagBag from /opt/airflow/dags/transfer.py
[2026-03-14T16:51:03.848+0000] {processor.py:840} INFO - DAG(s) 'transfer_from_minio_to_snowflake_transactions', 'transfer_from_minio_to_snowflake_accounts', 'transfer_from_minio_to_snowflake_customers' retrieved from /opt/airflow/dags/transfer.py
[2026-03-14T16:51:03.873+0000] {logging_mixin.py:188} INFO - [2026-03-14T16:51:03.873+0000] {dag.py:3089} INFO - Sync 3 DAGs
[2026-03-14T16:51:03.885+0000] {logging_mixin.py:188} INFO - [2026-03-14T16:51:03.885+0000] {dag.py:3947} INFO - Setting next_dagrun for transfer_from_minio_to_snowflake_accounts to 2026-03-14 16:50:00+00:00, run_after=2026-03-14 16:51:00+00:00
[2026-03-14T16:51:03.888+0000] {logging_mixin.py:188} INFO - [2026-03-14T16:51:03.888+0000] {dag.py:3947} INFO - Setting next_dagrun for transfer_from_minio_to_snowflake_customers to 2026-03-14 16:50:00+00:00, run_after=2026-03-14 16:51:00+00:00
[2026-03-14T16:51:03.890+0000] {logging_mixin.py:188} INFO - [2026-03-14T16:51:03.890+0000] {dag.py:3947} INFO - Setting next_dagrun for transfer_from_minio_to_snowflake_transactions to 2026-03-14 16:50:00+00:00, run_after=2026-03-14 16:51:00+00:00
[2026-03-14T16:51:03.896+0000] {processor.py:183} INFO - Processing /opt/airflow/dags/transfer.py took 0.075 seconds
[2026-03-14T16:51:34.327+0000] {processor.py:161} INFO - Started process (PID=2737) to work on /opt/airflow/dags/transfer.py
[2026-03-14T16:51:34.330+0000] {processor.py:830} INFO - Processing file /opt/airflow/dags/transfer.py for tasks to queue
[2026-03-14T16:51:34.338+0000] {logging_mixin.py:188} INFO - [2026-03-14T16:51:34.337+0000] {dagbag.py:545} INFO - Filling up the DagBag from /opt/airflow/dags/transfer.py
[2026-03-14T16:51:34.373+0000] {processor.py:840} INFO - DAG(s) 'transfer_from_minio_to_snowflake_transactions', 'transfer_from_minio_to_snowflake_accounts', 'transfer_from_minio_to_snowflake_customers' retrieved from /opt/airflow/dags/transfer.py
[2026-03-14T16:51:34.409+0000] {logging_mixin.py:188} INFO - [2026-03-14T16:51:34.408+0000] {dag.py:3089} INFO - Sync 3 DAGs
[2026-03-14T16:51:34.422+0000] {logging_mixin.py:188} INFO - [2026-03-14T16:51:34.422+0000] {dag.py:3947} INFO - Setting next_dagrun for transfer_from_minio_to_snowflake_accounts to 2026-03-14 16:50:00+00:00, run_after=2026-03-14 16:51:00+00:00
[2026-03-14T16:51:34.425+0000] {logging_mixin.py:188} INFO - [2026-03-14T16:51:34.425+0000] {dag.py:3947} INFO - Setting next_dagrun for transfer_from_minio_to_snowflake_customers to 2026-03-14 16:50:00+00:00, run_after=2026-03-14 16:51:00+00:00
[2026-03-14T16:51:34.427+0000] {logging_mixin.py:188} INFO - [2026-03-14T16:51:34.427+0000] {dag.py:3947} INFO - Setting next_dagrun for transfer_from_minio_to_snowflake_transactions to 2026-03-14 16:50:00+00:00, run_after=2026-03-14 16:51:00+00:00
[2026-03-14T16:51:34.605+0000] {processor.py:183} INFO - Processing /opt/airflow/dags/transfer.py took 0.299 seconds
[2026-03-14T16:52:04.833+0000] {processor.py:161} INFO - Started process (PID=2739) to work on /opt/airflow/dags/transfer.py
[2026-03-14T16:52:04.835+0000] {processor.py:830} INFO - Processing file /opt/airflow/dags/transfer.py for tasks to queue
[2026-03-14T16:52:04.837+0000] {logging_mixin.py:188} INFO - [2026-03-14T16:52:04.837+0000] {dagbag.py:545} INFO - Filling up the DagBag from /opt/airflow/dags/transfer.py
[2026-03-14T16:52:04.863+0000] {processor.py:840} INFO - DAG(s) 'transfer_from_minio_to_snowflake_transactions', 'transfer_from_minio_to_snowflake_accounts', 'transfer_from_minio_to_snowflake_customers' retrieved from /opt/airflow/dags/transfer.py
[2026-03-14T16:52:04.894+0000] {logging_mixin.py:188} INFO - [2026-03-14T16:52:04.894+0000] {dag.py:3089} INFO - Sync 3 DAGs
[2026-03-14T16:52:04.996+0000] {logging_mixin.py:188} INFO - [2026-03-14T16:52:04.996+0000] {dag.py:3947} INFO - Setting next_dagrun for transfer_from_minio_to_snowflake_accounts to 2026-03-14 16:51:00+00:00, run_after=2026-03-14 16:52:00+00:00
[2026-03-14T16:52:04.999+0000] {logging_mixin.py:188} INFO - [2026-03-14T16:52:04.999+0000] {dag.py:3947} INFO - Setting next_dagrun for transfer_from_minio_to_snowflake_customers to 2026-03-14 16:51:00+00:00, run_after=2026-03-14 16:52:00+00:00
[2026-03-14T16:52:05.000+0000] {logging_mixin.py:188} INFO - [2026-03-14T16:52:05.000+0000] {dag.py:3947} INFO - Setting next_dagrun for transfer_from_minio_to_snowflake_transactions to 2026-03-14 16:51:00+00:00, run_after=2026-03-14 16:52:00+00:00
[2026-03-14T16:52:05.007+0000] {processor.py:183} INFO - Processing /opt/airflow/dags/transfer.py took 0.183 seconds
[2026-03-14T16:52:35.311+0000] {processor.py:161} INFO - Started process (PID=2741) to work on /opt/airflow/dags/transfer.py
[2026-03-14T16:52:35.313+0000] {processor.py:830} INFO - Processing file /opt/airflow/dags/transfer.py for tasks to queue
[2026-03-14T16:52:35.317+0000] {logging_mixin.py:188} INFO - [2026-03-14T16:52:35.316+0000] {dagbag.py:545} INFO - Filling up the DagBag from /opt/airflow/dags/transfer.py
[2026-03-14T16:52:35.340+0000] {processor.py:840} INFO - DAG(s) 'transfer_from_minio_to_snowflake_transactions', 'transfer_from_minio_to_snowflake_accounts', 'transfer_from_minio_to_snowflake_customers' retrieved from /opt/airflow/dags/transfer.py
[2026-03-14T16:52:35.368+0000] {logging_mixin.py:188} INFO - [2026-03-14T16:52:35.368+0000] {dag.py:3089} INFO - Sync 3 DAGs
[2026-03-14T16:52:35.552+0000] {logging_mixin.py:188} INFO - [2026-03-14T16:52:35.552+0000] {dag.py:3947} INFO - Setting next_dagrun for transfer_from_minio_to_snowflake_accounts to 2026-03-14 16:51:00+00:00, run_after=2026-03-14 16:52:00+00:00
[2026-03-14T16:52:35.555+0000] {logging_mixin.py:188} INFO - [2026-03-14T16:52:35.555+0000] {dag.py:3947} INFO - Setting next_dagrun for transfer_from_minio_to_snowflake_customers to 2026-03-14 16:51:00+00:00, run_after=2026-03-14 16:52:00+00:00
[2026-03-14T16:52:35.556+0000] {logging_mixin.py:188} INFO - [2026-03-14T16:52:35.556+0000] {dag.py:3947} INFO - Setting next_dagrun for transfer_from_minio_to_snowflake_transactions to 2026-03-14 16:51:00+00:00, run_after=2026-03-14 16:52:00+00:00
[2026-03-14T16:52:35.563+0000] {processor.py:183} INFO - Processing /opt/airflow/dags/transfer.py took 0.263 seconds
[2026-03-14T16:53:05.823+0000] {processor.py:161} INFO - Started process (PID=2743) to work on /opt/airflow/dags/transfer.py
[2026-03-14T16:53:05.824+0000] {processor.py:830} INFO - Processing file /opt/airflow/dags/transfer.py for tasks to queue
[2026-03-14T16:53:05.827+0000] {logging_mixin.py:188} INFO - [2026-03-14T16:53:05.827+0000] {dagbag.py:545} INFO - Filling up the DagBag from /opt/airflow/dags/transfer.py
[2026-03-14T16:53:05.856+0000] {processor.py:840} INFO - DAG(s) 'transfer_from_minio_to_snowflake_transactions', 'transfer_from_minio_to_snowflake_customers', 'transfer_from_minio_to_snowflake_accounts' retrieved from /opt/airflow/dags/transfer.py
[2026-03-14T16:53:05.881+0000] {logging_mixin.py:188} INFO - [2026-03-14T16:53:05.881+0000] {dag.py:3089} INFO - Sync 3 DAGs
[2026-03-14T16:53:05.895+0000] {logging_mixin.py:188} INFO - [2026-03-14T16:53:05.894+0000] {dag.py:3947} INFO - Setting next_dagrun for transfer_from_minio_to_snowflake_accounts to 2026-03-14 16:52:00+00:00, run_after=2026-03-14 16:53:00+00:00
[2026-03-14T16:53:05.897+0000] {logging_mixin.py:188} INFO - [2026-03-14T16:53:05.897+0000] {dag.py:3947} INFO - Setting next_dagrun for transfer_from_minio_to_snowflake_customers to 2026-03-14 16:52:00+00:00, run_after=2026-03-14 16:53:00+00:00
[2026-03-14T16:53:05.899+0000] {logging_mixin.py:188} INFO - [2026-03-14T16:53:05.899+0000] {dag.py:3947} INFO - Setting next_dagrun for transfer_from_minio_to_snowflake_transactions to 2026-03-14 16:52:00+00:00, run_after=2026-03-14 16:53:00+00:00
[2026-03-14T16:53:05.906+0000] {processor.py:183} INFO - Processing /opt/airflow/dags/transfer.py took 0.094 seconds
[2026-03-14T16:53:36.360+0000] {processor.py:161} INFO - Started process (PID=2745) to work on /opt/airflow/dags/transfer.py
[2026-03-14T16:53:36.361+0000] {processor.py:830} INFO - Processing file /opt/airflow/dags/transfer.py for tasks to queue
[2026-03-14T16:53:36.364+0000] {logging_mixin.py:188} INFO - [2026-03-14T16:53:36.364+0000] {dagbag.py:545} INFO - Filling up the DagBag from /opt/airflow/dags/transfer.py
[2026-03-14T16:53:36.397+0000] {processor.py:840} INFO - DAG(s) 'transfer_from_minio_to_snowflake_accounts', 'transfer_from_minio_to_snowflake_transactions', 'transfer_from_minio_to_snowflake_customers' retrieved from /opt/airflow/dags/transfer.py
[2026-03-14T16:53:36.431+0000] {logging_mixin.py:188} INFO - [2026-03-14T16:53:36.430+0000] {dag.py:3089} INFO - Sync 3 DAGs
[2026-03-14T16:53:36.446+0000] {logging_mixin.py:188} INFO - [2026-03-14T16:53:36.446+0000] {dag.py:3947} INFO - Setting next_dagrun for transfer_from_minio_to_snowflake_accounts to 2026-03-14 16:52:00+00:00, run_after=2026-03-14 16:53:00+00:00
[2026-03-14T16:53:36.449+0000] {logging_mixin.py:188} INFO - [2026-03-14T16:53:36.449+0000] {dag.py:3947} INFO - Setting next_dagrun for transfer_from_minio_to_snowflake_customers to 2026-03-14 16:52:00+00:00, run_after=2026-03-14 16:53:00+00:00
[2026-03-14T16:53:36.450+0000] {logging_mixin.py:188} INFO - [2026-03-14T16:53:36.450+0000] {dag.py:3947} INFO - Setting next_dagrun for transfer_from_minio_to_snowflake_transactions to 2026-03-14 16:52:00+00:00, run_after=2026-03-14 16:53:00+00:00
[2026-03-14T16:53:36.458+0000] {processor.py:183} INFO - Processing /opt/airflow/dags/transfer.py took 0.109 seconds
[2026-03-14T16:54:06.832+0000] {processor.py:161} INFO - Started process (PID=2747) to work on /opt/airflow/dags/transfer.py
[2026-03-14T16:54:06.834+0000] {processor.py:830} INFO - Processing file /opt/airflow/dags/transfer.py for tasks to queue
[2026-03-14T16:54:06.841+0000] {logging_mixin.py:188} INFO - [2026-03-14T16:54:06.840+0000] {dagbag.py:545} INFO - Filling up the DagBag from /opt/airflow/dags/transfer.py
[2026-03-14T16:54:06.883+0000] {processor.py:840} INFO - DAG(s) 'transfer_from_minio_to_snowflake_accounts', 'transfer_from_minio_to_snowflake_transactions', 'transfer_from_minio_to_snowflake_customers' retrieved from /opt/airflow/dags/transfer.py
[2026-03-14T16:54:06.912+0000] {logging_mixin.py:188} INFO - [2026-03-14T16:54:06.912+0000] {dag.py:3089} INFO - Sync 3 DAGs
[2026-03-14T16:54:06.929+0000] {logging_mixin.py:188} INFO - [2026-03-14T16:54:06.929+0000] {dag.py:3947} INFO - Setting next_dagrun for transfer_from_minio_to_snowflake_accounts to 2026-03-14 16:53:00+00:00, run_after=2026-03-14 16:54:00+00:00
[2026-03-14T16:54:06.932+0000] {logging_mixin.py:188} INFO - [2026-03-14T16:54:06.932+0000] {dag.py:3947} INFO - Setting next_dagrun for transfer_from_minio_to_snowflake_customers to 2026-03-14 16:53:00+00:00, run_after=2026-03-14 16:54:00+00:00
[2026-03-14T16:54:06.934+0000] {logging_mixin.py:188} INFO - [2026-03-14T16:54:06.934+0000] {dag.py:3947} INFO - Setting next_dagrun for transfer_from_minio_to_snowflake_transactions to 2026-03-14 16:53:00+00:00, run_after=2026-03-14 16:54:00+00:00
[2026-03-14T16:54:06.942+0000] {processor.py:183} INFO - Processing /opt/airflow/dags/transfer.py took 0.120 seconds
[2026-03-14T16:54:37.379+0000] {processor.py:161} INFO - Started process (PID=2749) to work on /opt/airflow/dags/transfer.py
[2026-03-14T16:54:37.381+0000] {processor.py:830} INFO - Processing file /opt/airflow/dags/transfer.py for tasks to queue
[2026-03-14T16:54:37.385+0000] {logging_mixin.py:188} INFO - [2026-03-14T16:54:37.385+0000] {dagbag.py:545} INFO - Filling up the DagBag from /opt/airflow/dags/transfer.py
[2026-03-14T16:54:37.421+0000] {processor.py:840} INFO - DAG(s) 'transfer_from_minio_to_snowflake_transactions', 'transfer_from_minio_to_snowflake_customers', 'transfer_from_minio_to_snowflake_accounts' retrieved from /opt/airflow/dags/transfer.py
[2026-03-14T16:54:37.460+0000] {logging_mixin.py:188} INFO - [2026-03-14T16:54:37.459+0000] {dag.py:3089} INFO - Sync 3 DAGs
[2026-03-14T16:54:37.474+0000] {logging_mixin.py:188} INFO - [2026-03-14T16:54:37.474+0000] {dag.py:3947} INFO - Setting next_dagrun for transfer_from_minio_to_snowflake_accounts to 2026-03-14 16:53:00+00:00, run_after=2026-03-14 16:54:00+00:00
[2026-03-14T16:54:37.659+0000] {logging_mixin.py:188} INFO - [2026-03-14T16:54:37.659+0000] {dag.py:3947} INFO - Setting next_dagrun for transfer_from_minio_to_snowflake_customers to 2026-03-14 16:53:00+00:00, run_after=2026-03-14 16:54:00+00:00
[2026-03-14T16:54:37.660+0000] {logging_mixin.py:188} INFO - [2026-03-14T16:54:37.660+0000] {dag.py:3947} INFO - Setting next_dagrun for transfer_from_minio_to_snowflake_transactions to 2026-03-14 16:53:00+00:00, run_after=2026-03-14 16:54:00+00:00
[2026-03-14T16:54:37.667+0000] {processor.py:183} INFO - Processing /opt/airflow/dags/transfer.py took 0.301 seconds
[2026-03-14T16:55:07.897+0000] {processor.py:161} INFO - Started process (PID=2751) to work on /opt/airflow/dags/transfer.py
[2026-03-14T16:55:07.900+0000] {processor.py:830} INFO - Processing file /opt/airflow/dags/transfer.py for tasks to queue
[2026-03-14T16:55:07.904+0000] {logging_mixin.py:188} INFO - [2026-03-14T16:55:07.903+0000] {dagbag.py:545} INFO - Filling up the DagBag from /opt/airflow/dags/transfer.py
[2026-03-14T16:55:07.942+0000] {processor.py:840} INFO - DAG(s) 'transfer_from_minio_to_snowflake_transactions', 'transfer_from_minio_to_snowflake_customers', 'transfer_from_minio_to_snowflake_accounts' retrieved from /opt/airflow/dags/transfer.py
[2026-03-14T16:55:07.983+0000] {logging_mixin.py:188} INFO - [2026-03-14T16:55:07.982+0000] {dag.py:3089} INFO - Sync 3 DAGs
[2026-03-14T16:55:08.174+0000] {logging_mixin.py:188} INFO - [2026-03-14T16:55:08.173+0000] {dag.py:3947} INFO - Setting next_dagrun for transfer_from_minio_to_snowflake_accounts to 2026-03-14 16:54:00+00:00, run_after=2026-03-14 16:55:00+00:00
[2026-03-14T16:55:08.176+0000] {logging_mixin.py:188} INFO - [2026-03-14T16:55:08.176+0000] {dag.py:3947} INFO - Setting next_dagrun for transfer_from_minio_to_snowflake_customers to 2026-03-14 16:54:00+00:00, run_after=2026-03-14 16:55:00+00:00
[2026-03-14T16:55:08.178+0000] {logging_mixin.py:188} INFO - [2026-03-14T16:55:08.178+0000] {dag.py:3947} INFO - Setting next_dagrun for transfer_from_minio_to_snowflake_transactions to 2026-03-14 16:54:00+00:00, run_after=2026-03-14 16:55:00+00:00
[2026-03-14T16:55:08.185+0000] {processor.py:183} INFO - Processing /opt/airflow/dags/transfer.py took 0.298 seconds
[2026-03-14T16:55:38.449+0000] {processor.py:161} INFO - Started process (PID=2753) to work on /opt/airflow/dags/transfer.py
[2026-03-14T16:55:38.451+0000] {processor.py:830} INFO - Processing file /opt/airflow/dags/transfer.py for tasks to queue
[2026-03-14T16:55:38.459+0000] {logging_mixin.py:188} INFO - [2026-03-14T16:55:38.459+0000] {dagbag.py:545} INFO - Filling up the DagBag from /opt/airflow/dags/transfer.py
[2026-03-14T16:55:38.504+0000] {processor.py:840} INFO - DAG(s) 'transfer_from_minio_to_snowflake_accounts', 'transfer_from_minio_to_snowflake_transactions', 'transfer_from_minio_to_snowflake_customers' retrieved from /opt/airflow/dags/transfer.py
[2026-03-14T16:55:38.721+0000] {logging_mixin.py:188} INFO - [2026-03-14T16:55:38.537+0000] {dag.py:3089} INFO - Sync 3 DAGs
[2026-03-14T16:55:38.736+0000] {logging_mixin.py:188} INFO - [2026-03-14T16:55:38.735+0000] {dag.py:3947} INFO - Setting next_dagrun for transfer_from_minio_to_snowflake_accounts to 2026-03-14 16:54:00+00:00, run_after=2026-03-14 16:55:00+00:00
[2026-03-14T16:55:38.738+0000] {logging_mixin.py:188} INFO - [2026-03-14T16:55:38.738+0000] {dag.py:3947} INFO - Setting next_dagrun for transfer_from_minio_to_snowflake_customers to 2026-03-14 16:54:00+00:00, run_after=2026-03-14 16:55:00+00:00
[2026-03-14T16:55:38.740+0000] {logging_mixin.py:188} INFO - [2026-03-14T16:55:38.740+0000] {dag.py:3947} INFO - Setting next_dagrun for transfer_from_minio_to_snowflake_transactions to 2026-03-14 16:54:00+00:00, run_after=2026-03-14 16:55:00+00:00
[2026-03-14T16:55:38.746+0000] {processor.py:183} INFO - Processing /opt/airflow/dags/transfer.py took 0.313 seconds
[2026-03-14T16:56:09.004+0000] {processor.py:161} INFO - Started process (PID=2755) to work on /opt/airflow/dags/transfer.py
[2026-03-14T16:56:09.005+0000] {processor.py:830} INFO - Processing file /opt/airflow/dags/transfer.py for tasks to queue
[2026-03-14T16:56:09.009+0000] {logging_mixin.py:188} INFO - [2026-03-14T16:56:09.009+0000] {dagbag.py:545} INFO - Filling up the DagBag from /opt/airflow/dags/transfer.py
[2026-03-14T16:56:09.036+0000] {processor.py:840} INFO - DAG(s) 'transfer_from_minio_to_snowflake_transactions', 'transfer_from_minio_to_snowflake_accounts', 'transfer_from_minio_to_snowflake_customers' retrieved from /opt/airflow/dags/transfer.py
[2026-03-14T16:56:09.064+0000] {logging_mixin.py:188} INFO - [2026-03-14T16:56:09.064+0000] {dag.py:3089} INFO - Sync 3 DAGs
[2026-03-14T16:56:09.077+0000] {logging_mixin.py:188} INFO - [2026-03-14T16:56:09.077+0000] {dag.py:3947} INFO - Setting next_dagrun for transfer_from_minio_to_snowflake_accounts to 2026-03-14 16:55:00+00:00, run_after=2026-03-14 16:56:00+00:00
[2026-03-14T16:56:09.080+0000] {logging_mixin.py:188} INFO - [2026-03-14T16:56:09.080+0000] {dag.py:3947} INFO - Setting next_dagrun for transfer_from_minio_to_snowflake_customers to 2026-03-14 16:55:00+00:00, run_after=2026-03-14 16:56:00+00:00
[2026-03-14T16:56:09.082+0000] {logging_mixin.py:188} INFO - [2026-03-14T16:56:09.081+0000] {dag.py:3947} INFO - Setting next_dagrun for transfer_from_minio_to_snowflake_transactions to 2026-03-14 16:55:00+00:00, run_after=2026-03-14 16:56:00+00:00
[2026-03-14T16:56:09.089+0000] {processor.py:183} INFO - Processing /opt/airflow/dags/transfer.py took 0.098 seconds
[2026-03-14T16:56:39.511+0000] {processor.py:161} INFO - Started process (PID=2757) to work on /opt/airflow/dags/transfer.py
[2026-03-14T16:56:39.513+0000] {processor.py:830} INFO - Processing file /opt/airflow/dags/transfer.py for tasks to queue
[2026-03-14T16:56:39.518+0000] {logging_mixin.py:188} INFO - [2026-03-14T16:56:39.518+0000] {dagbag.py:545} INFO - Filling up the DagBag from /opt/airflow/dags/transfer.py
[2026-03-14T16:56:39.564+0000] {processor.py:840} INFO - DAG(s) 'transfer_from_minio_to_snowflake_customers', 'transfer_from_minio_to_snowflake_accounts', 'transfer_from_minio_to_snowflake_transactions' retrieved from /opt/airflow/dags/transfer.py
[2026-03-14T16:56:39.600+0000] {logging_mixin.py:188} INFO - [2026-03-14T16:56:39.600+0000] {dag.py:3089} INFO - Sync 3 DAGs
[2026-03-14T16:56:39.614+0000] {logging_mixin.py:188} INFO - [2026-03-14T16:56:39.614+0000] {dag.py:3947} INFO - Setting next_dagrun for transfer_from_minio_to_snowflake_accounts to 2026-03-14 16:55:00+00:00, run_after=2026-03-14 16:56:00+00:00
[2026-03-14T16:56:39.619+0000] {logging_mixin.py:188} INFO - [2026-03-14T16:56:39.619+0000] {dag.py:3947} INFO - Setting next_dagrun for transfer_from_minio_to_snowflake_customers to 2026-03-14 16:55:00+00:00, run_after=2026-03-14 16:56:00+00:00
[2026-03-14T16:56:39.621+0000] {logging_mixin.py:188} INFO - [2026-03-14T16:56:39.621+0000] {dag.py:3947} INFO - Setting next_dagrun for transfer_from_minio_to_snowflake_transactions to 2026-03-14 16:55:00+00:00, run_after=2026-03-14 16:56:00+00:00
[2026-03-14T16:56:39.629+0000] {processor.py:183} INFO - Processing /opt/airflow/dags/transfer.py took 0.130 seconds
[2026-03-14T16:57:10.021+0000] {processor.py:161} INFO - Started process (PID=2759) to work on /opt/airflow/dags/transfer.py
[2026-03-14T16:57:10.022+0000] {processor.py:830} INFO - Processing file /opt/airflow/dags/transfer.py for tasks to queue
[2026-03-14T16:57:10.025+0000] {logging_mixin.py:188} INFO - [2026-03-14T16:57:10.025+0000] {dagbag.py:545} INFO - Filling up the DagBag from /opt/airflow/dags/transfer.py
[2026-03-14T16:57:10.046+0000] {processor.py:840} INFO - DAG(s) 'transfer_from_minio_to_snowflake_customers', 'transfer_from_minio_to_snowflake_transactions', 'transfer_from_minio_to_snowflake_accounts' retrieved from /opt/airflow/dags/transfer.py
[2026-03-14T16:57:10.075+0000] {logging_mixin.py:188} INFO - [2026-03-14T16:57:10.074+0000] {dag.py:3089} INFO - Sync 3 DAGs
[2026-03-14T16:57:10.088+0000] {logging_mixin.py:188} INFO - [2026-03-14T16:57:10.088+0000] {dag.py:3947} INFO - Setting next_dagrun for transfer_from_minio_to_snowflake_accounts to 2026-03-14 16:56:00+00:00, run_after=2026-03-14 16:57:00+00:00
[2026-03-14T16:57:10.091+0000] {logging_mixin.py:188} INFO - [2026-03-14T16:57:10.091+0000] {dag.py:3947} INFO - Setting next_dagrun for transfer_from_minio_to_snowflake_customers to 2026-03-14 16:56:00+00:00, run_after=2026-03-14 16:57:00+00:00
[2026-03-14T16:57:10.092+0000] {logging_mixin.py:188} INFO - [2026-03-14T16:57:10.092+0000] {dag.py:3947} INFO - Setting next_dagrun for transfer_from_minio_to_snowflake_transactions to 2026-03-14 16:56:00+00:00, run_after=2026-03-14 16:57:00+00:00
[2026-03-14T16:57:10.100+0000] {processor.py:183} INFO - Processing /opt/airflow/dags/transfer.py took 0.085 seconds
[2026-03-14T16:57:40.504+0000] {processor.py:161} INFO - Started process (PID=2761) to work on /opt/airflow/dags/transfer.py
[2026-03-14T16:57:40.506+0000] {processor.py:830} INFO - Processing file /opt/airflow/dags/transfer.py for tasks to queue
[2026-03-14T16:57:40.509+0000] {logging_mixin.py:188} INFO - [2026-03-14T16:57:40.509+0000] {dagbag.py:545} INFO - Filling up the DagBag from /opt/airflow/dags/transfer.py
[2026-03-14T16:57:40.543+0000] {processor.py:840} INFO - DAG(s) 'transfer_from_minio_to_snowflake_customers', 'transfer_from_minio_to_snowflake_transactions', 'transfer_from_minio_to_snowflake_accounts' retrieved from /opt/airflow/dags/transfer.py
[2026-03-14T16:57:40.573+0000] {logging_mixin.py:188} INFO - [2026-03-14T16:57:40.572+0000] {dag.py:3089} INFO - Sync 3 DAGs
[2026-03-14T16:57:40.588+0000] {logging_mixin.py:188} INFO - [2026-03-14T16:57:40.588+0000] {dag.py:3947} INFO - Setting next_dagrun for transfer_from_minio_to_snowflake_accounts to 2026-03-14 16:56:00+00:00, run_after=2026-03-14 16:57:00+00:00
[2026-03-14T16:57:40.775+0000] {logging_mixin.py:188} INFO - [2026-03-14T16:57:40.775+0000] {dag.py:3947} INFO - Setting next_dagrun for transfer_from_minio_to_snowflake_customers to 2026-03-14 16:56:00+00:00, run_after=2026-03-14 16:57:00+00:00
[2026-03-14T16:57:40.776+0000] {logging_mixin.py:188} INFO - [2026-03-14T16:57:40.776+0000] {dag.py:3947} INFO - Setting next_dagrun for transfer_from_minio_to_snowflake_transactions to 2026-03-14 16:56:00+00:00, run_after=2026-03-14 16:57:00+00:00
[2026-03-14T16:57:40.782+0000] {processor.py:183} INFO - Processing /opt/airflow/dags/transfer.py took 0.291 seconds
[2026-03-14T16:58:11.023+0000] {processor.py:161} INFO - Started process (PID=2763) to work on /opt/airflow/dags/transfer.py
[2026-03-14T16:58:11.026+0000] {processor.py:830} INFO - Processing file /opt/airflow/dags/transfer.py for tasks to queue
[2026-03-14T16:58:11.031+0000] {logging_mixin.py:188} INFO - [2026-03-14T16:58:11.030+0000] {dagbag.py:545} INFO - Filling up the DagBag from /opt/airflow/dags/transfer.py
[2026-03-14T16:58:11.068+0000] {processor.py:840} INFO - DAG(s) 'transfer_from_minio_to_snowflake_transactions', 'transfer_from_minio_to_snowflake_accounts', 'transfer_from_minio_to_snowflake_customers' retrieved from /opt/airflow/dags/transfer.py
[2026-03-14T16:58:11.103+0000] {logging_mixin.py:188} INFO - [2026-03-14T16:58:11.102+0000] {dag.py:3089} INFO - Sync 3 DAGs
[2026-03-14T16:58:11.277+0000] {logging_mixin.py:188} INFO - [2026-03-14T16:58:11.277+0000] {dag.py:3947} INFO - Setting next_dagrun for transfer_from_minio_to_snowflake_accounts to 2026-03-14 16:57:00+00:00, run_after=2026-03-14 16:58:00+00:00
[2026-03-14T16:58:11.280+0000] {logging_mixin.py:188} INFO - [2026-03-14T16:58:11.280+0000] {dag.py:3947} INFO - Setting next_dagrun for transfer_from_minio_to_snowflake_customers to 2026-03-14 16:57:00+00:00, run_after=2026-03-14 16:58:00+00:00
[2026-03-14T16:58:11.281+0000] {logging_mixin.py:188} INFO - [2026-03-14T16:58:11.281+0000] {dag.py:3947} INFO - Setting next_dagrun for transfer_from_minio_to_snowflake_transactions to 2026-03-14 16:57:00+00:00, run_after=2026-03-14 16:58:00+00:00
[2026-03-14T16:58:11.288+0000] {processor.py:183} INFO - Processing /opt/airflow/dags/transfer.py took 0.282 seconds
[2026-03-14T16:58:41.530+0000] {processor.py:161} INFO - Started process (PID=2765) to work on /opt/airflow/dags/transfer.py
[2026-03-14T16:58:41.532+0000] {processor.py:830} INFO - Processing file /opt/airflow/dags/transfer.py for tasks to queue
[2026-03-14T16:58:41.538+0000] {logging_mixin.py:188} INFO - [2026-03-14T16:58:41.537+0000] {dagbag.py:545} INFO - Filling up the DagBag from /opt/airflow/dags/transfer.py
[2026-03-14T16:58:41.570+0000] {processor.py:840} INFO - DAG(s) 'transfer_from_minio_to_snowflake_accounts', 'transfer_from_minio_to_snowflake_transactions', 'transfer_from_minio_to_snowflake_customers' retrieved from /opt/airflow/dags/transfer.py
[2026-03-14T16:58:41.813+0000] {logging_mixin.py:188} INFO - [2026-03-14T16:58:41.813+0000] {dag.py:3089} INFO - Sync 3 DAGs
[2026-03-14T16:58:41.824+0000] {logging_mixin.py:188} INFO - [2026-03-14T16:58:41.823+0000] {dag.py:3947} INFO - Setting next_dagrun for transfer_from_minio_to_snowflake_accounts to 2026-03-14 16:57:00+00:00, run_after=2026-03-14 16:58:00+00:00
[2026-03-14T16:58:41.826+0000] {logging_mixin.py:188} INFO - [2026-03-14T16:58:41.826+0000] {dag.py:3947} INFO - Setting next_dagrun for transfer_from_minio_to_snowflake_customers to 2026-03-14 16:57:00+00:00, run_after=2026-03-14 16:58:00+00:00
[2026-03-14T16:58:41.827+0000] {logging_mixin.py:188} INFO - [2026-03-14T16:58:41.827+0000] {dag.py:3947} INFO - Setting next_dagrun for transfer_from_minio_to_snowflake_transactions to 2026-03-14 16:57:00+00:00, run_after=2026-03-14 16:58:00+00:00
[2026-03-14T16:58:41.834+0000] {processor.py:183} INFO - Processing /opt/airflow/dags/transfer.py took 0.321 seconds
[2026-03-14T16:59:12.059+0000] {processor.py:161} INFO - Started process (PID=2767) to work on /opt/airflow/dags/transfer.py
[2026-03-14T16:59:12.066+0000] {processor.py:830} INFO - Processing file /opt/airflow/dags/transfer.py for tasks to queue
[2026-03-14T16:59:12.071+0000] {logging_mixin.py:188} INFO - [2026-03-14T16:59:12.069+0000] {dagbag.py:545} INFO - Filling up the DagBag from /opt/airflow/dags/transfer.py
[2026-03-14T16:59:12.108+0000] {processor.py:840} INFO - DAG(s) 'transfer_from_minio_to_snowflake_transactions', 'transfer_from_minio_to_snowflake_accounts', 'transfer_from_minio_to_snowflake_customers' retrieved from /opt/airflow/dags/transfer.py
[2026-03-14T16:59:12.141+0000] {logging_mixin.py:188} INFO - [2026-03-14T16:59:12.141+0000] {dag.py:3089} INFO - Sync 3 DAGs
[2026-03-14T16:59:12.158+0000] {logging_mixin.py:188} INFO - [2026-03-14T16:59:12.158+0000] {dag.py:3947} INFO - Setting next_dagrun for transfer_from_minio_to_snowflake_accounts to 2026-03-14 16:58:00+00:00, run_after=2026-03-14 16:59:00+00:00
[2026-03-14T16:59:12.161+0000] {logging_mixin.py:188} INFO - [2026-03-14T16:59:12.161+0000] {dag.py:3947} INFO - Setting next_dagrun for transfer_from_minio_to_snowflake_customers to 2026-03-14 16:58:00+00:00, run_after=2026-03-14 16:59:00+00:00
[2026-03-14T16:59:12.162+0000] {logging_mixin.py:188} INFO - [2026-03-14T16:59:12.162+0000] {dag.py:3947} INFO - Setting next_dagrun for transfer_from_minio_to_snowflake_transactions to 2026-03-14 16:58:00+00:00, run_after=2026-03-14 16:59:00+00:00
[2026-03-14T16:59:12.171+0000] {processor.py:183} INFO - Processing /opt/airflow/dags/transfer.py took 0.124 seconds
[2026-03-14T16:59:42.652+0000] {processor.py:161} INFO - Started process (PID=2769) to work on /opt/airflow/dags/transfer.py
[2026-03-14T16:59:42.655+0000] {processor.py:830} INFO - Processing file /opt/airflow/dags/transfer.py for tasks to queue
[2026-03-14T16:59:42.661+0000] {logging_mixin.py:188} INFO - [2026-03-14T16:59:42.660+0000] {dagbag.py:545} INFO - Filling up the DagBag from /opt/airflow/dags/transfer.py
[2026-03-14T16:59:42.696+0000] {processor.py:840} INFO - DAG(s) 'transfer_from_minio_to_snowflake_customers', 'transfer_from_minio_to_snowflake_accounts', 'transfer_from_minio_to_snowflake_transactions' retrieved from /opt/airflow/dags/transfer.py
[2026-03-14T16:59:42.735+0000] {logging_mixin.py:188} INFO - [2026-03-14T16:59:42.735+0000] {dag.py:3089} INFO - Sync 3 DAGs
[2026-03-14T16:59:42.749+0000] {logging_mixin.py:188} INFO - [2026-03-14T16:59:42.749+0000] {dag.py:3947} INFO - Setting next_dagrun for transfer_from_minio_to_snowflake_accounts to 2026-03-14 16:58:00+00:00, run_after=2026-03-14 16:59:00+00:00
[2026-03-14T16:59:42.752+0000] {logging_mixin.py:188} INFO - [2026-03-14T16:59:42.752+0000] {dag.py:3947} INFO - Setting next_dagrun for transfer_from_minio_to_snowflake_customers to 2026-03-14 16:58:00+00:00, run_after=2026-03-14 16:59:00+00:00
[2026-03-14T16:59:42.753+0000] {logging_mixin.py:188} INFO - [2026-03-14T16:59:42.753+0000] {dag.py:3947} INFO - Setting next_dagrun for transfer_from_minio_to_snowflake_transactions to 2026-03-14 16:58:00+00:00, run_after=2026-03-14 16:59:00+00:00
[2026-03-14T16:59:42.763+0000] {processor.py:183} INFO - Processing /opt/airflow/dags/transfer.py took 0.126 seconds
[2026-03-14T17:00:13.188+0000] {processor.py:161} INFO - Started process (PID=2771) to work on /opt/airflow/dags/transfer.py
[2026-03-14T17:00:13.189+0000] {processor.py:830} INFO - Processing file /opt/airflow/dags/transfer.py for tasks to queue
[2026-03-14T17:00:13.193+0000] {logging_mixin.py:188} INFO - [2026-03-14T17:00:13.192+0000] {dagbag.py:545} INFO - Filling up the DagBag from /opt/airflow/dags/transfer.py
[2026-03-14T17:00:13.217+0000] {processor.py:840} INFO - DAG(s) 'transfer_from_minio_to_snowflake_transactions', 'transfer_from_minio_to_snowflake_customers', 'transfer_from_minio_to_snowflake_accounts' retrieved from /opt/airflow/dags/transfer.py
[2026-03-14T17:00:13.243+0000] {logging_mixin.py:188} INFO - [2026-03-14T17:00:13.243+0000] {dag.py:3089} INFO - Sync 3 DAGs
[2026-03-14T17:00:13.262+0000] {logging_mixin.py:188} INFO - [2026-03-14T17:00:13.261+0000] {dag.py:3947} INFO - Setting next_dagrun for transfer_from_minio_to_snowflake_accounts to 2026-03-14 16:59:00+00:00, run_after=2026-03-14 17:00:00+00:00
[2026-03-14T17:00:13.265+0000] {logging_mixin.py:188} INFO - [2026-03-14T17:00:13.265+0000] {dag.py:3947} INFO - Setting next_dagrun for transfer_from_minio_to_snowflake_customers to 2026-03-14 16:59:00+00:00, run_after=2026-03-14 17:00:00+00:00
[2026-03-14T17:00:13.266+0000] {logging_mixin.py:188} INFO - [2026-03-14T17:00:13.266+0000] {dag.py:3947} INFO - Setting next_dagrun for transfer_from_minio_to_snowflake_transactions to 2026-03-14 16:59:00+00:00, run_after=2026-03-14 17:00:00+00:00
[2026-03-14T17:00:13.451+0000] {processor.py:183} INFO - Processing /opt/airflow/dags/transfer.py took 0.277 seconds
[2026-03-14T17:00:43.733+0000] {processor.py:161} INFO - Started process (PID=2773) to work on /opt/airflow/dags/transfer.py
[2026-03-14T17:00:43.736+0000] {processor.py:830} INFO - Processing file /opt/airflow/dags/transfer.py for tasks to queue
[2026-03-14T17:00:43.739+0000] {logging_mixin.py:188} INFO - [2026-03-14T17:00:43.738+0000] {dagbag.py:545} INFO - Filling up the DagBag from /opt/airflow/dags/transfer.py
[2026-03-14T17:00:43.778+0000] {processor.py:840} INFO - DAG(s) 'transfer_from_minio_to_snowflake_customers', 'transfer_from_minio_to_snowflake_accounts', 'transfer_from_minio_to_snowflake_transactions' retrieved from /opt/airflow/dags/transfer.py
[2026-03-14T17:00:43.813+0000] {logging_mixin.py:188} INFO - [2026-03-14T17:00:43.812+0000] {dag.py:3089} INFO - Sync 3 DAGs
[2026-03-14T17:00:43.996+0000] {logging_mixin.py:188} INFO - [2026-03-14T17:00:43.996+0000] {dag.py:3947} INFO - Setting next_dagrun for transfer_from_minio_to_snowflake_accounts to 2026-03-14 16:59:00+00:00, run_after=2026-03-14 17:00:00+00:00
[2026-03-14T17:00:43.998+0000] {logging_mixin.py:188} INFO - [2026-03-14T17:00:43.998+0000] {dag.py:3947} INFO - Setting next_dagrun for transfer_from_minio_to_snowflake_customers to 2026-03-14 16:59:00+00:00, run_after=2026-03-14 17:00:00+00:00
[2026-03-14T17:00:44.000+0000] {logging_mixin.py:188} INFO - [2026-03-14T17:00:44.000+0000] {dag.py:3947} INFO - Setting next_dagrun for transfer_from_minio_to_snowflake_transactions to 2026-03-14 16:59:00+00:00, run_after=2026-03-14 17:00:00+00:00
[2026-03-14T17:00:44.006+0000] {processor.py:183} INFO - Processing /opt/airflow/dags/transfer.py took 0.285 seconds
[2026-03-14T17:01:14.252+0000] {processor.py:161} INFO - Started process (PID=2775) to work on /opt/airflow/dags/transfer.py
[2026-03-14T17:01:14.255+0000] {processor.py:830} INFO - Processing file /opt/airflow/dags/transfer.py for tasks to queue
[2026-03-14T17:01:14.259+0000] {logging_mixin.py:188} INFO - [2026-03-14T17:01:14.258+0000] {dagbag.py:545} INFO - Filling up the DagBag from /opt/airflow/dags/transfer.py
[2026-03-14T17:01:14.305+0000] {processor.py:840} INFO - DAG(s) 'transfer_from_minio_to_snowflake_accounts', 'transfer_from_minio_to_snowflake_customers', 'transfer_from_minio_to_snowflake_transactions' retrieved from /opt/airflow/dags/transfer.py
[2026-03-14T17:01:14.340+0000] {logging_mixin.py:188} INFO - [2026-03-14T17:01:14.340+0000] {dag.py:3089} INFO - Sync 3 DAGs
[2026-03-14T17:01:14.541+0000] {logging_mixin.py:188} INFO - [2026-03-14T17:01:14.541+0000] {dag.py:3947} INFO - Setting next_dagrun for transfer_from_minio_to_snowflake_accounts to 2026-03-14 17:00:00+00:00, run_after=2026-03-14 17:01:00+00:00
[2026-03-14T17:01:14.544+0000] {logging_mixin.py:188} INFO - [2026-03-14T17:01:14.544+0000] {dag.py:3947} INFO - Setting next_dagrun for transfer_from_minio_to_snowflake_customers to 2026-03-14 17:00:00+00:00, run_after=2026-03-14 17:01:00+00:00
[2026-03-14T17:01:14.545+0000] {logging_mixin.py:188} INFO - [2026-03-14T17:01:14.545+0000] {dag.py:3947} INFO - Setting next_dagrun for transfer_from_minio_to_snowflake_transactions to 2026-03-14 17:00:00+00:00, run_after=2026-03-14 17:01:00+00:00
[2026-03-14T17:01:14.552+0000] {processor.py:183} INFO - Processing /opt/airflow/dags/transfer.py took 0.315 seconds
[2026-03-14T17:01:44.801+0000] {processor.py:161} INFO - Started process (PID=2777) to work on /opt/airflow/dags/transfer.py
[2026-03-14T17:01:44.804+0000] {processor.py:830} INFO - Processing file /opt/airflow/dags/transfer.py for tasks to queue
[2026-03-14T17:01:44.813+0000] {logging_mixin.py:188} INFO - [2026-03-14T17:01:44.812+0000] {dagbag.py:545} INFO - Filling up the DagBag from /opt/airflow/dags/transfer.py
[2026-03-14T17:01:44.849+0000] {processor.py:840} INFO - DAG(s) 'transfer_from_minio_to_snowflake_transactions', 'transfer_from_minio_to_snowflake_accounts', 'transfer_from_minio_to_snowflake_customers' retrieved from /opt/airflow/dags/transfer.py
[2026-03-14T17:01:45.064+0000] {logging_mixin.py:188} INFO - [2026-03-14T17:01:45.064+0000] {dag.py:3089} INFO - Sync 3 DAGs
[2026-03-14T17:01:45.075+0000] {logging_mixin.py:188} INFO - [2026-03-14T17:01:45.074+0000] {dag.py:3947} INFO - Setting next_dagrun for transfer_from_minio_to_snowflake_accounts to 2026-03-14 17:00:00+00:00, run_after=2026-03-14 17:01:00+00:00
[2026-03-14T17:01:45.077+0000] {logging_mixin.py:188} INFO - [2026-03-14T17:01:45.077+0000] {dag.py:3947} INFO - Setting next_dagrun for transfer_from_minio_to_snowflake_customers to 2026-03-14 17:00:00+00:00, run_after=2026-03-14 17:01:00+00:00
[2026-03-14T17:01:45.079+0000] {logging_mixin.py:188} INFO - [2026-03-14T17:01:45.079+0000] {dag.py:3947} INFO - Setting next_dagrun for transfer_from_minio_to_snowflake_transactions to 2026-03-14 17:00:00+00:00, run_after=2026-03-14 17:01:00+00:00
[2026-03-14T17:01:45.085+0000] {processor.py:183} INFO - Processing /opt/airflow/dags/transfer.py took 0.299 seconds
[2026-03-14T17:02:15.358+0000] {processor.py:161} INFO - Started process (PID=2779) to work on /opt/airflow/dags/transfer.py
[2026-03-14T17:02:15.359+0000] {processor.py:830} INFO - Processing file /opt/airflow/dags/transfer.py for tasks to queue
[2026-03-14T17:02:15.362+0000] {logging_mixin.py:188} INFO - [2026-03-14T17:02:15.362+0000] {dagbag.py:545} INFO - Filling up the DagBag from /opt/airflow/dags/transfer.py
[2026-03-14T17:02:15.390+0000] {processor.py:840} INFO - DAG(s) 'transfer_from_minio_to_snowflake_accounts', 'transfer_from_minio_to_snowflake_transactions', 'transfer_from_minio_to_snowflake_customers' retrieved from /opt/airflow/dags/transfer.py
[2026-03-14T17:02:15.415+0000] {logging_mixin.py:188} INFO - [2026-03-14T17:02:15.415+0000] {dag.py:3089} INFO - Sync 3 DAGs
[2026-03-14T17:02:15.428+0000] {logging_mixin.py:188} INFO - [2026-03-14T17:02:15.427+0000] {dag.py:3947} INFO - Setting next_dagrun for transfer_from_minio_to_snowflake_accounts to 2026-03-14 17:01:00+00:00, run_after=2026-03-14 17:02:00+00:00
[2026-03-14T17:02:15.430+0000] {logging_mixin.py:188} INFO - [2026-03-14T17:02:15.430+0000] {dag.py:3947} INFO - Setting next_dagrun for transfer_from_minio_to_snowflake_customers to 2026-03-14 17:01:00+00:00, run_after=2026-03-14 17:02:00+00:00
[2026-03-14T17:02:15.432+0000] {logging_mixin.py:188} INFO - [2026-03-14T17:02:15.432+0000] {dag.py:3947} INFO - Setting next_dagrun for transfer_from_minio_to_snowflake_transactions to 2026-03-14 17:01:00+00:00, run_after=2026-03-14 17:02:00+00:00
[2026-03-14T17:02:15.439+0000] {processor.py:183} INFO - Processing /opt/airflow/dags/transfer.py took 0.095 seconds
[2026-03-14T17:02:45.858+0000] {processor.py:161} INFO - Started process (PID=2781) to work on /opt/airflow/dags/transfer.py
[2026-03-14T17:02:45.861+0000] {processor.py:830} INFO - Processing file /opt/airflow/dags/transfer.py for tasks to queue
[2026-03-14T17:02:45.868+0000] {logging_mixin.py:188} INFO - [2026-03-14T17:02:45.867+0000] {dagbag.py:545} INFO - Filling up the DagBag from /opt/airflow/dags/transfer.py
[2026-03-14T17:02:45.903+0000] {processor.py:840} INFO - DAG(s) 'transfer_from_minio_to_snowflake_transactions', 'transfer_from_minio_to_snowflake_customers', 'transfer_from_minio_to_snowflake_accounts' retrieved from /opt/airflow/dags/transfer.py
[2026-03-14T17:02:45.933+0000] {logging_mixin.py:188} INFO - [2026-03-14T17:02:45.933+0000] {dag.py:3089} INFO - Sync 3 DAGs
[2026-03-14T17:02:45.953+0000] {logging_mixin.py:188} INFO - [2026-03-14T17:02:45.952+0000] {dag.py:3947} INFO - Setting next_dagrun for transfer_from_minio_to_snowflake_accounts to 2026-03-14 17:01:00+00:00, run_after=2026-03-14 17:02:00+00:00
[2026-03-14T17:02:45.955+0000] {logging_mixin.py:188} INFO - [2026-03-14T17:02:45.955+0000] {dag.py:3947} INFO - Setting next_dagrun for transfer_from_minio_to_snowflake_customers to 2026-03-14 17:01:00+00:00, run_after=2026-03-14 17:02:00+00:00
[2026-03-14T17:02:45.957+0000] {logging_mixin.py:188} INFO - [2026-03-14T17:02:45.957+0000] {dag.py:3947} INFO - Setting next_dagrun for transfer_from_minio_to_snowflake_transactions to 2026-03-14 17:01:00+00:00, run_after=2026-03-14 17:02:00+00:00
[2026-03-14T17:02:45.965+0000] {processor.py:183} INFO - Processing /opt/airflow/dags/transfer.py took 0.118 seconds
[2026-03-14T17:03:16.428+0000] {processor.py:161} INFO - Started process (PID=2783) to work on /opt/airflow/dags/transfer.py
[2026-03-14T17:03:16.430+0000] {processor.py:830} INFO - Processing file /opt/airflow/dags/transfer.py for tasks to queue
[2026-03-14T17:03:16.434+0000] {logging_mixin.py:188} INFO - [2026-03-14T17:03:16.434+0000] {dagbag.py:545} INFO - Filling up the DagBag from /opt/airflow/dags/transfer.py
[2026-03-14T17:03:16.472+0000] {processor.py:840} INFO - DAG(s) 'transfer_from_minio_to_snowflake_accounts', 'transfer_from_minio_to_snowflake_customers', 'transfer_from_minio_to_snowflake_transactions' retrieved from /opt/airflow/dags/transfer.py
[2026-03-14T17:03:16.504+0000] {logging_mixin.py:188} INFO - [2026-03-14T17:03:16.504+0000] {dag.py:3089} INFO - Sync 3 DAGs
[2026-03-14T17:03:16.521+0000] {logging_mixin.py:188} INFO - [2026-03-14T17:03:16.521+0000] {dag.py:3947} INFO - Setting next_dagrun for transfer_from_minio_to_snowflake_accounts to 2026-03-14 17:02:00+00:00, run_after=2026-03-14 17:03:00+00:00
[2026-03-14T17:03:16.524+0000] {logging_mixin.py:188} INFO - [2026-03-14T17:03:16.524+0000] {dag.py:3947} INFO - Setting next_dagrun for transfer_from_minio_to_snowflake_customers to 2026-03-14 17:02:00+00:00, run_after=2026-03-14 17:03:00+00:00
[2026-03-14T17:03:16.526+0000] {logging_mixin.py:188} INFO - [2026-03-14T17:03:16.526+0000] {dag.py:3947} INFO - Setting next_dagrun for transfer_from_minio_to_snowflake_transactions to 2026-03-14 17:02:00+00:00, run_after=2026-03-14 17:03:00+00:00
[2026-03-14T17:03:16.706+0000] {processor.py:183} INFO - Processing /opt/airflow/dags/transfer.py took 0.287 seconds
[2026-03-14T17:03:46.992+0000] {processor.py:161} INFO - Started process (PID=2785) to work on /opt/airflow/dags/transfer.py
[2026-03-14T17:03:46.994+0000] {processor.py:830} INFO - Processing file /opt/airflow/dags/transfer.py for tasks to queue
[2026-03-14T17:03:46.996+0000] {logging_mixin.py:188} INFO - [2026-03-14T17:03:46.996+0000] {dagbag.py:545} INFO - Filling up the DagBag from /opt/airflow/dags/transfer.py
[2026-03-14T17:03:47.032+0000] {processor.py:840} INFO - DAG(s) 'transfer_from_minio_to_snowflake_customers', 'transfer_from_minio_to_snowflake_accounts', 'transfer_from_minio_to_snowflake_transactions' retrieved from /opt/airflow/dags/transfer.py
[2026-03-14T17:03:47.071+0000] {logging_mixin.py:188} INFO - [2026-03-14T17:03:47.070+0000] {dag.py:3089} INFO - Sync 3 DAGs
[2026-03-14T17:03:47.267+0000] {logging_mixin.py:188} INFO - [2026-03-14T17:03:47.267+0000] {dag.py:3947} INFO - Setting next_dagrun for transfer_from_minio_to_snowflake_accounts to 2026-03-14 17:02:00+00:00, run_after=2026-03-14 17:03:00+00:00
[2026-03-14T17:03:47.270+0000] {logging_mixin.py:188} INFO - [2026-03-14T17:03:47.269+0000] {dag.py:3947} INFO - Setting next_dagrun for transfer_from_minio_to_snowflake_customers to 2026-03-14 17:02:00+00:00, run_after=2026-03-14 17:03:00+00:00
[2026-03-14T17:03:47.271+0000] {logging_mixin.py:188} INFO - [2026-03-14T17:03:47.271+0000] {dag.py:3947} INFO - Setting next_dagrun for transfer_from_minio_to_snowflake_transactions to 2026-03-14 17:02:00+00:00, run_after=2026-03-14 17:03:00+00:00
[2026-03-14T17:03:47.277+0000] {processor.py:183} INFO - Processing /opt/airflow/dags/transfer.py took 0.300 seconds
[2026-03-14T17:04:17.524+0000] {processor.py:161} INFO - Started process (PID=2787) to work on /opt/airflow/dags/transfer.py
[2026-03-14T17:04:17.527+0000] {processor.py:830} INFO - Processing file /opt/airflow/dags/transfer.py for tasks to queue
[2026-03-14T17:04:17.533+0000] {logging_mixin.py:188} INFO - [2026-03-14T17:04:17.532+0000] {dagbag.py:545} INFO - Filling up the DagBag from /opt/airflow/dags/transfer.py
[2026-03-14T17:04:17.571+0000] {processor.py:840} INFO - DAG(s) 'transfer_from_minio_to_snowflake_customers', 'transfer_from_minio_to_snowflake_accounts', 'transfer_from_minio_to_snowflake_transactions' retrieved from /opt/airflow/dags/transfer.py
[2026-03-14T17:04:17.790+0000] {logging_mixin.py:188} INFO - [2026-03-14T17:04:17.613+0000] {dag.py:3089} INFO - Sync 3 DAGs
[2026-03-14T17:04:17.802+0000] {logging_mixin.py:188} INFO - [2026-03-14T17:04:17.802+0000] {dag.py:3947} INFO - Setting next_dagrun for transfer_from_minio_to_snowflake_accounts to 2026-03-14 17:03:00+00:00, run_after=2026-03-14 17:04:00+00:00
[2026-03-14T17:04:17.804+0000] {logging_mixin.py:188} INFO - [2026-03-14T17:04:17.804+0000] {dag.py:3947} INFO - Setting next_dagrun for transfer_from_minio_to_snowflake_customers to 2026-03-14 17:03:00+00:00, run_after=2026-03-14 17:04:00+00:00
[2026-03-14T17:04:17.806+0000] {logging_mixin.py:188} INFO - [2026-03-14T17:04:17.806+0000] {dag.py:3947} INFO - Setting next_dagrun for transfer_from_minio_to_snowflake_transactions to 2026-03-14 17:03:00+00:00, run_after=2026-03-14 17:04:00+00:00
[2026-03-14T17:04:17.813+0000] {processor.py:183} INFO - Processing /opt/airflow/dags/transfer.py took 0.300 seconds
[2026-03-14T17:04:48.036+0000] {processor.py:161} INFO - Started process (PID=2789) to work on /opt/airflow/dags/transfer.py
[2026-03-14T17:04:48.038+0000] {processor.py:830} INFO - Processing file /opt/airflow/dags/transfer.py for tasks to queue
[2026-03-14T17:04:48.041+0000] {logging_mixin.py:188} INFO - [2026-03-14T17:04:48.040+0000] {dagbag.py:545} INFO - Filling up the DagBag from /opt/airflow/dags/transfer.py
[2026-03-14T17:04:48.075+0000] {processor.py:840} INFO - DAG(s) 'transfer_from_minio_to_snowflake_accounts', 'transfer_from_minio_to_snowflake_customers', 'transfer_from_minio_to_snowflake_transactions' retrieved from /opt/airflow/dags/transfer.py
[2026-03-14T17:04:48.280+0000] {logging_mixin.py:188} INFO - [2026-03-14T17:04:48.279+0000] {dag.py:3089} INFO - Sync 3 DAGs
[2026-03-14T17:04:48.290+0000] {logging_mixin.py:188} INFO - [2026-03-14T17:04:48.290+0000] {dag.py:3947} INFO - Setting next_dagrun for transfer_from_minio_to_snowflake_accounts to 2026-03-14 17:03:00+00:00, run_after=2026-03-14 17:04:00+00:00
[2026-03-14T17:04:48.293+0000] {logging_mixin.py:188} INFO - [2026-03-14T17:04:48.293+0000] {dag.py:3947} INFO - Setting next_dagrun for transfer_from_minio_to_snowflake_customers to 2026-03-14 17:03:00+00:00, run_after=2026-03-14 17:04:00+00:00
[2026-03-14T17:04:48.294+0000] {logging_mixin.py:188} INFO - [2026-03-14T17:04:48.294+0000] {dag.py:3947} INFO - Setting next_dagrun for transfer_from_minio_to_snowflake_transactions to 2026-03-14 17:03:00+00:00, run_after=2026-03-14 17:04:00+00:00
[2026-03-14T17:04:48.301+0000] {processor.py:183} INFO - Processing /opt/airflow/dags/transfer.py took 0.279 seconds
[2026-03-14T17:05:18.522+0000] {processor.py:161} INFO - Started process (PID=2791) to work on /opt/airflow/dags/transfer.py
[2026-03-14T17:05:18.527+0000] {processor.py:830} INFO - Processing file /opt/airflow/dags/transfer.py for tasks to queue
[2026-03-14T17:05:18.531+0000] {logging_mixin.py:188} INFO - [2026-03-14T17:05:18.531+0000] {dagbag.py:545} INFO - Filling up the DagBag from /opt/airflow/dags/transfer.py
[2026-03-14T17:05:18.567+0000] {processor.py:840} INFO - DAG(s) 'transfer_from_minio_to_snowflake_transactions', 'transfer_from_minio_to_snowflake_customers', 'transfer_from_minio_to_snowflake_accounts' retrieved from /opt/airflow/dags/transfer.py
[2026-03-14T17:05:18.606+0000] {logging_mixin.py:188} INFO - [2026-03-14T17:05:18.605+0000] {dag.py:3089} INFO - Sync 3 DAGs
[2026-03-14T17:05:18.620+0000] {logging_mixin.py:188} INFO - [2026-03-14T17:05:18.620+0000] {dag.py:3947} INFO - Setting next_dagrun for transfer_from_minio_to_snowflake_accounts to 2026-03-14 17:04:00+00:00, run_after=2026-03-14 17:05:00+00:00
[2026-03-14T17:05:18.623+0000] {logging_mixin.py:188} INFO - [2026-03-14T17:05:18.623+0000] {dag.py:3947} INFO - Setting next_dagrun for transfer_from_minio_to_snowflake_customers to 2026-03-14 17:04:00+00:00, run_after=2026-03-14 17:05:00+00:00
[2026-03-14T17:05:18.625+0000] {logging_mixin.py:188} INFO - [2026-03-14T17:05:18.625+0000] {dag.py:3947} INFO - Setting next_dagrun for transfer_from_minio_to_snowflake_transactions to 2026-03-14 17:04:00+00:00, run_after=2026-03-14 17:05:00+00:00
[2026-03-14T17:05:18.633+0000] {processor.py:183} INFO - Processing /opt/airflow/dags/transfer.py took 0.126 seconds
[2026-03-14T17:05:49.044+0000] {processor.py:161} INFO - Started process (PID=2793) to work on /opt/airflow/dags/transfer.py
[2026-03-14T17:05:49.046+0000] {processor.py:830} INFO - Processing file /opt/airflow/dags/transfer.py for tasks to queue
[2026-03-14T17:05:49.051+0000] {logging_mixin.py:188} INFO - [2026-03-14T17:05:49.050+0000] {dagbag.py:545} INFO - Filling up the DagBag from /opt/airflow/dags/transfer.py
[2026-03-14T17:05:49.085+0000] {processor.py:840} INFO - DAG(s) 'transfer_from_minio_to_snowflake_customers', 'transfer_from_minio_to_snowflake_transactions', 'transfer_from_minio_to_snowflake_accounts' retrieved from /opt/airflow/dags/transfer.py
[2026-03-14T17:05:49.117+0000] {logging_mixin.py:188} INFO - [2026-03-14T17:05:49.117+0000] {dag.py:3089} INFO - Sync 3 DAGs
[2026-03-14T17:05:49.133+0000] {logging_mixin.py:188} INFO - [2026-03-14T17:05:49.133+0000] {dag.py:3947} INFO - Setting next_dagrun for transfer_from_minio_to_snowflake_accounts to 2026-03-14 17:04:00+00:00, run_after=2026-03-14 17:05:00+00:00
[2026-03-14T17:05:49.136+0000] {logging_mixin.py:188} INFO - [2026-03-14T17:05:49.136+0000] {dag.py:3947} INFO - Setting next_dagrun for transfer_from_minio_to_snowflake_customers to 2026-03-14 17:04:00+00:00, run_after=2026-03-14 17:05:00+00:00
[2026-03-14T17:05:49.138+0000] {logging_mixin.py:188} INFO - [2026-03-14T17:05:49.138+0000] {dag.py:3947} INFO - Setting next_dagrun for transfer_from_minio_to_snowflake_transactions to 2026-03-14 17:04:00+00:00, run_after=2026-03-14 17:05:00+00:00
[2026-03-14T17:05:49.166+0000] {processor.py:183} INFO - Processing /opt/airflow/dags/transfer.py took 0.133 seconds
[2026-03-14T17:06:19.514+0000] {processor.py:161} INFO - Started process (PID=2795) to work on /opt/airflow/dags/transfer.py
[2026-03-14T17:06:19.516+0000] {processor.py:830} INFO - Processing file /opt/airflow/dags/transfer.py for tasks to queue
[2026-03-14T17:06:19.519+0000] {logging_mixin.py:188} INFO - [2026-03-14T17:06:19.519+0000] {dagbag.py:545} INFO - Filling up the DagBag from /opt/airflow/dags/transfer.py
[2026-03-14T17:06:19.553+0000] {processor.py:840} INFO - DAG(s) 'transfer_from_minio_to_snowflake_transactions', 'transfer_from_minio_to_snowflake_accounts', 'transfer_from_minio_to_snowflake_customers' retrieved from /opt/airflow/dags/transfer.py
[2026-03-14T17:06:19.598+0000] {logging_mixin.py:188} INFO - [2026-03-14T17:06:19.598+0000] {dag.py:3089} INFO - Sync 3 DAGs
[2026-03-14T17:06:19.618+0000] {logging_mixin.py:188} INFO - [2026-03-14T17:06:19.617+0000] {dag.py:3947} INFO - Setting next_dagrun for transfer_from_minio_to_snowflake_accounts to 2026-03-14 17:05:00+00:00, run_after=2026-03-14 17:06:00+00:00
[2026-03-14T17:06:19.817+0000] {logging_mixin.py:188} INFO - [2026-03-14T17:06:19.817+0000] {dag.py:3947} INFO - Setting next_dagrun for transfer_from_minio_to_snowflake_customers to 2026-03-14 17:05:00+00:00, run_after=2026-03-14 17:06:00+00:00
[2026-03-14T17:06:19.819+0000] {logging_mixin.py:188} INFO - [2026-03-14T17:06:19.819+0000] {dag.py:3947} INFO - Setting next_dagrun for transfer_from_minio_to_snowflake_transactions to 2026-03-14 17:05:00+00:00, run_after=2026-03-14 17:06:00+00:00
[2026-03-14T17:06:19.827+0000] {processor.py:183} INFO - Processing /opt/airflow/dags/transfer.py took 0.326 seconds
[2026-03-14T17:06:49.916+0000] {processor.py:161} INFO - Started process (PID=2797) to work on /opt/airflow/dags/transfer.py
[2026-03-14T17:06:49.918+0000] {processor.py:830} INFO - Processing file /opt/airflow/dags/transfer.py for tasks to queue
[2026-03-14T17:06:49.920+0000] {logging_mixin.py:188} INFO - [2026-03-14T17:06:49.920+0000] {dagbag.py:545} INFO - Filling up the DagBag from /opt/airflow/dags/transfer.py
[2026-03-14T17:06:49.958+0000] {processor.py:840} INFO - DAG(s) 'transfer_from_minio_to_snowflake_customers', 'transfer_from_minio_to_snowflake_transactions', 'transfer_from_minio_to_snowflake_accounts' retrieved from /opt/airflow/dags/transfer.py
[2026-03-14T17:06:49.998+0000] {logging_mixin.py:188} INFO - [2026-03-14T17:06:49.998+0000] {dag.py:3089} INFO - Sync 3 DAGs
[2026-03-14T17:06:50.190+0000] {logging_mixin.py:188} INFO - [2026-03-14T17:06:50.190+0000] {dag.py:3947} INFO - Setting next_dagrun for transfer_from_minio_to_snowflake_accounts to 2026-03-14 17:05:00+00:00, run_after=2026-03-14 17:06:00+00:00
[2026-03-14T17:06:50.193+0000] {logging_mixin.py:188} INFO - [2026-03-14T17:06:50.193+0000] {dag.py:3947} INFO - Setting next_dagrun for transfer_from_minio_to_snowflake_customers to 2026-03-14 17:05:00+00:00, run_after=2026-03-14 17:06:00+00:00
[2026-03-14T17:06:50.195+0000] {logging_mixin.py:188} INFO - [2026-03-14T17:06:50.195+0000] {dag.py:3947} INFO - Setting next_dagrun for transfer_from_minio_to_snowflake_transactions to 2026-03-14 17:05:00+00:00, run_after=2026-03-14 17:06:00+00:00
[2026-03-14T17:06:50.203+0000] {processor.py:183} INFO - Processing /opt/airflow/dags/transfer.py took 0.297 seconds
[2026-03-14T17:07:20.375+0000] {processor.py:161} INFO - Started process (PID=2799) to work on /opt/airflow/dags/transfer.py
[2026-03-14T17:07:20.377+0000] {processor.py:830} INFO - Processing file /opt/airflow/dags/transfer.py for tasks to queue
[2026-03-14T17:07:20.380+0000] {logging_mixin.py:188} INFO - [2026-03-14T17:07:20.379+0000] {dagbag.py:545} INFO - Filling up the DagBag from /opt/airflow/dags/transfer.py
[2026-03-14T17:07:20.428+0000] {processor.py:840} INFO - DAG(s) 'transfer_from_minio_to_snowflake_transactions', 'transfer_from_minio_to_snowflake_accounts', 'transfer_from_minio_to_snowflake_customers' retrieved from /opt/airflow/dags/transfer.py
[2026-03-14T17:07:20.635+0000] {logging_mixin.py:188} INFO - [2026-03-14T17:07:20.635+0000] {dag.py:3089} INFO - Sync 3 DAGs
[2026-03-14T17:07:20.646+0000] {logging_mixin.py:188} INFO - [2026-03-14T17:07:20.646+0000] {dag.py:3947} INFO - Setting next_dagrun for transfer_from_minio_to_snowflake_accounts to 2026-03-14 17:06:00+00:00, run_after=2026-03-14 17:07:00+00:00
[2026-03-14T17:07:20.649+0000] {logging_mixin.py:188} INFO - [2026-03-14T17:07:20.649+0000] {dag.py:3947} INFO - Setting next_dagrun for transfer_from_minio_to_snowflake_customers to 2026-03-14 17:06:00+00:00, run_after=2026-03-14 17:07:00+00:00
[2026-03-14T17:07:20.650+0000] {logging_mixin.py:188} INFO - [2026-03-14T17:07:20.650+0000] {dag.py:3947} INFO - Setting next_dagrun for transfer_from_minio_to_snowflake_transactions to 2026-03-14 17:06:00+00:00, run_after=2026-03-14 17:07:00+00:00
[2026-03-14T17:07:20.657+0000] {processor.py:183} INFO - Processing /opt/airflow/dags/transfer.py took 0.294 seconds
[2026-03-14T17:07:50.845+0000] {processor.py:161} INFO - Started process (PID=2801) to work on /opt/airflow/dags/transfer.py
[2026-03-14T17:07:50.848+0000] {processor.py:830} INFO - Processing file /opt/airflow/dags/transfer.py for tasks to queue
[2026-03-14T17:07:50.859+0000] {logging_mixin.py:188} INFO - [2026-03-14T17:07:50.859+0000] {dagbag.py:545} INFO - Filling up the DagBag from /opt/airflow/dags/transfer.py
[2026-03-14T17:07:50.897+0000] {processor.py:840} INFO - DAG(s) 'transfer_from_minio_to_snowflake_customers', 'transfer_from_minio_to_snowflake_accounts', 'transfer_from_minio_to_snowflake_transactions' retrieved from /opt/airflow/dags/transfer.py
[2026-03-14T17:07:51.114+0000] {logging_mixin.py:188} INFO - [2026-03-14T17:07:51.114+0000] {dag.py:3089} INFO - Sync 3 DAGs
[2026-03-14T17:07:51.125+0000] {logging_mixin.py:188} INFO - [2026-03-14T17:07:51.125+0000] {dag.py:3947} INFO - Setting next_dagrun for transfer_from_minio_to_snowflake_accounts to 2026-03-14 17:06:00+00:00, run_after=2026-03-14 17:07:00+00:00
[2026-03-14T17:07:51.127+0000] {logging_mixin.py:188} INFO - [2026-03-14T17:07:51.127+0000] {dag.py:3947} INFO - Setting next_dagrun for transfer_from_minio_to_snowflake_customers to 2026-03-14 17:06:00+00:00, run_after=2026-03-14 17:07:00+00:00
[2026-03-14T17:07:51.129+0000] {logging_mixin.py:188} INFO - [2026-03-14T17:07:51.129+0000] {dag.py:3947} INFO - Setting next_dagrun for transfer_from_minio_to_snowflake_transactions to 2026-03-14 17:06:00+00:00, run_after=2026-03-14 17:07:00+00:00
[2026-03-14T17:07:51.136+0000] {processor.py:183} INFO - Processing /opt/airflow/dags/transfer.py took 0.303 seconds
[2026-03-14T17:08:21.292+0000] {processor.py:161} INFO - Started process (PID=2803) to work on /opt/airflow/dags/transfer.py
[2026-03-14T17:08:21.297+0000] {processor.py:830} INFO - Processing file /opt/airflow/dags/transfer.py for tasks to queue
[2026-03-14T17:08:21.301+0000] {logging_mixin.py:188} INFO - [2026-03-14T17:08:21.300+0000] {dagbag.py:545} INFO - Filling up the DagBag from /opt/airflow/dags/transfer.py
[2026-03-14T17:08:21.348+0000] {processor.py:840} INFO - DAG(s) 'transfer_from_minio_to_snowflake_accounts', 'transfer_from_minio_to_snowflake_transactions', 'transfer_from_minio_to_snowflake_customers' retrieved from /opt/airflow/dags/transfer.py
[2026-03-14T17:08:21.381+0000] {logging_mixin.py:188} INFO - [2026-03-14T17:08:21.381+0000] {dag.py:3089} INFO - Sync 3 DAGs
[2026-03-14T17:08:21.397+0000] {logging_mixin.py:188} INFO - [2026-03-14T17:08:21.396+0000] {dag.py:3947} INFO - Setting next_dagrun for transfer_from_minio_to_snowflake_accounts to 2026-03-14 17:07:00+00:00, run_after=2026-03-14 17:08:00+00:00
[2026-03-14T17:08:21.400+0000] {logging_mixin.py:188} INFO - [2026-03-14T17:08:21.400+0000] {dag.py:3947} INFO - Setting next_dagrun for transfer_from_minio_to_snowflake_customers to 2026-03-14 17:07:00+00:00, run_after=2026-03-14 17:08:00+00:00
[2026-03-14T17:08:21.402+0000] {logging_mixin.py:188} INFO - [2026-03-14T17:08:21.402+0000] {dag.py:3947} INFO - Setting next_dagrun for transfer_from_minio_to_snowflake_transactions to 2026-03-14 17:07:00+00:00, run_after=2026-03-14 17:08:00+00:00
[2026-03-14T17:08:21.410+0000] {processor.py:183} INFO - Processing /opt/airflow/dags/transfer.py took 0.133 seconds
[2026-03-14T17:08:51.777+0000] {processor.py:161} INFO - Started process (PID=2805) to work on /opt/airflow/dags/transfer.py
[2026-03-14T17:08:51.779+0000] {processor.py:830} INFO - Processing file /opt/airflow/dags/transfer.py for tasks to queue
[2026-03-14T17:08:51.782+0000] {logging_mixin.py:188} INFO - [2026-03-14T17:08:51.781+0000] {dagbag.py:545} INFO - Filling up the DagBag from /opt/airflow/dags/transfer.py
[2026-03-14T17:08:51.816+0000] {processor.py:840} INFO - DAG(s) 'transfer_from_minio_to_snowflake_accounts', 'transfer_from_minio_to_snowflake_transactions', 'transfer_from_minio_to_snowflake_customers' retrieved from /opt/airflow/dags/transfer.py
[2026-03-14T17:08:51.848+0000] {logging_mixin.py:188} INFO - [2026-03-14T17:08:51.848+0000] {dag.py:3089} INFO - Sync 3 DAGs
[2026-03-14T17:08:51.863+0000] {logging_mixin.py:188} INFO - [2026-03-14T17:08:51.863+0000] {dag.py:3947} INFO - Setting next_dagrun for transfer_from_minio_to_snowflake_accounts to 2026-03-14 17:07:00+00:00, run_after=2026-03-14 17:08:00+00:00
[2026-03-14T17:08:51.866+0000] {logging_mixin.py:188} INFO - [2026-03-14T17:08:51.866+0000] {dag.py:3947} INFO - Setting next_dagrun for transfer_from_minio_to_snowflake_customers to 2026-03-14 17:07:00+00:00, run_after=2026-03-14 17:08:00+00:00
[2026-03-14T17:08:51.868+0000] {logging_mixin.py:188} INFO - [2026-03-14T17:08:51.868+0000] {dag.py:3947} INFO - Setting next_dagrun for transfer_from_minio_to_snowflake_transactions to 2026-03-14 17:07:00+00:00, run_after=2026-03-14 17:08:00+00:00
[2026-03-14T17:08:52.049+0000] {processor.py:183} INFO - Processing /opt/airflow/dags/transfer.py took 0.280 seconds
[2026-03-14T17:09:22.210+0000] {processor.py:161} INFO - Started process (PID=2807) to work on /opt/airflow/dags/transfer.py
[2026-03-14T17:09:22.213+0000] {processor.py:830} INFO - Processing file /opt/airflow/dags/transfer.py for tasks to queue
[2026-03-14T17:09:22.216+0000] {logging_mixin.py:188} INFO - [2026-03-14T17:09:22.215+0000] {dagbag.py:545} INFO - Filling up the DagBag from /opt/airflow/dags/transfer.py
[2026-03-14T17:09:22.255+0000] {processor.py:840} INFO - DAG(s) 'transfer_from_minio_to_snowflake_accounts', 'transfer_from_minio_to_snowflake_customers', 'transfer_from_minio_to_snowflake_transactions' retrieved from /opt/airflow/dags/transfer.py
[2026-03-14T17:09:22.288+0000] {logging_mixin.py:188} INFO - [2026-03-14T17:09:22.288+0000] {dag.py:3089} INFO - Sync 3 DAGs
[2026-03-14T17:09:22.465+0000] {logging_mixin.py:188} INFO - [2026-03-14T17:09:22.464+0000] {dag.py:3947} INFO - Setting next_dagrun for transfer_from_minio_to_snowflake_accounts to 2026-03-14 17:08:00+00:00, run_after=2026-03-14 17:09:00+00:00
[2026-03-14T17:09:22.467+0000] {logging_mixin.py:188} INFO - [2026-03-14T17:09:22.467+0000] {dag.py:3947} INFO - Setting next_dagrun for transfer_from_minio_to_snowflake_customers to 2026-03-14 17:08:00+00:00, run_after=2026-03-14 17:09:00+00:00
[2026-03-14T17:09:22.469+0000] {logging_mixin.py:188} INFO - [2026-03-14T17:09:22.469+0000] {dag.py:3947} INFO - Setting next_dagrun for transfer_from_minio_to_snowflake_transactions to 2026-03-14 17:08:00+00:00, run_after=2026-03-14 17:09:00+00:00
[2026-03-14T17:09:22.475+0000] {processor.py:183} INFO - Processing /opt/airflow/dags/transfer.py took 0.277 seconds
[2026-03-14T17:09:52.695+0000] {processor.py:161} INFO - Started process (PID=2809) to work on /opt/airflow/dags/transfer.py
[2026-03-14T17:09:52.698+0000] {processor.py:830} INFO - Processing file /opt/airflow/dags/transfer.py for tasks to queue
[2026-03-14T17:09:52.702+0000] {logging_mixin.py:188} INFO - [2026-03-14T17:09:52.701+0000] {dagbag.py:545} INFO - Filling up the DagBag from /opt/airflow/dags/transfer.py
[2026-03-14T17:09:52.738+0000] {processor.py:840} INFO - DAG(s) 'transfer_from_minio_to_snowflake_transactions', 'transfer_from_minio_to_snowflake_customers', 'transfer_from_minio_to_snowflake_accounts' retrieved from /opt/airflow/dags/transfer.py
[2026-03-14T17:09:52.775+0000] {logging_mixin.py:188} INFO - [2026-03-14T17:09:52.774+0000] {dag.py:3089} INFO - Sync 3 DAGs
[2026-03-14T17:09:52.960+0000] {logging_mixin.py:188} INFO - [2026-03-14T17:09:52.960+0000] {dag.py:3947} INFO - Setting next_dagrun for transfer_from_minio_to_snowflake_accounts to 2026-03-14 17:08:00+00:00, run_after=2026-03-14 17:09:00+00:00
[2026-03-14T17:09:52.963+0000] {logging_mixin.py:188} INFO - [2026-03-14T17:09:52.963+0000] {dag.py:3947} INFO - Setting next_dagrun for transfer_from_minio_to_snowflake_customers to 2026-03-14 17:08:00+00:00, run_after=2026-03-14 17:09:00+00:00
[2026-03-14T17:09:52.965+0000] {logging_mixin.py:188} INFO - [2026-03-14T17:09:52.965+0000] {dag.py:3947} INFO - Setting next_dagrun for transfer_from_minio_to_snowflake_transactions to 2026-03-14 17:08:00+00:00, run_after=2026-03-14 17:09:00+00:00
[2026-03-14T17:09:52.972+0000] {processor.py:183} INFO - Processing /opt/airflow/dags/transfer.py took 0.291 seconds
[2026-03-14T17:10:23.192+0000] {processor.py:161} INFO - Started process (PID=2811) to work on /opt/airflow/dags/transfer.py
[2026-03-14T17:10:23.194+0000] {processor.py:830} INFO - Processing file /opt/airflow/dags/transfer.py for tasks to queue
[2026-03-14T17:10:23.198+0000] {logging_mixin.py:188} INFO - [2026-03-14T17:10:23.198+0000] {dagbag.py:545} INFO - Filling up the DagBag from /opt/airflow/dags/transfer.py
[2026-03-14T17:10:23.250+0000] {processor.py:840} INFO - DAG(s) 'transfer_from_minio_to_snowflake_customers', 'transfer_from_minio_to_snowflake_transactions', 'transfer_from_minio_to_snowflake_accounts' retrieved from /opt/airflow/dags/transfer.py
[2026-03-14T17:10:23.488+0000] {logging_mixin.py:188} INFO - [2026-03-14T17:10:23.487+0000] {dag.py:3089} INFO - Sync 3 DAGs
[2026-03-14T17:10:23.501+0000] {logging_mixin.py:188} INFO - [2026-03-14T17:10:23.500+0000] {dag.py:3947} INFO - Setting next_dagrun for transfer_from_minio_to_snowflake_accounts to 2026-03-14 17:09:00+00:00, run_after=2026-03-14 17:10:00+00:00
[2026-03-14T17:10:23.504+0000] {logging_mixin.py:188} INFO - [2026-03-14T17:10:23.504+0000] {dag.py:3947} INFO - Setting next_dagrun for transfer_from_minio_to_snowflake_customers to 2026-03-14 17:09:00+00:00, run_after=2026-03-14 17:10:00+00:00
[2026-03-14T17:10:23.506+0000] {logging_mixin.py:188} INFO - [2026-03-14T17:10:23.506+0000] {dag.py:3947} INFO - Setting next_dagrun for transfer_from_minio_to_snowflake_transactions to 2026-03-14 17:09:00+00:00, run_after=2026-03-14 17:10:00+00:00
[2026-03-14T17:10:23.514+0000] {processor.py:183} INFO - Processing /opt/airflow/dags/transfer.py took 0.337 seconds
[2026-03-14T17:10:53.722+0000] {processor.py:161} INFO - Started process (PID=2813) to work on /opt/airflow/dags/transfer.py
[2026-03-14T17:10:53.723+0000] {processor.py:830} INFO - Processing file /opt/airflow/dags/transfer.py for tasks to queue
[2026-03-14T17:10:53.726+0000] {logging_mixin.py:188} INFO - [2026-03-14T17:10:53.725+0000] {dagbag.py:545} INFO - Filling up the DagBag from /opt/airflow/dags/transfer.py
[2026-03-14T17:10:53.766+0000] {processor.py:840} INFO - DAG(s) 'transfer_from_minio_to_snowflake_accounts', 'transfer_from_minio_to_snowflake_transactions', 'transfer_from_minio_to_snowflake_customers' retrieved from /opt/airflow/dags/transfer.py
[2026-03-14T17:10:53.798+0000] {logging_mixin.py:188} INFO - [2026-03-14T17:10:53.798+0000] {dag.py:3089} INFO - Sync 3 DAGs
[2026-03-14T17:10:53.814+0000] {logging_mixin.py:188} INFO - [2026-03-14T17:10:53.814+0000] {dag.py:3947} INFO - Setting next_dagrun for transfer_from_minio_to_snowflake_accounts to 2026-03-14 17:09:00+00:00, run_after=2026-03-14 17:10:00+00:00
[2026-03-14T17:10:53.817+0000] {logging_mixin.py:188} INFO - [2026-03-14T17:10:53.817+0000] {dag.py:3947} INFO - Setting next_dagrun for transfer_from_minio_to_snowflake_customers to 2026-03-14 17:09:00+00:00, run_after=2026-03-14 17:10:00+00:00
[2026-03-14T17:10:53.819+0000] {logging_mixin.py:188} INFO - [2026-03-14T17:10:53.819+0000] {dag.py:3947} INFO - Setting next_dagrun for transfer_from_minio_to_snowflake_transactions to 2026-03-14 17:09:00+00:00, run_after=2026-03-14 17:10:00+00:00
[2026-03-14T17:10:53.826+0000] {processor.py:183} INFO - Processing /opt/airflow/dags/transfer.py took 0.120 seconds
[2026-03-14T17:11:24.215+0000] {processor.py:161} INFO - Started process (PID=2815) to work on /opt/airflow/dags/transfer.py
[2026-03-14T17:11:24.219+0000] {processor.py:830} INFO - Processing file /opt/airflow/dags/transfer.py for tasks to queue
[2026-03-14T17:11:24.225+0000] {logging_mixin.py:188} INFO - [2026-03-14T17:11:24.224+0000] {dagbag.py:545} INFO - Filling up the DagBag from /opt/airflow/dags/transfer.py
[2026-03-14T17:11:24.268+0000] {processor.py:840} INFO - DAG(s) 'transfer_from_minio_to_snowflake_accounts', 'transfer_from_minio_to_snowflake_transactions', 'transfer_from_minio_to_snowflake_customers' retrieved from /opt/airflow/dags/transfer.py
[2026-03-14T17:11:24.307+0000] {logging_mixin.py:188} INFO - [2026-03-14T17:11:24.307+0000] {dag.py:3089} INFO - Sync 3 DAGs
[2026-03-14T17:11:24.323+0000] {logging_mixin.py:188} INFO - [2026-03-14T17:11:24.323+0000] {dag.py:3947} INFO - Setting next_dagrun for transfer_from_minio_to_snowflake_accounts to 2026-03-14 17:10:00+00:00, run_after=2026-03-14 17:11:00+00:00
[2026-03-14T17:11:24.326+0000] {logging_mixin.py:188} INFO - [2026-03-14T17:11:24.326+0000] {dag.py:3947} INFO - Setting next_dagrun for transfer_from_minio_to_snowflake_customers to 2026-03-14 17:10:00+00:00, run_after=2026-03-14 17:11:00+00:00
[2026-03-14T17:11:24.328+0000] {logging_mixin.py:188} INFO - [2026-03-14T17:11:24.327+0000] {dag.py:3947} INFO - Setting next_dagrun for transfer_from_minio_to_snowflake_transactions to 2026-03-14 17:10:00+00:00, run_after=2026-03-14 17:11:00+00:00
[2026-03-14T17:11:24.335+0000] {processor.py:183} INFO - Processing /opt/airflow/dags/transfer.py took 0.138 seconds
[2026-03-14T17:11:54.703+0000] {processor.py:161} INFO - Started process (PID=2817) to work on /opt/airflow/dags/transfer.py
[2026-03-14T17:11:54.705+0000] {processor.py:830} INFO - Processing file /opt/airflow/dags/transfer.py for tasks to queue
[2026-03-14T17:11:54.708+0000] {logging_mixin.py:188} INFO - [2026-03-14T17:11:54.707+0000] {dagbag.py:545} INFO - Filling up the DagBag from /opt/airflow/dags/transfer.py
[2026-03-14T17:11:54.743+0000] {processor.py:840} INFO - DAG(s) 'transfer_from_minio_to_snowflake_customers', 'transfer_from_minio_to_snowflake_transactions', 'transfer_from_minio_to_snowflake_accounts' retrieved from /opt/airflow/dags/transfer.py
[2026-03-14T17:11:54.778+0000] {logging_mixin.py:188} INFO - [2026-03-14T17:11:54.777+0000] {dag.py:3089} INFO - Sync 3 DAGs
[2026-03-14T17:11:54.794+0000] {logging_mixin.py:188} INFO - [2026-03-14T17:11:54.794+0000] {dag.py:3947} INFO - Setting next_dagrun for transfer_from_minio_to_snowflake_accounts to 2026-03-14 17:10:00+00:00, run_after=2026-03-14 17:11:00+00:00
[2026-03-14T17:11:54.798+0000] {logging_mixin.py:188} INFO - [2026-03-14T17:11:54.798+0000] {dag.py:3947} INFO - Setting next_dagrun for transfer_from_minio_to_snowflake_customers to 2026-03-14 17:10:00+00:00, run_after=2026-03-14 17:11:00+00:00
[2026-03-14T17:11:54.799+0000] {logging_mixin.py:188} INFO - [2026-03-14T17:11:54.799+0000] {dag.py:3947} INFO - Setting next_dagrun for transfer_from_minio_to_snowflake_transactions to 2026-03-14 17:10:00+00:00, run_after=2026-03-14 17:11:00+00:00
[2026-03-14T17:11:54.977+0000] {processor.py:183} INFO - Processing /opt/airflow/dags/transfer.py took 0.293 seconds
[2026-03-14T17:12:25.173+0000] {processor.py:161} INFO - Started process (PID=2819) to work on /opt/airflow/dags/transfer.py
[2026-03-14T17:12:25.175+0000] {processor.py:830} INFO - Processing file /opt/airflow/dags/transfer.py for tasks to queue
[2026-03-14T17:12:25.183+0000] {logging_mixin.py:188} INFO - [2026-03-14T17:12:25.182+0000] {dagbag.py:545} INFO - Filling up the DagBag from /opt/airflow/dags/transfer.py
[2026-03-14T17:12:25.226+0000] {processor.py:840} INFO - DAG(s) 'transfer_from_minio_to_snowflake_accounts', 'transfer_from_minio_to_snowflake_customers', 'transfer_from_minio_to_snowflake_transactions' retrieved from /opt/airflow/dags/transfer.py
[2026-03-14T17:12:25.272+0000] {logging_mixin.py:188} INFO - [2026-03-14T17:12:25.271+0000] {dag.py:3089} INFO - Sync 3 DAGs
[2026-03-14T17:12:25.508+0000] {logging_mixin.py:188} INFO - [2026-03-14T17:12:25.508+0000] {dag.py:3947} INFO - Setting next_dagrun for transfer_from_minio_to_snowflake_accounts to 2026-03-14 17:11:00+00:00, run_after=2026-03-14 17:12:00+00:00
[2026-03-14T17:12:25.512+0000] {logging_mixin.py:188} INFO - [2026-03-14T17:12:25.512+0000] {dag.py:3947} INFO - Setting next_dagrun for transfer_from_minio_to_snowflake_customers to 2026-03-14 17:11:00+00:00, run_after=2026-03-14 17:12:00+00:00
[2026-03-14T17:12:25.514+0000] {logging_mixin.py:188} INFO - [2026-03-14T17:12:25.514+0000] {dag.py:3947} INFO - Setting next_dagrun for transfer_from_minio_to_snowflake_transactions to 2026-03-14 17:11:00+00:00, run_after=2026-03-14 17:12:00+00:00
[2026-03-14T17:12:25.522+0000] {processor.py:183} INFO - Processing /opt/airflow/dags/transfer.py took 0.364 seconds
[2026-03-14T17:12:55.649+0000] {processor.py:161} INFO - Started process (PID=2821) to work on /opt/airflow/dags/transfer.py
[2026-03-14T17:12:55.651+0000] {processor.py:830} INFO - Processing file /opt/airflow/dags/transfer.py for tasks to queue
[2026-03-14T17:12:55.657+0000] {logging_mixin.py:188} INFO - [2026-03-14T17:12:55.656+0000] {dagbag.py:545} INFO - Filling up the DagBag from /opt/airflow/dags/transfer.py
[2026-03-14T17:12:55.698+0000] {processor.py:840} INFO - DAG(s) 'transfer_from_minio_to_snowflake_transactions', 'transfer_from_minio_to_snowflake_accounts', 'transfer_from_minio_to_snowflake_customers' retrieved from /opt/airflow/dags/transfer.py
[2026-03-14T17:12:55.738+0000] {logging_mixin.py:188} INFO - [2026-03-14T17:12:55.737+0000] {dag.py:3089} INFO - Sync 3 DAGs
[2026-03-14T17:12:55.908+0000] {logging_mixin.py:188} INFO - [2026-03-14T17:12:55.908+0000] {dag.py:3947} INFO - Setting next_dagrun for transfer_from_minio_to_snowflake_accounts to 2026-03-14 17:11:00+00:00, run_after=2026-03-14 17:12:00+00:00
[2026-03-14T17:12:55.911+0000] {logging_mixin.py:188} INFO - [2026-03-14T17:12:55.911+0000] {dag.py:3947} INFO - Setting next_dagrun for transfer_from_minio_to_snowflake_customers to 2026-03-14 17:11:00+00:00, run_after=2026-03-14 17:12:00+00:00
[2026-03-14T17:12:55.913+0000] {logging_mixin.py:188} INFO - [2026-03-14T17:12:55.913+0000] {dag.py:3947} INFO - Setting next_dagrun for transfer_from_minio_to_snowflake_transactions to 2026-03-14 17:11:00+00:00, run_after=2026-03-14 17:12:00+00:00
[2026-03-14T17:12:55.919+0000] {processor.py:183} INFO - Processing /opt/airflow/dags/transfer.py took 0.287 seconds
[2026-03-14T17:13:26.126+0000] {processor.py:161} INFO - Started process (PID=2823) to work on /opt/airflow/dags/transfer.py
[2026-03-14T17:13:26.129+0000] {processor.py:830} INFO - Processing file /opt/airflow/dags/transfer.py for tasks to queue
[2026-03-14T17:13:26.136+0000] {logging_mixin.py:188} INFO - [2026-03-14T17:13:26.136+0000] {dagbag.py:545} INFO - Filling up the DagBag from /opt/airflow/dags/transfer.py
[2026-03-14T17:13:26.172+0000] {processor.py:840} INFO - DAG(s) 'transfer_from_minio_to_snowflake_customers', 'transfer_from_minio_to_snowflake_transactions', 'transfer_from_minio_to_snowflake_accounts' retrieved from /opt/airflow/dags/transfer.py
[2026-03-14T17:13:26.374+0000] {logging_mixin.py:188} INFO - [2026-03-14T17:13:26.374+0000] {dag.py:3089} INFO - Sync 3 DAGs
[2026-03-14T17:13:26.385+0000] {logging_mixin.py:188} INFO - [2026-03-14T17:13:26.385+0000] {dag.py:3947} INFO - Setting next_dagrun for transfer_from_minio_to_snowflake_accounts to 2026-03-14 17:12:00+00:00, run_after=2026-03-14 17:13:00+00:00
[2026-03-14T17:13:26.388+0000] {logging_mixin.py:188} INFO - [2026-03-14T17:13:26.388+0000] {dag.py:3947} INFO - Setting next_dagrun for transfer_from_minio_to_snowflake_customers to 2026-03-14 17:12:00+00:00, run_after=2026-03-14 17:13:00+00:00
[2026-03-14T17:13:26.389+0000] {logging_mixin.py:188} INFO - [2026-03-14T17:13:26.389+0000] {dag.py:3947} INFO - Setting next_dagrun for transfer_from_minio_to_snowflake_transactions to 2026-03-14 17:12:00+00:00, run_after=2026-03-14 17:13:00+00:00
[2026-03-14T17:13:26.396+0000] {processor.py:183} INFO - Processing /opt/airflow/dags/transfer.py took 0.283 seconds
[2026-03-14T17:13:56.579+0000] {processor.py:161} INFO - Started process (PID=2825) to work on /opt/airflow/dags/transfer.py
[2026-03-14T17:13:56.582+0000] {processor.py:830} INFO - Processing file /opt/airflow/dags/transfer.py for tasks to queue
[2026-03-14T17:13:56.585+0000] {logging_mixin.py:188} INFO - [2026-03-14T17:13:56.584+0000] {dagbag.py:545} INFO - Filling up the DagBag from /opt/airflow/dags/transfer.py
[2026-03-14T17:13:56.626+0000] {processor.py:840} INFO - DAG(s) 'transfer_from_minio_to_snowflake_customers', 'transfer_from_minio_to_snowflake_accounts', 'transfer_from_minio_to_snowflake_transactions' retrieved from /opt/airflow/dags/transfer.py
[2026-03-14T17:13:56.663+0000] {logging_mixin.py:188} INFO - [2026-03-14T17:13:56.663+0000] {dag.py:3089} INFO - Sync 3 DAGs
[2026-03-14T17:13:56.678+0000] {logging_mixin.py:188} INFO - [2026-03-14T17:13:56.678+0000] {dag.py:3947} INFO - Setting next_dagrun for transfer_from_minio_to_snowflake_accounts to 2026-03-14 17:12:00+00:00, run_after=2026-03-14 17:13:00+00:00
[2026-03-14T17:13:56.683+0000] {logging_mixin.py:188} INFO - [2026-03-14T17:13:56.683+0000] {dag.py:3947} INFO - Setting next_dagrun for transfer_from_minio_to_snowflake_customers to 2026-03-14 17:12:00+00:00, run_after=2026-03-14 17:13:00+00:00
[2026-03-14T17:13:56.685+0000] {logging_mixin.py:188} INFO - [2026-03-14T17:13:56.685+0000] {dag.py:3947} INFO - Setting next_dagrun for transfer_from_minio_to_snowflake_transactions to 2026-03-14 17:12:00+00:00, run_after=2026-03-14 17:13:00+00:00
[2026-03-14T17:13:56.694+0000] {processor.py:183} INFO - Processing /opt/airflow/dags/transfer.py took 0.124 seconds
[2026-03-14T17:14:27.078+0000] {processor.py:161} INFO - Started process (PID=2827) to work on /opt/airflow/dags/transfer.py
[2026-03-14T17:14:27.084+0000] {processor.py:830} INFO - Processing file /opt/airflow/dags/transfer.py for tasks to queue
[2026-03-14T17:14:27.090+0000] {logging_mixin.py:188} INFO - [2026-03-14T17:14:27.088+0000] {dagbag.py:545} INFO - Filling up the DagBag from /opt/airflow/dags/transfer.py
[2026-03-14T17:14:27.123+0000] {processor.py:840} INFO - DAG(s) 'transfer_from_minio_to_snowflake_transactions', 'transfer_from_minio_to_snowflake_customers', 'transfer_from_minio_to_snowflake_accounts' retrieved from /opt/airflow/dags/transfer.py
[2026-03-14T17:14:27.158+0000] {logging_mixin.py:188} INFO - [2026-03-14T17:14:27.158+0000] {dag.py:3089} INFO - Sync 3 DAGs
[2026-03-14T17:14:27.177+0000] {logging_mixin.py:188} INFO - [2026-03-14T17:14:27.177+0000] {dag.py:3947} INFO - Setting next_dagrun for transfer_from_minio_to_snowflake_accounts to 2026-03-14 17:13:00+00:00, run_after=2026-03-14 17:14:00+00:00
[2026-03-14T17:14:27.180+0000] {logging_mixin.py:188} INFO - [2026-03-14T17:14:27.180+0000] {dag.py:3947} INFO - Setting next_dagrun for transfer_from_minio_to_snowflake_customers to 2026-03-14 17:13:00+00:00, run_after=2026-03-14 17:14:00+00:00
[2026-03-14T17:14:27.183+0000] {logging_mixin.py:188} INFO - [2026-03-14T17:14:27.182+0000] {dag.py:3947} INFO - Setting next_dagrun for transfer_from_minio_to_snowflake_transactions to 2026-03-14 17:13:00+00:00, run_after=2026-03-14 17:14:00+00:00
[2026-03-14T17:14:27.193+0000] {processor.py:183} INFO - Processing /opt/airflow/dags/transfer.py took 0.134 seconds
[2026-03-14T17:14:57.558+0000] {processor.py:161} INFO - Started process (PID=2829) to work on /opt/airflow/dags/transfer.py
[2026-03-14T17:14:57.560+0000] {processor.py:830} INFO - Processing file /opt/airflow/dags/transfer.py for tasks to queue
[2026-03-14T17:14:57.563+0000] {logging_mixin.py:188} INFO - [2026-03-14T17:14:57.562+0000] {dagbag.py:545} INFO - Filling up the DagBag from /opt/airflow/dags/transfer.py
[2026-03-14T17:14:57.594+0000] {processor.py:840} INFO - DAG(s) 'transfer_from_minio_to_snowflake_transactions', 'transfer_from_minio_to_snowflake_accounts', 'transfer_from_minio_to_snowflake_customers' retrieved from /opt/airflow/dags/transfer.py
[2026-03-14T17:14:57.626+0000] {logging_mixin.py:188} INFO - [2026-03-14T17:14:57.626+0000] {dag.py:3089} INFO - Sync 3 DAGs
[2026-03-14T17:14:57.644+0000] {logging_mixin.py:188} INFO - [2026-03-14T17:14:57.644+0000] {dag.py:3947} INFO - Setting next_dagrun for transfer_from_minio_to_snowflake_accounts to 2026-03-14 17:13:00+00:00, run_after=2026-03-14 17:14:00+00:00
[2026-03-14T17:14:57.800+0000] {logging_mixin.py:188} INFO - [2026-03-14T17:14:57.800+0000] {dag.py:3947} INFO - Setting next_dagrun for transfer_from_minio_to_snowflake_customers to 2026-03-14 17:13:00+00:00, run_after=2026-03-14 17:14:00+00:00
[2026-03-14T17:14:57.801+0000] {logging_mixin.py:188} INFO - [2026-03-14T17:14:57.801+0000] {dag.py:3947} INFO - Setting next_dagrun for transfer_from_minio_to_snowflake_transactions to 2026-03-14 17:13:00+00:00, run_after=2026-03-14 17:14:00+00:00
[2026-03-14T17:14:57.808+0000] {processor.py:183} INFO - Processing /opt/airflow/dags/transfer.py took 0.263 seconds
[2026-03-14T17:15:28.010+0000] {processor.py:161} INFO - Started process (PID=2831) to work on /opt/airflow/dags/transfer.py
[2026-03-14T17:15:28.011+0000] {processor.py:830} INFO - Processing file /opt/airflow/dags/transfer.py for tasks to queue
[2026-03-14T17:15:28.014+0000] {logging_mixin.py:188} INFO - [2026-03-14T17:15:28.013+0000] {dagbag.py:545} INFO - Filling up the DagBag from /opt/airflow/dags/transfer.py
[2026-03-14T17:15:28.071+0000] {processor.py:840} INFO - DAG(s) 'transfer_from_minio_to_snowflake_transactions', 'transfer_from_minio_to_snowflake_customers', 'transfer_from_minio_to_snowflake_accounts' retrieved from /opt/airflow/dags/transfer.py
[2026-03-14T17:15:28.103+0000] {logging_mixin.py:188} INFO - [2026-03-14T17:15:28.102+0000] {dag.py:3089} INFO - Sync 3 DAGs
[2026-03-14T17:15:28.290+0000] {logging_mixin.py:188} INFO - [2026-03-14T17:15:28.290+0000] {dag.py:3947} INFO - Setting next_dagrun for transfer_from_minio_to_snowflake_accounts to 2026-03-14 17:14:00+00:00, run_after=2026-03-14 17:15:00+00:00
[2026-03-14T17:15:28.292+0000] {logging_mixin.py:188} INFO - [2026-03-14T17:15:28.292+0000] {dag.py:3947} INFO - Setting next_dagrun for transfer_from_minio_to_snowflake_customers to 2026-03-14 17:14:00+00:00, run_after=2026-03-14 17:15:00+00:00
[2026-03-14T17:15:28.294+0000] {logging_mixin.py:188} INFO - [2026-03-14T17:15:28.294+0000] {dag.py:3947} INFO - Setting next_dagrun for transfer_from_minio_to_snowflake_transactions to 2026-03-14 17:14:00+00:00, run_after=2026-03-14 17:15:00+00:00
[2026-03-14T17:15:28.300+0000] {processor.py:183} INFO - Processing /opt/airflow/dags/transfer.py took 0.306 seconds
[2026-03-14T17:15:58.510+0000] {processor.py:161} INFO - Started process (PID=2833) to work on /opt/airflow/dags/transfer.py
[2026-03-14T17:15:58.513+0000] {processor.py:830} INFO - Processing file /opt/airflow/dags/transfer.py for tasks to queue
[2026-03-14T17:15:58.526+0000] {logging_mixin.py:188} INFO - [2026-03-14T17:15:58.525+0000] {dagbag.py:545} INFO - Filling up the DagBag from /opt/airflow/dags/transfer.py
[2026-03-14T17:15:58.573+0000] {processor.py:840} INFO - DAG(s) 'transfer_from_minio_to_snowflake_accounts', 'transfer_from_minio_to_snowflake_customers', 'transfer_from_minio_to_snowflake_transactions' retrieved from /opt/airflow/dags/transfer.py
[2026-03-14T17:15:58.827+0000] {logging_mixin.py:188} INFO - [2026-03-14T17:15:58.611+0000] {dag.py:3089} INFO - Sync 3 DAGs
[2026-03-14T17:15:58.840+0000] {logging_mixin.py:188} INFO - [2026-03-14T17:15:58.840+0000] {dag.py:3947} INFO - Setting next_dagrun for transfer_from_minio_to_snowflake_accounts to 2026-03-14 17:14:00+00:00, run_after=2026-03-14 17:15:00+00:00
[2026-03-14T17:15:58.843+0000] {logging_mixin.py:188} INFO - [2026-03-14T17:15:58.843+0000] {dag.py:3947} INFO - Setting next_dagrun for transfer_from_minio_to_snowflake_customers to 2026-03-14 17:14:00+00:00, run_after=2026-03-14 17:15:00+00:00
[2026-03-14T17:15:58.844+0000] {logging_mixin.py:188} INFO - [2026-03-14T17:15:58.844+0000] {dag.py:3947} INFO - Setting next_dagrun for transfer_from_minio_to_snowflake_transactions to 2026-03-14 17:14:00+00:00, run_after=2026-03-14 17:15:00+00:00
[2026-03-14T17:15:58.851+0000] {processor.py:183} INFO - Processing /opt/airflow/dags/transfer.py took 0.356 seconds
[2026-03-14T17:16:28.995+0000] {processor.py:161} INFO - Started process (PID=2835) to work on /opt/airflow/dags/transfer.py
[2026-03-14T17:16:28.997+0000] {processor.py:830} INFO - Processing file /opt/airflow/dags/transfer.py for tasks to queue
[2026-03-14T17:16:29.002+0000] {logging_mixin.py:188} INFO - [2026-03-14T17:16:29.001+0000] {dagbag.py:545} INFO - Filling up the DagBag from /opt/airflow/dags/transfer.py
[2026-03-14T17:16:29.033+0000] {processor.py:840} INFO - DAG(s) 'transfer_from_minio_to_snowflake_accounts', 'transfer_from_minio_to_snowflake_transactions', 'transfer_from_minio_to_snowflake_customers' retrieved from /opt/airflow/dags/transfer.py
[2026-03-14T17:16:29.256+0000] {logging_mixin.py:188} INFO - [2026-03-14T17:16:29.256+0000] {dag.py:3089} INFO - Sync 3 DAGs
[2026-03-14T17:16:29.267+0000] {logging_mixin.py:188} INFO - [2026-03-14T17:16:29.266+0000] {dag.py:3947} INFO - Setting next_dagrun for transfer_from_minio_to_snowflake_accounts to 2026-03-14 17:15:00+00:00, run_after=2026-03-14 17:16:00+00:00
[2026-03-14T17:16:29.269+0000] {logging_mixin.py:188} INFO - [2026-03-14T17:16:29.269+0000] {dag.py:3947} INFO - Setting next_dagrun for transfer_from_minio_to_snowflake_customers to 2026-03-14 17:15:00+00:00, run_after=2026-03-14 17:16:00+00:00
[2026-03-14T17:16:29.271+0000] {logging_mixin.py:188} INFO - [2026-03-14T17:16:29.271+0000] {dag.py:3947} INFO - Setting next_dagrun for transfer_from_minio_to_snowflake_transactions to 2026-03-14 17:15:00+00:00, run_after=2026-03-14 17:16:00+00:00
[2026-03-14T17:16:29.279+0000] {processor.py:183} INFO - Processing /opt/airflow/dags/transfer.py took 0.299 seconds
[2026-03-14T17:16:59.479+0000] {processor.py:161} INFO - Started process (PID=2837) to work on /opt/airflow/dags/transfer.py
[2026-03-14T17:16:59.481+0000] {processor.py:830} INFO - Processing file /opt/airflow/dags/transfer.py for tasks to queue
[2026-03-14T17:16:59.484+0000] {logging_mixin.py:188} INFO - [2026-03-14T17:16:59.484+0000] {dagbag.py:545} INFO - Filling up the DagBag from /opt/airflow/dags/transfer.py
[2026-03-14T17:16:59.533+0000] {processor.py:840} INFO - DAG(s) 'transfer_from_minio_to_snowflake_customers', 'transfer_from_minio_to_snowflake_transactions', 'transfer_from_minio_to_snowflake_accounts' retrieved from /opt/airflow/dags/transfer.py
[2026-03-14T17:16:59.569+0000] {logging_mixin.py:188} INFO - [2026-03-14T17:16:59.568+0000] {dag.py:3089} INFO - Sync 3 DAGs
[2026-03-14T17:16:59.582+0000] {logging_mixin.py:188} INFO - [2026-03-14T17:16:59.582+0000] {dag.py:3947} INFO - Setting next_dagrun for transfer_from_minio_to_snowflake_accounts to 2026-03-14 17:15:00+00:00, run_after=2026-03-14 17:16:00+00:00
[2026-03-14T17:16:59.585+0000] {logging_mixin.py:188} INFO - [2026-03-14T17:16:59.585+0000] {dag.py:3947} INFO - Setting next_dagrun for transfer_from_minio_to_snowflake_customers to 2026-03-14 17:15:00+00:00, run_after=2026-03-14 17:16:00+00:00
[2026-03-14T17:16:59.586+0000] {logging_mixin.py:188} INFO - [2026-03-14T17:16:59.586+0000] {dag.py:3947} INFO - Setting next_dagrun for transfer_from_minio_to_snowflake_transactions to 2026-03-14 17:15:00+00:00, run_after=2026-03-14 17:16:00+00:00
[2026-03-14T17:16:59.596+0000] {processor.py:183} INFO - Processing /opt/airflow/dags/transfer.py took 0.131 seconds
[2026-03-14T17:17:30.011+0000] {processor.py:161} INFO - Started process (PID=2839) to work on /opt/airflow/dags/transfer.py
[2026-03-14T17:17:30.013+0000] {processor.py:830} INFO - Processing file /opt/airflow/dags/transfer.py for tasks to queue
[2026-03-14T17:17:30.017+0000] {logging_mixin.py:188} INFO - [2026-03-14T17:17:30.017+0000] {dagbag.py:545} INFO - Filling up the DagBag from /opt/airflow/dags/transfer.py
[2026-03-14T17:17:30.059+0000] {processor.py:840} INFO - DAG(s) 'transfer_from_minio_to_snowflake_transactions', 'transfer_from_minio_to_snowflake_customers', 'transfer_from_minio_to_snowflake_accounts' retrieved from /opt/airflow/dags/transfer.py
[2026-03-14T17:17:30.094+0000] {logging_mixin.py:188} INFO - [2026-03-14T17:17:30.094+0000] {dag.py:3089} INFO - Sync 3 DAGs
[2026-03-14T17:17:30.113+0000] {logging_mixin.py:188} INFO - [2026-03-14T17:17:30.113+0000] {dag.py:3947} INFO - Setting next_dagrun for transfer_from_minio_to_snowflake_accounts to 2026-03-14 17:16:00+00:00, run_after=2026-03-14 17:17:00+00:00
[2026-03-14T17:17:30.116+0000] {logging_mixin.py:188} INFO - [2026-03-14T17:17:30.116+0000] {dag.py:3947} INFO - Setting next_dagrun for transfer_from_minio_to_snowflake_customers to 2026-03-14 17:16:00+00:00, run_after=2026-03-14 17:17:00+00:00
[2026-03-14T17:17:30.118+0000] {logging_mixin.py:188} INFO - [2026-03-14T17:17:30.118+0000] {dag.py:3947} INFO - Setting next_dagrun for transfer_from_minio_to_snowflake_transactions to 2026-03-14 17:16:00+00:00, run_after=2026-03-14 17:17:00+00:00
[2026-03-14T17:17:30.130+0000] {processor.py:183} INFO - Processing /opt/airflow/dags/transfer.py took 0.139 seconds
[2026-03-14T17:18:00.551+0000] {processor.py:161} INFO - Started process (PID=2841) to work on /opt/airflow/dags/transfer.py
[2026-03-14T17:18:00.553+0000] {processor.py:830} INFO - Processing file /opt/airflow/dags/transfer.py for tasks to queue
[2026-03-14T17:18:00.556+0000] {logging_mixin.py:188} INFO - [2026-03-14T17:18:00.556+0000] {dagbag.py:545} INFO - Filling up the DagBag from /opt/airflow/dags/transfer.py
[2026-03-14T17:18:00.601+0000] {processor.py:840} INFO - DAG(s) 'transfer_from_minio_to_snowflake_customers', 'transfer_from_minio_to_snowflake_accounts', 'transfer_from_minio_to_snowflake_transactions' retrieved from /opt/airflow/dags/transfer.py
[2026-03-14T17:18:00.637+0000] {logging_mixin.py:188} INFO - [2026-03-14T17:18:00.637+0000] {dag.py:3089} INFO - Sync 3 DAGs
[2026-03-14T17:18:00.657+0000] {logging_mixin.py:188} INFO - [2026-03-14T17:18:00.657+0000] {dag.py:3947} INFO - Setting next_dagrun for transfer_from_minio_to_snowflake_accounts to 2026-03-14 17:17:00+00:00, run_after=2026-03-14 17:18:00+00:00
[2026-03-14T17:18:00.820+0000] {logging_mixin.py:188} INFO - [2026-03-14T17:18:00.820+0000] {dag.py:3947} INFO - Setting next_dagrun for transfer_from_minio_to_snowflake_customers to 2026-03-14 17:17:00+00:00, run_after=2026-03-14 17:18:00+00:00
[2026-03-14T17:18:00.821+0000] {logging_mixin.py:188} INFO - [2026-03-14T17:18:00.821+0000] {dag.py:3947} INFO - Setting next_dagrun for transfer_from_minio_to_snowflake_transactions to 2026-03-14 17:17:00+00:00, run_after=2026-03-14 17:18:00+00:00
[2026-03-14T17:18:00.828+0000] {processor.py:183} INFO - Processing /opt/airflow/dags/transfer.py took 0.290 seconds
[2026-03-14T17:18:31.095+0000] {processor.py:161} INFO - Started process (PID=2843) to work on /opt/airflow/dags/transfer.py
[2026-03-14T17:18:31.098+0000] {processor.py:830} INFO - Processing file /opt/airflow/dags/transfer.py for tasks to queue
[2026-03-14T17:18:31.100+0000] {logging_mixin.py:188} INFO - [2026-03-14T17:18:31.100+0000] {dagbag.py:545} INFO - Filling up the DagBag from /opt/airflow/dags/transfer.py
[2026-03-14T17:18:31.145+0000] {processor.py:840} INFO - DAG(s) 'transfer_from_minio_to_snowflake_customers', 'transfer_from_minio_to_snowflake_accounts', 'transfer_from_minio_to_snowflake_transactions' retrieved from /opt/airflow/dags/transfer.py
[2026-03-14T17:18:31.183+0000] {logging_mixin.py:188} INFO - [2026-03-14T17:18:31.183+0000] {dag.py:3089} INFO - Sync 3 DAGs
[2026-03-14T17:18:31.353+0000] {logging_mixin.py:188} INFO - [2026-03-14T17:18:31.353+0000] {dag.py:3947} INFO - Setting next_dagrun for transfer_from_minio_to_snowflake_accounts to 2026-03-14 17:17:00+00:00, run_after=2026-03-14 17:18:00+00:00
[2026-03-14T17:18:31.355+0000] {logging_mixin.py:188} INFO - [2026-03-14T17:18:31.355+0000] {dag.py:3947} INFO - Setting next_dagrun for transfer_from_minio_to_snowflake_customers to 2026-03-14 17:17:00+00:00, run_after=2026-03-14 17:18:00+00:00
[2026-03-14T17:18:31.357+0000] {logging_mixin.py:188} INFO - [2026-03-14T17:18:31.357+0000] {dag.py:3947} INFO - Setting next_dagrun for transfer_from_minio_to_snowflake_transactions to 2026-03-14 17:17:00+00:00, run_after=2026-03-14 17:18:00+00:00
[2026-03-14T17:18:31.364+0000] {processor.py:183} INFO - Processing /opt/airflow/dags/transfer.py took 0.283 seconds
[2026-03-14T17:19:01.626+0000] {processor.py:161} INFO - Started process (PID=2845) to work on /opt/airflow/dags/transfer.py
[2026-03-14T17:19:01.629+0000] {processor.py:830} INFO - Processing file /opt/airflow/dags/transfer.py for tasks to queue
[2026-03-14T17:19:01.631+0000] {logging_mixin.py:188} INFO - [2026-03-14T17:19:01.630+0000] {dagbag.py:545} INFO - Filling up the DagBag from /opt/airflow/dags/transfer.py
[2026-03-14T17:19:01.665+0000] {processor.py:840} INFO - DAG(s) 'transfer_from_minio_to_snowflake_accounts', 'transfer_from_minio_to_snowflake_customers', 'transfer_from_minio_to_snowflake_transactions' retrieved from /opt/airflow/dags/transfer.py
[2026-03-14T17:19:01.884+0000] {logging_mixin.py:188} INFO - [2026-03-14T17:19:01.883+0000] {dag.py:3089} INFO - Sync 3 DAGs
[2026-03-14T17:19:01.895+0000] {logging_mixin.py:188} INFO - [2026-03-14T17:19:01.894+0000] {dag.py:3947} INFO - Setting next_dagrun for transfer_from_minio_to_snowflake_accounts to 2026-03-14 17:18:00+00:00, run_after=2026-03-14 17:19:00+00:00
[2026-03-14T17:19:01.897+0000] {logging_mixin.py:188} INFO - [2026-03-14T17:19:01.897+0000] {dag.py:3947} INFO - Setting next_dagrun for transfer_from_minio_to_snowflake_customers to 2026-03-14 17:18:00+00:00, run_after=2026-03-14 17:19:00+00:00
[2026-03-14T17:19:01.899+0000] {logging_mixin.py:188} INFO - [2026-03-14T17:19:01.899+0000] {dag.py:3947} INFO - Setting next_dagrun for transfer_from_minio_to_snowflake_transactions to 2026-03-14 17:18:00+00:00, run_after=2026-03-14 17:19:00+00:00
[2026-03-14T17:19:01.906+0000] {processor.py:183} INFO - Processing /opt/airflow/dags/transfer.py took 0.297 seconds
[2026-03-14T17:19:32.087+0000] {processor.py:161} INFO - Started process (PID=2847) to work on /opt/airflow/dags/transfer.py
[2026-03-14T17:19:32.088+0000] {processor.py:830} INFO - Processing file /opt/airflow/dags/transfer.py for tasks to queue
[2026-03-14T17:19:32.090+0000] {logging_mixin.py:188} INFO - [2026-03-14T17:19:32.090+0000] {dagbag.py:545} INFO - Filling up the DagBag from /opt/airflow/dags/transfer.py
[2026-03-14T17:19:32.126+0000] {processor.py:840} INFO - DAG(s) 'transfer_from_minio_to_snowflake_transactions', 'transfer_from_minio_to_snowflake_accounts', 'transfer_from_minio_to_snowflake_customers' retrieved from /opt/airflow/dags/transfer.py
[2026-03-14T17:19:32.336+0000] {logging_mixin.py:188} INFO - [2026-03-14T17:19:32.336+0000] {dag.py:3089} INFO - Sync 3 DAGs
[2026-03-14T17:19:32.345+0000] {logging_mixin.py:188} INFO - [2026-03-14T17:19:32.345+0000] {dag.py:3947} INFO - Setting next_dagrun for transfer_from_minio_to_snowflake_accounts to 2026-03-14 17:18:00+00:00, run_after=2026-03-14 17:19:00+00:00
[2026-03-14T17:19:32.348+0000] {logging_mixin.py:188} INFO - [2026-03-14T17:19:32.348+0000] {dag.py:3947} INFO - Setting next_dagrun for transfer_from_minio_to_snowflake_customers to 2026-03-14 17:18:00+00:00, run_after=2026-03-14 17:19:00+00:00
[2026-03-14T17:19:32.349+0000] {logging_mixin.py:188} INFO - [2026-03-14T17:19:32.349+0000] {dag.py:3947} INFO - Setting next_dagrun for transfer_from_minio_to_snowflake_transactions to 2026-03-14 17:18:00+00:00, run_after=2026-03-14 17:19:00+00:00
[2026-03-14T17:19:32.356+0000] {processor.py:183} INFO - Processing /opt/airflow/dags/transfer.py took 0.278 seconds
[2026-03-14T17:20:02.494+0000] {processor.py:161} INFO - Started process (PID=2849) to work on /opt/airflow/dags/transfer.py
[2026-03-14T17:20:02.496+0000] {processor.py:830} INFO - Processing file /opt/airflow/dags/transfer.py for tasks to queue
[2026-03-14T17:20:02.499+0000] {logging_mixin.py:188} INFO - [2026-03-14T17:20:02.499+0000] {dagbag.py:545} INFO - Filling up the DagBag from /opt/airflow/dags/transfer.py
[2026-03-14T17:20:02.524+0000] {processor.py:840} INFO - DAG(s) 'transfer_from_minio_to_snowflake_accounts', 'transfer_from_minio_to_snowflake_transactions', 'transfer_from_minio_to_snowflake_customers' retrieved from /opt/airflow/dags/transfer.py
[2026-03-14T17:20:02.554+0000] {logging_mixin.py:188} INFO - [2026-03-14T17:20:02.554+0000] {dag.py:3089} INFO - Sync 3 DAGs
[2026-03-14T17:20:02.574+0000] {logging_mixin.py:188} INFO - [2026-03-14T17:20:02.574+0000] {dag.py:3947} INFO - Setting next_dagrun for transfer_from_minio_to_snowflake_accounts to 2026-03-14 17:19:00+00:00, run_after=2026-03-14 17:20:00+00:00
[2026-03-14T17:20:02.577+0000] {logging_mixin.py:188} INFO - [2026-03-14T17:20:02.577+0000] {dag.py:3947} INFO - Setting next_dagrun for transfer_from_minio_to_snowflake_customers to 2026-03-14 17:19:00+00:00, run_after=2026-03-14 17:20:00+00:00
[2026-03-14T17:20:02.578+0000] {logging_mixin.py:188} INFO - [2026-03-14T17:20:02.578+0000] {dag.py:3947} INFO - Setting next_dagrun for transfer_from_minio_to_snowflake_transactions to 2026-03-14 17:19:00+00:00, run_after=2026-03-14 17:20:00+00:00
[2026-03-14T17:20:02.586+0000] {processor.py:183} INFO - Processing /opt/airflow/dags/transfer.py took 0.106 seconds
[2026-03-14T17:20:33.016+0000] {processor.py:161} INFO - Started process (PID=2851) to work on /opt/airflow/dags/transfer.py
[2026-03-14T17:20:33.019+0000] {processor.py:830} INFO - Processing file /opt/airflow/dags/transfer.py for tasks to queue
[2026-03-14T17:20:33.021+0000] {logging_mixin.py:188} INFO - [2026-03-14T17:20:33.021+0000] {dagbag.py:545} INFO - Filling up the DagBag from /opt/airflow/dags/transfer.py
[2026-03-14T17:20:33.052+0000] {processor.py:840} INFO - DAG(s) 'transfer_from_minio_to_snowflake_accounts', 'transfer_from_minio_to_snowflake_transactions', 'transfer_from_minio_to_snowflake_customers' retrieved from /opt/airflow/dags/transfer.py
[2026-03-14T17:20:33.089+0000] {logging_mixin.py:188} INFO - [2026-03-14T17:20:33.089+0000] {dag.py:3089} INFO - Sync 3 DAGs
[2026-03-14T17:20:33.104+0000] {logging_mixin.py:188} INFO - [2026-03-14T17:20:33.104+0000] {dag.py:3947} INFO - Setting next_dagrun for transfer_from_minio_to_snowflake_accounts to 2026-03-14 17:19:00+00:00, run_after=2026-03-14 17:20:00+00:00
[2026-03-14T17:20:33.108+0000] {logging_mixin.py:188} INFO - [2026-03-14T17:20:33.108+0000] {dag.py:3947} INFO - Setting next_dagrun for transfer_from_minio_to_snowflake_customers to 2026-03-14 17:19:00+00:00, run_after=2026-03-14 17:20:00+00:00
[2026-03-14T17:20:33.110+0000] {logging_mixin.py:188} INFO - [2026-03-14T17:20:33.109+0000] {dag.py:3947} INFO - Setting next_dagrun for transfer_from_minio_to_snowflake_transactions to 2026-03-14 17:19:00+00:00, run_after=2026-03-14 17:20:00+00:00
[2026-03-14T17:20:33.285+0000] {processor.py:183} INFO - Processing /opt/airflow/dags/transfer.py took 0.282 seconds
[2026-03-14T17:21:03.463+0000] {processor.py:161} INFO - Started process (PID=2853) to work on /opt/airflow/dags/transfer.py
[2026-03-14T17:21:03.464+0000] {processor.py:830} INFO - Processing file /opt/airflow/dags/transfer.py for tasks to queue
[2026-03-14T17:21:03.467+0000] {logging_mixin.py:188} INFO - [2026-03-14T17:21:03.467+0000] {dagbag.py:545} INFO - Filling up the DagBag from /opt/airflow/dags/transfer.py
[2026-03-14T17:21:03.499+0000] {processor.py:840} INFO - DAG(s) 'transfer_from_minio_to_snowflake_accounts', 'transfer_from_minio_to_snowflake_customers', 'transfer_from_minio_to_snowflake_transactions' retrieved from /opt/airflow/dags/transfer.py
[2026-03-14T17:21:03.527+0000] {logging_mixin.py:188} INFO - [2026-03-14T17:21:03.527+0000] {dag.py:3089} INFO - Sync 3 DAGs
[2026-03-14T17:21:03.632+0000] {logging_mixin.py:188} INFO - [2026-03-14T17:21:03.632+0000] {dag.py:3947} INFO - Setting next_dagrun for transfer_from_minio_to_snowflake_accounts to 2026-03-14 17:20:00+00:00, run_after=2026-03-14 17:21:00+00:00
[2026-03-14T17:21:03.634+0000] {logging_mixin.py:188} INFO - [2026-03-14T17:21:03.634+0000] {dag.py:3947} INFO - Setting next_dagrun for transfer_from_minio_to_snowflake_customers to 2026-03-14 17:20:00+00:00, run_after=2026-03-14 17:21:00+00:00
[2026-03-14T17:21:03.636+0000] {logging_mixin.py:188} INFO - [2026-03-14T17:21:03.636+0000] {dag.py:3947} INFO - Setting next_dagrun for transfer_from_minio_to_snowflake_transactions to 2026-03-14 17:20:00+00:00, run_after=2026-03-14 17:21:00+00:00
[2026-03-14T17:21:03.642+0000] {processor.py:183} INFO - Processing /opt/airflow/dags/transfer.py took 0.190 seconds
[2026-03-14T17:21:33.942+0000] {processor.py:161} INFO - Started process (PID=2855) to work on /opt/airflow/dags/transfer.py
[2026-03-14T17:21:33.946+0000] {processor.py:830} INFO - Processing file /opt/airflow/dags/transfer.py for tasks to queue
[2026-03-14T17:21:33.951+0000] {logging_mixin.py:188} INFO - [2026-03-14T17:21:33.950+0000] {dagbag.py:545} INFO - Filling up the DagBag from /opt/airflow/dags/transfer.py
[2026-03-14T17:21:33.996+0000] {processor.py:840} INFO - DAG(s) 'transfer_from_minio_to_snowflake_transactions', 'transfer_from_minio_to_snowflake_customers', 'transfer_from_minio_to_snowflake_accounts' retrieved from /opt/airflow/dags/transfer.py
[2026-03-14T17:21:34.034+0000] {logging_mixin.py:188} INFO - [2026-03-14T17:21:34.034+0000] {dag.py:3089} INFO - Sync 3 DAGs
[2026-03-14T17:21:34.196+0000] {logging_mixin.py:188} INFO - [2026-03-14T17:21:34.196+0000] {dag.py:3947} INFO - Setting next_dagrun for transfer_from_minio_to_snowflake_accounts to 2026-03-14 17:20:00+00:00, run_after=2026-03-14 17:21:00+00:00
[2026-03-14T17:21:34.199+0000] {logging_mixin.py:188} INFO - [2026-03-14T17:21:34.199+0000] {dag.py:3947} INFO - Setting next_dagrun for transfer_from_minio_to_snowflake_customers to 2026-03-14 17:20:00+00:00, run_after=2026-03-14 17:21:00+00:00
[2026-03-14T17:21:34.200+0000] {logging_mixin.py:188} INFO - [2026-03-14T17:21:34.200+0000] {dag.py:3947} INFO - Setting next_dagrun for transfer_from_minio_to_snowflake_transactions to 2026-03-14 17:20:00+00:00, run_after=2026-03-14 17:21:00+00:00
[2026-03-14T17:21:34.207+0000] {processor.py:183} INFO - Processing /opt/airflow/dags/transfer.py took 0.284 seconds
[2026-03-14T17:22:04.445+0000] {processor.py:161} INFO - Started process (PID=2857) to work on /opt/airflow/dags/transfer.py
[2026-03-14T17:22:04.448+0000] {processor.py:830} INFO - Processing file /opt/airflow/dags/transfer.py for tasks to queue
[2026-03-14T17:22:04.451+0000] {logging_mixin.py:188} INFO - [2026-03-14T17:22:04.450+0000] {dagbag.py:545} INFO - Filling up the DagBag from /opt/airflow/dags/transfer.py
[2026-03-14T17:22:04.485+0000] {processor.py:840} INFO - DAG(s) 'transfer_from_minio_to_snowflake_transactions', 'transfer_from_minio_to_snowflake_customers', 'transfer_from_minio_to_snowflake_accounts' retrieved from /opt/airflow/dags/transfer.py
[2026-03-14T17:22:04.677+0000] {logging_mixin.py:188} INFO - [2026-03-14T17:22:04.677+0000] {dag.py:3089} INFO - Sync 3 DAGs
[2026-03-14T17:22:04.687+0000] {logging_mixin.py:188} INFO - [2026-03-14T17:22:04.687+0000] {dag.py:3947} INFO - Setting next_dagrun for transfer_from_minio_to_snowflake_accounts to 2026-03-14 17:21:00+00:00, run_after=2026-03-14 17:22:00+00:00
[2026-03-14T17:22:04.690+0000] {logging_mixin.py:188} INFO - [2026-03-14T17:22:04.690+0000] {dag.py:3947} INFO - Setting next_dagrun for transfer_from_minio_to_snowflake_customers to 2026-03-14 17:21:00+00:00, run_after=2026-03-14 17:22:00+00:00
[2026-03-14T17:22:04.691+0000] {logging_mixin.py:188} INFO - [2026-03-14T17:22:04.691+0000] {dag.py:3947} INFO - Setting next_dagrun for transfer_from_minio_to_snowflake_transactions to 2026-03-14 17:21:00+00:00, run_after=2026-03-14 17:22:00+00:00
[2026-03-14T17:22:04.698+0000] {processor.py:183} INFO - Processing /opt/airflow/dags/transfer.py took 0.265 seconds
[2026-03-14T17:22:34.997+0000] {processor.py:161} INFO - Started process (PID=2859) to work on /opt/airflow/dags/transfer.py
[2026-03-14T17:22:35.000+0000] {processor.py:830} INFO - Processing file /opt/airflow/dags/transfer.py for tasks to queue
[2026-03-14T17:22:35.004+0000] {logging_mixin.py:188} INFO - [2026-03-14T17:22:35.004+0000] {dagbag.py:545} INFO - Filling up the DagBag from /opt/airflow/dags/transfer.py
[2026-03-14T17:22:35.056+0000] {processor.py:840} INFO - DAG(s) 'transfer_from_minio_to_snowflake_accounts', 'transfer_from_minio_to_snowflake_transactions', 'transfer_from_minio_to_snowflake_customers' retrieved from /opt/airflow/dags/transfer.py
[2026-03-14T17:22:35.324+0000] {logging_mixin.py:188} INFO - [2026-03-14T17:22:35.323+0000] {dag.py:3089} INFO - Sync 3 DAGs
[2026-03-14T17:22:35.356+0000] {logging_mixin.py:188} INFO - [2026-03-14T17:22:35.356+0000] {dag.py:3947} INFO - Setting next_dagrun for transfer_from_minio_to_snowflake_accounts to 2026-03-14 17:21:00+00:00, run_after=2026-03-14 17:22:00+00:00
[2026-03-14T17:22:35.360+0000] {logging_mixin.py:188} INFO - [2026-03-14T17:22:35.360+0000] {dag.py:3947} INFO - Setting next_dagrun for transfer_from_minio_to_snowflake_customers to 2026-03-14 17:21:00+00:00, run_after=2026-03-14 17:22:00+00:00
[2026-03-14T17:22:35.361+0000] {logging_mixin.py:188} INFO - [2026-03-14T17:22:35.361+0000] {dag.py:3947} INFO - Setting next_dagrun for transfer_from_minio_to_snowflake_transactions to 2026-03-14 17:21:00+00:00, run_after=2026-03-14 17:22:00+00:00
[2026-03-14T17:22:35.369+0000] {processor.py:183} INFO - Processing /opt/airflow/dags/transfer.py took 0.387 seconds
[2026-03-14T17:23:05.511+0000] {processor.py:161} INFO - Started process (PID=2861) to work on /opt/airflow/dags/transfer.py
[2026-03-14T17:23:05.515+0000] {processor.py:830} INFO - Processing file /opt/airflow/dags/transfer.py for tasks to queue
[2026-03-14T17:23:05.518+0000] {logging_mixin.py:188} INFO - [2026-03-14T17:23:05.518+0000] {dagbag.py:545} INFO - Filling up the DagBag from /opt/airflow/dags/transfer.py
[2026-03-14T17:23:05.554+0000] {processor.py:840} INFO - DAG(s) 'transfer_from_minio_to_snowflake_customers', 'transfer_from_minio_to_snowflake_accounts', 'transfer_from_minio_to_snowflake_transactions' retrieved from /opt/airflow/dags/transfer.py
[2026-03-14T17:23:05.589+0000] {logging_mixin.py:188} INFO - [2026-03-14T17:23:05.589+0000] {dag.py:3089} INFO - Sync 3 DAGs
[2026-03-14T17:23:05.605+0000] {logging_mixin.py:188} INFO - [2026-03-14T17:23:05.605+0000] {dag.py:3947} INFO - Setting next_dagrun for transfer_from_minio_to_snowflake_accounts to 2026-03-14 17:22:00+00:00, run_after=2026-03-14 17:23:00+00:00
[2026-03-14T17:23:05.608+0000] {logging_mixin.py:188} INFO - [2026-03-14T17:23:05.608+0000] {dag.py:3947} INFO - Setting next_dagrun for transfer_from_minio_to_snowflake_customers to 2026-03-14 17:22:00+00:00, run_after=2026-03-14 17:23:00+00:00
[2026-03-14T17:23:05.610+0000] {logging_mixin.py:188} INFO - [2026-03-14T17:23:05.610+0000] {dag.py:3947} INFO - Setting next_dagrun for transfer_from_minio_to_snowflake_transactions to 2026-03-14 17:22:00+00:00, run_after=2026-03-14 17:23:00+00:00
[2026-03-14T17:23:05.618+0000] {processor.py:183} INFO - Processing /opt/airflow/dags/transfer.py took 0.119 seconds
[2026-03-14T17:23:36.113+0000] {processor.py:161} INFO - Started process (PID=2863) to work on /opt/airflow/dags/transfer.py
[2026-03-14T17:23:36.116+0000] {processor.py:830} INFO - Processing file /opt/airflow/dags/transfer.py for tasks to queue
[2026-03-14T17:23:36.123+0000] {logging_mixin.py:188} INFO - [2026-03-14T17:23:36.123+0000] {dagbag.py:545} INFO - Filling up the DagBag from /opt/airflow/dags/transfer.py
[2026-03-14T17:23:36.173+0000] {processor.py:840} INFO - DAG(s) 'transfer_from_minio_to_snowflake_customers', 'transfer_from_minio_to_snowflake_accounts', 'transfer_from_minio_to_snowflake_transactions' retrieved from /opt/airflow/dags/transfer.py
[2026-03-14T17:23:36.218+0000] {logging_mixin.py:188} INFO - [2026-03-14T17:23:36.218+0000] {dag.py:3089} INFO - Sync 3 DAGs
[2026-03-14T17:23:36.235+0000] {logging_mixin.py:188} INFO - [2026-03-14T17:23:36.235+0000] {dag.py:3947} INFO - Setting next_dagrun for transfer_from_minio_to_snowflake_accounts to 2026-03-14 17:22:00+00:00, run_after=2026-03-14 17:23:00+00:00
[2026-03-14T17:23:36.239+0000] {logging_mixin.py:188} INFO - [2026-03-14T17:23:36.239+0000] {dag.py:3947} INFO - Setting next_dagrun for transfer_from_minio_to_snowflake_customers to 2026-03-14 17:22:00+00:00, run_after=2026-03-14 17:23:00+00:00
[2026-03-14T17:23:36.241+0000] {logging_mixin.py:188} INFO - [2026-03-14T17:23:36.241+0000] {dag.py:3947} INFO - Setting next_dagrun for transfer_from_minio_to_snowflake_transactions to 2026-03-14 17:22:00+00:00, run_after=2026-03-14 17:23:00+00:00
[2026-03-14T17:23:36.421+0000] {processor.py:183} INFO - Processing /opt/airflow/dags/transfer.py took 0.322 seconds
[2026-03-14T17:24:06.597+0000] {processor.py:161} INFO - Started process (PID=2865) to work on /opt/airflow/dags/transfer.py
[2026-03-14T17:24:06.599+0000] {processor.py:830} INFO - Processing file /opt/airflow/dags/transfer.py for tasks to queue
[2026-03-14T17:24:06.602+0000] {logging_mixin.py:188} INFO - [2026-03-14T17:24:06.602+0000] {dagbag.py:545} INFO - Filling up the DagBag from /opt/airflow/dags/transfer.py
[2026-03-14T17:24:06.628+0000] {processor.py:840} INFO - DAG(s) 'transfer_from_minio_to_snowflake_transactions', 'transfer_from_minio_to_snowflake_customers', 'transfer_from_minio_to_snowflake_accounts' retrieved from /opt/airflow/dags/transfer.py
[2026-03-14T17:24:06.658+0000] {logging_mixin.py:188} INFO - [2026-03-14T17:24:06.658+0000] {dag.py:3089} INFO - Sync 3 DAGs
[2026-03-14T17:24:06.797+0000] {logging_mixin.py:188} INFO - [2026-03-14T17:24:06.797+0000] {dag.py:3947} INFO - Setting next_dagrun for transfer_from_minio_to_snowflake_accounts to 2026-03-14 17:23:00+00:00, run_after=2026-03-14 17:24:00+00:00
[2026-03-14T17:24:06.799+0000] {logging_mixin.py:188} INFO - [2026-03-14T17:24:06.799+0000] {dag.py:3947} INFO - Setting next_dagrun for transfer_from_minio_to_snowflake_customers to 2026-03-14 17:23:00+00:00, run_after=2026-03-14 17:24:00+00:00
[2026-03-14T17:24:06.801+0000] {logging_mixin.py:188} INFO - [2026-03-14T17:24:06.801+0000] {dag.py:3947} INFO - Setting next_dagrun for transfer_from_minio_to_snowflake_transactions to 2026-03-14 17:23:00+00:00, run_after=2026-03-14 17:24:00+00:00
[2026-03-14T17:24:06.808+0000] {processor.py:183} INFO - Processing /opt/airflow/dags/transfer.py took 0.222 seconds
[2026-03-14T17:24:37.080+0000] {processor.py:161} INFO - Started process (PID=2867) to work on /opt/airflow/dags/transfer.py
[2026-03-14T17:24:37.083+0000] {processor.py:830} INFO - Processing file /opt/airflow/dags/transfer.py for tasks to queue
[2026-03-14T17:24:37.086+0000] {logging_mixin.py:188} INFO - [2026-03-14T17:24:37.086+0000] {dagbag.py:545} INFO - Filling up the DagBag from /opt/airflow/dags/transfer.py
[2026-03-14T17:24:37.115+0000] {processor.py:840} INFO - DAG(s) 'transfer_from_minio_to_snowflake_accounts', 'transfer_from_minio_to_snowflake_transactions', 'transfer_from_minio_to_snowflake_customers' retrieved from /opt/airflow/dags/transfer.py
[2026-03-14T17:24:37.148+0000] {logging_mixin.py:188} INFO - [2026-03-14T17:24:37.147+0000] {dag.py:3089} INFO - Sync 3 DAGs
[2026-03-14T17:24:37.306+0000] {logging_mixin.py:188} INFO - [2026-03-14T17:24:37.306+0000] {dag.py:3947} INFO - Setting next_dagrun for transfer_from_minio_to_snowflake_accounts to 2026-03-14 17:23:00+00:00, run_after=2026-03-14 17:24:00+00:00
[2026-03-14T17:24:37.309+0000] {logging_mixin.py:188} INFO - [2026-03-14T17:24:37.309+0000] {dag.py:3947} INFO - Setting next_dagrun for transfer_from_minio_to_snowflake_customers to 2026-03-14 17:23:00+00:00, run_after=2026-03-14 17:24:00+00:00
[2026-03-14T17:24:37.311+0000] {logging_mixin.py:188} INFO - [2026-03-14T17:24:37.311+0000] {dag.py:3947} INFO - Setting next_dagrun for transfer_from_minio_to_snowflake_transactions to 2026-03-14 17:23:00+00:00, run_after=2026-03-14 17:24:00+00:00
[2026-03-14T17:24:37.317+0000] {processor.py:183} INFO - Processing /opt/airflow/dags/transfer.py took 0.248 seconds
[2026-03-14T17:25:07.611+0000] {processor.py:161} INFO - Started process (PID=2869) to work on /opt/airflow/dags/transfer.py
[2026-03-14T17:25:07.615+0000] {processor.py:830} INFO - Processing file /opt/airflow/dags/transfer.py for tasks to queue
[2026-03-14T17:25:07.625+0000] {logging_mixin.py:188} INFO - [2026-03-14T17:25:07.624+0000] {dagbag.py:545} INFO - Filling up the DagBag from /opt/airflow/dags/transfer.py
[2026-03-14T17:25:07.669+0000] {processor.py:840} INFO - DAG(s) 'transfer_from_minio_to_snowflake_customers', 'transfer_from_minio_to_snowflake_transactions', 'transfer_from_minio_to_snowflake_accounts' retrieved from /opt/airflow/dags/transfer.py
[2026-03-14T17:25:07.859+0000] {logging_mixin.py:188} INFO - [2026-03-14T17:25:07.858+0000] {dag.py:3089} INFO - Sync 3 DAGs
[2026-03-14T17:25:07.871+0000] {logging_mixin.py:188} INFO - [2026-03-14T17:25:07.870+0000] {dag.py:3947} INFO - Setting next_dagrun for transfer_from_minio_to_snowflake_accounts to 2026-03-14 17:24:00+00:00, run_after=2026-03-14 17:25:00+00:00
[2026-03-14T17:25:07.873+0000] {logging_mixin.py:188} INFO - [2026-03-14T17:25:07.873+0000] {dag.py:3947} INFO - Setting next_dagrun for transfer_from_minio_to_snowflake_customers to 2026-03-14 17:24:00+00:00, run_after=2026-03-14 17:25:00+00:00
[2026-03-14T17:25:07.875+0000] {logging_mixin.py:188} INFO - [2026-03-14T17:25:07.875+0000] {dag.py:3947} INFO - Setting next_dagrun for transfer_from_minio_to_snowflake_transactions to 2026-03-14 17:24:00+00:00, run_after=2026-03-14 17:25:00+00:00
[2026-03-14T17:25:07.885+0000] {processor.py:183} INFO - Processing /opt/airflow/dags/transfer.py took 0.284 seconds
[2026-03-14T17:25:38.139+0000] {processor.py:161} INFO - Started process (PID=2871) to work on /opt/airflow/dags/transfer.py
[2026-03-14T17:25:38.142+0000] {processor.py:830} INFO - Processing file /opt/airflow/dags/transfer.py for tasks to queue
[2026-03-14T17:25:38.145+0000] {logging_mixin.py:188} INFO - [2026-03-14T17:25:38.145+0000] {dagbag.py:545} INFO - Filling up the DagBag from /opt/airflow/dags/transfer.py
[2026-03-14T17:25:38.667+0000] {processor.py:840} INFO - DAG(s) 'transfer_from_minio_to_snowflake_transactions', 'transfer_from_minio_to_snowflake_accounts', 'transfer_from_minio_to_snowflake_customers' retrieved from /opt/airflow/dags/transfer.py
[2026-03-14T17:25:38.687+0000] {logging_mixin.py:188} INFO - [2026-03-14T17:25:38.687+0000] {dag.py:3089} INFO - Sync 3 DAGs
[2026-03-14T17:25:38.703+0000] {logging_mixin.py:188} INFO - [2026-03-14T17:25:38.702+0000] {dag.py:3947} INFO - Setting next_dagrun for transfer_from_minio_to_snowflake_accounts to 2026-03-14 17:24:00+00:00, run_after=2026-03-14 17:25:00+00:00
[2026-03-14T17:25:38.706+0000] {logging_mixin.py:188} INFO - [2026-03-14T17:25:38.706+0000] {dag.py:3947} INFO - Setting next_dagrun for transfer_from_minio_to_snowflake_customers to 2026-03-14 17:24:00+00:00, run_after=2026-03-14 17:25:00+00:00
[2026-03-14T17:25:38.707+0000] {logging_mixin.py:188} INFO - [2026-03-14T17:25:38.707+0000] {dag.py:3947} INFO - Setting next_dagrun for transfer_from_minio_to_snowflake_transactions to 2026-03-14 17:24:00+00:00, run_after=2026-03-14 17:25:00+00:00
[2026-03-14T17:25:38.713+0000] {processor.py:183} INFO - Processing /opt/airflow/dags/transfer.py took 0.585 seconds
[2026-03-14T17:26:09.384+0000] {processor.py:161} INFO - Started process (PID=2873) to work on /opt/airflow/dags/transfer.py
[2026-03-14T17:26:09.386+0000] {processor.py:830} INFO - Processing file /opt/airflow/dags/transfer.py for tasks to queue
[2026-03-14T17:26:09.389+0000] {logging_mixin.py:188} INFO - [2026-03-14T17:26:09.388+0000] {dagbag.py:545} INFO - Filling up the DagBag from /opt/airflow/dags/transfer.py
[2026-03-14T17:26:09.414+0000] {processor.py:840} INFO - DAG(s) 'transfer_from_minio_to_snowflake_accounts', 'transfer_from_minio_to_snowflake_transactions', 'transfer_from_minio_to_snowflake_customers' retrieved from /opt/airflow/dags/transfer.py
[2026-03-14T17:26:09.446+0000] {logging_mixin.py:188} INFO - [2026-03-14T17:26:09.446+0000] {dag.py:3089} INFO - Sync 3 DAGs
[2026-03-14T17:26:09.469+0000] {logging_mixin.py:188} INFO - [2026-03-14T17:26:09.469+0000] {dag.py:3947} INFO - Setting next_dagrun for transfer_from_minio_to_snowflake_accounts to 2026-03-14 17:25:00+00:00, run_after=2026-03-14 17:26:00+00:00
[2026-03-14T17:26:09.472+0000] {logging_mixin.py:188} INFO - [2026-03-14T17:26:09.472+0000] {dag.py:3947} INFO - Setting next_dagrun for transfer_from_minio_to_snowflake_customers to 2026-03-14 17:25:00+00:00, run_after=2026-03-14 17:26:00+00:00
[2026-03-14T17:26:09.474+0000] {logging_mixin.py:188} INFO - [2026-03-14T17:26:09.474+0000] {dag.py:3947} INFO - Setting next_dagrun for transfer_from_minio_to_snowflake_transactions to 2026-03-14 17:25:00+00:00, run_after=2026-03-14 17:26:00+00:00
[2026-03-14T17:26:09.482+0000] {processor.py:183} INFO - Processing /opt/airflow/dags/transfer.py took 0.106 seconds
[2026-03-14T17:26:39.929+0000] {processor.py:161} INFO - Started process (PID=2875) to work on /opt/airflow/dags/transfer.py
[2026-03-14T17:26:39.931+0000] {processor.py:830} INFO - Processing file /opt/airflow/dags/transfer.py for tasks to queue
[2026-03-14T17:26:39.937+0000] {logging_mixin.py:188} INFO - [2026-03-14T17:26:39.936+0000] {dagbag.py:545} INFO - Filling up the DagBag from /opt/airflow/dags/transfer.py
[2026-03-14T17:26:39.975+0000] {processor.py:840} INFO - DAG(s) 'transfer_from_minio_to_snowflake_customers', 'transfer_from_minio_to_snowflake_transactions', 'transfer_from_minio_to_snowflake_accounts' retrieved from /opt/airflow/dags/transfer.py
[2026-03-14T17:26:40.023+0000] {logging_mixin.py:188} INFO - [2026-03-14T17:26:40.022+0000] {dag.py:3089} INFO - Sync 3 DAGs
[2026-03-14T17:26:40.039+0000] {logging_mixin.py:188} INFO - [2026-03-14T17:26:40.039+0000] {dag.py:3947} INFO - Setting next_dagrun for transfer_from_minio_to_snowflake_accounts to 2026-03-14 17:25:00+00:00, run_after=2026-03-14 17:26:00+00:00
[2026-03-14T17:26:40.041+0000] {logging_mixin.py:188} INFO - [2026-03-14T17:26:40.041+0000] {dag.py:3947} INFO - Setting next_dagrun for transfer_from_minio_to_snowflake_customers to 2026-03-14 17:25:00+00:00, run_after=2026-03-14 17:26:00+00:00
[2026-03-14T17:26:40.043+0000] {logging_mixin.py:188} INFO - [2026-03-14T17:26:40.043+0000] {dag.py:3947} INFO - Setting next_dagrun for transfer_from_minio_to_snowflake_transactions to 2026-03-14 17:25:00+00:00, run_after=2026-03-14 17:26:00+00:00
[2026-03-14T17:26:40.051+0000] {processor.py:183} INFO - Processing /opt/airflow/dags/transfer.py took 0.132 seconds
[2026-03-14T17:27:10.507+0000] {processor.py:161} INFO - Started process (PID=2877) to work on /opt/airflow/dags/transfer.py
[2026-03-14T17:27:10.508+0000] {processor.py:830} INFO - Processing file /opt/airflow/dags/transfer.py for tasks to queue
[2026-03-14T17:27:10.512+0000] {logging_mixin.py:188} INFO - [2026-03-14T17:27:10.512+0000] {dagbag.py:545} INFO - Filling up the DagBag from /opt/airflow/dags/transfer.py
[2026-03-14T17:27:10.541+0000] {processor.py:840} INFO - DAG(s) 'transfer_from_minio_to_snowflake_transactions', 'transfer_from_minio_to_snowflake_customers', 'transfer_from_minio_to_snowflake_accounts' retrieved from /opt/airflow/dags/transfer.py
[2026-03-14T17:27:10.576+0000] {logging_mixin.py:188} INFO - [2026-03-14T17:27:10.576+0000] {dag.py:3089} INFO - Sync 3 DAGs
[2026-03-14T17:27:10.595+0000] {logging_mixin.py:188} INFO - [2026-03-14T17:27:10.595+0000] {dag.py:3947} INFO - Setting next_dagrun for transfer_from_minio_to_snowflake_accounts to 2026-03-14 17:26:00+00:00, run_after=2026-03-14 17:27:00+00:00
[2026-03-14T17:27:10.598+0000] {logging_mixin.py:188} INFO - [2026-03-14T17:27:10.597+0000] {dag.py:3947} INFO - Setting next_dagrun for transfer_from_minio_to_snowflake_customers to 2026-03-14 17:26:00+00:00, run_after=2026-03-14 17:27:00+00:00
[2026-03-14T17:27:10.599+0000] {logging_mixin.py:188} INFO - [2026-03-14T17:27:10.599+0000] {dag.py:3947} INFO - Setting next_dagrun for transfer_from_minio_to_snowflake_transactions to 2026-03-14 17:26:00+00:00, run_after=2026-03-14 17:27:00+00:00
[2026-03-14T17:27:10.607+0000] {processor.py:183} INFO - Processing /opt/airflow/dags/transfer.py took 0.109 seconds
[2026-03-14T17:27:41.085+0000] {processor.py:161} INFO - Started process (PID=2879) to work on /opt/airflow/dags/transfer.py
[2026-03-14T17:27:41.091+0000] {processor.py:830} INFO - Processing file /opt/airflow/dags/transfer.py for tasks to queue
[2026-03-14T17:27:41.094+0000] {logging_mixin.py:188} INFO - [2026-03-14T17:27:41.094+0000] {dagbag.py:545} INFO - Filling up the DagBag from /opt/airflow/dags/transfer.py
[2026-03-14T17:27:41.126+0000] {processor.py:840} INFO - DAG(s) 'transfer_from_minio_to_snowflake_transactions', 'transfer_from_minio_to_snowflake_accounts', 'transfer_from_minio_to_snowflake_customers' retrieved from /opt/airflow/dags/transfer.py
[2026-03-14T17:27:41.164+0000] {logging_mixin.py:188} INFO - [2026-03-14T17:27:41.164+0000] {dag.py:3089} INFO - Sync 3 DAGs
[2026-03-14T17:27:41.179+0000] {logging_mixin.py:188} INFO - [2026-03-14T17:27:41.179+0000] {dag.py:3947} INFO - Setting next_dagrun for transfer_from_minio_to_snowflake_accounts to 2026-03-14 17:26:00+00:00, run_after=2026-03-14 17:27:00+00:00
[2026-03-14T17:27:41.182+0000] {logging_mixin.py:188} INFO - [2026-03-14T17:27:41.182+0000] {dag.py:3947} INFO - Setting next_dagrun for transfer_from_minio_to_snowflake_customers to 2026-03-14 17:26:00+00:00, run_after=2026-03-14 17:27:00+00:00
[2026-03-14T17:27:41.184+0000] {logging_mixin.py:188} INFO - [2026-03-14T17:27:41.184+0000] {dag.py:3947} INFO - Setting next_dagrun for transfer_from_minio_to_snowflake_transactions to 2026-03-14 17:26:00+00:00, run_after=2026-03-14 17:27:00+00:00
[2026-03-14T17:27:41.194+0000] {processor.py:183} INFO - Processing /opt/airflow/dags/transfer.py took 0.119 seconds
[2026-03-14T17:28:11.527+0000] {processor.py:161} INFO - Started process (PID=2881) to work on /opt/airflow/dags/transfer.py
[2026-03-14T17:28:11.529+0000] {processor.py:830} INFO - Processing file /opt/airflow/dags/transfer.py for tasks to queue
[2026-03-14T17:28:11.533+0000] {logging_mixin.py:188} INFO - [2026-03-14T17:28:11.532+0000] {dagbag.py:545} INFO - Filling up the DagBag from /opt/airflow/dags/transfer.py
[2026-03-14T17:28:11.566+0000] {processor.py:840} INFO - DAG(s) 'transfer_from_minio_to_snowflake_transactions', 'transfer_from_minio_to_snowflake_customers', 'transfer_from_minio_to_snowflake_accounts' retrieved from /opt/airflow/dags/transfer.py
[2026-03-14T17:28:11.603+0000] {logging_mixin.py:188} INFO - [2026-03-14T17:28:11.603+0000] {dag.py:3089} INFO - Sync 3 DAGs
[2026-03-14T17:28:11.619+0000] {logging_mixin.py:188} INFO - [2026-03-14T17:28:11.619+0000] {dag.py:3947} INFO - Setting next_dagrun for transfer_from_minio_to_snowflake_accounts to 2026-03-14 17:27:00+00:00, run_after=2026-03-14 17:28:00+00:00
[2026-03-14T17:28:11.622+0000] {logging_mixin.py:188} INFO - [2026-03-14T17:28:11.622+0000] {dag.py:3947} INFO - Setting next_dagrun for transfer_from_minio_to_snowflake_customers to 2026-03-14 17:27:00+00:00, run_after=2026-03-14 17:28:00+00:00
[2026-03-14T17:28:11.624+0000] {logging_mixin.py:188} INFO - [2026-03-14T17:28:11.624+0000] {dag.py:3947} INFO - Setting next_dagrun for transfer_from_minio_to_snowflake_transactions to 2026-03-14 17:27:00+00:00, run_after=2026-03-14 17:28:00+00:00
[2026-03-14T17:28:11.632+0000] {processor.py:183} INFO - Processing /opt/airflow/dags/transfer.py took 0.114 seconds
[2026-03-14T17:28:41.994+0000] {processor.py:161} INFO - Started process (PID=2883) to work on /opt/airflow/dags/transfer.py
[2026-03-14T17:28:41.998+0000] {processor.py:830} INFO - Processing file /opt/airflow/dags/transfer.py for tasks to queue
[2026-03-14T17:28:42.001+0000] {logging_mixin.py:188} INFO - [2026-03-14T17:28:42.000+0000] {dagbag.py:545} INFO - Filling up the DagBag from /opt/airflow/dags/transfer.py
[2026-03-14T17:28:42.037+0000] {processor.py:840} INFO - DAG(s) 'transfer_from_minio_to_snowflake_accounts', 'transfer_from_minio_to_snowflake_transactions', 'transfer_from_minio_to_snowflake_customers' retrieved from /opt/airflow/dags/transfer.py
[2026-03-14T17:28:42.074+0000] {logging_mixin.py:188} INFO - [2026-03-14T17:28:42.074+0000] {dag.py:3089} INFO - Sync 3 DAGs
[2026-03-14T17:28:42.090+0000] {logging_mixin.py:188} INFO - [2026-03-14T17:28:42.090+0000] {dag.py:3947} INFO - Setting next_dagrun for transfer_from_minio_to_snowflake_accounts to 2026-03-14 17:27:00+00:00, run_after=2026-03-14 17:28:00+00:00
[2026-03-14T17:28:42.093+0000] {logging_mixin.py:188} INFO - [2026-03-14T17:28:42.093+0000] {dag.py:3947} INFO - Setting next_dagrun for transfer_from_minio_to_snowflake_customers to 2026-03-14 17:27:00+00:00, run_after=2026-03-14 17:28:00+00:00
[2026-03-14T17:28:42.094+0000] {logging_mixin.py:188} INFO - [2026-03-14T17:28:42.094+0000] {dag.py:3947} INFO - Setting next_dagrun for transfer_from_minio_to_snowflake_transactions to 2026-03-14 17:27:00+00:00, run_after=2026-03-14 17:28:00+00:00
[2026-03-14T17:28:42.101+0000] {processor.py:183} INFO - Processing /opt/airflow/dags/transfer.py took 0.119 seconds
[2026-03-14T17:29:12.493+0000] {processor.py:161} INFO - Started process (PID=2885) to work on /opt/airflow/dags/transfer.py
[2026-03-14T17:29:12.495+0000] {processor.py:830} INFO - Processing file /opt/airflow/dags/transfer.py for tasks to queue
[2026-03-14T17:29:12.498+0000] {logging_mixin.py:188} INFO - [2026-03-14T17:29:12.498+0000] {dagbag.py:545} INFO - Filling up the DagBag from /opt/airflow/dags/transfer.py
[2026-03-14T17:29:12.532+0000] {processor.py:840} INFO - DAG(s) 'transfer_from_minio_to_snowflake_transactions', 'transfer_from_minio_to_snowflake_customers', 'transfer_from_minio_to_snowflake_accounts' retrieved from /opt/airflow/dags/transfer.py
[2026-03-14T17:29:12.581+0000] {logging_mixin.py:188} INFO - [2026-03-14T17:29:12.580+0000] {dag.py:3089} INFO - Sync 3 DAGs
[2026-03-14T17:29:12.602+0000] {logging_mixin.py:188} INFO - [2026-03-14T17:29:12.602+0000] {dag.py:3947} INFO - Setting next_dagrun for transfer_from_minio_to_snowflake_accounts to 2026-03-14 17:28:00+00:00, run_after=2026-03-14 17:29:00+00:00
[2026-03-14T17:29:12.609+0000] {logging_mixin.py:188} INFO - [2026-03-14T17:29:12.609+0000] {dag.py:3947} INFO - Setting next_dagrun for transfer_from_minio_to_snowflake_customers to 2026-03-14 17:28:00+00:00, run_after=2026-03-14 17:29:00+00:00
[2026-03-14T17:29:12.611+0000] {logging_mixin.py:188} INFO - [2026-03-14T17:29:12.611+0000] {dag.py:3947} INFO - Setting next_dagrun for transfer_from_minio_to_snowflake_transactions to 2026-03-14 17:28:00+00:00, run_after=2026-03-14 17:29:00+00:00
[2026-03-14T17:29:12.620+0000] {processor.py:183} INFO - Processing /opt/airflow/dags/transfer.py took 0.137 seconds
[2026-03-14T17:29:43.041+0000] {processor.py:161} INFO - Started process (PID=2887) to work on /opt/airflow/dags/transfer.py
[2026-03-14T17:29:43.045+0000] {processor.py:830} INFO - Processing file /opt/airflow/dags/transfer.py for tasks to queue
[2026-03-14T17:29:43.051+0000] {logging_mixin.py:188} INFO - [2026-03-14T17:29:43.051+0000] {dagbag.py:545} INFO - Filling up the DagBag from /opt/airflow/dags/transfer.py
[2026-03-14T17:29:43.091+0000] {processor.py:840} INFO - DAG(s) 'transfer_from_minio_to_snowflake_transactions', 'transfer_from_minio_to_snowflake_customers', 'transfer_from_minio_to_snowflake_accounts' retrieved from /opt/airflow/dags/transfer.py
[2026-03-14T17:29:43.126+0000] {logging_mixin.py:188} INFO - [2026-03-14T17:29:43.126+0000] {dag.py:3089} INFO - Sync 3 DAGs
[2026-03-14T17:29:43.149+0000] {logging_mixin.py:188} INFO - [2026-03-14T17:29:43.149+0000] {dag.py:3947} INFO - Setting next_dagrun for transfer_from_minio_to_snowflake_accounts to 2026-03-14 17:28:00+00:00, run_after=2026-03-14 17:29:00+00:00
[2026-03-14T17:29:43.153+0000] {logging_mixin.py:188} INFO - [2026-03-14T17:29:43.152+0000] {dag.py:3947} INFO - Setting next_dagrun for transfer_from_minio_to_snowflake_customers to 2026-03-14 17:28:00+00:00, run_after=2026-03-14 17:29:00+00:00
[2026-03-14T17:29:43.154+0000] {logging_mixin.py:188} INFO - [2026-03-14T17:29:43.154+0000] {dag.py:3947} INFO - Setting next_dagrun for transfer_from_minio_to_snowflake_transactions to 2026-03-14 17:28:00+00:00, run_after=2026-03-14 17:29:00+00:00
[2026-03-14T17:29:43.164+0000] {processor.py:183} INFO - Processing /opt/airflow/dags/transfer.py took 0.137 seconds
[2026-03-14T17:30:13.508+0000] {processor.py:161} INFO - Started process (PID=2889) to work on /opt/airflow/dags/transfer.py
[2026-03-14T17:30:13.511+0000] {processor.py:830} INFO - Processing file /opt/airflow/dags/transfer.py for tasks to queue
[2026-03-14T17:30:13.517+0000] {logging_mixin.py:188} INFO - [2026-03-14T17:30:13.517+0000] {dagbag.py:545} INFO - Filling up the DagBag from /opt/airflow/dags/transfer.py
[2026-03-14T17:30:13.557+0000] {processor.py:840} INFO - DAG(s) 'transfer_from_minio_to_snowflake_accounts', 'transfer_from_minio_to_snowflake_customers', 'transfer_from_minio_to_snowflake_transactions' retrieved from /opt/airflow/dags/transfer.py
[2026-03-14T17:30:13.622+0000] {logging_mixin.py:188} INFO - [2026-03-14T17:30:13.622+0000] {dag.py:3089} INFO - Sync 3 DAGs
[2026-03-14T17:30:13.641+0000] {logging_mixin.py:188} INFO - [2026-03-14T17:30:13.640+0000] {dag.py:3947} INFO - Setting next_dagrun for transfer_from_minio_to_snowflake_accounts to 2026-03-14 17:29:00+00:00, run_after=2026-03-14 17:30:00+00:00
[2026-03-14T17:30:13.644+0000] {logging_mixin.py:188} INFO - [2026-03-14T17:30:13.644+0000] {dag.py:3947} INFO - Setting next_dagrun for transfer_from_minio_to_snowflake_customers to 2026-03-14 17:29:00+00:00, run_after=2026-03-14 17:30:00+00:00
[2026-03-14T17:30:13.645+0000] {logging_mixin.py:188} INFO - [2026-03-14T17:30:13.645+0000] {dag.py:3947} INFO - Setting next_dagrun for transfer_from_minio_to_snowflake_transactions to 2026-03-14 17:29:00+00:00, run_after=2026-03-14 17:30:00+00:00
[2026-03-14T17:30:13.654+0000] {processor.py:183} INFO - Processing /opt/airflow/dags/transfer.py took 0.159 seconds
[2026-03-14T17:30:43.916+0000] {processor.py:161} INFO - Started process (PID=2891) to work on /opt/airflow/dags/transfer.py
[2026-03-14T17:30:43.917+0000] {processor.py:830} INFO - Processing file /opt/airflow/dags/transfer.py for tasks to queue
[2026-03-14T17:30:43.921+0000] {logging_mixin.py:188} INFO - [2026-03-14T17:30:43.921+0000] {dagbag.py:545} INFO - Filling up the DagBag from /opt/airflow/dags/transfer.py
[2026-03-14T17:30:43.943+0000] {processor.py:840} INFO - DAG(s) 'transfer_from_minio_to_snowflake_customers', 'transfer_from_minio_to_snowflake_accounts', 'transfer_from_minio_to_snowflake_transactions' retrieved from /opt/airflow/dags/transfer.py
[2026-03-14T17:30:43.975+0000] {logging_mixin.py:188} INFO - [2026-03-14T17:30:43.974+0000] {dag.py:3089} INFO - Sync 3 DAGs
[2026-03-14T17:30:43.989+0000] {logging_mixin.py:188} INFO - [2026-03-14T17:30:43.989+0000] {dag.py:3947} INFO - Setting next_dagrun for transfer_from_minio_to_snowflake_accounts to 2026-03-14 17:29:00+00:00, run_after=2026-03-14 17:30:00+00:00
[2026-03-14T17:30:43.992+0000] {logging_mixin.py:188} INFO - [2026-03-14T17:30:43.992+0000] {dag.py:3947} INFO - Setting next_dagrun for transfer_from_minio_to_snowflake_customers to 2026-03-14 17:29:00+00:00, run_after=2026-03-14 17:30:00+00:00
[2026-03-14T17:30:43.994+0000] {logging_mixin.py:188} INFO - [2026-03-14T17:30:43.994+0000] {dag.py:3947} INFO - Setting next_dagrun for transfer_from_minio_to_snowflake_transactions to 2026-03-14 17:29:00+00:00, run_after=2026-03-14 17:30:00+00:00
[2026-03-14T17:30:44.001+0000] {processor.py:183} INFO - Processing /opt/airflow/dags/transfer.py took 0.092 seconds
[2026-03-14T17:31:14.302+0000] {processor.py:161} INFO - Started process (PID=2893) to work on /opt/airflow/dags/transfer.py
[2026-03-14T17:31:14.303+0000] {processor.py:830} INFO - Processing file /opt/airflow/dags/transfer.py for tasks to queue
[2026-03-14T17:31:14.306+0000] {logging_mixin.py:188} INFO - [2026-03-14T17:31:14.305+0000] {dagbag.py:545} INFO - Filling up the DagBag from /opt/airflow/dags/transfer.py
[2026-03-14T17:31:14.323+0000] {processor.py:840} INFO - DAG(s) 'transfer_from_minio_to_snowflake_accounts', 'transfer_from_minio_to_snowflake_customers', 'transfer_from_minio_to_snowflake_transactions' retrieved from /opt/airflow/dags/transfer.py
[2026-03-14T17:31:14.351+0000] {logging_mixin.py:188} INFO - [2026-03-14T17:31:14.351+0000] {dag.py:3089} INFO - Sync 3 DAGs
[2026-03-14T17:31:14.363+0000] {logging_mixin.py:188} INFO - [2026-03-14T17:31:14.363+0000] {dag.py:3947} INFO - Setting next_dagrun for transfer_from_minio_to_snowflake_accounts to 2026-03-14 17:30:00+00:00, run_after=2026-03-14 17:31:00+00:00
[2026-03-14T17:31:14.366+0000] {logging_mixin.py:188} INFO - [2026-03-14T17:31:14.366+0000] {dag.py:3947} INFO - Setting next_dagrun for transfer_from_minio_to_snowflake_customers to 2026-03-14 17:30:00+00:00, run_after=2026-03-14 17:31:00+00:00
[2026-03-14T17:31:14.368+0000] {logging_mixin.py:188} INFO - [2026-03-14T17:31:14.368+0000] {dag.py:3947} INFO - Setting next_dagrun for transfer_from_minio_to_snowflake_transactions to 2026-03-14 17:30:00+00:00, run_after=2026-03-14 17:31:00+00:00
[2026-03-14T17:31:14.375+0000] {processor.py:183} INFO - Processing /opt/airflow/dags/transfer.py took 0.079 seconds
[2026-03-14T17:31:44.747+0000] {processor.py:161} INFO - Started process (PID=2895) to work on /opt/airflow/dags/transfer.py
[2026-03-14T17:31:44.750+0000] {processor.py:830} INFO - Processing file /opt/airflow/dags/transfer.py for tasks to queue
[2026-03-14T17:31:44.753+0000] {logging_mixin.py:188} INFO - [2026-03-14T17:31:44.753+0000] {dagbag.py:545} INFO - Filling up the DagBag from /opt/airflow/dags/transfer.py
[2026-03-14T17:31:44.793+0000] {processor.py:840} INFO - DAG(s) 'transfer_from_minio_to_snowflake_transactions', 'transfer_from_minio_to_snowflake_accounts', 'transfer_from_minio_to_snowflake_customers' retrieved from /opt/airflow/dags/transfer.py
[2026-03-14T17:31:44.821+0000] {logging_mixin.py:188} INFO - [2026-03-14T17:31:44.820+0000] {dag.py:3089} INFO - Sync 3 DAGs
[2026-03-14T17:31:44.838+0000] {logging_mixin.py:188} INFO - [2026-03-14T17:31:44.837+0000] {dag.py:3947} INFO - Setting next_dagrun for transfer_from_minio_to_snowflake_accounts to 2026-03-14 17:30:00+00:00, run_after=2026-03-14 17:31:00+00:00
[2026-03-14T17:31:44.840+0000] {logging_mixin.py:188} INFO - [2026-03-14T17:31:44.840+0000] {dag.py:3947} INFO - Setting next_dagrun for transfer_from_minio_to_snowflake_customers to 2026-03-14 17:30:00+00:00, run_after=2026-03-14 17:31:00+00:00
[2026-03-14T17:31:44.842+0000] {logging_mixin.py:188} INFO - [2026-03-14T17:31:44.842+0000] {dag.py:3947} INFO - Setting next_dagrun for transfer_from_minio_to_snowflake_transactions to 2026-03-14 17:30:00+00:00, run_after=2026-03-14 17:31:00+00:00
[2026-03-14T17:31:44.852+0000] {processor.py:183} INFO - Processing /opt/airflow/dags/transfer.py took 0.121 seconds
[2026-03-14T17:32:15.192+0000] {processor.py:161} INFO - Started process (PID=2897) to work on /opt/airflow/dags/transfer.py
[2026-03-14T17:32:15.194+0000] {processor.py:830} INFO - Processing file /opt/airflow/dags/transfer.py for tasks to queue
[2026-03-14T17:32:15.204+0000] {logging_mixin.py:188} INFO - [2026-03-14T17:32:15.203+0000] {dagbag.py:545} INFO - Filling up the DagBag from /opt/airflow/dags/transfer.py
[2026-03-14T17:32:15.241+0000] {processor.py:840} INFO - DAG(s) 'transfer_from_minio_to_snowflake_accounts', 'transfer_from_minio_to_snowflake_customers', 'transfer_from_minio_to_snowflake_transactions' retrieved from /opt/airflow/dags/transfer.py
[2026-03-14T17:32:15.276+0000] {logging_mixin.py:188} INFO - [2026-03-14T17:32:15.275+0000] {dag.py:3089} INFO - Sync 3 DAGs
[2026-03-14T17:32:15.290+0000] {logging_mixin.py:188} INFO - [2026-03-14T17:32:15.290+0000] {dag.py:3947} INFO - Setting next_dagrun for transfer_from_minio_to_snowflake_accounts to 2026-03-14 17:31:00+00:00, run_after=2026-03-14 17:32:00+00:00
[2026-03-14T17:32:15.293+0000] {logging_mixin.py:188} INFO - [2026-03-14T17:32:15.293+0000] {dag.py:3947} INFO - Setting next_dagrun for transfer_from_minio_to_snowflake_customers to 2026-03-14 17:31:00+00:00, run_after=2026-03-14 17:32:00+00:00
[2026-03-14T17:32:15.295+0000] {logging_mixin.py:188} INFO - [2026-03-14T17:32:15.295+0000] {dag.py:3947} INFO - Setting next_dagrun for transfer_from_minio_to_snowflake_transactions to 2026-03-14 17:31:00+00:00, run_after=2026-03-14 17:32:00+00:00
[2026-03-14T17:32:15.303+0000] {processor.py:183} INFO - Processing /opt/airflow/dags/transfer.py took 0.128 seconds
[2026-03-14T17:32:45.656+0000] {processor.py:161} INFO - Started process (PID=2899) to work on /opt/airflow/dags/transfer.py
[2026-03-14T17:32:45.659+0000] {processor.py:830} INFO - Processing file /opt/airflow/dags/transfer.py for tasks to queue
[2026-03-14T17:32:45.664+0000] {logging_mixin.py:188} INFO - [2026-03-14T17:32:45.664+0000] {dagbag.py:545} INFO - Filling up the DagBag from /opt/airflow/dags/transfer.py
[2026-03-14T17:32:45.701+0000] {processor.py:840} INFO - DAG(s) 'transfer_from_minio_to_snowflake_accounts', 'transfer_from_minio_to_snowflake_transactions', 'transfer_from_minio_to_snowflake_customers' retrieved from /opt/airflow/dags/transfer.py
[2026-03-14T17:32:45.729+0000] {logging_mixin.py:188} INFO - [2026-03-14T17:32:45.729+0000] {dag.py:3089} INFO - Sync 3 DAGs
[2026-03-14T17:32:45.746+0000] {logging_mixin.py:188} INFO - [2026-03-14T17:32:45.746+0000] {dag.py:3947} INFO - Setting next_dagrun for transfer_from_minio_to_snowflake_accounts to 2026-03-14 17:31:00+00:00, run_after=2026-03-14 17:32:00+00:00
[2026-03-14T17:32:45.749+0000] {logging_mixin.py:188} INFO - [2026-03-14T17:32:45.749+0000] {dag.py:3947} INFO - Setting next_dagrun for transfer_from_minio_to_snowflake_customers to 2026-03-14 17:31:00+00:00, run_after=2026-03-14 17:32:00+00:00
[2026-03-14T17:32:45.750+0000] {logging_mixin.py:188} INFO - [2026-03-14T17:32:45.750+0000] {dag.py:3947} INFO - Setting next_dagrun for transfer_from_minio_to_snowflake_transactions to 2026-03-14 17:31:00+00:00, run_after=2026-03-14 17:32:00+00:00
[2026-03-14T17:32:45.757+0000] {processor.py:183} INFO - Processing /opt/airflow/dags/transfer.py took 0.117 seconds
[2026-03-14T17:33:16.121+0000] {processor.py:161} INFO - Started process (PID=2901) to work on /opt/airflow/dags/transfer.py
[2026-03-14T17:33:16.123+0000] {processor.py:830} INFO - Processing file /opt/airflow/dags/transfer.py for tasks to queue
[2026-03-14T17:33:16.126+0000] {logging_mixin.py:188} INFO - [2026-03-14T17:33:16.126+0000] {dagbag.py:545} INFO - Filling up the DagBag from /opt/airflow/dags/transfer.py
[2026-03-14T17:33:16.149+0000] {processor.py:840} INFO - DAG(s) 'transfer_from_minio_to_snowflake_customers', 'transfer_from_minio_to_snowflake_transactions', 'transfer_from_minio_to_snowflake_accounts' retrieved from /opt/airflow/dags/transfer.py
[2026-03-14T17:33:16.178+0000] {logging_mixin.py:188} INFO - [2026-03-14T17:33:16.178+0000] {dag.py:3089} INFO - Sync 3 DAGs
[2026-03-14T17:33:16.192+0000] {logging_mixin.py:188} INFO - [2026-03-14T17:33:16.192+0000] {dag.py:3947} INFO - Setting next_dagrun for transfer_from_minio_to_snowflake_accounts to 2026-03-14 17:32:00+00:00, run_after=2026-03-14 17:33:00+00:00
[2026-03-14T17:33:16.195+0000] {logging_mixin.py:188} INFO - [2026-03-14T17:33:16.195+0000] {dag.py:3947} INFO - Setting next_dagrun for transfer_from_minio_to_snowflake_customers to 2026-03-14 17:32:00+00:00, run_after=2026-03-14 17:33:00+00:00
[2026-03-14T17:33:16.197+0000] {logging_mixin.py:188} INFO - [2026-03-14T17:33:16.197+0000] {dag.py:3947} INFO - Setting next_dagrun for transfer_from_minio_to_snowflake_transactions to 2026-03-14 17:32:00+00:00, run_after=2026-03-14 17:33:00+00:00
[2026-03-14T17:33:16.204+0000] {processor.py:183} INFO - Processing /opt/airflow/dags/transfer.py took 0.090 seconds
[2026-03-14T17:33:46.574+0000] {processor.py:161} INFO - Started process (PID=2903) to work on /opt/airflow/dags/transfer.py
[2026-03-14T17:33:46.577+0000] {processor.py:830} INFO - Processing file /opt/airflow/dags/transfer.py for tasks to queue
[2026-03-14T17:33:46.580+0000] {logging_mixin.py:188} INFO - [2026-03-14T17:33:46.579+0000] {dagbag.py:545} INFO - Filling up the DagBag from /opt/airflow/dags/transfer.py
[2026-03-14T17:33:46.616+0000] {processor.py:840} INFO - DAG(s) 'transfer_from_minio_to_snowflake_customers', 'transfer_from_minio_to_snowflake_transactions', 'transfer_from_minio_to_snowflake_accounts' retrieved from /opt/airflow/dags/transfer.py
[2026-03-14T17:33:46.646+0000] {logging_mixin.py:188} INFO - [2026-03-14T17:33:46.646+0000] {dag.py:3089} INFO - Sync 3 DAGs
[2026-03-14T17:33:46.664+0000] {logging_mixin.py:188} INFO - [2026-03-14T17:33:46.663+0000] {dag.py:3947} INFO - Setting next_dagrun for transfer_from_minio_to_snowflake_accounts to 2026-03-14 17:32:00+00:00, run_after=2026-03-14 17:33:00+00:00
[2026-03-14T17:33:46.666+0000] {logging_mixin.py:188} INFO - [2026-03-14T17:33:46.666+0000] {dag.py:3947} INFO - Setting next_dagrun for transfer_from_minio_to_snowflake_customers to 2026-03-14 17:32:00+00:00, run_after=2026-03-14 17:33:00+00:00
[2026-03-14T17:33:46.668+0000] {logging_mixin.py:188} INFO - [2026-03-14T17:33:46.668+0000] {dag.py:3947} INFO - Setting next_dagrun for transfer_from_minio_to_snowflake_transactions to 2026-03-14 17:32:00+00:00, run_after=2026-03-14 17:33:00+00:00
[2026-03-14T17:33:46.675+0000] {processor.py:183} INFO - Processing /opt/airflow/dags/transfer.py took 0.109 seconds
[2026-03-14T17:34:16.970+0000] {processor.py:161} INFO - Started process (PID=2905) to work on /opt/airflow/dags/transfer.py
[2026-03-14T17:34:16.970+0000] {processor.py:830} INFO - Processing file /opt/airflow/dags/transfer.py for tasks to queue
[2026-03-14T17:34:16.972+0000] {logging_mixin.py:188} INFO - [2026-03-14T17:34:16.972+0000] {dagbag.py:545} INFO - Filling up the DagBag from /opt/airflow/dags/transfer.py
[2026-03-14T17:34:16.993+0000] {processor.py:840} INFO - DAG(s) 'transfer_from_minio_to_snowflake_transactions', 'transfer_from_minio_to_snowflake_accounts', 'transfer_from_minio_to_snowflake_customers' retrieved from /opt/airflow/dags/transfer.py
[2026-03-14T17:34:17.021+0000] {logging_mixin.py:188} INFO - [2026-03-14T17:34:17.020+0000] {dag.py:3089} INFO - Sync 3 DAGs
[2026-03-14T17:34:17.032+0000] {logging_mixin.py:188} INFO - [2026-03-14T17:34:17.032+0000] {dag.py:3947} INFO - Setting next_dagrun for transfer_from_minio_to_snowflake_accounts to 2026-03-14 17:33:00+00:00, run_after=2026-03-14 17:34:00+00:00
[2026-03-14T17:34:17.035+0000] {logging_mixin.py:188} INFO - [2026-03-14T17:34:17.035+0000] {dag.py:3947} INFO - Setting next_dagrun for transfer_from_minio_to_snowflake_customers to 2026-03-14 17:33:00+00:00, run_after=2026-03-14 17:34:00+00:00
[2026-03-14T17:34:17.037+0000] {logging_mixin.py:188} INFO - [2026-03-14T17:34:17.037+0000] {dag.py:3947} INFO - Setting next_dagrun for transfer_from_minio_to_snowflake_transactions to 2026-03-14 17:33:00+00:00, run_after=2026-03-14 17:34:00+00:00
[2026-03-14T17:34:17.044+0000] {processor.py:183} INFO - Processing /opt/airflow/dags/transfer.py took 0.080 seconds
[2026-03-14T17:34:47.454+0000] {processor.py:161} INFO - Started process (PID=2907) to work on /opt/airflow/dags/transfer.py
[2026-03-14T17:34:47.457+0000] {processor.py:830} INFO - Processing file /opt/airflow/dags/transfer.py for tasks to queue
[2026-03-14T17:34:47.461+0000] {logging_mixin.py:188} INFO - [2026-03-14T17:34:47.461+0000] {dagbag.py:545} INFO - Filling up the DagBag from /opt/airflow/dags/transfer.py
[2026-03-14T17:34:47.502+0000] {processor.py:840} INFO - DAG(s) 'transfer_from_minio_to_snowflake_transactions', 'transfer_from_minio_to_snowflake_customers', 'transfer_from_minio_to_snowflake_accounts' retrieved from /opt/airflow/dags/transfer.py
[2026-03-14T17:34:47.533+0000] {logging_mixin.py:188} INFO - [2026-03-14T17:34:47.533+0000] {dag.py:3089} INFO - Sync 3 DAGs
[2026-03-14T17:34:47.547+0000] {logging_mixin.py:188} INFO - [2026-03-14T17:34:47.547+0000] {dag.py:3947} INFO - Setting next_dagrun for transfer_from_minio_to_snowflake_accounts to 2026-03-14 17:33:00+00:00, run_after=2026-03-14 17:34:00+00:00
[2026-03-14T17:34:47.550+0000] {logging_mixin.py:188} INFO - [2026-03-14T17:34:47.550+0000] {dag.py:3947} INFO - Setting next_dagrun for transfer_from_minio_to_snowflake_customers to 2026-03-14 17:33:00+00:00, run_after=2026-03-14 17:34:00+00:00
[2026-03-14T17:34:47.552+0000] {logging_mixin.py:188} INFO - [2026-03-14T17:34:47.552+0000] {dag.py:3947} INFO - Setting next_dagrun for transfer_from_minio_to_snowflake_transactions to 2026-03-14 17:33:00+00:00, run_after=2026-03-14 17:34:00+00:00
[2026-03-14T17:34:47.559+0000] {processor.py:183} INFO - Processing /opt/airflow/dags/transfer.py took 0.116 seconds
[2026-03-14T17:35:17.921+0000] {processor.py:161} INFO - Started process (PID=2909) to work on /opt/airflow/dags/transfer.py
[2026-03-14T17:35:17.922+0000] {processor.py:830} INFO - Processing file /opt/airflow/dags/transfer.py for tasks to queue
[2026-03-14T17:35:17.924+0000] {logging_mixin.py:188} INFO - [2026-03-14T17:35:17.923+0000] {dagbag.py:545} INFO - Filling up the DagBag from /opt/airflow/dags/transfer.py
[2026-03-14T17:35:17.942+0000] {processor.py:840} INFO - DAG(s) 'transfer_from_minio_to_snowflake_accounts', 'transfer_from_minio_to_snowflake_customers', 'transfer_from_minio_to_snowflake_transactions' retrieved from /opt/airflow/dags/transfer.py
[2026-03-14T17:35:17.969+0000] {logging_mixin.py:188} INFO - [2026-03-14T17:35:17.968+0000] {dag.py:3089} INFO - Sync 3 DAGs
[2026-03-14T17:35:17.982+0000] {logging_mixin.py:188} INFO - [2026-03-14T17:35:17.982+0000] {dag.py:3947} INFO - Setting next_dagrun for transfer_from_minio_to_snowflake_accounts to 2026-03-14 17:34:00+00:00, run_after=2026-03-14 17:35:00+00:00
[2026-03-14T17:35:17.985+0000] {logging_mixin.py:188} INFO - [2026-03-14T17:35:17.985+0000] {dag.py:3947} INFO - Setting next_dagrun for transfer_from_minio_to_snowflake_customers to 2026-03-14 17:34:00+00:00, run_after=2026-03-14 17:35:00+00:00
[2026-03-14T17:35:17.986+0000] {logging_mixin.py:188} INFO - [2026-03-14T17:35:17.986+0000] {dag.py:3947} INFO - Setting next_dagrun for transfer_from_minio_to_snowflake_transactions to 2026-03-14 17:34:00+00:00, run_after=2026-03-14 17:35:00+00:00
[2026-03-14T17:35:17.993+0000] {processor.py:183} INFO - Processing /opt/airflow/dags/transfer.py took 0.082 seconds
[2026-03-14T17:35:48.399+0000] {processor.py:161} INFO - Started process (PID=2911) to work on /opt/airflow/dags/transfer.py
[2026-03-14T17:35:48.403+0000] {processor.py:830} INFO - Processing file /opt/airflow/dags/transfer.py for tasks to queue
[2026-03-14T17:35:48.407+0000] {logging_mixin.py:188} INFO - [2026-03-14T17:35:48.406+0000] {dagbag.py:545} INFO - Filling up the DagBag from /opt/airflow/dags/transfer.py
[2026-03-14T17:35:48.447+0000] {processor.py:840} INFO - DAG(s) 'transfer_from_minio_to_snowflake_transactions', 'transfer_from_minio_to_snowflake_accounts', 'transfer_from_minio_to_snowflake_customers' retrieved from /opt/airflow/dags/transfer.py
[2026-03-14T17:35:48.482+0000] {logging_mixin.py:188} INFO - [2026-03-14T17:35:48.482+0000] {dag.py:3089} INFO - Sync 3 DAGs
[2026-03-14T17:35:48.497+0000] {logging_mixin.py:188} INFO - [2026-03-14T17:35:48.497+0000] {dag.py:3947} INFO - Setting next_dagrun for transfer_from_minio_to_snowflake_accounts to 2026-03-14 17:34:00+00:00, run_after=2026-03-14 17:35:00+00:00
[2026-03-14T17:35:48.500+0000] {logging_mixin.py:188} INFO - [2026-03-14T17:35:48.500+0000] {dag.py:3947} INFO - Setting next_dagrun for transfer_from_minio_to_snowflake_customers to 2026-03-14 17:34:00+00:00, run_after=2026-03-14 17:35:00+00:00
[2026-03-14T17:35:48.501+0000] {logging_mixin.py:188} INFO - [2026-03-14T17:35:48.501+0000] {dag.py:3947} INFO - Setting next_dagrun for transfer_from_minio_to_snowflake_transactions to 2026-03-14 17:34:00+00:00, run_after=2026-03-14 17:35:00+00:00
[2026-03-14T17:35:48.509+0000] {processor.py:183} INFO - Processing /opt/airflow/dags/transfer.py took 0.126 seconds
[2026-03-14T17:36:18.873+0000] {processor.py:161} INFO - Started process (PID=2913) to work on /opt/airflow/dags/transfer.py
[2026-03-14T17:36:18.877+0000] {processor.py:830} INFO - Processing file /opt/airflow/dags/transfer.py for tasks to queue
[2026-03-14T17:36:18.880+0000] {logging_mixin.py:188} INFO - [2026-03-14T17:36:18.880+0000] {dagbag.py:545} INFO - Filling up the DagBag from /opt/airflow/dags/transfer.py
[2026-03-14T17:36:18.919+0000] {processor.py:840} INFO - DAG(s) 'transfer_from_minio_to_snowflake_transactions', 'transfer_from_minio_to_snowflake_accounts', 'transfer_from_minio_to_snowflake_customers' retrieved from /opt/airflow/dags/transfer.py
[2026-03-14T17:36:18.957+0000] {logging_mixin.py:188} INFO - [2026-03-14T17:36:18.956+0000] {dag.py:3089} INFO - Sync 3 DAGs
[2026-03-14T17:36:18.975+0000] {logging_mixin.py:188} INFO - [2026-03-14T17:36:18.975+0000] {dag.py:3947} INFO - Setting next_dagrun for transfer_from_minio_to_snowflake_accounts to 2026-03-14 17:35:00+00:00, run_after=2026-03-14 17:36:00+00:00
[2026-03-14T17:36:18.978+0000] {logging_mixin.py:188} INFO - [2026-03-14T17:36:18.978+0000] {dag.py:3947} INFO - Setting next_dagrun for transfer_from_minio_to_snowflake_customers to 2026-03-14 17:35:00+00:00, run_after=2026-03-14 17:36:00+00:00
[2026-03-14T17:36:18.979+0000] {logging_mixin.py:188} INFO - [2026-03-14T17:36:18.979+0000] {dag.py:3947} INFO - Setting next_dagrun for transfer_from_minio_to_snowflake_transactions to 2026-03-14 17:35:00+00:00, run_after=2026-03-14 17:36:00+00:00
[2026-03-14T17:36:18.988+0000] {processor.py:183} INFO - Processing /opt/airflow/dags/transfer.py took 0.125 seconds
[2026-03-14T17:36:49.302+0000] {processor.py:161} INFO - Started process (PID=2915) to work on /opt/airflow/dags/transfer.py
[2026-03-14T17:36:49.303+0000] {processor.py:830} INFO - Processing file /opt/airflow/dags/transfer.py for tasks to queue
[2026-03-14T17:36:49.305+0000] {logging_mixin.py:188} INFO - [2026-03-14T17:36:49.305+0000] {dagbag.py:545} INFO - Filling up the DagBag from /opt/airflow/dags/transfer.py
[2026-03-14T17:36:49.333+0000] {processor.py:840} INFO - DAG(s) 'transfer_from_minio_to_snowflake_customers', 'transfer_from_minio_to_snowflake_transactions', 'transfer_from_minio_to_snowflake_accounts' retrieved from /opt/airflow/dags/transfer.py
[2026-03-14T17:36:49.365+0000] {logging_mixin.py:188} INFO - [2026-03-14T17:36:49.365+0000] {dag.py:3089} INFO - Sync 3 DAGs
[2026-03-14T17:36:49.380+0000] {logging_mixin.py:188} INFO - [2026-03-14T17:36:49.380+0000] {dag.py:3947} INFO - Setting next_dagrun for transfer_from_minio_to_snowflake_accounts to 2026-03-14 17:35:00+00:00, run_after=2026-03-14 17:36:00+00:00
[2026-03-14T17:36:49.383+0000] {logging_mixin.py:188} INFO - [2026-03-14T17:36:49.383+0000] {dag.py:3947} INFO - Setting next_dagrun for transfer_from_minio_to_snowflake_customers to 2026-03-14 17:35:00+00:00, run_after=2026-03-14 17:36:00+00:00
[2026-03-14T17:36:49.384+0000] {logging_mixin.py:188} INFO - [2026-03-14T17:36:49.384+0000] {dag.py:3947} INFO - Setting next_dagrun for transfer_from_minio_to_snowflake_transactions to 2026-03-14 17:35:00+00:00, run_after=2026-03-14 17:36:00+00:00
[2026-03-14T17:36:49.392+0000] {processor.py:183} INFO - Processing /opt/airflow/dags/transfer.py took 0.098 seconds
[2026-03-14T17:37:19.713+0000] {processor.py:161} INFO - Started process (PID=2917) to work on /opt/airflow/dags/transfer.py
[2026-03-14T17:37:19.714+0000] {processor.py:830} INFO - Processing file /opt/airflow/dags/transfer.py for tasks to queue
[2026-03-14T17:37:19.719+0000] {logging_mixin.py:188} INFO - [2026-03-14T17:37:19.718+0000] {dagbag.py:545} INFO - Filling up the DagBag from /opt/airflow/dags/transfer.py
[2026-03-14T17:37:19.753+0000] {processor.py:840} INFO - DAG(s) 'transfer_from_minio_to_snowflake_accounts', 'transfer_from_minio_to_snowflake_customers', 'transfer_from_minio_to_snowflake_transactions' retrieved from /opt/airflow/dags/transfer.py
[2026-03-14T17:37:19.783+0000] {logging_mixin.py:188} INFO - [2026-03-14T17:37:19.783+0000] {dag.py:3089} INFO - Sync 3 DAGs
[2026-03-14T17:37:19.797+0000] {logging_mixin.py:188} INFO - [2026-03-14T17:37:19.797+0000] {dag.py:3947} INFO - Setting next_dagrun for transfer_from_minio_to_snowflake_accounts to 2026-03-14 17:36:00+00:00, run_after=2026-03-14 17:37:00+00:00
[2026-03-14T17:37:19.800+0000] {logging_mixin.py:188} INFO - [2026-03-14T17:37:19.800+0000] {dag.py:3947} INFO - Setting next_dagrun for transfer_from_minio_to_snowflake_customers to 2026-03-14 17:36:00+00:00, run_after=2026-03-14 17:37:00+00:00
[2026-03-14T17:37:19.801+0000] {logging_mixin.py:188} INFO - [2026-03-14T17:37:19.801+0000] {dag.py:3947} INFO - Setting next_dagrun for transfer_from_minio_to_snowflake_transactions to 2026-03-14 17:36:00+00:00, run_after=2026-03-14 17:37:00+00:00
[2026-03-14T17:37:19.809+0000] {processor.py:183} INFO - Processing /opt/airflow/dags/transfer.py took 0.110 seconds
[2026-03-14T17:37:50.230+0000] {processor.py:161} INFO - Started process (PID=2919) to work on /opt/airflow/dags/transfer.py
[2026-03-14T17:37:50.232+0000] {processor.py:830} INFO - Processing file /opt/airflow/dags/transfer.py for tasks to queue
[2026-03-14T17:37:50.236+0000] {logging_mixin.py:188} INFO - [2026-03-14T17:37:50.236+0000] {dagbag.py:545} INFO - Filling up the DagBag from /opt/airflow/dags/transfer.py
[2026-03-14T17:37:50.274+0000] {processor.py:840} INFO - DAG(s) 'transfer_from_minio_to_snowflake_transactions', 'transfer_from_minio_to_snowflake_customers', 'transfer_from_minio_to_snowflake_accounts' retrieved from /opt/airflow/dags/transfer.py
[2026-03-14T17:37:50.315+0000] {logging_mixin.py:188} INFO - [2026-03-14T17:37:50.315+0000] {dag.py:3089} INFO - Sync 3 DAGs
[2026-03-14T17:37:50.330+0000] {logging_mixin.py:188} INFO - [2026-03-14T17:37:50.329+0000] {dag.py:3947} INFO - Setting next_dagrun for transfer_from_minio_to_snowflake_accounts to 2026-03-14 17:36:00+00:00, run_after=2026-03-14 17:37:00+00:00
[2026-03-14T17:37:50.333+0000] {logging_mixin.py:188} INFO - [2026-03-14T17:37:50.333+0000] {dag.py:3947} INFO - Setting next_dagrun for transfer_from_minio_to_snowflake_customers to 2026-03-14 17:36:00+00:00, run_after=2026-03-14 17:37:00+00:00
[2026-03-14T17:37:50.335+0000] {logging_mixin.py:188} INFO - [2026-03-14T17:37:50.335+0000] {dag.py:3947} INFO - Setting next_dagrun for transfer_from_minio_to_snowflake_transactions to 2026-03-14 17:36:00+00:00, run_after=2026-03-14 17:37:00+00:00
[2026-03-14T17:37:50.343+0000] {processor.py:183} INFO - Processing /opt/airflow/dags/transfer.py took 0.125 seconds
[2026-03-14T17:38:20.738+0000] {processor.py:161} INFO - Started process (PID=2921) to work on /opt/airflow/dags/transfer.py
[2026-03-14T17:38:20.741+0000] {processor.py:830} INFO - Processing file /opt/airflow/dags/transfer.py for tasks to queue
[2026-03-14T17:38:20.747+0000] {logging_mixin.py:188} INFO - [2026-03-14T17:38:20.747+0000] {dagbag.py:545} INFO - Filling up the DagBag from /opt/airflow/dags/transfer.py
[2026-03-14T17:38:20.791+0000] {processor.py:840} INFO - DAG(s) 'transfer_from_minio_to_snowflake_transactions', 'transfer_from_minio_to_snowflake_customers', 'transfer_from_minio_to_snowflake_accounts' retrieved from /opt/airflow/dags/transfer.py
[2026-03-14T17:38:20.823+0000] {logging_mixin.py:188} INFO - [2026-03-14T17:38:20.822+0000] {dag.py:3089} INFO - Sync 3 DAGs
[2026-03-14T17:38:20.837+0000] {logging_mixin.py:188} INFO - [2026-03-14T17:38:20.837+0000] {dag.py:3947} INFO - Setting next_dagrun for transfer_from_minio_to_snowflake_accounts to 2026-03-14 17:37:00+00:00, run_after=2026-03-14 17:38:00+00:00
[2026-03-14T17:38:20.840+0000] {logging_mixin.py:188} INFO - [2026-03-14T17:38:20.840+0000] {dag.py:3947} INFO - Setting next_dagrun for transfer_from_minio_to_snowflake_customers to 2026-03-14 17:37:00+00:00, run_after=2026-03-14 17:38:00+00:00
[2026-03-14T17:38:20.842+0000] {logging_mixin.py:188} INFO - [2026-03-14T17:38:20.841+0000] {dag.py:3947} INFO - Setting next_dagrun for transfer_from_minio_to_snowflake_transactions to 2026-03-14 17:37:00+00:00, run_after=2026-03-14 17:38:00+00:00
[2026-03-14T17:38:20.849+0000] {processor.py:183} INFO - Processing /opt/airflow/dags/transfer.py took 0.125 seconds
[2026-03-14T17:38:51.250+0000] {processor.py:161} INFO - Started process (PID=2923) to work on /opt/airflow/dags/transfer.py
[2026-03-14T17:38:51.251+0000] {processor.py:830} INFO - Processing file /opt/airflow/dags/transfer.py for tasks to queue
[2026-03-14T17:38:51.256+0000] {logging_mixin.py:188} INFO - [2026-03-14T17:38:51.255+0000] {dagbag.py:545} INFO - Filling up the DagBag from /opt/airflow/dags/transfer.py
[2026-03-14T17:38:51.314+0000] {processor.py:840} INFO - DAG(s) 'transfer_from_minio_to_snowflake_customers', 'transfer_from_minio_to_snowflake_transactions', 'transfer_from_minio_to_snowflake_accounts' retrieved from /opt/airflow/dags/transfer.py
[2026-03-14T17:38:51.370+0000] {logging_mixin.py:188} INFO - [2026-03-14T17:38:51.370+0000] {dag.py:3089} INFO - Sync 3 DAGs
[2026-03-14T17:38:51.395+0000] {logging_mixin.py:188} INFO - [2026-03-14T17:38:51.394+0000] {dag.py:3947} INFO - Setting next_dagrun for transfer_from_minio_to_snowflake_accounts to 2026-03-14 17:37:00+00:00, run_after=2026-03-14 17:38:00+00:00
[2026-03-14T17:38:51.398+0000] {logging_mixin.py:188} INFO - [2026-03-14T17:38:51.398+0000] {dag.py:3947} INFO - Setting next_dagrun for transfer_from_minio_to_snowflake_customers to 2026-03-14 17:37:00+00:00, run_after=2026-03-14 17:38:00+00:00
[2026-03-14T17:38:51.400+0000] {logging_mixin.py:188} INFO - [2026-03-14T17:38:51.400+0000] {dag.py:3947} INFO - Setting next_dagrun for transfer_from_minio_to_snowflake_transactions to 2026-03-14 17:37:00+00:00, run_after=2026-03-14 17:38:00+00:00
[2026-03-14T17:38:51.409+0000] {processor.py:183} INFO - Processing /opt/airflow/dags/transfer.py took 0.172 seconds
[2026-03-14T17:39:21.801+0000] {processor.py:161} INFO - Started process (PID=2925) to work on /opt/airflow/dags/transfer.py
[2026-03-14T17:39:21.803+0000] {processor.py:830} INFO - Processing file /opt/airflow/dags/transfer.py for tasks to queue
[2026-03-14T17:39:21.810+0000] {logging_mixin.py:188} INFO - [2026-03-14T17:39:21.809+0000] {dagbag.py:545} INFO - Filling up the DagBag from /opt/airflow/dags/transfer.py
[2026-03-14T17:39:21.848+0000] {processor.py:840} INFO - DAG(s) 'transfer_from_minio_to_snowflake_customers', 'transfer_from_minio_to_snowflake_accounts', 'transfer_from_minio_to_snowflake_transactions' retrieved from /opt/airflow/dags/transfer.py
[2026-03-14T17:39:21.889+0000] {logging_mixin.py:188} INFO - [2026-03-14T17:39:21.889+0000] {dag.py:3089} INFO - Sync 3 DAGs
[2026-03-14T17:39:21.903+0000] {logging_mixin.py:188} INFO - [2026-03-14T17:39:21.903+0000] {dag.py:3947} INFO - Setting next_dagrun for transfer_from_minio_to_snowflake_accounts to 2026-03-14 17:38:00+00:00, run_after=2026-03-14 17:39:00+00:00
[2026-03-14T17:39:21.906+0000] {logging_mixin.py:188} INFO - [2026-03-14T17:39:21.906+0000] {dag.py:3947} INFO - Setting next_dagrun for transfer_from_minio_to_snowflake_customers to 2026-03-14 17:38:00+00:00, run_after=2026-03-14 17:39:00+00:00
[2026-03-14T17:39:21.907+0000] {logging_mixin.py:188} INFO - [2026-03-14T17:39:21.907+0000] {dag.py:3947} INFO - Setting next_dagrun for transfer_from_minio_to_snowflake_transactions to 2026-03-14 17:38:00+00:00, run_after=2026-03-14 17:39:00+00:00
[2026-03-14T17:39:21.915+0000] {processor.py:183} INFO - Processing /opt/airflow/dags/transfer.py took 0.124 seconds
[2026-03-14T17:39:52.325+0000] {processor.py:161} INFO - Started process (PID=2927) to work on /opt/airflow/dags/transfer.py
[2026-03-14T17:39:52.329+0000] {processor.py:830} INFO - Processing file /opt/airflow/dags/transfer.py for tasks to queue
[2026-03-14T17:39:52.331+0000] {logging_mixin.py:188} INFO - [2026-03-14T17:39:52.331+0000] {dagbag.py:545} INFO - Filling up the DagBag from /opt/airflow/dags/transfer.py
[2026-03-14T17:39:52.362+0000] {processor.py:840} INFO - DAG(s) 'transfer_from_minio_to_snowflake_customers', 'transfer_from_minio_to_snowflake_transactions', 'transfer_from_minio_to_snowflake_accounts' retrieved from /opt/airflow/dags/transfer.py
[2026-03-14T17:39:52.396+0000] {logging_mixin.py:188} INFO - [2026-03-14T17:39:52.396+0000] {dag.py:3089} INFO - Sync 3 DAGs
[2026-03-14T17:39:52.411+0000] {logging_mixin.py:188} INFO - [2026-03-14T17:39:52.411+0000] {dag.py:3947} INFO - Setting next_dagrun for transfer_from_minio_to_snowflake_accounts to 2026-03-14 17:38:00+00:00, run_after=2026-03-14 17:39:00+00:00
[2026-03-14T17:39:52.414+0000] {logging_mixin.py:188} INFO - [2026-03-14T17:39:52.414+0000] {dag.py:3947} INFO - Setting next_dagrun for transfer_from_minio_to_snowflake_customers to 2026-03-14 17:38:00+00:00, run_after=2026-03-14 17:39:00+00:00
[2026-03-14T17:39:52.415+0000] {logging_mixin.py:188} INFO - [2026-03-14T17:39:52.415+0000] {dag.py:3947} INFO - Setting next_dagrun for transfer_from_minio_to_snowflake_transactions to 2026-03-14 17:38:00+00:00, run_after=2026-03-14 17:39:00+00:00
[2026-03-14T17:39:52.423+0000] {processor.py:183} INFO - Processing /opt/airflow/dags/transfer.py took 0.107 seconds
[2026-03-14T17:40:22.813+0000] {processor.py:161} INFO - Started process (PID=2929) to work on /opt/airflow/dags/transfer.py
[2026-03-14T17:40:22.816+0000] {processor.py:830} INFO - Processing file /opt/airflow/dags/transfer.py for tasks to queue
[2026-03-14T17:40:22.819+0000] {logging_mixin.py:188} INFO - [2026-03-14T17:40:22.819+0000] {dagbag.py:545} INFO - Filling up the DagBag from /opt/airflow/dags/transfer.py
[2026-03-14T17:40:22.880+0000] {processor.py:840} INFO - DAG(s) 'transfer_from_minio_to_snowflake_transactions', 'transfer_from_minio_to_snowflake_customers', 'transfer_from_minio_to_snowflake_accounts' retrieved from /opt/airflow/dags/transfer.py
[2026-03-14T17:40:22.912+0000] {logging_mixin.py:188} INFO - [2026-03-14T17:40:22.912+0000] {dag.py:3089} INFO - Sync 3 DAGs
[2026-03-14T17:40:22.928+0000] {logging_mixin.py:188} INFO - [2026-03-14T17:40:22.928+0000] {dag.py:3947} INFO - Setting next_dagrun for transfer_from_minio_to_snowflake_accounts to 2026-03-14 17:39:00+00:00, run_after=2026-03-14 17:40:00+00:00
[2026-03-14T17:40:22.931+0000] {logging_mixin.py:188} INFO - [2026-03-14T17:40:22.931+0000] {dag.py:3947} INFO - Setting next_dagrun for transfer_from_minio_to_snowflake_customers to 2026-03-14 17:39:00+00:00, run_after=2026-03-14 17:40:00+00:00
[2026-03-14T17:40:22.933+0000] {logging_mixin.py:188} INFO - [2026-03-14T17:40:22.932+0000] {dag.py:3947} INFO - Setting next_dagrun for transfer_from_minio_to_snowflake_transactions to 2026-03-14 17:39:00+00:00, run_after=2026-03-14 17:40:00+00:00
[2026-03-14T17:40:22.940+0000] {processor.py:183} INFO - Processing /opt/airflow/dags/transfer.py took 0.135 seconds
[2026-03-14T17:40:53.318+0000] {processor.py:161} INFO - Started process (PID=2931) to work on /opt/airflow/dags/transfer.py
[2026-03-14T17:40:53.320+0000] {processor.py:830} INFO - Processing file /opt/airflow/dags/transfer.py for tasks to queue
[2026-03-14T17:40:53.324+0000] {logging_mixin.py:188} INFO - [2026-03-14T17:40:53.323+0000] {dagbag.py:545} INFO - Filling up the DagBag from /opt/airflow/dags/transfer.py
[2026-03-14T17:40:53.367+0000] {processor.py:840} INFO - DAG(s) 'transfer_from_minio_to_snowflake_customers', 'transfer_from_minio_to_snowflake_transactions', 'transfer_from_minio_to_snowflake_accounts' retrieved from /opt/airflow/dags/transfer.py
[2026-03-14T17:40:53.401+0000] {logging_mixin.py:188} INFO - [2026-03-14T17:40:53.401+0000] {dag.py:3089} INFO - Sync 3 DAGs
[2026-03-14T17:40:53.416+0000] {logging_mixin.py:188} INFO - [2026-03-14T17:40:53.416+0000] {dag.py:3947} INFO - Setting next_dagrun for transfer_from_minio_to_snowflake_accounts to 2026-03-14 17:39:00+00:00, run_after=2026-03-14 17:40:00+00:00
[2026-03-14T17:40:53.420+0000] {logging_mixin.py:188} INFO - [2026-03-14T17:40:53.419+0000] {dag.py:3947} INFO - Setting next_dagrun for transfer_from_minio_to_snowflake_customers to 2026-03-14 17:39:00+00:00, run_after=2026-03-14 17:40:00+00:00
[2026-03-14T17:40:53.421+0000] {logging_mixin.py:188} INFO - [2026-03-14T17:40:53.421+0000] {dag.py:3947} INFO - Setting next_dagrun for transfer_from_minio_to_snowflake_transactions to 2026-03-14 17:39:00+00:00, run_after=2026-03-14 17:40:00+00:00
[2026-03-14T17:40:53.428+0000] {processor.py:183} INFO - Processing /opt/airflow/dags/transfer.py took 0.125 seconds
[2026-03-14T17:41:23.768+0000] {processor.py:161} INFO - Started process (PID=2933) to work on /opt/airflow/dags/transfer.py
[2026-03-14T17:41:23.769+0000] {processor.py:830} INFO - Processing file /opt/airflow/dags/transfer.py for tasks to queue
[2026-03-14T17:41:23.773+0000] {logging_mixin.py:188} INFO - [2026-03-14T17:41:23.772+0000] {dagbag.py:545} INFO - Filling up the DagBag from /opt/airflow/dags/transfer.py
[2026-03-14T17:41:23.811+0000] {processor.py:840} INFO - DAG(s) 'transfer_from_minio_to_snowflake_transactions', 'transfer_from_minio_to_snowflake_customers', 'transfer_from_minio_to_snowflake_accounts' retrieved from /opt/airflow/dags/transfer.py
[2026-03-14T17:41:23.846+0000] {logging_mixin.py:188} INFO - [2026-03-14T17:41:23.845+0000] {dag.py:3089} INFO - Sync 3 DAGs
[2026-03-14T17:41:23.863+0000] {logging_mixin.py:188} INFO - [2026-03-14T17:41:23.863+0000] {dag.py:3947} INFO - Setting next_dagrun for transfer_from_minio_to_snowflake_accounts to 2026-03-14 17:40:00+00:00, run_after=2026-03-14 17:41:00+00:00
[2026-03-14T17:41:23.866+0000] {logging_mixin.py:188} INFO - [2026-03-14T17:41:23.866+0000] {dag.py:3947} INFO - Setting next_dagrun for transfer_from_minio_to_snowflake_customers to 2026-03-14 17:40:00+00:00, run_after=2026-03-14 17:41:00+00:00
[2026-03-14T17:41:23.867+0000] {logging_mixin.py:188} INFO - [2026-03-14T17:41:23.867+0000] {dag.py:3947} INFO - Setting next_dagrun for transfer_from_minio_to_snowflake_transactions to 2026-03-14 17:40:00+00:00, run_after=2026-03-14 17:41:00+00:00
[2026-03-14T17:41:23.876+0000] {processor.py:183} INFO - Processing /opt/airflow/dags/transfer.py took 0.117 seconds
[2026-03-14T17:41:54.302+0000] {processor.py:161} INFO - Started process (PID=2935) to work on /opt/airflow/dags/transfer.py
[2026-03-14T17:41:54.303+0000] {processor.py:830} INFO - Processing file /opt/airflow/dags/transfer.py for tasks to queue
[2026-03-14T17:41:54.313+0000] {logging_mixin.py:188} INFO - [2026-03-14T17:41:54.313+0000] {dagbag.py:545} INFO - Filling up the DagBag from /opt/airflow/dags/transfer.py
[2026-03-14T17:41:54.357+0000] {processor.py:840} INFO - DAG(s) 'transfer_from_minio_to_snowflake_transactions', 'transfer_from_minio_to_snowflake_customers', 'transfer_from_minio_to_snowflake_accounts' retrieved from /opt/airflow/dags/transfer.py
[2026-03-14T17:41:54.388+0000] {logging_mixin.py:188} INFO - [2026-03-14T17:41:54.388+0000] {dag.py:3089} INFO - Sync 3 DAGs
[2026-03-14T17:41:54.404+0000] {logging_mixin.py:188} INFO - [2026-03-14T17:41:54.404+0000] {dag.py:3947} INFO - Setting next_dagrun for transfer_from_minio_to_snowflake_accounts to 2026-03-14 17:40:00+00:00, run_after=2026-03-14 17:41:00+00:00
[2026-03-14T17:41:54.407+0000] {logging_mixin.py:188} INFO - [2026-03-14T17:41:54.407+0000] {dag.py:3947} INFO - Setting next_dagrun for transfer_from_minio_to_snowflake_customers to 2026-03-14 17:40:00+00:00, run_after=2026-03-14 17:41:00+00:00
[2026-03-14T17:41:54.410+0000] {logging_mixin.py:188} INFO - [2026-03-14T17:41:54.410+0000] {dag.py:3947} INFO - Setting next_dagrun for transfer_from_minio_to_snowflake_transactions to 2026-03-14 17:40:00+00:00, run_after=2026-03-14 17:41:00+00:00
[2026-03-14T17:41:54.422+0000] {processor.py:183} INFO - Processing /opt/airflow/dags/transfer.py took 0.149 seconds
[2026-03-14T17:42:24.827+0000] {processor.py:161} INFO - Started process (PID=2937) to work on /opt/airflow/dags/transfer.py
[2026-03-14T17:42:24.832+0000] {processor.py:830} INFO - Processing file /opt/airflow/dags/transfer.py for tasks to queue
[2026-03-14T17:42:24.843+0000] {logging_mixin.py:188} INFO - [2026-03-14T17:42:24.842+0000] {dagbag.py:545} INFO - Filling up the DagBag from /opt/airflow/dags/transfer.py
[2026-03-14T17:42:24.898+0000] {processor.py:840} INFO - DAG(s) 'transfer_from_minio_to_snowflake_customers', 'transfer_from_minio_to_snowflake_accounts', 'transfer_from_minio_to_snowflake_transactions' retrieved from /opt/airflow/dags/transfer.py
[2026-03-14T17:42:24.982+0000] {logging_mixin.py:188} INFO - [2026-03-14T17:42:24.981+0000] {dag.py:3089} INFO - Sync 3 DAGs
[2026-03-14T17:42:24.998+0000] {logging_mixin.py:188} INFO - [2026-03-14T17:42:24.998+0000] {dag.py:3947} INFO - Setting next_dagrun for transfer_from_minio_to_snowflake_accounts to 2026-03-14 17:41:00+00:00, run_after=2026-03-14 17:42:00+00:00
[2026-03-14T17:42:25.002+0000] {logging_mixin.py:188} INFO - [2026-03-14T17:42:25.002+0000] {dag.py:3947} INFO - Setting next_dagrun for transfer_from_minio_to_snowflake_customers to 2026-03-14 17:41:00+00:00, run_after=2026-03-14 17:42:00+00:00
[2026-03-14T17:42:25.003+0000] {logging_mixin.py:188} INFO - [2026-03-14T17:42:25.003+0000] {dag.py:3947} INFO - Setting next_dagrun for transfer_from_minio_to_snowflake_transactions to 2026-03-14 17:41:00+00:00, run_after=2026-03-14 17:42:00+00:00
[2026-03-14T17:42:25.013+0000] {processor.py:183} INFO - Processing /opt/airflow/dags/transfer.py took 0.214 seconds
[2026-03-14T17:42:55.413+0000] {processor.py:161} INFO - Started process (PID=2939) to work on /opt/airflow/dags/transfer.py
[2026-03-14T17:42:55.415+0000] {processor.py:830} INFO - Processing file /opt/airflow/dags/transfer.py for tasks to queue
[2026-03-14T17:42:55.418+0000] {logging_mixin.py:188} INFO - [2026-03-14T17:42:55.417+0000] {dagbag.py:545} INFO - Filling up the DagBag from /opt/airflow/dags/transfer.py
[2026-03-14T17:42:55.460+0000] {processor.py:840} INFO - DAG(s) 'transfer_from_minio_to_snowflake_transactions', 'transfer_from_minio_to_snowflake_accounts', 'transfer_from_minio_to_snowflake_customers' retrieved from /opt/airflow/dags/transfer.py
[2026-03-14T17:42:55.490+0000] {logging_mixin.py:188} INFO - [2026-03-14T17:42:55.489+0000] {dag.py:3089} INFO - Sync 3 DAGs
[2026-03-14T17:42:55.508+0000] {logging_mixin.py:188} INFO - [2026-03-14T17:42:55.508+0000] {dag.py:3947} INFO - Setting next_dagrun for transfer_from_minio_to_snowflake_accounts to 2026-03-14 17:41:00+00:00, run_after=2026-03-14 17:42:00+00:00
[2026-03-14T17:42:55.511+0000] {logging_mixin.py:188} INFO - [2026-03-14T17:42:55.511+0000] {dag.py:3947} INFO - Setting next_dagrun for transfer_from_minio_to_snowflake_customers to 2026-03-14 17:41:00+00:00, run_after=2026-03-14 17:42:00+00:00
[2026-03-14T17:42:55.513+0000] {logging_mixin.py:188} INFO - [2026-03-14T17:42:55.513+0000] {dag.py:3947} INFO - Setting next_dagrun for transfer_from_minio_to_snowflake_transactions to 2026-03-14 17:41:00+00:00, run_after=2026-03-14 17:42:00+00:00
[2026-03-14T17:42:55.520+0000] {processor.py:183} INFO - Processing /opt/airflow/dags/transfer.py took 0.120 seconds
[2026-03-14T17:43:25.912+0000] {processor.py:161} INFO - Started process (PID=2941) to work on /opt/airflow/dags/transfer.py
[2026-03-14T17:43:25.913+0000] {processor.py:830} INFO - Processing file /opt/airflow/dags/transfer.py for tasks to queue
[2026-03-14T17:43:25.920+0000] {logging_mixin.py:188} INFO - [2026-03-14T17:43:25.919+0000] {dagbag.py:545} INFO - Filling up the DagBag from /opt/airflow/dags/transfer.py
[2026-03-14T17:43:25.954+0000] {processor.py:840} INFO - DAG(s) 'transfer_from_minio_to_snowflake_accounts', 'transfer_from_minio_to_snowflake_transactions', 'transfer_from_minio_to_snowflake_customers' retrieved from /opt/airflow/dags/transfer.py
[2026-03-14T17:43:25.987+0000] {logging_mixin.py:188} INFO - [2026-03-14T17:43:25.987+0000] {dag.py:3089} INFO - Sync 3 DAGs
[2026-03-14T17:43:26.003+0000] {logging_mixin.py:188} INFO - [2026-03-14T17:43:26.003+0000] {dag.py:3947} INFO - Setting next_dagrun for transfer_from_minio_to_snowflake_accounts to 2026-03-14 17:42:00+00:00, run_after=2026-03-14 17:43:00+00:00
[2026-03-14T17:43:26.006+0000] {logging_mixin.py:188} INFO - [2026-03-14T17:43:26.006+0000] {dag.py:3947} INFO - Setting next_dagrun for transfer_from_minio_to_snowflake_customers to 2026-03-14 17:42:00+00:00, run_after=2026-03-14 17:43:00+00:00
[2026-03-14T17:43:26.007+0000] {logging_mixin.py:188} INFO - [2026-03-14T17:43:26.007+0000] {dag.py:3947} INFO - Setting next_dagrun for transfer_from_minio_to_snowflake_transactions to 2026-03-14 17:42:00+00:00, run_after=2026-03-14 17:43:00+00:00
[2026-03-14T17:43:26.015+0000] {processor.py:183} INFO - Processing /opt/airflow/dags/transfer.py took 0.112 seconds
[2026-03-14T17:43:56.367+0000] {processor.py:161} INFO - Started process (PID=2943) to work on /opt/airflow/dags/transfer.py
[2026-03-14T17:43:56.370+0000] {processor.py:830} INFO - Processing file /opt/airflow/dags/transfer.py for tasks to queue
[2026-03-14T17:43:56.375+0000] {logging_mixin.py:188} INFO - [2026-03-14T17:43:56.374+0000] {dagbag.py:545} INFO - Filling up the DagBag from /opt/airflow/dags/transfer.py
[2026-03-14T17:43:56.418+0000] {processor.py:840} INFO - DAG(s) 'transfer_from_minio_to_snowflake_customers', 'transfer_from_minio_to_snowflake_accounts', 'transfer_from_minio_to_snowflake_transactions' retrieved from /opt/airflow/dags/transfer.py
[2026-03-14T17:43:56.455+0000] {logging_mixin.py:188} INFO - [2026-03-14T17:43:56.454+0000] {dag.py:3089} INFO - Sync 3 DAGs
[2026-03-14T17:43:56.472+0000] {logging_mixin.py:188} INFO - [2026-03-14T17:43:56.472+0000] {dag.py:3947} INFO - Setting next_dagrun for transfer_from_minio_to_snowflake_accounts to 2026-03-14 17:42:00+00:00, run_after=2026-03-14 17:43:00+00:00
[2026-03-14T17:43:56.476+0000] {logging_mixin.py:188} INFO - [2026-03-14T17:43:56.476+0000] {dag.py:3947} INFO - Setting next_dagrun for transfer_from_minio_to_snowflake_customers to 2026-03-14 17:42:00+00:00, run_after=2026-03-14 17:43:00+00:00
[2026-03-14T17:43:56.477+0000] {logging_mixin.py:188} INFO - [2026-03-14T17:43:56.477+0000] {dag.py:3947} INFO - Setting next_dagrun for transfer_from_minio_to_snowflake_transactions to 2026-03-14 17:42:00+00:00, run_after=2026-03-14 17:43:00+00:00
[2026-03-14T17:43:56.487+0000] {processor.py:183} INFO - Processing /opt/airflow/dags/transfer.py took 0.131 seconds
[2026-03-14T17:44:26.854+0000] {processor.py:161} INFO - Started process (PID=2945) to work on /opt/airflow/dags/transfer.py
[2026-03-14T17:44:26.856+0000] {processor.py:830} INFO - Processing file /opt/airflow/dags/transfer.py for tasks to queue
[2026-03-14T17:44:26.860+0000] {logging_mixin.py:188} INFO - [2026-03-14T17:44:26.860+0000] {dagbag.py:545} INFO - Filling up the DagBag from /opt/airflow/dags/transfer.py
[2026-03-14T17:44:26.895+0000] {processor.py:840} INFO - DAG(s) 'transfer_from_minio_to_snowflake_customers', 'transfer_from_minio_to_snowflake_accounts', 'transfer_from_minio_to_snowflake_transactions' retrieved from /opt/airflow/dags/transfer.py
[2026-03-14T17:44:26.928+0000] {logging_mixin.py:188} INFO - [2026-03-14T17:44:26.928+0000] {dag.py:3089} INFO - Sync 3 DAGs
[2026-03-14T17:44:26.946+0000] {logging_mixin.py:188} INFO - [2026-03-14T17:44:26.946+0000] {dag.py:3947} INFO - Setting next_dagrun for transfer_from_minio_to_snowflake_accounts to 2026-03-14 17:43:00+00:00, run_after=2026-03-14 17:44:00+00:00
[2026-03-14T17:44:26.949+0000] {logging_mixin.py:188} INFO - [2026-03-14T17:44:26.949+0000] {dag.py:3947} INFO - Setting next_dagrun for transfer_from_minio_to_snowflake_customers to 2026-03-14 17:43:00+00:00, run_after=2026-03-14 17:44:00+00:00
[2026-03-14T17:44:26.950+0000] {logging_mixin.py:188} INFO - [2026-03-14T17:44:26.950+0000] {dag.py:3947} INFO - Setting next_dagrun for transfer_from_minio_to_snowflake_transactions to 2026-03-14 17:43:00+00:00, run_after=2026-03-14 17:44:00+00:00
[2026-03-14T17:44:26.958+0000] {processor.py:183} INFO - Processing /opt/airflow/dags/transfer.py took 0.115 seconds
[2026-03-14T17:44:57.354+0000] {processor.py:161} INFO - Started process (PID=2947) to work on /opt/airflow/dags/transfer.py
[2026-03-14T17:44:57.356+0000] {processor.py:830} INFO - Processing file /opt/airflow/dags/transfer.py for tasks to queue
[2026-03-14T17:44:57.359+0000] {logging_mixin.py:188} INFO - [2026-03-14T17:44:57.359+0000] {dagbag.py:545} INFO - Filling up the DagBag from /opt/airflow/dags/transfer.py
[2026-03-14T17:44:57.402+0000] {processor.py:840} INFO - DAG(s) 'transfer_from_minio_to_snowflake_accounts', 'transfer_from_minio_to_snowflake_transactions', 'transfer_from_minio_to_snowflake_customers' retrieved from /opt/airflow/dags/transfer.py
[2026-03-14T17:44:57.434+0000] {logging_mixin.py:188} INFO - [2026-03-14T17:44:57.434+0000] {dag.py:3089} INFO - Sync 3 DAGs
[2026-03-14T17:44:57.450+0000] {logging_mixin.py:188} INFO - [2026-03-14T17:44:57.450+0000] {dag.py:3947} INFO - Setting next_dagrun for transfer_from_minio_to_snowflake_accounts to 2026-03-14 17:43:00+00:00, run_after=2026-03-14 17:44:00+00:00
[2026-03-14T17:44:57.453+0000] {logging_mixin.py:188} INFO - [2026-03-14T17:44:57.453+0000] {dag.py:3947} INFO - Setting next_dagrun for transfer_from_minio_to_snowflake_customers to 2026-03-14 17:43:00+00:00, run_after=2026-03-14 17:44:00+00:00
[2026-03-14T17:44:57.454+0000] {logging_mixin.py:188} INFO - [2026-03-14T17:44:57.454+0000] {dag.py:3947} INFO - Setting next_dagrun for transfer_from_minio_to_snowflake_transactions to 2026-03-14 17:43:00+00:00, run_after=2026-03-14 17:44:00+00:00
[2026-03-14T17:44:57.462+0000] {processor.py:183} INFO - Processing /opt/airflow/dags/transfer.py took 0.119 seconds
[2026-03-14T17:45:27.897+0000] {processor.py:161} INFO - Started process (PID=2949) to work on /opt/airflow/dags/transfer.py
[2026-03-14T17:45:27.902+0000] {processor.py:830} INFO - Processing file /opt/airflow/dags/transfer.py for tasks to queue
[2026-03-14T17:45:27.905+0000] {logging_mixin.py:188} INFO - [2026-03-14T17:45:27.905+0000] {dagbag.py:545} INFO - Filling up the DagBag from /opt/airflow/dags/transfer.py
[2026-03-14T17:45:27.941+0000] {processor.py:840} INFO - DAG(s) 'transfer_from_minio_to_snowflake_transactions', 'transfer_from_minio_to_snowflake_accounts', 'transfer_from_minio_to_snowflake_customers' retrieved from /opt/airflow/dags/transfer.py
[2026-03-14T17:45:27.978+0000] {logging_mixin.py:188} INFO - [2026-03-14T17:45:27.978+0000] {dag.py:3089} INFO - Sync 3 DAGs
[2026-03-14T17:45:27.995+0000] {logging_mixin.py:188} INFO - [2026-03-14T17:45:27.995+0000] {dag.py:3947} INFO - Setting next_dagrun for transfer_from_minio_to_snowflake_accounts to 2026-03-14 17:44:00+00:00, run_after=2026-03-14 17:45:00+00:00
[2026-03-14T17:45:27.998+0000] {logging_mixin.py:188} INFO - [2026-03-14T17:45:27.998+0000] {dag.py:3947} INFO - Setting next_dagrun for transfer_from_minio_to_snowflake_customers to 2026-03-14 17:44:00+00:00, run_after=2026-03-14 17:45:00+00:00
[2026-03-14T17:45:28.000+0000] {logging_mixin.py:188} INFO - [2026-03-14T17:45:28.000+0000] {dag.py:3947} INFO - Setting next_dagrun for transfer_from_minio_to_snowflake_transactions to 2026-03-14 17:44:00+00:00, run_after=2026-03-14 17:45:00+00:00
[2026-03-14T17:45:28.007+0000] {processor.py:183} INFO - Processing /opt/airflow/dags/transfer.py took 0.119 seconds
[2026-03-14T17:45:58.345+0000] {processor.py:161} INFO - Started process (PID=2951) to work on /opt/airflow/dags/transfer.py
[2026-03-14T17:45:58.346+0000] {processor.py:830} INFO - Processing file /opt/airflow/dags/transfer.py for tasks to queue
[2026-03-14T17:45:58.350+0000] {logging_mixin.py:188} INFO - [2026-03-14T17:45:58.349+0000] {dagbag.py:545} INFO - Filling up the DagBag from /opt/airflow/dags/transfer.py
[2026-03-14T17:45:58.383+0000] {processor.py:840} INFO - DAG(s) 'transfer_from_minio_to_snowflake_transactions', 'transfer_from_minio_to_snowflake_customers', 'transfer_from_minio_to_snowflake_accounts' retrieved from /opt/airflow/dags/transfer.py
[2026-03-14T17:45:58.415+0000] {logging_mixin.py:188} INFO - [2026-03-14T17:45:58.415+0000] {dag.py:3089} INFO - Sync 3 DAGs
[2026-03-14T17:45:58.431+0000] {logging_mixin.py:188} INFO - [2026-03-14T17:45:58.431+0000] {dag.py:3947} INFO - Setting next_dagrun for transfer_from_minio_to_snowflake_accounts to 2026-03-14 17:44:00+00:00, run_after=2026-03-14 17:45:00+00:00
[2026-03-14T17:45:58.434+0000] {logging_mixin.py:188} INFO - [2026-03-14T17:45:58.434+0000] {dag.py:3947} INFO - Setting next_dagrun for transfer_from_minio_to_snowflake_customers to 2026-03-14 17:44:00+00:00, run_after=2026-03-14 17:45:00+00:00
[2026-03-14T17:45:58.435+0000] {logging_mixin.py:188} INFO - [2026-03-14T17:45:58.435+0000] {dag.py:3947} INFO - Setting next_dagrun for transfer_from_minio_to_snowflake_transactions to 2026-03-14 17:44:00+00:00, run_after=2026-03-14 17:45:00+00:00
[2026-03-14T17:45:58.443+0000] {processor.py:183} INFO - Processing /opt/airflow/dags/transfer.py took 0.105 seconds
[2026-03-14T17:46:28.888+0000] {processor.py:161} INFO - Started process (PID=2953) to work on /opt/airflow/dags/transfer.py
[2026-03-14T17:46:28.890+0000] {processor.py:830} INFO - Processing file /opt/airflow/dags/transfer.py for tasks to queue
[2026-03-14T17:46:28.895+0000] {logging_mixin.py:188} INFO - [2026-03-14T17:46:28.893+0000] {dagbag.py:545} INFO - Filling up the DagBag from /opt/airflow/dags/transfer.py
[2026-03-14T17:46:28.939+0000] {processor.py:840} INFO - DAG(s) 'transfer_from_minio_to_snowflake_transactions', 'transfer_from_minio_to_snowflake_accounts', 'transfer_from_minio_to_snowflake_customers' retrieved from /opt/airflow/dags/transfer.py
[2026-03-14T17:46:28.977+0000] {logging_mixin.py:188} INFO - [2026-03-14T17:46:28.977+0000] {dag.py:3089} INFO - Sync 3 DAGs
[2026-03-14T17:46:28.992+0000] {logging_mixin.py:188} INFO - [2026-03-14T17:46:28.992+0000] {dag.py:3947} INFO - Setting next_dagrun for transfer_from_minio_to_snowflake_accounts to 2026-03-14 17:45:00+00:00, run_after=2026-03-14 17:46:00+00:00
[2026-03-14T17:46:28.995+0000] {logging_mixin.py:188} INFO - [2026-03-14T17:46:28.995+0000] {dag.py:3947} INFO - Setting next_dagrun for transfer_from_minio_to_snowflake_customers to 2026-03-14 17:45:00+00:00, run_after=2026-03-14 17:46:00+00:00
[2026-03-14T17:46:28.996+0000] {logging_mixin.py:188} INFO - [2026-03-14T17:46:28.996+0000] {dag.py:3947} INFO - Setting next_dagrun for transfer_from_minio_to_snowflake_transactions to 2026-03-14 17:45:00+00:00, run_after=2026-03-14 17:46:00+00:00
[2026-03-14T17:46:29.005+0000] {processor.py:183} INFO - Processing /opt/airflow/dags/transfer.py took 0.129 seconds
[2026-03-14T17:46:59.328+0000] {processor.py:161} INFO - Started process (PID=2955) to work on /opt/airflow/dags/transfer.py
[2026-03-14T17:46:59.329+0000] {processor.py:830} INFO - Processing file /opt/airflow/dags/transfer.py for tasks to queue
[2026-03-14T17:46:59.332+0000] {logging_mixin.py:188} INFO - [2026-03-14T17:46:59.331+0000] {dagbag.py:545} INFO - Filling up the DagBag from /opt/airflow/dags/transfer.py
[2026-03-14T17:46:59.366+0000] {processor.py:840} INFO - DAG(s) 'transfer_from_minio_to_snowflake_transactions', 'transfer_from_minio_to_snowflake_accounts', 'transfer_from_minio_to_snowflake_customers' retrieved from /opt/airflow/dags/transfer.py
[2026-03-14T17:46:59.409+0000] {logging_mixin.py:188} INFO - [2026-03-14T17:46:59.409+0000] {dag.py:3089} INFO - Sync 3 DAGs
[2026-03-14T17:46:59.425+0000] {logging_mixin.py:188} INFO - [2026-03-14T17:46:59.425+0000] {dag.py:3947} INFO - Setting next_dagrun for transfer_from_minio_to_snowflake_accounts to 2026-03-14 17:45:00+00:00, run_after=2026-03-14 17:46:00+00:00
[2026-03-14T17:46:59.428+0000] {logging_mixin.py:188} INFO - [2026-03-14T17:46:59.428+0000] {dag.py:3947} INFO - Setting next_dagrun for transfer_from_minio_to_snowflake_customers to 2026-03-14 17:45:00+00:00, run_after=2026-03-14 17:46:00+00:00
[2026-03-14T17:46:59.429+0000] {logging_mixin.py:188} INFO - [2026-03-14T17:46:59.429+0000] {dag.py:3947} INFO - Setting next_dagrun for transfer_from_minio_to_snowflake_transactions to 2026-03-14 17:45:00+00:00, run_after=2026-03-14 17:46:00+00:00
[2026-03-14T17:46:59.437+0000] {processor.py:183} INFO - Processing /opt/airflow/dags/transfer.py took 0.117 seconds
[2026-03-14T17:47:29.830+0000] {processor.py:161} INFO - Started process (PID=2957) to work on /opt/airflow/dags/transfer.py
[2026-03-14T17:47:29.836+0000] {processor.py:830} INFO - Processing file /opt/airflow/dags/transfer.py for tasks to queue
[2026-03-14T17:47:29.839+0000] {logging_mixin.py:188} INFO - [2026-03-14T17:47:29.839+0000] {dagbag.py:545} INFO - Filling up the DagBag from /opt/airflow/dags/transfer.py
[2026-03-14T17:47:29.892+0000] {processor.py:840} INFO - DAG(s) 'transfer_from_minio_to_snowflake_customers', 'transfer_from_minio_to_snowflake_accounts', 'transfer_from_minio_to_snowflake_transactions' retrieved from /opt/airflow/dags/transfer.py
[2026-03-14T17:47:29.952+0000] {logging_mixin.py:188} INFO - [2026-03-14T17:47:29.952+0000] {dag.py:3089} INFO - Sync 3 DAGs
[2026-03-14T17:47:29.970+0000] {logging_mixin.py:188} INFO - [2026-03-14T17:47:29.970+0000] {dag.py:3947} INFO - Setting next_dagrun for transfer_from_minio_to_snowflake_accounts to 2026-03-14 17:46:00+00:00, run_after=2026-03-14 17:47:00+00:00
[2026-03-14T17:47:29.973+0000] {logging_mixin.py:188} INFO - [2026-03-14T17:47:29.973+0000] {dag.py:3947} INFO - Setting next_dagrun for transfer_from_minio_to_snowflake_customers to 2026-03-14 17:46:00+00:00, run_after=2026-03-14 17:47:00+00:00
[2026-03-14T17:47:29.975+0000] {logging_mixin.py:188} INFO - [2026-03-14T17:47:29.975+0000] {dag.py:3947} INFO - Setting next_dagrun for transfer_from_minio_to_snowflake_transactions to 2026-03-14 17:46:00+00:00, run_after=2026-03-14 17:47:00+00:00
[2026-03-14T17:47:29.989+0000] {processor.py:183} INFO - Processing /opt/airflow/dags/transfer.py took 0.170 seconds
[2026-03-14T17:48:00.372+0000] {processor.py:161} INFO - Started process (PID=2959) to work on /opt/airflow/dags/transfer.py
[2026-03-14T17:48:00.374+0000] {processor.py:830} INFO - Processing file /opt/airflow/dags/transfer.py for tasks to queue
[2026-03-14T17:48:00.376+0000] {logging_mixin.py:188} INFO - [2026-03-14T17:48:00.376+0000] {dagbag.py:545} INFO - Filling up the DagBag from /opt/airflow/dags/transfer.py
[2026-03-14T17:48:00.408+0000] {processor.py:840} INFO - DAG(s) 'transfer_from_minio_to_snowflake_transactions', 'transfer_from_minio_to_snowflake_customers', 'transfer_from_minio_to_snowflake_accounts' retrieved from /opt/airflow/dags/transfer.py
[2026-03-14T17:48:00.447+0000] {logging_mixin.py:188} INFO - [2026-03-14T17:48:00.446+0000] {dag.py:3089} INFO - Sync 3 DAGs
[2026-03-14T17:48:00.471+0000] {logging_mixin.py:188} INFO - [2026-03-14T17:48:00.471+0000] {dag.py:3947} INFO - Setting next_dagrun for transfer_from_minio_to_snowflake_accounts to 2026-03-14 17:47:00+00:00, run_after=2026-03-14 17:48:00+00:00
[2026-03-14T17:48:00.474+0000] {logging_mixin.py:188} INFO - [2026-03-14T17:48:00.474+0000] {dag.py:3947} INFO - Setting next_dagrun for transfer_from_minio_to_snowflake_customers to 2026-03-14 17:47:00+00:00, run_after=2026-03-14 17:48:00+00:00
[2026-03-14T17:48:00.476+0000] {logging_mixin.py:188} INFO - [2026-03-14T17:48:00.476+0000] {dag.py:3947} INFO - Setting next_dagrun for transfer_from_minio_to_snowflake_transactions to 2026-03-14 17:47:00+00:00, run_after=2026-03-14 17:48:00+00:00
[2026-03-14T17:48:00.484+0000] {processor.py:183} INFO - Processing /opt/airflow/dags/transfer.py took 0.120 seconds
[2026-03-14T17:48:30.883+0000] {processor.py:161} INFO - Started process (PID=2961) to work on /opt/airflow/dags/transfer.py
[2026-03-14T17:48:30.886+0000] {processor.py:830} INFO - Processing file /opt/airflow/dags/transfer.py for tasks to queue
[2026-03-14T17:48:30.891+0000] {logging_mixin.py:188} INFO - [2026-03-14T17:48:30.890+0000] {dagbag.py:545} INFO - Filling up the DagBag from /opt/airflow/dags/transfer.py
[2026-03-14T17:48:30.924+0000] {processor.py:840} INFO - DAG(s) 'transfer_from_minio_to_snowflake_customers', 'transfer_from_minio_to_snowflake_transactions', 'transfer_from_minio_to_snowflake_accounts' retrieved from /opt/airflow/dags/transfer.py
[2026-03-14T17:48:30.955+0000] {logging_mixin.py:188} INFO - [2026-03-14T17:48:30.955+0000] {dag.py:3089} INFO - Sync 3 DAGs
[2026-03-14T17:48:30.974+0000] {logging_mixin.py:188} INFO - [2026-03-14T17:48:30.974+0000] {dag.py:3947} INFO - Setting next_dagrun for transfer_from_minio_to_snowflake_accounts to 2026-03-14 17:47:00+00:00, run_after=2026-03-14 17:48:00+00:00
[2026-03-14T17:48:30.978+0000] {logging_mixin.py:188} INFO - [2026-03-14T17:48:30.978+0000] {dag.py:3947} INFO - Setting next_dagrun for transfer_from_minio_to_snowflake_customers to 2026-03-14 17:47:00+00:00, run_after=2026-03-14 17:48:00+00:00
[2026-03-14T17:48:30.980+0000] {logging_mixin.py:188} INFO - [2026-03-14T17:48:30.979+0000] {dag.py:3947} INFO - Setting next_dagrun for transfer_from_minio_to_snowflake_transactions to 2026-03-14 17:47:00+00:00, run_after=2026-03-14 17:48:00+00:00
[2026-03-14T17:48:30.988+0000] {processor.py:183} INFO - Processing /opt/airflow/dags/transfer.py took 0.114 seconds
[2026-03-14T17:49:01.331+0000] {processor.py:161} INFO - Started process (PID=2963) to work on /opt/airflow/dags/transfer.py
[2026-03-14T17:49:01.334+0000] {processor.py:830} INFO - Processing file /opt/airflow/dags/transfer.py for tasks to queue
[2026-03-14T17:49:01.337+0000] {logging_mixin.py:188} INFO - [2026-03-14T17:49:01.337+0000] {dagbag.py:545} INFO - Filling up the DagBag from /opt/airflow/dags/transfer.py
[2026-03-14T17:49:01.367+0000] {processor.py:840} INFO - DAG(s) 'transfer_from_minio_to_snowflake_transactions', 'transfer_from_minio_to_snowflake_customers', 'transfer_from_minio_to_snowflake_accounts' retrieved from /opt/airflow/dags/transfer.py
[2026-03-14T17:49:01.401+0000] {logging_mixin.py:188} INFO - [2026-03-14T17:49:01.401+0000] {dag.py:3089} INFO - Sync 3 DAGs
[2026-03-14T17:49:01.419+0000] {logging_mixin.py:188} INFO - [2026-03-14T17:49:01.419+0000] {dag.py:3947} INFO - Setting next_dagrun for transfer_from_minio_to_snowflake_accounts to 2026-03-14 17:48:00+00:00, run_after=2026-03-14 17:49:00+00:00
[2026-03-14T17:49:01.421+0000] {logging_mixin.py:188} INFO - [2026-03-14T17:49:01.421+0000] {dag.py:3947} INFO - Setting next_dagrun for transfer_from_minio_to_snowflake_customers to 2026-03-14 17:48:00+00:00, run_after=2026-03-14 17:49:00+00:00
[2026-03-14T17:49:01.423+0000] {logging_mixin.py:188} INFO - [2026-03-14T17:49:01.423+0000] {dag.py:3947} INFO - Setting next_dagrun for transfer_from_minio_to_snowflake_transactions to 2026-03-14 17:48:00+00:00, run_after=2026-03-14 17:49:00+00:00
[2026-03-14T17:49:01.430+0000] {processor.py:183} INFO - Processing /opt/airflow/dags/transfer.py took 0.109 seconds
[2026-03-14T17:49:31.779+0000] {processor.py:161} INFO - Started process (PID=2965) to work on /opt/airflow/dags/transfer.py
[2026-03-14T17:49:31.782+0000] {processor.py:830} INFO - Processing file /opt/airflow/dags/transfer.py for tasks to queue
[2026-03-14T17:49:31.786+0000] {logging_mixin.py:188} INFO - [2026-03-14T17:49:31.785+0000] {dagbag.py:545} INFO - Filling up the DagBag from /opt/airflow/dags/transfer.py
[2026-03-14T17:49:31.826+0000] {processor.py:840} INFO - DAG(s) 'transfer_from_minio_to_snowflake_transactions', 'transfer_from_minio_to_snowflake_accounts', 'transfer_from_minio_to_snowflake_customers' retrieved from /opt/airflow/dags/transfer.py
[2026-03-14T17:49:31.854+0000] {logging_mixin.py:188} INFO - [2026-03-14T17:49:31.854+0000] {dag.py:3089} INFO - Sync 3 DAGs
[2026-03-14T17:49:31.868+0000] {logging_mixin.py:188} INFO - [2026-03-14T17:49:31.868+0000] {dag.py:3947} INFO - Setting next_dagrun for transfer_from_minio_to_snowflake_accounts to 2026-03-14 17:48:00+00:00, run_after=2026-03-14 17:49:00+00:00
[2026-03-14T17:49:31.873+0000] {logging_mixin.py:188} INFO - [2026-03-14T17:49:31.873+0000] {dag.py:3947} INFO - Setting next_dagrun for transfer_from_minio_to_snowflake_customers to 2026-03-14 17:48:00+00:00, run_after=2026-03-14 17:49:00+00:00
[2026-03-14T17:49:31.875+0000] {logging_mixin.py:188} INFO - [2026-03-14T17:49:31.875+0000] {dag.py:3947} INFO - Setting next_dagrun for transfer_from_minio_to_snowflake_transactions to 2026-03-14 17:48:00+00:00, run_after=2026-03-14 17:49:00+00:00
[2026-03-14T17:49:31.883+0000] {processor.py:183} INFO - Processing /opt/airflow/dags/transfer.py took 0.116 seconds
[2026-03-14T17:50:02.281+0000] {processor.py:161} INFO - Started process (PID=2967) to work on /opt/airflow/dags/transfer.py
[2026-03-14T17:50:02.283+0000] {processor.py:830} INFO - Processing file /opt/airflow/dags/transfer.py for tasks to queue
[2026-03-14T17:50:02.288+0000] {logging_mixin.py:188} INFO - [2026-03-14T17:50:02.287+0000] {dagbag.py:545} INFO - Filling up the DagBag from /opt/airflow/dags/transfer.py
[2026-03-14T17:50:02.322+0000] {processor.py:840} INFO - DAG(s) 'transfer_from_minio_to_snowflake_customers', 'transfer_from_minio_to_snowflake_transactions', 'transfer_from_minio_to_snowflake_accounts' retrieved from /opt/airflow/dags/transfer.py
[2026-03-14T17:50:02.356+0000] {logging_mixin.py:188} INFO - [2026-03-14T17:50:02.356+0000] {dag.py:3089} INFO - Sync 3 DAGs
[2026-03-14T17:50:02.373+0000] {logging_mixin.py:188} INFO - [2026-03-14T17:50:02.373+0000] {dag.py:3947} INFO - Setting next_dagrun for transfer_from_minio_to_snowflake_accounts to 2026-03-14 17:49:00+00:00, run_after=2026-03-14 17:50:00+00:00
[2026-03-14T17:50:02.376+0000] {logging_mixin.py:188} INFO - [2026-03-14T17:50:02.376+0000] {dag.py:3947} INFO - Setting next_dagrun for transfer_from_minio_to_snowflake_customers to 2026-03-14 17:49:00+00:00, run_after=2026-03-14 17:50:00+00:00
[2026-03-14T17:50:02.378+0000] {logging_mixin.py:188} INFO - [2026-03-14T17:50:02.378+0000] {dag.py:3947} INFO - Setting next_dagrun for transfer_from_minio_to_snowflake_transactions to 2026-03-14 17:49:00+00:00, run_after=2026-03-14 17:50:00+00:00
[2026-03-14T17:50:02.386+0000] {processor.py:183} INFO - Processing /opt/airflow/dags/transfer.py took 0.113 seconds
[2026-03-14T17:50:32.727+0000] {processor.py:161} INFO - Started process (PID=2969) to work on /opt/airflow/dags/transfer.py
[2026-03-14T17:50:32.730+0000] {processor.py:830} INFO - Processing file /opt/airflow/dags/transfer.py for tasks to queue
[2026-03-14T17:50:32.733+0000] {logging_mixin.py:188} INFO - [2026-03-14T17:50:32.733+0000] {dagbag.py:545} INFO - Filling up the DagBag from /opt/airflow/dags/transfer.py
[2026-03-14T17:50:32.761+0000] {processor.py:840} INFO - DAG(s) 'transfer_from_minio_to_snowflake_accounts', 'transfer_from_minio_to_snowflake_transactions', 'transfer_from_minio_to_snowflake_customers' retrieved from /opt/airflow/dags/transfer.py
[2026-03-14T17:50:32.789+0000] {logging_mixin.py:188} INFO - [2026-03-14T17:50:32.789+0000] {dag.py:3089} INFO - Sync 3 DAGs
[2026-03-14T17:50:32.804+0000] {logging_mixin.py:188} INFO - [2026-03-14T17:50:32.804+0000] {dag.py:3947} INFO - Setting next_dagrun for transfer_from_minio_to_snowflake_accounts to 2026-03-14 17:49:00+00:00, run_after=2026-03-14 17:50:00+00:00
[2026-03-14T17:50:32.807+0000] {logging_mixin.py:188} INFO - [2026-03-14T17:50:32.807+0000] {dag.py:3947} INFO - Setting next_dagrun for transfer_from_minio_to_snowflake_customers to 2026-03-14 17:49:00+00:00, run_after=2026-03-14 17:50:00+00:00
[2026-03-14T17:50:32.808+0000] {logging_mixin.py:188} INFO - [2026-03-14T17:50:32.808+0000] {dag.py:3947} INFO - Setting next_dagrun for transfer_from_minio_to_snowflake_transactions to 2026-03-14 17:49:00+00:00, run_after=2026-03-14 17:50:00+00:00
[2026-03-14T17:50:32.816+0000] {processor.py:183} INFO - Processing /opt/airflow/dags/transfer.py took 0.098 seconds
[2026-03-14T17:51:03.220+0000] {processor.py:161} INFO - Started process (PID=2971) to work on /opt/airflow/dags/transfer.py
[2026-03-14T17:51:03.221+0000] {processor.py:830} INFO - Processing file /opt/airflow/dags/transfer.py for tasks to queue
[2026-03-14T17:51:03.224+0000] {logging_mixin.py:188} INFO - [2026-03-14T17:51:03.223+0000] {dagbag.py:545} INFO - Filling up the DagBag from /opt/airflow/dags/transfer.py
[2026-03-14T17:51:03.254+0000] {processor.py:840} INFO - DAG(s) 'transfer_from_minio_to_snowflake_customers', 'transfer_from_minio_to_snowflake_accounts', 'transfer_from_minio_to_snowflake_transactions' retrieved from /opt/airflow/dags/transfer.py
[2026-03-14T17:51:03.291+0000] {logging_mixin.py:188} INFO - [2026-03-14T17:51:03.291+0000] {dag.py:3089} INFO - Sync 3 DAGs
[2026-03-14T17:51:03.310+0000] {logging_mixin.py:188} INFO - [2026-03-14T17:51:03.310+0000] {dag.py:3947} INFO - Setting next_dagrun for transfer_from_minio_to_snowflake_accounts to 2026-03-14 17:50:00+00:00, run_after=2026-03-14 17:51:00+00:00
[2026-03-14T17:51:03.313+0000] {logging_mixin.py:188} INFO - [2026-03-14T17:51:03.313+0000] {dag.py:3947} INFO - Setting next_dagrun for transfer_from_minio_to_snowflake_customers to 2026-03-14 17:50:00+00:00, run_after=2026-03-14 17:51:00+00:00
[2026-03-14T17:51:03.315+0000] {logging_mixin.py:188} INFO - [2026-03-14T17:51:03.315+0000] {dag.py:3947} INFO - Setting next_dagrun for transfer_from_minio_to_snowflake_transactions to 2026-03-14 17:50:00+00:00, run_after=2026-03-14 17:51:00+00:00
[2026-03-14T17:51:03.323+0000] {processor.py:183} INFO - Processing /opt/airflow/dags/transfer.py took 0.115 seconds
[2026-03-14T17:51:33.681+0000] {processor.py:161} INFO - Started process (PID=2973) to work on /opt/airflow/dags/transfer.py
[2026-03-14T17:51:33.683+0000] {processor.py:830} INFO - Processing file /opt/airflow/dags/transfer.py for tasks to queue
[2026-03-14T17:51:33.690+0000] {logging_mixin.py:188} INFO - [2026-03-14T17:51:33.690+0000] {dagbag.py:545} INFO - Filling up the DagBag from /opt/airflow/dags/transfer.py
[2026-03-14T17:51:33.734+0000] {processor.py:840} INFO - DAG(s) 'transfer_from_minio_to_snowflake_transactions', 'transfer_from_minio_to_snowflake_accounts', 'transfer_from_minio_to_snowflake_customers' retrieved from /opt/airflow/dags/transfer.py
[2026-03-14T17:51:33.771+0000] {logging_mixin.py:188} INFO - [2026-03-14T17:51:33.771+0000] {dag.py:3089} INFO - Sync 3 DAGs
[2026-03-14T17:51:33.792+0000] {logging_mixin.py:188} INFO - [2026-03-14T17:51:33.792+0000] {dag.py:3947} INFO - Setting next_dagrun for transfer_from_minio_to_snowflake_accounts to 2026-03-14 17:50:00+00:00, run_after=2026-03-14 17:51:00+00:00
[2026-03-14T17:51:33.797+0000] {logging_mixin.py:188} INFO - [2026-03-14T17:51:33.797+0000] {dag.py:3947} INFO - Setting next_dagrun for transfer_from_minio_to_snowflake_customers to 2026-03-14 17:50:00+00:00, run_after=2026-03-14 17:51:00+00:00
[2026-03-14T17:51:33.798+0000] {logging_mixin.py:188} INFO - [2026-03-14T17:51:33.798+0000] {dag.py:3947} INFO - Setting next_dagrun for transfer_from_minio_to_snowflake_transactions to 2026-03-14 17:50:00+00:00, run_after=2026-03-14 17:51:00+00:00
[2026-03-14T17:51:33.808+0000] {processor.py:183} INFO - Processing /opt/airflow/dags/transfer.py took 0.138 seconds
[2026-03-14T17:52:04.169+0000] {processor.py:161} INFO - Started process (PID=2975) to work on /opt/airflow/dags/transfer.py
[2026-03-14T17:52:04.171+0000] {processor.py:830} INFO - Processing file /opt/airflow/dags/transfer.py for tasks to queue
[2026-03-14T17:52:04.173+0000] {logging_mixin.py:188} INFO - [2026-03-14T17:52:04.172+0000] {dagbag.py:545} INFO - Filling up the DagBag from /opt/airflow/dags/transfer.py
[2026-03-14T17:52:04.207+0000] {processor.py:840} INFO - DAG(s) 'transfer_from_minio_to_snowflake_transactions', 'transfer_from_minio_to_snowflake_customers', 'transfer_from_minio_to_snowflake_accounts' retrieved from /opt/airflow/dags/transfer.py
[2026-03-14T17:52:04.237+0000] {logging_mixin.py:188} INFO - [2026-03-14T17:52:04.237+0000] {dag.py:3089} INFO - Sync 3 DAGs
[2026-03-14T17:52:04.252+0000] {logging_mixin.py:188} INFO - [2026-03-14T17:52:04.252+0000] {dag.py:3947} INFO - Setting next_dagrun for transfer_from_minio_to_snowflake_accounts to 2026-03-14 17:51:00+00:00, run_after=2026-03-14 17:52:00+00:00
[2026-03-14T17:52:04.256+0000] {logging_mixin.py:188} INFO - [2026-03-14T17:52:04.255+0000] {dag.py:3947} INFO - Setting next_dagrun for transfer_from_minio_to_snowflake_customers to 2026-03-14 17:51:00+00:00, run_after=2026-03-14 17:52:00+00:00
[2026-03-14T17:52:04.257+0000] {logging_mixin.py:188} INFO - [2026-03-14T17:52:04.257+0000] {dag.py:3947} INFO - Setting next_dagrun for transfer_from_minio_to_snowflake_transactions to 2026-03-14 17:51:00+00:00, run_after=2026-03-14 17:52:00+00:00
[2026-03-14T17:52:04.265+0000] {processor.py:183} INFO - Processing /opt/airflow/dags/transfer.py took 0.107 seconds
[2026-03-14T17:52:34.663+0000] {processor.py:161} INFO - Started process (PID=2977) to work on /opt/airflow/dags/transfer.py
[2026-03-14T17:52:34.664+0000] {processor.py:830} INFO - Processing file /opt/airflow/dags/transfer.py for tasks to queue
[2026-03-14T17:52:34.666+0000] {logging_mixin.py:188} INFO - [2026-03-14T17:52:34.666+0000] {dagbag.py:545} INFO - Filling up the DagBag from /opt/airflow/dags/transfer.py
[2026-03-14T17:52:34.693+0000] {processor.py:840} INFO - DAG(s) 'transfer_from_minio_to_snowflake_transactions', 'transfer_from_minio_to_snowflake_customers', 'transfer_from_minio_to_snowflake_accounts' retrieved from /opt/airflow/dags/transfer.py
[2026-03-14T17:52:34.725+0000] {logging_mixin.py:188} INFO - [2026-03-14T17:52:34.724+0000] {dag.py:3089} INFO - Sync 3 DAGs
[2026-03-14T17:52:34.739+0000] {logging_mixin.py:188} INFO - [2026-03-14T17:52:34.739+0000] {dag.py:3947} INFO - Setting next_dagrun for transfer_from_minio_to_snowflake_accounts to 2026-03-14 17:51:00+00:00, run_after=2026-03-14 17:52:00+00:00
[2026-03-14T17:52:34.742+0000] {logging_mixin.py:188} INFO - [2026-03-14T17:52:34.742+0000] {dag.py:3947} INFO - Setting next_dagrun for transfer_from_minio_to_snowflake_customers to 2026-03-14 17:51:00+00:00, run_after=2026-03-14 17:52:00+00:00
[2026-03-14T17:52:34.744+0000] {logging_mixin.py:188} INFO - [2026-03-14T17:52:34.744+0000] {dag.py:3947} INFO - Setting next_dagrun for transfer_from_minio_to_snowflake_transactions to 2026-03-14 17:51:00+00:00, run_after=2026-03-14 17:52:00+00:00
[2026-03-14T17:52:34.752+0000] {processor.py:183} INFO - Processing /opt/airflow/dags/transfer.py took 0.103 seconds
[2026-03-14T17:53:05.112+0000] {processor.py:161} INFO - Started process (PID=2979) to work on /opt/airflow/dags/transfer.py
[2026-03-14T17:53:05.115+0000] {processor.py:830} INFO - Processing file /opt/airflow/dags/transfer.py for tasks to queue
[2026-03-14T17:53:05.121+0000] {logging_mixin.py:188} INFO - [2026-03-14T17:53:05.121+0000] {dagbag.py:545} INFO - Filling up the DagBag from /opt/airflow/dags/transfer.py
[2026-03-14T17:53:05.150+0000] {processor.py:840} INFO - DAG(s) 'transfer_from_minio_to_snowflake_customers', 'transfer_from_minio_to_snowflake_accounts', 'transfer_from_minio_to_snowflake_transactions' retrieved from /opt/airflow/dags/transfer.py
[2026-03-14T17:53:05.189+0000] {logging_mixin.py:188} INFO - [2026-03-14T17:53:05.189+0000] {dag.py:3089} INFO - Sync 3 DAGs
[2026-03-14T17:53:05.204+0000] {logging_mixin.py:188} INFO - [2026-03-14T17:53:05.204+0000] {dag.py:3947} INFO - Setting next_dagrun for transfer_from_minio_to_snowflake_accounts to 2026-03-14 17:52:00+00:00, run_after=2026-03-14 17:53:00+00:00
[2026-03-14T17:53:05.207+0000] {logging_mixin.py:188} INFO - [2026-03-14T17:53:05.207+0000] {dag.py:3947} INFO - Setting next_dagrun for transfer_from_minio_to_snowflake_customers to 2026-03-14 17:52:00+00:00, run_after=2026-03-14 17:53:00+00:00
[2026-03-14T17:53:05.209+0000] {logging_mixin.py:188} INFO - [2026-03-14T17:53:05.209+0000] {dag.py:3947} INFO - Setting next_dagrun for transfer_from_minio_to_snowflake_transactions to 2026-03-14 17:52:00+00:00, run_after=2026-03-14 17:53:00+00:00
[2026-03-14T17:53:05.217+0000] {processor.py:183} INFO - Processing /opt/airflow/dags/transfer.py took 0.115 seconds
[2026-03-14T17:53:35.610+0000] {processor.py:161} INFO - Started process (PID=2981) to work on /opt/airflow/dags/transfer.py
[2026-03-14T17:53:35.611+0000] {processor.py:830} INFO - Processing file /opt/airflow/dags/transfer.py for tasks to queue
[2026-03-14T17:53:35.614+0000] {logging_mixin.py:188} INFO - [2026-03-14T17:53:35.614+0000] {dagbag.py:545} INFO - Filling up the DagBag from /opt/airflow/dags/transfer.py
[2026-03-14T17:53:35.653+0000] {processor.py:840} INFO - DAG(s) 'transfer_from_minio_to_snowflake_accounts', 'transfer_from_minio_to_snowflake_transactions', 'transfer_from_minio_to_snowflake_customers' retrieved from /opt/airflow/dags/transfer.py
[2026-03-14T17:53:35.695+0000] {logging_mixin.py:188} INFO - [2026-03-14T17:53:35.695+0000] {dag.py:3089} INFO - Sync 3 DAGs
[2026-03-14T17:53:35.711+0000] {logging_mixin.py:188} INFO - [2026-03-14T17:53:35.711+0000] {dag.py:3947} INFO - Setting next_dagrun for transfer_from_minio_to_snowflake_accounts to 2026-03-14 17:52:00+00:00, run_after=2026-03-14 17:53:00+00:00
[2026-03-14T17:53:35.714+0000] {logging_mixin.py:188} INFO - [2026-03-14T17:53:35.714+0000] {dag.py:3947} INFO - Setting next_dagrun for transfer_from_minio_to_snowflake_customers to 2026-03-14 17:52:00+00:00, run_after=2026-03-14 17:53:00+00:00
[2026-03-14T17:53:35.715+0000] {logging_mixin.py:188} INFO - [2026-03-14T17:53:35.715+0000] {dag.py:3947} INFO - Setting next_dagrun for transfer_from_minio_to_snowflake_transactions to 2026-03-14 17:52:00+00:00, run_after=2026-03-14 17:53:00+00:00
[2026-03-14T17:53:35.723+0000] {processor.py:183} INFO - Processing /opt/airflow/dags/transfer.py took 0.122 seconds
[2026-03-14T17:54:06.116+0000] {processor.py:161} INFO - Started process (PID=2983) to work on /opt/airflow/dags/transfer.py
[2026-03-14T17:54:06.120+0000] {processor.py:830} INFO - Processing file /opt/airflow/dags/transfer.py for tasks to queue
[2026-03-14T17:54:06.124+0000] {logging_mixin.py:188} INFO - [2026-03-14T17:54:06.123+0000] {dagbag.py:545} INFO - Filling up the DagBag from /opt/airflow/dags/transfer.py
[2026-03-14T17:54:06.160+0000] {processor.py:840} INFO - DAG(s) 'transfer_from_minio_to_snowflake_transactions', 'transfer_from_minio_to_snowflake_customers', 'transfer_from_minio_to_snowflake_accounts' retrieved from /opt/airflow/dags/transfer.py
[2026-03-14T17:54:06.192+0000] {logging_mixin.py:188} INFO - [2026-03-14T17:54:06.192+0000] {dag.py:3089} INFO - Sync 3 DAGs
[2026-03-14T17:54:06.216+0000] {logging_mixin.py:188} INFO - [2026-03-14T17:54:06.216+0000] {dag.py:3947} INFO - Setting next_dagrun for transfer_from_minio_to_snowflake_accounts to 2026-03-14 17:53:00+00:00, run_after=2026-03-14 17:54:00+00:00
[2026-03-14T17:54:06.221+0000] {logging_mixin.py:188} INFO - [2026-03-14T17:54:06.221+0000] {dag.py:3947} INFO - Setting next_dagrun for transfer_from_minio_to_snowflake_customers to 2026-03-14 17:53:00+00:00, run_after=2026-03-14 17:54:00+00:00
[2026-03-14T17:54:06.223+0000] {logging_mixin.py:188} INFO - [2026-03-14T17:54:06.223+0000] {dag.py:3947} INFO - Setting next_dagrun for transfer_from_minio_to_snowflake_transactions to 2026-03-14 17:53:00+00:00, run_after=2026-03-14 17:54:00+00:00
[2026-03-14T17:54:06.231+0000] {processor.py:183} INFO - Processing /opt/airflow/dags/transfer.py took 0.129 seconds
[2026-03-14T17:54:36.637+0000] {processor.py:161} INFO - Started process (PID=2985) to work on /opt/airflow/dags/transfer.py
[2026-03-14T17:54:36.640+0000] {processor.py:830} INFO - Processing file /opt/airflow/dags/transfer.py for tasks to queue
[2026-03-14T17:54:36.643+0000] {logging_mixin.py:188} INFO - [2026-03-14T17:54:36.642+0000] {dagbag.py:545} INFO - Filling up the DagBag from /opt/airflow/dags/transfer.py
[2026-03-14T17:54:36.675+0000] {processor.py:840} INFO - DAG(s) 'transfer_from_minio_to_snowflake_accounts', 'transfer_from_minio_to_snowflake_transactions', 'transfer_from_minio_to_snowflake_customers' retrieved from /opt/airflow/dags/transfer.py
[2026-03-14T17:54:36.709+0000] {logging_mixin.py:188} INFO - [2026-03-14T17:54:36.708+0000] {dag.py:3089} INFO - Sync 3 DAGs
[2026-03-14T17:54:36.726+0000] {logging_mixin.py:188} INFO - [2026-03-14T17:54:36.726+0000] {dag.py:3947} INFO - Setting next_dagrun for transfer_from_minio_to_snowflake_accounts to 2026-03-14 17:53:00+00:00, run_after=2026-03-14 17:54:00+00:00
[2026-03-14T17:54:36.729+0000] {logging_mixin.py:188} INFO - [2026-03-14T17:54:36.729+0000] {dag.py:3947} INFO - Setting next_dagrun for transfer_from_minio_to_snowflake_customers to 2026-03-14 17:53:00+00:00, run_after=2026-03-14 17:54:00+00:00
[2026-03-14T17:54:36.731+0000] {logging_mixin.py:188} INFO - [2026-03-14T17:54:36.731+0000] {dag.py:3947} INFO - Setting next_dagrun for transfer_from_minio_to_snowflake_transactions to 2026-03-14 17:53:00+00:00, run_after=2026-03-14 17:54:00+00:00
[2026-03-14T17:54:36.738+0000] {processor.py:183} INFO - Processing /opt/airflow/dags/transfer.py took 0.111 seconds
[2026-03-14T17:55:07.152+0000] {processor.py:161} INFO - Started process (PID=2987) to work on /opt/airflow/dags/transfer.py
[2026-03-14T17:55:07.153+0000] {processor.py:830} INFO - Processing file /opt/airflow/dags/transfer.py for tasks to queue
[2026-03-14T17:55:07.156+0000] {logging_mixin.py:188} INFO - [2026-03-14T17:55:07.156+0000] {dagbag.py:545} INFO - Filling up the DagBag from /opt/airflow/dags/transfer.py
[2026-03-14T17:55:07.187+0000] {processor.py:840} INFO - DAG(s) 'transfer_from_minio_to_snowflake_accounts', 'transfer_from_minio_to_snowflake_customers', 'transfer_from_minio_to_snowflake_transactions' retrieved from /opt/airflow/dags/transfer.py
[2026-03-14T17:55:07.217+0000] {logging_mixin.py:188} INFO - [2026-03-14T17:55:07.216+0000] {dag.py:3089} INFO - Sync 3 DAGs
[2026-03-14T17:55:07.231+0000] {logging_mixin.py:188} INFO - [2026-03-14T17:55:07.231+0000] {dag.py:3947} INFO - Setting next_dagrun for transfer_from_minio_to_snowflake_accounts to 2026-03-14 17:54:00+00:00, run_after=2026-03-14 17:55:00+00:00
[2026-03-14T17:55:07.234+0000] {logging_mixin.py:188} INFO - [2026-03-14T17:55:07.234+0000] {dag.py:3947} INFO - Setting next_dagrun for transfer_from_minio_to_snowflake_customers to 2026-03-14 17:54:00+00:00, run_after=2026-03-14 17:55:00+00:00
[2026-03-14T17:55:07.236+0000] {logging_mixin.py:188} INFO - [2026-03-14T17:55:07.236+0000] {dag.py:3947} INFO - Setting next_dagrun for transfer_from_minio_to_snowflake_transactions to 2026-03-14 17:54:00+00:00, run_after=2026-03-14 17:55:00+00:00
[2026-03-14T17:55:07.246+0000] {processor.py:183} INFO - Processing /opt/airflow/dags/transfer.py took 0.103 seconds
[2026-03-14T17:55:37.637+0000] {processor.py:161} INFO - Started process (PID=2989) to work on /opt/airflow/dags/transfer.py
[2026-03-14T17:55:37.639+0000] {processor.py:830} INFO - Processing file /opt/airflow/dags/transfer.py for tasks to queue
[2026-03-14T17:55:37.642+0000] {logging_mixin.py:188} INFO - [2026-03-14T17:55:37.641+0000] {dagbag.py:545} INFO - Filling up the DagBag from /opt/airflow/dags/transfer.py
[2026-03-14T17:55:37.670+0000] {processor.py:840} INFO - DAG(s) 'transfer_from_minio_to_snowflake_accounts', 'transfer_from_minio_to_snowflake_customers', 'transfer_from_minio_to_snowflake_transactions' retrieved from /opt/airflow/dags/transfer.py
[2026-03-14T17:55:37.699+0000] {logging_mixin.py:188} INFO - [2026-03-14T17:55:37.699+0000] {dag.py:3089} INFO - Sync 3 DAGs
[2026-03-14T17:55:37.716+0000] {logging_mixin.py:188} INFO - [2026-03-14T17:55:37.716+0000] {dag.py:3947} INFO - Setting next_dagrun for transfer_from_minio_to_snowflake_accounts to 2026-03-14 17:54:00+00:00, run_after=2026-03-14 17:55:00+00:00
[2026-03-14T17:55:37.719+0000] {logging_mixin.py:188} INFO - [2026-03-14T17:55:37.719+0000] {dag.py:3947} INFO - Setting next_dagrun for transfer_from_minio_to_snowflake_customers to 2026-03-14 17:54:00+00:00, run_after=2026-03-14 17:55:00+00:00
[2026-03-14T17:55:37.720+0000] {logging_mixin.py:188} INFO - [2026-03-14T17:55:37.720+0000] {dag.py:3947} INFO - Setting next_dagrun for transfer_from_minio_to_snowflake_transactions to 2026-03-14 17:54:00+00:00, run_after=2026-03-14 17:55:00+00:00
[2026-03-14T17:55:37.727+0000] {processor.py:183} INFO - Processing /opt/airflow/dags/transfer.py took 0.100 seconds
[2026-03-14T17:56:08.115+0000] {processor.py:161} INFO - Started process (PID=2991) to work on /opt/airflow/dags/transfer.py
[2026-03-14T17:56:08.117+0000] {processor.py:830} INFO - Processing file /opt/airflow/dags/transfer.py for tasks to queue
[2026-03-14T17:56:08.121+0000] {logging_mixin.py:188} INFO - [2026-03-14T17:56:08.121+0000] {dagbag.py:545} INFO - Filling up the DagBag from /opt/airflow/dags/transfer.py
[2026-03-14T17:56:08.160+0000] {processor.py:840} INFO - DAG(s) 'transfer_from_minio_to_snowflake_accounts', 'transfer_from_minio_to_snowflake_transactions', 'transfer_from_minio_to_snowflake_customers' retrieved from /opt/airflow/dags/transfer.py
[2026-03-14T17:56:08.193+0000] {logging_mixin.py:188} INFO - [2026-03-14T17:56:08.193+0000] {dag.py:3089} INFO - Sync 3 DAGs
[2026-03-14T17:56:08.210+0000] {logging_mixin.py:188} INFO - [2026-03-14T17:56:08.209+0000] {dag.py:3947} INFO - Setting next_dagrun for transfer_from_minio_to_snowflake_accounts to 2026-03-14 17:55:00+00:00, run_after=2026-03-14 17:56:00+00:00
[2026-03-14T17:56:08.213+0000] {logging_mixin.py:188} INFO - [2026-03-14T17:56:08.212+0000] {dag.py:3947} INFO - Setting next_dagrun for transfer_from_minio_to_snowflake_customers to 2026-03-14 17:55:00+00:00, run_after=2026-03-14 17:56:00+00:00
[2026-03-14T17:56:08.215+0000] {logging_mixin.py:188} INFO - [2026-03-14T17:56:08.214+0000] {dag.py:3947} INFO - Setting next_dagrun for transfer_from_minio_to_snowflake_transactions to 2026-03-14 17:55:00+00:00, run_after=2026-03-14 17:56:00+00:00
[2026-03-14T17:56:08.223+0000] {processor.py:183} INFO - Processing /opt/airflow/dags/transfer.py took 0.125 seconds
[2026-03-14T17:56:38.587+0000] {processor.py:161} INFO - Started process (PID=2993) to work on /opt/airflow/dags/transfer.py
[2026-03-14T17:56:38.589+0000] {processor.py:830} INFO - Processing file /opt/airflow/dags/transfer.py for tasks to queue
[2026-03-14T17:56:38.593+0000] {logging_mixin.py:188} INFO - [2026-03-14T17:56:38.593+0000] {dagbag.py:545} INFO - Filling up the DagBag from /opt/airflow/dags/transfer.py
[2026-03-14T17:56:38.627+0000] {processor.py:840} INFO - DAG(s) 'transfer_from_minio_to_snowflake_customers', 'transfer_from_minio_to_snowflake_transactions', 'transfer_from_minio_to_snowflake_accounts' retrieved from /opt/airflow/dags/transfer.py
[2026-03-14T17:56:38.667+0000] {logging_mixin.py:188} INFO - [2026-03-14T17:56:38.667+0000] {dag.py:3089} INFO - Sync 3 DAGs
[2026-03-14T17:56:38.684+0000] {logging_mixin.py:188} INFO - [2026-03-14T17:56:38.684+0000] {dag.py:3947} INFO - Setting next_dagrun for transfer_from_minio_to_snowflake_accounts to 2026-03-14 17:55:00+00:00, run_after=2026-03-14 17:56:00+00:00
[2026-03-14T17:56:38.687+0000] {logging_mixin.py:188} INFO - [2026-03-14T17:56:38.687+0000] {dag.py:3947} INFO - Setting next_dagrun for transfer_from_minio_to_snowflake_customers to 2026-03-14 17:55:00+00:00, run_after=2026-03-14 17:56:00+00:00
[2026-03-14T17:56:38.689+0000] {logging_mixin.py:188} INFO - [2026-03-14T17:56:38.689+0000] {dag.py:3947} INFO - Setting next_dagrun for transfer_from_minio_to_snowflake_transactions to 2026-03-14 17:55:00+00:00, run_after=2026-03-14 17:56:00+00:00
[2026-03-14T17:56:38.698+0000] {processor.py:183} INFO - Processing /opt/airflow/dags/transfer.py took 0.118 seconds
[2026-03-14T17:57:09.101+0000] {processor.py:161} INFO - Started process (PID=2995) to work on /opt/airflow/dags/transfer.py
[2026-03-14T17:57:09.106+0000] {processor.py:830} INFO - Processing file /opt/airflow/dags/transfer.py for tasks to queue
[2026-03-14T17:57:09.115+0000] {logging_mixin.py:188} INFO - [2026-03-14T17:57:09.114+0000] {dagbag.py:545} INFO - Filling up the DagBag from /opt/airflow/dags/transfer.py
[2026-03-14T17:57:09.156+0000] {processor.py:840} INFO - DAG(s) 'transfer_from_minio_to_snowflake_transactions', 'transfer_from_minio_to_snowflake_customers', 'transfer_from_minio_to_snowflake_accounts' retrieved from /opt/airflow/dags/transfer.py
[2026-03-14T17:57:09.189+0000] {logging_mixin.py:188} INFO - [2026-03-14T17:57:09.188+0000] {dag.py:3089} INFO - Sync 3 DAGs
[2026-03-14T17:57:09.204+0000] {logging_mixin.py:188} INFO - [2026-03-14T17:57:09.203+0000] {dag.py:3947} INFO - Setting next_dagrun for transfer_from_minio_to_snowflake_accounts to 2026-03-14 17:56:00+00:00, run_after=2026-03-14 17:57:00+00:00
[2026-03-14T17:57:09.206+0000] {logging_mixin.py:188} INFO - [2026-03-14T17:57:09.206+0000] {dag.py:3947} INFO - Setting next_dagrun for transfer_from_minio_to_snowflake_customers to 2026-03-14 17:56:00+00:00, run_after=2026-03-14 17:57:00+00:00
[2026-03-14T17:57:09.208+0000] {logging_mixin.py:188} INFO - [2026-03-14T17:57:09.208+0000] {dag.py:3947} INFO - Setting next_dagrun for transfer_from_minio_to_snowflake_transactions to 2026-03-14 17:56:00+00:00, run_after=2026-03-14 17:57:00+00:00
[2026-03-14T17:57:09.216+0000] {processor.py:183} INFO - Processing /opt/airflow/dags/transfer.py took 0.129 seconds
[2026-03-14T17:57:39.620+0000] {processor.py:161} INFO - Started process (PID=2997) to work on /opt/airflow/dags/transfer.py
[2026-03-14T17:57:39.623+0000] {processor.py:830} INFO - Processing file /opt/airflow/dags/transfer.py for tasks to queue
[2026-03-14T17:57:39.627+0000] {logging_mixin.py:188} INFO - [2026-03-14T17:57:39.626+0000] {dagbag.py:545} INFO - Filling up the DagBag from /opt/airflow/dags/transfer.py
[2026-03-14T17:57:39.653+0000] {processor.py:840} INFO - DAG(s) 'transfer_from_minio_to_snowflake_accounts', 'transfer_from_minio_to_snowflake_transactions', 'transfer_from_minio_to_snowflake_customers' retrieved from /opt/airflow/dags/transfer.py
[2026-03-14T17:57:39.677+0000] {logging_mixin.py:188} INFO - [2026-03-14T17:57:39.677+0000] {dag.py:3089} INFO - Sync 3 DAGs
[2026-03-14T17:57:39.696+0000] {logging_mixin.py:188} INFO - [2026-03-14T17:57:39.696+0000] {dag.py:3947} INFO - Setting next_dagrun for transfer_from_minio_to_snowflake_accounts to 2026-03-14 17:56:00+00:00, run_after=2026-03-14 17:57:00+00:00
[2026-03-14T17:57:39.699+0000] {logging_mixin.py:188} INFO - [2026-03-14T17:57:39.699+0000] {dag.py:3947} INFO - Setting next_dagrun for transfer_from_minio_to_snowflake_customers to 2026-03-14 17:56:00+00:00, run_after=2026-03-14 17:57:00+00:00
[2026-03-14T17:57:39.701+0000] {logging_mixin.py:188} INFO - [2026-03-14T17:57:39.701+0000] {dag.py:3947} INFO - Setting next_dagrun for transfer_from_minio_to_snowflake_transactions to 2026-03-14 17:56:00+00:00, run_after=2026-03-14 17:57:00+00:00
[2026-03-14T17:57:39.709+0000] {processor.py:183} INFO - Processing /opt/airflow/dags/transfer.py took 0.097 seconds
[2026-03-14T17:58:10.165+0000] {processor.py:161} INFO - Started process (PID=2999) to work on /opt/airflow/dags/transfer.py
[2026-03-14T17:58:10.167+0000] {processor.py:830} INFO - Processing file /opt/airflow/dags/transfer.py for tasks to queue
[2026-03-14T17:58:10.168+0000] {logging_mixin.py:188} INFO - [2026-03-14T17:58:10.168+0000] {dagbag.py:545} INFO - Filling up the DagBag from /opt/airflow/dags/transfer.py
[2026-03-14T17:58:10.187+0000] {processor.py:840} INFO - DAG(s) 'transfer_from_minio_to_snowflake_customers', 'transfer_from_minio_to_snowflake_transactions', 'transfer_from_minio_to_snowflake_accounts' retrieved from /opt/airflow/dags/transfer.py
[2026-03-14T17:58:10.311+0000] {logging_mixin.py:188} INFO - [2026-03-14T17:58:10.310+0000] {dag.py:3089} INFO - Sync 3 DAGs
[2026-03-14T17:58:10.329+0000] {logging_mixin.py:188} INFO - [2026-03-14T17:58:10.329+0000] {dag.py:3947} INFO - Setting next_dagrun for transfer_from_minio_to_snowflake_accounts to 2026-03-14 17:57:00+00:00, run_after=2026-03-14 17:58:00+00:00
[2026-03-14T17:58:10.332+0000] {logging_mixin.py:188} INFO - [2026-03-14T17:58:10.332+0000] {dag.py:3947} INFO - Setting next_dagrun for transfer_from_minio_to_snowflake_customers to 2026-03-14 17:57:00+00:00, run_after=2026-03-14 17:58:00+00:00
[2026-03-14T17:58:10.334+0000] {logging_mixin.py:188} INFO - [2026-03-14T17:58:10.334+0000] {dag.py:3947} INFO - Setting next_dagrun for transfer_from_minio_to_snowflake_transactions to 2026-03-14 17:57:00+00:00, run_after=2026-03-14 17:58:00+00:00
[2026-03-14T17:58:10.351+0000] {processor.py:183} INFO - Processing /opt/airflow/dags/transfer.py took 0.223 seconds
[2026-03-14T17:58:40.548+0000] {processor.py:161} INFO - Started process (PID=3001) to work on /opt/airflow/dags/transfer.py
[2026-03-14T17:58:40.552+0000] {processor.py:830} INFO - Processing file /opt/airflow/dags/transfer.py for tasks to queue
[2026-03-14T17:58:40.557+0000] {logging_mixin.py:188} INFO - [2026-03-14T17:58:40.557+0000] {dagbag.py:545} INFO - Filling up the DagBag from /opt/airflow/dags/transfer.py
[2026-03-14T17:58:40.586+0000] {processor.py:840} INFO - DAG(s) 'transfer_from_minio_to_snowflake_accounts', 'transfer_from_minio_to_snowflake_customers', 'transfer_from_minio_to_snowflake_transactions' retrieved from /opt/airflow/dags/transfer.py
[2026-03-14T17:58:40.612+0000] {logging_mixin.py:188} INFO - [2026-03-14T17:58:40.612+0000] {dag.py:3089} INFO - Sync 3 DAGs
[2026-03-14T17:58:40.626+0000] {logging_mixin.py:188} INFO - [2026-03-14T17:58:40.626+0000] {dag.py:3947} INFO - Setting next_dagrun for transfer_from_minio_to_snowflake_accounts to 2026-03-14 17:57:00+00:00, run_after=2026-03-14 17:58:00+00:00
[2026-03-14T17:58:40.629+0000] {logging_mixin.py:188} INFO - [2026-03-14T17:58:40.629+0000] {dag.py:3947} INFO - Setting next_dagrun for transfer_from_minio_to_snowflake_customers to 2026-03-14 17:57:00+00:00, run_after=2026-03-14 17:58:00+00:00
[2026-03-14T17:58:40.631+0000] {logging_mixin.py:188} INFO - [2026-03-14T17:58:40.631+0000] {dag.py:3947} INFO - Setting next_dagrun for transfer_from_minio_to_snowflake_transactions to 2026-03-14 17:57:00+00:00, run_after=2026-03-14 17:58:00+00:00
[2026-03-14T17:58:40.638+0000] {processor.py:183} INFO - Processing /opt/airflow/dags/transfer.py took 0.100 seconds
[2026-03-14T17:59:11.015+0000] {processor.py:161} INFO - Started process (PID=3003) to work on /opt/airflow/dags/transfer.py
[2026-03-14T17:59:11.017+0000] {processor.py:830} INFO - Processing file /opt/airflow/dags/transfer.py for tasks to queue
[2026-03-14T17:59:11.019+0000] {logging_mixin.py:188} INFO - [2026-03-14T17:59:11.019+0000] {dagbag.py:545} INFO - Filling up the DagBag from /opt/airflow/dags/transfer.py
[2026-03-14T17:59:11.062+0000] {processor.py:840} INFO - DAG(s) 'transfer_from_minio_to_snowflake_customers', 'transfer_from_minio_to_snowflake_accounts', 'transfer_from_minio_to_snowflake_transactions' retrieved from /opt/airflow/dags/transfer.py
[2026-03-14T17:59:11.095+0000] {logging_mixin.py:188} INFO - [2026-03-14T17:59:11.095+0000] {dag.py:3089} INFO - Sync 3 DAGs
[2026-03-14T17:59:11.112+0000] {logging_mixin.py:188} INFO - [2026-03-14T17:59:11.112+0000] {dag.py:3947} INFO - Setting next_dagrun for transfer_from_minio_to_snowflake_accounts to 2026-03-14 17:58:00+00:00, run_after=2026-03-14 17:59:00+00:00
[2026-03-14T17:59:11.115+0000] {logging_mixin.py:188} INFO - [2026-03-14T17:59:11.115+0000] {dag.py:3947} INFO - Setting next_dagrun for transfer_from_minio_to_snowflake_customers to 2026-03-14 17:58:00+00:00, run_after=2026-03-14 17:59:00+00:00
[2026-03-14T17:59:11.116+0000] {logging_mixin.py:188} INFO - [2026-03-14T17:59:11.116+0000] {dag.py:3947} INFO - Setting next_dagrun for transfer_from_minio_to_snowflake_transactions to 2026-03-14 17:58:00+00:00, run_after=2026-03-14 17:59:00+00:00
[2026-03-14T17:59:11.124+0000] {processor.py:183} INFO - Processing /opt/airflow/dags/transfer.py took 0.123 seconds
[2026-03-14T17:59:41.484+0000] {processor.py:161} INFO - Started process (PID=3005) to work on /opt/airflow/dags/transfer.py
[2026-03-14T17:59:41.487+0000] {processor.py:830} INFO - Processing file /opt/airflow/dags/transfer.py for tasks to queue
[2026-03-14T17:59:41.490+0000] {logging_mixin.py:188} INFO - [2026-03-14T17:59:41.490+0000] {dagbag.py:545} INFO - Filling up the DagBag from /opt/airflow/dags/transfer.py
[2026-03-14T17:59:41.529+0000] {processor.py:840} INFO - DAG(s) 'transfer_from_minio_to_snowflake_accounts', 'transfer_from_minio_to_snowflake_customers', 'transfer_from_minio_to_snowflake_transactions' retrieved from /opt/airflow/dags/transfer.py
[2026-03-14T17:59:41.556+0000] {logging_mixin.py:188} INFO - [2026-03-14T17:59:41.556+0000] {dag.py:3089} INFO - Sync 3 DAGs
[2026-03-14T17:59:41.575+0000] {logging_mixin.py:188} INFO - [2026-03-14T17:59:41.575+0000] {dag.py:3947} INFO - Setting next_dagrun for transfer_from_minio_to_snowflake_accounts to 2026-03-14 17:58:00+00:00, run_after=2026-03-14 17:59:00+00:00
[2026-03-14T17:59:41.578+0000] {logging_mixin.py:188} INFO - [2026-03-14T17:59:41.577+0000] {dag.py:3947} INFO - Setting next_dagrun for transfer_from_minio_to_snowflake_customers to 2026-03-14 17:58:00+00:00, run_after=2026-03-14 17:59:00+00:00
[2026-03-14T17:59:41.579+0000] {logging_mixin.py:188} INFO - [2026-03-14T17:59:41.579+0000] {dag.py:3947} INFO - Setting next_dagrun for transfer_from_minio_to_snowflake_transactions to 2026-03-14 17:58:00+00:00, run_after=2026-03-14 17:59:00+00:00
[2026-03-14T17:59:41.586+0000] {processor.py:183} INFO - Processing /opt/airflow/dags/transfer.py took 0.112 seconds
[2026-03-14T18:00:11.950+0000] {processor.py:161} INFO - Started process (PID=3007) to work on /opt/airflow/dags/transfer.py
[2026-03-14T18:00:11.953+0000] {processor.py:830} INFO - Processing file /opt/airflow/dags/transfer.py for tasks to queue
[2026-03-14T18:00:11.958+0000] {logging_mixin.py:188} INFO - [2026-03-14T18:00:11.958+0000] {dagbag.py:545} INFO - Filling up the DagBag from /opt/airflow/dags/transfer.py
[2026-03-14T18:00:11.991+0000] {processor.py:840} INFO - DAG(s) 'transfer_from_minio_to_snowflake_customers', 'transfer_from_minio_to_snowflake_transactions', 'transfer_from_minio_to_snowflake_accounts' retrieved from /opt/airflow/dags/transfer.py
[2026-03-14T18:00:12.023+0000] {logging_mixin.py:188} INFO - [2026-03-14T18:00:12.023+0000] {dag.py:3089} INFO - Sync 3 DAGs
[2026-03-14T18:00:12.038+0000] {logging_mixin.py:188} INFO - [2026-03-14T18:00:12.038+0000] {dag.py:3947} INFO - Setting next_dagrun for transfer_from_minio_to_snowflake_accounts to 2026-03-14 17:59:00+00:00, run_after=2026-03-14 18:00:00+00:00
[2026-03-14T18:00:12.041+0000] {logging_mixin.py:188} INFO - [2026-03-14T18:00:12.041+0000] {dag.py:3947} INFO - Setting next_dagrun for transfer_from_minio_to_snowflake_customers to 2026-03-14 17:59:00+00:00, run_after=2026-03-14 18:00:00+00:00
[2026-03-14T18:00:12.042+0000] {logging_mixin.py:188} INFO - [2026-03-14T18:00:12.042+0000] {dag.py:3947} INFO - Setting next_dagrun for transfer_from_minio_to_snowflake_transactions to 2026-03-14 17:59:00+00:00, run_after=2026-03-14 18:00:00+00:00
[2026-03-14T18:00:12.051+0000] {processor.py:183} INFO - Processing /opt/airflow/dags/transfer.py took 0.110 seconds
[2026-03-14T18:00:42.367+0000] {processor.py:161} INFO - Started process (PID=3009) to work on /opt/airflow/dags/transfer.py
[2026-03-14T18:00:42.368+0000] {processor.py:830} INFO - Processing file /opt/airflow/dags/transfer.py for tasks to queue
[2026-03-14T18:00:42.371+0000] {logging_mixin.py:188} INFO - [2026-03-14T18:00:42.370+0000] {dagbag.py:545} INFO - Filling up the DagBag from /opt/airflow/dags/transfer.py
[2026-03-14T18:00:42.404+0000] {processor.py:840} INFO - DAG(s) 'transfer_from_minio_to_snowflake_accounts', 'transfer_from_minio_to_snowflake_transactions', 'transfer_from_minio_to_snowflake_customers' retrieved from /opt/airflow/dags/transfer.py
[2026-03-14T18:00:42.448+0000] {logging_mixin.py:188} INFO - [2026-03-14T18:00:42.448+0000] {dag.py:3089} INFO - Sync 3 DAGs
[2026-03-14T18:00:42.464+0000] {logging_mixin.py:188} INFO - [2026-03-14T18:00:42.464+0000] {dag.py:3947} INFO - Setting next_dagrun for transfer_from_minio_to_snowflake_accounts to 2026-03-14 17:59:00+00:00, run_after=2026-03-14 18:00:00+00:00
[2026-03-14T18:00:42.468+0000] {logging_mixin.py:188} INFO - [2026-03-14T18:00:42.468+0000] {dag.py:3947} INFO - Setting next_dagrun for transfer_from_minio_to_snowflake_customers to 2026-03-14 17:59:00+00:00, run_after=2026-03-14 18:00:00+00:00
[2026-03-14T18:00:42.470+0000] {logging_mixin.py:188} INFO - [2026-03-14T18:00:42.470+0000] {dag.py:3947} INFO - Setting next_dagrun for transfer_from_minio_to_snowflake_transactions to 2026-03-14 17:59:00+00:00, run_after=2026-03-14 18:00:00+00:00
[2026-03-14T18:00:42.483+0000] {processor.py:183} INFO - Processing /opt/airflow/dags/transfer.py took 0.124 seconds
[2026-03-14T18:01:12.775+0000] {processor.py:161} INFO - Started process (PID=3011) to work on /opt/airflow/dags/transfer.py
[2026-03-14T18:01:12.777+0000] {processor.py:830} INFO - Processing file /opt/airflow/dags/transfer.py for tasks to queue
[2026-03-14T18:01:12.783+0000] {logging_mixin.py:188} INFO - [2026-03-14T18:01:12.782+0000] {dagbag.py:545} INFO - Filling up the DagBag from /opt/airflow/dags/transfer.py
[2026-03-14T18:01:12.819+0000] {processor.py:840} INFO - DAG(s) 'transfer_from_minio_to_snowflake_accounts', 'transfer_from_minio_to_snowflake_customers', 'transfer_from_minio_to_snowflake_transactions' retrieved from /opt/airflow/dags/transfer.py
[2026-03-14T18:01:12.858+0000] {logging_mixin.py:188} INFO - [2026-03-14T18:01:12.858+0000] {dag.py:3089} INFO - Sync 3 DAGs
[2026-03-14T18:01:12.872+0000] {logging_mixin.py:188} INFO - [2026-03-14T18:01:12.872+0000] {dag.py:3947} INFO - Setting next_dagrun for transfer_from_minio_to_snowflake_accounts to 2026-03-14 18:00:00+00:00, run_after=2026-03-14 18:01:00+00:00
[2026-03-14T18:01:12.875+0000] {logging_mixin.py:188} INFO - [2026-03-14T18:01:12.875+0000] {dag.py:3947} INFO - Setting next_dagrun for transfer_from_minio_to_snowflake_customers to 2026-03-14 18:00:00+00:00, run_after=2026-03-14 18:01:00+00:00
[2026-03-14T18:01:12.877+0000] {logging_mixin.py:188} INFO - [2026-03-14T18:01:12.877+0000] {dag.py:3947} INFO - Setting next_dagrun for transfer_from_minio_to_snowflake_transactions to 2026-03-14 18:00:00+00:00, run_after=2026-03-14 18:01:00+00:00
[2026-03-14T18:01:12.884+0000] {processor.py:183} INFO - Processing /opt/airflow/dags/transfer.py took 0.123 seconds
[2026-03-14T18:01:43.277+0000] {processor.py:161} INFO - Started process (PID=3013) to work on /opt/airflow/dags/transfer.py
[2026-03-14T18:01:43.279+0000] {processor.py:830} INFO - Processing file /opt/airflow/dags/transfer.py for tasks to queue
[2026-03-14T18:01:43.282+0000] {logging_mixin.py:188} INFO - [2026-03-14T18:01:43.282+0000] {dagbag.py:545} INFO - Filling up the DagBag from /opt/airflow/dags/transfer.py
[2026-03-14T18:01:43.321+0000] {processor.py:840} INFO - DAG(s) 'transfer_from_minio_to_snowflake_customers', 'transfer_from_minio_to_snowflake_transactions', 'transfer_from_minio_to_snowflake_accounts' retrieved from /opt/airflow/dags/transfer.py
[2026-03-14T18:01:43.366+0000] {logging_mixin.py:188} INFO - [2026-03-14T18:01:43.366+0000] {dag.py:3089} INFO - Sync 3 DAGs
[2026-03-14T18:01:43.381+0000] {logging_mixin.py:188} INFO - [2026-03-14T18:01:43.381+0000] {dag.py:3947} INFO - Setting next_dagrun for transfer_from_minio_to_snowflake_accounts to 2026-03-14 18:00:00+00:00, run_after=2026-03-14 18:01:00+00:00
[2026-03-14T18:01:43.384+0000] {logging_mixin.py:188} INFO - [2026-03-14T18:01:43.384+0000] {dag.py:3947} INFO - Setting next_dagrun for transfer_from_minio_to_snowflake_customers to 2026-03-14 18:00:00+00:00, run_after=2026-03-14 18:01:00+00:00
[2026-03-14T18:01:43.385+0000] {logging_mixin.py:188} INFO - [2026-03-14T18:01:43.385+0000] {dag.py:3947} INFO - Setting next_dagrun for transfer_from_minio_to_snowflake_transactions to 2026-03-14 18:00:00+00:00, run_after=2026-03-14 18:01:00+00:00
[2026-03-14T18:01:43.392+0000] {processor.py:183} INFO - Processing /opt/airflow/dags/transfer.py took 0.124 seconds
[2026-03-14T18:02:13.788+0000] {processor.py:161} INFO - Started process (PID=3015) to work on /opt/airflow/dags/transfer.py
[2026-03-14T18:02:13.790+0000] {processor.py:830} INFO - Processing file /opt/airflow/dags/transfer.py for tasks to queue
[2026-03-14T18:02:13.793+0000] {logging_mixin.py:188} INFO - [2026-03-14T18:02:13.793+0000] {dagbag.py:545} INFO - Filling up the DagBag from /opt/airflow/dags/transfer.py
[2026-03-14T18:02:13.831+0000] {processor.py:840} INFO - DAG(s) 'transfer_from_minio_to_snowflake_transactions', 'transfer_from_minio_to_snowflake_accounts', 'transfer_from_minio_to_snowflake_customers' retrieved from /opt/airflow/dags/transfer.py
[2026-03-14T18:02:13.864+0000] {logging_mixin.py:188} INFO - [2026-03-14T18:02:13.864+0000] {dag.py:3089} INFO - Sync 3 DAGs
[2026-03-14T18:02:13.878+0000] {logging_mixin.py:188} INFO - [2026-03-14T18:02:13.878+0000] {dag.py:3947} INFO - Setting next_dagrun for transfer_from_minio_to_snowflake_accounts to 2026-03-14 18:01:00+00:00, run_after=2026-03-14 18:02:00+00:00
[2026-03-14T18:02:13.881+0000] {logging_mixin.py:188} INFO - [2026-03-14T18:02:13.881+0000] {dag.py:3947} INFO - Setting next_dagrun for transfer_from_minio_to_snowflake_customers to 2026-03-14 18:01:00+00:00, run_after=2026-03-14 18:02:00+00:00
[2026-03-14T18:02:13.882+0000] {logging_mixin.py:188} INFO - [2026-03-14T18:02:13.882+0000] {dag.py:3947} INFO - Setting next_dagrun for transfer_from_minio_to_snowflake_transactions to 2026-03-14 18:01:00+00:00, run_after=2026-03-14 18:02:00+00:00
[2026-03-14T18:02:13.890+0000] {processor.py:183} INFO - Processing /opt/airflow/dags/transfer.py took 0.115 seconds
[2026-03-14T18:02:44.296+0000] {processor.py:161} INFO - Started process (PID=3017) to work on /opt/airflow/dags/transfer.py
[2026-03-14T18:02:44.299+0000] {processor.py:830} INFO - Processing file /opt/airflow/dags/transfer.py for tasks to queue
[2026-03-14T18:02:44.302+0000] {logging_mixin.py:188} INFO - [2026-03-14T18:02:44.301+0000] {dagbag.py:545} INFO - Filling up the DagBag from /opt/airflow/dags/transfer.py
[2026-03-14T18:02:44.333+0000] {processor.py:840} INFO - DAG(s) 'transfer_from_minio_to_snowflake_accounts', 'transfer_from_minio_to_snowflake_transactions', 'transfer_from_minio_to_snowflake_customers' retrieved from /opt/airflow/dags/transfer.py
[2026-03-14T18:02:44.361+0000] {logging_mixin.py:188} INFO - [2026-03-14T18:02:44.360+0000] {dag.py:3089} INFO - Sync 3 DAGs
[2026-03-14T18:02:44.375+0000] {logging_mixin.py:188} INFO - [2026-03-14T18:02:44.375+0000] {dag.py:3947} INFO - Setting next_dagrun for transfer_from_minio_to_snowflake_accounts to 2026-03-14 18:01:00+00:00, run_after=2026-03-14 18:02:00+00:00
[2026-03-14T18:02:44.378+0000] {logging_mixin.py:188} INFO - [2026-03-14T18:02:44.378+0000] {dag.py:3947} INFO - Setting next_dagrun for transfer_from_minio_to_snowflake_customers to 2026-03-14 18:01:00+00:00, run_after=2026-03-14 18:02:00+00:00
[2026-03-14T18:02:44.379+0000] {logging_mixin.py:188} INFO - [2026-03-14T18:02:44.379+0000] {dag.py:3947} INFO - Setting next_dagrun for transfer_from_minio_to_snowflake_transactions to 2026-03-14 18:01:00+00:00, run_after=2026-03-14 18:02:00+00:00
[2026-03-14T18:02:44.388+0000] {processor.py:183} INFO - Processing /opt/airflow/dags/transfer.py took 0.107 seconds
[2026-03-14T18:03:14.713+0000] {processor.py:161} INFO - Started process (PID=3019) to work on /opt/airflow/dags/transfer.py
[2026-03-14T18:03:14.718+0000] {processor.py:830} INFO - Processing file /opt/airflow/dags/transfer.py for tasks to queue
[2026-03-14T18:03:14.722+0000] {logging_mixin.py:188} INFO - [2026-03-14T18:03:14.722+0000] {dagbag.py:545} INFO - Filling up the DagBag from /opt/airflow/dags/transfer.py
[2026-03-14T18:03:14.757+0000] {processor.py:840} INFO - DAG(s) 'transfer_from_minio_to_snowflake_customers', 'transfer_from_minio_to_snowflake_accounts', 'transfer_from_minio_to_snowflake_transactions' retrieved from /opt/airflow/dags/transfer.py
[2026-03-14T18:03:14.786+0000] {logging_mixin.py:188} INFO - [2026-03-14T18:03:14.785+0000] {dag.py:3089} INFO - Sync 3 DAGs
[2026-03-14T18:03:14.801+0000] {logging_mixin.py:188} INFO - [2026-03-14T18:03:14.801+0000] {dag.py:3947} INFO - Setting next_dagrun for transfer_from_minio_to_snowflake_accounts to 2026-03-14 18:02:00+00:00, run_after=2026-03-14 18:03:00+00:00
[2026-03-14T18:03:14.804+0000] {logging_mixin.py:188} INFO - [2026-03-14T18:03:14.804+0000] {dag.py:3947} INFO - Setting next_dagrun for transfer_from_minio_to_snowflake_customers to 2026-03-14 18:02:00+00:00, run_after=2026-03-14 18:03:00+00:00
[2026-03-14T18:03:14.805+0000] {logging_mixin.py:188} INFO - [2026-03-14T18:03:14.805+0000] {dag.py:3947} INFO - Setting next_dagrun for transfer_from_minio_to_snowflake_transactions to 2026-03-14 18:02:00+00:00, run_after=2026-03-14 18:03:00+00:00
[2026-03-14T18:03:14.814+0000] {processor.py:183} INFO - Processing /opt/airflow/dags/transfer.py took 0.111 seconds
[2026-03-14T18:03:45.178+0000] {processor.py:161} INFO - Started process (PID=3021) to work on /opt/airflow/dags/transfer.py
[2026-03-14T18:03:45.182+0000] {processor.py:830} INFO - Processing file /opt/airflow/dags/transfer.py for tasks to queue
[2026-03-14T18:03:45.184+0000] {logging_mixin.py:188} INFO - [2026-03-14T18:03:45.184+0000] {dagbag.py:545} INFO - Filling up the DagBag from /opt/airflow/dags/transfer.py
[2026-03-14T18:03:45.224+0000] {processor.py:840} INFO - DAG(s) 'transfer_from_minio_to_snowflake_accounts', 'transfer_from_minio_to_snowflake_transactions', 'transfer_from_minio_to_snowflake_customers' retrieved from /opt/airflow/dags/transfer.py
[2026-03-14T18:03:45.256+0000] {logging_mixin.py:188} INFO - [2026-03-14T18:03:45.256+0000] {dag.py:3089} INFO - Sync 3 DAGs
[2026-03-14T18:03:45.270+0000] {logging_mixin.py:188} INFO - [2026-03-14T18:03:45.270+0000] {dag.py:3947} INFO - Setting next_dagrun for transfer_from_minio_to_snowflake_accounts to 2026-03-14 18:02:00+00:00, run_after=2026-03-14 18:03:00+00:00
[2026-03-14T18:03:45.273+0000] {logging_mixin.py:188} INFO - [2026-03-14T18:03:45.273+0000] {dag.py:3947} INFO - Setting next_dagrun for transfer_from_minio_to_snowflake_customers to 2026-03-14 18:02:00+00:00, run_after=2026-03-14 18:03:00+00:00
[2026-03-14T18:03:45.274+0000] {logging_mixin.py:188} INFO - [2026-03-14T18:03:45.274+0000] {dag.py:3947} INFO - Setting next_dagrun for transfer_from_minio_to_snowflake_transactions to 2026-03-14 18:02:00+00:00, run_after=2026-03-14 18:03:00+00:00
[2026-03-14T18:03:45.283+0000] {processor.py:183} INFO - Processing /opt/airflow/dags/transfer.py took 0.116 seconds
[2026-03-14T18:04:15.575+0000] {processor.py:161} INFO - Started process (PID=3023) to work on /opt/airflow/dags/transfer.py
[2026-03-14T18:04:15.577+0000] {processor.py:830} INFO - Processing file /opt/airflow/dags/transfer.py for tasks to queue
[2026-03-14T18:04:15.579+0000] {logging_mixin.py:188} INFO - [2026-03-14T18:04:15.578+0000] {dagbag.py:545} INFO - Filling up the DagBag from /opt/airflow/dags/transfer.py
[2026-03-14T18:04:15.597+0000] {processor.py:840} INFO - DAG(s) 'transfer_from_minio_to_snowflake_accounts', 'transfer_from_minio_to_snowflake_customers', 'transfer_from_minio_to_snowflake_transactions' retrieved from /opt/airflow/dags/transfer.py
[2026-03-14T18:04:15.622+0000] {logging_mixin.py:188} INFO - [2026-03-14T18:04:15.622+0000] {dag.py:3089} INFO - Sync 3 DAGs
[2026-03-14T18:04:15.635+0000] {logging_mixin.py:188} INFO - [2026-03-14T18:04:15.635+0000] {dag.py:3947} INFO - Setting next_dagrun for transfer_from_minio_to_snowflake_accounts to 2026-03-14 18:03:00+00:00, run_after=2026-03-14 18:04:00+00:00
[2026-03-14T18:04:15.637+0000] {logging_mixin.py:188} INFO - [2026-03-14T18:04:15.637+0000] {dag.py:3947} INFO - Setting next_dagrun for transfer_from_minio_to_snowflake_customers to 2026-03-14 18:03:00+00:00, run_after=2026-03-14 18:04:00+00:00
[2026-03-14T18:04:15.639+0000] {logging_mixin.py:188} INFO - [2026-03-14T18:04:15.639+0000] {dag.py:3947} INFO - Setting next_dagrun for transfer_from_minio_to_snowflake_transactions to 2026-03-14 18:03:00+00:00, run_after=2026-03-14 18:04:00+00:00
[2026-03-14T18:04:15.646+0000] {processor.py:183} INFO - Processing /opt/airflow/dags/transfer.py took 0.079 seconds
[2026-03-14T18:04:45.937+0000] {processor.py:161} INFO - Started process (PID=3025) to work on /opt/airflow/dags/transfer.py
[2026-03-14T18:04:45.939+0000] {processor.py:830} INFO - Processing file /opt/airflow/dags/transfer.py for tasks to queue
[2026-03-14T18:04:45.942+0000] {logging_mixin.py:188} INFO - [2026-03-14T18:04:45.942+0000] {dagbag.py:545} INFO - Filling up the DagBag from /opt/airflow/dags/transfer.py
[2026-03-14T18:04:45.972+0000] {processor.py:840} INFO - DAG(s) 'transfer_from_minio_to_snowflake_accounts', 'transfer_from_minio_to_snowflake_transactions', 'transfer_from_minio_to_snowflake_customers' retrieved from /opt/airflow/dags/transfer.py
[2026-03-14T18:04:45.998+0000] {logging_mixin.py:188} INFO - [2026-03-14T18:04:45.998+0000] {dag.py:3089} INFO - Sync 3 DAGs
[2026-03-14T18:04:46.012+0000] {logging_mixin.py:188} INFO - [2026-03-14T18:04:46.012+0000] {dag.py:3947} INFO - Setting next_dagrun for transfer_from_minio_to_snowflake_accounts to 2026-03-14 18:03:00+00:00, run_after=2026-03-14 18:04:00+00:00
[2026-03-14T18:04:46.016+0000] {logging_mixin.py:188} INFO - [2026-03-14T18:04:46.016+0000] {dag.py:3947} INFO - Setting next_dagrun for transfer_from_minio_to_snowflake_customers to 2026-03-14 18:03:00+00:00, run_after=2026-03-14 18:04:00+00:00
[2026-03-14T18:04:46.018+0000] {logging_mixin.py:188} INFO - [2026-03-14T18:04:46.018+0000] {dag.py:3947} INFO - Setting next_dagrun for transfer_from_minio_to_snowflake_transactions to 2026-03-14 18:03:00+00:00, run_after=2026-03-14 18:04:00+00:00
[2026-03-14T18:04:46.027+0000] {processor.py:183} INFO - Processing /opt/airflow/dags/transfer.py took 0.099 seconds
[2026-03-14T18:05:16.502+0000] {processor.py:161} INFO - Started process (PID=3027) to work on /opt/airflow/dags/transfer.py
[2026-03-14T18:05:16.506+0000] {processor.py:830} INFO - Processing file /opt/airflow/dags/transfer.py for tasks to queue
[2026-03-14T18:05:16.509+0000] {logging_mixin.py:188} INFO - [2026-03-14T18:05:16.509+0000] {dagbag.py:545} INFO - Filling up the DagBag from /opt/airflow/dags/transfer.py
[2026-03-14T18:05:16.551+0000] {processor.py:840} INFO - DAG(s) 'transfer_from_minio_to_snowflake_transactions', 'transfer_from_minio_to_snowflake_customers', 'transfer_from_minio_to_snowflake_accounts' retrieved from /opt/airflow/dags/transfer.py
[2026-03-14T18:05:16.580+0000] {logging_mixin.py:188} INFO - [2026-03-14T18:05:16.580+0000] {dag.py:3089} INFO - Sync 3 DAGs
[2026-03-14T18:05:16.594+0000] {logging_mixin.py:188} INFO - [2026-03-14T18:05:16.594+0000] {dag.py:3947} INFO - Setting next_dagrun for transfer_from_minio_to_snowflake_accounts to 2026-03-14 18:04:00+00:00, run_after=2026-03-14 18:05:00+00:00
[2026-03-14T18:05:16.597+0000] {logging_mixin.py:188} INFO - [2026-03-14T18:05:16.597+0000] {dag.py:3947} INFO - Setting next_dagrun for transfer_from_minio_to_snowflake_customers to 2026-03-14 18:04:00+00:00, run_after=2026-03-14 18:05:00+00:00
[2026-03-14T18:05:16.599+0000] {logging_mixin.py:188} INFO - [2026-03-14T18:05:16.599+0000] {dag.py:3947} INFO - Setting next_dagrun for transfer_from_minio_to_snowflake_transactions to 2026-03-14 18:04:00+00:00, run_after=2026-03-14 18:05:00+00:00
[2026-03-14T18:05:16.606+0000] {processor.py:183} INFO - Processing /opt/airflow/dags/transfer.py took 0.119 seconds
[2026-03-14T18:05:47.048+0000] {processor.py:161} INFO - Started process (PID=3029) to work on /opt/airflow/dags/transfer.py
[2026-03-14T18:05:47.051+0000] {processor.py:830} INFO - Processing file /opt/airflow/dags/transfer.py for tasks to queue
[2026-03-14T18:05:47.059+0000] {logging_mixin.py:188} INFO - [2026-03-14T18:05:47.058+0000] {dagbag.py:545} INFO - Filling up the DagBag from /opt/airflow/dags/transfer.py
[2026-03-14T18:05:47.097+0000] {processor.py:840} INFO - DAG(s) 'transfer_from_minio_to_snowflake_accounts', 'transfer_from_minio_to_snowflake_transactions', 'transfer_from_minio_to_snowflake_customers' retrieved from /opt/airflow/dags/transfer.py
[2026-03-14T18:05:47.130+0000] {logging_mixin.py:188} INFO - [2026-03-14T18:05:47.129+0000] {dag.py:3089} INFO - Sync 3 DAGs
[2026-03-14T18:05:47.146+0000] {logging_mixin.py:188} INFO - [2026-03-14T18:05:47.146+0000] {dag.py:3947} INFO - Setting next_dagrun for transfer_from_minio_to_snowflake_accounts to 2026-03-14 18:04:00+00:00, run_after=2026-03-14 18:05:00+00:00
[2026-03-14T18:05:47.149+0000] {logging_mixin.py:188} INFO - [2026-03-14T18:05:47.149+0000] {dag.py:3947} INFO - Setting next_dagrun for transfer_from_minio_to_snowflake_customers to 2026-03-14 18:04:00+00:00, run_after=2026-03-14 18:05:00+00:00
[2026-03-14T18:05:47.151+0000] {logging_mixin.py:188} INFO - [2026-03-14T18:05:47.151+0000] {dag.py:3947} INFO - Setting next_dagrun for transfer_from_minio_to_snowflake_transactions to 2026-03-14 18:04:00+00:00, run_after=2026-03-14 18:05:00+00:00
[2026-03-14T18:05:47.159+0000] {processor.py:183} INFO - Processing /opt/airflow/dags/transfer.py took 0.124 seconds
[2026-03-14T18:06:17.556+0000] {processor.py:161} INFO - Started process (PID=3031) to work on /opt/airflow/dags/transfer.py
[2026-03-14T18:06:17.558+0000] {processor.py:830} INFO - Processing file /opt/airflow/dags/transfer.py for tasks to queue
[2026-03-14T18:06:17.565+0000] {logging_mixin.py:188} INFO - [2026-03-14T18:06:17.565+0000] {dagbag.py:545} INFO - Filling up the DagBag from /opt/airflow/dags/transfer.py
[2026-03-14T18:06:17.594+0000] {processor.py:840} INFO - DAG(s) 'transfer_from_minio_to_snowflake_transactions', 'transfer_from_minio_to_snowflake_accounts', 'transfer_from_minio_to_snowflake_customers' retrieved from /opt/airflow/dags/transfer.py
[2026-03-14T18:06:17.629+0000] {logging_mixin.py:188} INFO - [2026-03-14T18:06:17.628+0000] {dag.py:3089} INFO - Sync 3 DAGs
[2026-03-14T18:06:17.645+0000] {logging_mixin.py:188} INFO - [2026-03-14T18:06:17.645+0000] {dag.py:3947} INFO - Setting next_dagrun for transfer_from_minio_to_snowflake_accounts to 2026-03-14 18:05:00+00:00, run_after=2026-03-14 18:06:00+00:00
[2026-03-14T18:06:17.647+0000] {logging_mixin.py:188} INFO - [2026-03-14T18:06:17.647+0000] {dag.py:3947} INFO - Setting next_dagrun for transfer_from_minio_to_snowflake_customers to 2026-03-14 18:05:00+00:00, run_after=2026-03-14 18:06:00+00:00
[2026-03-14T18:06:17.649+0000] {logging_mixin.py:188} INFO - [2026-03-14T18:06:17.649+0000] {dag.py:3947} INFO - Setting next_dagrun for transfer_from_minio_to_snowflake_transactions to 2026-03-14 18:05:00+00:00, run_after=2026-03-14 18:06:00+00:00
[2026-03-14T18:06:17.656+0000] {processor.py:183} INFO - Processing /opt/airflow/dags/transfer.py took 0.113 seconds
[2026-03-14T18:06:48.042+0000] {processor.py:161} INFO - Started process (PID=3033) to work on /opt/airflow/dags/transfer.py
[2026-03-14T18:06:48.043+0000] {processor.py:830} INFO - Processing file /opt/airflow/dags/transfer.py for tasks to queue
[2026-03-14T18:06:48.047+0000] {logging_mixin.py:188} INFO - [2026-03-14T18:06:48.046+0000] {dagbag.py:545} INFO - Filling up the DagBag from /opt/airflow/dags/transfer.py
[2026-03-14T18:06:48.083+0000] {processor.py:840} INFO - DAG(s) 'transfer_from_minio_to_snowflake_customers', 'transfer_from_minio_to_snowflake_accounts', 'transfer_from_minio_to_snowflake_transactions' retrieved from /opt/airflow/dags/transfer.py
[2026-03-14T18:06:48.112+0000] {logging_mixin.py:188} INFO - [2026-03-14T18:06:48.112+0000] {dag.py:3089} INFO - Sync 3 DAGs
[2026-03-14T18:06:48.131+0000] {logging_mixin.py:188} INFO - [2026-03-14T18:06:48.131+0000] {dag.py:3947} INFO - Setting next_dagrun for transfer_from_minio_to_snowflake_accounts to 2026-03-14 18:05:00+00:00, run_after=2026-03-14 18:06:00+00:00
[2026-03-14T18:06:48.134+0000] {logging_mixin.py:188} INFO - [2026-03-14T18:06:48.134+0000] {dag.py:3947} INFO - Setting next_dagrun for transfer_from_minio_to_snowflake_customers to 2026-03-14 18:05:00+00:00, run_after=2026-03-14 18:06:00+00:00
[2026-03-14T18:06:48.136+0000] {logging_mixin.py:188} INFO - [2026-03-14T18:06:48.136+0000] {dag.py:3947} INFO - Setting next_dagrun for transfer_from_minio_to_snowflake_transactions to 2026-03-14 18:05:00+00:00, run_after=2026-03-14 18:06:00+00:00
[2026-03-14T18:06:48.144+0000] {processor.py:183} INFO - Processing /opt/airflow/dags/transfer.py took 0.112 seconds
[2026-03-14T18:07:18.486+0000] {processor.py:161} INFO - Started process (PID=3035) to work on /opt/airflow/dags/transfer.py
[2026-03-14T18:07:18.487+0000] {processor.py:830} INFO - Processing file /opt/airflow/dags/transfer.py for tasks to queue
[2026-03-14T18:07:18.491+0000] {logging_mixin.py:188} INFO - [2026-03-14T18:07:18.490+0000] {dagbag.py:545} INFO - Filling up the DagBag from /opt/airflow/dags/transfer.py
[2026-03-14T18:07:18.525+0000] {processor.py:840} INFO - DAG(s) 'transfer_from_minio_to_snowflake_customers', 'transfer_from_minio_to_snowflake_accounts', 'transfer_from_minio_to_snowflake_transactions' retrieved from /opt/airflow/dags/transfer.py
[2026-03-14T18:07:18.551+0000] {logging_mixin.py:188} INFO - [2026-03-14T18:07:18.551+0000] {dag.py:3089} INFO - Sync 3 DAGs
[2026-03-14T18:07:18.566+0000] {logging_mixin.py:188} INFO - [2026-03-14T18:07:18.566+0000] {dag.py:3947} INFO - Setting next_dagrun for transfer_from_minio_to_snowflake_accounts to 2026-03-14 18:06:00+00:00, run_after=2026-03-14 18:07:00+00:00
[2026-03-14T18:07:18.569+0000] {logging_mixin.py:188} INFO - [2026-03-14T18:07:18.569+0000] {dag.py:3947} INFO - Setting next_dagrun for transfer_from_minio_to_snowflake_customers to 2026-03-14 18:06:00+00:00, run_after=2026-03-14 18:07:00+00:00
[2026-03-14T18:07:18.571+0000] {logging_mixin.py:188} INFO - [2026-03-14T18:07:18.571+0000] {dag.py:3947} INFO - Setting next_dagrun for transfer_from_minio_to_snowflake_transactions to 2026-03-14 18:06:00+00:00, run_after=2026-03-14 18:07:00+00:00
[2026-03-14T18:07:18.579+0000] {processor.py:183} INFO - Processing /opt/airflow/dags/transfer.py took 0.101 seconds
[2026-03-14T18:07:48.986+0000] {processor.py:161} INFO - Started process (PID=3037) to work on /opt/airflow/dags/transfer.py
[2026-03-14T18:07:48.988+0000] {processor.py:830} INFO - Processing file /opt/airflow/dags/transfer.py for tasks to queue
[2026-03-14T18:07:48.992+0000] {logging_mixin.py:188} INFO - [2026-03-14T18:07:48.991+0000] {dagbag.py:545} INFO - Filling up the DagBag from /opt/airflow/dags/transfer.py
[2026-03-14T18:07:49.028+0000] {processor.py:840} INFO - DAG(s) 'transfer_from_minio_to_snowflake_transactions', 'transfer_from_minio_to_snowflake_customers', 'transfer_from_minio_to_snowflake_accounts' retrieved from /opt/airflow/dags/transfer.py
[2026-03-14T18:07:49.059+0000] {logging_mixin.py:188} INFO - [2026-03-14T18:07:49.059+0000] {dag.py:3089} INFO - Sync 3 DAGs
[2026-03-14T18:07:49.074+0000] {logging_mixin.py:188} INFO - [2026-03-14T18:07:49.074+0000] {dag.py:3947} INFO - Setting next_dagrun for transfer_from_minio_to_snowflake_accounts to 2026-03-14 18:06:00+00:00, run_after=2026-03-14 18:07:00+00:00
[2026-03-14T18:07:49.077+0000] {logging_mixin.py:188} INFO - [2026-03-14T18:07:49.077+0000] {dag.py:3947} INFO - Setting next_dagrun for transfer_from_minio_to_snowflake_customers to 2026-03-14 18:06:00+00:00, run_after=2026-03-14 18:07:00+00:00
[2026-03-14T18:07:49.079+0000] {logging_mixin.py:188} INFO - [2026-03-14T18:07:49.078+0000] {dag.py:3947} INFO - Setting next_dagrun for transfer_from_minio_to_snowflake_transactions to 2026-03-14 18:06:00+00:00, run_after=2026-03-14 18:07:00+00:00
[2026-03-14T18:07:49.086+0000] {processor.py:183} INFO - Processing /opt/airflow/dags/transfer.py took 0.114 seconds
[2026-03-14T18:08:19.476+0000] {processor.py:161} INFO - Started process (PID=3039) to work on /opt/airflow/dags/transfer.py
[2026-03-14T18:08:19.478+0000] {processor.py:830} INFO - Processing file /opt/airflow/dags/transfer.py for tasks to queue
[2026-03-14T18:08:19.490+0000] {logging_mixin.py:188} INFO - [2026-03-14T18:08:19.487+0000] {dagbag.py:545} INFO - Filling up the DagBag from /opt/airflow/dags/transfer.py
[2026-03-14T18:08:19.528+0000] {processor.py:840} INFO - DAG(s) 'transfer_from_minio_to_snowflake_customers', 'transfer_from_minio_to_snowflake_accounts', 'transfer_from_minio_to_snowflake_transactions' retrieved from /opt/airflow/dags/transfer.py
[2026-03-14T18:08:19.565+0000] {logging_mixin.py:188} INFO - [2026-03-14T18:08:19.565+0000] {dag.py:3089} INFO - Sync 3 DAGs
[2026-03-14T18:08:19.579+0000] {logging_mixin.py:188} INFO - [2026-03-14T18:08:19.579+0000] {dag.py:3947} INFO - Setting next_dagrun for transfer_from_minio_to_snowflake_accounts to 2026-03-14 18:07:00+00:00, run_after=2026-03-14 18:08:00+00:00
[2026-03-14T18:08:19.582+0000] {logging_mixin.py:188} INFO - [2026-03-14T18:08:19.582+0000] {dag.py:3947} INFO - Setting next_dagrun for transfer_from_minio_to_snowflake_customers to 2026-03-14 18:07:00+00:00, run_after=2026-03-14 18:08:00+00:00
[2026-03-14T18:08:19.583+0000] {logging_mixin.py:188} INFO - [2026-03-14T18:08:19.583+0000] {dag.py:3947} INFO - Setting next_dagrun for transfer_from_minio_to_snowflake_transactions to 2026-03-14 18:07:00+00:00, run_after=2026-03-14 18:08:00+00:00
[2026-03-14T18:08:19.592+0000] {processor.py:183} INFO - Processing /opt/airflow/dags/transfer.py took 0.131 seconds
[2026-03-14T18:08:49.995+0000] {processor.py:161} INFO - Started process (PID=3041) to work on /opt/airflow/dags/transfer.py
[2026-03-14T18:08:49.998+0000] {processor.py:830} INFO - Processing file /opt/airflow/dags/transfer.py for tasks to queue
[2026-03-14T18:08:50.003+0000] {logging_mixin.py:188} INFO - [2026-03-14T18:08:50.003+0000] {dagbag.py:545} INFO - Filling up the DagBag from /opt/airflow/dags/transfer.py
[2026-03-14T18:08:50.037+0000] {processor.py:840} INFO - DAG(s) 'transfer_from_minio_to_snowflake_transactions', 'transfer_from_minio_to_snowflake_accounts', 'transfer_from_minio_to_snowflake_customers' retrieved from /opt/airflow/dags/transfer.py
[2026-03-14T18:08:50.068+0000] {logging_mixin.py:188} INFO - [2026-03-14T18:08:50.068+0000] {dag.py:3089} INFO - Sync 3 DAGs
[2026-03-14T18:08:50.082+0000] {logging_mixin.py:188} INFO - [2026-03-14T18:08:50.081+0000] {dag.py:3947} INFO - Setting next_dagrun for transfer_from_minio_to_snowflake_accounts to 2026-03-14 18:07:00+00:00, run_after=2026-03-14 18:08:00+00:00
[2026-03-14T18:08:50.084+0000] {logging_mixin.py:188} INFO - [2026-03-14T18:08:50.084+0000] {dag.py:3947} INFO - Setting next_dagrun for transfer_from_minio_to_snowflake_customers to 2026-03-14 18:07:00+00:00, run_after=2026-03-14 18:08:00+00:00
[2026-03-14T18:08:50.086+0000] {logging_mixin.py:188} INFO - [2026-03-14T18:08:50.086+0000] {dag.py:3947} INFO - Setting next_dagrun for transfer_from_minio_to_snowflake_transactions to 2026-03-14 18:07:00+00:00, run_after=2026-03-14 18:08:00+00:00
[2026-03-14T18:08:50.093+0000] {processor.py:183} INFO - Processing /opt/airflow/dags/transfer.py took 0.110 seconds
[2026-03-14T18:09:20.466+0000] {processor.py:161} INFO - Started process (PID=3043) to work on /opt/airflow/dags/transfer.py
[2026-03-14T18:09:20.469+0000] {processor.py:830} INFO - Processing file /opt/airflow/dags/transfer.py for tasks to queue
[2026-03-14T18:09:20.476+0000] {logging_mixin.py:188} INFO - [2026-03-14T18:09:20.475+0000] {dagbag.py:545} INFO - Filling up the DagBag from /opt/airflow/dags/transfer.py
[2026-03-14T18:09:20.514+0000] {processor.py:840} INFO - DAG(s) 'transfer_from_minio_to_snowflake_customers', 'transfer_from_minio_to_snowflake_accounts', 'transfer_from_minio_to_snowflake_transactions' retrieved from /opt/airflow/dags/transfer.py
[2026-03-14T18:09:20.539+0000] {logging_mixin.py:188} INFO - [2026-03-14T18:09:20.539+0000] {dag.py:3089} INFO - Sync 3 DAGs
[2026-03-14T18:09:20.554+0000] {logging_mixin.py:188} INFO - [2026-03-14T18:09:20.554+0000] {dag.py:3947} INFO - Setting next_dagrun for transfer_from_minio_to_snowflake_accounts to 2026-03-14 18:08:00+00:00, run_after=2026-03-14 18:09:00+00:00
[2026-03-14T18:09:20.557+0000] {logging_mixin.py:188} INFO - [2026-03-14T18:09:20.556+0000] {dag.py:3947} INFO - Setting next_dagrun for transfer_from_minio_to_snowflake_customers to 2026-03-14 18:08:00+00:00, run_after=2026-03-14 18:09:00+00:00
[2026-03-14T18:09:20.558+0000] {logging_mixin.py:188} INFO - [2026-03-14T18:09:20.558+0000] {dag.py:3947} INFO - Setting next_dagrun for transfer_from_minio_to_snowflake_transactions to 2026-03-14 18:08:00+00:00, run_after=2026-03-14 18:09:00+00:00
[2026-03-14T18:09:20.565+0000] {processor.py:183} INFO - Processing /opt/airflow/dags/transfer.py took 0.114 seconds
[2026-03-14T18:09:50.965+0000] {processor.py:161} INFO - Started process (PID=3045) to work on /opt/airflow/dags/transfer.py
[2026-03-14T18:09:50.969+0000] {processor.py:830} INFO - Processing file /opt/airflow/dags/transfer.py for tasks to queue
[2026-03-14T18:09:50.974+0000] {logging_mixin.py:188} INFO - [2026-03-14T18:09:50.973+0000] {dagbag.py:545} INFO - Filling up the DagBag from /opt/airflow/dags/transfer.py
[2026-03-14T18:09:51.006+0000] {processor.py:840} INFO - DAG(s) 'transfer_from_minio_to_snowflake_transactions', 'transfer_from_minio_to_snowflake_accounts', 'transfer_from_minio_to_snowflake_customers' retrieved from /opt/airflow/dags/transfer.py
[2026-03-14T18:09:51.038+0000] {logging_mixin.py:188} INFO - [2026-03-14T18:09:51.038+0000] {dag.py:3089} INFO - Sync 3 DAGs
[2026-03-14T18:09:51.052+0000] {logging_mixin.py:188} INFO - [2026-03-14T18:09:51.051+0000] {dag.py:3947} INFO - Setting next_dagrun for transfer_from_minio_to_snowflake_accounts to 2026-03-14 18:08:00+00:00, run_after=2026-03-14 18:09:00+00:00
[2026-03-14T18:09:51.055+0000] {logging_mixin.py:188} INFO - [2026-03-14T18:09:51.055+0000] {dag.py:3947} INFO - Setting next_dagrun for transfer_from_minio_to_snowflake_customers to 2026-03-14 18:08:00+00:00, run_after=2026-03-14 18:09:00+00:00
[2026-03-14T18:09:51.056+0000] {logging_mixin.py:188} INFO - [2026-03-14T18:09:51.056+0000] {dag.py:3947} INFO - Setting next_dagrun for transfer_from_minio_to_snowflake_transactions to 2026-03-14 18:08:00+00:00, run_after=2026-03-14 18:09:00+00:00
[2026-03-14T18:09:51.064+0000] {processor.py:183} INFO - Processing /opt/airflow/dags/transfer.py took 0.105 seconds
[2026-03-14T18:10:21.443+0000] {processor.py:161} INFO - Started process (PID=3047) to work on /opt/airflow/dags/transfer.py
[2026-03-14T18:10:21.444+0000] {processor.py:830} INFO - Processing file /opt/airflow/dags/transfer.py for tasks to queue
[2026-03-14T18:10:21.451+0000] {logging_mixin.py:188} INFO - [2026-03-14T18:10:21.450+0000] {dagbag.py:545} INFO - Filling up the DagBag from /opt/airflow/dags/transfer.py
[2026-03-14T18:10:21.490+0000] {processor.py:840} INFO - DAG(s) 'transfer_from_minio_to_snowflake_accounts', 'transfer_from_minio_to_snowflake_customers', 'transfer_from_minio_to_snowflake_transactions' retrieved from /opt/airflow/dags/transfer.py
[2026-03-14T18:10:21.517+0000] {logging_mixin.py:188} INFO - [2026-03-14T18:10:21.516+0000] {dag.py:3089} INFO - Sync 3 DAGs
[2026-03-14T18:10:21.530+0000] {logging_mixin.py:188} INFO - [2026-03-14T18:10:21.530+0000] {dag.py:3947} INFO - Setting next_dagrun for transfer_from_minio_to_snowflake_accounts to 2026-03-14 18:09:00+00:00, run_after=2026-03-14 18:10:00+00:00
[2026-03-14T18:10:21.533+0000] {logging_mixin.py:188} INFO - [2026-03-14T18:10:21.533+0000] {dag.py:3947} INFO - Setting next_dagrun for transfer_from_minio_to_snowflake_customers to 2026-03-14 18:09:00+00:00, run_after=2026-03-14 18:10:00+00:00
[2026-03-14T18:10:21.534+0000] {logging_mixin.py:188} INFO - [2026-03-14T18:10:21.534+0000] {dag.py:3947} INFO - Setting next_dagrun for transfer_from_minio_to_snowflake_transactions to 2026-03-14 18:09:00+00:00, run_after=2026-03-14 18:10:00+00:00
[2026-03-14T18:10:21.541+0000] {processor.py:183} INFO - Processing /opt/airflow/dags/transfer.py took 0.111 seconds
[2026-03-14T18:10:51.941+0000] {processor.py:161} INFO - Started process (PID=3049) to work on /opt/airflow/dags/transfer.py
[2026-03-14T18:10:51.943+0000] {processor.py:830} INFO - Processing file /opt/airflow/dags/transfer.py for tasks to queue
[2026-03-14T18:10:51.946+0000] {logging_mixin.py:188} INFO - [2026-03-14T18:10:51.946+0000] {dagbag.py:545} INFO - Filling up the DagBag from /opt/airflow/dags/transfer.py
[2026-03-14T18:10:51.976+0000] {processor.py:840} INFO - DAG(s) 'transfer_from_minio_to_snowflake_transactions', 'transfer_from_minio_to_snowflake_accounts', 'transfer_from_minio_to_snowflake_customers' retrieved from /opt/airflow/dags/transfer.py
[2026-03-14T18:10:52.010+0000] {logging_mixin.py:188} INFO - [2026-03-14T18:10:52.009+0000] {dag.py:3089} INFO - Sync 3 DAGs
[2026-03-14T18:10:52.023+0000] {logging_mixin.py:188} INFO - [2026-03-14T18:10:52.023+0000] {dag.py:3947} INFO - Setting next_dagrun for transfer_from_minio_to_snowflake_accounts to 2026-03-14 18:09:00+00:00, run_after=2026-03-14 18:10:00+00:00
[2026-03-14T18:10:52.026+0000] {logging_mixin.py:188} INFO - [2026-03-14T18:10:52.026+0000] {dag.py:3947} INFO - Setting next_dagrun for transfer_from_minio_to_snowflake_customers to 2026-03-14 18:09:00+00:00, run_after=2026-03-14 18:10:00+00:00
[2026-03-14T18:10:52.028+0000] {logging_mixin.py:188} INFO - [2026-03-14T18:10:52.028+0000] {dag.py:3947} INFO - Setting next_dagrun for transfer_from_minio_to_snowflake_transactions to 2026-03-14 18:09:00+00:00, run_after=2026-03-14 18:10:00+00:00
[2026-03-14T18:10:52.035+0000] {processor.py:183} INFO - Processing /opt/airflow/dags/transfer.py took 0.102 seconds
[2026-03-14T18:11:22.411+0000] {processor.py:161} INFO - Started process (PID=3051) to work on /opt/airflow/dags/transfer.py
[2026-03-14T18:11:22.413+0000] {processor.py:830} INFO - Processing file /opt/airflow/dags/transfer.py for tasks to queue
[2026-03-14T18:11:22.420+0000] {logging_mixin.py:188} INFO - [2026-03-14T18:11:22.419+0000] {dagbag.py:545} INFO - Filling up the DagBag from /opt/airflow/dags/transfer.py
[2026-03-14T18:11:22.456+0000] {processor.py:840} INFO - DAG(s) 'transfer_from_minio_to_snowflake_customers', 'transfer_from_minio_to_snowflake_transactions', 'transfer_from_minio_to_snowflake_accounts' retrieved from /opt/airflow/dags/transfer.py
[2026-03-14T18:11:22.500+0000] {logging_mixin.py:188} INFO - [2026-03-14T18:11:22.500+0000] {dag.py:3089} INFO - Sync 3 DAGs
[2026-03-14T18:11:22.514+0000] {logging_mixin.py:188} INFO - [2026-03-14T18:11:22.514+0000] {dag.py:3947} INFO - Setting next_dagrun for transfer_from_minio_to_snowflake_accounts to 2026-03-14 18:10:00+00:00, run_after=2026-03-14 18:11:00+00:00
[2026-03-14T18:11:22.517+0000] {logging_mixin.py:188} INFO - [2026-03-14T18:11:22.517+0000] {dag.py:3947} INFO - Setting next_dagrun for transfer_from_minio_to_snowflake_customers to 2026-03-14 18:10:00+00:00, run_after=2026-03-14 18:11:00+00:00
[2026-03-14T18:11:22.518+0000] {logging_mixin.py:188} INFO - [2026-03-14T18:11:22.518+0000] {dag.py:3947} INFO - Setting next_dagrun for transfer_from_minio_to_snowflake_transactions to 2026-03-14 18:10:00+00:00, run_after=2026-03-14 18:11:00+00:00
[2026-03-14T18:11:22.526+0000] {processor.py:183} INFO - Processing /opt/airflow/dags/transfer.py took 0.137 seconds
[2026-03-14T18:11:52.919+0000] {processor.py:161} INFO - Started process (PID=3053) to work on /opt/airflow/dags/transfer.py
[2026-03-14T18:11:52.921+0000] {processor.py:830} INFO - Processing file /opt/airflow/dags/transfer.py for tasks to queue
[2026-03-14T18:11:52.926+0000] {logging_mixin.py:188} INFO - [2026-03-14T18:11:52.925+0000] {dagbag.py:545} INFO - Filling up the DagBag from /opt/airflow/dags/transfer.py
[2026-03-14T18:11:52.967+0000] {processor.py:840} INFO - DAG(s) 'transfer_from_minio_to_snowflake_transactions', 'transfer_from_minio_to_snowflake_accounts', 'transfer_from_minio_to_snowflake_customers' retrieved from /opt/airflow/dags/transfer.py
[2026-03-14T18:11:53.000+0000] {logging_mixin.py:188} INFO - [2026-03-14T18:11:53.000+0000] {dag.py:3089} INFO - Sync 3 DAGs
[2026-03-14T18:11:53.017+0000] {logging_mixin.py:188} INFO - [2026-03-14T18:11:53.017+0000] {dag.py:3947} INFO - Setting next_dagrun for transfer_from_minio_to_snowflake_accounts to 2026-03-14 18:10:00+00:00, run_after=2026-03-14 18:11:00+00:00
[2026-03-14T18:11:53.020+0000] {logging_mixin.py:188} INFO - [2026-03-14T18:11:53.020+0000] {dag.py:3947} INFO - Setting next_dagrun for transfer_from_minio_to_snowflake_customers to 2026-03-14 18:10:00+00:00, run_after=2026-03-14 18:11:00+00:00
[2026-03-14T18:11:53.022+0000] {logging_mixin.py:188} INFO - [2026-03-14T18:11:53.021+0000] {dag.py:3947} INFO - Setting next_dagrun for transfer_from_minio_to_snowflake_transactions to 2026-03-14 18:10:00+00:00, run_after=2026-03-14 18:11:00+00:00
[2026-03-14T18:11:53.028+0000] {processor.py:183} INFO - Processing /opt/airflow/dags/transfer.py took 0.119 seconds
[2026-03-14T18:12:23.445+0000] {processor.py:161} INFO - Started process (PID=3055) to work on /opt/airflow/dags/transfer.py
[2026-03-14T18:12:23.447+0000] {processor.py:830} INFO - Processing file /opt/airflow/dags/transfer.py for tasks to queue
[2026-03-14T18:12:23.450+0000] {logging_mixin.py:188} INFO - [2026-03-14T18:12:23.450+0000] {dagbag.py:545} INFO - Filling up the DagBag from /opt/airflow/dags/transfer.py
[2026-03-14T18:12:23.482+0000] {processor.py:840} INFO - DAG(s) 'transfer_from_minio_to_snowflake_customers', 'transfer_from_minio_to_snowflake_transactions', 'transfer_from_minio_to_snowflake_accounts' retrieved from /opt/airflow/dags/transfer.py
[2026-03-14T18:12:23.513+0000] {logging_mixin.py:188} INFO - [2026-03-14T18:12:23.513+0000] {dag.py:3089} INFO - Sync 3 DAGs
[2026-03-14T18:12:23.527+0000] {logging_mixin.py:188} INFO - [2026-03-14T18:12:23.527+0000] {dag.py:3947} INFO - Setting next_dagrun for transfer_from_minio_to_snowflake_accounts to 2026-03-14 18:11:00+00:00, run_after=2026-03-14 18:12:00+00:00
[2026-03-14T18:12:23.529+0000] {logging_mixin.py:188} INFO - [2026-03-14T18:12:23.529+0000] {dag.py:3947} INFO - Setting next_dagrun for transfer_from_minio_to_snowflake_customers to 2026-03-14 18:11:00+00:00, run_after=2026-03-14 18:12:00+00:00
[2026-03-14T18:12:23.531+0000] {logging_mixin.py:188} INFO - [2026-03-14T18:12:23.531+0000] {dag.py:3947} INFO - Setting next_dagrun for transfer_from_minio_to_snowflake_transactions to 2026-03-14 18:11:00+00:00, run_after=2026-03-14 18:12:00+00:00
[2026-03-14T18:12:23.538+0000] {processor.py:183} INFO - Processing /opt/airflow/dags/transfer.py took 0.111 seconds
[2026-03-14T18:12:54.039+0000] {processor.py:161} INFO - Started process (PID=3057) to work on /opt/airflow/dags/transfer.py
[2026-03-14T18:12:54.041+0000] {processor.py:830} INFO - Processing file /opt/airflow/dags/transfer.py for tasks to queue
[2026-03-14T18:12:54.046+0000] {logging_mixin.py:188} INFO - [2026-03-14T18:12:54.046+0000] {dagbag.py:545} INFO - Filling up the DagBag from /opt/airflow/dags/transfer.py
[2026-03-14T18:12:54.087+0000] {processor.py:840} INFO - DAG(s) 'transfer_from_minio_to_snowflake_transactions', 'transfer_from_minio_to_snowflake_accounts', 'transfer_from_minio_to_snowflake_customers' retrieved from /opt/airflow/dags/transfer.py
[2026-03-14T18:12:54.125+0000] {logging_mixin.py:188} INFO - [2026-03-14T18:12:54.125+0000] {dag.py:3089} INFO - Sync 3 DAGs
[2026-03-14T18:12:54.145+0000] {logging_mixin.py:188} INFO - [2026-03-14T18:12:54.145+0000] {dag.py:3947} INFO - Setting next_dagrun for transfer_from_minio_to_snowflake_accounts to 2026-03-14 18:11:00+00:00, run_after=2026-03-14 18:12:00+00:00
[2026-03-14T18:12:54.148+0000] {logging_mixin.py:188} INFO - [2026-03-14T18:12:54.148+0000] {dag.py:3947} INFO - Setting next_dagrun for transfer_from_minio_to_snowflake_customers to 2026-03-14 18:11:00+00:00, run_after=2026-03-14 18:12:00+00:00
[2026-03-14T18:12:54.150+0000] {logging_mixin.py:188} INFO - [2026-03-14T18:12:54.150+0000] {dag.py:3947} INFO - Setting next_dagrun for transfer_from_minio_to_snowflake_transactions to 2026-03-14 18:11:00+00:00, run_after=2026-03-14 18:12:00+00:00
[2026-03-14T18:12:54.159+0000] {processor.py:183} INFO - Processing /opt/airflow/dags/transfer.py took 0.136 seconds
[2026-03-14T18:13:24.510+0000] {processor.py:161} INFO - Started process (PID=3059) to work on /opt/airflow/dags/transfer.py
[2026-03-14T18:13:24.512+0000] {processor.py:830} INFO - Processing file /opt/airflow/dags/transfer.py for tasks to queue
[2026-03-14T18:13:24.514+0000] {logging_mixin.py:188} INFO - [2026-03-14T18:13:24.514+0000] {dagbag.py:545} INFO - Filling up the DagBag from /opt/airflow/dags/transfer.py
[2026-03-14T18:13:24.546+0000] {processor.py:840} INFO - DAG(s) 'transfer_from_minio_to_snowflake_accounts', 'transfer_from_minio_to_snowflake_customers', 'transfer_from_minio_to_snowflake_transactions' retrieved from /opt/airflow/dags/transfer.py
[2026-03-14T18:13:24.588+0000] {logging_mixin.py:188} INFO - [2026-03-14T18:13:24.588+0000] {dag.py:3089} INFO - Sync 3 DAGs
[2026-03-14T18:13:24.604+0000] {logging_mixin.py:188} INFO - [2026-03-14T18:13:24.604+0000] {dag.py:3947} INFO - Setting next_dagrun for transfer_from_minio_to_snowflake_accounts to 2026-03-14 18:12:00+00:00, run_after=2026-03-14 18:13:00+00:00
[2026-03-14T18:13:24.607+0000] {logging_mixin.py:188} INFO - [2026-03-14T18:13:24.607+0000] {dag.py:3947} INFO - Setting next_dagrun for transfer_from_minio_to_snowflake_customers to 2026-03-14 18:12:00+00:00, run_after=2026-03-14 18:13:00+00:00
[2026-03-14T18:13:24.609+0000] {logging_mixin.py:188} INFO - [2026-03-14T18:13:24.609+0000] {dag.py:3947} INFO - Setting next_dagrun for transfer_from_minio_to_snowflake_transactions to 2026-03-14 18:12:00+00:00, run_after=2026-03-14 18:13:00+00:00
[2026-03-14T18:13:24.617+0000] {processor.py:183} INFO - Processing /opt/airflow/dags/transfer.py took 0.117 seconds
[2026-03-14T18:13:55.047+0000] {processor.py:161} INFO - Started process (PID=3061) to work on /opt/airflow/dags/transfer.py
[2026-03-14T18:13:55.049+0000] {processor.py:830} INFO - Processing file /opt/airflow/dags/transfer.py for tasks to queue
[2026-03-14T18:13:55.051+0000] {logging_mixin.py:188} INFO - [2026-03-14T18:13:55.051+0000] {dagbag.py:545} INFO - Filling up the DagBag from /opt/airflow/dags/transfer.py
[2026-03-14T18:13:55.088+0000] {processor.py:840} INFO - DAG(s) 'transfer_from_minio_to_snowflake_transactions', 'transfer_from_minio_to_snowflake_customers', 'transfer_from_minio_to_snowflake_accounts' retrieved from /opt/airflow/dags/transfer.py
[2026-03-14T18:13:55.136+0000] {logging_mixin.py:188} INFO - [2026-03-14T18:13:55.136+0000] {dag.py:3089} INFO - Sync 3 DAGs
[2026-03-14T18:13:55.166+0000] {logging_mixin.py:188} INFO - [2026-03-14T18:13:55.166+0000] {dag.py:3947} INFO - Setting next_dagrun for transfer_from_minio_to_snowflake_accounts to 2026-03-14 18:12:00+00:00, run_after=2026-03-14 18:13:00+00:00
[2026-03-14T18:13:55.170+0000] {logging_mixin.py:188} INFO - [2026-03-14T18:13:55.170+0000] {dag.py:3947} INFO - Setting next_dagrun for transfer_from_minio_to_snowflake_customers to 2026-03-14 18:12:00+00:00, run_after=2026-03-14 18:13:00+00:00
[2026-03-14T18:13:55.171+0000] {logging_mixin.py:188} INFO - [2026-03-14T18:13:55.171+0000] {dag.py:3947} INFO - Setting next_dagrun for transfer_from_minio_to_snowflake_transactions to 2026-03-14 18:12:00+00:00, run_after=2026-03-14 18:13:00+00:00
[2026-03-14T18:13:55.180+0000] {processor.py:183} INFO - Processing /opt/airflow/dags/transfer.py took 0.156 seconds
[2026-03-14T18:14:25.534+0000] {processor.py:161} INFO - Started process (PID=3063) to work on /opt/airflow/dags/transfer.py
[2026-03-14T18:14:25.536+0000] {processor.py:830} INFO - Processing file /opt/airflow/dags/transfer.py for tasks to queue
[2026-03-14T18:14:25.540+0000] {logging_mixin.py:188} INFO - [2026-03-14T18:14:25.540+0000] {dagbag.py:545} INFO - Filling up the DagBag from /opt/airflow/dags/transfer.py
[2026-03-14T18:14:25.575+0000] {processor.py:840} INFO - DAG(s) 'transfer_from_minio_to_snowflake_customers', 'transfer_from_minio_to_snowflake_transactions', 'transfer_from_minio_to_snowflake_accounts' retrieved from /opt/airflow/dags/transfer.py
[2026-03-14T18:14:25.615+0000] {logging_mixin.py:188} INFO - [2026-03-14T18:14:25.614+0000] {dag.py:3089} INFO - Sync 3 DAGs
[2026-03-14T18:14:25.629+0000] {logging_mixin.py:188} INFO - [2026-03-14T18:14:25.629+0000] {dag.py:3947} INFO - Setting next_dagrun for transfer_from_minio_to_snowflake_accounts to 2026-03-14 18:13:00+00:00, run_after=2026-03-14 18:14:00+00:00
[2026-03-14T18:14:25.632+0000] {logging_mixin.py:188} INFO - [2026-03-14T18:14:25.632+0000] {dag.py:3947} INFO - Setting next_dagrun for transfer_from_minio_to_snowflake_customers to 2026-03-14 18:13:00+00:00, run_after=2026-03-14 18:14:00+00:00
[2026-03-14T18:14:25.634+0000] {logging_mixin.py:188} INFO - [2026-03-14T18:14:25.634+0000] {dag.py:3947} INFO - Setting next_dagrun for transfer_from_minio_to_snowflake_transactions to 2026-03-14 18:13:00+00:00, run_after=2026-03-14 18:14:00+00:00
[2026-03-14T18:14:25.641+0000] {processor.py:183} INFO - Processing /opt/airflow/dags/transfer.py took 0.118 seconds
[2026-03-14T18:14:56.066+0000] {processor.py:161} INFO - Started process (PID=3065) to work on /opt/airflow/dags/transfer.py
[2026-03-14T18:14:56.069+0000] {processor.py:830} INFO - Processing file /opt/airflow/dags/transfer.py for tasks to queue
[2026-03-14T18:14:56.083+0000] {logging_mixin.py:188} INFO - [2026-03-14T18:14:56.079+0000] {dagbag.py:545} INFO - Filling up the DagBag from /opt/airflow/dags/transfer.py
[2026-03-14T18:14:56.128+0000] {processor.py:840} INFO - DAG(s) 'transfer_from_minio_to_snowflake_accounts', 'transfer_from_minio_to_snowflake_customers', 'transfer_from_minio_to_snowflake_transactions' retrieved from /opt/airflow/dags/transfer.py
[2026-03-14T18:14:56.164+0000] {logging_mixin.py:188} INFO - [2026-03-14T18:14:56.164+0000] {dag.py:3089} INFO - Sync 3 DAGs
[2026-03-14T18:14:56.180+0000] {logging_mixin.py:188} INFO - [2026-03-14T18:14:56.180+0000] {dag.py:3947} INFO - Setting next_dagrun for transfer_from_minio_to_snowflake_accounts to 2026-03-14 18:13:00+00:00, run_after=2026-03-14 18:14:00+00:00
[2026-03-14T18:14:56.183+0000] {logging_mixin.py:188} INFO - [2026-03-14T18:14:56.183+0000] {dag.py:3947} INFO - Setting next_dagrun for transfer_from_minio_to_snowflake_customers to 2026-03-14 18:13:00+00:00, run_after=2026-03-14 18:14:00+00:00
[2026-03-14T18:14:56.184+0000] {logging_mixin.py:188} INFO - [2026-03-14T18:14:56.184+0000] {dag.py:3947} INFO - Setting next_dagrun for transfer_from_minio_to_snowflake_transactions to 2026-03-14 18:13:00+00:00, run_after=2026-03-14 18:14:00+00:00
[2026-03-14T18:14:56.192+0000] {processor.py:183} INFO - Processing /opt/airflow/dags/transfer.py took 0.146 seconds
[2026-03-14T18:15:26.586+0000] {processor.py:161} INFO - Started process (PID=3067) to work on /opt/airflow/dags/transfer.py
[2026-03-14T18:15:26.590+0000] {processor.py:830} INFO - Processing file /opt/airflow/dags/transfer.py for tasks to queue
[2026-03-14T18:15:26.594+0000] {logging_mixin.py:188} INFO - [2026-03-14T18:15:26.593+0000] {dagbag.py:545} INFO - Filling up the DagBag from /opt/airflow/dags/transfer.py
[2026-03-14T18:15:26.632+0000] {processor.py:840} INFO - DAG(s) 'transfer_from_minio_to_snowflake_customers', 'transfer_from_minio_to_snowflake_accounts', 'transfer_from_minio_to_snowflake_transactions' retrieved from /opt/airflow/dags/transfer.py
[2026-03-14T18:15:26.669+0000] {logging_mixin.py:188} INFO - [2026-03-14T18:15:26.669+0000] {dag.py:3089} INFO - Sync 3 DAGs
[2026-03-14T18:15:26.687+0000] {logging_mixin.py:188} INFO - [2026-03-14T18:15:26.687+0000] {dag.py:3947} INFO - Setting next_dagrun for transfer_from_minio_to_snowflake_accounts to 2026-03-14 18:14:00+00:00, run_after=2026-03-14 18:15:00+00:00
[2026-03-14T18:15:26.690+0000] {logging_mixin.py:188} INFO - [2026-03-14T18:15:26.690+0000] {dag.py:3947} INFO - Setting next_dagrun for transfer_from_minio_to_snowflake_customers to 2026-03-14 18:14:00+00:00, run_after=2026-03-14 18:15:00+00:00
[2026-03-14T18:15:26.692+0000] {logging_mixin.py:188} INFO - [2026-03-14T18:15:26.692+0000] {dag.py:3947} INFO - Setting next_dagrun for transfer_from_minio_to_snowflake_transactions to 2026-03-14 18:14:00+00:00, run_after=2026-03-14 18:15:00+00:00
[2026-03-14T18:15:26.700+0000] {processor.py:183} INFO - Processing /opt/airflow/dags/transfer.py took 0.132 seconds
[2026-03-14T18:15:57.093+0000] {processor.py:161} INFO - Started process (PID=3069) to work on /opt/airflow/dags/transfer.py
[2026-03-14T18:15:57.095+0000] {processor.py:830} INFO - Processing file /opt/airflow/dags/transfer.py for tasks to queue
[2026-03-14T18:15:57.098+0000] {logging_mixin.py:188} INFO - [2026-03-14T18:15:57.097+0000] {dagbag.py:545} INFO - Filling up the DagBag from /opt/airflow/dags/transfer.py
[2026-03-14T18:15:57.131+0000] {processor.py:840} INFO - DAG(s) 'transfer_from_minio_to_snowflake_transactions', 'transfer_from_minio_to_snowflake_customers', 'transfer_from_minio_to_snowflake_accounts' retrieved from /opt/airflow/dags/transfer.py
[2026-03-14T18:15:57.161+0000] {logging_mixin.py:188} INFO - [2026-03-14T18:15:57.161+0000] {dag.py:3089} INFO - Sync 3 DAGs
[2026-03-14T18:15:57.177+0000] {logging_mixin.py:188} INFO - [2026-03-14T18:15:57.177+0000] {dag.py:3947} INFO - Setting next_dagrun for transfer_from_minio_to_snowflake_accounts to 2026-03-14 18:14:00+00:00, run_after=2026-03-14 18:15:00+00:00
[2026-03-14T18:15:57.180+0000] {logging_mixin.py:188} INFO - [2026-03-14T18:15:57.180+0000] {dag.py:3947} INFO - Setting next_dagrun for transfer_from_minio_to_snowflake_customers to 2026-03-14 18:14:00+00:00, run_after=2026-03-14 18:15:00+00:00
[2026-03-14T18:15:57.182+0000] {logging_mixin.py:188} INFO - [2026-03-14T18:15:57.182+0000] {dag.py:3947} INFO - Setting next_dagrun for transfer_from_minio_to_snowflake_transactions to 2026-03-14 18:14:00+00:00, run_after=2026-03-14 18:15:00+00:00
[2026-03-14T18:15:57.190+0000] {processor.py:183} INFO - Processing /opt/airflow/dags/transfer.py took 0.111 seconds
[2026-03-14T18:16:27.557+0000] {processor.py:161} INFO - Started process (PID=3071) to work on /opt/airflow/dags/transfer.py
[2026-03-14T18:16:27.558+0000] {processor.py:830} INFO - Processing file /opt/airflow/dags/transfer.py for tasks to queue
[2026-03-14T18:16:27.562+0000] {logging_mixin.py:188} INFO - [2026-03-14T18:16:27.561+0000] {dagbag.py:545} INFO - Filling up the DagBag from /opt/airflow/dags/transfer.py
[2026-03-14T18:16:27.597+0000] {processor.py:840} INFO - DAG(s) 'transfer_from_minio_to_snowflake_accounts', 'transfer_from_minio_to_snowflake_transactions', 'transfer_from_minio_to_snowflake_customers' retrieved from /opt/airflow/dags/transfer.py
[2026-03-14T18:16:27.626+0000] {logging_mixin.py:188} INFO - [2026-03-14T18:16:27.626+0000] {dag.py:3089} INFO - Sync 3 DAGs
[2026-03-14T18:16:27.644+0000] {logging_mixin.py:188} INFO - [2026-03-14T18:16:27.644+0000] {dag.py:3947} INFO - Setting next_dagrun for transfer_from_minio_to_snowflake_accounts to 2026-03-14 18:15:00+00:00, run_after=2026-03-14 18:16:00+00:00
[2026-03-14T18:16:27.646+0000] {logging_mixin.py:188} INFO - [2026-03-14T18:16:27.646+0000] {dag.py:3947} INFO - Setting next_dagrun for transfer_from_minio_to_snowflake_customers to 2026-03-14 18:15:00+00:00, run_after=2026-03-14 18:16:00+00:00
[2026-03-14T18:16:27.648+0000] {logging_mixin.py:188} INFO - [2026-03-14T18:16:27.648+0000] {dag.py:3947} INFO - Setting next_dagrun for transfer_from_minio_to_snowflake_transactions to 2026-03-14 18:15:00+00:00, run_after=2026-03-14 18:16:00+00:00
[2026-03-14T18:16:27.656+0000] {processor.py:183} INFO - Processing /opt/airflow/dags/transfer.py took 0.110 seconds
[2026-03-14T18:16:58.059+0000] {processor.py:161} INFO - Started process (PID=3073) to work on /opt/airflow/dags/transfer.py
[2026-03-14T18:16:58.062+0000] {processor.py:830} INFO - Processing file /opt/airflow/dags/transfer.py for tasks to queue
[2026-03-14T18:16:58.063+0000] {logging_mixin.py:188} INFO - [2026-03-14T18:16:58.063+0000] {dagbag.py:545} INFO - Filling up the DagBag from /opt/airflow/dags/transfer.py
[2026-03-14T18:16:58.097+0000] {processor.py:840} INFO - DAG(s) 'transfer_from_minio_to_snowflake_accounts', 'transfer_from_minio_to_snowflake_transactions', 'transfer_from_minio_to_snowflake_customers' retrieved from /opt/airflow/dags/transfer.py
[2026-03-14T18:16:58.136+0000] {logging_mixin.py:188} INFO - [2026-03-14T18:16:58.136+0000] {dag.py:3089} INFO - Sync 3 DAGs
[2026-03-14T18:16:58.151+0000] {logging_mixin.py:188} INFO - [2026-03-14T18:16:58.151+0000] {dag.py:3947} INFO - Setting next_dagrun for transfer_from_minio_to_snowflake_accounts to 2026-03-14 18:15:00+00:00, run_after=2026-03-14 18:16:00+00:00
[2026-03-14T18:16:58.154+0000] {logging_mixin.py:188} INFO - [2026-03-14T18:16:58.154+0000] {dag.py:3947} INFO - Setting next_dagrun for transfer_from_minio_to_snowflake_customers to 2026-03-14 18:15:00+00:00, run_after=2026-03-14 18:16:00+00:00
[2026-03-14T18:16:58.156+0000] {logging_mixin.py:188} INFO - [2026-03-14T18:16:58.156+0000] {dag.py:3947} INFO - Setting next_dagrun for transfer_from_minio_to_snowflake_transactions to 2026-03-14 18:15:00+00:00, run_after=2026-03-14 18:16:00+00:00
[2026-03-14T18:16:58.164+0000] {processor.py:183} INFO - Processing /opt/airflow/dags/transfer.py took 0.116 seconds
[2026-03-14T18:17:28.572+0000] {processor.py:161} INFO - Started process (PID=3075) to work on /opt/airflow/dags/transfer.py
[2026-03-14T18:17:28.575+0000] {processor.py:830} INFO - Processing file /opt/airflow/dags/transfer.py for tasks to queue
[2026-03-14T18:17:28.579+0000] {logging_mixin.py:188} INFO - [2026-03-14T18:17:28.579+0000] {dagbag.py:545} INFO - Filling up the DagBag from /opt/airflow/dags/transfer.py
[2026-03-14T18:17:28.613+0000] {processor.py:840} INFO - DAG(s) 'transfer_from_minio_to_snowflake_transactions', 'transfer_from_minio_to_snowflake_accounts', 'transfer_from_minio_to_snowflake_customers' retrieved from /opt/airflow/dags/transfer.py
[2026-03-14T18:17:28.647+0000] {logging_mixin.py:188} INFO - [2026-03-14T18:17:28.647+0000] {dag.py:3089} INFO - Sync 3 DAGs
[2026-03-14T18:17:28.662+0000] {logging_mixin.py:188} INFO - [2026-03-14T18:17:28.662+0000] {dag.py:3947} INFO - Setting next_dagrun for transfer_from_minio_to_snowflake_accounts to 2026-03-14 18:16:00+00:00, run_after=2026-03-14 18:17:00+00:00
[2026-03-14T18:17:28.665+0000] {logging_mixin.py:188} INFO - [2026-03-14T18:17:28.665+0000] {dag.py:3947} INFO - Setting next_dagrun for transfer_from_minio_to_snowflake_customers to 2026-03-14 18:16:00+00:00, run_after=2026-03-14 18:17:00+00:00
[2026-03-14T18:17:28.666+0000] {logging_mixin.py:188} INFO - [2026-03-14T18:17:28.666+0000] {dag.py:3947} INFO - Setting next_dagrun for transfer_from_minio_to_snowflake_transactions to 2026-03-14 18:16:00+00:00, run_after=2026-03-14 18:17:00+00:00
[2026-03-14T18:17:28.676+0000] {processor.py:183} INFO - Processing /opt/airflow/dags/transfer.py took 0.127 seconds
[2026-03-14T18:17:59.046+0000] {processor.py:161} INFO - Started process (PID=3077) to work on /opt/airflow/dags/transfer.py
[2026-03-14T18:17:59.047+0000] {processor.py:830} INFO - Processing file /opt/airflow/dags/transfer.py for tasks to queue
[2026-03-14T18:17:59.050+0000] {logging_mixin.py:188} INFO - [2026-03-14T18:17:59.050+0000] {dagbag.py:545} INFO - Filling up the DagBag from /opt/airflow/dags/transfer.py
[2026-03-14T18:17:59.080+0000] {processor.py:840} INFO - DAG(s) 'transfer_from_minio_to_snowflake_accounts', 'transfer_from_minio_to_snowflake_transactions', 'transfer_from_minio_to_snowflake_customers' retrieved from /opt/airflow/dags/transfer.py
[2026-03-14T18:17:59.106+0000] {logging_mixin.py:188} INFO - [2026-03-14T18:17:59.105+0000] {dag.py:3089} INFO - Sync 3 DAGs
[2026-03-14T18:17:59.122+0000] {logging_mixin.py:188} INFO - [2026-03-14T18:17:59.122+0000] {dag.py:3947} INFO - Setting next_dagrun for transfer_from_minio_to_snowflake_accounts to 2026-03-14 18:16:00+00:00, run_after=2026-03-14 18:17:00+00:00
[2026-03-14T18:17:59.125+0000] {logging_mixin.py:188} INFO - [2026-03-14T18:17:59.125+0000] {dag.py:3947} INFO - Setting next_dagrun for transfer_from_minio_to_snowflake_customers to 2026-03-14 18:16:00+00:00, run_after=2026-03-14 18:17:00+00:00
[2026-03-14T18:17:59.126+0000] {logging_mixin.py:188} INFO - [2026-03-14T18:17:59.126+0000] {dag.py:3947} INFO - Setting next_dagrun for transfer_from_minio_to_snowflake_transactions to 2026-03-14 18:16:00+00:00, run_after=2026-03-14 18:17:00+00:00
[2026-03-14T18:17:59.134+0000] {processor.py:183} INFO - Processing /opt/airflow/dags/transfer.py took 0.098 seconds
[2026-03-14T18:18:29.543+0000] {processor.py:161} INFO - Started process (PID=3079) to work on /opt/airflow/dags/transfer.py
[2026-03-14T18:18:29.546+0000] {processor.py:830} INFO - Processing file /opt/airflow/dags/transfer.py for tasks to queue
[2026-03-14T18:18:29.549+0000] {logging_mixin.py:188} INFO - [2026-03-14T18:18:29.549+0000] {dagbag.py:545} INFO - Filling up the DagBag from /opt/airflow/dags/transfer.py
[2026-03-14T18:18:29.586+0000] {processor.py:840} INFO - DAG(s) 'transfer_from_minio_to_snowflake_accounts', 'transfer_from_minio_to_snowflake_transactions', 'transfer_from_minio_to_snowflake_customers' retrieved from /opt/airflow/dags/transfer.py
[2026-03-14T18:18:29.617+0000] {logging_mixin.py:188} INFO - [2026-03-14T18:18:29.617+0000] {dag.py:3089} INFO - Sync 3 DAGs
[2026-03-14T18:18:29.631+0000] {logging_mixin.py:188} INFO - [2026-03-14T18:18:29.631+0000] {dag.py:3947} INFO - Setting next_dagrun for transfer_from_minio_to_snowflake_accounts to 2026-03-14 18:17:00+00:00, run_after=2026-03-14 18:18:00+00:00
[2026-03-14T18:18:29.635+0000] {logging_mixin.py:188} INFO - [2026-03-14T18:18:29.635+0000] {dag.py:3947} INFO - Setting next_dagrun for transfer_from_minio_to_snowflake_customers to 2026-03-14 18:17:00+00:00, run_after=2026-03-14 18:18:00+00:00
[2026-03-14T18:18:29.637+0000] {logging_mixin.py:188} INFO - [2026-03-14T18:18:29.637+0000] {dag.py:3947} INFO - Setting next_dagrun for transfer_from_minio_to_snowflake_transactions to 2026-03-14 18:17:00+00:00, run_after=2026-03-14 18:18:00+00:00
[2026-03-14T18:18:29.644+0000] {processor.py:183} INFO - Processing /opt/airflow/dags/transfer.py took 0.109 seconds
[2026-03-14T18:19:00.024+0000] {processor.py:161} INFO - Started process (PID=3081) to work on /opt/airflow/dags/transfer.py
[2026-03-14T18:19:00.030+0000] {processor.py:830} INFO - Processing file /opt/airflow/dags/transfer.py for tasks to queue
[2026-03-14T18:19:00.038+0000] {logging_mixin.py:188} INFO - [2026-03-14T18:19:00.037+0000] {dagbag.py:545} INFO - Filling up the DagBag from /opt/airflow/dags/transfer.py
[2026-03-14T18:19:00.065+0000] {processor.py:840} INFO - DAG(s) 'transfer_from_minio_to_snowflake_transactions', 'transfer_from_minio_to_snowflake_accounts', 'transfer_from_minio_to_snowflake_customers' retrieved from /opt/airflow/dags/transfer.py
[2026-03-14T18:19:00.097+0000] {logging_mixin.py:188} INFO - [2026-03-14T18:19:00.097+0000] {dag.py:3089} INFO - Sync 3 DAGs
[2026-03-14T18:19:00.115+0000] {logging_mixin.py:188} INFO - [2026-03-14T18:19:00.115+0000] {dag.py:3947} INFO - Setting next_dagrun for transfer_from_minio_to_snowflake_accounts to 2026-03-14 18:18:00+00:00, run_after=2026-03-14 18:19:00+00:00
[2026-03-14T18:19:00.117+0000] {logging_mixin.py:188} INFO - [2026-03-14T18:19:00.117+0000] {dag.py:3947} INFO - Setting next_dagrun for transfer_from_minio_to_snowflake_customers to 2026-03-14 18:18:00+00:00, run_after=2026-03-14 18:19:00+00:00
[2026-03-14T18:19:00.119+0000] {logging_mixin.py:188} INFO - [2026-03-14T18:19:00.119+0000] {dag.py:3947} INFO - Setting next_dagrun for transfer_from_minio_to_snowflake_transactions to 2026-03-14 18:18:00+00:00, run_after=2026-03-14 18:19:00+00:00
[2026-03-14T18:19:00.127+0000] {processor.py:183} INFO - Processing /opt/airflow/dags/transfer.py took 0.113 seconds
[2026-03-14T18:19:30.486+0000] {processor.py:161} INFO - Started process (PID=3083) to work on /opt/airflow/dags/transfer.py
[2026-03-14T18:19:30.486+0000] {processor.py:830} INFO - Processing file /opt/airflow/dags/transfer.py for tasks to queue
[2026-03-14T18:19:30.494+0000] {logging_mixin.py:188} INFO - [2026-03-14T18:19:30.494+0000] {dagbag.py:545} INFO - Filling up the DagBag from /opt/airflow/dags/transfer.py
[2026-03-14T18:19:30.523+0000] {processor.py:840} INFO - DAG(s) 'transfer_from_minio_to_snowflake_customers', 'transfer_from_minio_to_snowflake_accounts', 'transfer_from_minio_to_snowflake_transactions' retrieved from /opt/airflow/dags/transfer.py
[2026-03-14T18:19:30.555+0000] {logging_mixin.py:188} INFO - [2026-03-14T18:19:30.555+0000] {dag.py:3089} INFO - Sync 3 DAGs
[2026-03-14T18:19:30.572+0000] {logging_mixin.py:188} INFO - [2026-03-14T18:19:30.572+0000] {dag.py:3947} INFO - Setting next_dagrun for transfer_from_minio_to_snowflake_accounts to 2026-03-14 18:18:00+00:00, run_after=2026-03-14 18:19:00+00:00
[2026-03-14T18:19:30.575+0000] {logging_mixin.py:188} INFO - [2026-03-14T18:19:30.575+0000] {dag.py:3947} INFO - Setting next_dagrun for transfer_from_minio_to_snowflake_customers to 2026-03-14 18:18:00+00:00, run_after=2026-03-14 18:19:00+00:00
[2026-03-14T18:19:30.576+0000] {logging_mixin.py:188} INFO - [2026-03-14T18:19:30.576+0000] {dag.py:3947} INFO - Setting next_dagrun for transfer_from_minio_to_snowflake_transactions to 2026-03-14 18:18:00+00:00, run_after=2026-03-14 18:19:00+00:00
[2026-03-14T18:19:30.583+0000] {processor.py:183} INFO - Processing /opt/airflow/dags/transfer.py took 0.107 seconds
[2026-03-14T18:20:00.972+0000] {processor.py:161} INFO - Started process (PID=3085) to work on /opt/airflow/dags/transfer.py
[2026-03-14T18:20:00.974+0000] {processor.py:830} INFO - Processing file /opt/airflow/dags/transfer.py for tasks to queue
[2026-03-14T18:20:00.976+0000] {logging_mixin.py:188} INFO - [2026-03-14T18:20:00.976+0000] {dagbag.py:545} INFO - Filling up the DagBag from /opt/airflow/dags/transfer.py
[2026-03-14T18:20:01.009+0000] {processor.py:840} INFO - DAG(s) 'transfer_from_minio_to_snowflake_customers', 'transfer_from_minio_to_snowflake_transactions', 'transfer_from_minio_to_snowflake_accounts' retrieved from /opt/airflow/dags/transfer.py
[2026-03-14T18:20:01.038+0000] {logging_mixin.py:188} INFO - [2026-03-14T18:20:01.038+0000] {dag.py:3089} INFO - Sync 3 DAGs
[2026-03-14T18:20:01.055+0000] {logging_mixin.py:188} INFO - [2026-03-14T18:20:01.055+0000] {dag.py:3947} INFO - Setting next_dagrun for transfer_from_minio_to_snowflake_accounts to 2026-03-14 18:19:00+00:00, run_after=2026-03-14 18:20:00+00:00
[2026-03-14T18:20:01.058+0000] {logging_mixin.py:188} INFO - [2026-03-14T18:20:01.058+0000] {dag.py:3947} INFO - Setting next_dagrun for transfer_from_minio_to_snowflake_customers to 2026-03-14 18:19:00+00:00, run_after=2026-03-14 18:20:00+00:00
[2026-03-14T18:20:01.060+0000] {logging_mixin.py:188} INFO - [2026-03-14T18:20:01.060+0000] {dag.py:3947} INFO - Setting next_dagrun for transfer_from_minio_to_snowflake_transactions to 2026-03-14 18:19:00+00:00, run_after=2026-03-14 18:20:00+00:00
[2026-03-14T18:20:01.067+0000] {processor.py:183} INFO - Processing /opt/airflow/dags/transfer.py took 0.110 seconds
[2026-03-14T18:20:31.419+0000] {processor.py:161} INFO - Started process (PID=3087) to work on /opt/airflow/dags/transfer.py
[2026-03-14T18:20:31.422+0000] {processor.py:830} INFO - Processing file /opt/airflow/dags/transfer.py for tasks to queue
[2026-03-14T18:20:31.425+0000] {logging_mixin.py:188} INFO - [2026-03-14T18:20:31.424+0000] {dagbag.py:545} INFO - Filling up the DagBag from /opt/airflow/dags/transfer.py
[2026-03-14T18:20:31.473+0000] {processor.py:840} INFO - DAG(s) 'transfer_from_minio_to_snowflake_transactions', 'transfer_from_minio_to_snowflake_accounts', 'transfer_from_minio_to_snowflake_customers' retrieved from /opt/airflow/dags/transfer.py
[2026-03-14T18:20:31.507+0000] {logging_mixin.py:188} INFO - [2026-03-14T18:20:31.507+0000] {dag.py:3089} INFO - Sync 3 DAGs
[2026-03-14T18:20:31.521+0000] {logging_mixin.py:188} INFO - [2026-03-14T18:20:31.521+0000] {dag.py:3947} INFO - Setting next_dagrun for transfer_from_minio_to_snowflake_accounts to 2026-03-14 18:19:00+00:00, run_after=2026-03-14 18:20:00+00:00
[2026-03-14T18:20:31.524+0000] {logging_mixin.py:188} INFO - [2026-03-14T18:20:31.524+0000] {dag.py:3947} INFO - Setting next_dagrun for transfer_from_minio_to_snowflake_customers to 2026-03-14 18:19:00+00:00, run_after=2026-03-14 18:20:00+00:00
[2026-03-14T18:20:31.525+0000] {logging_mixin.py:188} INFO - [2026-03-14T18:20:31.525+0000] {dag.py:3947} INFO - Setting next_dagrun for transfer_from_minio_to_snowflake_transactions to 2026-03-14 18:19:00+00:00, run_after=2026-03-14 18:20:00+00:00
[2026-03-14T18:20:31.533+0000] {processor.py:183} INFO - Processing /opt/airflow/dags/transfer.py took 0.128 seconds
[2026-03-14T18:21:01.950+0000] {processor.py:161} INFO - Started process (PID=3089) to work on /opt/airflow/dags/transfer.py
[2026-03-14T18:21:01.951+0000] {processor.py:830} INFO - Processing file /opt/airflow/dags/transfer.py for tasks to queue
[2026-03-14T18:21:01.955+0000] {logging_mixin.py:188} INFO - [2026-03-14T18:21:01.954+0000] {dagbag.py:545} INFO - Filling up the DagBag from /opt/airflow/dags/transfer.py
[2026-03-14T18:21:01.995+0000] {processor.py:840} INFO - DAG(s) 'transfer_from_minio_to_snowflake_transactions', 'transfer_from_minio_to_snowflake_customers', 'transfer_from_minio_to_snowflake_accounts' retrieved from /opt/airflow/dags/transfer.py
[2026-03-14T18:21:02.031+0000] {logging_mixin.py:188} INFO - [2026-03-14T18:21:02.031+0000] {dag.py:3089} INFO - Sync 3 DAGs
[2026-03-14T18:21:02.048+0000] {logging_mixin.py:188} INFO - [2026-03-14T18:21:02.048+0000] {dag.py:3947} INFO - Setting next_dagrun for transfer_from_minio_to_snowflake_accounts to 2026-03-14 18:20:00+00:00, run_after=2026-03-14 18:21:00+00:00
[2026-03-14T18:21:02.051+0000] {logging_mixin.py:188} INFO - [2026-03-14T18:21:02.051+0000] {dag.py:3947} INFO - Setting next_dagrun for transfer_from_minio_to_snowflake_customers to 2026-03-14 18:20:00+00:00, run_after=2026-03-14 18:21:00+00:00
[2026-03-14T18:21:02.053+0000] {logging_mixin.py:188} INFO - [2026-03-14T18:21:02.053+0000] {dag.py:3947} INFO - Setting next_dagrun for transfer_from_minio_to_snowflake_transactions to 2026-03-14 18:20:00+00:00, run_after=2026-03-14 18:21:00+00:00
[2026-03-14T18:21:02.060+0000] {processor.py:183} INFO - Processing /opt/airflow/dags/transfer.py took 0.121 seconds
[2026-03-14T18:21:32.434+0000] {processor.py:161} INFO - Started process (PID=3091) to work on /opt/airflow/dags/transfer.py
[2026-03-14T18:21:32.437+0000] {processor.py:830} INFO - Processing file /opt/airflow/dags/transfer.py for tasks to queue
[2026-03-14T18:21:32.442+0000] {logging_mixin.py:188} INFO - [2026-03-14T18:21:32.441+0000] {dagbag.py:545} INFO - Filling up the DagBag from /opt/airflow/dags/transfer.py
[2026-03-14T18:21:32.481+0000] {processor.py:840} INFO - DAG(s) 'transfer_from_minio_to_snowflake_customers', 'transfer_from_minio_to_snowflake_accounts', 'transfer_from_minio_to_snowflake_transactions' retrieved from /opt/airflow/dags/transfer.py
[2026-03-14T18:21:32.515+0000] {logging_mixin.py:188} INFO - [2026-03-14T18:21:32.515+0000] {dag.py:3089} INFO - Sync 3 DAGs
[2026-03-14T18:21:32.532+0000] {logging_mixin.py:188} INFO - [2026-03-14T18:21:32.532+0000] {dag.py:3947} INFO - Setting next_dagrun for transfer_from_minio_to_snowflake_accounts to 2026-03-14 18:20:00+00:00, run_after=2026-03-14 18:21:00+00:00
[2026-03-14T18:21:32.536+0000] {logging_mixin.py:188} INFO - [2026-03-14T18:21:32.536+0000] {dag.py:3947} INFO - Setting next_dagrun for transfer_from_minio_to_snowflake_customers to 2026-03-14 18:20:00+00:00, run_after=2026-03-14 18:21:00+00:00
[2026-03-14T18:21:32.537+0000] {logging_mixin.py:188} INFO - [2026-03-14T18:21:32.537+0000] {dag.py:3947} INFO - Setting next_dagrun for transfer_from_minio_to_snowflake_transactions to 2026-03-14 18:20:00+00:00, run_after=2026-03-14 18:21:00+00:00
[2026-03-14T18:21:32.545+0000] {processor.py:183} INFO - Processing /opt/airflow/dags/transfer.py took 0.129 seconds
[2026-03-14T18:22:02.936+0000] {processor.py:161} INFO - Started process (PID=3093) to work on /opt/airflow/dags/transfer.py
[2026-03-14T18:22:02.938+0000] {processor.py:830} INFO - Processing file /opt/airflow/dags/transfer.py for tasks to queue
[2026-03-14T18:22:02.940+0000] {logging_mixin.py:188} INFO - [2026-03-14T18:22:02.940+0000] {dagbag.py:545} INFO - Filling up the DagBag from /opt/airflow/dags/transfer.py
[2026-03-14T18:22:02.973+0000] {processor.py:840} INFO - DAG(s) 'transfer_from_minio_to_snowflake_transactions', 'transfer_from_minio_to_snowflake_customers', 'transfer_from_minio_to_snowflake_accounts' retrieved from /opt/airflow/dags/transfer.py
[2026-03-14T18:22:03.012+0000] {logging_mixin.py:188} INFO - [2026-03-14T18:22:03.012+0000] {dag.py:3089} INFO - Sync 3 DAGs
[2026-03-14T18:22:03.027+0000] {logging_mixin.py:188} INFO - [2026-03-14T18:22:03.026+0000] {dag.py:3947} INFO - Setting next_dagrun for transfer_from_minio_to_snowflake_accounts to 2026-03-14 18:21:00+00:00, run_after=2026-03-14 18:22:00+00:00
[2026-03-14T18:22:03.029+0000] {logging_mixin.py:188} INFO - [2026-03-14T18:22:03.029+0000] {dag.py:3947} INFO - Setting next_dagrun for transfer_from_minio_to_snowflake_customers to 2026-03-14 18:21:00+00:00, run_after=2026-03-14 18:22:00+00:00
[2026-03-14T18:22:03.031+0000] {logging_mixin.py:188} INFO - [2026-03-14T18:22:03.031+0000] {dag.py:3947} INFO - Setting next_dagrun for transfer_from_minio_to_snowflake_transactions to 2026-03-14 18:21:00+00:00, run_after=2026-03-14 18:22:00+00:00
[2026-03-14T18:22:03.039+0000] {processor.py:183} INFO - Processing /opt/airflow/dags/transfer.py took 0.116 seconds
[2026-03-14T18:22:33.404+0000] {processor.py:161} INFO - Started process (PID=3095) to work on /opt/airflow/dags/transfer.py
[2026-03-14T18:22:33.406+0000] {processor.py:830} INFO - Processing file /opt/airflow/dags/transfer.py for tasks to queue
[2026-03-14T18:22:33.409+0000] {logging_mixin.py:188} INFO - [2026-03-14T18:22:33.409+0000] {dagbag.py:545} INFO - Filling up the DagBag from /opt/airflow/dags/transfer.py
[2026-03-14T18:22:33.444+0000] {processor.py:840} INFO - DAG(s) 'transfer_from_minio_to_snowflake_transactions', 'transfer_from_minio_to_snowflake_customers', 'transfer_from_minio_to_snowflake_accounts' retrieved from /opt/airflow/dags/transfer.py
[2026-03-14T18:22:33.472+0000] {logging_mixin.py:188} INFO - [2026-03-14T18:22:33.472+0000] {dag.py:3089} INFO - Sync 3 DAGs
[2026-03-14T18:22:33.487+0000] {logging_mixin.py:188} INFO - [2026-03-14T18:22:33.487+0000] {dag.py:3947} INFO - Setting next_dagrun for transfer_from_minio_to_snowflake_accounts to 2026-03-14 18:21:00+00:00, run_after=2026-03-14 18:22:00+00:00
[2026-03-14T18:22:33.490+0000] {logging_mixin.py:188} INFO - [2026-03-14T18:22:33.490+0000] {dag.py:3947} INFO - Setting next_dagrun for transfer_from_minio_to_snowflake_customers to 2026-03-14 18:21:00+00:00, run_after=2026-03-14 18:22:00+00:00
[2026-03-14T18:22:33.491+0000] {logging_mixin.py:188} INFO - [2026-03-14T18:22:33.491+0000] {dag.py:3947} INFO - Setting next_dagrun for transfer_from_minio_to_snowflake_transactions to 2026-03-14 18:21:00+00:00, run_after=2026-03-14 18:22:00+00:00
[2026-03-14T18:22:33.498+0000] {processor.py:183} INFO - Processing /opt/airflow/dags/transfer.py took 0.107 seconds
[2026-03-14T18:23:03.882+0000] {processor.py:161} INFO - Started process (PID=3097) to work on /opt/airflow/dags/transfer.py
[2026-03-14T18:23:03.887+0000] {processor.py:830} INFO - Processing file /opt/airflow/dags/transfer.py for tasks to queue
[2026-03-14T18:23:03.890+0000] {logging_mixin.py:188} INFO - [2026-03-14T18:23:03.890+0000] {dagbag.py:545} INFO - Filling up the DagBag from /opt/airflow/dags/transfer.py
[2026-03-14T18:23:03.925+0000] {processor.py:840} INFO - DAG(s) 'transfer_from_minio_to_snowflake_customers', 'transfer_from_minio_to_snowflake_transactions', 'transfer_from_minio_to_snowflake_accounts' retrieved from /opt/airflow/dags/transfer.py
[2026-03-14T18:23:03.953+0000] {logging_mixin.py:188} INFO - [2026-03-14T18:23:03.952+0000] {dag.py:3089} INFO - Sync 3 DAGs
[2026-03-14T18:23:03.970+0000] {logging_mixin.py:188} INFO - [2026-03-14T18:23:03.970+0000] {dag.py:3947} INFO - Setting next_dagrun for transfer_from_minio_to_snowflake_accounts to 2026-03-14 18:22:00+00:00, run_after=2026-03-14 18:23:00+00:00
[2026-03-14T18:23:03.974+0000] {logging_mixin.py:188} INFO - [2026-03-14T18:23:03.974+0000] {dag.py:3947} INFO - Setting next_dagrun for transfer_from_minio_to_snowflake_customers to 2026-03-14 18:22:00+00:00, run_after=2026-03-14 18:23:00+00:00
[2026-03-14T18:23:03.975+0000] {logging_mixin.py:188} INFO - [2026-03-14T18:23:03.975+0000] {dag.py:3947} INFO - Setting next_dagrun for transfer_from_minio_to_snowflake_transactions to 2026-03-14 18:22:00+00:00, run_after=2026-03-14 18:23:00+00:00
[2026-03-14T18:23:03.983+0000] {processor.py:183} INFO - Processing /opt/airflow/dags/transfer.py took 0.111 seconds
[2026-03-14T18:23:34.364+0000] {processor.py:161} INFO - Started process (PID=3099) to work on /opt/airflow/dags/transfer.py
[2026-03-14T18:23:34.366+0000] {processor.py:830} INFO - Processing file /opt/airflow/dags/transfer.py for tasks to queue
[2026-03-14T18:23:34.369+0000] {logging_mixin.py:188} INFO - [2026-03-14T18:23:34.368+0000] {dagbag.py:545} INFO - Filling up the DagBag from /opt/airflow/dags/transfer.py
[2026-03-14T18:23:34.412+0000] {processor.py:840} INFO - DAG(s) 'transfer_from_minio_to_snowflake_customers', 'transfer_from_minio_to_snowflake_accounts', 'transfer_from_minio_to_snowflake_transactions' retrieved from /opt/airflow/dags/transfer.py
[2026-03-14T18:23:34.442+0000] {logging_mixin.py:188} INFO - [2026-03-14T18:23:34.442+0000] {dag.py:3089} INFO - Sync 3 DAGs
[2026-03-14T18:23:34.460+0000] {logging_mixin.py:188} INFO - [2026-03-14T18:23:34.460+0000] {dag.py:3947} INFO - Setting next_dagrun for transfer_from_minio_to_snowflake_accounts to 2026-03-14 18:22:00+00:00, run_after=2026-03-14 18:23:00+00:00
[2026-03-14T18:23:34.463+0000] {logging_mixin.py:188} INFO - [2026-03-14T18:23:34.463+0000] {dag.py:3947} INFO - Setting next_dagrun for transfer_from_minio_to_snowflake_customers to 2026-03-14 18:22:00+00:00, run_after=2026-03-14 18:23:00+00:00
[2026-03-14T18:23:34.465+0000] {logging_mixin.py:188} INFO - [2026-03-14T18:23:34.465+0000] {dag.py:3947} INFO - Setting next_dagrun for transfer_from_minio_to_snowflake_transactions to 2026-03-14 18:22:00+00:00, run_after=2026-03-14 18:23:00+00:00
[2026-03-14T18:23:34.472+0000] {processor.py:183} INFO - Processing /opt/airflow/dags/transfer.py took 0.124 seconds
[2026-03-14T18:24:04.824+0000] {processor.py:161} INFO - Started process (PID=3101) to work on /opt/airflow/dags/transfer.py
[2026-03-14T18:24:04.826+0000] {processor.py:830} INFO - Processing file /opt/airflow/dags/transfer.py for tasks to queue
[2026-03-14T18:24:04.830+0000] {logging_mixin.py:188} INFO - [2026-03-14T18:24:04.830+0000] {dagbag.py:545} INFO - Filling up the DagBag from /opt/airflow/dags/transfer.py
[2026-03-14T18:24:04.863+0000] {processor.py:840} INFO - DAG(s) 'transfer_from_minio_to_snowflake_transactions', 'transfer_from_minio_to_snowflake_accounts', 'transfer_from_minio_to_snowflake_customers' retrieved from /opt/airflow/dags/transfer.py
[2026-03-14T18:24:04.894+0000] {logging_mixin.py:188} INFO - [2026-03-14T18:24:04.894+0000] {dag.py:3089} INFO - Sync 3 DAGs
[2026-03-14T18:24:04.908+0000] {logging_mixin.py:188} INFO - [2026-03-14T18:24:04.908+0000] {dag.py:3947} INFO - Setting next_dagrun for transfer_from_minio_to_snowflake_accounts to 2026-03-14 18:23:00+00:00, run_after=2026-03-14 18:24:00+00:00
[2026-03-14T18:24:04.911+0000] {logging_mixin.py:188} INFO - [2026-03-14T18:24:04.911+0000] {dag.py:3947} INFO - Setting next_dagrun for transfer_from_minio_to_snowflake_customers to 2026-03-14 18:23:00+00:00, run_after=2026-03-14 18:24:00+00:00
[2026-03-14T18:24:04.913+0000] {logging_mixin.py:188} INFO - [2026-03-14T18:24:04.912+0000] {dag.py:3947} INFO - Setting next_dagrun for transfer_from_minio_to_snowflake_transactions to 2026-03-14 18:23:00+00:00, run_after=2026-03-14 18:24:00+00:00
[2026-03-14T18:24:04.921+0000] {processor.py:183} INFO - Processing /opt/airflow/dags/transfer.py took 0.103 seconds
[2026-03-14T18:24:35.309+0000] {processor.py:161} INFO - Started process (PID=3103) to work on /opt/airflow/dags/transfer.py
[2026-03-14T18:24:35.313+0000] {processor.py:830} INFO - Processing file /opt/airflow/dags/transfer.py for tasks to queue
[2026-03-14T18:24:35.316+0000] {logging_mixin.py:188} INFO - [2026-03-14T18:24:35.316+0000] {dagbag.py:545} INFO - Filling up the DagBag from /opt/airflow/dags/transfer.py
[2026-03-14T18:24:35.364+0000] {processor.py:840} INFO - DAG(s) 'transfer_from_minio_to_snowflake_transactions', 'transfer_from_minio_to_snowflake_accounts', 'transfer_from_minio_to_snowflake_customers' retrieved from /opt/airflow/dags/transfer.py
[2026-03-14T18:24:35.400+0000] {logging_mixin.py:188} INFO - [2026-03-14T18:24:35.399+0000] {dag.py:3089} INFO - Sync 3 DAGs
[2026-03-14T18:24:35.415+0000] {logging_mixin.py:188} INFO - [2026-03-14T18:24:35.415+0000] {dag.py:3947} INFO - Setting next_dagrun for transfer_from_minio_to_snowflake_accounts to 2026-03-14 18:23:00+00:00, run_after=2026-03-14 18:24:00+00:00
[2026-03-14T18:24:35.419+0000] {logging_mixin.py:188} INFO - [2026-03-14T18:24:35.419+0000] {dag.py:3947} INFO - Setting next_dagrun for transfer_from_minio_to_snowflake_customers to 2026-03-14 18:23:00+00:00, run_after=2026-03-14 18:24:00+00:00
[2026-03-14T18:24:35.421+0000] {logging_mixin.py:188} INFO - [2026-03-14T18:24:35.421+0000] {dag.py:3947} INFO - Setting next_dagrun for transfer_from_minio_to_snowflake_transactions to 2026-03-14 18:23:00+00:00, run_after=2026-03-14 18:24:00+00:00
[2026-03-14T18:24:35.428+0000] {processor.py:183} INFO - Processing /opt/airflow/dags/transfer.py took 0.134 seconds
[2026-03-14T18:25:05.819+0000] {processor.py:161} INFO - Started process (PID=3105) to work on /opt/airflow/dags/transfer.py
[2026-03-14T18:25:05.822+0000] {processor.py:830} INFO - Processing file /opt/airflow/dags/transfer.py for tasks to queue
[2026-03-14T18:25:05.824+0000] {logging_mixin.py:188} INFO - [2026-03-14T18:25:05.824+0000] {dagbag.py:545} INFO - Filling up the DagBag from /opt/airflow/dags/transfer.py
[2026-03-14T18:25:05.853+0000] {processor.py:840} INFO - DAG(s) 'transfer_from_minio_to_snowflake_transactions', 'transfer_from_minio_to_snowflake_customers', 'transfer_from_minio_to_snowflake_accounts' retrieved from /opt/airflow/dags/transfer.py
[2026-03-14T18:25:05.883+0000] {logging_mixin.py:188} INFO - [2026-03-14T18:25:05.883+0000] {dag.py:3089} INFO - Sync 3 DAGs
[2026-03-14T18:25:05.899+0000] {logging_mixin.py:188} INFO - [2026-03-14T18:25:05.899+0000] {dag.py:3947} INFO - Setting next_dagrun for transfer_from_minio_to_snowflake_accounts to 2026-03-14 18:24:00+00:00, run_after=2026-03-14 18:25:00+00:00
[2026-03-14T18:25:05.903+0000] {logging_mixin.py:188} INFO - [2026-03-14T18:25:05.902+0000] {dag.py:3947} INFO - Setting next_dagrun for transfer_from_minio_to_snowflake_customers to 2026-03-14 18:24:00+00:00, run_after=2026-03-14 18:25:00+00:00
[2026-03-14T18:25:05.904+0000] {logging_mixin.py:188} INFO - [2026-03-14T18:25:05.904+0000] {dag.py:3947} INFO - Setting next_dagrun for transfer_from_minio_to_snowflake_transactions to 2026-03-14 18:24:00+00:00, run_after=2026-03-14 18:25:00+00:00
[2026-03-14T18:25:05.912+0000] {processor.py:183} INFO - Processing /opt/airflow/dags/transfer.py took 0.102 seconds
[2026-03-14T18:25:36.295+0000] {processor.py:161} INFO - Started process (PID=3107) to work on /opt/airflow/dags/transfer.py
[2026-03-14T18:25:36.297+0000] {processor.py:830} INFO - Processing file /opt/airflow/dags/transfer.py for tasks to queue
[2026-03-14T18:25:36.301+0000] {logging_mixin.py:188} INFO - [2026-03-14T18:25:36.301+0000] {dagbag.py:545} INFO - Filling up the DagBag from /opt/airflow/dags/transfer.py
[2026-03-14T18:25:36.336+0000] {processor.py:840} INFO - DAG(s) 'transfer_from_minio_to_snowflake_customers', 'transfer_from_minio_to_snowflake_accounts', 'transfer_from_minio_to_snowflake_transactions' retrieved from /opt/airflow/dags/transfer.py
[2026-03-14T18:25:36.370+0000] {logging_mixin.py:188} INFO - [2026-03-14T18:25:36.370+0000] {dag.py:3089} INFO - Sync 3 DAGs
[2026-03-14T18:25:36.383+0000] {logging_mixin.py:188} INFO - [2026-03-14T18:25:36.383+0000] {dag.py:3947} INFO - Setting next_dagrun for transfer_from_minio_to_snowflake_accounts to 2026-03-14 18:24:00+00:00, run_after=2026-03-14 18:25:00+00:00
[2026-03-14T18:25:36.390+0000] {logging_mixin.py:188} INFO - [2026-03-14T18:25:36.389+0000] {dag.py:3947} INFO - Setting next_dagrun for transfer_from_minio_to_snowflake_customers to 2026-03-14 18:24:00+00:00, run_after=2026-03-14 18:25:00+00:00
[2026-03-14T18:25:36.391+0000] {logging_mixin.py:188} INFO - [2026-03-14T18:25:36.391+0000] {dag.py:3947} INFO - Setting next_dagrun for transfer_from_minio_to_snowflake_transactions to 2026-03-14 18:24:00+00:00, run_after=2026-03-14 18:25:00+00:00
[2026-03-14T18:25:36.399+0000] {processor.py:183} INFO - Processing /opt/airflow/dags/transfer.py took 0.116 seconds
[2026-03-14T18:26:06.817+0000] {processor.py:161} INFO - Started process (PID=3109) to work on /opt/airflow/dags/transfer.py
[2026-03-14T18:26:06.819+0000] {processor.py:830} INFO - Processing file /opt/airflow/dags/transfer.py for tasks to queue
[2026-03-14T18:26:06.821+0000] {logging_mixin.py:188} INFO - [2026-03-14T18:26:06.821+0000] {dagbag.py:545} INFO - Filling up the DagBag from /opt/airflow/dags/transfer.py
[2026-03-14T18:26:06.852+0000] {processor.py:840} INFO - DAG(s) 'transfer_from_minio_to_snowflake_customers', 'transfer_from_minio_to_snowflake_accounts', 'transfer_from_minio_to_snowflake_transactions' retrieved from /opt/airflow/dags/transfer.py
[2026-03-14T18:26:06.882+0000] {logging_mixin.py:188} INFO - [2026-03-14T18:26:06.882+0000] {dag.py:3089} INFO - Sync 3 DAGs
[2026-03-14T18:26:06.900+0000] {logging_mixin.py:188} INFO - [2026-03-14T18:26:06.900+0000] {dag.py:3947} INFO - Setting next_dagrun for transfer_from_minio_to_snowflake_accounts to 2026-03-14 18:25:00+00:00, run_after=2026-03-14 18:26:00+00:00
[2026-03-14T18:26:06.903+0000] {logging_mixin.py:188} INFO - [2026-03-14T18:26:06.903+0000] {dag.py:3947} INFO - Setting next_dagrun for transfer_from_minio_to_snowflake_customers to 2026-03-14 18:25:00+00:00, run_after=2026-03-14 18:26:00+00:00
[2026-03-14T18:26:06.905+0000] {logging_mixin.py:188} INFO - [2026-03-14T18:26:06.905+0000] {dag.py:3947} INFO - Setting next_dagrun for transfer_from_minio_to_snowflake_transactions to 2026-03-14 18:25:00+00:00, run_after=2026-03-14 18:26:00+00:00
[2026-03-14T18:26:06.912+0000] {processor.py:183} INFO - Processing /opt/airflow/dags/transfer.py took 0.107 seconds
[2026-03-14T18:26:37.298+0000] {processor.py:161} INFO - Started process (PID=3111) to work on /opt/airflow/dags/transfer.py
[2026-03-14T18:26:37.300+0000] {processor.py:830} INFO - Processing file /opt/airflow/dags/transfer.py for tasks to queue
[2026-03-14T18:26:37.306+0000] {logging_mixin.py:188} INFO - [2026-03-14T18:26:37.306+0000] {dagbag.py:545} INFO - Filling up the DagBag from /opt/airflow/dags/transfer.py
[2026-03-14T18:26:37.345+0000] {processor.py:840} INFO - DAG(s) 'transfer_from_minio_to_snowflake_customers', 'transfer_from_minio_to_snowflake_transactions', 'transfer_from_minio_to_snowflake_accounts' retrieved from /opt/airflow/dags/transfer.py
[2026-03-14T18:26:37.379+0000] {logging_mixin.py:188} INFO - [2026-03-14T18:26:37.379+0000] {dag.py:3089} INFO - Sync 3 DAGs
[2026-03-14T18:26:37.397+0000] {logging_mixin.py:188} INFO - [2026-03-14T18:26:37.396+0000] {dag.py:3947} INFO - Setting next_dagrun for transfer_from_minio_to_snowflake_accounts to 2026-03-14 18:25:00+00:00, run_after=2026-03-14 18:26:00+00:00
[2026-03-14T18:26:37.399+0000] {logging_mixin.py:188} INFO - [2026-03-14T18:26:37.399+0000] {dag.py:3947} INFO - Setting next_dagrun for transfer_from_minio_to_snowflake_customers to 2026-03-14 18:25:00+00:00, run_after=2026-03-14 18:26:00+00:00
[2026-03-14T18:26:37.401+0000] {logging_mixin.py:188} INFO - [2026-03-14T18:26:37.401+0000] {dag.py:3947} INFO - Setting next_dagrun for transfer_from_minio_to_snowflake_transactions to 2026-03-14 18:25:00+00:00, run_after=2026-03-14 18:26:00+00:00
[2026-03-14T18:26:37.409+0000] {processor.py:183} INFO - Processing /opt/airflow/dags/transfer.py took 0.124 seconds
[2026-03-14T18:27:07.799+0000] {processor.py:161} INFO - Started process (PID=3113) to work on /opt/airflow/dags/transfer.py
[2026-03-14T18:27:07.800+0000] {processor.py:830} INFO - Processing file /opt/airflow/dags/transfer.py for tasks to queue
[2026-03-14T18:27:07.802+0000] {logging_mixin.py:188} INFO - [2026-03-14T18:27:07.802+0000] {dagbag.py:545} INFO - Filling up the DagBag from /opt/airflow/dags/transfer.py
[2026-03-14T18:27:07.834+0000] {processor.py:840} INFO - DAG(s) 'transfer_from_minio_to_snowflake_accounts', 'transfer_from_minio_to_snowflake_transactions', 'transfer_from_minio_to_snowflake_customers' retrieved from /opt/airflow/dags/transfer.py
[2026-03-14T18:27:07.863+0000] {logging_mixin.py:188} INFO - [2026-03-14T18:27:07.863+0000] {dag.py:3089} INFO - Sync 3 DAGs
[2026-03-14T18:27:07.876+0000] {logging_mixin.py:188} INFO - [2026-03-14T18:27:07.876+0000] {dag.py:3947} INFO - Setting next_dagrun for transfer_from_minio_to_snowflake_accounts to 2026-03-14 18:26:00+00:00, run_after=2026-03-14 18:27:00+00:00
[2026-03-14T18:27:07.879+0000] {logging_mixin.py:188} INFO - [2026-03-14T18:27:07.879+0000] {dag.py:3947} INFO - Setting next_dagrun for transfer_from_minio_to_snowflake_customers to 2026-03-14 18:26:00+00:00, run_after=2026-03-14 18:27:00+00:00
[2026-03-14T18:27:07.880+0000] {logging_mixin.py:188} INFO - [2026-03-14T18:27:07.880+0000] {dag.py:3947} INFO - Setting next_dagrun for transfer_from_minio_to_snowflake_transactions to 2026-03-14 18:26:00+00:00, run_after=2026-03-14 18:27:00+00:00
[2026-03-14T18:27:07.888+0000] {processor.py:183} INFO - Processing /opt/airflow/dags/transfer.py took 0.098 seconds
[2026-03-14T18:27:38.265+0000] {processor.py:161} INFO - Started process (PID=3115) to work on /opt/airflow/dags/transfer.py
[2026-03-14T18:27:38.268+0000] {processor.py:830} INFO - Processing file /opt/airflow/dags/transfer.py for tasks to queue
[2026-03-14T18:27:38.272+0000] {logging_mixin.py:188} INFO - [2026-03-14T18:27:38.272+0000] {dagbag.py:545} INFO - Filling up the DagBag from /opt/airflow/dags/transfer.py
[2026-03-14T18:27:38.301+0000] {processor.py:840} INFO - DAG(s) 'transfer_from_minio_to_snowflake_accounts', 'transfer_from_minio_to_snowflake_transactions', 'transfer_from_minio_to_snowflake_customers' retrieved from /opt/airflow/dags/transfer.py
[2026-03-14T18:27:38.335+0000] {logging_mixin.py:188} INFO - [2026-03-14T18:27:38.335+0000] {dag.py:3089} INFO - Sync 3 DAGs
[2026-03-14T18:27:38.350+0000] {logging_mixin.py:188} INFO - [2026-03-14T18:27:38.350+0000] {dag.py:3947} INFO - Setting next_dagrun for transfer_from_minio_to_snowflake_accounts to 2026-03-14 18:26:00+00:00, run_after=2026-03-14 18:27:00+00:00
[2026-03-14T18:27:38.353+0000] {logging_mixin.py:188} INFO - [2026-03-14T18:27:38.353+0000] {dag.py:3947} INFO - Setting next_dagrun for transfer_from_minio_to_snowflake_customers to 2026-03-14 18:26:00+00:00, run_after=2026-03-14 18:27:00+00:00
[2026-03-14T18:27:38.355+0000] {logging_mixin.py:188} INFO - [2026-03-14T18:27:38.355+0000] {dag.py:3947} INFO - Setting next_dagrun for transfer_from_minio_to_snowflake_transactions to 2026-03-14 18:26:00+00:00, run_after=2026-03-14 18:27:00+00:00
[2026-03-14T18:27:38.362+0000] {processor.py:183} INFO - Processing /opt/airflow/dags/transfer.py took 0.107 seconds
[2026-03-14T18:28:08.768+0000] {processor.py:161} INFO - Started process (PID=3117) to work on /opt/airflow/dags/transfer.py
[2026-03-14T18:28:08.770+0000] {processor.py:830} INFO - Processing file /opt/airflow/dags/transfer.py for tasks to queue
[2026-03-14T18:28:08.775+0000] {logging_mixin.py:188} INFO - [2026-03-14T18:28:08.774+0000] {dagbag.py:545} INFO - Filling up the DagBag from /opt/airflow/dags/transfer.py
[2026-03-14T18:28:08.812+0000] {processor.py:840} INFO - DAG(s) 'transfer_from_minio_to_snowflake_accounts', 'transfer_from_minio_to_snowflake_customers', 'transfer_from_minio_to_snowflake_transactions' retrieved from /opt/airflow/dags/transfer.py
[2026-03-14T18:28:08.846+0000] {logging_mixin.py:188} INFO - [2026-03-14T18:28:08.846+0000] {dag.py:3089} INFO - Sync 3 DAGs
[2026-03-14T18:28:08.860+0000] {logging_mixin.py:188} INFO - [2026-03-14T18:28:08.860+0000] {dag.py:3947} INFO - Setting next_dagrun for transfer_from_minio_to_snowflake_accounts to 2026-03-14 18:27:00+00:00, run_after=2026-03-14 18:28:00+00:00
[2026-03-14T18:28:08.863+0000] {logging_mixin.py:188} INFO - [2026-03-14T18:28:08.863+0000] {dag.py:3947} INFO - Setting next_dagrun for transfer_from_minio_to_snowflake_customers to 2026-03-14 18:27:00+00:00, run_after=2026-03-14 18:28:00+00:00
[2026-03-14T18:28:08.865+0000] {logging_mixin.py:188} INFO - [2026-03-14T18:28:08.865+0000] {dag.py:3947} INFO - Setting next_dagrun for transfer_from_minio_to_snowflake_transactions to 2026-03-14 18:27:00+00:00, run_after=2026-03-14 18:28:00+00:00
[2026-03-14T18:28:08.873+0000] {processor.py:183} INFO - Processing /opt/airflow/dags/transfer.py took 0.118 seconds
[2026-03-14T18:28:39.298+0000] {processor.py:161} INFO - Started process (PID=3119) to work on /opt/airflow/dags/transfer.py
[2026-03-14T18:28:39.300+0000] {processor.py:830} INFO - Processing file /opt/airflow/dags/transfer.py for tasks to queue
[2026-03-14T18:28:39.305+0000] {logging_mixin.py:188} INFO - [2026-03-14T18:28:39.303+0000] {dagbag.py:545} INFO - Filling up the DagBag from /opt/airflow/dags/transfer.py
[2026-03-14T18:28:39.344+0000] {processor.py:840} INFO - DAG(s) 'transfer_from_minio_to_snowflake_customers', 'transfer_from_minio_to_snowflake_accounts', 'transfer_from_minio_to_snowflake_transactions' retrieved from /opt/airflow/dags/transfer.py
[2026-03-14T18:28:39.378+0000] {logging_mixin.py:188} INFO - [2026-03-14T18:28:39.378+0000] {dag.py:3089} INFO - Sync 3 DAGs
[2026-03-14T18:28:39.398+0000] {logging_mixin.py:188} INFO - [2026-03-14T18:28:39.398+0000] {dag.py:3947} INFO - Setting next_dagrun for transfer_from_minio_to_snowflake_accounts to 2026-03-14 18:27:00+00:00, run_after=2026-03-14 18:28:00+00:00
[2026-03-14T18:28:39.401+0000] {logging_mixin.py:188} INFO - [2026-03-14T18:28:39.401+0000] {dag.py:3947} INFO - Setting next_dagrun for transfer_from_minio_to_snowflake_customers to 2026-03-14 18:27:00+00:00, run_after=2026-03-14 18:28:00+00:00
[2026-03-14T18:28:39.402+0000] {logging_mixin.py:188} INFO - [2026-03-14T18:28:39.402+0000] {dag.py:3947} INFO - Setting next_dagrun for transfer_from_minio_to_snowflake_transactions to 2026-03-14 18:27:00+00:00, run_after=2026-03-14 18:28:00+00:00
[2026-03-14T18:28:39.409+0000] {processor.py:183} INFO - Processing /opt/airflow/dags/transfer.py took 0.125 seconds
[2026-03-14T18:29:09.780+0000] {processor.py:161} INFO - Started process (PID=3121) to work on /opt/airflow/dags/transfer.py
[2026-03-14T18:29:09.781+0000] {processor.py:830} INFO - Processing file /opt/airflow/dags/transfer.py for tasks to queue
[2026-03-14T18:29:09.784+0000] {logging_mixin.py:188} INFO - [2026-03-14T18:29:09.784+0000] {dagbag.py:545} INFO - Filling up the DagBag from /opt/airflow/dags/transfer.py
[2026-03-14T18:29:09.824+0000] {processor.py:840} INFO - DAG(s) 'transfer_from_minio_to_snowflake_transactions', 'transfer_from_minio_to_snowflake_customers', 'transfer_from_minio_to_snowflake_accounts' retrieved from /opt/airflow/dags/transfer.py
[2026-03-14T18:29:09.854+0000] {logging_mixin.py:188} INFO - [2026-03-14T18:29:09.854+0000] {dag.py:3089} INFO - Sync 3 DAGs
[2026-03-14T18:29:09.868+0000] {logging_mixin.py:188} INFO - [2026-03-14T18:29:09.868+0000] {dag.py:3947} INFO - Setting next_dagrun for transfer_from_minio_to_snowflake_accounts to 2026-03-14 18:28:00+00:00, run_after=2026-03-14 18:29:00+00:00
[2026-03-14T18:29:09.871+0000] {logging_mixin.py:188} INFO - [2026-03-14T18:29:09.871+0000] {dag.py:3947} INFO - Setting next_dagrun for transfer_from_minio_to_snowflake_customers to 2026-03-14 18:28:00+00:00, run_after=2026-03-14 18:29:00+00:00
[2026-03-14T18:29:09.873+0000] {logging_mixin.py:188} INFO - [2026-03-14T18:29:09.873+0000] {dag.py:3947} INFO - Setting next_dagrun for transfer_from_minio_to_snowflake_transactions to 2026-03-14 18:28:00+00:00, run_after=2026-03-14 18:29:00+00:00
[2026-03-14T18:29:09.883+0000] {processor.py:183} INFO - Processing /opt/airflow/dags/transfer.py took 0.113 seconds
[2026-03-14T18:29:40.244+0000] {processor.py:161} INFO - Started process (PID=3123) to work on /opt/airflow/dags/transfer.py
[2026-03-14T18:29:40.246+0000] {processor.py:830} INFO - Processing file /opt/airflow/dags/transfer.py for tasks to queue
[2026-03-14T18:29:40.260+0000] {logging_mixin.py:188} INFO - [2026-03-14T18:29:40.260+0000] {dagbag.py:545} INFO - Filling up the DagBag from /opt/airflow/dags/transfer.py
[2026-03-14T18:29:40.292+0000] {processor.py:840} INFO - DAG(s) 'transfer_from_minio_to_snowflake_transactions', 'transfer_from_minio_to_snowflake_accounts', 'transfer_from_minio_to_snowflake_customers' retrieved from /opt/airflow/dags/transfer.py
[2026-03-14T18:29:40.331+0000] {logging_mixin.py:188} INFO - [2026-03-14T18:29:40.331+0000] {dag.py:3089} INFO - Sync 3 DAGs
[2026-03-14T18:29:40.346+0000] {logging_mixin.py:188} INFO - [2026-03-14T18:29:40.346+0000] {dag.py:3947} INFO - Setting next_dagrun for transfer_from_minio_to_snowflake_accounts to 2026-03-14 18:28:00+00:00, run_after=2026-03-14 18:29:00+00:00
[2026-03-14T18:29:40.350+0000] {logging_mixin.py:188} INFO - [2026-03-14T18:29:40.350+0000] {dag.py:3947} INFO - Setting next_dagrun for transfer_from_minio_to_snowflake_customers to 2026-03-14 18:28:00+00:00, run_after=2026-03-14 18:29:00+00:00
[2026-03-14T18:29:40.351+0000] {logging_mixin.py:188} INFO - [2026-03-14T18:29:40.351+0000] {dag.py:3947} INFO - Setting next_dagrun for transfer_from_minio_to_snowflake_transactions to 2026-03-14 18:28:00+00:00, run_after=2026-03-14 18:29:00+00:00
[2026-03-14T18:29:40.359+0000] {processor.py:183} INFO - Processing /opt/airflow/dags/transfer.py took 0.126 seconds
[2026-03-14T18:30:10.744+0000] {processor.py:161} INFO - Started process (PID=3125) to work on /opt/airflow/dags/transfer.py
[2026-03-14T18:30:10.746+0000] {processor.py:830} INFO - Processing file /opt/airflow/dags/transfer.py for tasks to queue
[2026-03-14T18:30:10.750+0000] {logging_mixin.py:188} INFO - [2026-03-14T18:30:10.750+0000] {dagbag.py:545} INFO - Filling up the DagBag from /opt/airflow/dags/transfer.py
[2026-03-14T18:30:10.784+0000] {processor.py:840} INFO - DAG(s) 'transfer_from_minio_to_snowflake_accounts', 'transfer_from_minio_to_snowflake_customers', 'transfer_from_minio_to_snowflake_transactions' retrieved from /opt/airflow/dags/transfer.py
[2026-03-14T18:30:10.818+0000] {logging_mixin.py:188} INFO - [2026-03-14T18:30:10.818+0000] {dag.py:3089} INFO - Sync 3 DAGs
[2026-03-14T18:30:10.832+0000] {logging_mixin.py:188} INFO - [2026-03-14T18:30:10.832+0000] {dag.py:3947} INFO - Setting next_dagrun for transfer_from_minio_to_snowflake_accounts to 2026-03-14 18:29:00+00:00, run_after=2026-03-14 18:30:00+00:00
[2026-03-14T18:30:10.835+0000] {logging_mixin.py:188} INFO - [2026-03-14T18:30:10.835+0000] {dag.py:3947} INFO - Setting next_dagrun for transfer_from_minio_to_snowflake_customers to 2026-03-14 18:29:00+00:00, run_after=2026-03-14 18:30:00+00:00
[2026-03-14T18:30:10.837+0000] {logging_mixin.py:188} INFO - [2026-03-14T18:30:10.837+0000] {dag.py:3947} INFO - Setting next_dagrun for transfer_from_minio_to_snowflake_transactions to 2026-03-14 18:29:00+00:00, run_after=2026-03-14 18:30:00+00:00
[2026-03-14T18:30:10.844+0000] {processor.py:183} INFO - Processing /opt/airflow/dags/transfer.py took 0.107 seconds
[2026-03-14T18:30:41.182+0000] {processor.py:161} INFO - Started process (PID=3127) to work on /opt/airflow/dags/transfer.py
[2026-03-14T18:30:41.187+0000] {processor.py:830} INFO - Processing file /opt/airflow/dags/transfer.py for tasks to queue
[2026-03-14T18:30:41.195+0000] {logging_mixin.py:188} INFO - [2026-03-14T18:30:41.194+0000] {dagbag.py:545} INFO - Filling up the DagBag from /opt/airflow/dags/transfer.py
[2026-03-14T18:30:41.236+0000] {processor.py:840} INFO - DAG(s) 'transfer_from_minio_to_snowflake_transactions', 'transfer_from_minio_to_snowflake_accounts', 'transfer_from_minio_to_snowflake_customers' retrieved from /opt/airflow/dags/transfer.py
[2026-03-14T18:30:41.274+0000] {logging_mixin.py:188} INFO - [2026-03-14T18:30:41.274+0000] {dag.py:3089} INFO - Sync 3 DAGs
[2026-03-14T18:30:41.290+0000] {logging_mixin.py:188} INFO - [2026-03-14T18:30:41.290+0000] {dag.py:3947} INFO - Setting next_dagrun for transfer_from_minio_to_snowflake_accounts to 2026-03-14 18:29:00+00:00, run_after=2026-03-14 18:30:00+00:00
[2026-03-14T18:30:41.293+0000] {logging_mixin.py:188} INFO - [2026-03-14T18:30:41.293+0000] {dag.py:3947} INFO - Setting next_dagrun for transfer_from_minio_to_snowflake_customers to 2026-03-14 18:29:00+00:00, run_after=2026-03-14 18:30:00+00:00
[2026-03-14T18:30:41.295+0000] {logging_mixin.py:188} INFO - [2026-03-14T18:30:41.295+0000] {dag.py:3947} INFO - Setting next_dagrun for transfer_from_minio_to_snowflake_transactions to 2026-03-14 18:29:00+00:00, run_after=2026-03-14 18:30:00+00:00
[2026-03-14T18:30:41.302+0000] {processor.py:183} INFO - Processing /opt/airflow/dags/transfer.py took 0.135 seconds
[2026-03-14T18:31:11.676+0000] {processor.py:161} INFO - Started process (PID=3129) to work on /opt/airflow/dags/transfer.py
[2026-03-14T18:31:11.678+0000] {processor.py:830} INFO - Processing file /opt/airflow/dags/transfer.py for tasks to queue
[2026-03-14T18:31:11.683+0000] {logging_mixin.py:188} INFO - [2026-03-14T18:31:11.682+0000] {dagbag.py:545} INFO - Filling up the DagBag from /opt/airflow/dags/transfer.py
[2026-03-14T18:31:11.716+0000] {processor.py:840} INFO - DAG(s) 'transfer_from_minio_to_snowflake_customers', 'transfer_from_minio_to_snowflake_transactions', 'transfer_from_minio_to_snowflake_accounts' retrieved from /opt/airflow/dags/transfer.py
[2026-03-14T18:31:11.746+0000] {logging_mixin.py:188} INFO - [2026-03-14T18:31:11.745+0000] {dag.py:3089} INFO - Sync 3 DAGs
[2026-03-14T18:31:11.761+0000] {logging_mixin.py:188} INFO - [2026-03-14T18:31:11.761+0000] {dag.py:3947} INFO - Setting next_dagrun for transfer_from_minio_to_snowflake_accounts to 2026-03-14 18:30:00+00:00, run_after=2026-03-14 18:31:00+00:00
[2026-03-14T18:31:11.764+0000] {logging_mixin.py:188} INFO - [2026-03-14T18:31:11.764+0000] {dag.py:3947} INFO - Setting next_dagrun for transfer_from_minio_to_snowflake_customers to 2026-03-14 18:30:00+00:00, run_after=2026-03-14 18:31:00+00:00
[2026-03-14T18:31:11.766+0000] {logging_mixin.py:188} INFO - [2026-03-14T18:31:11.766+0000] {dag.py:3947} INFO - Setting next_dagrun for transfer_from_minio_to_snowflake_transactions to 2026-03-14 18:30:00+00:00, run_after=2026-03-14 18:31:00+00:00
[2026-03-14T18:31:11.774+0000] {processor.py:183} INFO - Processing /opt/airflow/dags/transfer.py took 0.109 seconds
[2026-03-14T18:31:42.145+0000] {processor.py:161} INFO - Started process (PID=3131) to work on /opt/airflow/dags/transfer.py
[2026-03-14T18:31:42.149+0000] {processor.py:830} INFO - Processing file /opt/airflow/dags/transfer.py for tasks to queue
[2026-03-14T18:31:42.158+0000] {logging_mixin.py:188} INFO - [2026-03-14T18:31:42.157+0000] {dagbag.py:545} INFO - Filling up the DagBag from /opt/airflow/dags/transfer.py
[2026-03-14T18:31:42.193+0000] {processor.py:840} INFO - DAG(s) 'transfer_from_minio_to_snowflake_accounts', 'transfer_from_minio_to_snowflake_customers', 'transfer_from_minio_to_snowflake_transactions' retrieved from /opt/airflow/dags/transfer.py
[2026-03-14T18:31:42.229+0000] {logging_mixin.py:188} INFO - [2026-03-14T18:31:42.229+0000] {dag.py:3089} INFO - Sync 3 DAGs
[2026-03-14T18:31:42.243+0000] {logging_mixin.py:188} INFO - [2026-03-14T18:31:42.243+0000] {dag.py:3947} INFO - Setting next_dagrun for transfer_from_minio_to_snowflake_accounts to 2026-03-14 18:30:00+00:00, run_after=2026-03-14 18:31:00+00:00
[2026-03-14T18:31:42.247+0000] {logging_mixin.py:188} INFO - [2026-03-14T18:31:42.246+0000] {dag.py:3947} INFO - Setting next_dagrun for transfer_from_minio_to_snowflake_customers to 2026-03-14 18:30:00+00:00, run_after=2026-03-14 18:31:00+00:00
[2026-03-14T18:31:42.248+0000] {logging_mixin.py:188} INFO - [2026-03-14T18:31:42.248+0000] {dag.py:3947} INFO - Setting next_dagrun for transfer_from_minio_to_snowflake_transactions to 2026-03-14 18:30:00+00:00, run_after=2026-03-14 18:31:00+00:00
[2026-03-14T18:31:42.256+0000] {processor.py:183} INFO - Processing /opt/airflow/dags/transfer.py took 0.119 seconds
[2026-03-14T18:32:12.600+0000] {processor.py:161} INFO - Started process (PID=3133) to work on /opt/airflow/dags/transfer.py
[2026-03-14T18:32:12.603+0000] {processor.py:830} INFO - Processing file /opt/airflow/dags/transfer.py for tasks to queue
[2026-03-14T18:32:12.609+0000] {logging_mixin.py:188} INFO - [2026-03-14T18:32:12.609+0000] {dagbag.py:545} INFO - Filling up the DagBag from /opt/airflow/dags/transfer.py
[2026-03-14T18:32:12.641+0000] {processor.py:840} INFO - DAG(s) 'transfer_from_minio_to_snowflake_transactions', 'transfer_from_minio_to_snowflake_accounts', 'transfer_from_minio_to_snowflake_customers' retrieved from /opt/airflow/dags/transfer.py
[2026-03-14T18:32:12.668+0000] {logging_mixin.py:188} INFO - [2026-03-14T18:32:12.668+0000] {dag.py:3089} INFO - Sync 3 DAGs
[2026-03-14T18:32:12.682+0000] {logging_mixin.py:188} INFO - [2026-03-14T18:32:12.682+0000] {dag.py:3947} INFO - Setting next_dagrun for transfer_from_minio_to_snowflake_accounts to 2026-03-14 18:31:00+00:00, run_after=2026-03-14 18:32:00+00:00
[2026-03-14T18:32:12.685+0000] {logging_mixin.py:188} INFO - [2026-03-14T18:32:12.685+0000] {dag.py:3947} INFO - Setting next_dagrun for transfer_from_minio_to_snowflake_customers to 2026-03-14 18:31:00+00:00, run_after=2026-03-14 18:32:00+00:00
[2026-03-14T18:32:12.687+0000] {logging_mixin.py:188} INFO - [2026-03-14T18:32:12.687+0000] {dag.py:3947} INFO - Setting next_dagrun for transfer_from_minio_to_snowflake_transactions to 2026-03-14 18:31:00+00:00, run_after=2026-03-14 18:32:00+00:00
[2026-03-14T18:32:12.694+0000] {processor.py:183} INFO - Processing /opt/airflow/dags/transfer.py took 0.103 seconds
[2026-03-14T18:32:43.115+0000] {processor.py:161} INFO - Started process (PID=3135) to work on /opt/airflow/dags/transfer.py
[2026-03-14T18:32:43.122+0000] {processor.py:830} INFO - Processing file /opt/airflow/dags/transfer.py for tasks to queue
[2026-03-14T18:32:43.126+0000] {logging_mixin.py:188} INFO - [2026-03-14T18:32:43.126+0000] {dagbag.py:545} INFO - Filling up the DagBag from /opt/airflow/dags/transfer.py
[2026-03-14T18:32:43.151+0000] {processor.py:840} INFO - DAG(s) 'transfer_from_minio_to_snowflake_accounts', 'transfer_from_minio_to_snowflake_customers', 'transfer_from_minio_to_snowflake_transactions' retrieved from /opt/airflow/dags/transfer.py
[2026-03-14T18:32:43.182+0000] {logging_mixin.py:188} INFO - [2026-03-14T18:32:43.182+0000] {dag.py:3089} INFO - Sync 3 DAGs
[2026-03-14T18:32:43.196+0000] {logging_mixin.py:188} INFO - [2026-03-14T18:32:43.196+0000] {dag.py:3947} INFO - Setting next_dagrun for transfer_from_minio_to_snowflake_accounts to 2026-03-14 18:31:00+00:00, run_after=2026-03-14 18:32:00+00:00
[2026-03-14T18:32:43.199+0000] {logging_mixin.py:188} INFO - [2026-03-14T18:32:43.199+0000] {dag.py:3947} INFO - Setting next_dagrun for transfer_from_minio_to_snowflake_customers to 2026-03-14 18:31:00+00:00, run_after=2026-03-14 18:32:00+00:00
[2026-03-14T18:32:43.201+0000] {logging_mixin.py:188} INFO - [2026-03-14T18:32:43.201+0000] {dag.py:3947} INFO - Setting next_dagrun for transfer_from_minio_to_snowflake_transactions to 2026-03-14 18:31:00+00:00, run_after=2026-03-14 18:32:00+00:00
[2026-03-14T18:32:43.208+0000] {processor.py:183} INFO - Processing /opt/airflow/dags/transfer.py took 0.105 seconds
[2026-03-14T18:33:13.550+0000] {processor.py:161} INFO - Started process (PID=3137) to work on /opt/airflow/dags/transfer.py
[2026-03-14T18:33:13.552+0000] {processor.py:830} INFO - Processing file /opt/airflow/dags/transfer.py for tasks to queue
[2026-03-14T18:33:13.555+0000] {logging_mixin.py:188} INFO - [2026-03-14T18:33:13.555+0000] {dagbag.py:545} INFO - Filling up the DagBag from /opt/airflow/dags/transfer.py
[2026-03-14T18:33:13.579+0000] {processor.py:840} INFO - DAG(s) 'transfer_from_minio_to_snowflake_customers', 'transfer_from_minio_to_snowflake_transactions', 'transfer_from_minio_to_snowflake_accounts' retrieved from /opt/airflow/dags/transfer.py
[2026-03-14T18:33:13.606+0000] {logging_mixin.py:188} INFO - [2026-03-14T18:33:13.606+0000] {dag.py:3089} INFO - Sync 3 DAGs
[2026-03-14T18:33:13.621+0000] {logging_mixin.py:188} INFO - [2026-03-14T18:33:13.621+0000] {dag.py:3947} INFO - Setting next_dagrun for transfer_from_minio_to_snowflake_accounts to 2026-03-14 18:32:00+00:00, run_after=2026-03-14 18:33:00+00:00
[2026-03-14T18:33:13.624+0000] {logging_mixin.py:188} INFO - [2026-03-14T18:33:13.624+0000] {dag.py:3947} INFO - Setting next_dagrun for transfer_from_minio_to_snowflake_customers to 2026-03-14 18:32:00+00:00, run_after=2026-03-14 18:33:00+00:00
[2026-03-14T18:33:13.625+0000] {logging_mixin.py:188} INFO - [2026-03-14T18:33:13.625+0000] {dag.py:3947} INFO - Setting next_dagrun for transfer_from_minio_to_snowflake_transactions to 2026-03-14 18:32:00+00:00, run_after=2026-03-14 18:33:00+00:00
[2026-03-14T18:33:13.633+0000] {processor.py:183} INFO - Processing /opt/airflow/dags/transfer.py took 0.093 seconds
[2026-03-14T18:33:43.988+0000] {processor.py:161} INFO - Started process (PID=3139) to work on /opt/airflow/dags/transfer.py
[2026-03-14T18:33:43.990+0000] {processor.py:830} INFO - Processing file /opt/airflow/dags/transfer.py for tasks to queue
[2026-03-14T18:33:43.993+0000] {logging_mixin.py:188} INFO - [2026-03-14T18:33:43.993+0000] {dagbag.py:545} INFO - Filling up the DagBag from /opt/airflow/dags/transfer.py
[2026-03-14T18:33:44.036+0000] {processor.py:840} INFO - DAG(s) 'transfer_from_minio_to_snowflake_customers', 'transfer_from_minio_to_snowflake_accounts', 'transfer_from_minio_to_snowflake_transactions' retrieved from /opt/airflow/dags/transfer.py
[2026-03-14T18:33:44.069+0000] {logging_mixin.py:188} INFO - [2026-03-14T18:33:44.069+0000] {dag.py:3089} INFO - Sync 3 DAGs
[2026-03-14T18:33:44.090+0000] {logging_mixin.py:188} INFO - [2026-03-14T18:33:44.090+0000] {dag.py:3947} INFO - Setting next_dagrun for transfer_from_minio_to_snowflake_accounts to 2026-03-14 18:32:00+00:00, run_after=2026-03-14 18:33:00+00:00
[2026-03-14T18:33:44.093+0000] {logging_mixin.py:188} INFO - [2026-03-14T18:33:44.093+0000] {dag.py:3947} INFO - Setting next_dagrun for transfer_from_minio_to_snowflake_customers to 2026-03-14 18:32:00+00:00, run_after=2026-03-14 18:33:00+00:00
[2026-03-14T18:33:44.094+0000] {logging_mixin.py:188} INFO - [2026-03-14T18:33:44.094+0000] {dag.py:3947} INFO - Setting next_dagrun for transfer_from_minio_to_snowflake_transactions to 2026-03-14 18:32:00+00:00, run_after=2026-03-14 18:33:00+00:00
[2026-03-14T18:33:44.101+0000] {processor.py:183} INFO - Processing /opt/airflow/dags/transfer.py took 0.131 seconds
[2026-03-14T18:34:14.413+0000] {processor.py:161} INFO - Started process (PID=3141) to work on /opt/airflow/dags/transfer.py
[2026-03-14T18:34:14.415+0000] {processor.py:830} INFO - Processing file /opt/airflow/dags/transfer.py for tasks to queue
[2026-03-14T18:34:14.418+0000] {logging_mixin.py:188} INFO - [2026-03-14T18:34:14.418+0000] {dagbag.py:545} INFO - Filling up the DagBag from /opt/airflow/dags/transfer.py
[2026-03-14T18:34:14.443+0000] {processor.py:840} INFO - DAG(s) 'transfer_from_minio_to_snowflake_customers', 'transfer_from_minio_to_snowflake_transactions', 'transfer_from_minio_to_snowflake_accounts' retrieved from /opt/airflow/dags/transfer.py
[2026-03-14T18:34:14.468+0000] {logging_mixin.py:188} INFO - [2026-03-14T18:34:14.467+0000] {dag.py:3089} INFO - Sync 3 DAGs
[2026-03-14T18:34:14.481+0000] {logging_mixin.py:188} INFO - [2026-03-14T18:34:14.481+0000] {dag.py:3947} INFO - Setting next_dagrun for transfer_from_minio_to_snowflake_accounts to 2026-03-14 18:33:00+00:00, run_after=2026-03-14 18:34:00+00:00
[2026-03-14T18:34:14.484+0000] {logging_mixin.py:188} INFO - [2026-03-14T18:34:14.484+0000] {dag.py:3947} INFO - Setting next_dagrun for transfer_from_minio_to_snowflake_customers to 2026-03-14 18:33:00+00:00, run_after=2026-03-14 18:34:00+00:00
[2026-03-14T18:34:14.485+0000] {logging_mixin.py:188} INFO - [2026-03-14T18:34:14.485+0000] {dag.py:3947} INFO - Setting next_dagrun for transfer_from_minio_to_snowflake_transactions to 2026-03-14 18:33:00+00:00, run_after=2026-03-14 18:34:00+00:00
[2026-03-14T18:34:14.492+0000] {processor.py:183} INFO - Processing /opt/airflow/dags/transfer.py took 0.089 seconds
[2026-03-14T18:34:44.850+0000] {processor.py:161} INFO - Started process (PID=3143) to work on /opt/airflow/dags/transfer.py
[2026-03-14T18:34:44.851+0000] {processor.py:830} INFO - Processing file /opt/airflow/dags/transfer.py for tasks to queue
[2026-03-14T18:34:44.854+0000] {logging_mixin.py:188} INFO - [2026-03-14T18:34:44.853+0000] {dagbag.py:545} INFO - Filling up the DagBag from /opt/airflow/dags/transfer.py
[2026-03-14T18:34:44.885+0000] {processor.py:840} INFO - DAG(s) 'transfer_from_minio_to_snowflake_customers', 'transfer_from_minio_to_snowflake_accounts', 'transfer_from_minio_to_snowflake_transactions' retrieved from /opt/airflow/dags/transfer.py
[2026-03-14T18:34:44.913+0000] {logging_mixin.py:188} INFO - [2026-03-14T18:34:44.912+0000] {dag.py:3089} INFO - Sync 3 DAGs
[2026-03-14T18:34:44.926+0000] {logging_mixin.py:188} INFO - [2026-03-14T18:34:44.926+0000] {dag.py:3947} INFO - Setting next_dagrun for transfer_from_minio_to_snowflake_accounts to 2026-03-14 18:33:00+00:00, run_after=2026-03-14 18:34:00+00:00
[2026-03-14T18:34:44.929+0000] {logging_mixin.py:188} INFO - [2026-03-14T18:34:44.929+0000] {dag.py:3947} INFO - Setting next_dagrun for transfer_from_minio_to_snowflake_customers to 2026-03-14 18:33:00+00:00, run_after=2026-03-14 18:34:00+00:00
[2026-03-14T18:34:44.930+0000] {logging_mixin.py:188} INFO - [2026-03-14T18:34:44.930+0000] {dag.py:3947} INFO - Setting next_dagrun for transfer_from_minio_to_snowflake_transactions to 2026-03-14 18:33:00+00:00, run_after=2026-03-14 18:34:00+00:00
[2026-03-14T18:34:44.937+0000] {processor.py:183} INFO - Processing /opt/airflow/dags/transfer.py took 0.098 seconds
[2026-03-14T18:35:15.313+0000] {processor.py:161} INFO - Started process (PID=3145) to work on /opt/airflow/dags/transfer.py
[2026-03-14T18:35:15.316+0000] {processor.py:830} INFO - Processing file /opt/airflow/dags/transfer.py for tasks to queue
[2026-03-14T18:35:15.320+0000] {logging_mixin.py:188} INFO - [2026-03-14T18:35:15.319+0000] {dagbag.py:545} INFO - Filling up the DagBag from /opt/airflow/dags/transfer.py
[2026-03-14T18:35:15.346+0000] {processor.py:840} INFO - DAG(s) 'transfer_from_minio_to_snowflake_customers', 'transfer_from_minio_to_snowflake_transactions', 'transfer_from_minio_to_snowflake_accounts' retrieved from /opt/airflow/dags/transfer.py
[2026-03-14T18:35:15.372+0000] {logging_mixin.py:188} INFO - [2026-03-14T18:35:15.372+0000] {dag.py:3089} INFO - Sync 3 DAGs
[2026-03-14T18:35:15.387+0000] {logging_mixin.py:188} INFO - [2026-03-14T18:35:15.387+0000] {dag.py:3947} INFO - Setting next_dagrun for transfer_from_minio_to_snowflake_accounts to 2026-03-14 18:34:00+00:00, run_after=2026-03-14 18:35:00+00:00
[2026-03-14T18:35:15.390+0000] {logging_mixin.py:188} INFO - [2026-03-14T18:35:15.390+0000] {dag.py:3947} INFO - Setting next_dagrun for transfer_from_minio_to_snowflake_customers to 2026-03-14 18:34:00+00:00, run_after=2026-03-14 18:35:00+00:00
[2026-03-14T18:35:15.391+0000] {logging_mixin.py:188} INFO - [2026-03-14T18:35:15.391+0000] {dag.py:3947} INFO - Setting next_dagrun for transfer_from_minio_to_snowflake_transactions to 2026-03-14 18:34:00+00:00, run_after=2026-03-14 18:35:00+00:00
[2026-03-14T18:35:15.399+0000] {processor.py:183} INFO - Processing /opt/airflow/dags/transfer.py took 0.096 seconds
[2026-03-14T18:35:45.802+0000] {processor.py:161} INFO - Started process (PID=3147) to work on /opt/airflow/dags/transfer.py
[2026-03-14T18:35:45.804+0000] {processor.py:830} INFO - Processing file /opt/airflow/dags/transfer.py for tasks to queue
[2026-03-14T18:35:45.806+0000] {logging_mixin.py:188} INFO - [2026-03-14T18:35:45.806+0000] {dagbag.py:545} INFO - Filling up the DagBag from /opt/airflow/dags/transfer.py
[2026-03-14T18:35:45.835+0000] {processor.py:840} INFO - DAG(s) 'transfer_from_minio_to_snowflake_customers', 'transfer_from_minio_to_snowflake_transactions', 'transfer_from_minio_to_snowflake_accounts' retrieved from /opt/airflow/dags/transfer.py
[2026-03-14T18:35:45.865+0000] {logging_mixin.py:188} INFO - [2026-03-14T18:35:45.865+0000] {dag.py:3089} INFO - Sync 3 DAGs
[2026-03-14T18:35:45.879+0000] {logging_mixin.py:188} INFO - [2026-03-14T18:35:45.879+0000] {dag.py:3947} INFO - Setting next_dagrun for transfer_from_minio_to_snowflake_accounts to 2026-03-14 18:34:00+00:00, run_after=2026-03-14 18:35:00+00:00
[2026-03-14T18:35:45.882+0000] {logging_mixin.py:188} INFO - [2026-03-14T18:35:45.882+0000] {dag.py:3947} INFO - Setting next_dagrun for transfer_from_minio_to_snowflake_customers to 2026-03-14 18:34:00+00:00, run_after=2026-03-14 18:35:00+00:00
[2026-03-14T18:35:45.883+0000] {logging_mixin.py:188} INFO - [2026-03-14T18:35:45.883+0000] {dag.py:3947} INFO - Setting next_dagrun for transfer_from_minio_to_snowflake_transactions to 2026-03-14 18:34:00+00:00, run_after=2026-03-14 18:35:00+00:00
[2026-03-14T18:35:45.892+0000] {processor.py:183} INFO - Processing /opt/airflow/dags/transfer.py took 0.099 seconds
[2026-03-14T18:36:16.291+0000] {processor.py:161} INFO - Started process (PID=3149) to work on /opt/airflow/dags/transfer.py
[2026-03-14T18:36:16.296+0000] {processor.py:830} INFO - Processing file /opt/airflow/dags/transfer.py for tasks to queue
[2026-03-14T18:36:16.301+0000] {logging_mixin.py:188} INFO - [2026-03-14T18:36:16.301+0000] {dagbag.py:545} INFO - Filling up the DagBag from /opt/airflow/dags/transfer.py
[2026-03-14T18:36:16.339+0000] {processor.py:840} INFO - DAG(s) 'transfer_from_minio_to_snowflake_transactions', 'transfer_from_minio_to_snowflake_customers', 'transfer_from_minio_to_snowflake_accounts' retrieved from /opt/airflow/dags/transfer.py
[2026-03-14T18:36:16.365+0000] {logging_mixin.py:188} INFO - [2026-03-14T18:36:16.364+0000] {dag.py:3089} INFO - Sync 3 DAGs
[2026-03-14T18:36:16.378+0000] {logging_mixin.py:188} INFO - [2026-03-14T18:36:16.377+0000] {dag.py:3947} INFO - Setting next_dagrun for transfer_from_minio_to_snowflake_accounts to 2026-03-14 18:35:00+00:00, run_after=2026-03-14 18:36:00+00:00
[2026-03-14T18:36:16.381+0000] {logging_mixin.py:188} INFO - [2026-03-14T18:36:16.381+0000] {dag.py:3947} INFO - Setting next_dagrun for transfer_from_minio_to_snowflake_customers to 2026-03-14 18:35:00+00:00, run_after=2026-03-14 18:36:00+00:00
[2026-03-14T18:36:16.382+0000] {logging_mixin.py:188} INFO - [2026-03-14T18:36:16.382+0000] {dag.py:3947} INFO - Setting next_dagrun for transfer_from_minio_to_snowflake_transactions to 2026-03-14 18:35:00+00:00, run_after=2026-03-14 18:36:00+00:00
[2026-03-14T18:36:16.392+0000] {processor.py:183} INFO - Processing /opt/airflow/dags/transfer.py took 0.117 seconds
[2026-03-14T18:36:46.744+0000] {processor.py:161} INFO - Started process (PID=3151) to work on /opt/airflow/dags/transfer.py
[2026-03-14T18:36:46.745+0000] {processor.py:830} INFO - Processing file /opt/airflow/dags/transfer.py for tasks to queue
[2026-03-14T18:36:46.748+0000] {logging_mixin.py:188} INFO - [2026-03-14T18:36:46.747+0000] {dagbag.py:545} INFO - Filling up the DagBag from /opt/airflow/dags/transfer.py
[2026-03-14T18:36:46.784+0000] {processor.py:840} INFO - DAG(s) 'transfer_from_minio_to_snowflake_transactions', 'transfer_from_minio_to_snowflake_accounts', 'transfer_from_minio_to_snowflake_customers' retrieved from /opt/airflow/dags/transfer.py
[2026-03-14T18:36:46.814+0000] {logging_mixin.py:188} INFO - [2026-03-14T18:36:46.814+0000] {dag.py:3089} INFO - Sync 3 DAGs
[2026-03-14T18:36:46.829+0000] {logging_mixin.py:188} INFO - [2026-03-14T18:36:46.829+0000] {dag.py:3947} INFO - Setting next_dagrun for transfer_from_minio_to_snowflake_accounts to 2026-03-14 18:35:00+00:00, run_after=2026-03-14 18:36:00+00:00
[2026-03-14T18:36:46.832+0000] {logging_mixin.py:188} INFO - [2026-03-14T18:36:46.832+0000] {dag.py:3947} INFO - Setting next_dagrun for transfer_from_minio_to_snowflake_customers to 2026-03-14 18:35:00+00:00, run_after=2026-03-14 18:36:00+00:00
[2026-03-14T18:36:46.833+0000] {logging_mixin.py:188} INFO - [2026-03-14T18:36:46.833+0000] {dag.py:3947} INFO - Setting next_dagrun for transfer_from_minio_to_snowflake_transactions to 2026-03-14 18:35:00+00:00, run_after=2026-03-14 18:36:00+00:00
[2026-03-14T18:36:46.840+0000] {processor.py:183} INFO - Processing /opt/airflow/dags/transfer.py took 0.110 seconds
[2026-03-14T18:37:17.233+0000] {processor.py:161} INFO - Started process (PID=3153) to work on /opt/airflow/dags/transfer.py
[2026-03-14T18:37:17.236+0000] {processor.py:830} INFO - Processing file /opt/airflow/dags/transfer.py for tasks to queue
[2026-03-14T18:37:17.238+0000] {logging_mixin.py:188} INFO - [2026-03-14T18:37:17.238+0000] {dagbag.py:545} INFO - Filling up the DagBag from /opt/airflow/dags/transfer.py
[2026-03-14T18:37:17.275+0000] {processor.py:840} INFO - DAG(s) 'transfer_from_minio_to_snowflake_customers', 'transfer_from_minio_to_snowflake_accounts', 'transfer_from_minio_to_snowflake_transactions' retrieved from /opt/airflow/dags/transfer.py
[2026-03-14T18:37:17.307+0000] {logging_mixin.py:188} INFO - [2026-03-14T18:37:17.307+0000] {dag.py:3089} INFO - Sync 3 DAGs
[2026-03-14T18:37:17.320+0000] {logging_mixin.py:188} INFO - [2026-03-14T18:37:17.320+0000] {dag.py:3947} INFO - Setting next_dagrun for transfer_from_minio_to_snowflake_accounts to 2026-03-14 18:36:00+00:00, run_after=2026-03-14 18:37:00+00:00
[2026-03-14T18:37:17.323+0000] {logging_mixin.py:188} INFO - [2026-03-14T18:37:17.323+0000] {dag.py:3947} INFO - Setting next_dagrun for transfer_from_minio_to_snowflake_customers to 2026-03-14 18:36:00+00:00, run_after=2026-03-14 18:37:00+00:00
[2026-03-14T18:37:17.324+0000] {logging_mixin.py:188} INFO - [2026-03-14T18:37:17.324+0000] {dag.py:3947} INFO - Setting next_dagrun for transfer_from_minio_to_snowflake_transactions to 2026-03-14 18:36:00+00:00, run_after=2026-03-14 18:37:00+00:00
[2026-03-14T18:37:17.332+0000] {processor.py:183} INFO - Processing /opt/airflow/dags/transfer.py took 0.112 seconds
[2026-03-14T18:37:47.724+0000] {processor.py:161} INFO - Started process (PID=3155) to work on /opt/airflow/dags/transfer.py
[2026-03-14T18:37:47.728+0000] {processor.py:830} INFO - Processing file /opt/airflow/dags/transfer.py for tasks to queue
[2026-03-14T18:37:47.730+0000] {logging_mixin.py:188} INFO - [2026-03-14T18:37:47.729+0000] {dagbag.py:545} INFO - Filling up the DagBag from /opt/airflow/dags/transfer.py
[2026-03-14T18:37:47.757+0000] {processor.py:840} INFO - DAG(s) 'transfer_from_minio_to_snowflake_customers', 'transfer_from_minio_to_snowflake_accounts', 'transfer_from_minio_to_snowflake_transactions' retrieved from /opt/airflow/dags/transfer.py
[2026-03-14T18:37:47.795+0000] {logging_mixin.py:188} INFO - [2026-03-14T18:37:47.794+0000] {dag.py:3089} INFO - Sync 3 DAGs
[2026-03-14T18:37:47.810+0000] {logging_mixin.py:188} INFO - [2026-03-14T18:37:47.810+0000] {dag.py:3947} INFO - Setting next_dagrun for transfer_from_minio_to_snowflake_accounts to 2026-03-14 18:36:00+00:00, run_after=2026-03-14 18:37:00+00:00
[2026-03-14T18:37:47.813+0000] {logging_mixin.py:188} INFO - [2026-03-14T18:37:47.813+0000] {dag.py:3947} INFO - Setting next_dagrun for transfer_from_minio_to_snowflake_customers to 2026-03-14 18:36:00+00:00, run_after=2026-03-14 18:37:00+00:00
[2026-03-14T18:37:47.815+0000] {logging_mixin.py:188} INFO - [2026-03-14T18:37:47.815+0000] {dag.py:3947} INFO - Setting next_dagrun for transfer_from_minio_to_snowflake_transactions to 2026-03-14 18:36:00+00:00, run_after=2026-03-14 18:37:00+00:00
[2026-03-14T18:37:47.822+0000] {processor.py:183} INFO - Processing /opt/airflow/dags/transfer.py took 0.107 seconds
[2026-03-14T18:38:18.206+0000] {processor.py:161} INFO - Started process (PID=3157) to work on /opt/airflow/dags/transfer.py
[2026-03-14T18:38:18.210+0000] {processor.py:830} INFO - Processing file /opt/airflow/dags/transfer.py for tasks to queue
[2026-03-14T18:38:18.215+0000] {logging_mixin.py:188} INFO - [2026-03-14T18:38:18.215+0000] {dagbag.py:545} INFO - Filling up the DagBag from /opt/airflow/dags/transfer.py
[2026-03-14T18:38:18.250+0000] {processor.py:840} INFO - DAG(s) 'transfer_from_minio_to_snowflake_customers', 'transfer_from_minio_to_snowflake_accounts', 'transfer_from_minio_to_snowflake_transactions' retrieved from /opt/airflow/dags/transfer.py
[2026-03-14T18:38:18.287+0000] {logging_mixin.py:188} INFO - [2026-03-14T18:38:18.286+0000] {dag.py:3089} INFO - Sync 3 DAGs
[2026-03-14T18:38:18.301+0000] {logging_mixin.py:188} INFO - [2026-03-14T18:38:18.301+0000] {dag.py:3947} INFO - Setting next_dagrun for transfer_from_minio_to_snowflake_accounts to 2026-03-14 18:37:00+00:00, run_after=2026-03-14 18:38:00+00:00
[2026-03-14T18:38:18.304+0000] {logging_mixin.py:188} INFO - [2026-03-14T18:38:18.304+0000] {dag.py:3947} INFO - Setting next_dagrun for transfer_from_minio_to_snowflake_customers to 2026-03-14 18:37:00+00:00, run_after=2026-03-14 18:38:00+00:00
[2026-03-14T18:38:18.305+0000] {logging_mixin.py:188} INFO - [2026-03-14T18:38:18.305+0000] {dag.py:3947} INFO - Setting next_dagrun for transfer_from_minio_to_snowflake_transactions to 2026-03-14 18:37:00+00:00, run_after=2026-03-14 18:38:00+00:00
[2026-03-14T18:38:18.314+0000] {processor.py:183} INFO - Processing /opt/airflow/dags/transfer.py took 0.117 seconds
[2026-03-14T18:38:48.708+0000] {processor.py:161} INFO - Started process (PID=3159) to work on /opt/airflow/dags/transfer.py
[2026-03-14T18:38:48.715+0000] {processor.py:830} INFO - Processing file /opt/airflow/dags/transfer.py for tasks to queue
[2026-03-14T18:38:48.717+0000] {logging_mixin.py:188} INFO - [2026-03-14T18:38:48.717+0000] {dagbag.py:545} INFO - Filling up the DagBag from /opt/airflow/dags/transfer.py
[2026-03-14T18:38:48.748+0000] {processor.py:840} INFO - DAG(s) 'transfer_from_minio_to_snowflake_accounts', 'transfer_from_minio_to_snowflake_transactions', 'transfer_from_minio_to_snowflake_customers' retrieved from /opt/airflow/dags/transfer.py
[2026-03-14T18:38:48.782+0000] {logging_mixin.py:188} INFO - [2026-03-14T18:38:48.782+0000] {dag.py:3089} INFO - Sync 3 DAGs
[2026-03-14T18:38:48.797+0000] {logging_mixin.py:188} INFO - [2026-03-14T18:38:48.797+0000] {dag.py:3947} INFO - Setting next_dagrun for transfer_from_minio_to_snowflake_accounts to 2026-03-14 18:37:00+00:00, run_after=2026-03-14 18:38:00+00:00
[2026-03-14T18:38:48.801+0000] {logging_mixin.py:188} INFO - [2026-03-14T18:38:48.801+0000] {dag.py:3947} INFO - Setting next_dagrun for transfer_from_minio_to_snowflake_customers to 2026-03-14 18:37:00+00:00, run_after=2026-03-14 18:38:00+00:00
[2026-03-14T18:38:48.802+0000] {logging_mixin.py:188} INFO - [2026-03-14T18:38:48.802+0000] {dag.py:3947} INFO - Setting next_dagrun for transfer_from_minio_to_snowflake_transactions to 2026-03-14 18:37:00+00:00, run_after=2026-03-14 18:38:00+00:00
[2026-03-14T18:38:48.812+0000] {processor.py:183} INFO - Processing /opt/airflow/dags/transfer.py took 0.113 seconds
[2026-03-14T18:39:19.178+0000] {processor.py:161} INFO - Started process (PID=3161) to work on /opt/airflow/dags/transfer.py
[2026-03-14T18:39:19.181+0000] {processor.py:830} INFO - Processing file /opt/airflow/dags/transfer.py for tasks to queue
[2026-03-14T18:39:19.188+0000] {logging_mixin.py:188} INFO - [2026-03-14T18:39:19.187+0000] {dagbag.py:545} INFO - Filling up the DagBag from /opt/airflow/dags/transfer.py
[2026-03-14T18:39:19.221+0000] {processor.py:840} INFO - DAG(s) 'transfer_from_minio_to_snowflake_accounts', 'transfer_from_minio_to_snowflake_transactions', 'transfer_from_minio_to_snowflake_customers' retrieved from /opt/airflow/dags/transfer.py
[2026-03-14T18:39:19.256+0000] {logging_mixin.py:188} INFO - [2026-03-14T18:39:19.256+0000] {dag.py:3089} INFO - Sync 3 DAGs
[2026-03-14T18:39:19.271+0000] {logging_mixin.py:188} INFO - [2026-03-14T18:39:19.271+0000] {dag.py:3947} INFO - Setting next_dagrun for transfer_from_minio_to_snowflake_accounts to 2026-03-14 18:38:00+00:00, run_after=2026-03-14 18:39:00+00:00
[2026-03-14T18:39:19.274+0000] {logging_mixin.py:188} INFO - [2026-03-14T18:39:19.274+0000] {dag.py:3947} INFO - Setting next_dagrun for transfer_from_minio_to_snowflake_customers to 2026-03-14 18:38:00+00:00, run_after=2026-03-14 18:39:00+00:00
[2026-03-14T18:39:19.275+0000] {logging_mixin.py:188} INFO - [2026-03-14T18:39:19.275+0000] {dag.py:3947} INFO - Setting next_dagrun for transfer_from_minio_to_snowflake_transactions to 2026-03-14 18:38:00+00:00, run_after=2026-03-14 18:39:00+00:00
[2026-03-14T18:39:19.284+0000] {processor.py:183} INFO - Processing /opt/airflow/dags/transfer.py took 0.115 seconds
[2026-03-14T18:39:49.627+0000] {processor.py:161} INFO - Started process (PID=3163) to work on /opt/airflow/dags/transfer.py
[2026-03-14T18:39:49.629+0000] {processor.py:830} INFO - Processing file /opt/airflow/dags/transfer.py for tasks to queue
[2026-03-14T18:39:49.634+0000] {logging_mixin.py:188} INFO - [2026-03-14T18:39:49.633+0000] {dagbag.py:545} INFO - Filling up the DagBag from /opt/airflow/dags/transfer.py
[2026-03-14T18:39:49.685+0000] {processor.py:840} INFO - DAG(s) 'transfer_from_minio_to_snowflake_accounts', 'transfer_from_minio_to_snowflake_customers', 'transfer_from_minio_to_snowflake_transactions' retrieved from /opt/airflow/dags/transfer.py
[2026-03-14T18:39:49.730+0000] {logging_mixin.py:188} INFO - [2026-03-14T18:39:49.730+0000] {dag.py:3089} INFO - Sync 3 DAGs
[2026-03-14T18:39:49.748+0000] {logging_mixin.py:188} INFO - [2026-03-14T18:39:49.748+0000] {dag.py:3947} INFO - Setting next_dagrun for transfer_from_minio_to_snowflake_accounts to 2026-03-14 18:38:00+00:00, run_after=2026-03-14 18:39:00+00:00
[2026-03-14T18:39:49.751+0000] {logging_mixin.py:188} INFO - [2026-03-14T18:39:49.751+0000] {dag.py:3947} INFO - Setting next_dagrun for transfer_from_minio_to_snowflake_customers to 2026-03-14 18:38:00+00:00, run_after=2026-03-14 18:39:00+00:00
[2026-03-14T18:39:49.752+0000] {logging_mixin.py:188} INFO - [2026-03-14T18:39:49.752+0000] {dag.py:3947} INFO - Setting next_dagrun for transfer_from_minio_to_snowflake_transactions to 2026-03-14 18:38:00+00:00, run_after=2026-03-14 18:39:00+00:00
[2026-03-14T18:39:49.763+0000] {processor.py:183} INFO - Processing /opt/airflow/dags/transfer.py took 0.156 seconds
[2026-03-14T18:40:20.186+0000] {processor.py:161} INFO - Started process (PID=3165) to work on /opt/airflow/dags/transfer.py
[2026-03-14T18:40:20.187+0000] {processor.py:830} INFO - Processing file /opt/airflow/dags/transfer.py for tasks to queue
[2026-03-14T18:40:20.193+0000] {logging_mixin.py:188} INFO - [2026-03-14T18:40:20.192+0000] {dagbag.py:545} INFO - Filling up the DagBag from /opt/airflow/dags/transfer.py
[2026-03-14T18:40:20.220+0000] {processor.py:840} INFO - DAG(s) 'transfer_from_minio_to_snowflake_accounts', 'transfer_from_minio_to_snowflake_customers', 'transfer_from_minio_to_snowflake_transactions' retrieved from /opt/airflow/dags/transfer.py
[2026-03-14T18:40:20.250+0000] {logging_mixin.py:188} INFO - [2026-03-14T18:40:20.249+0000] {dag.py:3089} INFO - Sync 3 DAGs
[2026-03-14T18:40:20.267+0000] {logging_mixin.py:188} INFO - [2026-03-14T18:40:20.267+0000] {dag.py:3947} INFO - Setting next_dagrun for transfer_from_minio_to_snowflake_accounts to 2026-03-14 18:39:00+00:00, run_after=2026-03-14 18:40:00+00:00
[2026-03-14T18:40:20.270+0000] {logging_mixin.py:188} INFO - [2026-03-14T18:40:20.270+0000] {dag.py:3947} INFO - Setting next_dagrun for transfer_from_minio_to_snowflake_customers to 2026-03-14 18:39:00+00:00, run_after=2026-03-14 18:40:00+00:00
[2026-03-14T18:40:20.271+0000] {logging_mixin.py:188} INFO - [2026-03-14T18:40:20.271+0000] {dag.py:3947} INFO - Setting next_dagrun for transfer_from_minio_to_snowflake_transactions to 2026-03-14 18:39:00+00:00, run_after=2026-03-14 18:40:00+00:00
[2026-03-14T18:40:20.280+0000] {processor.py:183} INFO - Processing /opt/airflow/dags/transfer.py took 0.103 seconds
[2026-03-14T18:40:50.655+0000] {processor.py:161} INFO - Started process (PID=3167) to work on /opt/airflow/dags/transfer.py
[2026-03-14T18:40:50.658+0000] {processor.py:830} INFO - Processing file /opt/airflow/dags/transfer.py for tasks to queue
[2026-03-14T18:40:50.664+0000] {logging_mixin.py:188} INFO - [2026-03-14T18:40:50.663+0000] {dagbag.py:545} INFO - Filling up the DagBag from /opt/airflow/dags/transfer.py
[2026-03-14T18:40:50.702+0000] {processor.py:840} INFO - DAG(s) 'transfer_from_minio_to_snowflake_accounts', 'transfer_from_minio_to_snowflake_customers', 'transfer_from_minio_to_snowflake_transactions' retrieved from /opt/airflow/dags/transfer.py
[2026-03-14T18:40:50.734+0000] {logging_mixin.py:188} INFO - [2026-03-14T18:40:50.733+0000] {dag.py:3089} INFO - Sync 3 DAGs
[2026-03-14T18:40:50.747+0000] {logging_mixin.py:188} INFO - [2026-03-14T18:40:50.746+0000] {dag.py:3947} INFO - Setting next_dagrun for transfer_from_minio_to_snowflake_accounts to 2026-03-14 18:39:00+00:00, run_after=2026-03-14 18:40:00+00:00
[2026-03-14T18:40:50.749+0000] {logging_mixin.py:188} INFO - [2026-03-14T18:40:50.749+0000] {dag.py:3947} INFO - Setting next_dagrun for transfer_from_minio_to_snowflake_customers to 2026-03-14 18:39:00+00:00, run_after=2026-03-14 18:40:00+00:00
[2026-03-14T18:40:50.751+0000] {logging_mixin.py:188} INFO - [2026-03-14T18:40:50.751+0000] {dag.py:3947} INFO - Setting next_dagrun for transfer_from_minio_to_snowflake_transactions to 2026-03-14 18:39:00+00:00, run_after=2026-03-14 18:40:00+00:00
[2026-03-14T18:40:50.758+0000] {processor.py:183} INFO - Processing /opt/airflow/dags/transfer.py took 0.113 seconds
[2026-03-14T18:41:21.164+0000] {processor.py:161} INFO - Started process (PID=3169) to work on /opt/airflow/dags/transfer.py
[2026-03-14T18:41:21.166+0000] {processor.py:830} INFO - Processing file /opt/airflow/dags/transfer.py for tasks to queue
[2026-03-14T18:41:21.168+0000] {logging_mixin.py:188} INFO - [2026-03-14T18:41:21.168+0000] {dagbag.py:545} INFO - Filling up the DagBag from /opt/airflow/dags/transfer.py
[2026-03-14T18:41:21.223+0000] {processor.py:840} INFO - DAG(s) 'transfer_from_minio_to_snowflake_transactions', 'transfer_from_minio_to_snowflake_customers', 'transfer_from_minio_to_snowflake_accounts' retrieved from /opt/airflow/dags/transfer.py
[2026-03-14T18:41:21.258+0000] {logging_mixin.py:188} INFO - [2026-03-14T18:41:21.258+0000] {dag.py:3089} INFO - Sync 3 DAGs
[2026-03-14T18:41:21.272+0000] {logging_mixin.py:188} INFO - [2026-03-14T18:41:21.272+0000] {dag.py:3947} INFO - Setting next_dagrun for transfer_from_minio_to_snowflake_accounts to 2026-03-14 18:40:00+00:00, run_after=2026-03-14 18:41:00+00:00
[2026-03-14T18:41:21.274+0000] {logging_mixin.py:188} INFO - [2026-03-14T18:41:21.274+0000] {dag.py:3947} INFO - Setting next_dagrun for transfer_from_minio_to_snowflake_customers to 2026-03-14 18:40:00+00:00, run_after=2026-03-14 18:41:00+00:00
[2026-03-14T18:41:21.276+0000] {logging_mixin.py:188} INFO - [2026-03-14T18:41:21.276+0000] {dag.py:3947} INFO - Setting next_dagrun for transfer_from_minio_to_snowflake_transactions to 2026-03-14 18:40:00+00:00, run_after=2026-03-14 18:41:00+00:00
[2026-03-14T18:41:21.285+0000] {processor.py:183} INFO - Processing /opt/airflow/dags/transfer.py took 0.132 seconds
[2026-03-14T18:41:51.675+0000] {processor.py:161} INFO - Started process (PID=3171) to work on /opt/airflow/dags/transfer.py
[2026-03-14T18:41:51.676+0000] {processor.py:830} INFO - Processing file /opt/airflow/dags/transfer.py for tasks to queue
[2026-03-14T18:41:51.680+0000] {logging_mixin.py:188} INFO - [2026-03-14T18:41:51.679+0000] {dagbag.py:545} INFO - Filling up the DagBag from /opt/airflow/dags/transfer.py
[2026-03-14T18:41:51.706+0000] {processor.py:840} INFO - DAG(s) 'transfer_from_minio_to_snowflake_transactions', 'transfer_from_minio_to_snowflake_customers', 'transfer_from_minio_to_snowflake_accounts' retrieved from /opt/airflow/dags/transfer.py
[2026-03-14T18:41:51.734+0000] {logging_mixin.py:188} INFO - [2026-03-14T18:41:51.734+0000] {dag.py:3089} INFO - Sync 3 DAGs
[2026-03-14T18:41:51.750+0000] {logging_mixin.py:188} INFO - [2026-03-14T18:41:51.750+0000] {dag.py:3947} INFO - Setting next_dagrun for transfer_from_minio_to_snowflake_accounts to 2026-03-14 18:40:00+00:00, run_after=2026-03-14 18:41:00+00:00
[2026-03-14T18:41:51.753+0000] {logging_mixin.py:188} INFO - [2026-03-14T18:41:51.753+0000] {dag.py:3947} INFO - Setting next_dagrun for transfer_from_minio_to_snowflake_customers to 2026-03-14 18:40:00+00:00, run_after=2026-03-14 18:41:00+00:00
[2026-03-14T18:41:51.754+0000] {logging_mixin.py:188} INFO - [2026-03-14T18:41:51.754+0000] {dag.py:3947} INFO - Setting next_dagrun for transfer_from_minio_to_snowflake_transactions to 2026-03-14 18:40:00+00:00, run_after=2026-03-14 18:41:00+00:00
[2026-03-14T18:41:51.763+0000] {processor.py:183} INFO - Processing /opt/airflow/dags/transfer.py took 0.098 seconds
[2026-03-14T18:42:22.143+0000] {processor.py:161} INFO - Started process (PID=3173) to work on /opt/airflow/dags/transfer.py
[2026-03-14T18:42:22.144+0000] {processor.py:830} INFO - Processing file /opt/airflow/dags/transfer.py for tasks to queue
[2026-03-14T18:42:22.151+0000] {logging_mixin.py:188} INFO - [2026-03-14T18:42:22.150+0000] {dagbag.py:545} INFO - Filling up the DagBag from /opt/airflow/dags/transfer.py
[2026-03-14T18:42:22.194+0000] {processor.py:840} INFO - DAG(s) 'transfer_from_minio_to_snowflake_customers', 'transfer_from_minio_to_snowflake_accounts', 'transfer_from_minio_to_snowflake_transactions' retrieved from /opt/airflow/dags/transfer.py
[2026-03-14T18:42:22.232+0000] {logging_mixin.py:188} INFO - [2026-03-14T18:42:22.232+0000] {dag.py:3089} INFO - Sync 3 DAGs
[2026-03-14T18:42:22.246+0000] {logging_mixin.py:188} INFO - [2026-03-14T18:42:22.246+0000] {dag.py:3947} INFO - Setting next_dagrun for transfer_from_minio_to_snowflake_accounts to 2026-03-14 18:41:00+00:00, run_after=2026-03-14 18:42:00+00:00
[2026-03-14T18:42:22.249+0000] {logging_mixin.py:188} INFO - [2026-03-14T18:42:22.249+0000] {dag.py:3947} INFO - Setting next_dagrun for transfer_from_minio_to_snowflake_customers to 2026-03-14 18:41:00+00:00, run_after=2026-03-14 18:42:00+00:00
[2026-03-14T18:42:22.250+0000] {logging_mixin.py:188} INFO - [2026-03-14T18:42:22.250+0000] {dag.py:3947} INFO - Setting next_dagrun for transfer_from_minio_to_snowflake_transactions to 2026-03-14 18:41:00+00:00, run_after=2026-03-14 18:42:00+00:00
[2026-03-14T18:42:22.259+0000] {processor.py:183} INFO - Processing /opt/airflow/dags/transfer.py took 0.131 seconds
[2026-03-14T18:42:52.684+0000] {processor.py:161} INFO - Started process (PID=3175) to work on /opt/airflow/dags/transfer.py
[2026-03-14T18:42:52.688+0000] {processor.py:830} INFO - Processing file /opt/airflow/dags/transfer.py for tasks to queue
[2026-03-14T18:42:52.691+0000] {logging_mixin.py:188} INFO - [2026-03-14T18:42:52.691+0000] {dagbag.py:545} INFO - Filling up the DagBag from /opt/airflow/dags/transfer.py
[2026-03-14T18:42:52.718+0000] {processor.py:840} INFO - DAG(s) 'transfer_from_minio_to_snowflake_accounts', 'transfer_from_minio_to_snowflake_transactions', 'transfer_from_minio_to_snowflake_customers' retrieved from /opt/airflow/dags/transfer.py
[2026-03-14T18:42:52.754+0000] {logging_mixin.py:188} INFO - [2026-03-14T18:42:52.754+0000] {dag.py:3089} INFO - Sync 3 DAGs
[2026-03-14T18:42:52.768+0000] {logging_mixin.py:188} INFO - [2026-03-14T18:42:52.768+0000] {dag.py:3947} INFO - Setting next_dagrun for transfer_from_minio_to_snowflake_accounts to 2026-03-14 18:41:00+00:00, run_after=2026-03-14 18:42:00+00:00
[2026-03-14T18:42:52.771+0000] {logging_mixin.py:188} INFO - [2026-03-14T18:42:52.771+0000] {dag.py:3947} INFO - Setting next_dagrun for transfer_from_minio_to_snowflake_customers to 2026-03-14 18:41:00+00:00, run_after=2026-03-14 18:42:00+00:00
[2026-03-14T18:42:52.772+0000] {logging_mixin.py:188} INFO - [2026-03-14T18:42:52.772+0000] {dag.py:3947} INFO - Setting next_dagrun for transfer_from_minio_to_snowflake_transactions to 2026-03-14 18:41:00+00:00, run_after=2026-03-14 18:42:00+00:00
[2026-03-14T18:42:52.779+0000] {processor.py:183} INFO - Processing /opt/airflow/dags/transfer.py took 0.107 seconds
[2026-03-14T18:43:23.155+0000] {processor.py:161} INFO - Started process (PID=3177) to work on /opt/airflow/dags/transfer.py
[2026-03-14T18:43:23.159+0000] {processor.py:830} INFO - Processing file /opt/airflow/dags/transfer.py for tasks to queue
[2026-03-14T18:43:23.162+0000] {logging_mixin.py:188} INFO - [2026-03-14T18:43:23.162+0000] {dagbag.py:545} INFO - Filling up the DagBag from /opt/airflow/dags/transfer.py
[2026-03-14T18:43:23.197+0000] {processor.py:840} INFO - DAG(s) 'transfer_from_minio_to_snowflake_customers', 'transfer_from_minio_to_snowflake_accounts', 'transfer_from_minio_to_snowflake_transactions' retrieved from /opt/airflow/dags/transfer.py
[2026-03-14T18:43:23.225+0000] {logging_mixin.py:188} INFO - [2026-03-14T18:43:23.225+0000] {dag.py:3089} INFO - Sync 3 DAGs
[2026-03-14T18:43:23.238+0000] {logging_mixin.py:188} INFO - [2026-03-14T18:43:23.238+0000] {dag.py:3947} INFO - Setting next_dagrun for transfer_from_minio_to_snowflake_accounts to 2026-03-14 18:42:00+00:00, run_after=2026-03-14 18:43:00+00:00
[2026-03-14T18:43:23.241+0000] {logging_mixin.py:188} INFO - [2026-03-14T18:43:23.241+0000] {dag.py:3947} INFO - Setting next_dagrun for transfer_from_minio_to_snowflake_customers to 2026-03-14 18:42:00+00:00, run_after=2026-03-14 18:43:00+00:00
[2026-03-14T18:43:23.243+0000] {logging_mixin.py:188} INFO - [2026-03-14T18:43:23.243+0000] {dag.py:3947} INFO - Setting next_dagrun for transfer_from_minio_to_snowflake_transactions to 2026-03-14 18:42:00+00:00, run_after=2026-03-14 18:43:00+00:00
[2026-03-14T18:43:23.250+0000] {processor.py:183} INFO - Processing /opt/airflow/dags/transfer.py took 0.105 seconds
[2026-03-14T18:43:53.624+0000] {processor.py:161} INFO - Started process (PID=3179) to work on /opt/airflow/dags/transfer.py
[2026-03-14T18:43:53.626+0000] {processor.py:830} INFO - Processing file /opt/airflow/dags/transfer.py for tasks to queue
[2026-03-14T18:43:53.632+0000] {logging_mixin.py:188} INFO - [2026-03-14T18:43:53.632+0000] {dagbag.py:545} INFO - Filling up the DagBag from /opt/airflow/dags/transfer.py
[2026-03-14T18:43:53.661+0000] {processor.py:840} INFO - DAG(s) 'transfer_from_minio_to_snowflake_customers', 'transfer_from_minio_to_snowflake_accounts', 'transfer_from_minio_to_snowflake_transactions' retrieved from /opt/airflow/dags/transfer.py
[2026-03-14T18:43:53.686+0000] {logging_mixin.py:188} INFO - [2026-03-14T18:43:53.686+0000] {dag.py:3089} INFO - Sync 3 DAGs
[2026-03-14T18:43:53.700+0000] {logging_mixin.py:188} INFO - [2026-03-14T18:43:53.700+0000] {dag.py:3947} INFO - Setting next_dagrun for transfer_from_minio_to_snowflake_accounts to 2026-03-14 18:42:00+00:00, run_after=2026-03-14 18:43:00+00:00
[2026-03-14T18:43:53.703+0000] {logging_mixin.py:188} INFO - [2026-03-14T18:43:53.703+0000] {dag.py:3947} INFO - Setting next_dagrun for transfer_from_minio_to_snowflake_customers to 2026-03-14 18:42:00+00:00, run_after=2026-03-14 18:43:00+00:00
[2026-03-14T18:43:53.704+0000] {logging_mixin.py:188} INFO - [2026-03-14T18:43:53.704+0000] {dag.py:3947} INFO - Setting next_dagrun for transfer_from_minio_to_snowflake_transactions to 2026-03-14 18:42:00+00:00, run_after=2026-03-14 18:43:00+00:00
[2026-03-14T18:43:53.711+0000] {processor.py:183} INFO - Processing /opt/airflow/dags/transfer.py took 0.100 seconds
[2026-03-14T18:44:24.121+0000] {processor.py:161} INFO - Started process (PID=3181) to work on /opt/airflow/dags/transfer.py
[2026-03-14T18:44:24.124+0000] {processor.py:830} INFO - Processing file /opt/airflow/dags/transfer.py for tasks to queue
[2026-03-14T18:44:24.126+0000] {logging_mixin.py:188} INFO - [2026-03-14T18:44:24.126+0000] {dagbag.py:545} INFO - Filling up the DagBag from /opt/airflow/dags/transfer.py
[2026-03-14T18:44:24.160+0000] {processor.py:840} INFO - DAG(s) 'transfer_from_minio_to_snowflake_transactions', 'transfer_from_minio_to_snowflake_customers', 'transfer_from_minio_to_snowflake_accounts' retrieved from /opt/airflow/dags/transfer.py
[2026-03-14T18:44:24.188+0000] {logging_mixin.py:188} INFO - [2026-03-14T18:44:24.188+0000] {dag.py:3089} INFO - Sync 3 DAGs
[2026-03-14T18:44:24.203+0000] {logging_mixin.py:188} INFO - [2026-03-14T18:44:24.203+0000] {dag.py:3947} INFO - Setting next_dagrun for transfer_from_minio_to_snowflake_accounts to 2026-03-14 18:43:00+00:00, run_after=2026-03-14 18:44:00+00:00
[2026-03-14T18:44:24.209+0000] {logging_mixin.py:188} INFO - [2026-03-14T18:44:24.209+0000] {dag.py:3947} INFO - Setting next_dagrun for transfer_from_minio_to_snowflake_customers to 2026-03-14 18:43:00+00:00, run_after=2026-03-14 18:44:00+00:00
[2026-03-14T18:44:24.211+0000] {logging_mixin.py:188} INFO - [2026-03-14T18:44:24.211+0000] {dag.py:3947} INFO - Setting next_dagrun for transfer_from_minio_to_snowflake_transactions to 2026-03-14 18:43:00+00:00, run_after=2026-03-14 18:44:00+00:00
[2026-03-14T18:44:24.223+0000] {processor.py:183} INFO - Processing /opt/airflow/dags/transfer.py took 0.111 seconds
[2026-03-14T18:44:54.525+0000] {processor.py:161} INFO - Started process (PID=3183) to work on /opt/airflow/dags/transfer.py
[2026-03-14T18:44:54.526+0000] {processor.py:830} INFO - Processing file /opt/airflow/dags/transfer.py for tasks to queue
[2026-03-14T18:44:54.534+0000] {logging_mixin.py:188} INFO - [2026-03-14T18:44:54.534+0000] {dagbag.py:545} INFO - Filling up the DagBag from /opt/airflow/dags/transfer.py
[2026-03-14T18:44:54.570+0000] {processor.py:840} INFO - DAG(s) 'transfer_from_minio_to_snowflake_accounts', 'transfer_from_minio_to_snowflake_transactions', 'transfer_from_minio_to_snowflake_customers' retrieved from /opt/airflow/dags/transfer.py
[2026-03-14T18:44:54.601+0000] {logging_mixin.py:188} INFO - [2026-03-14T18:44:54.601+0000] {dag.py:3089} INFO - Sync 3 DAGs
[2026-03-14T18:44:54.616+0000] {logging_mixin.py:188} INFO - [2026-03-14T18:44:54.615+0000] {dag.py:3947} INFO - Setting next_dagrun for transfer_from_minio_to_snowflake_accounts to 2026-03-14 18:43:00+00:00, run_after=2026-03-14 18:44:00+00:00
[2026-03-14T18:44:54.618+0000] {logging_mixin.py:188} INFO - [2026-03-14T18:44:54.618+0000] {dag.py:3947} INFO - Setting next_dagrun for transfer_from_minio_to_snowflake_customers to 2026-03-14 18:43:00+00:00, run_after=2026-03-14 18:44:00+00:00
[2026-03-14T18:44:54.620+0000] {logging_mixin.py:188} INFO - [2026-03-14T18:44:54.620+0000] {dag.py:3947} INFO - Setting next_dagrun for transfer_from_minio_to_snowflake_transactions to 2026-03-14 18:43:00+00:00, run_after=2026-03-14 18:44:00+00:00
[2026-03-14T18:44:54.628+0000] {processor.py:183} INFO - Processing /opt/airflow/dags/transfer.py took 0.112 seconds
[2026-03-14T18:45:25.024+0000] {processor.py:161} INFO - Started process (PID=3185) to work on /opt/airflow/dags/transfer.py
[2026-03-14T18:45:25.027+0000] {processor.py:830} INFO - Processing file /opt/airflow/dags/transfer.py for tasks to queue
[2026-03-14T18:45:25.031+0000] {logging_mixin.py:188} INFO - [2026-03-14T18:45:25.031+0000] {dagbag.py:545} INFO - Filling up the DagBag from /opt/airflow/dags/transfer.py
[2026-03-14T18:45:25.065+0000] {processor.py:840} INFO - DAG(s) 'transfer_from_minio_to_snowflake_accounts', 'transfer_from_minio_to_snowflake_transactions', 'transfer_from_minio_to_snowflake_customers' retrieved from /opt/airflow/dags/transfer.py
[2026-03-14T18:45:25.103+0000] {logging_mixin.py:188} INFO - [2026-03-14T18:45:25.103+0000] {dag.py:3089} INFO - Sync 3 DAGs
[2026-03-14T18:45:25.122+0000] {logging_mixin.py:188} INFO - [2026-03-14T18:45:25.122+0000] {dag.py:3947} INFO - Setting next_dagrun for transfer_from_minio_to_snowflake_accounts to 2026-03-14 18:44:00+00:00, run_after=2026-03-14 18:45:00+00:00
[2026-03-14T18:45:25.125+0000] {logging_mixin.py:188} INFO - [2026-03-14T18:45:25.125+0000] {dag.py:3947} INFO - Setting next_dagrun for transfer_from_minio_to_snowflake_customers to 2026-03-14 18:44:00+00:00, run_after=2026-03-14 18:45:00+00:00
[2026-03-14T18:45:25.127+0000] {logging_mixin.py:188} INFO - [2026-03-14T18:45:25.126+0000] {dag.py:3947} INFO - Setting next_dagrun for transfer_from_minio_to_snowflake_transactions to 2026-03-14 18:44:00+00:00, run_after=2026-03-14 18:45:00+00:00
[2026-03-14T18:45:25.135+0000] {processor.py:183} INFO - Processing /opt/airflow/dags/transfer.py took 0.124 seconds
[2026-03-14T18:45:55.493+0000] {processor.py:161} INFO - Started process (PID=3187) to work on /opt/airflow/dags/transfer.py
[2026-03-14T18:45:55.495+0000] {processor.py:830} INFO - Processing file /opt/airflow/dags/transfer.py for tasks to queue
[2026-03-14T18:45:55.505+0000] {logging_mixin.py:188} INFO - [2026-03-14T18:45:55.504+0000] {dagbag.py:545} INFO - Filling up the DagBag from /opt/airflow/dags/transfer.py
[2026-03-14T18:45:55.540+0000] {processor.py:840} INFO - DAG(s) 'transfer_from_minio_to_snowflake_transactions', 'transfer_from_minio_to_snowflake_accounts', 'transfer_from_minio_to_snowflake_customers' retrieved from /opt/airflow/dags/transfer.py
[2026-03-14T18:45:55.569+0000] {logging_mixin.py:188} INFO - [2026-03-14T18:45:55.569+0000] {dag.py:3089} INFO - Sync 3 DAGs
[2026-03-14T18:45:55.585+0000] {logging_mixin.py:188} INFO - [2026-03-14T18:45:55.585+0000] {dag.py:3947} INFO - Setting next_dagrun for transfer_from_minio_to_snowflake_accounts to 2026-03-14 18:44:00+00:00, run_after=2026-03-14 18:45:00+00:00
[2026-03-14T18:45:55.588+0000] {logging_mixin.py:188} INFO - [2026-03-14T18:45:55.587+0000] {dag.py:3947} INFO - Setting next_dagrun for transfer_from_minio_to_snowflake_customers to 2026-03-14 18:44:00+00:00, run_after=2026-03-14 18:45:00+00:00
[2026-03-14T18:45:55.589+0000] {logging_mixin.py:188} INFO - [2026-03-14T18:45:55.589+0000] {dag.py:3947} INFO - Setting next_dagrun for transfer_from_minio_to_snowflake_transactions to 2026-03-14 18:44:00+00:00, run_after=2026-03-14 18:45:00+00:00
[2026-03-14T18:45:55.596+0000] {processor.py:183} INFO - Processing /opt/airflow/dags/transfer.py took 0.113 seconds
[2026-03-14T18:46:25.959+0000] {processor.py:161} INFO - Started process (PID=3189) to work on /opt/airflow/dags/transfer.py
[2026-03-14T18:46:25.961+0000] {processor.py:830} INFO - Processing file /opt/airflow/dags/transfer.py for tasks to queue
[2026-03-14T18:46:25.963+0000] {logging_mixin.py:188} INFO - [2026-03-14T18:46:25.963+0000] {dagbag.py:545} INFO - Filling up the DagBag from /opt/airflow/dags/transfer.py
[2026-03-14T18:46:26.020+0000] {processor.py:840} INFO - DAG(s) 'transfer_from_minio_to_snowflake_accounts', 'transfer_from_minio_to_snowflake_customers', 'transfer_from_minio_to_snowflake_transactions' retrieved from /opt/airflow/dags/transfer.py
[2026-03-14T18:46:26.056+0000] {logging_mixin.py:188} INFO - [2026-03-14T18:46:26.056+0000] {dag.py:3089} INFO - Sync 3 DAGs
[2026-03-14T18:46:26.074+0000] {logging_mixin.py:188} INFO - [2026-03-14T18:46:26.074+0000] {dag.py:3947} INFO - Setting next_dagrun for transfer_from_minio_to_snowflake_accounts to 2026-03-14 18:45:00+00:00, run_after=2026-03-14 18:46:00+00:00
[2026-03-14T18:46:26.077+0000] {logging_mixin.py:188} INFO - [2026-03-14T18:46:26.077+0000] {dag.py:3947} INFO - Setting next_dagrun for transfer_from_minio_to_snowflake_customers to 2026-03-14 18:45:00+00:00, run_after=2026-03-14 18:46:00+00:00
[2026-03-14T18:46:26.079+0000] {logging_mixin.py:188} INFO - [2026-03-14T18:46:26.079+0000] {dag.py:3947} INFO - Setting next_dagrun for transfer_from_minio_to_snowflake_transactions to 2026-03-14 18:45:00+00:00, run_after=2026-03-14 18:46:00+00:00
[2026-03-14T18:46:26.086+0000] {processor.py:183} INFO - Processing /opt/airflow/dags/transfer.py took 0.143 seconds
[2026-03-14T18:46:56.450+0000] {processor.py:161} INFO - Started process (PID=3191) to work on /opt/airflow/dags/transfer.py
[2026-03-14T18:46:56.452+0000] {processor.py:830} INFO - Processing file /opt/airflow/dags/transfer.py for tasks to queue
[2026-03-14T18:46:56.456+0000] {logging_mixin.py:188} INFO - [2026-03-14T18:46:56.455+0000] {dagbag.py:545} INFO - Filling up the DagBag from /opt/airflow/dags/transfer.py
[2026-03-14T18:46:56.488+0000] {processor.py:840} INFO - DAG(s) 'transfer_from_minio_to_snowflake_accounts', 'transfer_from_minio_to_snowflake_transactions', 'transfer_from_minio_to_snowflake_customers' retrieved from /opt/airflow/dags/transfer.py
[2026-03-14T18:46:56.532+0000] {logging_mixin.py:188} INFO - [2026-03-14T18:46:56.532+0000] {dag.py:3089} INFO - Sync 3 DAGs
[2026-03-14T18:46:56.553+0000] {logging_mixin.py:188} INFO - [2026-03-14T18:46:56.553+0000] {dag.py:3947} INFO - Setting next_dagrun for transfer_from_minio_to_snowflake_accounts to 2026-03-14 18:45:00+00:00, run_after=2026-03-14 18:46:00+00:00
[2026-03-14T18:46:56.557+0000] {logging_mixin.py:188} INFO - [2026-03-14T18:46:56.557+0000] {dag.py:3947} INFO - Setting next_dagrun for transfer_from_minio_to_snowflake_customers to 2026-03-14 18:45:00+00:00, run_after=2026-03-14 18:46:00+00:00
[2026-03-14T18:46:56.558+0000] {logging_mixin.py:188} INFO - [2026-03-14T18:46:56.558+0000] {dag.py:3947} INFO - Setting next_dagrun for transfer_from_minio_to_snowflake_transactions to 2026-03-14 18:45:00+00:00, run_after=2026-03-14 18:46:00+00:00
[2026-03-14T18:46:56.569+0000] {processor.py:183} INFO - Processing /opt/airflow/dags/transfer.py took 0.133 seconds
[2026-03-14T18:47:26.926+0000] {processor.py:161} INFO - Started process (PID=3193) to work on /opt/airflow/dags/transfer.py
[2026-03-14T18:47:26.928+0000] {processor.py:830} INFO - Processing file /opt/airflow/dags/transfer.py for tasks to queue
[2026-03-14T18:47:26.934+0000] {logging_mixin.py:188} INFO - [2026-03-14T18:47:26.934+0000] {dagbag.py:545} INFO - Filling up the DagBag from /opt/airflow/dags/transfer.py
[2026-03-14T18:47:26.971+0000] {processor.py:840} INFO - DAG(s) 'transfer_from_minio_to_snowflake_accounts', 'transfer_from_minio_to_snowflake_transactions', 'transfer_from_minio_to_snowflake_customers' retrieved from /opt/airflow/dags/transfer.py
[2026-03-14T18:47:27.001+0000] {logging_mixin.py:188} INFO - [2026-03-14T18:47:27.001+0000] {dag.py:3089} INFO - Sync 3 DAGs
[2026-03-14T18:47:27.020+0000] {logging_mixin.py:188} INFO - [2026-03-14T18:47:27.019+0000] {dag.py:3947} INFO - Setting next_dagrun for transfer_from_minio_to_snowflake_accounts to 2026-03-14 18:46:00+00:00, run_after=2026-03-14 18:47:00+00:00
[2026-03-14T18:47:27.024+0000] {logging_mixin.py:188} INFO - [2026-03-14T18:47:27.024+0000] {dag.py:3947} INFO - Setting next_dagrun for transfer_from_minio_to_snowflake_customers to 2026-03-14 18:46:00+00:00, run_after=2026-03-14 18:47:00+00:00
[2026-03-14T18:47:27.025+0000] {logging_mixin.py:188} INFO - [2026-03-14T18:47:27.025+0000] {dag.py:3947} INFO - Setting next_dagrun for transfer_from_minio_to_snowflake_transactions to 2026-03-14 18:46:00+00:00, run_after=2026-03-14 18:47:00+00:00
[2026-03-14T18:47:27.037+0000] {processor.py:183} INFO - Processing /opt/airflow/dags/transfer.py took 0.126 seconds
[2026-03-14T18:47:57.429+0000] {processor.py:161} INFO - Started process (PID=3195) to work on /opt/airflow/dags/transfer.py
[2026-03-14T18:47:57.432+0000] {processor.py:830} INFO - Processing file /opt/airflow/dags/transfer.py for tasks to queue
[2026-03-14T18:47:57.435+0000] {logging_mixin.py:188} INFO - [2026-03-14T18:47:57.435+0000] {dagbag.py:545} INFO - Filling up the DagBag from /opt/airflow/dags/transfer.py
[2026-03-14T18:47:57.473+0000] {processor.py:840} INFO - DAG(s) 'transfer_from_minio_to_snowflake_accounts', 'transfer_from_minio_to_snowflake_transactions', 'transfer_from_minio_to_snowflake_customers' retrieved from /opt/airflow/dags/transfer.py
[2026-03-14T18:47:57.509+0000] {logging_mixin.py:188} INFO - [2026-03-14T18:47:57.509+0000] {dag.py:3089} INFO - Sync 3 DAGs
[2026-03-14T18:47:57.527+0000] {logging_mixin.py:188} INFO - [2026-03-14T18:47:57.526+0000] {dag.py:3947} INFO - Setting next_dagrun for transfer_from_minio_to_snowflake_accounts to 2026-03-14 18:46:00+00:00, run_after=2026-03-14 18:47:00+00:00
[2026-03-14T18:47:57.530+0000] {logging_mixin.py:188} INFO - [2026-03-14T18:47:57.530+0000] {dag.py:3947} INFO - Setting next_dagrun for transfer_from_minio_to_snowflake_customers to 2026-03-14 18:46:00+00:00, run_after=2026-03-14 18:47:00+00:00
[2026-03-14T18:47:57.532+0000] {logging_mixin.py:188} INFO - [2026-03-14T18:47:57.532+0000] {dag.py:3947} INFO - Setting next_dagrun for transfer_from_minio_to_snowflake_transactions to 2026-03-14 18:46:00+00:00, run_after=2026-03-14 18:47:00+00:00
[2026-03-14T18:47:57.540+0000] {processor.py:183} INFO - Processing /opt/airflow/dags/transfer.py took 0.121 seconds
[2026-03-14T18:48:27.933+0000] {processor.py:161} INFO - Started process (PID=3197) to work on /opt/airflow/dags/transfer.py
[2026-03-14T18:48:27.935+0000] {processor.py:830} INFO - Processing file /opt/airflow/dags/transfer.py for tasks to queue
[2026-03-14T18:48:27.937+0000] {logging_mixin.py:188} INFO - [2026-03-14T18:48:27.937+0000] {dagbag.py:545} INFO - Filling up the DagBag from /opt/airflow/dags/transfer.py
[2026-03-14T18:48:27.972+0000] {processor.py:840} INFO - DAG(s) 'transfer_from_minio_to_snowflake_customers', 'transfer_from_minio_to_snowflake_transactions', 'transfer_from_minio_to_snowflake_accounts' retrieved from /opt/airflow/dags/transfer.py
[2026-03-14T18:48:27.999+0000] {logging_mixin.py:188} INFO - [2026-03-14T18:48:27.999+0000] {dag.py:3089} INFO - Sync 3 DAGs
[2026-03-14T18:48:28.013+0000] {logging_mixin.py:188} INFO - [2026-03-14T18:48:28.013+0000] {dag.py:3947} INFO - Setting next_dagrun for transfer_from_minio_to_snowflake_accounts to 2026-03-14 18:47:00+00:00, run_after=2026-03-14 18:48:00+00:00
[2026-03-14T18:48:28.016+0000] {logging_mixin.py:188} INFO - [2026-03-14T18:48:28.016+0000] {dag.py:3947} INFO - Setting next_dagrun for transfer_from_minio_to_snowflake_customers to 2026-03-14 18:47:00+00:00, run_after=2026-03-14 18:48:00+00:00
[2026-03-14T18:48:28.018+0000] {logging_mixin.py:188} INFO - [2026-03-14T18:48:28.017+0000] {dag.py:3947} INFO - Setting next_dagrun for transfer_from_minio_to_snowflake_transactions to 2026-03-14 18:47:00+00:00, run_after=2026-03-14 18:48:00+00:00
[2026-03-14T18:48:28.025+0000] {processor.py:183} INFO - Processing /opt/airflow/dags/transfer.py took 0.101 seconds
[2026-03-14T18:48:58.444+0000] {processor.py:161} INFO - Started process (PID=3199) to work on /opt/airflow/dags/transfer.py
[2026-03-14T18:48:58.447+0000] {processor.py:830} INFO - Processing file /opt/airflow/dags/transfer.py for tasks to queue
[2026-03-14T18:48:58.453+0000] {logging_mixin.py:188} INFO - [2026-03-14T18:48:58.452+0000] {dagbag.py:545} INFO - Filling up the DagBag from /opt/airflow/dags/transfer.py
[2026-03-14T18:48:58.488+0000] {processor.py:840} INFO - DAG(s) 'transfer_from_minio_to_snowflake_transactions', 'transfer_from_minio_to_snowflake_customers', 'transfer_from_minio_to_snowflake_accounts' retrieved from /opt/airflow/dags/transfer.py
[2026-03-14T18:48:58.529+0000] {logging_mixin.py:188} INFO - [2026-03-14T18:48:58.529+0000] {dag.py:3089} INFO - Sync 3 DAGs
[2026-03-14T18:48:58.544+0000] {logging_mixin.py:188} INFO - [2026-03-14T18:48:58.544+0000] {dag.py:3947} INFO - Setting next_dagrun for transfer_from_minio_to_snowflake_accounts to 2026-03-14 18:47:00+00:00, run_after=2026-03-14 18:48:00+00:00
[2026-03-14T18:48:58.547+0000] {logging_mixin.py:188} INFO - [2026-03-14T18:48:58.547+0000] {dag.py:3947} INFO - Setting next_dagrun for transfer_from_minio_to_snowflake_customers to 2026-03-14 18:47:00+00:00, run_after=2026-03-14 18:48:00+00:00
[2026-03-14T18:48:58.548+0000] {logging_mixin.py:188} INFO - [2026-03-14T18:48:58.548+0000] {dag.py:3947} INFO - Setting next_dagrun for transfer_from_minio_to_snowflake_transactions to 2026-03-14 18:47:00+00:00, run_after=2026-03-14 18:48:00+00:00
[2026-03-14T18:48:58.556+0000] {processor.py:183} INFO - Processing /opt/airflow/dags/transfer.py took 0.127 seconds
[2026-03-14T18:49:28.995+0000] {processor.py:161} INFO - Started process (PID=3201) to work on /opt/airflow/dags/transfer.py
[2026-03-14T18:49:28.997+0000] {processor.py:830} INFO - Processing file /opt/airflow/dags/transfer.py for tasks to queue
[2026-03-14T18:49:28.999+0000] {logging_mixin.py:188} INFO - [2026-03-14T18:49:28.999+0000] {dagbag.py:545} INFO - Filling up the DagBag from /opt/airflow/dags/transfer.py
[2026-03-14T18:49:29.028+0000] {processor.py:840} INFO - DAG(s) 'transfer_from_minio_to_snowflake_accounts', 'transfer_from_minio_to_snowflake_transactions', 'transfer_from_minio_to_snowflake_customers' retrieved from /opt/airflow/dags/transfer.py
[2026-03-14T18:49:29.058+0000] {logging_mixin.py:188} INFO - [2026-03-14T18:49:29.057+0000] {dag.py:3089} INFO - Sync 3 DAGs
[2026-03-14T18:49:29.076+0000] {logging_mixin.py:188} INFO - [2026-03-14T18:49:29.076+0000] {dag.py:3947} INFO - Setting next_dagrun for transfer_from_minio_to_snowflake_accounts to 2026-03-14 18:48:00+00:00, run_after=2026-03-14 18:49:00+00:00
[2026-03-14T18:49:29.079+0000] {logging_mixin.py:188} INFO - [2026-03-14T18:49:29.079+0000] {dag.py:3947} INFO - Setting next_dagrun for transfer_from_minio_to_snowflake_customers to 2026-03-14 18:48:00+00:00, run_after=2026-03-14 18:49:00+00:00
[2026-03-14T18:49:29.081+0000] {logging_mixin.py:188} INFO - [2026-03-14T18:49:29.081+0000] {dag.py:3947} INFO - Setting next_dagrun for transfer_from_minio_to_snowflake_transactions to 2026-03-14 18:48:00+00:00, run_after=2026-03-14 18:49:00+00:00
[2026-03-14T18:49:29.088+0000] {processor.py:183} INFO - Processing /opt/airflow/dags/transfer.py took 0.109 seconds
[2026-03-14T18:49:59.422+0000] {processor.py:161} INFO - Started process (PID=3203) to work on /opt/airflow/dags/transfer.py
[2026-03-14T18:49:59.424+0000] {processor.py:830} INFO - Processing file /opt/airflow/dags/transfer.py for tasks to queue
[2026-03-14T18:49:59.428+0000] {logging_mixin.py:188} INFO - [2026-03-14T18:49:59.428+0000] {dagbag.py:545} INFO - Filling up the DagBag from /opt/airflow/dags/transfer.py
[2026-03-14T18:49:59.459+0000] {processor.py:840} INFO - DAG(s) 'transfer_from_minio_to_snowflake_transactions', 'transfer_from_minio_to_snowflake_accounts', 'transfer_from_minio_to_snowflake_customers' retrieved from /opt/airflow/dags/transfer.py
[2026-03-14T18:49:59.499+0000] {logging_mixin.py:188} INFO - [2026-03-14T18:49:59.499+0000] {dag.py:3089} INFO - Sync 3 DAGs
[2026-03-14T18:49:59.515+0000] {logging_mixin.py:188} INFO - [2026-03-14T18:49:59.515+0000] {dag.py:3947} INFO - Setting next_dagrun for transfer_from_minio_to_snowflake_accounts to 2026-03-14 18:48:00+00:00, run_after=2026-03-14 18:49:00+00:00
[2026-03-14T18:49:59.518+0000] {logging_mixin.py:188} INFO - [2026-03-14T18:49:59.518+0000] {dag.py:3947} INFO - Setting next_dagrun for transfer_from_minio_to_snowflake_customers to 2026-03-14 18:48:00+00:00, run_after=2026-03-14 18:49:00+00:00
[2026-03-14T18:49:59.520+0000] {logging_mixin.py:188} INFO - [2026-03-14T18:49:59.520+0000] {dag.py:3947} INFO - Setting next_dagrun for transfer_from_minio_to_snowflake_transactions to 2026-03-14 18:48:00+00:00, run_after=2026-03-14 18:49:00+00:00
[2026-03-14T18:49:59.531+0000] {processor.py:183} INFO - Processing /opt/airflow/dags/transfer.py took 0.119 seconds
[2026-03-14T18:50:29.932+0000] {processor.py:161} INFO - Started process (PID=3205) to work on /opt/airflow/dags/transfer.py
[2026-03-14T18:50:29.934+0000] {processor.py:830} INFO - Processing file /opt/airflow/dags/transfer.py for tasks to queue
[2026-03-14T18:50:29.947+0000] {logging_mixin.py:188} INFO - [2026-03-14T18:50:29.941+0000] {dagbag.py:545} INFO - Filling up the DagBag from /opt/airflow/dags/transfer.py
[2026-03-14T18:50:30.001+0000] {processor.py:840} INFO - DAG(s) 'transfer_from_minio_to_snowflake_transactions', 'transfer_from_minio_to_snowflake_customers', 'transfer_from_minio_to_snowflake_accounts' retrieved from /opt/airflow/dags/transfer.py
[2026-03-14T18:50:30.037+0000] {logging_mixin.py:188} INFO - [2026-03-14T18:50:30.037+0000] {dag.py:3089} INFO - Sync 3 DAGs
[2026-03-14T18:50:30.053+0000] {logging_mixin.py:188} INFO - [2026-03-14T18:50:30.053+0000] {dag.py:3947} INFO - Setting next_dagrun for transfer_from_minio_to_snowflake_accounts to 2026-03-14 18:49:00+00:00, run_after=2026-03-14 18:50:00+00:00
[2026-03-14T18:50:30.057+0000] {logging_mixin.py:188} INFO - [2026-03-14T18:50:30.056+0000] {dag.py:3947} INFO - Setting next_dagrun for transfer_from_minio_to_snowflake_customers to 2026-03-14 18:49:00+00:00, run_after=2026-03-14 18:50:00+00:00
[2026-03-14T18:50:30.058+0000] {logging_mixin.py:188} INFO - [2026-03-14T18:50:30.058+0000] {dag.py:3947} INFO - Setting next_dagrun for transfer_from_minio_to_snowflake_transactions to 2026-03-14 18:49:00+00:00, run_after=2026-03-14 18:50:00+00:00
[2026-03-14T18:50:30.067+0000] {processor.py:183} INFO - Processing /opt/airflow/dags/transfer.py took 0.145 seconds
[2026-03-14T18:51:00.447+0000] {processor.py:161} INFO - Started process (PID=3207) to work on /opt/airflow/dags/transfer.py
[2026-03-14T18:51:00.450+0000] {processor.py:830} INFO - Processing file /opt/airflow/dags/transfer.py for tasks to queue
[2026-03-14T18:51:00.455+0000] {logging_mixin.py:188} INFO - [2026-03-14T18:51:00.455+0000] {dagbag.py:545} INFO - Filling up the DagBag from /opt/airflow/dags/transfer.py
[2026-03-14T18:51:00.487+0000] {processor.py:840} INFO - DAG(s) 'transfer_from_minio_to_snowflake_customers', 'transfer_from_minio_to_snowflake_accounts', 'transfer_from_minio_to_snowflake_transactions' retrieved from /opt/airflow/dags/transfer.py
[2026-03-14T18:51:00.524+0000] {logging_mixin.py:188} INFO - [2026-03-14T18:51:00.524+0000] {dag.py:3089} INFO - Sync 3 DAGs
[2026-03-14T18:51:00.543+0000] {logging_mixin.py:188} INFO - [2026-03-14T18:51:00.543+0000] {dag.py:3947} INFO - Setting next_dagrun for transfer_from_minio_to_snowflake_accounts to 2026-03-14 18:50:00+00:00, run_after=2026-03-14 18:51:00+00:00
[2026-03-14T18:51:00.546+0000] {logging_mixin.py:188} INFO - [2026-03-14T18:51:00.546+0000] {dag.py:3947} INFO - Setting next_dagrun for transfer_from_minio_to_snowflake_customers to 2026-03-14 18:50:00+00:00, run_after=2026-03-14 18:51:00+00:00
[2026-03-14T18:51:00.547+0000] {logging_mixin.py:188} INFO - [2026-03-14T18:51:00.547+0000] {dag.py:3947} INFO - Setting next_dagrun for transfer_from_minio_to_snowflake_transactions to 2026-03-14 18:50:00+00:00, run_after=2026-03-14 18:51:00+00:00
[2026-03-14T18:51:00.556+0000] {processor.py:183} INFO - Processing /opt/airflow/dags/transfer.py took 0.118 seconds
[2026-03-14T18:51:30.953+0000] {processor.py:161} INFO - Started process (PID=3209) to work on /opt/airflow/dags/transfer.py
[2026-03-14T18:51:30.958+0000] {processor.py:830} INFO - Processing file /opt/airflow/dags/transfer.py for tasks to queue
[2026-03-14T18:51:30.967+0000] {logging_mixin.py:188} INFO - [2026-03-14T18:51:30.966+0000] {dagbag.py:545} INFO - Filling up the DagBag from /opt/airflow/dags/transfer.py
[2026-03-14T18:51:31.006+0000] {processor.py:840} INFO - DAG(s) 'transfer_from_minio_to_snowflake_accounts', 'transfer_from_minio_to_snowflake_transactions', 'transfer_from_minio_to_snowflake_customers' retrieved from /opt/airflow/dags/transfer.py
[2026-03-14T18:51:31.045+0000] {logging_mixin.py:188} INFO - [2026-03-14T18:51:31.045+0000] {dag.py:3089} INFO - Sync 3 DAGs
[2026-03-14T18:51:31.060+0000] {logging_mixin.py:188} INFO - [2026-03-14T18:51:31.059+0000] {dag.py:3947} INFO - Setting next_dagrun for transfer_from_minio_to_snowflake_accounts to 2026-03-14 18:50:00+00:00, run_after=2026-03-14 18:51:00+00:00
[2026-03-14T18:51:31.062+0000] {logging_mixin.py:188} INFO - [2026-03-14T18:51:31.062+0000] {dag.py:3947} INFO - Setting next_dagrun for transfer_from_minio_to_snowflake_customers to 2026-03-14 18:50:00+00:00, run_after=2026-03-14 18:51:00+00:00
[2026-03-14T18:51:31.064+0000] {logging_mixin.py:188} INFO - [2026-03-14T18:51:31.064+0000] {dag.py:3947} INFO - Setting next_dagrun for transfer_from_minio_to_snowflake_transactions to 2026-03-14 18:50:00+00:00, run_after=2026-03-14 18:51:00+00:00
[2026-03-14T18:51:31.073+0000] {processor.py:183} INFO - Processing /opt/airflow/dags/transfer.py took 0.128 seconds
[2026-03-14T18:52:01.436+0000] {processor.py:161} INFO - Started process (PID=3211) to work on /opt/airflow/dags/transfer.py
[2026-03-14T18:52:01.438+0000] {processor.py:830} INFO - Processing file /opt/airflow/dags/transfer.py for tasks to queue
[2026-03-14T18:52:01.441+0000] {logging_mixin.py:188} INFO - [2026-03-14T18:52:01.440+0000] {dagbag.py:545} INFO - Filling up the DagBag from /opt/airflow/dags/transfer.py
[2026-03-14T18:52:01.489+0000] {processor.py:840} INFO - DAG(s) 'transfer_from_minio_to_snowflake_customers', 'transfer_from_minio_to_snowflake_accounts', 'transfer_from_minio_to_snowflake_transactions' retrieved from /opt/airflow/dags/transfer.py
[2026-03-14T18:52:01.516+0000] {logging_mixin.py:188} INFO - [2026-03-14T18:52:01.516+0000] {dag.py:3089} INFO - Sync 3 DAGs
[2026-03-14T18:52:01.529+0000] {logging_mixin.py:188} INFO - [2026-03-14T18:52:01.529+0000] {dag.py:3947} INFO - Setting next_dagrun for transfer_from_minio_to_snowflake_accounts to 2026-03-14 18:51:00+00:00, run_after=2026-03-14 18:52:00+00:00
[2026-03-14T18:52:01.532+0000] {logging_mixin.py:188} INFO - [2026-03-14T18:52:01.532+0000] {dag.py:3947} INFO - Setting next_dagrun for transfer_from_minio_to_snowflake_customers to 2026-03-14 18:51:00+00:00, run_after=2026-03-14 18:52:00+00:00
[2026-03-14T18:52:01.534+0000] {logging_mixin.py:188} INFO - [2026-03-14T18:52:01.534+0000] {dag.py:3947} INFO - Setting next_dagrun for transfer_from_minio_to_snowflake_transactions to 2026-03-14 18:51:00+00:00, run_after=2026-03-14 18:52:00+00:00
[2026-03-14T18:52:01.543+0000] {processor.py:183} INFO - Processing /opt/airflow/dags/transfer.py took 0.117 seconds
[2026-03-14T18:52:31.922+0000] {processor.py:161} INFO - Started process (PID=3213) to work on /opt/airflow/dags/transfer.py
[2026-03-14T18:52:31.924+0000] {processor.py:830} INFO - Processing file /opt/airflow/dags/transfer.py for tasks to queue
[2026-03-14T18:52:31.931+0000] {logging_mixin.py:188} INFO - [2026-03-14T18:52:31.930+0000] {dagbag.py:545} INFO - Filling up the DagBag from /opt/airflow/dags/transfer.py
[2026-03-14T18:52:31.958+0000] {processor.py:840} INFO - DAG(s) 'transfer_from_minio_to_snowflake_customers', 'transfer_from_minio_to_snowflake_accounts', 'transfer_from_minio_to_snowflake_transactions' retrieved from /opt/airflow/dags/transfer.py
[2026-03-14T18:52:31.993+0000] {logging_mixin.py:188} INFO - [2026-03-14T18:52:31.993+0000] {dag.py:3089} INFO - Sync 3 DAGs
[2026-03-14T18:52:32.011+0000] {logging_mixin.py:188} INFO - [2026-03-14T18:52:32.011+0000] {dag.py:3947} INFO - Setting next_dagrun for transfer_from_minio_to_snowflake_accounts to 2026-03-14 18:51:00+00:00, run_after=2026-03-14 18:52:00+00:00
[2026-03-14T18:52:32.014+0000] {logging_mixin.py:188} INFO - [2026-03-14T18:52:32.014+0000] {dag.py:3947} INFO - Setting next_dagrun for transfer_from_minio_to_snowflake_customers to 2026-03-14 18:51:00+00:00, run_after=2026-03-14 18:52:00+00:00
[2026-03-14T18:52:32.015+0000] {logging_mixin.py:188} INFO - [2026-03-14T18:52:32.015+0000] {dag.py:3947} INFO - Setting next_dagrun for transfer_from_minio_to_snowflake_transactions to 2026-03-14 18:51:00+00:00, run_after=2026-03-14 18:52:00+00:00
[2026-03-14T18:52:32.023+0000] {processor.py:183} INFO - Processing /opt/airflow/dags/transfer.py took 0.108 seconds
[2026-03-14T18:53:02.390+0000] {processor.py:161} INFO - Started process (PID=3215) to work on /opt/airflow/dags/transfer.py
[2026-03-14T18:53:02.395+0000] {processor.py:830} INFO - Processing file /opt/airflow/dags/transfer.py for tasks to queue
[2026-03-14T18:53:02.399+0000] {logging_mixin.py:188} INFO - [2026-03-14T18:53:02.398+0000] {dagbag.py:545} INFO - Filling up the DagBag from /opt/airflow/dags/transfer.py
[2026-03-14T18:53:02.439+0000] {processor.py:840} INFO - DAG(s) 'transfer_from_minio_to_snowflake_transactions', 'transfer_from_minio_to_snowflake_accounts', 'transfer_from_minio_to_snowflake_customers' retrieved from /opt/airflow/dags/transfer.py
[2026-03-14T18:53:02.474+0000] {logging_mixin.py:188} INFO - [2026-03-14T18:53:02.473+0000] {dag.py:3089} INFO - Sync 3 DAGs
[2026-03-14T18:53:02.489+0000] {logging_mixin.py:188} INFO - [2026-03-14T18:53:02.489+0000] {dag.py:3947} INFO - Setting next_dagrun for transfer_from_minio_to_snowflake_accounts to 2026-03-14 18:52:00+00:00, run_after=2026-03-14 18:53:00+00:00
[2026-03-14T18:53:02.492+0000] {logging_mixin.py:188} INFO - [2026-03-14T18:53:02.492+0000] {dag.py:3947} INFO - Setting next_dagrun for transfer_from_minio_to_snowflake_customers to 2026-03-14 18:52:00+00:00, run_after=2026-03-14 18:53:00+00:00
[2026-03-14T18:53:02.494+0000] {logging_mixin.py:188} INFO - [2026-03-14T18:53:02.493+0000] {dag.py:3947} INFO - Setting next_dagrun for transfer_from_minio_to_snowflake_transactions to 2026-03-14 18:52:00+00:00, run_after=2026-03-14 18:53:00+00:00
[2026-03-14T18:53:02.504+0000] {processor.py:183} INFO - Processing /opt/airflow/dags/transfer.py took 0.130 seconds
[2026-03-14T18:53:32.895+0000] {processor.py:161} INFO - Started process (PID=3217) to work on /opt/airflow/dags/transfer.py
[2026-03-14T18:53:32.898+0000] {processor.py:830} INFO - Processing file /opt/airflow/dags/transfer.py for tasks to queue
[2026-03-14T18:53:32.903+0000] {logging_mixin.py:188} INFO - [2026-03-14T18:53:32.903+0000] {dagbag.py:545} INFO - Filling up the DagBag from /opt/airflow/dags/transfer.py
[2026-03-14T18:53:32.943+0000] {processor.py:840} INFO - DAG(s) 'transfer_from_minio_to_snowflake_transactions', 'transfer_from_minio_to_snowflake_accounts', 'transfer_from_minio_to_snowflake_customers' retrieved from /opt/airflow/dags/transfer.py
[2026-03-14T18:53:32.983+0000] {logging_mixin.py:188} INFO - [2026-03-14T18:53:32.983+0000] {dag.py:3089} INFO - Sync 3 DAGs
[2026-03-14T18:53:33.001+0000] {logging_mixin.py:188} INFO - [2026-03-14T18:53:33.001+0000] {dag.py:3947} INFO - Setting next_dagrun for transfer_from_minio_to_snowflake_accounts to 2026-03-14 18:52:00+00:00, run_after=2026-03-14 18:53:00+00:00
[2026-03-14T18:53:33.004+0000] {logging_mixin.py:188} INFO - [2026-03-14T18:53:33.004+0000] {dag.py:3947} INFO - Setting next_dagrun for transfer_from_minio_to_snowflake_customers to 2026-03-14 18:52:00+00:00, run_after=2026-03-14 18:53:00+00:00
[2026-03-14T18:53:33.006+0000] {logging_mixin.py:188} INFO - [2026-03-14T18:53:33.006+0000] {dag.py:3947} INFO - Setting next_dagrun for transfer_from_minio_to_snowflake_transactions to 2026-03-14 18:52:00+00:00, run_after=2026-03-14 18:53:00+00:00
[2026-03-14T18:53:33.013+0000] {processor.py:183} INFO - Processing /opt/airflow/dags/transfer.py took 0.128 seconds
[2026-03-14T18:54:03.411+0000] {processor.py:161} INFO - Started process (PID=3219) to work on /opt/airflow/dags/transfer.py
[2026-03-14T18:54:03.413+0000] {processor.py:830} INFO - Processing file /opt/airflow/dags/transfer.py for tasks to queue
[2026-03-14T18:54:03.415+0000] {logging_mixin.py:188} INFO - [2026-03-14T18:54:03.414+0000] {dagbag.py:545} INFO - Filling up the DagBag from /opt/airflow/dags/transfer.py
[2026-03-14T18:54:03.453+0000] {processor.py:840} INFO - DAG(s) 'transfer_from_minio_to_snowflake_accounts', 'transfer_from_minio_to_snowflake_transactions', 'transfer_from_minio_to_snowflake_customers' retrieved from /opt/airflow/dags/transfer.py
[2026-03-14T18:54:03.481+0000] {logging_mixin.py:188} INFO - [2026-03-14T18:54:03.481+0000] {dag.py:3089} INFO - Sync 3 DAGs
[2026-03-14T18:54:03.498+0000] {logging_mixin.py:188} INFO - [2026-03-14T18:54:03.497+0000] {dag.py:3947} INFO - Setting next_dagrun for transfer_from_minio_to_snowflake_accounts to 2026-03-14 18:53:00+00:00, run_after=2026-03-14 18:54:00+00:00
[2026-03-14T18:54:03.500+0000] {logging_mixin.py:188} INFO - [2026-03-14T18:54:03.500+0000] {dag.py:3947} INFO - Setting next_dagrun for transfer_from_minio_to_snowflake_customers to 2026-03-14 18:53:00+00:00, run_after=2026-03-14 18:54:00+00:00
[2026-03-14T18:54:03.502+0000] {logging_mixin.py:188} INFO - [2026-03-14T18:54:03.502+0000] {dag.py:3947} INFO - Setting next_dagrun for transfer_from_minio_to_snowflake_transactions to 2026-03-14 18:53:00+00:00, run_after=2026-03-14 18:54:00+00:00
[2026-03-14T18:54:03.509+0000] {processor.py:183} INFO - Processing /opt/airflow/dags/transfer.py took 0.112 seconds
[2026-03-14T18:54:33.886+0000] {processor.py:161} INFO - Started process (PID=3221) to work on /opt/airflow/dags/transfer.py
[2026-03-14T18:54:33.889+0000] {processor.py:830} INFO - Processing file /opt/airflow/dags/transfer.py for tasks to queue
[2026-03-14T18:54:33.896+0000] {logging_mixin.py:188} INFO - [2026-03-14T18:54:33.896+0000] {dagbag.py:545} INFO - Filling up the DagBag from /opt/airflow/dags/transfer.py
[2026-03-14T18:54:33.947+0000] {processor.py:840} INFO - DAG(s) 'transfer_from_minio_to_snowflake_accounts', 'transfer_from_minio_to_snowflake_customers', 'transfer_from_minio_to_snowflake_transactions' retrieved from /opt/airflow/dags/transfer.py
[2026-03-14T18:54:33.981+0000] {logging_mixin.py:188} INFO - [2026-03-14T18:54:33.980+0000] {dag.py:3089} INFO - Sync 3 DAGs
[2026-03-14T18:54:33.996+0000] {logging_mixin.py:188} INFO - [2026-03-14T18:54:33.996+0000] {dag.py:3947} INFO - Setting next_dagrun for transfer_from_minio_to_snowflake_accounts to 2026-03-14 18:53:00+00:00, run_after=2026-03-14 18:54:00+00:00
[2026-03-14T18:54:33.999+0000] {logging_mixin.py:188} INFO - [2026-03-14T18:54:33.999+0000] {dag.py:3947} INFO - Setting next_dagrun for transfer_from_minio_to_snowflake_customers to 2026-03-14 18:53:00+00:00, run_after=2026-03-14 18:54:00+00:00
[2026-03-14T18:54:34.001+0000] {logging_mixin.py:188} INFO - [2026-03-14T18:54:34.001+0000] {dag.py:3947} INFO - Setting next_dagrun for transfer_from_minio_to_snowflake_transactions to 2026-03-14 18:53:00+00:00, run_after=2026-03-14 18:54:00+00:00
[2026-03-14T18:54:34.008+0000] {processor.py:183} INFO - Processing /opt/airflow/dags/transfer.py took 0.145 seconds
[2026-03-14T18:55:04.385+0000] {processor.py:161} INFO - Started process (PID=3223) to work on /opt/airflow/dags/transfer.py
[2026-03-14T18:55:04.388+0000] {processor.py:830} INFO - Processing file /opt/airflow/dags/transfer.py for tasks to queue
[2026-03-14T18:55:04.392+0000] {logging_mixin.py:188} INFO - [2026-03-14T18:55:04.391+0000] {dagbag.py:545} INFO - Filling up the DagBag from /opt/airflow/dags/transfer.py
[2026-03-14T18:55:04.429+0000] {processor.py:840} INFO - DAG(s) 'transfer_from_minio_to_snowflake_accounts', 'transfer_from_minio_to_snowflake_customers', 'transfer_from_minio_to_snowflake_transactions' retrieved from /opt/airflow/dags/transfer.py
[2026-03-14T18:55:04.462+0000] {logging_mixin.py:188} INFO - [2026-03-14T18:55:04.462+0000] {dag.py:3089} INFO - Sync 3 DAGs
[2026-03-14T18:55:04.476+0000] {logging_mixin.py:188} INFO - [2026-03-14T18:55:04.476+0000] {dag.py:3947} INFO - Setting next_dagrun for transfer_from_minio_to_snowflake_accounts to 2026-03-14 18:54:00+00:00, run_after=2026-03-14 18:55:00+00:00
[2026-03-14T18:55:04.479+0000] {logging_mixin.py:188} INFO - [2026-03-14T18:55:04.479+0000] {dag.py:3947} INFO - Setting next_dagrun for transfer_from_minio_to_snowflake_customers to 2026-03-14 18:54:00+00:00, run_after=2026-03-14 18:55:00+00:00
[2026-03-14T18:55:04.480+0000] {logging_mixin.py:188} INFO - [2026-03-14T18:55:04.480+0000] {dag.py:3947} INFO - Setting next_dagrun for transfer_from_minio_to_snowflake_transactions to 2026-03-14 18:54:00+00:00, run_after=2026-03-14 18:55:00+00:00
[2026-03-14T18:55:04.488+0000] {processor.py:183} INFO - Processing /opt/airflow/dags/transfer.py took 0.112 seconds
[2026-03-14T18:55:34.933+0000] {processor.py:161} INFO - Started process (PID=3225) to work on /opt/airflow/dags/transfer.py
[2026-03-14T18:55:34.935+0000] {processor.py:830} INFO - Processing file /opt/airflow/dags/transfer.py for tasks to queue
[2026-03-14T18:55:34.937+0000] {logging_mixin.py:188} INFO - [2026-03-14T18:55:34.937+0000] {dagbag.py:545} INFO - Filling up the DagBag from /opt/airflow/dags/transfer.py
[2026-03-14T18:55:34.978+0000] {processor.py:840} INFO - DAG(s) 'transfer_from_minio_to_snowflake_transactions', 'transfer_from_minio_to_snowflake_accounts', 'transfer_from_minio_to_snowflake_customers' retrieved from /opt/airflow/dags/transfer.py
[2026-03-14T18:55:35.012+0000] {logging_mixin.py:188} INFO - [2026-03-14T18:55:35.011+0000] {dag.py:3089} INFO - Sync 3 DAGs
[2026-03-14T18:55:35.027+0000] {logging_mixin.py:188} INFO - [2026-03-14T18:55:35.027+0000] {dag.py:3947} INFO - Setting next_dagrun for transfer_from_minio_to_snowflake_accounts to 2026-03-14 18:54:00+00:00, run_after=2026-03-14 18:55:00+00:00
[2026-03-14T18:55:35.030+0000] {logging_mixin.py:188} INFO - [2026-03-14T18:55:35.030+0000] {dag.py:3947} INFO - Setting next_dagrun for transfer_from_minio_to_snowflake_customers to 2026-03-14 18:54:00+00:00, run_after=2026-03-14 18:55:00+00:00
[2026-03-14T18:55:35.031+0000] {logging_mixin.py:188} INFO - [2026-03-14T18:55:35.031+0000] {dag.py:3947} INFO - Setting next_dagrun for transfer_from_minio_to_snowflake_transactions to 2026-03-14 18:54:00+00:00, run_after=2026-03-14 18:55:00+00:00
[2026-03-14T18:55:35.039+0000] {processor.py:183} INFO - Processing /opt/airflow/dags/transfer.py took 0.115 seconds
[2026-03-14T18:56:05.409+0000] {processor.py:161} INFO - Started process (PID=3227) to work on /opt/airflow/dags/transfer.py
[2026-03-14T18:56:05.411+0000] {processor.py:830} INFO - Processing file /opt/airflow/dags/transfer.py for tasks to queue
[2026-03-14T18:56:05.417+0000] {logging_mixin.py:188} INFO - [2026-03-14T18:56:05.416+0000] {dagbag.py:545} INFO - Filling up the DagBag from /opt/airflow/dags/transfer.py
[2026-03-14T18:56:05.441+0000] {processor.py:840} INFO - DAG(s) 'transfer_from_minio_to_snowflake_transactions', 'transfer_from_minio_to_snowflake_customers', 'transfer_from_minio_to_snowflake_accounts' retrieved from /opt/airflow/dags/transfer.py
[2026-03-14T18:56:05.471+0000] {logging_mixin.py:188} INFO - [2026-03-14T18:56:05.471+0000] {dag.py:3089} INFO - Sync 3 DAGs
[2026-03-14T18:56:05.487+0000] {logging_mixin.py:188} INFO - [2026-03-14T18:56:05.487+0000] {dag.py:3947} INFO - Setting next_dagrun for transfer_from_minio_to_snowflake_accounts to 2026-03-14 18:55:00+00:00, run_after=2026-03-14 18:56:00+00:00
[2026-03-14T18:56:05.490+0000] {logging_mixin.py:188} INFO - [2026-03-14T18:56:05.490+0000] {dag.py:3947} INFO - Setting next_dagrun for transfer_from_minio_to_snowflake_customers to 2026-03-14 18:55:00+00:00, run_after=2026-03-14 18:56:00+00:00
[2026-03-14T18:56:05.492+0000] {logging_mixin.py:188} INFO - [2026-03-14T18:56:05.492+0000] {dag.py:3947} INFO - Setting next_dagrun for transfer_from_minio_to_snowflake_transactions to 2026-03-14 18:55:00+00:00, run_after=2026-03-14 18:56:00+00:00
[2026-03-14T18:56:05.501+0000] {processor.py:183} INFO - Processing /opt/airflow/dags/transfer.py took 0.099 seconds
[2026-03-14T18:56:35.889+0000] {processor.py:161} INFO - Started process (PID=3229) to work on /opt/airflow/dags/transfer.py
[2026-03-14T18:56:35.890+0000] {processor.py:830} INFO - Processing file /opt/airflow/dags/transfer.py for tasks to queue
[2026-03-14T18:56:35.892+0000] {logging_mixin.py:188} INFO - [2026-03-14T18:56:35.892+0000] {dagbag.py:545} INFO - Filling up the DagBag from /opt/airflow/dags/transfer.py
[2026-03-14T18:56:35.931+0000] {processor.py:840} INFO - DAG(s) 'transfer_from_minio_to_snowflake_transactions', 'transfer_from_minio_to_snowflake_customers', 'transfer_from_minio_to_snowflake_accounts' retrieved from /opt/airflow/dags/transfer.py
[2026-03-14T18:56:35.962+0000] {logging_mixin.py:188} INFO - [2026-03-14T18:56:35.961+0000] {dag.py:3089} INFO - Sync 3 DAGs
[2026-03-14T18:56:35.977+0000] {logging_mixin.py:188} INFO - [2026-03-14T18:56:35.977+0000] {dag.py:3947} INFO - Setting next_dagrun for transfer_from_minio_to_snowflake_accounts to 2026-03-14 18:55:00+00:00, run_after=2026-03-14 18:56:00+00:00
[2026-03-14T18:56:35.980+0000] {logging_mixin.py:188} INFO - [2026-03-14T18:56:35.980+0000] {dag.py:3947} INFO - Setting next_dagrun for transfer_from_minio_to_snowflake_customers to 2026-03-14 18:55:00+00:00, run_after=2026-03-14 18:56:00+00:00
[2026-03-14T18:56:35.982+0000] {logging_mixin.py:188} INFO - [2026-03-14T18:56:35.982+0000] {dag.py:3947} INFO - Setting next_dagrun for transfer_from_minio_to_snowflake_transactions to 2026-03-14 18:55:00+00:00, run_after=2026-03-14 18:56:00+00:00
[2026-03-14T18:56:35.990+0000] {processor.py:183} INFO - Processing /opt/airflow/dags/transfer.py took 0.110 seconds
[2026-03-14T18:57:06.365+0000] {processor.py:161} INFO - Started process (PID=3231) to work on /opt/airflow/dags/transfer.py
[2026-03-14T18:57:06.367+0000] {processor.py:830} INFO - Processing file /opt/airflow/dags/transfer.py for tasks to queue
[2026-03-14T18:57:06.373+0000] {logging_mixin.py:188} INFO - [2026-03-14T18:57:06.373+0000] {dagbag.py:545} INFO - Filling up the DagBag from /opt/airflow/dags/transfer.py
[2026-03-14T18:57:06.409+0000] {processor.py:840} INFO - DAG(s) 'transfer_from_minio_to_snowflake_accounts', 'transfer_from_minio_to_snowflake_transactions', 'transfer_from_minio_to_snowflake_customers' retrieved from /opt/airflow/dags/transfer.py
[2026-03-14T18:57:06.443+0000] {logging_mixin.py:188} INFO - [2026-03-14T18:57:06.443+0000] {dag.py:3089} INFO - Sync 3 DAGs
[2026-03-14T18:57:06.458+0000] {logging_mixin.py:188} INFO - [2026-03-14T18:57:06.458+0000] {dag.py:3947} INFO - Setting next_dagrun for transfer_from_minio_to_snowflake_accounts to 2026-03-14 18:56:00+00:00, run_after=2026-03-14 18:57:00+00:00
[2026-03-14T18:57:06.461+0000] {logging_mixin.py:188} INFO - [2026-03-14T18:57:06.461+0000] {dag.py:3947} INFO - Setting next_dagrun for transfer_from_minio_to_snowflake_customers to 2026-03-14 18:56:00+00:00, run_after=2026-03-14 18:57:00+00:00
[2026-03-14T18:57:06.462+0000] {logging_mixin.py:188} INFO - [2026-03-14T18:57:06.462+0000] {dag.py:3947} INFO - Setting next_dagrun for transfer_from_minio_to_snowflake_transactions to 2026-03-14 18:56:00+00:00, run_after=2026-03-14 18:57:00+00:00
[2026-03-14T18:57:06.470+0000] {processor.py:183} INFO - Processing /opt/airflow/dags/transfer.py took 0.116 seconds
[2026-03-14T18:57:36.856+0000] {processor.py:161} INFO - Started process (PID=3233) to work on /opt/airflow/dags/transfer.py
[2026-03-14T18:57:36.861+0000] {processor.py:830} INFO - Processing file /opt/airflow/dags/transfer.py for tasks to queue
[2026-03-14T18:57:36.864+0000] {logging_mixin.py:188} INFO - [2026-03-14T18:57:36.864+0000] {dagbag.py:545} INFO - Filling up the DagBag from /opt/airflow/dags/transfer.py
[2026-03-14T18:57:36.899+0000] {processor.py:840} INFO - DAG(s) 'transfer_from_minio_to_snowflake_customers', 'transfer_from_minio_to_snowflake_accounts', 'transfer_from_minio_to_snowflake_transactions' retrieved from /opt/airflow/dags/transfer.py
[2026-03-14T18:57:36.930+0000] {logging_mixin.py:188} INFO - [2026-03-14T18:57:36.929+0000] {dag.py:3089} INFO - Sync 3 DAGs
[2026-03-14T18:57:36.950+0000] {logging_mixin.py:188} INFO - [2026-03-14T18:57:36.950+0000] {dag.py:3947} INFO - Setting next_dagrun for transfer_from_minio_to_snowflake_accounts to 2026-03-14 18:56:00+00:00, run_after=2026-03-14 18:57:00+00:00
[2026-03-14T18:57:36.953+0000] {logging_mixin.py:188} INFO - [2026-03-14T18:57:36.953+0000] {dag.py:3947} INFO - Setting next_dagrun for transfer_from_minio_to_snowflake_customers to 2026-03-14 18:56:00+00:00, run_after=2026-03-14 18:57:00+00:00
[2026-03-14T18:57:36.955+0000] {logging_mixin.py:188} INFO - [2026-03-14T18:57:36.955+0000] {dag.py:3947} INFO - Setting next_dagrun for transfer_from_minio_to_snowflake_transactions to 2026-03-14 18:56:00+00:00, run_after=2026-03-14 18:57:00+00:00
[2026-03-14T18:57:36.963+0000] {processor.py:183} INFO - Processing /opt/airflow/dags/transfer.py took 0.120 seconds
[2026-03-14T18:58:07.338+0000] {processor.py:161} INFO - Started process (PID=3235) to work on /opt/airflow/dags/transfer.py
[2026-03-14T18:58:07.340+0000] {processor.py:830} INFO - Processing file /opt/airflow/dags/transfer.py for tasks to queue
[2026-03-14T18:58:07.345+0000] {logging_mixin.py:188} INFO - [2026-03-14T18:58:07.344+0000] {dagbag.py:545} INFO - Filling up the DagBag from /opt/airflow/dags/transfer.py
[2026-03-14T18:58:07.379+0000] {processor.py:840} INFO - DAG(s) 'transfer_from_minio_to_snowflake_customers', 'transfer_from_minio_to_snowflake_accounts', 'transfer_from_minio_to_snowflake_transactions' retrieved from /opt/airflow/dags/transfer.py
[2026-03-14T18:58:07.408+0000] {logging_mixin.py:188} INFO - [2026-03-14T18:58:07.407+0000] {dag.py:3089} INFO - Sync 3 DAGs
[2026-03-14T18:58:07.423+0000] {logging_mixin.py:188} INFO - [2026-03-14T18:58:07.423+0000] {dag.py:3947} INFO - Setting next_dagrun for transfer_from_minio_to_snowflake_accounts to 2026-03-14 18:57:00+00:00, run_after=2026-03-14 18:58:00+00:00
[2026-03-14T18:58:07.426+0000] {logging_mixin.py:188} INFO - [2026-03-14T18:58:07.426+0000] {dag.py:3947} INFO - Setting next_dagrun for transfer_from_minio_to_snowflake_customers to 2026-03-14 18:57:00+00:00, run_after=2026-03-14 18:58:00+00:00
[2026-03-14T18:58:07.428+0000] {logging_mixin.py:188} INFO - [2026-03-14T18:58:07.428+0000] {dag.py:3947} INFO - Setting next_dagrun for transfer_from_minio_to_snowflake_transactions to 2026-03-14 18:57:00+00:00, run_after=2026-03-14 18:58:00+00:00
[2026-03-14T18:58:07.438+0000] {processor.py:183} INFO - Processing /opt/airflow/dags/transfer.py took 0.110 seconds
[2026-03-14T18:58:37.809+0000] {processor.py:161} INFO - Started process (PID=3237) to work on /opt/airflow/dags/transfer.py
[2026-03-14T18:58:37.812+0000] {processor.py:830} INFO - Processing file /opt/airflow/dags/transfer.py for tasks to queue
[2026-03-14T18:58:37.818+0000] {logging_mixin.py:188} INFO - [2026-03-14T18:58:37.817+0000] {dagbag.py:545} INFO - Filling up the DagBag from /opt/airflow/dags/transfer.py
[2026-03-14T18:58:37.850+0000] {processor.py:840} INFO - DAG(s) 'transfer_from_minio_to_snowflake_customers', 'transfer_from_minio_to_snowflake_transactions', 'transfer_from_minio_to_snowflake_accounts' retrieved from /opt/airflow/dags/transfer.py
[2026-03-14T18:58:37.887+0000] {logging_mixin.py:188} INFO - [2026-03-14T18:58:37.886+0000] {dag.py:3089} INFO - Sync 3 DAGs
[2026-03-14T18:58:37.904+0000] {logging_mixin.py:188} INFO - [2026-03-14T18:58:37.904+0000] {dag.py:3947} INFO - Setting next_dagrun for transfer_from_minio_to_snowflake_accounts to 2026-03-14 18:57:00+00:00, run_after=2026-03-14 18:58:00+00:00
[2026-03-14T18:58:37.907+0000] {logging_mixin.py:188} INFO - [2026-03-14T18:58:37.907+0000] {dag.py:3947} INFO - Setting next_dagrun for transfer_from_minio_to_snowflake_customers to 2026-03-14 18:57:00+00:00, run_after=2026-03-14 18:58:00+00:00
[2026-03-14T18:58:37.908+0000] {logging_mixin.py:188} INFO - [2026-03-14T18:58:37.908+0000] {dag.py:3947} INFO - Setting next_dagrun for transfer_from_minio_to_snowflake_transactions to 2026-03-14 18:57:00+00:00, run_after=2026-03-14 18:58:00+00:00
[2026-03-14T18:58:37.916+0000] {processor.py:183} INFO - Processing /opt/airflow/dags/transfer.py took 0.113 seconds
[2026-03-14T18:59:08.304+0000] {processor.py:161} INFO - Started process (PID=3239) to work on /opt/airflow/dags/transfer.py
[2026-03-14T18:59:08.307+0000] {processor.py:830} INFO - Processing file /opt/airflow/dags/transfer.py for tasks to queue
[2026-03-14T18:59:08.309+0000] {logging_mixin.py:188} INFO - [2026-03-14T18:59:08.308+0000] {dagbag.py:545} INFO - Filling up the DagBag from /opt/airflow/dags/transfer.py
[2026-03-14T18:59:08.341+0000] {processor.py:840} INFO - DAG(s) 'transfer_from_minio_to_snowflake_customers', 'transfer_from_minio_to_snowflake_transactions', 'transfer_from_minio_to_snowflake_accounts' retrieved from /opt/airflow/dags/transfer.py
[2026-03-14T18:59:08.378+0000] {logging_mixin.py:188} INFO - [2026-03-14T18:59:08.377+0000] {dag.py:3089} INFO - Sync 3 DAGs
[2026-03-14T18:59:08.394+0000] {logging_mixin.py:188} INFO - [2026-03-14T18:59:08.394+0000] {dag.py:3947} INFO - Setting next_dagrun for transfer_from_minio_to_snowflake_accounts to 2026-03-14 18:58:00+00:00, run_after=2026-03-14 18:59:00+00:00
[2026-03-14T18:59:08.398+0000] {logging_mixin.py:188} INFO - [2026-03-14T18:59:08.398+0000] {dag.py:3947} INFO - Setting next_dagrun for transfer_from_minio_to_snowflake_customers to 2026-03-14 18:58:00+00:00, run_after=2026-03-14 18:59:00+00:00
[2026-03-14T18:59:08.400+0000] {logging_mixin.py:188} INFO - [2026-03-14T18:59:08.400+0000] {dag.py:3947} INFO - Setting next_dagrun for transfer_from_minio_to_snowflake_transactions to 2026-03-14 18:58:00+00:00, run_after=2026-03-14 18:59:00+00:00
[2026-03-14T18:59:08.408+0000] {processor.py:183} INFO - Processing /opt/airflow/dags/transfer.py took 0.115 seconds
[2026-03-14T18:59:38.797+0000] {processor.py:161} INFO - Started process (PID=3241) to work on /opt/airflow/dags/transfer.py
[2026-03-14T18:59:38.799+0000] {processor.py:830} INFO - Processing file /opt/airflow/dags/transfer.py for tasks to queue
[2026-03-14T18:59:38.808+0000] {logging_mixin.py:188} INFO - [2026-03-14T18:59:38.807+0000] {dagbag.py:545} INFO - Filling up the DagBag from /opt/airflow/dags/transfer.py
[2026-03-14T18:59:38.839+0000] {processor.py:840} INFO - DAG(s) 'transfer_from_minio_to_snowflake_accounts', 'transfer_from_minio_to_snowflake_transactions', 'transfer_from_minio_to_snowflake_customers' retrieved from /opt/airflow/dags/transfer.py
[2026-03-14T18:59:38.867+0000] {logging_mixin.py:188} INFO - [2026-03-14T18:59:38.866+0000] {dag.py:3089} INFO - Sync 3 DAGs
[2026-03-14T18:59:38.880+0000] {logging_mixin.py:188} INFO - [2026-03-14T18:59:38.880+0000] {dag.py:3947} INFO - Setting next_dagrun for transfer_from_minio_to_snowflake_accounts to 2026-03-14 18:58:00+00:00, run_after=2026-03-14 18:59:00+00:00
[2026-03-14T18:59:38.884+0000] {logging_mixin.py:188} INFO - [2026-03-14T18:59:38.884+0000] {dag.py:3947} INFO - Setting next_dagrun for transfer_from_minio_to_snowflake_customers to 2026-03-14 18:58:00+00:00, run_after=2026-03-14 18:59:00+00:00
[2026-03-14T18:59:38.886+0000] {logging_mixin.py:188} INFO - [2026-03-14T18:59:38.886+0000] {dag.py:3947} INFO - Setting next_dagrun for transfer_from_minio_to_snowflake_transactions to 2026-03-14 18:58:00+00:00, run_after=2026-03-14 18:59:00+00:00
[2026-03-14T18:59:38.898+0000] {processor.py:183} INFO - Processing /opt/airflow/dags/transfer.py took 0.113 seconds
[2026-03-14T19:00:09.193+0000] {processor.py:161} INFO - Started process (PID=3243) to work on /opt/airflow/dags/transfer.py
[2026-03-14T19:00:09.194+0000] {processor.py:830} INFO - Processing file /opt/airflow/dags/transfer.py for tasks to queue
[2026-03-14T19:00:09.196+0000] {logging_mixin.py:188} INFO - [2026-03-14T19:00:09.196+0000] {dagbag.py:545} INFO - Filling up the DagBag from /opt/airflow/dags/transfer.py
[2026-03-14T19:00:09.214+0000] {processor.py:840} INFO - DAG(s) 'transfer_from_minio_to_snowflake_accounts', 'transfer_from_minio_to_snowflake_customers', 'transfer_from_minio_to_snowflake_transactions' retrieved from /opt/airflow/dags/transfer.py
[2026-03-14T19:00:09.240+0000] {logging_mixin.py:188} INFO - [2026-03-14T19:00:09.240+0000] {dag.py:3089} INFO - Sync 3 DAGs
[2026-03-14T19:00:09.252+0000] {logging_mixin.py:188} INFO - [2026-03-14T19:00:09.252+0000] {dag.py:3947} INFO - Setting next_dagrun for transfer_from_minio_to_snowflake_accounts to 2026-03-14 18:59:00+00:00, run_after=2026-03-14 19:00:00+00:00
[2026-03-14T19:00:09.255+0000] {logging_mixin.py:188} INFO - [2026-03-14T19:00:09.255+0000] {dag.py:3947} INFO - Setting next_dagrun for transfer_from_minio_to_snowflake_customers to 2026-03-14 18:59:00+00:00, run_after=2026-03-14 19:00:00+00:00
[2026-03-14T19:00:09.257+0000] {logging_mixin.py:188} INFO - [2026-03-14T19:00:09.257+0000] {dag.py:3947} INFO - Setting next_dagrun for transfer_from_minio_to_snowflake_transactions to 2026-03-14 18:59:00+00:00, run_after=2026-03-14 19:00:00+00:00
[2026-03-14T19:00:09.264+0000] {processor.py:183} INFO - Processing /opt/airflow/dags/transfer.py took 0.078 seconds
[2026-03-14T19:00:39.648+0000] {processor.py:161} INFO - Started process (PID=3245) to work on /opt/airflow/dags/transfer.py
[2026-03-14T19:00:39.651+0000] {processor.py:830} INFO - Processing file /opt/airflow/dags/transfer.py for tasks to queue
[2026-03-14T19:00:39.660+0000] {logging_mixin.py:188} INFO - [2026-03-14T19:00:39.656+0000] {dagbag.py:545} INFO - Filling up the DagBag from /opt/airflow/dags/transfer.py
[2026-03-14T19:00:39.699+0000] {processor.py:840} INFO - DAG(s) 'transfer_from_minio_to_snowflake_customers', 'transfer_from_minio_to_snowflake_transactions', 'transfer_from_minio_to_snowflake_accounts' retrieved from /opt/airflow/dags/transfer.py
[2026-03-14T19:00:39.728+0000] {logging_mixin.py:188} INFO - [2026-03-14T19:00:39.728+0000] {dag.py:3089} INFO - Sync 3 DAGs
[2026-03-14T19:00:39.743+0000] {logging_mixin.py:188} INFO - [2026-03-14T19:00:39.743+0000] {dag.py:3947} INFO - Setting next_dagrun for transfer_from_minio_to_snowflake_accounts to 2026-03-14 18:59:00+00:00, run_after=2026-03-14 19:00:00+00:00
[2026-03-14T19:00:39.746+0000] {logging_mixin.py:188} INFO - [2026-03-14T19:00:39.746+0000] {dag.py:3947} INFO - Setting next_dagrun for transfer_from_minio_to_snowflake_customers to 2026-03-14 18:59:00+00:00, run_after=2026-03-14 19:00:00+00:00
[2026-03-14T19:00:39.747+0000] {logging_mixin.py:188} INFO - [2026-03-14T19:00:39.747+0000] {dag.py:3947} INFO - Setting next_dagrun for transfer_from_minio_to_snowflake_transactions to 2026-03-14 18:59:00+00:00, run_after=2026-03-14 19:00:00+00:00
[2026-03-14T19:00:39.757+0000] {processor.py:183} INFO - Processing /opt/airflow/dags/transfer.py took 0.124 seconds
[2026-03-14T19:01:10.128+0000] {processor.py:161} INFO - Started process (PID=3247) to work on /opt/airflow/dags/transfer.py
[2026-03-14T19:01:10.130+0000] {processor.py:830} INFO - Processing file /opt/airflow/dags/transfer.py for tasks to queue
[2026-03-14T19:01:10.133+0000] {logging_mixin.py:188} INFO - [2026-03-14T19:01:10.133+0000] {dagbag.py:545} INFO - Filling up the DagBag from /opt/airflow/dags/transfer.py
[2026-03-14T19:01:10.166+0000] {processor.py:840} INFO - DAG(s) 'transfer_from_minio_to_snowflake_accounts', 'transfer_from_minio_to_snowflake_transactions', 'transfer_from_minio_to_snowflake_customers' retrieved from /opt/airflow/dags/transfer.py
[2026-03-14T19:01:10.197+0000] {logging_mixin.py:188} INFO - [2026-03-14T19:01:10.197+0000] {dag.py:3089} INFO - Sync 3 DAGs
[2026-03-14T19:01:10.213+0000] {logging_mixin.py:188} INFO - [2026-03-14T19:01:10.213+0000] {dag.py:3947} INFO - Setting next_dagrun for transfer_from_minio_to_snowflake_accounts to 2026-03-14 19:00:00+00:00, run_after=2026-03-14 19:01:00+00:00
[2026-03-14T19:01:10.216+0000] {logging_mixin.py:188} INFO - [2026-03-14T19:01:10.216+0000] {dag.py:3947} INFO - Setting next_dagrun for transfer_from_minio_to_snowflake_customers to 2026-03-14 19:00:00+00:00, run_after=2026-03-14 19:01:00+00:00
[2026-03-14T19:01:10.217+0000] {logging_mixin.py:188} INFO - [2026-03-14T19:01:10.217+0000] {dag.py:3947} INFO - Setting next_dagrun for transfer_from_minio_to_snowflake_transactions to 2026-03-14 19:00:00+00:00, run_after=2026-03-14 19:01:00+00:00
[2026-03-14T19:01:10.224+0000] {processor.py:183} INFO - Processing /opt/airflow/dags/transfer.py took 0.107 seconds
[2026-03-14T19:01:40.565+0000] {processor.py:161} INFO - Started process (PID=3249) to work on /opt/airflow/dags/transfer.py
[2026-03-14T19:01:40.566+0000] {processor.py:830} INFO - Processing file /opt/airflow/dags/transfer.py for tasks to queue
[2026-03-14T19:01:40.571+0000] {logging_mixin.py:188} INFO - [2026-03-14T19:01:40.570+0000] {dagbag.py:545} INFO - Filling up the DagBag from /opt/airflow/dags/transfer.py
[2026-03-14T19:01:40.612+0000] {processor.py:840} INFO - DAG(s) 'transfer_from_minio_to_snowflake_customers', 'transfer_from_minio_to_snowflake_transactions', 'transfer_from_minio_to_snowflake_accounts' retrieved from /opt/airflow/dags/transfer.py
[2026-03-14T19:01:40.638+0000] {logging_mixin.py:188} INFO - [2026-03-14T19:01:40.637+0000] {dag.py:3089} INFO - Sync 3 DAGs
[2026-03-14T19:01:40.654+0000] {logging_mixin.py:188} INFO - [2026-03-14T19:01:40.654+0000] {dag.py:3947} INFO - Setting next_dagrun for transfer_from_minio_to_snowflake_accounts to 2026-03-14 19:00:00+00:00, run_after=2026-03-14 19:01:00+00:00
[2026-03-14T19:01:40.657+0000] {logging_mixin.py:188} INFO - [2026-03-14T19:01:40.657+0000] {dag.py:3947} INFO - Setting next_dagrun for transfer_from_minio_to_snowflake_customers to 2026-03-14 19:00:00+00:00, run_after=2026-03-14 19:01:00+00:00
[2026-03-14T19:01:40.659+0000] {logging_mixin.py:188} INFO - [2026-03-14T19:01:40.659+0000] {dag.py:3947} INFO - Setting next_dagrun for transfer_from_minio_to_snowflake_transactions to 2026-03-14 19:00:00+00:00, run_after=2026-03-14 19:01:00+00:00
[2026-03-14T19:01:40.666+0000] {processor.py:183} INFO - Processing /opt/airflow/dags/transfer.py took 0.110 seconds
[2026-03-14T19:02:11.070+0000] {processor.py:161} INFO - Started process (PID=3251) to work on /opt/airflow/dags/transfer.py
[2026-03-14T19:02:11.071+0000] {processor.py:830} INFO - Processing file /opt/airflow/dags/transfer.py for tasks to queue
[2026-03-14T19:02:11.077+0000] {logging_mixin.py:188} INFO - [2026-03-14T19:02:11.077+0000] {dagbag.py:545} INFO - Filling up the DagBag from /opt/airflow/dags/transfer.py
[2026-03-14T19:02:11.111+0000] {processor.py:840} INFO - DAG(s) 'transfer_from_minio_to_snowflake_customers', 'transfer_from_minio_to_snowflake_transactions', 'transfer_from_minio_to_snowflake_accounts' retrieved from /opt/airflow/dags/transfer.py
[2026-03-14T19:02:11.140+0000] {logging_mixin.py:188} INFO - [2026-03-14T19:02:11.140+0000] {dag.py:3089} INFO - Sync 3 DAGs
[2026-03-14T19:02:11.158+0000] {logging_mixin.py:188} INFO - [2026-03-14T19:02:11.157+0000] {dag.py:3947} INFO - Setting next_dagrun for transfer_from_minio_to_snowflake_accounts to 2026-03-14 19:01:00+00:00, run_after=2026-03-14 19:02:00+00:00
[2026-03-14T19:02:11.160+0000] {logging_mixin.py:188} INFO - [2026-03-14T19:02:11.160+0000] {dag.py:3947} INFO - Setting next_dagrun for transfer_from_minio_to_snowflake_customers to 2026-03-14 19:01:00+00:00, run_after=2026-03-14 19:02:00+00:00
[2026-03-14T19:02:11.162+0000] {logging_mixin.py:188} INFO - [2026-03-14T19:02:11.162+0000] {dag.py:3947} INFO - Setting next_dagrun for transfer_from_minio_to_snowflake_transactions to 2026-03-14 19:01:00+00:00, run_after=2026-03-14 19:02:00+00:00
[2026-03-14T19:02:11.169+0000] {processor.py:183} INFO - Processing /opt/airflow/dags/transfer.py took 0.110 seconds
[2026-03-14T19:02:41.504+0000] {processor.py:161} INFO - Started process (PID=3253) to work on /opt/airflow/dags/transfer.py
[2026-03-14T19:02:41.505+0000] {processor.py:830} INFO - Processing file /opt/airflow/dags/transfer.py for tasks to queue
[2026-03-14T19:02:41.509+0000] {logging_mixin.py:188} INFO - [2026-03-14T19:02:41.508+0000] {dagbag.py:545} INFO - Filling up the DagBag from /opt/airflow/dags/transfer.py
[2026-03-14T19:02:41.535+0000] {processor.py:840} INFO - DAG(s) 'transfer_from_minio_to_snowflake_accounts', 'transfer_from_minio_to_snowflake_customers', 'transfer_from_minio_to_snowflake_transactions' retrieved from /opt/airflow/dags/transfer.py
[2026-03-14T19:02:41.564+0000] {logging_mixin.py:188} INFO - [2026-03-14T19:02:41.564+0000] {dag.py:3089} INFO - Sync 3 DAGs
[2026-03-14T19:02:41.578+0000] {logging_mixin.py:188} INFO - [2026-03-14T19:02:41.577+0000] {dag.py:3947} INFO - Setting next_dagrun for transfer_from_minio_to_snowflake_accounts to 2026-03-14 19:01:00+00:00, run_after=2026-03-14 19:02:00+00:00
[2026-03-14T19:02:41.580+0000] {logging_mixin.py:188} INFO - [2026-03-14T19:02:41.580+0000] {dag.py:3947} INFO - Setting next_dagrun for transfer_from_minio_to_snowflake_customers to 2026-03-14 19:01:00+00:00, run_after=2026-03-14 19:02:00+00:00
[2026-03-14T19:02:41.582+0000] {logging_mixin.py:188} INFO - [2026-03-14T19:02:41.582+0000] {dag.py:3947} INFO - Setting next_dagrun for transfer_from_minio_to_snowflake_transactions to 2026-03-14 19:01:00+00:00, run_after=2026-03-14 19:02:00+00:00
[2026-03-14T19:02:41.589+0000] {processor.py:183} INFO - Processing /opt/airflow/dags/transfer.py took 0.093 seconds
[2026-03-14T19:03:11.899+0000] {processor.py:161} INFO - Started process (PID=3255) to work on /opt/airflow/dags/transfer.py
[2026-03-14T19:03:11.901+0000] {processor.py:830} INFO - Processing file /opt/airflow/dags/transfer.py for tasks to queue
[2026-03-14T19:03:11.904+0000] {logging_mixin.py:188} INFO - [2026-03-14T19:03:11.904+0000] {dagbag.py:545} INFO - Filling up the DagBag from /opt/airflow/dags/transfer.py
[2026-03-14T19:03:11.928+0000] {processor.py:840} INFO - DAG(s) 'transfer_from_minio_to_snowflake_accounts', 'transfer_from_minio_to_snowflake_customers', 'transfer_from_minio_to_snowflake_transactions' retrieved from /opt/airflow/dags/transfer.py
[2026-03-14T19:03:11.955+0000] {logging_mixin.py:188} INFO - [2026-03-14T19:03:11.954+0000] {dag.py:3089} INFO - Sync 3 DAGs
[2026-03-14T19:03:11.967+0000] {logging_mixin.py:188} INFO - [2026-03-14T19:03:11.967+0000] {dag.py:3947} INFO - Setting next_dagrun for transfer_from_minio_to_snowflake_accounts to 2026-03-14 19:02:00+00:00, run_after=2026-03-14 19:03:00+00:00
[2026-03-14T19:03:11.970+0000] {logging_mixin.py:188} INFO - [2026-03-14T19:03:11.970+0000] {dag.py:3947} INFO - Setting next_dagrun for transfer_from_minio_to_snowflake_customers to 2026-03-14 19:02:00+00:00, run_after=2026-03-14 19:03:00+00:00
[2026-03-14T19:03:11.971+0000] {logging_mixin.py:188} INFO - [2026-03-14T19:03:11.971+0000] {dag.py:3947} INFO - Setting next_dagrun for transfer_from_minio_to_snowflake_transactions to 2026-03-14 19:02:00+00:00, run_after=2026-03-14 19:03:00+00:00
[2026-03-14T19:03:11.978+0000] {processor.py:183} INFO - Processing /opt/airflow/dags/transfer.py took 0.088 seconds
[2026-03-14T19:03:42.353+0000] {processor.py:161} INFO - Started process (PID=3257) to work on /opt/airflow/dags/transfer.py
[2026-03-14T19:03:42.355+0000] {processor.py:830} INFO - Processing file /opt/airflow/dags/transfer.py for tasks to queue
[2026-03-14T19:03:42.365+0000] {logging_mixin.py:188} INFO - [2026-03-14T19:03:42.364+0000] {dagbag.py:545} INFO - Filling up the DagBag from /opt/airflow/dags/transfer.py
[2026-03-14T19:03:42.407+0000] {processor.py:840} INFO - DAG(s) 'transfer_from_minio_to_snowflake_accounts', 'transfer_from_minio_to_snowflake_transactions', 'transfer_from_minio_to_snowflake_customers' retrieved from /opt/airflow/dags/transfer.py
[2026-03-14T19:03:42.443+0000] {logging_mixin.py:188} INFO - [2026-03-14T19:03:42.442+0000] {dag.py:3089} INFO - Sync 3 DAGs
[2026-03-14T19:03:42.457+0000] {logging_mixin.py:188} INFO - [2026-03-14T19:03:42.457+0000] {dag.py:3947} INFO - Setting next_dagrun for transfer_from_minio_to_snowflake_accounts to 2026-03-14 19:02:00+00:00, run_after=2026-03-14 19:03:00+00:00
[2026-03-14T19:03:42.460+0000] {logging_mixin.py:188} INFO - [2026-03-14T19:03:42.460+0000] {dag.py:3947} INFO - Setting next_dagrun for transfer_from_minio_to_snowflake_customers to 2026-03-14 19:02:00+00:00, run_after=2026-03-14 19:03:00+00:00
[2026-03-14T19:03:42.462+0000] {logging_mixin.py:188} INFO - [2026-03-14T19:03:42.462+0000] {dag.py:3947} INFO - Setting next_dagrun for transfer_from_minio_to_snowflake_transactions to 2026-03-14 19:02:00+00:00, run_after=2026-03-14 19:03:00+00:00
[2026-03-14T19:03:42.469+0000] {processor.py:183} INFO - Processing /opt/airflow/dags/transfer.py took 0.129 seconds
[2026-03-14T19:04:12.777+0000] {processor.py:161} INFO - Started process (PID=3259) to work on /opt/airflow/dags/transfer.py
[2026-03-14T19:04:12.779+0000] {processor.py:830} INFO - Processing file /opt/airflow/dags/transfer.py for tasks to queue
[2026-03-14T19:04:12.782+0000] {logging_mixin.py:188} INFO - [2026-03-14T19:04:12.781+0000] {dagbag.py:545} INFO - Filling up the DagBag from /opt/airflow/dags/transfer.py
[2026-03-14T19:04:12.800+0000] {processor.py:840} INFO - DAG(s) 'transfer_from_minio_to_snowflake_transactions', 'transfer_from_minio_to_snowflake_customers', 'transfer_from_minio_to_snowflake_accounts' retrieved from /opt/airflow/dags/transfer.py
[2026-03-14T19:04:12.824+0000] {logging_mixin.py:188} INFO - [2026-03-14T19:04:12.824+0000] {dag.py:3089} INFO - Sync 3 DAGs
[2026-03-14T19:04:12.836+0000] {logging_mixin.py:188} INFO - [2026-03-14T19:04:12.836+0000] {dag.py:3947} INFO - Setting next_dagrun for transfer_from_minio_to_snowflake_accounts to 2026-03-14 19:03:00+00:00, run_after=2026-03-14 19:04:00+00:00
[2026-03-14T19:04:12.839+0000] {logging_mixin.py:188} INFO - [2026-03-14T19:04:12.839+0000] {dag.py:3947} INFO - Setting next_dagrun for transfer_from_minio_to_snowflake_customers to 2026-03-14 19:03:00+00:00, run_after=2026-03-14 19:04:00+00:00
[2026-03-14T19:04:12.840+0000] {logging_mixin.py:188} INFO - [2026-03-14T19:04:12.840+0000] {dag.py:3947} INFO - Setting next_dagrun for transfer_from_minio_to_snowflake_transactions to 2026-03-14 19:03:00+00:00, run_after=2026-03-14 19:04:00+00:00
[2026-03-14T19:04:12.847+0000] {processor.py:183} INFO - Processing /opt/airflow/dags/transfer.py took 0.078 seconds
[2026-03-14T19:04:43.656+0000] {processor.py:161} INFO - Started process (PID=3261) to work on /opt/airflow/dags/transfer.py
[2026-03-14T19:04:43.659+0000] {processor.py:830} INFO - Processing file /opt/airflow/dags/transfer.py for tasks to queue
[2026-03-14T19:04:43.663+0000] {logging_mixin.py:188} INFO - [2026-03-14T19:04:43.662+0000] {dagbag.py:545} INFO - Filling up the DagBag from /opt/airflow/dags/transfer.py
[2026-03-14T19:04:43.711+0000] {processor.py:840} INFO - DAG(s) 'transfer_from_minio_to_snowflake_customers', 'transfer_from_minio_to_snowflake_accounts', 'transfer_from_minio_to_snowflake_transactions' retrieved from /opt/airflow/dags/transfer.py
[2026-03-14T19:04:43.744+0000] {logging_mixin.py:188} INFO - [2026-03-14T19:04:43.744+0000] {dag.py:3089} INFO - Sync 3 DAGs
[2026-03-14T19:04:43.763+0000] {logging_mixin.py:188} INFO - [2026-03-14T19:04:43.763+0000] {dag.py:3947} INFO - Setting next_dagrun for transfer_from_minio_to_snowflake_accounts to 2026-03-14 19:03:00+00:00, run_after=2026-03-14 19:04:00+00:00
[2026-03-14T19:04:43.766+0000] {logging_mixin.py:188} INFO - [2026-03-14T19:04:43.766+0000] {dag.py:3947} INFO - Setting next_dagrun for transfer_from_minio_to_snowflake_customers to 2026-03-14 19:03:00+00:00, run_after=2026-03-14 19:04:00+00:00
[2026-03-14T19:04:43.767+0000] {logging_mixin.py:188} INFO - [2026-03-14T19:04:43.767+0000] {dag.py:3947} INFO - Setting next_dagrun for transfer_from_minio_to_snowflake_transactions to 2026-03-14 19:03:00+00:00, run_after=2026-03-14 19:04:00+00:00
[2026-03-14T19:04:43.777+0000] {processor.py:183} INFO - Processing /opt/airflow/dags/transfer.py took 0.134 seconds
[2026-03-14T19:05:14.275+0000] {processor.py:161} INFO - Started process (PID=3263) to work on /opt/airflow/dags/transfer.py
[2026-03-14T19:05:14.277+0000] {processor.py:830} INFO - Processing file /opt/airflow/dags/transfer.py for tasks to queue
[2026-03-14T19:05:14.279+0000] {logging_mixin.py:188} INFO - [2026-03-14T19:05:14.279+0000] {dagbag.py:545} INFO - Filling up the DagBag from /opt/airflow/dags/transfer.py
[2026-03-14T19:05:14.319+0000] {processor.py:840} INFO - DAG(s) 'transfer_from_minio_to_snowflake_accounts', 'transfer_from_minio_to_snowflake_transactions', 'transfer_from_minio_to_snowflake_customers' retrieved from /opt/airflow/dags/transfer.py
[2026-03-14T19:05:14.353+0000] {logging_mixin.py:188} INFO - [2026-03-14T19:05:14.353+0000] {dag.py:3089} INFO - Sync 3 DAGs
[2026-03-14T19:05:14.369+0000] {logging_mixin.py:188} INFO - [2026-03-14T19:05:14.369+0000] {dag.py:3947} INFO - Setting next_dagrun for transfer_from_minio_to_snowflake_accounts to 2026-03-14 19:04:00+00:00, run_after=2026-03-14 19:05:00+00:00
[2026-03-14T19:05:14.372+0000] {logging_mixin.py:188} INFO - [2026-03-14T19:05:14.372+0000] {dag.py:3947} INFO - Setting next_dagrun for transfer_from_minio_to_snowflake_customers to 2026-03-14 19:04:00+00:00, run_after=2026-03-14 19:05:00+00:00
[2026-03-14T19:05:14.374+0000] {logging_mixin.py:188} INFO - [2026-03-14T19:05:14.374+0000] {dag.py:3947} INFO - Setting next_dagrun for transfer_from_minio_to_snowflake_transactions to 2026-03-14 19:04:00+00:00, run_after=2026-03-14 19:05:00+00:00
[2026-03-14T19:05:14.382+0000] {processor.py:183} INFO - Processing /opt/airflow/dags/transfer.py took 0.120 seconds
[2026-03-14T19:05:44.841+0000] {processor.py:161} INFO - Started process (PID=3265) to work on /opt/airflow/dags/transfer.py
[2026-03-14T19:05:44.843+0000] {processor.py:830} INFO - Processing file /opt/airflow/dags/transfer.py for tasks to queue
[2026-03-14T19:05:44.846+0000] {logging_mixin.py:188} INFO - [2026-03-14T19:05:44.846+0000] {dagbag.py:545} INFO - Filling up the DagBag from /opt/airflow/dags/transfer.py
[2026-03-14T19:05:44.889+0000] {processor.py:840} INFO - DAG(s) 'transfer_from_minio_to_snowflake_customers', 'transfer_from_minio_to_snowflake_transactions', 'transfer_from_minio_to_snowflake_accounts' retrieved from /opt/airflow/dags/transfer.py
[2026-03-14T19:05:44.920+0000] {logging_mixin.py:188} INFO - [2026-03-14T19:05:44.919+0000] {dag.py:3089} INFO - Sync 3 DAGs
[2026-03-14T19:05:44.936+0000] {logging_mixin.py:188} INFO - [2026-03-14T19:05:44.936+0000] {dag.py:3947} INFO - Setting next_dagrun for transfer_from_minio_to_snowflake_accounts to 2026-03-14 19:04:00+00:00, run_after=2026-03-14 19:05:00+00:00
[2026-03-14T19:05:44.939+0000] {logging_mixin.py:188} INFO - [2026-03-14T19:05:44.939+0000] {dag.py:3947} INFO - Setting next_dagrun for transfer_from_minio_to_snowflake_customers to 2026-03-14 19:04:00+00:00, run_after=2026-03-14 19:05:00+00:00
[2026-03-14T19:05:44.940+0000] {logging_mixin.py:188} INFO - [2026-03-14T19:05:44.940+0000] {dag.py:3947} INFO - Setting next_dagrun for transfer_from_minio_to_snowflake_transactions to 2026-03-14 19:04:00+00:00, run_after=2026-03-14 19:05:00+00:00
[2026-03-14T19:05:44.948+0000] {processor.py:183} INFO - Processing /opt/airflow/dags/transfer.py took 0.125 seconds
[2026-03-14T19:06:15.460+0000] {processor.py:161} INFO - Started process (PID=3267) to work on /opt/airflow/dags/transfer.py
[2026-03-14T19:06:15.462+0000] {processor.py:830} INFO - Processing file /opt/airflow/dags/transfer.py for tasks to queue
[2026-03-14T19:06:15.466+0000] {logging_mixin.py:188} INFO - [2026-03-14T19:06:15.465+0000] {dagbag.py:545} INFO - Filling up the DagBag from /opt/airflow/dags/transfer.py
[2026-03-14T19:06:15.501+0000] {processor.py:840} INFO - DAG(s) 'transfer_from_minio_to_snowflake_accounts', 'transfer_from_minio_to_snowflake_transactions', 'transfer_from_minio_to_snowflake_customers' retrieved from /opt/airflow/dags/transfer.py
[2026-03-14T19:06:15.529+0000] {logging_mixin.py:188} INFO - [2026-03-14T19:06:15.529+0000] {dag.py:3089} INFO - Sync 3 DAGs
[2026-03-14T19:06:15.545+0000] {logging_mixin.py:188} INFO - [2026-03-14T19:06:15.545+0000] {dag.py:3947} INFO - Setting next_dagrun for transfer_from_minio_to_snowflake_accounts to 2026-03-14 19:05:00+00:00, run_after=2026-03-14 19:06:00+00:00
[2026-03-14T19:06:15.548+0000] {logging_mixin.py:188} INFO - [2026-03-14T19:06:15.548+0000] {dag.py:3947} INFO - Setting next_dagrun for transfer_from_minio_to_snowflake_customers to 2026-03-14 19:05:00+00:00, run_after=2026-03-14 19:06:00+00:00
[2026-03-14T19:06:15.550+0000] {logging_mixin.py:188} INFO - [2026-03-14T19:06:15.550+0000] {dag.py:3947} INFO - Setting next_dagrun for transfer_from_minio_to_snowflake_transactions to 2026-03-14 19:05:00+00:00, run_after=2026-03-14 19:06:00+00:00
[2026-03-14T19:06:15.557+0000] {processor.py:183} INFO - Processing /opt/airflow/dags/transfer.py took 0.107 seconds
[2026-03-14T19:06:46.054+0000] {processor.py:161} INFO - Started process (PID=3269) to work on /opt/airflow/dags/transfer.py
[2026-03-14T19:06:46.056+0000] {processor.py:830} INFO - Processing file /opt/airflow/dags/transfer.py for tasks to queue
[2026-03-14T19:06:46.062+0000] {logging_mixin.py:188} INFO - [2026-03-14T19:06:46.062+0000] {dagbag.py:545} INFO - Filling up the DagBag from /opt/airflow/dags/transfer.py
[2026-03-14T19:06:46.092+0000] {processor.py:840} INFO - DAG(s) 'transfer_from_minio_to_snowflake_customers', 'transfer_from_minio_to_snowflake_accounts', 'transfer_from_minio_to_snowflake_transactions' retrieved from /opt/airflow/dags/transfer.py
[2026-03-14T19:06:46.124+0000] {logging_mixin.py:188} INFO - [2026-03-14T19:06:46.124+0000] {dag.py:3089} INFO - Sync 3 DAGs
[2026-03-14T19:06:46.139+0000] {logging_mixin.py:188} INFO - [2026-03-14T19:06:46.139+0000] {dag.py:3947} INFO - Setting next_dagrun for transfer_from_minio_to_snowflake_accounts to 2026-03-14 19:05:00+00:00, run_after=2026-03-14 19:06:00+00:00
[2026-03-14T19:06:46.142+0000] {logging_mixin.py:188} INFO - [2026-03-14T19:06:46.142+0000] {dag.py:3947} INFO - Setting next_dagrun for transfer_from_minio_to_snowflake_customers to 2026-03-14 19:05:00+00:00, run_after=2026-03-14 19:06:00+00:00
[2026-03-14T19:06:46.144+0000] {logging_mixin.py:188} INFO - [2026-03-14T19:06:46.144+0000] {dag.py:3947} INFO - Setting next_dagrun for transfer_from_minio_to_snowflake_transactions to 2026-03-14 19:05:00+00:00, run_after=2026-03-14 19:06:00+00:00
[2026-03-14T19:06:46.152+0000] {processor.py:183} INFO - Processing /opt/airflow/dags/transfer.py took 0.109 seconds
[2026-03-14T19:22:12.823+0000] {processor.py:161} INFO - Started process (PID=3271) to work on /opt/airflow/dags/transfer.py
[2026-03-14T19:22:12.824+0000] {processor.py:830} INFO - Processing file /opt/airflow/dags/transfer.py for tasks to queue
[2026-03-14T19:22:12.826+0000] {logging_mixin.py:188} INFO - [2026-03-14T19:22:12.826+0000] {dagbag.py:545} INFO - Filling up the DagBag from /opt/airflow/dags/transfer.py
[2026-03-14T19:22:12.837+0000] {processor.py:840} INFO - DAG(s) 'transfer_from_minio_to_snowflake_transactions', 'transfer_from_minio_to_snowflake_customers', 'transfer_from_minio_to_snowflake_accounts' retrieved from /opt/airflow/dags/transfer.py
[2026-03-14T19:22:12.859+0000] {logging_mixin.py:188} INFO - [2026-03-14T19:22:12.858+0000] {dag.py:3089} INFO - Sync 3 DAGs
[2026-03-14T19:22:12.869+0000] {logging_mixin.py:188} INFO - [2026-03-14T19:22:12.869+0000] {dag.py:3947} INFO - Setting next_dagrun for transfer_from_minio_to_snowflake_accounts to 2026-03-14 19:21:00+00:00, run_after=2026-03-14 19:22:00+00:00
[2026-03-14T19:22:12.872+0000] {logging_mixin.py:188} INFO - [2026-03-14T19:22:12.872+0000] {dag.py:3947} INFO - Setting next_dagrun for transfer_from_minio_to_snowflake_customers to 2026-03-14 19:21:00+00:00, run_after=2026-03-14 19:22:00+00:00
[2026-03-14T19:22:12.873+0000] {logging_mixin.py:188} INFO - [2026-03-14T19:22:12.873+0000] {dag.py:3947} INFO - Setting next_dagrun for transfer_from_minio_to_snowflake_transactions to 2026-03-14 19:21:00+00:00, run_after=2026-03-14 19:22:00+00:00
[2026-03-14T19:22:12.880+0000] {processor.py:183} INFO - Processing /opt/airflow/dags/transfer.py took 0.062 seconds
[2026-03-14T19:38:07.996+0000] {processor.py:161} INFO - Started process (PID=3273) to work on /opt/airflow/dags/transfer.py
[2026-03-14T19:38:07.997+0000] {processor.py:830} INFO - Processing file /opt/airflow/dags/transfer.py for tasks to queue
[2026-03-14T19:38:07.999+0000] {logging_mixin.py:188} INFO - [2026-03-14T19:38:07.999+0000] {dagbag.py:545} INFO - Filling up the DagBag from /opt/airflow/dags/transfer.py
[2026-03-14T19:38:08.028+0000] {processor.py:840} INFO - DAG(s) 'transfer_from_minio_to_snowflake_accounts', 'transfer_from_minio_to_snowflake_customers', 'transfer_from_minio_to_snowflake_transactions' retrieved from /opt/airflow/dags/transfer.py
[2026-03-14T19:38:08.061+0000] {logging_mixin.py:188} INFO - [2026-03-14T19:38:08.060+0000] {dag.py:3089} INFO - Sync 3 DAGs
[2026-03-14T19:38:08.073+0000] {logging_mixin.py:188} INFO - [2026-03-14T19:38:08.073+0000] {dag.py:3947} INFO - Setting next_dagrun for transfer_from_minio_to_snowflake_accounts to 2026-03-14 19:37:00+00:00, run_after=2026-03-14 19:38:00+00:00
[2026-03-14T19:38:08.077+0000] {logging_mixin.py:188} INFO - [2026-03-14T19:38:08.076+0000] {dag.py:3947} INFO - Setting next_dagrun for transfer_from_minio_to_snowflake_customers to 2026-03-14 19:37:00+00:00, run_after=2026-03-14 19:38:00+00:00
[2026-03-14T19:38:08.078+0000] {logging_mixin.py:188} INFO - [2026-03-14T19:38:08.078+0000] {dag.py:3947} INFO - Setting next_dagrun for transfer_from_minio_to_snowflake_transactions to 2026-03-14 19:37:00+00:00, run_after=2026-03-14 19:38:00+00:00
[2026-03-14T19:38:08.085+0000] {processor.py:183} INFO - Processing /opt/airflow/dags/transfer.py took 0.098 seconds
[2026-03-14T19:38:38.465+0000] {processor.py:161} INFO - Started process (PID=3275) to work on /opt/airflow/dags/transfer.py
[2026-03-14T19:38:38.468+0000] {processor.py:830} INFO - Processing file /opt/airflow/dags/transfer.py for tasks to queue
[2026-03-14T19:38:38.471+0000] {logging_mixin.py:188} INFO - [2026-03-14T19:38:38.471+0000] {dagbag.py:545} INFO - Filling up the DagBag from /opt/airflow/dags/transfer.py
[2026-03-14T19:38:38.507+0000] {processor.py:840} INFO - DAG(s) 'transfer_from_minio_to_snowflake_accounts', 'transfer_from_minio_to_snowflake_customers', 'transfer_from_minio_to_snowflake_transactions' retrieved from /opt/airflow/dags/transfer.py
[2026-03-14T19:38:38.541+0000] {logging_mixin.py:188} INFO - [2026-03-14T19:38:38.541+0000] {dag.py:3089} INFO - Sync 3 DAGs
[2026-03-14T19:38:38.558+0000] {logging_mixin.py:188} INFO - [2026-03-14T19:38:38.558+0000] {dag.py:3947} INFO - Setting next_dagrun for transfer_from_minio_to_snowflake_accounts to 2026-03-14 19:37:00+00:00, run_after=2026-03-14 19:38:00+00:00
[2026-03-14T19:38:38.562+0000] {logging_mixin.py:188} INFO - [2026-03-14T19:38:38.562+0000] {dag.py:3947} INFO - Setting next_dagrun for transfer_from_minio_to_snowflake_customers to 2026-03-14 19:37:00+00:00, run_after=2026-03-14 19:38:00+00:00
[2026-03-14T19:38:38.563+0000] {logging_mixin.py:188} INFO - [2026-03-14T19:38:38.563+0000] {dag.py:3947} INFO - Setting next_dagrun for transfer_from_minio_to_snowflake_transactions to 2026-03-14 19:37:00+00:00, run_after=2026-03-14 19:38:00+00:00
[2026-03-14T19:38:38.571+0000] {processor.py:183} INFO - Processing /opt/airflow/dags/transfer.py took 0.116 seconds
[2026-03-14T19:54:33.765+0000] {processor.py:161} INFO - Started process (PID=3277) to work on /opt/airflow/dags/transfer.py
[2026-03-14T19:54:33.767+0000] {processor.py:830} INFO - Processing file /opt/airflow/dags/transfer.py for tasks to queue
[2026-03-14T19:54:33.769+0000] {logging_mixin.py:188} INFO - [2026-03-14T19:54:33.769+0000] {dagbag.py:545} INFO - Filling up the DagBag from /opt/airflow/dags/transfer.py
[2026-03-14T19:54:33.797+0000] {processor.py:840} INFO - DAG(s) 'transfer_from_minio_to_snowflake_accounts', 'transfer_from_minio_to_snowflake_customers', 'transfer_from_minio_to_snowflake_transactions' retrieved from /opt/airflow/dags/transfer.py
[2026-03-14T19:54:33.828+0000] {logging_mixin.py:188} INFO - [2026-03-14T19:54:33.827+0000] {dag.py:3089} INFO - Sync 3 DAGs
[2026-03-14T19:54:33.841+0000] {logging_mixin.py:188} INFO - [2026-03-14T19:54:33.841+0000] {dag.py:3947} INFO - Setting next_dagrun for transfer_from_minio_to_snowflake_accounts to 2026-03-14 19:53:00+00:00, run_after=2026-03-14 19:54:00+00:00
[2026-03-14T19:54:33.844+0000] {logging_mixin.py:188} INFO - [2026-03-14T19:54:33.844+0000] {dag.py:3947} INFO - Setting next_dagrun for transfer_from_minio_to_snowflake_customers to 2026-03-14 19:53:00+00:00, run_after=2026-03-14 19:54:00+00:00
[2026-03-14T19:54:33.845+0000] {logging_mixin.py:188} INFO - [2026-03-14T19:54:33.845+0000] {dag.py:3947} INFO - Setting next_dagrun for transfer_from_minio_to_snowflake_transactions to 2026-03-14 19:53:00+00:00, run_after=2026-03-14 19:54:00+00:00
[2026-03-14T19:54:33.852+0000] {processor.py:183} INFO - Processing /opt/airflow/dags/transfer.py took 0.101 seconds
[2026-03-14T20:10:30.029+0000] {processor.py:161} INFO - Started process (PID=3279) to work on /opt/airflow/dags/transfer.py
[2026-03-14T20:10:30.030+0000] {processor.py:830} INFO - Processing file /opt/airflow/dags/transfer.py for tasks to queue
[2026-03-14T20:10:30.035+0000] {logging_mixin.py:188} INFO - [2026-03-14T20:10:30.034+0000] {dagbag.py:545} INFO - Filling up the DagBag from /opt/airflow/dags/transfer.py
[2026-03-14T20:10:30.063+0000] {processor.py:840} INFO - DAG(s) 'transfer_from_minio_to_snowflake_accounts', 'transfer_from_minio_to_snowflake_transactions', 'transfer_from_minio_to_snowflake_customers' retrieved from /opt/airflow/dags/transfer.py
[2026-03-14T20:10:30.092+0000] {logging_mixin.py:188} INFO - [2026-03-14T20:10:30.092+0000] {dag.py:3089} INFO - Sync 3 DAGs
[2026-03-14T20:10:30.107+0000] {logging_mixin.py:188} INFO - [2026-03-14T20:10:30.106+0000] {dag.py:3947} INFO - Setting next_dagrun for transfer_from_minio_to_snowflake_accounts to 2026-03-14 20:09:00+00:00, run_after=2026-03-14 20:10:00+00:00
[2026-03-14T20:10:30.109+0000] {logging_mixin.py:188} INFO - [2026-03-14T20:10:30.109+0000] {dag.py:3947} INFO - Setting next_dagrun for transfer_from_minio_to_snowflake_customers to 2026-03-14 20:09:00+00:00, run_after=2026-03-14 20:10:00+00:00
[2026-03-14T20:10:30.111+0000] {logging_mixin.py:188} INFO - [2026-03-14T20:10:30.111+0000] {dag.py:3947} INFO - Setting next_dagrun for transfer_from_minio_to_snowflake_transactions to 2026-03-14 20:09:00+00:00, run_after=2026-03-14 20:10:00+00:00
[2026-03-14T20:10:30.119+0000] {processor.py:183} INFO - Processing /opt/airflow/dags/transfer.py took 0.096 seconds
[2026-03-14T20:11:00.514+0000] {processor.py:161} INFO - Started process (PID=3281) to work on /opt/airflow/dags/transfer.py
[2026-03-14T20:11:00.516+0000] {processor.py:830} INFO - Processing file /opt/airflow/dags/transfer.py for tasks to queue
[2026-03-14T20:11:00.521+0000] {logging_mixin.py:188} INFO - [2026-03-14T20:11:00.521+0000] {dagbag.py:545} INFO - Filling up the DagBag from /opt/airflow/dags/transfer.py
[2026-03-14T20:11:00.547+0000] {processor.py:840} INFO - DAG(s) 'transfer_from_minio_to_snowflake_accounts', 'transfer_from_minio_to_snowflake_customers', 'transfer_from_minio_to_snowflake_transactions' retrieved from /opt/airflow/dags/transfer.py
[2026-03-14T20:11:00.576+0000] {logging_mixin.py:188} INFO - [2026-03-14T20:11:00.575+0000] {dag.py:3089} INFO - Sync 3 DAGs
[2026-03-14T20:11:00.593+0000] {logging_mixin.py:188} INFO - [2026-03-14T20:11:00.593+0000] {dag.py:3947} INFO - Setting next_dagrun for transfer_from_minio_to_snowflake_accounts to 2026-03-14 20:10:00+00:00, run_after=2026-03-14 20:11:00+00:00
[2026-03-14T20:11:00.596+0000] {logging_mixin.py:188} INFO - [2026-03-14T20:11:00.596+0000] {dag.py:3947} INFO - Setting next_dagrun for transfer_from_minio_to_snowflake_customers to 2026-03-14 20:10:00+00:00, run_after=2026-03-14 20:11:00+00:00
[2026-03-14T20:11:00.598+0000] {logging_mixin.py:188} INFO - [2026-03-14T20:11:00.598+0000] {dag.py:3947} INFO - Setting next_dagrun for transfer_from_minio_to_snowflake_transactions to 2026-03-14 20:10:00+00:00, run_after=2026-03-14 20:11:00+00:00
[2026-03-14T20:11:00.608+0000] {processor.py:183} INFO - Processing /opt/airflow/dags/transfer.py took 0.105 seconds
[2026-03-14T20:26:54.196+0000] {processor.py:161} INFO - Started process (PID=3283) to work on /opt/airflow/dags/transfer.py
[2026-03-14T20:26:54.198+0000] {processor.py:830} INFO - Processing file /opt/airflow/dags/transfer.py for tasks to queue
[2026-03-14T20:26:54.203+0000] {logging_mixin.py:188} INFO - [2026-03-14T20:26:54.203+0000] {dagbag.py:545} INFO - Filling up the DagBag from /opt/airflow/dags/transfer.py
[2026-03-14T20:26:54.234+0000] {processor.py:840} INFO - DAG(s) 'transfer_from_minio_to_snowflake_accounts', 'transfer_from_minio_to_snowflake_transactions', 'transfer_from_minio_to_snowflake_customers' retrieved from /opt/airflow/dags/transfer.py
[2026-03-14T20:26:54.271+0000] {logging_mixin.py:188} INFO - [2026-03-14T20:26:54.271+0000] {dag.py:3089} INFO - Sync 3 DAGs
[2026-03-14T20:26:54.285+0000] {logging_mixin.py:188} INFO - [2026-03-14T20:26:54.285+0000] {dag.py:3947} INFO - Setting next_dagrun for transfer_from_minio_to_snowflake_accounts to 2026-03-14 20:25:00+00:00, run_after=2026-03-14 20:26:00+00:00
[2026-03-14T20:26:54.288+0000] {logging_mixin.py:188} INFO - [2026-03-14T20:26:54.288+0000] {dag.py:3947} INFO - Setting next_dagrun for transfer_from_minio_to_snowflake_customers to 2026-03-14 20:25:00+00:00, run_after=2026-03-14 20:26:00+00:00
[2026-03-14T20:26:54.290+0000] {logging_mixin.py:188} INFO - [2026-03-14T20:26:54.290+0000] {dag.py:3947} INFO - Setting next_dagrun for transfer_from_minio_to_snowflake_transactions to 2026-03-14 20:25:00+00:00, run_after=2026-03-14 20:26:00+00:00
[2026-03-14T20:26:54.297+0000] {processor.py:183} INFO - Processing /opt/airflow/dags/transfer.py took 0.113 seconds
[2026-03-14T20:27:24.640+0000] {processor.py:161} INFO - Started process (PID=3285) to work on /opt/airflow/dags/transfer.py
[2026-03-14T20:27:24.641+0000] {processor.py:830} INFO - Processing file /opt/airflow/dags/transfer.py for tasks to queue
[2026-03-14T20:27:24.643+0000] {logging_mixin.py:188} INFO - [2026-03-14T20:27:24.643+0000] {dagbag.py:545} INFO - Filling up the DagBag from /opt/airflow/dags/transfer.py
[2026-03-14T20:27:24.663+0000] {processor.py:840} INFO - DAG(s) 'transfer_from_minio_to_snowflake_transactions', 'transfer_from_minio_to_snowflake_customers', 'transfer_from_minio_to_snowflake_accounts' retrieved from /opt/airflow/dags/transfer.py
[2026-03-14T20:27:24.688+0000] {logging_mixin.py:188} INFO - [2026-03-14T20:27:24.687+0000] {dag.py:3089} INFO - Sync 3 DAGs
[2026-03-14T20:27:24.699+0000] {logging_mixin.py:188} INFO - [2026-03-14T20:27:24.699+0000] {dag.py:3947} INFO - Setting next_dagrun for transfer_from_minio_to_snowflake_accounts to 2026-03-14 20:26:00+00:00, run_after=2026-03-14 20:27:00+00:00
[2026-03-14T20:27:24.702+0000] {logging_mixin.py:188} INFO - [2026-03-14T20:27:24.702+0000] {dag.py:3947} INFO - Setting next_dagrun for transfer_from_minio_to_snowflake_customers to 2026-03-14 20:26:00+00:00, run_after=2026-03-14 20:27:00+00:00
[2026-03-14T20:27:24.704+0000] {logging_mixin.py:188} INFO - [2026-03-14T20:27:24.704+0000] {dag.py:3947} INFO - Setting next_dagrun for transfer_from_minio_to_snowflake_transactions to 2026-03-14 20:26:00+00:00, run_after=2026-03-14 20:27:00+00:00
[2026-03-14T20:27:24.712+0000] {processor.py:183} INFO - Processing /opt/airflow/dags/transfer.py took 0.078 seconds
[2026-03-14T20:43:19.823+0000] {processor.py:161} INFO - Started process (PID=3287) to work on /opt/airflow/dags/transfer.py
[2026-03-14T20:43:19.824+0000] {processor.py:830} INFO - Processing file /opt/airflow/dags/transfer.py for tasks to queue
[2026-03-14T20:43:19.828+0000] {logging_mixin.py:188} INFO - [2026-03-14T20:43:19.827+0000] {dagbag.py:545} INFO - Filling up the DagBag from /opt/airflow/dags/transfer.py
[2026-03-14T20:43:19.852+0000] {processor.py:840} INFO - DAG(s) 'transfer_from_minio_to_snowflake_customers', 'transfer_from_minio_to_snowflake_transactions', 'transfer_from_minio_to_snowflake_accounts' retrieved from /opt/airflow/dags/transfer.py
[2026-03-14T20:43:19.877+0000] {logging_mixin.py:188} INFO - [2026-03-14T20:43:19.876+0000] {dag.py:3089} INFO - Sync 3 DAGs
[2026-03-14T20:43:19.893+0000] {logging_mixin.py:188} INFO - [2026-03-14T20:43:19.893+0000] {dag.py:3947} INFO - Setting next_dagrun for transfer_from_minio_to_snowflake_accounts to 2026-03-14 20:42:00+00:00, run_after=2026-03-14 20:43:00+00:00
[2026-03-14T20:43:19.896+0000] {logging_mixin.py:188} INFO - [2026-03-14T20:43:19.895+0000] {dag.py:3947} INFO - Setting next_dagrun for transfer_from_minio_to_snowflake_customers to 2026-03-14 20:42:00+00:00, run_after=2026-03-14 20:43:00+00:00
[2026-03-14T20:43:19.897+0000] {logging_mixin.py:188} INFO - [2026-03-14T20:43:19.897+0000] {dag.py:3947} INFO - Setting next_dagrun for transfer_from_minio_to_snowflake_transactions to 2026-03-14 20:42:00+00:00, run_after=2026-03-14 20:43:00+00:00
[2026-03-14T20:43:19.904+0000] {processor.py:183} INFO - Processing /opt/airflow/dags/transfer.py took 0.096 seconds
[2026-03-14T20:59:23.909+0000] {processor.py:161} INFO - Started process (PID=3289) to work on /opt/airflow/dags/transfer.py
[2026-03-14T20:59:23.911+0000] {processor.py:830} INFO - Processing file /opt/airflow/dags/transfer.py for tasks to queue
[2026-03-14T20:59:23.913+0000] {logging_mixin.py:188} INFO - [2026-03-14T20:59:23.913+0000] {dagbag.py:545} INFO - Filling up the DagBag from /opt/airflow/dags/transfer.py
[2026-03-14T20:59:23.942+0000] {processor.py:840} INFO - DAG(s) 'transfer_from_minio_to_snowflake_accounts', 'transfer_from_minio_to_snowflake_customers', 'transfer_from_minio_to_snowflake_transactions' retrieved from /opt/airflow/dags/transfer.py
[2026-03-14T20:59:23.972+0000] {logging_mixin.py:188} INFO - [2026-03-14T20:59:23.971+0000] {dag.py:3089} INFO - Sync 3 DAGs
[2026-03-14T20:59:23.986+0000] {logging_mixin.py:188} INFO - [2026-03-14T20:59:23.986+0000] {dag.py:3947} INFO - Setting next_dagrun for transfer_from_minio_to_snowflake_accounts to 2026-03-14 20:58:00+00:00, run_after=2026-03-14 20:59:00+00:00
[2026-03-14T20:59:23.989+0000] {logging_mixin.py:188} INFO - [2026-03-14T20:59:23.989+0000] {dag.py:3947} INFO - Setting next_dagrun for transfer_from_minio_to_snowflake_customers to 2026-03-14 20:58:00+00:00, run_after=2026-03-14 20:59:00+00:00
[2026-03-14T20:59:23.990+0000] {logging_mixin.py:188} INFO - [2026-03-14T20:59:23.990+0000] {dag.py:3947} INFO - Setting next_dagrun for transfer_from_minio_to_snowflake_transactions to 2026-03-14 20:58:00+00:00, run_after=2026-03-14 20:59:00+00:00
[2026-03-14T20:59:24.000+0000] {processor.py:183} INFO - Processing /opt/airflow/dags/transfer.py took 0.101 seconds
[2026-03-14T20:59:54.385+0000] {processor.py:161} INFO - Started process (PID=3291) to work on /opt/airflow/dags/transfer.py
[2026-03-14T20:59:54.389+0000] {processor.py:830} INFO - Processing file /opt/airflow/dags/transfer.py for tasks to queue
[2026-03-14T20:59:54.399+0000] {logging_mixin.py:188} INFO - [2026-03-14T20:59:54.398+0000] {dagbag.py:545} INFO - Filling up the DagBag from /opt/airflow/dags/transfer.py
[2026-03-14T20:59:54.438+0000] {processor.py:840} INFO - DAG(s) 'transfer_from_minio_to_snowflake_customers', 'transfer_from_minio_to_snowflake_transactions', 'transfer_from_minio_to_snowflake_accounts' retrieved from /opt/airflow/dags/transfer.py
[2026-03-14T20:59:54.470+0000] {logging_mixin.py:188} INFO - [2026-03-14T20:59:54.470+0000] {dag.py:3089} INFO - Sync 3 DAGs
[2026-03-14T20:59:54.483+0000] {logging_mixin.py:188} INFO - [2026-03-14T20:59:54.483+0000] {dag.py:3947} INFO - Setting next_dagrun for transfer_from_minio_to_snowflake_accounts to 2026-03-14 20:58:00+00:00, run_after=2026-03-14 20:59:00+00:00
[2026-03-14T20:59:54.486+0000] {logging_mixin.py:188} INFO - [2026-03-14T20:59:54.486+0000] {dag.py:3947} INFO - Setting next_dagrun for transfer_from_minio_to_snowflake_customers to 2026-03-14 20:58:00+00:00, run_after=2026-03-14 20:59:00+00:00
[2026-03-14T20:59:54.488+0000] {logging_mixin.py:188} INFO - [2026-03-14T20:59:54.487+0000] {dag.py:3947} INFO - Setting next_dagrun for transfer_from_minio_to_snowflake_transactions to 2026-03-14 20:58:00+00:00, run_after=2026-03-14 20:59:00+00:00
[2026-03-14T20:59:54.497+0000] {processor.py:183} INFO - Processing /opt/airflow/dags/transfer.py took 0.118 seconds
[2026-03-14T21:07:28.505+0000] {processor.py:161} INFO - Started process (PID=3293) to work on /opt/airflow/dags/transfer.py
[2026-03-14T21:07:28.508+0000] {processor.py:830} INFO - Processing file /opt/airflow/dags/transfer.py for tasks to queue
[2026-03-14T21:07:28.511+0000] {logging_mixin.py:188} INFO - [2026-03-14T21:07:28.511+0000] {dagbag.py:545} INFO - Filling up the DagBag from /opt/airflow/dags/transfer.py
[2026-03-14T21:07:28.550+0000] {processor.py:840} INFO - DAG(s) 'transfer_from_minio_to_snowflake_transactions', 'transfer_from_minio_to_snowflake_customers', 'transfer_from_minio_to_snowflake_accounts' retrieved from /opt/airflow/dags/transfer.py
[2026-03-14T21:07:28.578+0000] {logging_mixin.py:188} INFO - [2026-03-14T21:07:28.578+0000] {dag.py:3089} INFO - Sync 3 DAGs
[2026-03-14T21:07:28.593+0000] {logging_mixin.py:188} INFO - [2026-03-14T21:07:28.593+0000] {dag.py:3947} INFO - Setting next_dagrun for transfer_from_minio_to_snowflake_accounts to 2026-03-14 21:06:00+00:00, run_after=2026-03-14 21:07:00+00:00
[2026-03-14T21:07:28.596+0000] {logging_mixin.py:188} INFO - [2026-03-14T21:07:28.596+0000] {dag.py:3947} INFO - Setting next_dagrun for transfer_from_minio_to_snowflake_customers to 2026-03-14 21:06:00+00:00, run_after=2026-03-14 21:07:00+00:00
[2026-03-14T21:07:28.597+0000] {logging_mixin.py:188} INFO - [2026-03-14T21:07:28.597+0000] {dag.py:3947} INFO - Setting next_dagrun for transfer_from_minio_to_snowflake_transactions to 2026-03-14 21:06:00+00:00, run_after=2026-03-14 21:07:00+00:00
[2026-03-14T21:07:28.606+0000] {processor.py:183} INFO - Processing /opt/airflow/dags/transfer.py took 0.111 seconds
[2026-03-14T21:12:00.111+0000] {processor.py:161} INFO - Started process (PID=3295) to work on /opt/airflow/dags/transfer.py
[2026-03-14T21:12:00.113+0000] {processor.py:830} INFO - Processing file /opt/airflow/dags/transfer.py for tasks to queue
[2026-03-14T21:12:00.116+0000] {logging_mixin.py:188} INFO - [2026-03-14T21:12:00.115+0000] {dagbag.py:545} INFO - Filling up the DagBag from /opt/airflow/dags/transfer.py
[2026-03-14T21:12:00.154+0000] {processor.py:840} INFO - DAG(s) 'transfer_from_minio_to_snowflake_transactions', 'transfer_from_minio_to_snowflake_accounts', 'transfer_from_minio_to_snowflake_customers' retrieved from /opt/airflow/dags/transfer.py
[2026-03-14T21:12:00.188+0000] {logging_mixin.py:188} INFO - [2026-03-14T21:12:00.187+0000] {dag.py:3089} INFO - Sync 3 DAGs
[2026-03-14T21:12:00.205+0000] {logging_mixin.py:188} INFO - [2026-03-14T21:12:00.205+0000] {dag.py:3947} INFO - Setting next_dagrun for transfer_from_minio_to_snowflake_accounts to 2026-03-14 21:11:00+00:00, run_after=2026-03-14 21:12:00+00:00
[2026-03-14T21:12:00.208+0000] {logging_mixin.py:188} INFO - [2026-03-14T21:12:00.207+0000] {dag.py:3947} INFO - Setting next_dagrun for transfer_from_minio_to_snowflake_customers to 2026-03-14 21:11:00+00:00, run_after=2026-03-14 21:12:00+00:00
[2026-03-14T21:12:00.209+0000] {logging_mixin.py:188} INFO - [2026-03-14T21:12:00.209+0000] {dag.py:3947} INFO - Setting next_dagrun for transfer_from_minio_to_snowflake_transactions to 2026-03-14 21:11:00+00:00, run_after=2026-03-14 21:12:00+00:00
[2026-03-14T21:12:00.217+0000] {processor.py:183} INFO - Processing /opt/airflow/dags/transfer.py took 0.115 seconds
[2026-03-14T21:12:30.634+0000] {processor.py:161} INFO - Started process (PID=3297) to work on /opt/airflow/dags/transfer.py
[2026-03-14T21:12:30.636+0000] {processor.py:830} INFO - Processing file /opt/airflow/dags/transfer.py for tasks to queue
[2026-03-14T21:12:30.640+0000] {logging_mixin.py:188} INFO - [2026-03-14T21:12:30.639+0000] {dagbag.py:545} INFO - Filling up the DagBag from /opt/airflow/dags/transfer.py
[2026-03-14T21:12:30.668+0000] {processor.py:840} INFO - DAG(s) 'transfer_from_minio_to_snowflake_customers', 'transfer_from_minio_to_snowflake_accounts', 'transfer_from_minio_to_snowflake_transactions' retrieved from /opt/airflow/dags/transfer.py
[2026-03-14T21:12:30.690+0000] {logging_mixin.py:188} INFO - [2026-03-14T21:12:30.690+0000] {dag.py:3089} INFO - Sync 3 DAGs
[2026-03-14T21:12:30.703+0000] {logging_mixin.py:188} INFO - [2026-03-14T21:12:30.702+0000] {dag.py:3947} INFO - Setting next_dagrun for transfer_from_minio_to_snowflake_accounts to 2026-03-14 21:11:00+00:00, run_after=2026-03-14 21:12:00+00:00
[2026-03-14T21:12:30.705+0000] {logging_mixin.py:188} INFO - [2026-03-14T21:12:30.705+0000] {dag.py:3947} INFO - Setting next_dagrun for transfer_from_minio_to_snowflake_customers to 2026-03-14 21:11:00+00:00, run_after=2026-03-14 21:12:00+00:00
[2026-03-14T21:12:30.707+0000] {logging_mixin.py:188} INFO - [2026-03-14T21:12:30.707+0000] {dag.py:3947} INFO - Setting next_dagrun for transfer_from_minio_to_snowflake_transactions to 2026-03-14 21:11:00+00:00, run_after=2026-03-14 21:12:00+00:00
[2026-03-14T21:12:30.713+0000] {processor.py:183} INFO - Processing /opt/airflow/dags/transfer.py took 0.088 seconds
[2026-03-14T21:28:25.834+0000] {processor.py:161} INFO - Started process (PID=3299) to work on /opt/airflow/dags/transfer.py
[2026-03-14T21:28:25.836+0000] {processor.py:830} INFO - Processing file /opt/airflow/dags/transfer.py for tasks to queue
[2026-03-14T21:28:25.839+0000] {logging_mixin.py:188} INFO - [2026-03-14T21:28:25.839+0000] {dagbag.py:545} INFO - Filling up the DagBag from /opt/airflow/dags/transfer.py
[2026-03-14T21:28:25.862+0000] {processor.py:840} INFO - DAG(s) 'transfer_from_minio_to_snowflake_transactions', 'transfer_from_minio_to_snowflake_customers', 'transfer_from_minio_to_snowflake_accounts' retrieved from /opt/airflow/dags/transfer.py
[2026-03-14T21:28:25.891+0000] {logging_mixin.py:188} INFO - [2026-03-14T21:28:25.891+0000] {dag.py:3089} INFO - Sync 3 DAGs
[2026-03-14T21:28:25.906+0000] {logging_mixin.py:188} INFO - [2026-03-14T21:28:25.906+0000] {dag.py:3947} INFO - Setting next_dagrun for transfer_from_minio_to_snowflake_accounts to 2026-03-14 21:27:00+00:00, run_after=2026-03-14 21:28:00+00:00
[2026-03-14T21:28:25.910+0000] {logging_mixin.py:188} INFO - [2026-03-14T21:28:25.910+0000] {dag.py:3947} INFO - Setting next_dagrun for transfer_from_minio_to_snowflake_customers to 2026-03-14 21:27:00+00:00, run_after=2026-03-14 21:28:00+00:00
[2026-03-14T21:28:25.912+0000] {logging_mixin.py:188} INFO - [2026-03-14T21:28:25.912+0000] {dag.py:3947} INFO - Setting next_dagrun for transfer_from_minio_to_snowflake_transactions to 2026-03-14 21:27:00+00:00, run_after=2026-03-14 21:28:00+00:00
[2026-03-14T21:28:25.920+0000] {processor.py:183} INFO - Processing /opt/airflow/dags/transfer.py took 0.091 seconds
[2026-03-14T21:28:56.263+0000] {processor.py:161} INFO - Started process (PID=3301) to work on /opt/airflow/dags/transfer.py
[2026-03-14T21:28:56.265+0000] {processor.py:830} INFO - Processing file /opt/airflow/dags/transfer.py for tasks to queue
[2026-03-14T21:28:56.268+0000] {logging_mixin.py:188} INFO - [2026-03-14T21:28:56.267+0000] {dagbag.py:545} INFO - Filling up the DagBag from /opt/airflow/dags/transfer.py
[2026-03-14T21:28:56.292+0000] {processor.py:840} INFO - DAG(s) 'transfer_from_minio_to_snowflake_transactions', 'transfer_from_minio_to_snowflake_customers', 'transfer_from_minio_to_snowflake_accounts' retrieved from /opt/airflow/dags/transfer.py
[2026-03-14T21:28:56.316+0000] {logging_mixin.py:188} INFO - [2026-03-14T21:28:56.315+0000] {dag.py:3089} INFO - Sync 3 DAGs
[2026-03-14T21:28:56.329+0000] {logging_mixin.py:188} INFO - [2026-03-14T21:28:56.329+0000] {dag.py:3947} INFO - Setting next_dagrun for transfer_from_minio_to_snowflake_accounts to 2026-03-14 21:27:00+00:00, run_after=2026-03-14 21:28:00+00:00
[2026-03-14T21:28:56.332+0000] {logging_mixin.py:188} INFO - [2026-03-14T21:28:56.331+0000] {dag.py:3947} INFO - Setting next_dagrun for transfer_from_minio_to_snowflake_customers to 2026-03-14 21:27:00+00:00, run_after=2026-03-14 21:28:00+00:00
[2026-03-14T21:28:56.333+0000] {logging_mixin.py:188} INFO - [2026-03-14T21:28:56.333+0000] {dag.py:3947} INFO - Setting next_dagrun for transfer_from_minio_to_snowflake_transactions to 2026-03-14 21:27:00+00:00, run_after=2026-03-14 21:28:00+00:00
[2026-03-14T21:28:56.340+0000] {processor.py:183} INFO - Processing /opt/airflow/dags/transfer.py took 0.087 seconds
[2026-03-14T21:44:56.040+0000] {processor.py:161} INFO - Started process (PID=3303) to work on /opt/airflow/dags/transfer.py
[2026-03-14T21:44:56.041+0000] {processor.py:830} INFO - Processing file /opt/airflow/dags/transfer.py for tasks to queue
[2026-03-14T21:44:56.043+0000] {logging_mixin.py:188} INFO - [2026-03-14T21:44:56.043+0000] {dagbag.py:545} INFO - Filling up the DagBag from /opt/airflow/dags/transfer.py
[2026-03-14T21:44:56.071+0000] {processor.py:840} INFO - DAG(s) 'transfer_from_minio_to_snowflake_transactions', 'transfer_from_minio_to_snowflake_accounts', 'transfer_from_minio_to_snowflake_customers' retrieved from /opt/airflow/dags/transfer.py
[2026-03-14T21:44:56.101+0000] {logging_mixin.py:188} INFO - [2026-03-14T21:44:56.101+0000] {dag.py:3089} INFO - Sync 3 DAGs
[2026-03-14T21:44:56.117+0000] {logging_mixin.py:188} INFO - [2026-03-14T21:44:56.117+0000] {dag.py:3947} INFO - Setting next_dagrun for transfer_from_minio_to_snowflake_accounts to 2026-03-14 21:43:00+00:00, run_after=2026-03-14 21:44:00+00:00
[2026-03-14T21:44:56.120+0000] {logging_mixin.py:188} INFO - [2026-03-14T21:44:56.120+0000] {dag.py:3947} INFO - Setting next_dagrun for transfer_from_minio_to_snowflake_customers to 2026-03-14 21:43:00+00:00, run_after=2026-03-14 21:44:00+00:00
[2026-03-14T21:44:56.122+0000] {logging_mixin.py:188} INFO - [2026-03-14T21:44:56.122+0000] {dag.py:3947} INFO - Setting next_dagrun for transfer_from_minio_to_snowflake_transactions to 2026-03-14 21:43:00+00:00, run_after=2026-03-14 21:44:00+00:00
[2026-03-14T21:44:56.130+0000] {processor.py:183} INFO - Processing /opt/airflow/dags/transfer.py took 0.097 seconds
[2026-03-14T21:50:55.874+0000] {processor.py:161} INFO - Started process (PID=3305) to work on /opt/airflow/dags/transfer.py
[2026-03-14T21:50:55.875+0000] {processor.py:830} INFO - Processing file /opt/airflow/dags/transfer.py for tasks to queue
[2026-03-14T21:50:55.879+0000] {logging_mixin.py:188} INFO - [2026-03-14T21:50:55.879+0000] {dagbag.py:545} INFO - Filling up the DagBag from /opt/airflow/dags/transfer.py
[2026-03-14T21:50:55.915+0000] {processor.py:840} INFO - DAG(s) 'transfer_from_minio_to_snowflake_transactions', 'transfer_from_minio_to_snowflake_accounts', 'transfer_from_minio_to_snowflake_customers' retrieved from /opt/airflow/dags/transfer.py
[2026-03-14T21:50:55.944+0000] {logging_mixin.py:188} INFO - [2026-03-14T21:50:55.943+0000] {dag.py:3089} INFO - Sync 3 DAGs
[2026-03-14T21:50:55.962+0000] {logging_mixin.py:188} INFO - [2026-03-14T21:50:55.961+0000] {dag.py:3947} INFO - Setting next_dagrun for transfer_from_minio_to_snowflake_accounts to 2026-03-14 21:49:00+00:00, run_after=2026-03-14 21:50:00+00:00
[2026-03-14T21:50:55.965+0000] {logging_mixin.py:188} INFO - [2026-03-14T21:50:55.964+0000] {dag.py:3947} INFO - Setting next_dagrun for transfer_from_minio_to_snowflake_customers to 2026-03-14 21:49:00+00:00, run_after=2026-03-14 21:50:00+00:00
[2026-03-14T21:50:55.966+0000] {logging_mixin.py:188} INFO - [2026-03-14T21:50:55.966+0000] {dag.py:3947} INFO - Setting next_dagrun for transfer_from_minio_to_snowflake_transactions to 2026-03-14 21:49:00+00:00, run_after=2026-03-14 21:50:00+00:00
[2026-03-14T21:50:55.974+0000] {processor.py:183} INFO - Processing /opt/airflow/dags/transfer.py took 0.114 seconds
[2026-03-14T21:51:26.411+0000] {processor.py:161} INFO - Started process (PID=3307) to work on /opt/airflow/dags/transfer.py
[2026-03-14T21:51:26.413+0000] {processor.py:830} INFO - Processing file /opt/airflow/dags/transfer.py for tasks to queue
[2026-03-14T21:51:26.415+0000] {logging_mixin.py:188} INFO - [2026-03-14T21:51:26.414+0000] {dagbag.py:545} INFO - Filling up the DagBag from /opt/airflow/dags/transfer.py
[2026-03-14T21:51:26.447+0000] {processor.py:840} INFO - DAG(s) 'transfer_from_minio_to_snowflake_accounts', 'transfer_from_minio_to_snowflake_customers', 'transfer_from_minio_to_snowflake_transactions' retrieved from /opt/airflow/dags/transfer.py
[2026-03-14T21:51:26.487+0000] {logging_mixin.py:188} INFO - [2026-03-14T21:51:26.487+0000] {dag.py:3089} INFO - Sync 3 DAGs
[2026-03-14T21:51:26.503+0000] {logging_mixin.py:188} INFO - [2026-03-14T21:51:26.503+0000] {dag.py:3947} INFO - Setting next_dagrun for transfer_from_minio_to_snowflake_accounts to 2026-03-14 21:50:00+00:00, run_after=2026-03-14 21:51:00+00:00
[2026-03-14T21:51:26.505+0000] {logging_mixin.py:188} INFO - [2026-03-14T21:51:26.505+0000] {dag.py:3947} INFO - Setting next_dagrun for transfer_from_minio_to_snowflake_customers to 2026-03-14 21:50:00+00:00, run_after=2026-03-14 21:51:00+00:00
[2026-03-14T21:51:26.507+0000] {logging_mixin.py:188} INFO - [2026-03-14T21:51:26.507+0000] {dag.py:3947} INFO - Setting next_dagrun for transfer_from_minio_to_snowflake_transactions to 2026-03-14 21:50:00+00:00, run_after=2026-03-14 21:51:00+00:00
[2026-03-14T21:51:26.515+0000] {processor.py:183} INFO - Processing /opt/airflow/dags/transfer.py took 0.112 seconds
[2026-03-14T22:07:21.616+0000] {processor.py:161} INFO - Started process (PID=3309) to work on /opt/airflow/dags/transfer.py
[2026-03-14T22:07:21.619+0000] {processor.py:830} INFO - Processing file /opt/airflow/dags/transfer.py for tasks to queue
[2026-03-14T22:07:21.622+0000] {logging_mixin.py:188} INFO - [2026-03-14T22:07:21.622+0000] {dagbag.py:545} INFO - Filling up the DagBag from /opt/airflow/dags/transfer.py
[2026-03-14T22:07:21.646+0000] {processor.py:840} INFO - DAG(s) 'transfer_from_minio_to_snowflake_customers', 'transfer_from_minio_to_snowflake_transactions', 'transfer_from_minio_to_snowflake_accounts' retrieved from /opt/airflow/dags/transfer.py
[2026-03-14T22:07:21.670+0000] {logging_mixin.py:188} INFO - [2026-03-14T22:07:21.670+0000] {dag.py:3089} INFO - Sync 3 DAGs
[2026-03-14T22:07:21.684+0000] {logging_mixin.py:188} INFO - [2026-03-14T22:07:21.684+0000] {dag.py:3947} INFO - Setting next_dagrun for transfer_from_minio_to_snowflake_accounts to 2026-03-14 22:06:00+00:00, run_after=2026-03-14 22:07:00+00:00
[2026-03-14T22:07:21.687+0000] {logging_mixin.py:188} INFO - [2026-03-14T22:07:21.687+0000] {dag.py:3947} INFO - Setting next_dagrun for transfer_from_minio_to_snowflake_customers to 2026-03-14 22:06:00+00:00, run_after=2026-03-14 22:07:00+00:00
[2026-03-14T22:07:21.689+0000] {logging_mixin.py:188} INFO - [2026-03-14T22:07:21.689+0000] {dag.py:3947} INFO - Setting next_dagrun for transfer_from_minio_to_snowflake_transactions to 2026-03-14 22:06:00+00:00, run_after=2026-03-14 22:07:00+00:00
[2026-03-14T22:07:21.697+0000] {processor.py:183} INFO - Processing /opt/airflow/dags/transfer.py took 0.091 seconds
[2026-03-14T22:23:17.702+0000] {processor.py:161} INFO - Started process (PID=3311) to work on /opt/airflow/dags/transfer.py
[2026-03-14T22:23:17.705+0000] {processor.py:830} INFO - Processing file /opt/airflow/dags/transfer.py for tasks to queue
[2026-03-14T22:23:17.709+0000] {logging_mixin.py:188} INFO - [2026-03-14T22:23:17.709+0000] {dagbag.py:545} INFO - Filling up the DagBag from /opt/airflow/dags/transfer.py
[2026-03-14T22:23:17.739+0000] {processor.py:840} INFO - DAG(s) 'transfer_from_minio_to_snowflake_transactions', 'transfer_from_minio_to_snowflake_accounts', 'transfer_from_minio_to_snowflake_customers' retrieved from /opt/airflow/dags/transfer.py
[2026-03-14T22:23:17.773+0000] {logging_mixin.py:188} INFO - [2026-03-14T22:23:17.772+0000] {dag.py:3089} INFO - Sync 3 DAGs
[2026-03-14T22:23:17.786+0000] {logging_mixin.py:188} INFO - [2026-03-14T22:23:17.785+0000] {dag.py:3947} INFO - Setting next_dagrun for transfer_from_minio_to_snowflake_accounts to 2026-03-14 22:22:00+00:00, run_after=2026-03-14 22:23:00+00:00
[2026-03-14T22:23:17.788+0000] {logging_mixin.py:188} INFO - [2026-03-14T22:23:17.788+0000] {dag.py:3947} INFO - Setting next_dagrun for transfer_from_minio_to_snowflake_customers to 2026-03-14 22:22:00+00:00, run_after=2026-03-14 22:23:00+00:00
[2026-03-14T22:23:17.790+0000] {logging_mixin.py:188} INFO - [2026-03-14T22:23:17.790+0000] {dag.py:3947} INFO - Setting next_dagrun for transfer_from_minio_to_snowflake_transactions to 2026-03-14 22:22:00+00:00, run_after=2026-03-14 22:23:00+00:00
[2026-03-14T22:23:17.797+0000] {processor.py:183} INFO - Processing /opt/airflow/dags/transfer.py took 0.103 seconds
[2026-03-14T22:23:48.146+0000] {processor.py:161} INFO - Started process (PID=3313) to work on /opt/airflow/dags/transfer.py
[2026-03-14T22:23:48.147+0000] {processor.py:830} INFO - Processing file /opt/airflow/dags/transfer.py for tasks to queue
[2026-03-14T22:23:48.150+0000] {logging_mixin.py:188} INFO - [2026-03-14T22:23:48.149+0000] {dagbag.py:545} INFO - Filling up the DagBag from /opt/airflow/dags/transfer.py
[2026-03-14T22:23:48.172+0000] {processor.py:840} INFO - DAG(s) 'transfer_from_minio_to_snowflake_customers', 'transfer_from_minio_to_snowflake_accounts', 'transfer_from_minio_to_snowflake_transactions' retrieved from /opt/airflow/dags/transfer.py
[2026-03-14T22:23:48.197+0000] {logging_mixin.py:188} INFO - [2026-03-14T22:23:48.196+0000] {dag.py:3089} INFO - Sync 3 DAGs
[2026-03-14T22:23:48.209+0000] {logging_mixin.py:188} INFO - [2026-03-14T22:23:48.209+0000] {dag.py:3947} INFO - Setting next_dagrun for transfer_from_minio_to_snowflake_accounts to 2026-03-14 22:22:00+00:00, run_after=2026-03-14 22:23:00+00:00
[2026-03-14T22:23:48.212+0000] {logging_mixin.py:188} INFO - [2026-03-14T22:23:48.212+0000] {dag.py:3947} INFO - Setting next_dagrun for transfer_from_minio_to_snowflake_customers to 2026-03-14 22:22:00+00:00, run_after=2026-03-14 22:23:00+00:00
[2026-03-14T22:23:48.214+0000] {logging_mixin.py:188} INFO - [2026-03-14T22:23:48.214+0000] {dag.py:3947} INFO - Setting next_dagrun for transfer_from_minio_to_snowflake_transactions to 2026-03-14 22:22:00+00:00, run_after=2026-03-14 22:23:00+00:00
[2026-03-14T22:23:48.221+0000] {processor.py:183} INFO - Processing /opt/airflow/dags/transfer.py took 0.084 seconds
[2026-03-14T22:39:43.376+0000] {processor.py:161} INFO - Started process (PID=3315) to work on /opt/airflow/dags/transfer.py
[2026-03-14T22:39:43.377+0000] {processor.py:830} INFO - Processing file /opt/airflow/dags/transfer.py for tasks to queue
[2026-03-14T22:39:43.383+0000] {logging_mixin.py:188} INFO - [2026-03-14T22:39:43.383+0000] {dagbag.py:545} INFO - Filling up the DagBag from /opt/airflow/dags/transfer.py
[2026-03-14T22:39:43.415+0000] {processor.py:840} INFO - DAG(s) 'transfer_from_minio_to_snowflake_customers', 'transfer_from_minio_to_snowflake_accounts', 'transfer_from_minio_to_snowflake_transactions' retrieved from /opt/airflow/dags/transfer.py
[2026-03-14T22:39:43.439+0000] {logging_mixin.py:188} INFO - [2026-03-14T22:39:43.439+0000] {dag.py:3089} INFO - Sync 3 DAGs
[2026-03-14T22:39:43.454+0000] {logging_mixin.py:188} INFO - [2026-03-14T22:39:43.454+0000] {dag.py:3947} INFO - Setting next_dagrun for transfer_from_minio_to_snowflake_accounts to 2026-03-14 22:38:00+00:00, run_after=2026-03-14 22:39:00+00:00
[2026-03-14T22:39:43.456+0000] {logging_mixin.py:188} INFO - [2026-03-14T22:39:43.456+0000] {dag.py:3947} INFO - Setting next_dagrun for transfer_from_minio_to_snowflake_customers to 2026-03-14 22:38:00+00:00, run_after=2026-03-14 22:39:00+00:00
[2026-03-14T22:39:43.458+0000] {logging_mixin.py:188} INFO - [2026-03-14T22:39:43.458+0000] {dag.py:3947} INFO - Setting next_dagrun for transfer_from_minio_to_snowflake_transactions to 2026-03-14 22:38:00+00:00, run_after=2026-03-14 22:39:00+00:00
[2026-03-14T22:39:43.465+0000] {processor.py:183} INFO - Processing /opt/airflow/dags/transfer.py took 0.098 seconds
[2026-03-14T22:55:39.507+0000] {processor.py:161} INFO - Started process (PID=3317) to work on /opt/airflow/dags/transfer.py
[2026-03-14T22:55:39.508+0000] {processor.py:830} INFO - Processing file /opt/airflow/dags/transfer.py for tasks to queue
[2026-03-14T22:55:39.511+0000] {logging_mixin.py:188} INFO - [2026-03-14T22:55:39.511+0000] {dagbag.py:545} INFO - Filling up the DagBag from /opt/airflow/dags/transfer.py
[2026-03-14T22:55:39.547+0000] {processor.py:840} INFO - DAG(s) 'transfer_from_minio_to_snowflake_customers', 'transfer_from_minio_to_snowflake_accounts', 'transfer_from_minio_to_snowflake_transactions' retrieved from /opt/airflow/dags/transfer.py
[2026-03-14T22:55:39.577+0000] {logging_mixin.py:188} INFO - [2026-03-14T22:55:39.577+0000] {dag.py:3089} INFO - Sync 3 DAGs
[2026-03-14T22:55:39.594+0000] {logging_mixin.py:188} INFO - [2026-03-14T22:55:39.593+0000] {dag.py:3947} INFO - Setting next_dagrun for transfer_from_minio_to_snowflake_accounts to 2026-03-14 22:54:00+00:00, run_after=2026-03-14 22:55:00+00:00
[2026-03-14T22:55:39.596+0000] {logging_mixin.py:188} INFO - [2026-03-14T22:55:39.596+0000] {dag.py:3947} INFO - Setting next_dagrun for transfer_from_minio_to_snowflake_customers to 2026-03-14 22:54:00+00:00, run_after=2026-03-14 22:55:00+00:00
[2026-03-14T22:55:39.598+0000] {logging_mixin.py:188} INFO - [2026-03-14T22:55:39.598+0000] {dag.py:3947} INFO - Setting next_dagrun for transfer_from_minio_to_snowflake_transactions to 2026-03-14 22:54:00+00:00, run_after=2026-03-14 22:55:00+00:00
[2026-03-14T22:55:39.606+0000] {processor.py:183} INFO - Processing /opt/airflow/dags/transfer.py took 0.107 seconds
[2026-03-14T22:56:10.042+0000] {processor.py:161} INFO - Started process (PID=3319) to work on /opt/airflow/dags/transfer.py
[2026-03-14T22:56:10.044+0000] {processor.py:830} INFO - Processing file /opt/airflow/dags/transfer.py for tasks to queue
[2026-03-14T22:56:10.047+0000] {logging_mixin.py:188} INFO - [2026-03-14T22:56:10.046+0000] {dagbag.py:545} INFO - Filling up the DagBag from /opt/airflow/dags/transfer.py
[2026-03-14T22:56:10.085+0000] {processor.py:840} INFO - DAG(s) 'transfer_from_minio_to_snowflake_accounts', 'transfer_from_minio_to_snowflake_customers', 'transfer_from_minio_to_snowflake_transactions' retrieved from /opt/airflow/dags/transfer.py
[2026-03-14T22:56:10.116+0000] {logging_mixin.py:188} INFO - [2026-03-14T22:56:10.116+0000] {dag.py:3089} INFO - Sync 3 DAGs
[2026-03-14T22:56:10.131+0000] {logging_mixin.py:188} INFO - [2026-03-14T22:56:10.130+0000] {dag.py:3947} INFO - Setting next_dagrun for transfer_from_minio_to_snowflake_accounts to 2026-03-14 22:55:00+00:00, run_after=2026-03-14 22:56:00+00:00
[2026-03-14T22:56:10.133+0000] {logging_mixin.py:188} INFO - [2026-03-14T22:56:10.133+0000] {dag.py:3947} INFO - Setting next_dagrun for transfer_from_minio_to_snowflake_customers to 2026-03-14 22:55:00+00:00, run_after=2026-03-14 22:56:00+00:00
[2026-03-14T22:56:10.135+0000] {logging_mixin.py:188} INFO - [2026-03-14T22:56:10.135+0000] {dag.py:3947} INFO - Setting next_dagrun for transfer_from_minio_to_snowflake_transactions to 2026-03-14 22:55:00+00:00, run_after=2026-03-14 22:56:00+00:00
[2026-03-14T22:56:10.142+0000] {processor.py:183} INFO - Processing /opt/airflow/dags/transfer.py took 0.111 seconds
[2026-03-14T23:08:32.429+0000] {processor.py:161} INFO - Started process (PID=3321) to work on /opt/airflow/dags/transfer.py
[2026-03-14T23:08:32.432+0000] {processor.py:830} INFO - Processing file /opt/airflow/dags/transfer.py for tasks to queue
[2026-03-14T23:08:32.438+0000] {logging_mixin.py:188} INFO - [2026-03-14T23:08:32.438+0000] {dagbag.py:545} INFO - Filling up the DagBag from /opt/airflow/dags/transfer.py
[2026-03-14T23:08:32.470+0000] {processor.py:840} INFO - DAG(s) 'transfer_from_minio_to_snowflake_transactions', 'transfer_from_minio_to_snowflake_customers', 'transfer_from_minio_to_snowflake_accounts' retrieved from /opt/airflow/dags/transfer.py
[2026-03-14T23:08:32.500+0000] {logging_mixin.py:188} INFO - [2026-03-14T23:08:32.499+0000] {dag.py:3089} INFO - Sync 3 DAGs
[2026-03-14T23:08:32.516+0000] {logging_mixin.py:188} INFO - [2026-03-14T23:08:32.516+0000] {dag.py:3947} INFO - Setting next_dagrun for transfer_from_minio_to_snowflake_accounts to 2026-03-14 23:07:00+00:00, run_after=2026-03-14 23:08:00+00:00
[2026-03-14T23:08:32.519+0000] {logging_mixin.py:188} INFO - [2026-03-14T23:08:32.519+0000] {dag.py:3947} INFO - Setting next_dagrun for transfer_from_minio_to_snowflake_customers to 2026-03-14 23:07:00+00:00, run_after=2026-03-14 23:08:00+00:00
[2026-03-14T23:08:32.521+0000] {logging_mixin.py:188} INFO - [2026-03-14T23:08:32.521+0000] {dag.py:3947} INFO - Setting next_dagrun for transfer_from_minio_to_snowflake_transactions to 2026-03-14 23:07:00+00:00, run_after=2026-03-14 23:08:00+00:00
[2026-03-14T23:08:32.529+0000] {processor.py:183} INFO - Processing /opt/airflow/dags/transfer.py took 0.110 seconds
[2026-03-14T23:24:45.352+0000] {processor.py:161} INFO - Started process (PID=3323) to work on /opt/airflow/dags/transfer.py
[2026-03-14T23:24:45.353+0000] {processor.py:830} INFO - Processing file /opt/airflow/dags/transfer.py for tasks to queue
[2026-03-14T23:24:45.356+0000] {logging_mixin.py:188} INFO - [2026-03-14T23:24:45.355+0000] {dagbag.py:545} INFO - Filling up the DagBag from /opt/airflow/dags/transfer.py
[2026-03-14T23:24:45.387+0000] {processor.py:840} INFO - DAG(s) 'transfer_from_minio_to_snowflake_customers', 'transfer_from_minio_to_snowflake_accounts', 'transfer_from_minio_to_snowflake_transactions' retrieved from /opt/airflow/dags/transfer.py
[2026-03-14T23:24:45.412+0000] {logging_mixin.py:188} INFO - [2026-03-14T23:24:45.411+0000] {dag.py:3089} INFO - Sync 3 DAGs
[2026-03-14T23:24:45.427+0000] {logging_mixin.py:188} INFO - [2026-03-14T23:24:45.427+0000] {dag.py:3947} INFO - Setting next_dagrun for transfer_from_minio_to_snowflake_accounts to 2026-03-14 23:23:00+00:00, run_after=2026-03-14 23:24:00+00:00
[2026-03-14T23:24:45.430+0000] {logging_mixin.py:188} INFO - [2026-03-14T23:24:45.430+0000] {dag.py:3947} INFO - Setting next_dagrun for transfer_from_minio_to_snowflake_customers to 2026-03-14 23:23:00+00:00, run_after=2026-03-14 23:24:00+00:00
[2026-03-14T23:24:45.431+0000] {logging_mixin.py:188} INFO - [2026-03-14T23:24:45.431+0000] {dag.py:3947} INFO - Setting next_dagrun for transfer_from_minio_to_snowflake_transactions to 2026-03-14 23:23:00+00:00, run_after=2026-03-14 23:24:00+00:00
[2026-03-14T23:24:45.438+0000] {processor.py:183} INFO - Processing /opt/airflow/dags/transfer.py took 0.094 seconds
[2026-03-14T23:25:15.825+0000] {processor.py:161} INFO - Started process (PID=3325) to work on /opt/airflow/dags/transfer.py
[2026-03-14T23:25:15.827+0000] {processor.py:830} INFO - Processing file /opt/airflow/dags/transfer.py for tasks to queue
[2026-03-14T23:25:15.831+0000] {logging_mixin.py:188} INFO - [2026-03-14T23:25:15.830+0000] {dagbag.py:545} INFO - Filling up the DagBag from /opt/airflow/dags/transfer.py
[2026-03-14T23:25:15.857+0000] {processor.py:840} INFO - DAG(s) 'transfer_from_minio_to_snowflake_accounts', 'transfer_from_minio_to_snowflake_customers', 'transfer_from_minio_to_snowflake_transactions' retrieved from /opt/airflow/dags/transfer.py
[2026-03-14T23:25:15.886+0000] {logging_mixin.py:188} INFO - [2026-03-14T23:25:15.886+0000] {dag.py:3089} INFO - Sync 3 DAGs
[2026-03-14T23:25:15.901+0000] {logging_mixin.py:188} INFO - [2026-03-14T23:25:15.901+0000] {dag.py:3947} INFO - Setting next_dagrun for transfer_from_minio_to_snowflake_accounts to 2026-03-14 23:24:00+00:00, run_after=2026-03-14 23:25:00+00:00
[2026-03-14T23:25:15.905+0000] {logging_mixin.py:188} INFO - [2026-03-14T23:25:15.905+0000] {dag.py:3947} INFO - Setting next_dagrun for transfer_from_minio_to_snowflake_customers to 2026-03-14 23:24:00+00:00, run_after=2026-03-14 23:25:00+00:00
[2026-03-14T23:25:15.907+0000] {logging_mixin.py:188} INFO - [2026-03-14T23:25:15.907+0000] {dag.py:3947} INFO - Setting next_dagrun for transfer_from_minio_to_snowflake_transactions to 2026-03-14 23:24:00+00:00, run_after=2026-03-14 23:25:00+00:00
[2026-03-14T23:25:15.915+0000] {processor.py:183} INFO - Processing /opt/airflow/dags/transfer.py took 0.101 seconds
[2026-03-14T23:41:10.305+0000] {processor.py:161} INFO - Started process (PID=3327) to work on /opt/airflow/dags/transfer.py
[2026-03-14T23:41:10.306+0000] {processor.py:830} INFO - Processing file /opt/airflow/dags/transfer.py for tasks to queue
[2026-03-14T23:41:10.308+0000] {logging_mixin.py:188} INFO - [2026-03-14T23:41:10.308+0000] {dagbag.py:545} INFO - Filling up the DagBag from /opt/airflow/dags/transfer.py
[2026-03-14T23:41:10.339+0000] {processor.py:840} INFO - DAG(s) 'transfer_from_minio_to_snowflake_transactions', 'transfer_from_minio_to_snowflake_accounts', 'transfer_from_minio_to_snowflake_customers' retrieved from /opt/airflow/dags/transfer.py
[2026-03-14T23:41:10.372+0000] {logging_mixin.py:188} INFO - [2026-03-14T23:41:10.372+0000] {dag.py:3089} INFO - Sync 3 DAGs
[2026-03-14T23:41:10.388+0000] {logging_mixin.py:188} INFO - [2026-03-14T23:41:10.388+0000] {dag.py:3947} INFO - Setting next_dagrun for transfer_from_minio_to_snowflake_accounts to 2026-03-14 23:40:00+00:00, run_after=2026-03-14 23:41:00+00:00
[2026-03-14T23:41:10.391+0000] {logging_mixin.py:188} INFO - [2026-03-14T23:41:10.391+0000] {dag.py:3947} INFO - Setting next_dagrun for transfer_from_minio_to_snowflake_customers to 2026-03-14 23:40:00+00:00, run_after=2026-03-14 23:41:00+00:00
[2026-03-14T23:41:10.392+0000] {logging_mixin.py:188} INFO - [2026-03-14T23:41:10.392+0000] {dag.py:3947} INFO - Setting next_dagrun for transfer_from_minio_to_snowflake_transactions to 2026-03-14 23:40:00+00:00, run_after=2026-03-14 23:41:00+00:00
[2026-03-14T23:41:10.401+0000] {processor.py:183} INFO - Processing /opt/airflow/dags/transfer.py took 0.105 seconds
[2026-03-14T23:41:40.833+0000] {processor.py:161} INFO - Started process (PID=3329) to work on /opt/airflow/dags/transfer.py
[2026-03-14T23:41:40.835+0000] {processor.py:830} INFO - Processing file /opt/airflow/dags/transfer.py for tasks to queue
[2026-03-14T23:41:40.839+0000] {logging_mixin.py:188} INFO - [2026-03-14T23:41:40.839+0000] {dagbag.py:545} INFO - Filling up the DagBag from /opt/airflow/dags/transfer.py
[2026-03-14T23:41:40.865+0000] {processor.py:840} INFO - DAG(s) 'transfer_from_minio_to_snowflake_transactions', 'transfer_from_minio_to_snowflake_accounts', 'transfer_from_minio_to_snowflake_customers' retrieved from /opt/airflow/dags/transfer.py
[2026-03-14T23:41:40.893+0000] {logging_mixin.py:188} INFO - [2026-03-14T23:41:40.893+0000] {dag.py:3089} INFO - Sync 3 DAGs
[2026-03-14T23:41:40.907+0000] {logging_mixin.py:188} INFO - [2026-03-14T23:41:40.907+0000] {dag.py:3947} INFO - Setting next_dagrun for transfer_from_minio_to_snowflake_accounts to 2026-03-14 23:40:00+00:00, run_after=2026-03-14 23:41:00+00:00
[2026-03-14T23:41:40.910+0000] {logging_mixin.py:188} INFO - [2026-03-14T23:41:40.910+0000] {dag.py:3947} INFO - Setting next_dagrun for transfer_from_minio_to_snowflake_customers to 2026-03-14 23:40:00+00:00, run_after=2026-03-14 23:41:00+00:00
[2026-03-14T23:41:40.911+0000] {logging_mixin.py:188} INFO - [2026-03-14T23:41:40.911+0000] {dag.py:3947} INFO - Setting next_dagrun for transfer_from_minio_to_snowflake_transactions to 2026-03-14 23:40:00+00:00, run_after=2026-03-14 23:41:00+00:00
[2026-03-14T23:41:40.918+0000] {processor.py:183} INFO - Processing /opt/airflow/dags/transfer.py took 0.094 seconds
[2026-03-14T23:57:36.126+0000] {processor.py:161} INFO - Started process (PID=3331) to work on /opt/airflow/dags/transfer.py
[2026-03-14T23:57:36.128+0000] {processor.py:830} INFO - Processing file /opt/airflow/dags/transfer.py for tasks to queue
[2026-03-14T23:57:36.132+0000] {logging_mixin.py:188} INFO - [2026-03-14T23:57:36.131+0000] {dagbag.py:545} INFO - Filling up the DagBag from /opt/airflow/dags/transfer.py
[2026-03-14T23:57:36.163+0000] {processor.py:840} INFO - DAG(s) 'transfer_from_minio_to_snowflake_customers', 'transfer_from_minio_to_snowflake_transactions', 'transfer_from_minio_to_snowflake_accounts' retrieved from /opt/airflow/dags/transfer.py
[2026-03-14T23:57:36.192+0000] {logging_mixin.py:188} INFO - [2026-03-14T23:57:36.192+0000] {dag.py:3089} INFO - Sync 3 DAGs
[2026-03-14T23:57:36.208+0000] {logging_mixin.py:188} INFO - [2026-03-14T23:57:36.208+0000] {dag.py:3947} INFO - Setting next_dagrun for transfer_from_minio_to_snowflake_accounts to 2026-03-14 23:56:00+00:00, run_after=2026-03-14 23:57:00+00:00
[2026-03-14T23:57:36.211+0000] {logging_mixin.py:188} INFO - [2026-03-14T23:57:36.211+0000] {dag.py:3947} INFO - Setting next_dagrun for transfer_from_minio_to_snowflake_customers to 2026-03-14 23:56:00+00:00, run_after=2026-03-14 23:57:00+00:00
[2026-03-14T23:57:36.212+0000] {logging_mixin.py:188} INFO - [2026-03-14T23:57:36.212+0000] {dag.py:3947} INFO - Setting next_dagrun for transfer_from_minio_to_snowflake_transactions to 2026-03-14 23:56:00+00:00, run_after=2026-03-14 23:57:00+00:00
[2026-03-14T23:57:36.220+0000] {processor.py:183} INFO - Processing /opt/airflow/dags/transfer.py took 0.102 seconds
[2026-03-14T23:58:06.791+0000] {processor.py:161} INFO - Started process (PID=3333) to work on /opt/airflow/dags/transfer.py
[2026-03-14T23:58:06.792+0000] {processor.py:830} INFO - Processing file /opt/airflow/dags/transfer.py for tasks to queue
[2026-03-14T23:58:06.796+0000] {logging_mixin.py:188} INFO - [2026-03-14T23:58:06.796+0000] {dagbag.py:545} INFO - Filling up the DagBag from /opt/airflow/dags/transfer.py
[2026-03-14T23:58:06.821+0000] {processor.py:840} INFO - DAG(s) 'transfer_from_minio_to_snowflake_accounts', 'transfer_from_minio_to_snowflake_customers', 'transfer_from_minio_to_snowflake_transactions' retrieved from /opt/airflow/dags/transfer.py
[2026-03-14T23:58:06.844+0000] {logging_mixin.py:188} INFO - [2026-03-14T23:58:06.843+0000] {dag.py:3089} INFO - Sync 3 DAGs
[2026-03-14T23:58:06.856+0000] {logging_mixin.py:188} INFO - [2026-03-14T23:58:06.855+0000] {dag.py:3947} INFO - Setting next_dagrun for transfer_from_minio_to_snowflake_accounts to 2026-03-14 23:57:00+00:00, run_after=2026-03-14 23:58:00+00:00
[2026-03-14T23:58:06.858+0000] {logging_mixin.py:188} INFO - [2026-03-14T23:58:06.858+0000] {dag.py:3947} INFO - Setting next_dagrun for transfer_from_minio_to_snowflake_customers to 2026-03-14 23:57:00+00:00, run_after=2026-03-14 23:58:00+00:00
[2026-03-14T23:58:06.860+0000] {logging_mixin.py:188} INFO - [2026-03-14T23:58:06.860+0000] {dag.py:3947} INFO - Setting next_dagrun for transfer_from_minio_to_snowflake_transactions to 2026-03-14 23:57:00+00:00, run_after=2026-03-14 23:58:00+00:00
[2026-03-14T23:58:06.867+0000] {processor.py:183} INFO - Processing /opt/airflow/dags/transfer.py took 0.086 seconds
[2026-03-14T23:58:37.275+0000] {processor.py:161} INFO - Started process (PID=3335) to work on /opt/airflow/dags/transfer.py
[2026-03-14T23:58:37.276+0000] {processor.py:830} INFO - Processing file /opt/airflow/dags/transfer.py for tasks to queue
[2026-03-14T23:58:37.279+0000] {logging_mixin.py:188} INFO - [2026-03-14T23:58:37.279+0000] {dagbag.py:545} INFO - Filling up the DagBag from /opt/airflow/dags/transfer.py
[2026-03-14T23:58:37.315+0000] {processor.py:840} INFO - DAG(s) 'transfer_from_minio_to_snowflake_transactions', 'transfer_from_minio_to_snowflake_accounts', 'transfer_from_minio_to_snowflake_customers' retrieved from /opt/airflow/dags/transfer.py
[2026-03-14T23:58:37.345+0000] {logging_mixin.py:188} INFO - [2026-03-14T23:58:37.344+0000] {dag.py:3089} INFO - Sync 3 DAGs
[2026-03-14T23:58:37.359+0000] {logging_mixin.py:188} INFO - [2026-03-14T23:58:37.359+0000] {dag.py:3947} INFO - Setting next_dagrun for transfer_from_minio_to_snowflake_accounts to 2026-03-14 23:57:00+00:00, run_after=2026-03-14 23:58:00+00:00
[2026-03-14T23:58:37.363+0000] {logging_mixin.py:188} INFO - [2026-03-14T23:58:37.363+0000] {dag.py:3947} INFO - Setting next_dagrun for transfer_from_minio_to_snowflake_customers to 2026-03-14 23:57:00+00:00, run_after=2026-03-14 23:58:00+00:00
[2026-03-14T23:58:37.365+0000] {logging_mixin.py:188} INFO - [2026-03-14T23:58:37.365+0000] {dag.py:3947} INFO - Setting next_dagrun for transfer_from_minio_to_snowflake_transactions to 2026-03-14 23:57:00+00:00, run_after=2026-03-14 23:58:00+00:00
[2026-03-14T23:58:37.373+0000] {processor.py:183} INFO - Processing /opt/airflow/dags/transfer.py took 0.106 seconds
