[2026-03-12T00:07:38.337+0000] {processor.py:161} INFO - Started process (PID=499) to work on /opt/airflow/dags/transfer.py
[2026-03-12T00:07:38.338+0000] {processor.py:830} INFO - Processing file /opt/airflow/dags/transfer.py for tasks to queue
[2026-03-12T00:07:38.340+0000] {logging_mixin.py:188} INFO - [2026-03-12T00:07:38.339+0000] {dagbag.py:545} INFO - Filling up the DagBag from /opt/airflow/dags/transfer.py
[2026-03-12T00:07:38.367+0000] {processor.py:840} INFO - DAG(s) 'transfer_from_minio_to_snowflake_accounts', 'transfer_from_minio_to_snowflake_customers', 'transfer_from_minio_to_snowflake_transactions' retrieved from /opt/airflow/dags/transfer.py
[2026-03-12T00:07:38.399+0000] {logging_mixin.py:188} INFO - [2026-03-12T00:07:38.399+0000] {dag.py:3089} INFO - Sync 3 DAGs
[2026-03-12T00:07:38.425+0000] {logging_mixin.py:188} INFO - [2026-03-12T00:07:38.425+0000] {dag.py:3947} INFO - Setting next_dagrun for transfer_from_minio_to_snowflake_accounts to 2026-03-12 00:06:00+00:00, run_after=2026-03-12 00:07:00+00:00
[2026-03-12T00:07:38.430+0000] {logging_mixin.py:188} INFO - [2026-03-12T00:07:38.430+0000] {dag.py:3947} INFO - Setting next_dagrun for transfer_from_minio_to_snowflake_customers to 2026-03-12 00:06:00+00:00, run_after=2026-03-12 00:07:00+00:00
[2026-03-12T00:07:38.435+0000] {logging_mixin.py:188} INFO - [2026-03-12T00:07:38.435+0000] {dag.py:3947} INFO - Setting next_dagrun for transfer_from_minio_to_snowflake_transactions to 2026-03-12 00:06:00+00:00, run_after=2026-03-12 00:07:00+00:00
[2026-03-12T00:07:38.446+0000] {processor.py:183} INFO - Processing /opt/airflow/dags/transfer.py took 0.119 seconds
[2026-03-12T00:23:33.487+0000] {processor.py:161} INFO - Started process (PID=500) to work on /opt/airflow/dags/transfer.py
[2026-03-12T00:23:33.488+0000] {processor.py:830} INFO - Processing file /opt/airflow/dags/transfer.py for tasks to queue
[2026-03-12T00:23:33.490+0000] {logging_mixin.py:188} INFO - [2026-03-12T00:23:33.489+0000] {dagbag.py:545} INFO - Filling up the DagBag from /opt/airflow/dags/transfer.py
[2026-03-12T00:23:33.518+0000] {processor.py:840} INFO - DAG(s) 'transfer_from_minio_to_snowflake_transactions', 'transfer_from_minio_to_snowflake_accounts', 'transfer_from_minio_to_snowflake_customers' retrieved from /opt/airflow/dags/transfer.py
[2026-03-12T00:23:33.551+0000] {logging_mixin.py:188} INFO - [2026-03-12T00:23:33.550+0000] {dag.py:3089} INFO - Sync 3 DAGs
[2026-03-12T00:23:33.574+0000] {logging_mixin.py:188} INFO - [2026-03-12T00:23:33.574+0000] {dag.py:3947} INFO - Setting next_dagrun for transfer_from_minio_to_snowflake_accounts to 2026-03-12 00:22:00+00:00, run_after=2026-03-12 00:23:00+00:00
[2026-03-12T00:23:33.577+0000] {logging_mixin.py:188} INFO - [2026-03-12T00:23:33.577+0000] {dag.py:3947} INFO - Setting next_dagrun for transfer_from_minio_to_snowflake_customers to 2026-03-12 00:22:00+00:00, run_after=2026-03-12 00:23:00+00:00
[2026-03-12T00:23:33.578+0000] {logging_mixin.py:188} INFO - [2026-03-12T00:23:33.578+0000] {dag.py:3947} INFO - Setting next_dagrun for transfer_from_minio_to_snowflake_transactions to 2026-03-12 00:22:00+00:00, run_after=2026-03-12 00:23:00+00:00
[2026-03-12T00:23:33.587+0000] {processor.py:183} INFO - Processing /opt/airflow/dags/transfer.py took 0.112 seconds
[2026-03-12T00:24:03.921+0000] {processor.py:161} INFO - Started process (PID=501) to work on /opt/airflow/dags/transfer.py
[2026-03-12T00:24:03.929+0000] {processor.py:830} INFO - Processing file /opt/airflow/dags/transfer.py for tasks to queue
[2026-03-12T00:24:03.931+0000] {logging_mixin.py:188} INFO - [2026-03-12T00:24:03.930+0000] {dagbag.py:545} INFO - Filling up the DagBag from /opt/airflow/dags/transfer.py
[2026-03-12T00:24:03.968+0000] {processor.py:840} INFO - DAG(s) 'transfer_from_minio_to_snowflake_accounts', 'transfer_from_minio_to_snowflake_transactions', 'transfer_from_minio_to_snowflake_customers' retrieved from /opt/airflow/dags/transfer.py
[2026-03-12T00:24:04.016+0000] {logging_mixin.py:188} INFO - [2026-03-12T00:24:04.016+0000] {dag.py:3089} INFO - Sync 3 DAGs
[2026-03-12T00:24:04.038+0000] {logging_mixin.py:188} INFO - [2026-03-12T00:24:04.038+0000] {dag.py:3947} INFO - Setting next_dagrun for transfer_from_minio_to_snowflake_accounts to 2026-03-12 00:23:00+00:00, run_after=2026-03-12 00:24:00+00:00
[2026-03-12T00:24:04.041+0000] {logging_mixin.py:188} INFO - [2026-03-12T00:24:04.041+0000] {dag.py:3947} INFO - Setting next_dagrun for transfer_from_minio_to_snowflake_customers to 2026-03-12 00:23:00+00:00, run_after=2026-03-12 00:24:00+00:00
[2026-03-12T00:24:04.042+0000] {logging_mixin.py:188} INFO - [2026-03-12T00:24:04.042+0000] {dag.py:3947} INFO - Setting next_dagrun for transfer_from_minio_to_snowflake_transactions to 2026-03-12 00:23:00+00:00, run_after=2026-03-12 00:24:00+00:00
[2026-03-12T00:24:04.052+0000] {processor.py:183} INFO - Processing /opt/airflow/dags/transfer.py took 0.150 seconds
[2026-03-12T00:32:17.551+0000] {processor.py:161} INFO - Started process (PID=502) to work on /opt/airflow/dags/transfer.py
[2026-03-12T00:32:17.552+0000] {processor.py:830} INFO - Processing file /opt/airflow/dags/transfer.py for tasks to queue
[2026-03-12T00:32:17.553+0000] {logging_mixin.py:188} INFO - [2026-03-12T00:32:17.552+0000] {dagbag.py:545} INFO - Filling up the DagBag from /opt/airflow/dags/transfer.py
[2026-03-12T00:32:17.581+0000] {processor.py:840} INFO - DAG(s) 'transfer_from_minio_to_snowflake_transactions', 'transfer_from_minio_to_snowflake_customers', 'transfer_from_minio_to_snowflake_accounts' retrieved from /opt/airflow/dags/transfer.py
[2026-03-12T00:32:17.614+0000] {logging_mixin.py:188} INFO - [2026-03-12T00:32:17.614+0000] {dag.py:3089} INFO - Sync 3 DAGs
[2026-03-12T00:32:17.630+0000] {logging_mixin.py:188} INFO - [2026-03-12T00:32:17.629+0000] {dag.py:3947} INFO - Setting next_dagrun for transfer_from_minio_to_snowflake_accounts to 2026-03-12 00:31:00+00:00, run_after=2026-03-12 00:32:00+00:00
[2026-03-12T00:32:17.632+0000] {logging_mixin.py:188} INFO - [2026-03-12T00:32:17.632+0000] {dag.py:3947} INFO - Setting next_dagrun for transfer_from_minio_to_snowflake_customers to 2026-03-12 00:31:00+00:00, run_after=2026-03-12 00:32:00+00:00
[2026-03-12T00:32:17.634+0000] {logging_mixin.py:188} INFO - [2026-03-12T00:32:17.634+0000] {dag.py:3947} INFO - Setting next_dagrun for transfer_from_minio_to_snowflake_transactions to 2026-03-12 00:31:00+00:00, run_after=2026-03-12 00:32:00+00:00
[2026-03-12T00:32:17.643+0000] {processor.py:183} INFO - Processing /opt/airflow/dags/transfer.py took 0.103 seconds
[2026-03-12T00:32:48.027+0000] {processor.py:161} INFO - Started process (PID=503) to work on /opt/airflow/dags/transfer.py
[2026-03-12T00:32:48.028+0000] {processor.py:830} INFO - Processing file /opt/airflow/dags/transfer.py for tasks to queue
[2026-03-12T00:32:48.030+0000] {logging_mixin.py:188} INFO - [2026-03-12T00:32:48.029+0000] {dagbag.py:545} INFO - Filling up the DagBag from /opt/airflow/dags/transfer.py
[2026-03-12T00:32:48.069+0000] {processor.py:840} INFO - DAG(s) 'transfer_from_minio_to_snowflake_transactions', 'transfer_from_minio_to_snowflake_customers', 'transfer_from_minio_to_snowflake_accounts' retrieved from /opt/airflow/dags/transfer.py
[2026-03-12T00:32:48.105+0000] {logging_mixin.py:188} INFO - [2026-03-12T00:32:48.105+0000] {dag.py:3089} INFO - Sync 3 DAGs
[2026-03-12T00:32:48.128+0000] {logging_mixin.py:188} INFO - [2026-03-12T00:32:48.128+0000] {dag.py:3947} INFO - Setting next_dagrun for transfer_from_minio_to_snowflake_accounts to 2026-03-12 00:31:00+00:00, run_after=2026-03-12 00:32:00+00:00
[2026-03-12T00:32:48.131+0000] {logging_mixin.py:188} INFO - [2026-03-12T00:32:48.131+0000] {dag.py:3947} INFO - Setting next_dagrun for transfer_from_minio_to_snowflake_customers to 2026-03-12 00:31:00+00:00, run_after=2026-03-12 00:32:00+00:00
[2026-03-12T00:32:48.132+0000] {logging_mixin.py:188} INFO - [2026-03-12T00:32:48.132+0000] {dag.py:3947} INFO - Setting next_dagrun for transfer_from_minio_to_snowflake_transactions to 2026-03-12 00:31:00+00:00, run_after=2026-03-12 00:32:00+00:00
[2026-03-12T00:32:48.141+0000] {processor.py:183} INFO - Processing /opt/airflow/dags/transfer.py took 0.133 seconds
[2026-03-12T00:48:43.118+0000] {processor.py:161} INFO - Started process (PID=504) to work on /opt/airflow/dags/transfer.py
[2026-03-12T00:48:43.119+0000] {processor.py:830} INFO - Processing file /opt/airflow/dags/transfer.py for tasks to queue
[2026-03-12T00:48:43.121+0000] {logging_mixin.py:188} INFO - [2026-03-12T00:48:43.120+0000] {dagbag.py:545} INFO - Filling up the DagBag from /opt/airflow/dags/transfer.py
[2026-03-12T00:48:43.152+0000] {processor.py:840} INFO - DAG(s) 'transfer_from_minio_to_snowflake_transactions', 'transfer_from_minio_to_snowflake_accounts', 'transfer_from_minio_to_snowflake_customers' retrieved from /opt/airflow/dags/transfer.py
[2026-03-12T00:48:43.187+0000] {logging_mixin.py:188} INFO - [2026-03-12T00:48:43.186+0000] {dag.py:3089} INFO - Sync 3 DAGs
[2026-03-12T00:48:43.203+0000] {logging_mixin.py:188} INFO - [2026-03-12T00:48:43.202+0000] {dag.py:3947} INFO - Setting next_dagrun for transfer_from_minio_to_snowflake_accounts to 2026-03-12 00:47:00+00:00, run_after=2026-03-12 00:48:00+00:00
[2026-03-12T00:48:43.205+0000] {logging_mixin.py:188} INFO - [2026-03-12T00:48:43.205+0000] {dag.py:3947} INFO - Setting next_dagrun for transfer_from_minio_to_snowflake_customers to 2026-03-12 00:47:00+00:00, run_after=2026-03-12 00:48:00+00:00
[2026-03-12T00:48:43.207+0000] {logging_mixin.py:188} INFO - [2026-03-12T00:48:43.207+0000] {dag.py:3947} INFO - Setting next_dagrun for transfer_from_minio_to_snowflake_transactions to 2026-03-12 00:47:00+00:00, run_after=2026-03-12 00:48:00+00:00
[2026-03-12T00:48:43.217+0000] {processor.py:183} INFO - Processing /opt/airflow/dags/transfer.py took 0.115 seconds
[2026-03-12T01:04:38.619+0000] {processor.py:161} INFO - Started process (PID=505) to work on /opt/airflow/dags/transfer.py
[2026-03-12T01:04:38.620+0000] {processor.py:830} INFO - Processing file /opt/airflow/dags/transfer.py for tasks to queue
[2026-03-12T01:04:38.621+0000] {logging_mixin.py:188} INFO - [2026-03-12T01:04:38.621+0000] {dagbag.py:545} INFO - Filling up the DagBag from /opt/airflow/dags/transfer.py
[2026-03-12T01:04:38.646+0000] {processor.py:840} INFO - DAG(s) 'transfer_from_minio_to_snowflake_accounts', 'transfer_from_minio_to_snowflake_transactions', 'transfer_from_minio_to_snowflake_customers' retrieved from /opt/airflow/dags/transfer.py
[2026-03-12T01:04:38.682+0000] {logging_mixin.py:188} INFO - [2026-03-12T01:04:38.682+0000] {dag.py:3089} INFO - Sync 3 DAGs
[2026-03-12T01:04:38.698+0000] {logging_mixin.py:188} INFO - [2026-03-12T01:04:38.698+0000] {dag.py:3947} INFO - Setting next_dagrun for transfer_from_minio_to_snowflake_accounts to 2026-03-12 01:03:00+00:00, run_after=2026-03-12 01:04:00+00:00
[2026-03-12T01:04:38.703+0000] {logging_mixin.py:188} INFO - [2026-03-12T01:04:38.703+0000] {dag.py:3947} INFO - Setting next_dagrun for transfer_from_minio_to_snowflake_customers to 2026-03-12 01:03:00+00:00, run_after=2026-03-12 01:04:00+00:00
[2026-03-12T01:04:38.705+0000] {logging_mixin.py:188} INFO - [2026-03-12T01:04:38.705+0000] {dag.py:3947} INFO - Setting next_dagrun for transfer_from_minio_to_snowflake_transactions to 2026-03-12 01:03:00+00:00, run_after=2026-03-12 01:04:00+00:00
[2026-03-12T01:04:38.713+0000] {processor.py:183} INFO - Processing /opt/airflow/dags/transfer.py took 0.103 seconds
[2026-03-12T01:05:09.073+0000] {processor.py:161} INFO - Started process (PID=506) to work on /opt/airflow/dags/transfer.py
[2026-03-12T01:05:09.074+0000] {processor.py:830} INFO - Processing file /opt/airflow/dags/transfer.py for tasks to queue
[2026-03-12T01:05:09.076+0000] {logging_mixin.py:188} INFO - [2026-03-12T01:05:09.075+0000] {dagbag.py:545} INFO - Filling up the DagBag from /opt/airflow/dags/transfer.py
[2026-03-12T01:05:09.109+0000] {processor.py:840} INFO - DAG(s) 'transfer_from_minio_to_snowflake_customers', 'transfer_from_minio_to_snowflake_accounts', 'transfer_from_minio_to_snowflake_transactions' retrieved from /opt/airflow/dags/transfer.py
[2026-03-12T01:05:09.154+0000] {logging_mixin.py:188} INFO - [2026-03-12T01:05:09.154+0000] {dag.py:3089} INFO - Sync 3 DAGs
[2026-03-12T01:05:09.177+0000] {logging_mixin.py:188} INFO - [2026-03-12T01:05:09.177+0000] {dag.py:3947} INFO - Setting next_dagrun for transfer_from_minio_to_snowflake_accounts to 2026-03-12 01:04:00+00:00, run_after=2026-03-12 01:05:00+00:00
[2026-03-12T01:05:09.180+0000] {logging_mixin.py:188} INFO - [2026-03-12T01:05:09.180+0000] {dag.py:3947} INFO - Setting next_dagrun for transfer_from_minio_to_snowflake_customers to 2026-03-12 01:04:00+00:00, run_after=2026-03-12 01:05:00+00:00
[2026-03-12T01:05:09.182+0000] {logging_mixin.py:188} INFO - [2026-03-12T01:05:09.182+0000] {dag.py:3947} INFO - Setting next_dagrun for transfer_from_minio_to_snowflake_transactions to 2026-03-12 01:04:00+00:00, run_after=2026-03-12 01:05:00+00:00
[2026-03-12T01:05:09.191+0000] {processor.py:183} INFO - Processing /opt/airflow/dags/transfer.py took 0.133 seconds
[2026-03-12T01:26:19.334+0000] {processor.py:161} INFO - Started process (PID=507) to work on /opt/airflow/dags/transfer.py
[2026-03-12T01:26:19.335+0000] {processor.py:830} INFO - Processing file /opt/airflow/dags/transfer.py for tasks to queue
[2026-03-12T01:26:19.336+0000] {logging_mixin.py:188} INFO - [2026-03-12T01:26:19.336+0000] {dagbag.py:545} INFO - Filling up the DagBag from /opt/airflow/dags/transfer.py
[2026-03-12T01:26:19.368+0000] {processor.py:840} INFO - DAG(s) 'transfer_from_minio_to_snowflake_transactions', 'transfer_from_minio_to_snowflake_accounts', 'transfer_from_minio_to_snowflake_customers' retrieved from /opt/airflow/dags/transfer.py
[2026-03-12T01:26:19.419+0000] {logging_mixin.py:188} INFO - [2026-03-12T01:26:19.419+0000] {dag.py:3089} INFO - Sync 3 DAGs
[2026-03-12T01:26:19.441+0000] {logging_mixin.py:188} INFO - [2026-03-12T01:26:19.441+0000] {dag.py:3947} INFO - Setting next_dagrun for transfer_from_minio_to_snowflake_accounts to 2026-03-12 01:25:00+00:00, run_after=2026-03-12 01:26:00+00:00
[2026-03-12T01:26:19.445+0000] {logging_mixin.py:188} INFO - [2026-03-12T01:26:19.445+0000] {dag.py:3947} INFO - Setting next_dagrun for transfer_from_minio_to_snowflake_customers to 2026-03-12 01:25:00+00:00, run_after=2026-03-12 01:26:00+00:00
[2026-03-12T01:26:19.447+0000] {logging_mixin.py:188} INFO - [2026-03-12T01:26:19.447+0000] {dag.py:3947} INFO - Setting next_dagrun for transfer_from_minio_to_snowflake_transactions to 2026-03-12 01:25:00+00:00, run_after=2026-03-12 01:26:00+00:00
[2026-03-12T01:26:19.455+0000] {processor.py:183} INFO - Processing /opt/airflow/dags/transfer.py took 0.136 seconds
[2026-03-12T01:26:49.994+0000] {processor.py:161} INFO - Started process (PID=508) to work on /opt/airflow/dags/transfer.py
[2026-03-12T01:26:49.999+0000] {processor.py:830} INFO - Processing file /opt/airflow/dags/transfer.py for tasks to queue
[2026-03-12T01:26:50.016+0000] {logging_mixin.py:188} INFO - [2026-03-12T01:26:50.006+0000] {dagbag.py:545} INFO - Filling up the DagBag from /opt/airflow/dags/transfer.py
[2026-03-12T01:26:50.161+0000] {processor.py:840} INFO - DAG(s) 'transfer_from_minio_to_snowflake_customers', 'transfer_from_minio_to_snowflake_transactions', 'transfer_from_minio_to_snowflake_accounts' retrieved from /opt/airflow/dags/transfer.py
[2026-03-12T01:26:50.279+0000] {logging_mixin.py:188} INFO - [2026-03-12T01:26:50.279+0000] {dag.py:3089} INFO - Sync 3 DAGs
[2026-03-12T01:26:50.314+0000] {logging_mixin.py:188} INFO - [2026-03-12T01:26:50.314+0000] {dag.py:3947} INFO - Setting next_dagrun for transfer_from_minio_to_snowflake_accounts to 2026-03-12 01:25:00+00:00, run_after=2026-03-12 01:26:00+00:00
[2026-03-12T01:26:50.317+0000] {logging_mixin.py:188} INFO - [2026-03-12T01:26:50.317+0000] {dag.py:3947} INFO - Setting next_dagrun for transfer_from_minio_to_snowflake_customers to 2026-03-12 01:25:00+00:00, run_after=2026-03-12 01:26:00+00:00
[2026-03-12T01:26:50.319+0000] {logging_mixin.py:188} INFO - [2026-03-12T01:26:50.319+0000] {dag.py:3947} INFO - Setting next_dagrun for transfer_from_minio_to_snowflake_transactions to 2026-03-12 01:25:00+00:00, run_after=2026-03-12 01:26:00+00:00
[2026-03-12T01:26:50.331+0000] {processor.py:183} INFO - Processing /opt/airflow/dags/transfer.py took 0.459 seconds
[2026-03-12T01:27:20.813+0000] {processor.py:161} INFO - Started process (PID=509) to work on /opt/airflow/dags/transfer.py
[2026-03-12T01:27:20.817+0000] {processor.py:830} INFO - Processing file /opt/airflow/dags/transfer.py for tasks to queue
[2026-03-12T01:27:20.820+0000] {logging_mixin.py:188} INFO - [2026-03-12T01:27:20.820+0000] {dagbag.py:545} INFO - Filling up the DagBag from /opt/airflow/dags/transfer.py
[2026-03-12T01:27:20.854+0000] {processor.py:840} INFO - DAG(s) 'transfer_from_minio_to_snowflake_accounts', 'transfer_from_minio_to_snowflake_transactions', 'transfer_from_minio_to_snowflake_customers' retrieved from /opt/airflow/dags/transfer.py
[2026-03-12T01:27:20.897+0000] {logging_mixin.py:188} INFO - [2026-03-12T01:27:20.897+0000] {dag.py:3089} INFO - Sync 3 DAGs
[2026-03-12T01:27:20.922+0000] {logging_mixin.py:188} INFO - [2026-03-12T01:27:20.921+0000] {dag.py:3947} INFO - Setting next_dagrun for transfer_from_minio_to_snowflake_accounts to 2026-03-12 01:26:00+00:00, run_after=2026-03-12 01:27:00+00:00
[2026-03-12T01:27:20.925+0000] {logging_mixin.py:188} INFO - [2026-03-12T01:27:20.925+0000] {dag.py:3947} INFO - Setting next_dagrun for transfer_from_minio_to_snowflake_customers to 2026-03-12 01:26:00+00:00, run_after=2026-03-12 01:27:00+00:00
[2026-03-12T01:27:20.927+0000] {logging_mixin.py:188} INFO - [2026-03-12T01:27:20.927+0000] {dag.py:3947} INFO - Setting next_dagrun for transfer_from_minio_to_snowflake_transactions to 2026-03-12 01:26:00+00:00, run_after=2026-03-12 01:27:00+00:00
[2026-03-12T01:27:20.939+0000] {processor.py:183} INFO - Processing /opt/airflow/dags/transfer.py took 0.159 seconds
[2026-03-12T01:27:51.135+0000] {processor.py:161} INFO - Started process (PID=510) to work on /opt/airflow/dags/transfer.py
[2026-03-12T01:27:51.138+0000] {processor.py:830} INFO - Processing file /opt/airflow/dags/transfer.py for tasks to queue
[2026-03-12T01:27:51.139+0000] {logging_mixin.py:188} INFO - [2026-03-12T01:27:51.139+0000] {dagbag.py:545} INFO - Filling up the DagBag from /opt/airflow/dags/transfer.py
[2026-03-12T01:27:51.169+0000] {processor.py:840} INFO - DAG(s) 'transfer_from_minio_to_snowflake_transactions', 'transfer_from_minio_to_snowflake_customers', 'transfer_from_minio_to_snowflake_accounts' retrieved from /opt/airflow/dags/transfer.py
[2026-03-12T01:27:51.211+0000] {logging_mixin.py:188} INFO - [2026-03-12T01:27:51.210+0000] {dag.py:3089} INFO - Sync 3 DAGs
[2026-03-12T01:27:51.233+0000] {logging_mixin.py:188} INFO - [2026-03-12T01:27:51.233+0000] {dag.py:3947} INFO - Setting next_dagrun for transfer_from_minio_to_snowflake_accounts to 2026-03-12 01:26:00+00:00, run_after=2026-03-12 01:27:00+00:00
[2026-03-12T01:27:51.236+0000] {logging_mixin.py:188} INFO - [2026-03-12T01:27:51.236+0000] {dag.py:3947} INFO - Setting next_dagrun for transfer_from_minio_to_snowflake_customers to 2026-03-12 01:26:00+00:00, run_after=2026-03-12 01:27:00+00:00
[2026-03-12T01:27:51.237+0000] {logging_mixin.py:188} INFO - [2026-03-12T01:27:51.237+0000] {dag.py:3947} INFO - Setting next_dagrun for transfer_from_minio_to_snowflake_transactions to 2026-03-12 01:26:00+00:00, run_after=2026-03-12 01:27:00+00:00
[2026-03-12T01:27:51.246+0000] {processor.py:183} INFO - Processing /opt/airflow/dags/transfer.py took 0.128 seconds
[2026-03-12T01:28:21.631+0000] {processor.py:161} INFO - Started process (PID=511) to work on /opt/airflow/dags/transfer.py
[2026-03-12T01:28:21.633+0000] {processor.py:830} INFO - Processing file /opt/airflow/dags/transfer.py for tasks to queue
[2026-03-12T01:28:21.638+0000] {logging_mixin.py:188} INFO - [2026-03-12T01:28:21.636+0000] {dagbag.py:545} INFO - Filling up the DagBag from /opt/airflow/dags/transfer.py
[2026-03-12T01:28:21.666+0000] {processor.py:840} INFO - DAG(s) 'transfer_from_minio_to_snowflake_accounts', 'transfer_from_minio_to_snowflake_transactions', 'transfer_from_minio_to_snowflake_customers' retrieved from /opt/airflow/dags/transfer.py
[2026-03-12T01:28:21.706+0000] {logging_mixin.py:188} INFO - [2026-03-12T01:28:21.706+0000] {dag.py:3089} INFO - Sync 3 DAGs
[2026-03-12T01:28:21.724+0000] {logging_mixin.py:188} INFO - [2026-03-12T01:28:21.723+0000] {dag.py:3947} INFO - Setting next_dagrun for transfer_from_minio_to_snowflake_accounts to 2026-03-12 01:27:00+00:00, run_after=2026-03-12 01:28:00+00:00
[2026-03-12T01:28:21.726+0000] {logging_mixin.py:188} INFO - [2026-03-12T01:28:21.726+0000] {dag.py:3947} INFO - Setting next_dagrun for transfer_from_minio_to_snowflake_customers to 2026-03-12 01:27:00+00:00, run_after=2026-03-12 01:28:00+00:00
[2026-03-12T01:28:21.728+0000] {logging_mixin.py:188} INFO - [2026-03-12T01:28:21.728+0000] {dag.py:3947} INFO - Setting next_dagrun for transfer_from_minio_to_snowflake_transactions to 2026-03-12 01:27:00+00:00, run_after=2026-03-12 01:28:00+00:00
[2026-03-12T01:28:21.737+0000] {processor.py:183} INFO - Processing /opt/airflow/dags/transfer.py took 0.120 seconds
[2026-03-12T01:28:51.941+0000] {processor.py:161} INFO - Started process (PID=512) to work on /opt/airflow/dags/transfer.py
[2026-03-12T01:28:51.942+0000] {processor.py:830} INFO - Processing file /opt/airflow/dags/transfer.py for tasks to queue
[2026-03-12T01:28:51.946+0000] {logging_mixin.py:188} INFO - [2026-03-12T01:28:51.943+0000] {dagbag.py:545} INFO - Filling up the DagBag from /opt/airflow/dags/transfer.py
[2026-03-12T01:28:51.988+0000] {processor.py:840} INFO - DAG(s) 'transfer_from_minio_to_snowflake_transactions', 'transfer_from_minio_to_snowflake_customers', 'transfer_from_minio_to_snowflake_accounts' retrieved from /opt/airflow/dags/transfer.py
[2026-03-12T01:28:52.027+0000] {logging_mixin.py:188} INFO - [2026-03-12T01:28:52.027+0000] {dag.py:3089} INFO - Sync 3 DAGs
[2026-03-12T01:28:52.049+0000] {logging_mixin.py:188} INFO - [2026-03-12T01:28:52.049+0000] {dag.py:3947} INFO - Setting next_dagrun for transfer_from_minio_to_snowflake_accounts to 2026-03-12 01:27:00+00:00, run_after=2026-03-12 01:28:00+00:00
[2026-03-12T01:28:52.053+0000] {logging_mixin.py:188} INFO - [2026-03-12T01:28:52.052+0000] {dag.py:3947} INFO - Setting next_dagrun for transfer_from_minio_to_snowflake_customers to 2026-03-12 01:27:00+00:00, run_after=2026-03-12 01:28:00+00:00
[2026-03-12T01:28:52.054+0000] {logging_mixin.py:188} INFO - [2026-03-12T01:28:52.054+0000] {dag.py:3947} INFO - Setting next_dagrun for transfer_from_minio_to_snowflake_transactions to 2026-03-12 01:27:00+00:00, run_after=2026-03-12 01:28:00+00:00
[2026-03-12T01:28:52.063+0000] {processor.py:183} INFO - Processing /opt/airflow/dags/transfer.py took 0.141 seconds
[2026-03-12T01:29:22.325+0000] {processor.py:161} INFO - Started process (PID=513) to work on /opt/airflow/dags/transfer.py
[2026-03-12T01:29:22.328+0000] {processor.py:830} INFO - Processing file /opt/airflow/dags/transfer.py for tasks to queue
[2026-03-12T01:29:22.329+0000] {logging_mixin.py:188} INFO - [2026-03-12T01:29:22.328+0000] {dagbag.py:545} INFO - Filling up the DagBag from /opt/airflow/dags/transfer.py
[2026-03-12T01:29:22.358+0000] {processor.py:840} INFO - DAG(s) 'transfer_from_minio_to_snowflake_accounts', 'transfer_from_minio_to_snowflake_customers', 'transfer_from_minio_to_snowflake_transactions' retrieved from /opt/airflow/dags/transfer.py
[2026-03-12T01:29:22.397+0000] {logging_mixin.py:188} INFO - [2026-03-12T01:29:22.397+0000] {dag.py:3089} INFO - Sync 3 DAGs
[2026-03-12T01:29:22.415+0000] {logging_mixin.py:188} INFO - [2026-03-12T01:29:22.415+0000] {dag.py:3947} INFO - Setting next_dagrun for transfer_from_minio_to_snowflake_accounts to 2026-03-12 01:28:00+00:00, run_after=2026-03-12 01:29:00+00:00
[2026-03-12T01:29:22.419+0000] {logging_mixin.py:188} INFO - [2026-03-12T01:29:22.419+0000] {dag.py:3947} INFO - Setting next_dagrun for transfer_from_minio_to_snowflake_customers to 2026-03-12 01:28:00+00:00, run_after=2026-03-12 01:29:00+00:00
[2026-03-12T01:29:22.420+0000] {logging_mixin.py:188} INFO - [2026-03-12T01:29:22.420+0000] {dag.py:3947} INFO - Setting next_dagrun for transfer_from_minio_to_snowflake_transactions to 2026-03-12 01:28:00+00:00, run_after=2026-03-12 01:29:00+00:00
[2026-03-12T01:29:22.431+0000] {processor.py:183} INFO - Processing /opt/airflow/dags/transfer.py took 0.117 seconds
[2026-03-12T01:29:52.686+0000] {processor.py:161} INFO - Started process (PID=514) to work on /opt/airflow/dags/transfer.py
[2026-03-12T01:29:52.688+0000] {processor.py:830} INFO - Processing file /opt/airflow/dags/transfer.py for tasks to queue
[2026-03-12T01:29:52.689+0000] {logging_mixin.py:188} INFO - [2026-03-12T01:29:52.689+0000] {dagbag.py:545} INFO - Filling up the DagBag from /opt/airflow/dags/transfer.py
[2026-03-12T01:29:52.721+0000] {processor.py:840} INFO - DAG(s) 'transfer_from_minio_to_snowflake_accounts', 'transfer_from_minio_to_snowflake_transactions', 'transfer_from_minio_to_snowflake_customers' retrieved from /opt/airflow/dags/transfer.py
[2026-03-12T01:29:52.770+0000] {logging_mixin.py:188} INFO - [2026-03-12T01:29:52.770+0000] {dag.py:3089} INFO - Sync 3 DAGs
[2026-03-12T01:29:52.787+0000] {logging_mixin.py:188} INFO - [2026-03-12T01:29:52.787+0000] {dag.py:3947} INFO - Setting next_dagrun for transfer_from_minio_to_snowflake_accounts to 2026-03-12 01:28:00+00:00, run_after=2026-03-12 01:29:00+00:00
[2026-03-12T01:29:52.790+0000] {logging_mixin.py:188} INFO - [2026-03-12T01:29:52.790+0000] {dag.py:3947} INFO - Setting next_dagrun for transfer_from_minio_to_snowflake_customers to 2026-03-12 01:28:00+00:00, run_after=2026-03-12 01:29:00+00:00
[2026-03-12T01:29:52.792+0000] {logging_mixin.py:188} INFO - [2026-03-12T01:29:52.792+0000] {dag.py:3947} INFO - Setting next_dagrun for transfer_from_minio_to_snowflake_transactions to 2026-03-12 01:28:00+00:00, run_after=2026-03-12 01:29:00+00:00
[2026-03-12T01:29:52.801+0000] {processor.py:183} INFO - Processing /opt/airflow/dags/transfer.py took 0.131 seconds
[2026-03-12T01:30:23.029+0000] {processor.py:161} INFO - Started process (PID=515) to work on /opt/airflow/dags/transfer.py
[2026-03-12T01:30:23.032+0000] {processor.py:830} INFO - Processing file /opt/airflow/dags/transfer.py for tasks to queue
[2026-03-12T01:30:23.037+0000] {logging_mixin.py:188} INFO - [2026-03-12T01:30:23.036+0000] {dagbag.py:545} INFO - Filling up the DagBag from /opt/airflow/dags/transfer.py
[2026-03-12T01:30:23.062+0000] {processor.py:840} INFO - DAG(s) 'transfer_from_minio_to_snowflake_accounts', 'transfer_from_minio_to_snowflake_transactions', 'transfer_from_minio_to_snowflake_customers' retrieved from /opt/airflow/dags/transfer.py
[2026-03-12T01:30:23.095+0000] {logging_mixin.py:188} INFO - [2026-03-12T01:30:23.095+0000] {dag.py:3089} INFO - Sync 3 DAGs
[2026-03-12T01:30:23.112+0000] {logging_mixin.py:188} INFO - [2026-03-12T01:30:23.112+0000] {dag.py:3947} INFO - Setting next_dagrun for transfer_from_minio_to_snowflake_accounts to 2026-03-12 01:29:00+00:00, run_after=2026-03-12 01:30:00+00:00
[2026-03-12T01:30:23.115+0000] {logging_mixin.py:188} INFO - [2026-03-12T01:30:23.115+0000] {dag.py:3947} INFO - Setting next_dagrun for transfer_from_minio_to_snowflake_customers to 2026-03-12 01:29:00+00:00, run_after=2026-03-12 01:30:00+00:00
[2026-03-12T01:30:23.117+0000] {logging_mixin.py:188} INFO - [2026-03-12T01:30:23.117+0000] {dag.py:3947} INFO - Setting next_dagrun for transfer_from_minio_to_snowflake_transactions to 2026-03-12 01:29:00+00:00, run_after=2026-03-12 01:30:00+00:00
[2026-03-12T01:30:23.127+0000] {processor.py:183} INFO - Processing /opt/airflow/dags/transfer.py took 0.114 seconds
[2026-03-12T01:30:53.361+0000] {processor.py:161} INFO - Started process (PID=516) to work on /opt/airflow/dags/transfer.py
[2026-03-12T01:30:53.362+0000] {processor.py:830} INFO - Processing file /opt/airflow/dags/transfer.py for tasks to queue
[2026-03-12T01:30:53.364+0000] {logging_mixin.py:188} INFO - [2026-03-12T01:30:53.363+0000] {dagbag.py:545} INFO - Filling up the DagBag from /opt/airflow/dags/transfer.py
[2026-03-12T01:30:53.398+0000] {processor.py:840} INFO - DAG(s) 'transfer_from_minio_to_snowflake_customers', 'transfer_from_minio_to_snowflake_accounts', 'transfer_from_minio_to_snowflake_transactions' retrieved from /opt/airflow/dags/transfer.py
[2026-03-12T01:30:53.445+0000] {logging_mixin.py:188} INFO - [2026-03-12T01:30:53.445+0000] {dag.py:3089} INFO - Sync 3 DAGs
[2026-03-12T01:30:53.468+0000] {logging_mixin.py:188} INFO - [2026-03-12T01:30:53.468+0000] {dag.py:3947} INFO - Setting next_dagrun for transfer_from_minio_to_snowflake_accounts to 2026-03-12 01:29:00+00:00, run_after=2026-03-12 01:30:00+00:00
[2026-03-12T01:30:53.472+0000] {logging_mixin.py:188} INFO - [2026-03-12T01:30:53.471+0000] {dag.py:3947} INFO - Setting next_dagrun for transfer_from_minio_to_snowflake_customers to 2026-03-12 01:29:00+00:00, run_after=2026-03-12 01:30:00+00:00
[2026-03-12T01:30:53.473+0000] {logging_mixin.py:188} INFO - [2026-03-12T01:30:53.473+0000] {dag.py:3947} INFO - Setting next_dagrun for transfer_from_minio_to_snowflake_transactions to 2026-03-12 01:29:00+00:00, run_after=2026-03-12 01:30:00+00:00
[2026-03-12T01:30:53.481+0000] {processor.py:183} INFO - Processing /opt/airflow/dags/transfer.py took 0.139 seconds
[2026-03-12T01:31:23.752+0000] {processor.py:161} INFO - Started process (PID=517) to work on /opt/airflow/dags/transfer.py
[2026-03-12T01:31:23.753+0000] {processor.py:830} INFO - Processing file /opt/airflow/dags/transfer.py for tasks to queue
[2026-03-12T01:31:23.755+0000] {logging_mixin.py:188} INFO - [2026-03-12T01:31:23.754+0000] {dagbag.py:545} INFO - Filling up the DagBag from /opt/airflow/dags/transfer.py
[2026-03-12T01:31:23.790+0000] {processor.py:840} INFO - DAG(s) 'transfer_from_minio_to_snowflake_customers', 'transfer_from_minio_to_snowflake_transactions', 'transfer_from_minio_to_snowflake_accounts' retrieved from /opt/airflow/dags/transfer.py
[2026-03-12T01:31:23.832+0000] {logging_mixin.py:188} INFO - [2026-03-12T01:31:23.832+0000] {dag.py:3089} INFO - Sync 3 DAGs
[2026-03-12T01:31:23.851+0000] {logging_mixin.py:188} INFO - [2026-03-12T01:31:23.851+0000] {dag.py:3947} INFO - Setting next_dagrun for transfer_from_minio_to_snowflake_accounts to 2026-03-12 01:30:00+00:00, run_after=2026-03-12 01:31:00+00:00
[2026-03-12T01:31:23.854+0000] {logging_mixin.py:188} INFO - [2026-03-12T01:31:23.854+0000] {dag.py:3947} INFO - Setting next_dagrun for transfer_from_minio_to_snowflake_customers to 2026-03-12 01:30:00+00:00, run_after=2026-03-12 01:31:00+00:00
[2026-03-12T01:31:23.855+0000] {logging_mixin.py:188} INFO - [2026-03-12T01:31:23.855+0000] {dag.py:3947} INFO - Setting next_dagrun for transfer_from_minio_to_snowflake_transactions to 2026-03-12 01:30:00+00:00, run_after=2026-03-12 01:31:00+00:00
[2026-03-12T01:31:23.865+0000] {processor.py:183} INFO - Processing /opt/airflow/dags/transfer.py took 0.128 seconds
[2026-03-12T01:31:54.104+0000] {processor.py:161} INFO - Started process (PID=518) to work on /opt/airflow/dags/transfer.py
[2026-03-12T01:31:54.108+0000] {processor.py:830} INFO - Processing file /opt/airflow/dags/transfer.py for tasks to queue
[2026-03-12T01:31:54.115+0000] {logging_mixin.py:188} INFO - [2026-03-12T01:31:54.110+0000] {dagbag.py:545} INFO - Filling up the DagBag from /opt/airflow/dags/transfer.py
[2026-03-12T01:31:54.152+0000] {processor.py:840} INFO - DAG(s) 'transfer_from_minio_to_snowflake_transactions', 'transfer_from_minio_to_snowflake_customers', 'transfer_from_minio_to_snowflake_accounts' retrieved from /opt/airflow/dags/transfer.py
[2026-03-12T01:31:54.193+0000] {logging_mixin.py:188} INFO - [2026-03-12T01:31:54.193+0000] {dag.py:3089} INFO - Sync 3 DAGs
[2026-03-12T01:31:54.215+0000] {logging_mixin.py:188} INFO - [2026-03-12T01:31:54.215+0000] {dag.py:3947} INFO - Setting next_dagrun for transfer_from_minio_to_snowflake_accounts to 2026-03-12 01:30:00+00:00, run_after=2026-03-12 01:31:00+00:00
[2026-03-12T01:31:54.218+0000] {logging_mixin.py:188} INFO - [2026-03-12T01:31:54.218+0000] {dag.py:3947} INFO - Setting next_dagrun for transfer_from_minio_to_snowflake_customers to 2026-03-12 01:30:00+00:00, run_after=2026-03-12 01:31:00+00:00
[2026-03-12T01:31:54.219+0000] {logging_mixin.py:188} INFO - [2026-03-12T01:31:54.219+0000] {dag.py:3947} INFO - Setting next_dagrun for transfer_from_minio_to_snowflake_transactions to 2026-03-12 01:30:00+00:00, run_after=2026-03-12 01:31:00+00:00
[2026-03-12T01:31:54.234+0000] {processor.py:183} INFO - Processing /opt/airflow/dags/transfer.py took 0.153 seconds
[2026-03-12T01:32:24.483+0000] {processor.py:161} INFO - Started process (PID=519) to work on /opt/airflow/dags/transfer.py
[2026-03-12T01:32:24.485+0000] {processor.py:830} INFO - Processing file /opt/airflow/dags/transfer.py for tasks to queue
[2026-03-12T01:32:24.487+0000] {logging_mixin.py:188} INFO - [2026-03-12T01:32:24.486+0000] {dagbag.py:545} INFO - Filling up the DagBag from /opt/airflow/dags/transfer.py
[2026-03-12T01:32:24.523+0000] {processor.py:840} INFO - DAG(s) 'transfer_from_minio_to_snowflake_customers', 'transfer_from_minio_to_snowflake_accounts', 'transfer_from_minio_to_snowflake_transactions' retrieved from /opt/airflow/dags/transfer.py
[2026-03-12T01:32:24.557+0000] {logging_mixin.py:188} INFO - [2026-03-12T01:32:24.557+0000] {dag.py:3089} INFO - Sync 3 DAGs
[2026-03-12T01:32:24.573+0000] {logging_mixin.py:188} INFO - [2026-03-12T01:32:24.573+0000] {dag.py:3947} INFO - Setting next_dagrun for transfer_from_minio_to_snowflake_accounts to 2026-03-12 01:31:00+00:00, run_after=2026-03-12 01:32:00+00:00
[2026-03-12T01:32:24.576+0000] {logging_mixin.py:188} INFO - [2026-03-12T01:32:24.576+0000] {dag.py:3947} INFO - Setting next_dagrun for transfer_from_minio_to_snowflake_customers to 2026-03-12 01:31:00+00:00, run_after=2026-03-12 01:32:00+00:00
[2026-03-12T01:32:24.579+0000] {logging_mixin.py:188} INFO - [2026-03-12T01:32:24.579+0000] {dag.py:3947} INFO - Setting next_dagrun for transfer_from_minio_to_snowflake_transactions to 2026-03-12 01:31:00+00:00, run_after=2026-03-12 01:32:00+00:00
[2026-03-12T01:32:24.590+0000] {processor.py:183} INFO - Processing /opt/airflow/dags/transfer.py took 0.123 seconds
[2026-03-12T01:32:54.819+0000] {processor.py:161} INFO - Started process (PID=520) to work on /opt/airflow/dags/transfer.py
[2026-03-12T01:32:54.821+0000] {processor.py:830} INFO - Processing file /opt/airflow/dags/transfer.py for tasks to queue
[2026-03-12T01:32:54.822+0000] {logging_mixin.py:188} INFO - [2026-03-12T01:32:54.821+0000] {dagbag.py:545} INFO - Filling up the DagBag from /opt/airflow/dags/transfer.py
[2026-03-12T01:32:54.852+0000] {processor.py:840} INFO - DAG(s) 'transfer_from_minio_to_snowflake_transactions', 'transfer_from_minio_to_snowflake_customers', 'transfer_from_minio_to_snowflake_accounts' retrieved from /opt/airflow/dags/transfer.py
[2026-03-12T01:32:54.888+0000] {logging_mixin.py:188} INFO - [2026-03-12T01:32:54.888+0000] {dag.py:3089} INFO - Sync 3 DAGs
[2026-03-12T01:32:54.908+0000] {logging_mixin.py:188} INFO - [2026-03-12T01:32:54.908+0000] {dag.py:3947} INFO - Setting next_dagrun for transfer_from_minio_to_snowflake_accounts to 2026-03-12 01:31:00+00:00, run_after=2026-03-12 01:32:00+00:00
[2026-03-12T01:32:54.911+0000] {logging_mixin.py:188} INFO - [2026-03-12T01:32:54.911+0000] {dag.py:3947} INFO - Setting next_dagrun for transfer_from_minio_to_snowflake_customers to 2026-03-12 01:31:00+00:00, run_after=2026-03-12 01:32:00+00:00
[2026-03-12T01:32:54.913+0000] {logging_mixin.py:188} INFO - [2026-03-12T01:32:54.913+0000] {dag.py:3947} INFO - Setting next_dagrun for transfer_from_minio_to_snowflake_transactions to 2026-03-12 01:31:00+00:00, run_after=2026-03-12 01:32:00+00:00
[2026-03-12T01:32:54.921+0000] {processor.py:183} INFO - Processing /opt/airflow/dags/transfer.py took 0.123 seconds
[2026-03-12T01:33:25.193+0000] {processor.py:161} INFO - Started process (PID=521) to work on /opt/airflow/dags/transfer.py
[2026-03-12T01:33:25.196+0000] {processor.py:830} INFO - Processing file /opt/airflow/dags/transfer.py for tasks to queue
[2026-03-12T01:33:25.198+0000] {logging_mixin.py:188} INFO - [2026-03-12T01:33:25.197+0000] {dagbag.py:545} INFO - Filling up the DagBag from /opt/airflow/dags/transfer.py
[2026-03-12T01:33:25.234+0000] {processor.py:840} INFO - DAG(s) 'transfer_from_minio_to_snowflake_transactions', 'transfer_from_minio_to_snowflake_customers', 'transfer_from_minio_to_snowflake_accounts' retrieved from /opt/airflow/dags/transfer.py
[2026-03-12T01:33:25.275+0000] {logging_mixin.py:188} INFO - [2026-03-12T01:33:25.275+0000] {dag.py:3089} INFO - Sync 3 DAGs
[2026-03-12T01:33:25.292+0000] {logging_mixin.py:188} INFO - [2026-03-12T01:33:25.292+0000] {dag.py:3947} INFO - Setting next_dagrun for transfer_from_minio_to_snowflake_accounts to 2026-03-12 01:32:00+00:00, run_after=2026-03-12 01:33:00+00:00
[2026-03-12T01:33:25.296+0000] {logging_mixin.py:188} INFO - [2026-03-12T01:33:25.295+0000] {dag.py:3947} INFO - Setting next_dagrun for transfer_from_minio_to_snowflake_customers to 2026-03-12 01:32:00+00:00, run_after=2026-03-12 01:33:00+00:00
[2026-03-12T01:33:25.297+0000] {logging_mixin.py:188} INFO - [2026-03-12T01:33:25.297+0000] {dag.py:3947} INFO - Setting next_dagrun for transfer_from_minio_to_snowflake_transactions to 2026-03-12 01:32:00+00:00, run_after=2026-03-12 01:33:00+00:00
[2026-03-12T01:33:25.307+0000] {processor.py:183} INFO - Processing /opt/airflow/dags/transfer.py took 0.129 seconds
[2026-03-12T01:33:55.535+0000] {processor.py:161} INFO - Started process (PID=522) to work on /opt/airflow/dags/transfer.py
[2026-03-12T01:33:55.538+0000] {processor.py:830} INFO - Processing file /opt/airflow/dags/transfer.py for tasks to queue
[2026-03-12T01:33:55.540+0000] {logging_mixin.py:188} INFO - [2026-03-12T01:33:55.540+0000] {dagbag.py:545} INFO - Filling up the DagBag from /opt/airflow/dags/transfer.py
[2026-03-12T01:33:55.579+0000] {processor.py:840} INFO - DAG(s) 'transfer_from_minio_to_snowflake_transactions', 'transfer_from_minio_to_snowflake_customers', 'transfer_from_minio_to_snowflake_accounts' retrieved from /opt/airflow/dags/transfer.py
[2026-03-12T01:33:55.642+0000] {logging_mixin.py:188} INFO - [2026-03-12T01:33:55.642+0000] {dag.py:3089} INFO - Sync 3 DAGs
[2026-03-12T01:33:55.668+0000] {logging_mixin.py:188} INFO - [2026-03-12T01:33:55.667+0000] {dag.py:3947} INFO - Setting next_dagrun for transfer_from_minio_to_snowflake_accounts to 2026-03-12 01:32:00+00:00, run_after=2026-03-12 01:33:00+00:00
[2026-03-12T01:33:55.671+0000] {logging_mixin.py:188} INFO - [2026-03-12T01:33:55.671+0000] {dag.py:3947} INFO - Setting next_dagrun for transfer_from_minio_to_snowflake_customers to 2026-03-12 01:32:00+00:00, run_after=2026-03-12 01:33:00+00:00
[2026-03-12T01:33:55.672+0000] {logging_mixin.py:188} INFO - [2026-03-12T01:33:55.672+0000] {dag.py:3947} INFO - Setting next_dagrun for transfer_from_minio_to_snowflake_transactions to 2026-03-12 01:32:00+00:00, run_after=2026-03-12 01:33:00+00:00
[2026-03-12T01:33:55.683+0000] {processor.py:183} INFO - Processing /opt/airflow/dags/transfer.py took 0.166 seconds
[2026-03-12T01:34:25.877+0000] {processor.py:161} INFO - Started process (PID=523) to work on /opt/airflow/dags/transfer.py
[2026-03-12T01:34:25.879+0000] {processor.py:830} INFO - Processing file /opt/airflow/dags/transfer.py for tasks to queue
[2026-03-12T01:34:25.880+0000] {logging_mixin.py:188} INFO - [2026-03-12T01:34:25.880+0000] {dagbag.py:545} INFO - Filling up the DagBag from /opt/airflow/dags/transfer.py
[2026-03-12T01:34:25.910+0000] {processor.py:840} INFO - DAG(s) 'transfer_from_minio_to_snowflake_transactions', 'transfer_from_minio_to_snowflake_accounts', 'transfer_from_minio_to_snowflake_customers' retrieved from /opt/airflow/dags/transfer.py
[2026-03-12T01:34:25.950+0000] {logging_mixin.py:188} INFO - [2026-03-12T01:34:25.949+0000] {dag.py:3089} INFO - Sync 3 DAGs
[2026-03-12T01:34:25.970+0000] {logging_mixin.py:188} INFO - [2026-03-12T01:34:25.970+0000] {dag.py:3947} INFO - Setting next_dagrun for transfer_from_minio_to_snowflake_accounts to 2026-03-12 01:33:00+00:00, run_after=2026-03-12 01:34:00+00:00
[2026-03-12T01:34:25.973+0000] {logging_mixin.py:188} INFO - [2026-03-12T01:34:25.973+0000] {dag.py:3947} INFO - Setting next_dagrun for transfer_from_minio_to_snowflake_customers to 2026-03-12 01:33:00+00:00, run_after=2026-03-12 01:34:00+00:00
[2026-03-12T01:34:25.975+0000] {logging_mixin.py:188} INFO - [2026-03-12T01:34:25.975+0000] {dag.py:3947} INFO - Setting next_dagrun for transfer_from_minio_to_snowflake_transactions to 2026-03-12 01:33:00+00:00, run_after=2026-03-12 01:34:00+00:00
[2026-03-12T01:34:25.985+0000] {processor.py:183} INFO - Processing /opt/airflow/dags/transfer.py took 0.125 seconds
[2026-03-12T01:34:56.289+0000] {processor.py:161} INFO - Started process (PID=524) to work on /opt/airflow/dags/transfer.py
[2026-03-12T01:34:56.292+0000] {processor.py:830} INFO - Processing file /opt/airflow/dags/transfer.py for tasks to queue
[2026-03-12T01:34:56.294+0000] {logging_mixin.py:188} INFO - [2026-03-12T01:34:56.293+0000] {dagbag.py:545} INFO - Filling up the DagBag from /opt/airflow/dags/transfer.py
[2026-03-12T01:34:56.328+0000] {processor.py:840} INFO - DAG(s) 'transfer_from_minio_to_snowflake_accounts', 'transfer_from_minio_to_snowflake_transactions', 'transfer_from_minio_to_snowflake_customers' retrieved from /opt/airflow/dags/transfer.py
[2026-03-12T01:34:56.369+0000] {logging_mixin.py:188} INFO - [2026-03-12T01:34:56.368+0000] {dag.py:3089} INFO - Sync 3 DAGs
[2026-03-12T01:34:56.387+0000] {logging_mixin.py:188} INFO - [2026-03-12T01:34:56.387+0000] {dag.py:3947} INFO - Setting next_dagrun for transfer_from_minio_to_snowflake_accounts to 2026-03-12 01:33:00+00:00, run_after=2026-03-12 01:34:00+00:00
[2026-03-12T01:34:56.390+0000] {logging_mixin.py:188} INFO - [2026-03-12T01:34:56.390+0000] {dag.py:3947} INFO - Setting next_dagrun for transfer_from_minio_to_snowflake_customers to 2026-03-12 01:33:00+00:00, run_after=2026-03-12 01:34:00+00:00
[2026-03-12T01:34:56.392+0000] {logging_mixin.py:188} INFO - [2026-03-12T01:34:56.391+0000] {dag.py:3947} INFO - Setting next_dagrun for transfer_from_minio_to_snowflake_transactions to 2026-03-12 01:33:00+00:00, run_after=2026-03-12 01:34:00+00:00
[2026-03-12T01:34:56.400+0000] {processor.py:183} INFO - Processing /opt/airflow/dags/transfer.py took 0.127 seconds
[2026-03-12T01:35:26.611+0000] {processor.py:161} INFO - Started process (PID=525) to work on /opt/airflow/dags/transfer.py
[2026-03-12T01:35:26.613+0000] {processor.py:830} INFO - Processing file /opt/airflow/dags/transfer.py for tasks to queue
[2026-03-12T01:35:26.615+0000] {logging_mixin.py:188} INFO - [2026-03-12T01:35:26.614+0000] {dagbag.py:545} INFO - Filling up the DagBag from /opt/airflow/dags/transfer.py
[2026-03-12T01:35:26.655+0000] {processor.py:840} INFO - DAG(s) 'transfer_from_minio_to_snowflake_customers', 'transfer_from_minio_to_snowflake_transactions', 'transfer_from_minio_to_snowflake_accounts' retrieved from /opt/airflow/dags/transfer.py
[2026-03-12T01:35:26.696+0000] {logging_mixin.py:188} INFO - [2026-03-12T01:35:26.695+0000] {dag.py:3089} INFO - Sync 3 DAGs
[2026-03-12T01:35:26.711+0000] {logging_mixin.py:188} INFO - [2026-03-12T01:35:26.711+0000] {dag.py:3947} INFO - Setting next_dagrun for transfer_from_minio_to_snowflake_accounts to 2026-03-12 01:34:00+00:00, run_after=2026-03-12 01:35:00+00:00
[2026-03-12T01:35:26.714+0000] {logging_mixin.py:188} INFO - [2026-03-12T01:35:26.714+0000] {dag.py:3947} INFO - Setting next_dagrun for transfer_from_minio_to_snowflake_customers to 2026-03-12 01:34:00+00:00, run_after=2026-03-12 01:35:00+00:00
[2026-03-12T01:35:26.716+0000] {logging_mixin.py:188} INFO - [2026-03-12T01:35:26.716+0000] {dag.py:3947} INFO - Setting next_dagrun for transfer_from_minio_to_snowflake_transactions to 2026-03-12 01:34:00+00:00, run_after=2026-03-12 01:35:00+00:00
[2026-03-12T01:35:26.724+0000] {processor.py:183} INFO - Processing /opt/airflow/dags/transfer.py took 0.131 seconds
[2026-03-12T01:35:56.999+0000] {processor.py:161} INFO - Started process (PID=526) to work on /opt/airflow/dags/transfer.py
[2026-03-12T01:35:57.001+0000] {processor.py:830} INFO - Processing file /opt/airflow/dags/transfer.py for tasks to queue
[2026-03-12T01:35:57.003+0000] {logging_mixin.py:188} INFO - [2026-03-12T01:35:57.002+0000] {dagbag.py:545} INFO - Filling up the DagBag from /opt/airflow/dags/transfer.py
[2026-03-12T01:35:57.040+0000] {processor.py:840} INFO - DAG(s) 'transfer_from_minio_to_snowflake_accounts', 'transfer_from_minio_to_snowflake_transactions', 'transfer_from_minio_to_snowflake_customers' retrieved from /opt/airflow/dags/transfer.py
[2026-03-12T01:35:57.083+0000] {logging_mixin.py:188} INFO - [2026-03-12T01:35:57.083+0000] {dag.py:3089} INFO - Sync 3 DAGs
[2026-03-12T01:35:57.105+0000] {logging_mixin.py:188} INFO - [2026-03-12T01:35:57.105+0000] {dag.py:3947} INFO - Setting next_dagrun for transfer_from_minio_to_snowflake_accounts to 2026-03-12 01:34:00+00:00, run_after=2026-03-12 01:35:00+00:00
[2026-03-12T01:35:57.107+0000] {logging_mixin.py:188} INFO - [2026-03-12T01:35:57.107+0000] {dag.py:3947} INFO - Setting next_dagrun for transfer_from_minio_to_snowflake_customers to 2026-03-12 01:34:00+00:00, run_after=2026-03-12 01:35:00+00:00
[2026-03-12T01:35:57.109+0000] {logging_mixin.py:188} INFO - [2026-03-12T01:35:57.109+0000] {dag.py:3947} INFO - Setting next_dagrun for transfer_from_minio_to_snowflake_transactions to 2026-03-12 01:34:00+00:00, run_after=2026-03-12 01:35:00+00:00
[2026-03-12T01:35:57.118+0000] {processor.py:183} INFO - Processing /opt/airflow/dags/transfer.py took 0.136 seconds
[2026-03-12T01:36:27.387+0000] {processor.py:161} INFO - Started process (PID=527) to work on /opt/airflow/dags/transfer.py
[2026-03-12T01:36:27.389+0000] {processor.py:830} INFO - Processing file /opt/airflow/dags/transfer.py for tasks to queue
[2026-03-12T01:36:27.390+0000] {logging_mixin.py:188} INFO - [2026-03-12T01:36:27.390+0000] {dagbag.py:545} INFO - Filling up the DagBag from /opt/airflow/dags/transfer.py
[2026-03-12T01:36:27.418+0000] {processor.py:840} INFO - DAG(s) 'transfer_from_minio_to_snowflake_customers', 'transfer_from_minio_to_snowflake_transactions', 'transfer_from_minio_to_snowflake_accounts' retrieved from /opt/airflow/dags/transfer.py
[2026-03-12T01:36:27.453+0000] {logging_mixin.py:188} INFO - [2026-03-12T01:36:27.453+0000] {dag.py:3089} INFO - Sync 3 DAGs
[2026-03-12T01:36:27.471+0000] {logging_mixin.py:188} INFO - [2026-03-12T01:36:27.471+0000] {dag.py:3947} INFO - Setting next_dagrun for transfer_from_minio_to_snowflake_accounts to 2026-03-12 01:35:00+00:00, run_after=2026-03-12 01:36:00+00:00
[2026-03-12T01:36:27.474+0000] {logging_mixin.py:188} INFO - [2026-03-12T01:36:27.474+0000] {dag.py:3947} INFO - Setting next_dagrun for transfer_from_minio_to_snowflake_customers to 2026-03-12 01:35:00+00:00, run_after=2026-03-12 01:36:00+00:00
[2026-03-12T01:36:27.476+0000] {logging_mixin.py:188} INFO - [2026-03-12T01:36:27.476+0000] {dag.py:3947} INFO - Setting next_dagrun for transfer_from_minio_to_snowflake_transactions to 2026-03-12 01:35:00+00:00, run_after=2026-03-12 01:36:00+00:00
[2026-03-12T01:36:27.485+0000] {processor.py:183} INFO - Processing /opt/airflow/dags/transfer.py took 0.110 seconds
[2026-03-12T01:36:57.740+0000] {processor.py:161} INFO - Started process (PID=528) to work on /opt/airflow/dags/transfer.py
[2026-03-12T01:36:57.742+0000] {processor.py:830} INFO - Processing file /opt/airflow/dags/transfer.py for tasks to queue
[2026-03-12T01:36:57.743+0000] {logging_mixin.py:188} INFO - [2026-03-12T01:36:57.743+0000] {dagbag.py:545} INFO - Filling up the DagBag from /opt/airflow/dags/transfer.py
[2026-03-12T01:36:57.782+0000] {processor.py:840} INFO - DAG(s) 'transfer_from_minio_to_snowflake_accounts', 'transfer_from_minio_to_snowflake_customers', 'transfer_from_minio_to_snowflake_transactions' retrieved from /opt/airflow/dags/transfer.py
[2026-03-12T01:36:57.820+0000] {logging_mixin.py:188} INFO - [2026-03-12T01:36:57.820+0000] {dag.py:3089} INFO - Sync 3 DAGs
[2026-03-12T01:36:57.837+0000] {logging_mixin.py:188} INFO - [2026-03-12T01:36:57.837+0000] {dag.py:3947} INFO - Setting next_dagrun for transfer_from_minio_to_snowflake_accounts to 2026-03-12 01:35:00+00:00, run_after=2026-03-12 01:36:00+00:00
[2026-03-12T01:36:57.840+0000] {logging_mixin.py:188} INFO - [2026-03-12T01:36:57.840+0000] {dag.py:3947} INFO - Setting next_dagrun for transfer_from_minio_to_snowflake_customers to 2026-03-12 01:35:00+00:00, run_after=2026-03-12 01:36:00+00:00
[2026-03-12T01:36:57.841+0000] {logging_mixin.py:188} INFO - [2026-03-12T01:36:57.841+0000] {dag.py:3947} INFO - Setting next_dagrun for transfer_from_minio_to_snowflake_transactions to 2026-03-12 01:35:00+00:00, run_after=2026-03-12 01:36:00+00:00
[2026-03-12T01:36:57.854+0000] {processor.py:183} INFO - Processing /opt/airflow/dags/transfer.py took 0.137 seconds
[2026-03-12T01:37:28.102+0000] {processor.py:161} INFO - Started process (PID=529) to work on /opt/airflow/dags/transfer.py
[2026-03-12T01:37:28.107+0000] {processor.py:830} INFO - Processing file /opt/airflow/dags/transfer.py for tasks to queue
[2026-03-12T01:37:28.109+0000] {logging_mixin.py:188} INFO - [2026-03-12T01:37:28.108+0000] {dagbag.py:545} INFO - Filling up the DagBag from /opt/airflow/dags/transfer.py
[2026-03-12T01:37:28.142+0000] {processor.py:840} INFO - DAG(s) 'transfer_from_minio_to_snowflake_customers', 'transfer_from_minio_to_snowflake_transactions', 'transfer_from_minio_to_snowflake_accounts' retrieved from /opt/airflow/dags/transfer.py
[2026-03-12T01:37:28.194+0000] {logging_mixin.py:188} INFO - [2026-03-12T01:37:28.194+0000] {dag.py:3089} INFO - Sync 3 DAGs
[2026-03-12T01:37:28.219+0000] {logging_mixin.py:188} INFO - [2026-03-12T01:37:28.219+0000] {dag.py:3947} INFO - Setting next_dagrun for transfer_from_minio_to_snowflake_accounts to 2026-03-12 01:36:00+00:00, run_after=2026-03-12 01:37:00+00:00
[2026-03-12T01:37:28.222+0000] {logging_mixin.py:188} INFO - [2026-03-12T01:37:28.222+0000] {dag.py:3947} INFO - Setting next_dagrun for transfer_from_minio_to_snowflake_customers to 2026-03-12 01:36:00+00:00, run_after=2026-03-12 01:37:00+00:00
[2026-03-12T01:37:28.224+0000] {logging_mixin.py:188} INFO - [2026-03-12T01:37:28.224+0000] {dag.py:3947} INFO - Setting next_dagrun for transfer_from_minio_to_snowflake_transactions to 2026-03-12 01:36:00+00:00, run_after=2026-03-12 01:37:00+00:00
[2026-03-12T01:37:28.232+0000] {processor.py:183} INFO - Processing /opt/airflow/dags/transfer.py took 0.146 seconds
[2026-03-12T01:37:58.447+0000] {processor.py:161} INFO - Started process (PID=530) to work on /opt/airflow/dags/transfer.py
[2026-03-12T01:37:58.452+0000] {processor.py:830} INFO - Processing file /opt/airflow/dags/transfer.py for tasks to queue
[2026-03-12T01:37:58.455+0000] {logging_mixin.py:188} INFO - [2026-03-12T01:37:58.454+0000] {dagbag.py:545} INFO - Filling up the DagBag from /opt/airflow/dags/transfer.py
[2026-03-12T01:37:58.485+0000] {processor.py:840} INFO - DAG(s) 'transfer_from_minio_to_snowflake_accounts', 'transfer_from_minio_to_snowflake_customers', 'transfer_from_minio_to_snowflake_transactions' retrieved from /opt/airflow/dags/transfer.py
[2026-03-12T01:37:58.523+0000] {logging_mixin.py:188} INFO - [2026-03-12T01:37:58.523+0000] {dag.py:3089} INFO - Sync 3 DAGs
[2026-03-12T01:37:58.545+0000] {logging_mixin.py:188} INFO - [2026-03-12T01:37:58.545+0000] {dag.py:3947} INFO - Setting next_dagrun for transfer_from_minio_to_snowflake_accounts to 2026-03-12 01:36:00+00:00, run_after=2026-03-12 01:37:00+00:00
[2026-03-12T01:37:58.549+0000] {logging_mixin.py:188} INFO - [2026-03-12T01:37:58.549+0000] {dag.py:3947} INFO - Setting next_dagrun for transfer_from_minio_to_snowflake_customers to 2026-03-12 01:36:00+00:00, run_after=2026-03-12 01:37:00+00:00
[2026-03-12T01:37:58.551+0000] {logging_mixin.py:188} INFO - [2026-03-12T01:37:58.551+0000] {dag.py:3947} INFO - Setting next_dagrun for transfer_from_minio_to_snowflake_transactions to 2026-03-12 01:36:00+00:00, run_after=2026-03-12 01:37:00+00:00
[2026-03-12T01:37:58.560+0000] {processor.py:183} INFO - Processing /opt/airflow/dags/transfer.py took 0.137 seconds
[2026-03-12T01:38:28.818+0000] {processor.py:161} INFO - Started process (PID=531) to work on /opt/airflow/dags/transfer.py
[2026-03-12T01:38:28.821+0000] {processor.py:830} INFO - Processing file /opt/airflow/dags/transfer.py for tasks to queue
[2026-03-12T01:38:28.823+0000] {logging_mixin.py:188} INFO - [2026-03-12T01:38:28.822+0000] {dagbag.py:545} INFO - Filling up the DagBag from /opt/airflow/dags/transfer.py
[2026-03-12T01:38:28.853+0000] {processor.py:840} INFO - DAG(s) 'transfer_from_minio_to_snowflake_customers', 'transfer_from_minio_to_snowflake_accounts', 'transfer_from_minio_to_snowflake_transactions' retrieved from /opt/airflow/dags/transfer.py
[2026-03-12T01:38:28.896+0000] {logging_mixin.py:188} INFO - [2026-03-12T01:38:28.896+0000] {dag.py:3089} INFO - Sync 3 DAGs
[2026-03-12T01:38:28.916+0000] {logging_mixin.py:188} INFO - [2026-03-12T01:38:28.916+0000] {dag.py:3947} INFO - Setting next_dagrun for transfer_from_minio_to_snowflake_accounts to 2026-03-12 01:37:00+00:00, run_after=2026-03-12 01:38:00+00:00
[2026-03-12T01:38:28.919+0000] {logging_mixin.py:188} INFO - [2026-03-12T01:38:28.919+0000] {dag.py:3947} INFO - Setting next_dagrun for transfer_from_minio_to_snowflake_customers to 2026-03-12 01:37:00+00:00, run_after=2026-03-12 01:38:00+00:00
[2026-03-12T01:38:28.921+0000] {logging_mixin.py:188} INFO - [2026-03-12T01:38:28.921+0000] {dag.py:3947} INFO - Setting next_dagrun for transfer_from_minio_to_snowflake_transactions to 2026-03-12 01:37:00+00:00, run_after=2026-03-12 01:38:00+00:00
[2026-03-12T01:38:28.932+0000] {processor.py:183} INFO - Processing /opt/airflow/dags/transfer.py took 0.136 seconds
[2026-03-12T01:38:59.224+0000] {processor.py:161} INFO - Started process (PID=532) to work on /opt/airflow/dags/transfer.py
[2026-03-12T01:38:59.226+0000] {processor.py:830} INFO - Processing file /opt/airflow/dags/transfer.py for tasks to queue
[2026-03-12T01:38:59.228+0000] {logging_mixin.py:188} INFO - [2026-03-12T01:38:59.227+0000] {dagbag.py:545} INFO - Filling up the DagBag from /opt/airflow/dags/transfer.py
[2026-03-12T01:38:59.259+0000] {processor.py:840} INFO - DAG(s) 'transfer_from_minio_to_snowflake_customers', 'transfer_from_minio_to_snowflake_transactions', 'transfer_from_minio_to_snowflake_accounts' retrieved from /opt/airflow/dags/transfer.py
[2026-03-12T01:38:59.302+0000] {logging_mixin.py:188} INFO - [2026-03-12T01:38:59.302+0000] {dag.py:3089} INFO - Sync 3 DAGs
[2026-03-12T01:38:59.324+0000] {logging_mixin.py:188} INFO - [2026-03-12T01:38:59.324+0000] {dag.py:3947} INFO - Setting next_dagrun for transfer_from_minio_to_snowflake_accounts to 2026-03-12 01:37:00+00:00, run_after=2026-03-12 01:38:00+00:00
[2026-03-12T01:38:59.328+0000] {logging_mixin.py:188} INFO - [2026-03-12T01:38:59.328+0000] {dag.py:3947} INFO - Setting next_dagrun for transfer_from_minio_to_snowflake_customers to 2026-03-12 01:37:00+00:00, run_after=2026-03-12 01:38:00+00:00
[2026-03-12T01:38:59.329+0000] {logging_mixin.py:188} INFO - [2026-03-12T01:38:59.329+0000] {dag.py:3947} INFO - Setting next_dagrun for transfer_from_minio_to_snowflake_transactions to 2026-03-12 01:37:00+00:00, run_after=2026-03-12 01:38:00+00:00
[2026-03-12T01:38:59.338+0000] {processor.py:183} INFO - Processing /opt/airflow/dags/transfer.py took 0.132 seconds
[2026-03-12T01:39:29.587+0000] {processor.py:161} INFO - Started process (PID=533) to work on /opt/airflow/dags/transfer.py
[2026-03-12T01:39:29.590+0000] {processor.py:830} INFO - Processing file /opt/airflow/dags/transfer.py for tasks to queue
[2026-03-12T01:39:29.592+0000] {logging_mixin.py:188} INFO - [2026-03-12T01:39:29.591+0000] {dagbag.py:545} INFO - Filling up the DagBag from /opt/airflow/dags/transfer.py
[2026-03-12T01:39:29.622+0000] {processor.py:840} INFO - DAG(s) 'transfer_from_minio_to_snowflake_accounts', 'transfer_from_minio_to_snowflake_transactions', 'transfer_from_minio_to_snowflake_customers' retrieved from /opt/airflow/dags/transfer.py
[2026-03-12T01:39:29.665+0000] {logging_mixin.py:188} INFO - [2026-03-12T01:39:29.664+0000] {dag.py:3089} INFO - Sync 3 DAGs
[2026-03-12T01:39:29.684+0000] {logging_mixin.py:188} INFO - [2026-03-12T01:39:29.684+0000] {dag.py:3947} INFO - Setting next_dagrun for transfer_from_minio_to_snowflake_accounts to 2026-03-12 01:38:00+00:00, run_after=2026-03-12 01:39:00+00:00
[2026-03-12T01:39:29.687+0000] {logging_mixin.py:188} INFO - [2026-03-12T01:39:29.687+0000] {dag.py:3947} INFO - Setting next_dagrun for transfer_from_minio_to_snowflake_customers to 2026-03-12 01:38:00+00:00, run_after=2026-03-12 01:39:00+00:00
[2026-03-12T01:39:29.689+0000] {logging_mixin.py:188} INFO - [2026-03-12T01:39:29.688+0000] {dag.py:3947} INFO - Setting next_dagrun for transfer_from_minio_to_snowflake_transactions to 2026-03-12 01:38:00+00:00, run_after=2026-03-12 01:39:00+00:00
[2026-03-12T01:39:29.698+0000] {processor.py:183} INFO - Processing /opt/airflow/dags/transfer.py took 0.133 seconds
[2026-03-12T01:39:59.955+0000] {processor.py:161} INFO - Started process (PID=534) to work on /opt/airflow/dags/transfer.py
[2026-03-12T01:39:59.958+0000] {processor.py:830} INFO - Processing file /opt/airflow/dags/transfer.py for tasks to queue
[2026-03-12T01:39:59.964+0000] {logging_mixin.py:188} INFO - [2026-03-12T01:39:59.963+0000] {dagbag.py:545} INFO - Filling up the DagBag from /opt/airflow/dags/transfer.py
[2026-03-12T01:40:00.003+0000] {processor.py:840} INFO - DAG(s) 'transfer_from_minio_to_snowflake_customers', 'transfer_from_minio_to_snowflake_accounts', 'transfer_from_minio_to_snowflake_transactions' retrieved from /opt/airflow/dags/transfer.py
[2026-03-12T01:40:00.049+0000] {logging_mixin.py:188} INFO - [2026-03-12T01:40:00.049+0000] {dag.py:3089} INFO - Sync 3 DAGs
[2026-03-12T01:40:00.066+0000] {logging_mixin.py:188} INFO - [2026-03-12T01:40:00.066+0000] {dag.py:3947} INFO - Setting next_dagrun for transfer_from_minio_to_snowflake_accounts to 2026-03-12 01:39:00+00:00, run_after=2026-03-12 01:40:00+00:00
[2026-03-12T01:40:00.069+0000] {logging_mixin.py:188} INFO - [2026-03-12T01:40:00.069+0000] {dag.py:3947} INFO - Setting next_dagrun for transfer_from_minio_to_snowflake_customers to 2026-03-12 01:39:00+00:00, run_after=2026-03-12 01:40:00+00:00
[2026-03-12T01:40:00.071+0000] {logging_mixin.py:188} INFO - [2026-03-12T01:40:00.071+0000] {dag.py:3947} INFO - Setting next_dagrun for transfer_from_minio_to_snowflake_transactions to 2026-03-12 01:39:00+00:00, run_after=2026-03-12 01:40:00+00:00
[2026-03-12T01:40:00.079+0000] {processor.py:183} INFO - Processing /opt/airflow/dags/transfer.py took 0.139 seconds
[2026-03-12T01:40:30.318+0000] {processor.py:161} INFO - Started process (PID=535) to work on /opt/airflow/dags/transfer.py
[2026-03-12T01:40:30.320+0000] {processor.py:830} INFO - Processing file /opt/airflow/dags/transfer.py for tasks to queue
[2026-03-12T01:40:30.322+0000] {logging_mixin.py:188} INFO - [2026-03-12T01:40:30.321+0000] {dagbag.py:545} INFO - Filling up the DagBag from /opt/airflow/dags/transfer.py
[2026-03-12T01:40:30.355+0000] {processor.py:840} INFO - DAG(s) 'transfer_from_minio_to_snowflake_customers', 'transfer_from_minio_to_snowflake_transactions', 'transfer_from_minio_to_snowflake_accounts' retrieved from /opt/airflow/dags/transfer.py
[2026-03-12T01:40:30.400+0000] {logging_mixin.py:188} INFO - [2026-03-12T01:40:30.400+0000] {dag.py:3089} INFO - Sync 3 DAGs
[2026-03-12T01:40:30.423+0000] {logging_mixin.py:188} INFO - [2026-03-12T01:40:30.423+0000] {dag.py:3947} INFO - Setting next_dagrun for transfer_from_minio_to_snowflake_accounts to 2026-03-12 01:39:00+00:00, run_after=2026-03-12 01:40:00+00:00
[2026-03-12T01:40:30.426+0000] {logging_mixin.py:188} INFO - [2026-03-12T01:40:30.426+0000] {dag.py:3947} INFO - Setting next_dagrun for transfer_from_minio_to_snowflake_customers to 2026-03-12 01:39:00+00:00, run_after=2026-03-12 01:40:00+00:00
[2026-03-12T01:40:30.427+0000] {logging_mixin.py:188} INFO - [2026-03-12T01:40:30.427+0000] {dag.py:3947} INFO - Setting next_dagrun for transfer_from_minio_to_snowflake_transactions to 2026-03-12 01:39:00+00:00, run_after=2026-03-12 01:40:00+00:00
[2026-03-12T01:40:30.436+0000] {processor.py:183} INFO - Processing /opt/airflow/dags/transfer.py took 0.133 seconds
[2026-03-12T01:41:00.706+0000] {processor.py:161} INFO - Started process (PID=536) to work on /opt/airflow/dags/transfer.py
[2026-03-12T01:41:00.711+0000] {processor.py:830} INFO - Processing file /opt/airflow/dags/transfer.py for tasks to queue
[2026-03-12T01:41:00.714+0000] {logging_mixin.py:188} INFO - [2026-03-12T01:41:00.712+0000] {dagbag.py:545} INFO - Filling up the DagBag from /opt/airflow/dags/transfer.py
[2026-03-12T01:41:00.746+0000] {processor.py:840} INFO - DAG(s) 'transfer_from_minio_to_snowflake_transactions', 'transfer_from_minio_to_snowflake_customers', 'transfer_from_minio_to_snowflake_accounts' retrieved from /opt/airflow/dags/transfer.py
[2026-03-12T01:41:00.785+0000] {logging_mixin.py:188} INFO - [2026-03-12T01:41:00.785+0000] {dag.py:3089} INFO - Sync 3 DAGs
[2026-03-12T01:41:00.809+0000] {logging_mixin.py:188} INFO - [2026-03-12T01:41:00.808+0000] {dag.py:3947} INFO - Setting next_dagrun for transfer_from_minio_to_snowflake_accounts to 2026-03-12 01:40:00+00:00, run_after=2026-03-12 01:41:00+00:00
[2026-03-12T01:41:00.811+0000] {logging_mixin.py:188} INFO - [2026-03-12T01:41:00.811+0000] {dag.py:3947} INFO - Setting next_dagrun for transfer_from_minio_to_snowflake_customers to 2026-03-12 01:40:00+00:00, run_after=2026-03-12 01:41:00+00:00
[2026-03-12T01:41:00.813+0000] {logging_mixin.py:188} INFO - [2026-03-12T01:41:00.813+0000] {dag.py:3947} INFO - Setting next_dagrun for transfer_from_minio_to_snowflake_transactions to 2026-03-12 01:40:00+00:00, run_after=2026-03-12 01:41:00+00:00
[2026-03-12T01:41:00.823+0000] {processor.py:183} INFO - Processing /opt/airflow/dags/transfer.py took 0.135 seconds
[2026-03-12T01:41:31.017+0000] {processor.py:161} INFO - Started process (PID=537) to work on /opt/airflow/dags/transfer.py
[2026-03-12T01:41:31.018+0000] {processor.py:830} INFO - Processing file /opt/airflow/dags/transfer.py for tasks to queue
[2026-03-12T01:41:31.020+0000] {logging_mixin.py:188} INFO - [2026-03-12T01:41:31.019+0000] {dagbag.py:545} INFO - Filling up the DagBag from /opt/airflow/dags/transfer.py
[2026-03-12T01:41:31.058+0000] {processor.py:840} INFO - DAG(s) 'transfer_from_minio_to_snowflake_customers', 'transfer_from_minio_to_snowflake_accounts', 'transfer_from_minio_to_snowflake_transactions' retrieved from /opt/airflow/dags/transfer.py
[2026-03-12T01:41:31.105+0000] {logging_mixin.py:188} INFO - [2026-03-12T01:41:31.105+0000] {dag.py:3089} INFO - Sync 3 DAGs
[2026-03-12T01:41:31.126+0000] {logging_mixin.py:188} INFO - [2026-03-12T01:41:31.126+0000] {dag.py:3947} INFO - Setting next_dagrun for transfer_from_minio_to_snowflake_accounts to 2026-03-12 01:40:00+00:00, run_after=2026-03-12 01:41:00+00:00
[2026-03-12T01:41:31.130+0000] {logging_mixin.py:188} INFO - [2026-03-12T01:41:31.130+0000] {dag.py:3947} INFO - Setting next_dagrun for transfer_from_minio_to_snowflake_customers to 2026-03-12 01:40:00+00:00, run_after=2026-03-12 01:41:00+00:00
[2026-03-12T01:41:31.132+0000] {logging_mixin.py:188} INFO - [2026-03-12T01:41:31.132+0000] {dag.py:3947} INFO - Setting next_dagrun for transfer_from_minio_to_snowflake_transactions to 2026-03-12 01:40:00+00:00, run_after=2026-03-12 01:41:00+00:00
[2026-03-12T01:41:31.141+0000] {processor.py:183} INFO - Processing /opt/airflow/dags/transfer.py took 0.136 seconds
[2026-03-12T01:42:01.454+0000] {processor.py:161} INFO - Started process (PID=538) to work on /opt/airflow/dags/transfer.py
[2026-03-12T01:42:01.455+0000] {processor.py:830} INFO - Processing file /opt/airflow/dags/transfer.py for tasks to queue
[2026-03-12T01:42:01.457+0000] {logging_mixin.py:188} INFO - [2026-03-12T01:42:01.456+0000] {dagbag.py:545} INFO - Filling up the DagBag from /opt/airflow/dags/transfer.py
[2026-03-12T01:42:01.491+0000] {processor.py:840} INFO - DAG(s) 'transfer_from_minio_to_snowflake_accounts', 'transfer_from_minio_to_snowflake_transactions', 'transfer_from_minio_to_snowflake_customers' retrieved from /opt/airflow/dags/transfer.py
[2026-03-12T01:42:01.537+0000] {logging_mixin.py:188} INFO - [2026-03-12T01:42:01.536+0000] {dag.py:3089} INFO - Sync 3 DAGs
[2026-03-12T01:42:01.558+0000] {logging_mixin.py:188} INFO - [2026-03-12T01:42:01.558+0000] {dag.py:3947} INFO - Setting next_dagrun for transfer_from_minio_to_snowflake_accounts to 2026-03-12 01:41:00+00:00, run_after=2026-03-12 01:42:00+00:00
[2026-03-12T01:42:01.561+0000] {logging_mixin.py:188} INFO - [2026-03-12T01:42:01.561+0000] {dag.py:3947} INFO - Setting next_dagrun for transfer_from_minio_to_snowflake_customers to 2026-03-12 01:41:00+00:00, run_after=2026-03-12 01:42:00+00:00
[2026-03-12T01:42:01.563+0000] {logging_mixin.py:188} INFO - [2026-03-12T01:42:01.563+0000] {dag.py:3947} INFO - Setting next_dagrun for transfer_from_minio_to_snowflake_transactions to 2026-03-12 01:41:00+00:00, run_after=2026-03-12 01:42:00+00:00
[2026-03-12T01:42:01.575+0000] {processor.py:183} INFO - Processing /opt/airflow/dags/transfer.py took 0.139 seconds
[2026-03-12T01:42:31.790+0000] {processor.py:161} INFO - Started process (PID=539) to work on /opt/airflow/dags/transfer.py
[2026-03-12T01:42:31.792+0000] {processor.py:830} INFO - Processing file /opt/airflow/dags/transfer.py for tasks to queue
[2026-03-12T01:42:31.794+0000] {logging_mixin.py:188} INFO - [2026-03-12T01:42:31.793+0000] {dagbag.py:545} INFO - Filling up the DagBag from /opt/airflow/dags/transfer.py
[2026-03-12T01:42:31.830+0000] {processor.py:840} INFO - DAG(s) 'transfer_from_minio_to_snowflake_accounts', 'transfer_from_minio_to_snowflake_transactions', 'transfer_from_minio_to_snowflake_customers' retrieved from /opt/airflow/dags/transfer.py
[2026-03-12T01:42:31.871+0000] {logging_mixin.py:188} INFO - [2026-03-12T01:42:31.871+0000] {dag.py:3089} INFO - Sync 3 DAGs
[2026-03-12T01:42:31.895+0000] {logging_mixin.py:188} INFO - [2026-03-12T01:42:31.894+0000] {dag.py:3947} INFO - Setting next_dagrun for transfer_from_minio_to_snowflake_accounts to 2026-03-12 01:41:00+00:00, run_after=2026-03-12 01:42:00+00:00
[2026-03-12T01:42:31.898+0000] {logging_mixin.py:188} INFO - [2026-03-12T01:42:31.897+0000] {dag.py:3947} INFO - Setting next_dagrun for transfer_from_minio_to_snowflake_customers to 2026-03-12 01:41:00+00:00, run_after=2026-03-12 01:42:00+00:00
[2026-03-12T01:42:31.899+0000] {logging_mixin.py:188} INFO - [2026-03-12T01:42:31.899+0000] {dag.py:3947} INFO - Setting next_dagrun for transfer_from_minio_to_snowflake_transactions to 2026-03-12 01:41:00+00:00, run_after=2026-03-12 01:42:00+00:00
[2026-03-12T01:42:31.908+0000] {processor.py:183} INFO - Processing /opt/airflow/dags/transfer.py took 0.140 seconds
[2026-03-12T01:43:02.135+0000] {processor.py:161} INFO - Started process (PID=540) to work on /opt/airflow/dags/transfer.py
[2026-03-12T01:43:02.137+0000] {processor.py:830} INFO - Processing file /opt/airflow/dags/transfer.py for tasks to queue
[2026-03-12T01:43:02.140+0000] {logging_mixin.py:188} INFO - [2026-03-12T01:43:02.138+0000] {dagbag.py:545} INFO - Filling up the DagBag from /opt/airflow/dags/transfer.py
[2026-03-12T01:43:02.167+0000] {processor.py:840} INFO - DAG(s) 'transfer_from_minio_to_snowflake_customers', 'transfer_from_minio_to_snowflake_transactions', 'transfer_from_minio_to_snowflake_accounts' retrieved from /opt/airflow/dags/transfer.py
[2026-03-12T01:43:02.209+0000] {logging_mixin.py:188} INFO - [2026-03-12T01:43:02.209+0000] {dag.py:3089} INFO - Sync 3 DAGs
[2026-03-12T01:43:02.227+0000] {logging_mixin.py:188} INFO - [2026-03-12T01:43:02.227+0000] {dag.py:3947} INFO - Setting next_dagrun for transfer_from_minio_to_snowflake_accounts to 2026-03-12 01:42:00+00:00, run_after=2026-03-12 01:43:00+00:00
[2026-03-12T01:43:02.230+0000] {logging_mixin.py:188} INFO - [2026-03-12T01:43:02.230+0000] {dag.py:3947} INFO - Setting next_dagrun for transfer_from_minio_to_snowflake_customers to 2026-03-12 01:42:00+00:00, run_after=2026-03-12 01:43:00+00:00
[2026-03-12T01:43:02.231+0000] {logging_mixin.py:188} INFO - [2026-03-12T01:43:02.231+0000] {dag.py:3947} INFO - Setting next_dagrun for transfer_from_minio_to_snowflake_transactions to 2026-03-12 01:42:00+00:00, run_after=2026-03-12 01:43:00+00:00
[2026-03-12T01:43:02.240+0000] {processor.py:183} INFO - Processing /opt/airflow/dags/transfer.py took 0.123 seconds
[2026-03-12T01:43:32.489+0000] {processor.py:161} INFO - Started process (PID=541) to work on /opt/airflow/dags/transfer.py
[2026-03-12T01:43:32.491+0000] {processor.py:830} INFO - Processing file /opt/airflow/dags/transfer.py for tasks to queue
[2026-03-12T01:43:32.493+0000] {logging_mixin.py:188} INFO - [2026-03-12T01:43:32.492+0000] {dagbag.py:545} INFO - Filling up the DagBag from /opt/airflow/dags/transfer.py
[2026-03-12T01:43:32.525+0000] {processor.py:840} INFO - DAG(s) 'transfer_from_minio_to_snowflake_accounts', 'transfer_from_minio_to_snowflake_customers', 'transfer_from_minio_to_snowflake_transactions' retrieved from /opt/airflow/dags/transfer.py
[2026-03-12T01:43:32.564+0000] {logging_mixin.py:188} INFO - [2026-03-12T01:43:32.564+0000] {dag.py:3089} INFO - Sync 3 DAGs
[2026-03-12T01:43:32.581+0000] {logging_mixin.py:188} INFO - [2026-03-12T01:43:32.580+0000] {dag.py:3947} INFO - Setting next_dagrun for transfer_from_minio_to_snowflake_accounts to 2026-03-12 01:42:00+00:00, run_after=2026-03-12 01:43:00+00:00
[2026-03-12T01:43:32.584+0000] {logging_mixin.py:188} INFO - [2026-03-12T01:43:32.584+0000] {dag.py:3947} INFO - Setting next_dagrun for transfer_from_minio_to_snowflake_customers to 2026-03-12 01:42:00+00:00, run_after=2026-03-12 01:43:00+00:00
[2026-03-12T01:43:32.585+0000] {logging_mixin.py:188} INFO - [2026-03-12T01:43:32.585+0000] {dag.py:3947} INFO - Setting next_dagrun for transfer_from_minio_to_snowflake_transactions to 2026-03-12 01:42:00+00:00, run_after=2026-03-12 01:43:00+00:00
[2026-03-12T01:43:32.594+0000] {processor.py:183} INFO - Processing /opt/airflow/dags/transfer.py took 0.119 seconds
[2026-03-12T01:44:02.800+0000] {processor.py:161} INFO - Started process (PID=542) to work on /opt/airflow/dags/transfer.py
[2026-03-12T01:44:02.802+0000] {processor.py:830} INFO - Processing file /opt/airflow/dags/transfer.py for tasks to queue
[2026-03-12T01:44:02.807+0000] {logging_mixin.py:188} INFO - [2026-03-12T01:44:02.803+0000] {dagbag.py:545} INFO - Filling up the DagBag from /opt/airflow/dags/transfer.py
[2026-03-12T01:44:02.834+0000] {processor.py:840} INFO - DAG(s) 'transfer_from_minio_to_snowflake_accounts', 'transfer_from_minio_to_snowflake_transactions', 'transfer_from_minio_to_snowflake_customers' retrieved from /opt/airflow/dags/transfer.py
[2026-03-12T01:44:02.871+0000] {logging_mixin.py:188} INFO - [2026-03-12T01:44:02.871+0000] {dag.py:3089} INFO - Sync 3 DAGs
[2026-03-12T01:44:02.890+0000] {logging_mixin.py:188} INFO - [2026-03-12T01:44:02.890+0000] {dag.py:3947} INFO - Setting next_dagrun for transfer_from_minio_to_snowflake_accounts to 2026-03-12 01:43:00+00:00, run_after=2026-03-12 01:44:00+00:00
[2026-03-12T01:44:02.893+0000] {logging_mixin.py:188} INFO - [2026-03-12T01:44:02.893+0000] {dag.py:3947} INFO - Setting next_dagrun for transfer_from_minio_to_snowflake_customers to 2026-03-12 01:43:00+00:00, run_after=2026-03-12 01:44:00+00:00
[2026-03-12T01:44:02.894+0000] {logging_mixin.py:188} INFO - [2026-03-12T01:44:02.894+0000] {dag.py:3947} INFO - Setting next_dagrun for transfer_from_minio_to_snowflake_transactions to 2026-03-12 01:43:00+00:00, run_after=2026-03-12 01:44:00+00:00
[2026-03-12T01:44:02.904+0000] {processor.py:183} INFO - Processing /opt/airflow/dags/transfer.py took 0.123 seconds
[2026-03-12T01:44:33.104+0000] {processor.py:161} INFO - Started process (PID=543) to work on /opt/airflow/dags/transfer.py
[2026-03-12T01:44:33.108+0000] {processor.py:830} INFO - Processing file /opt/airflow/dags/transfer.py for tasks to queue
[2026-03-12T01:44:33.110+0000] {logging_mixin.py:188} INFO - [2026-03-12T01:44:33.109+0000] {dagbag.py:545} INFO - Filling up the DagBag from /opt/airflow/dags/transfer.py
[2026-03-12T01:44:33.150+0000] {processor.py:840} INFO - DAG(s) 'transfer_from_minio_to_snowflake_customers', 'transfer_from_minio_to_snowflake_transactions', 'transfer_from_minio_to_snowflake_accounts' retrieved from /opt/airflow/dags/transfer.py
[2026-03-12T01:44:33.192+0000] {logging_mixin.py:188} INFO - [2026-03-12T01:44:33.192+0000] {dag.py:3089} INFO - Sync 3 DAGs
[2026-03-12T01:44:33.215+0000] {logging_mixin.py:188} INFO - [2026-03-12T01:44:33.215+0000] {dag.py:3947} INFO - Setting next_dagrun for transfer_from_minio_to_snowflake_accounts to 2026-03-12 01:43:00+00:00, run_after=2026-03-12 01:44:00+00:00
[2026-03-12T01:44:33.219+0000] {logging_mixin.py:188} INFO - [2026-03-12T01:44:33.219+0000] {dag.py:3947} INFO - Setting next_dagrun for transfer_from_minio_to_snowflake_customers to 2026-03-12 01:43:00+00:00, run_after=2026-03-12 01:44:00+00:00
[2026-03-12T01:44:33.220+0000] {logging_mixin.py:188} INFO - [2026-03-12T01:44:33.220+0000] {dag.py:3947} INFO - Setting next_dagrun for transfer_from_minio_to_snowflake_transactions to 2026-03-12 01:43:00+00:00, run_after=2026-03-12 01:44:00+00:00
[2026-03-12T01:44:33.229+0000] {processor.py:183} INFO - Processing /opt/airflow/dags/transfer.py took 0.138 seconds
[2026-03-12T01:45:03.425+0000] {processor.py:161} INFO - Started process (PID=544) to work on /opt/airflow/dags/transfer.py
[2026-03-12T01:45:03.427+0000] {processor.py:830} INFO - Processing file /opt/airflow/dags/transfer.py for tasks to queue
[2026-03-12T01:45:03.428+0000] {logging_mixin.py:188} INFO - [2026-03-12T01:45:03.427+0000] {dagbag.py:545} INFO - Filling up the DagBag from /opt/airflow/dags/transfer.py
[2026-03-12T01:45:03.466+0000] {processor.py:840} INFO - DAG(s) 'transfer_from_minio_to_snowflake_accounts', 'transfer_from_minio_to_snowflake_customers', 'transfer_from_minio_to_snowflake_transactions' retrieved from /opt/airflow/dags/transfer.py
[2026-03-12T01:45:03.519+0000] {logging_mixin.py:188} INFO - [2026-03-12T01:45:03.519+0000] {dag.py:3089} INFO - Sync 3 DAGs
[2026-03-12T01:45:03.541+0000] {logging_mixin.py:188} INFO - [2026-03-12T01:45:03.540+0000] {dag.py:3947} INFO - Setting next_dagrun for transfer_from_minio_to_snowflake_accounts to 2026-03-12 01:44:00+00:00, run_after=2026-03-12 01:45:00+00:00
[2026-03-12T01:45:03.544+0000] {logging_mixin.py:188} INFO - [2026-03-12T01:45:03.543+0000] {dag.py:3947} INFO - Setting next_dagrun for transfer_from_minio_to_snowflake_customers to 2026-03-12 01:44:00+00:00, run_after=2026-03-12 01:45:00+00:00
[2026-03-12T01:45:03.545+0000] {logging_mixin.py:188} INFO - [2026-03-12T01:45:03.545+0000] {dag.py:3947} INFO - Setting next_dagrun for transfer_from_minio_to_snowflake_transactions to 2026-03-12 01:44:00+00:00, run_after=2026-03-12 01:45:00+00:00
[2026-03-12T01:45:03.555+0000] {processor.py:183} INFO - Processing /opt/airflow/dags/transfer.py took 0.147 seconds
[2026-03-12T01:45:33.763+0000] {processor.py:161} INFO - Started process (PID=545) to work on /opt/airflow/dags/transfer.py
[2026-03-12T01:45:33.765+0000] {processor.py:830} INFO - Processing file /opt/airflow/dags/transfer.py for tasks to queue
[2026-03-12T01:45:33.767+0000] {logging_mixin.py:188} INFO - [2026-03-12T01:45:33.766+0000] {dagbag.py:545} INFO - Filling up the DagBag from /opt/airflow/dags/transfer.py
[2026-03-12T01:45:33.806+0000] {processor.py:840} INFO - DAG(s) 'transfer_from_minio_to_snowflake_customers', 'transfer_from_minio_to_snowflake_transactions', 'transfer_from_minio_to_snowflake_accounts' retrieved from /opt/airflow/dags/transfer.py
[2026-03-12T01:45:33.849+0000] {logging_mixin.py:188} INFO - [2026-03-12T01:45:33.849+0000] {dag.py:3089} INFO - Sync 3 DAGs
[2026-03-12T01:45:33.871+0000] {logging_mixin.py:188} INFO - [2026-03-12T01:45:33.871+0000] {dag.py:3947} INFO - Setting next_dagrun for transfer_from_minio_to_snowflake_accounts to 2026-03-12 01:44:00+00:00, run_after=2026-03-12 01:45:00+00:00
[2026-03-12T01:45:33.874+0000] {logging_mixin.py:188} INFO - [2026-03-12T01:45:33.874+0000] {dag.py:3947} INFO - Setting next_dagrun for transfer_from_minio_to_snowflake_customers to 2026-03-12 01:44:00+00:00, run_after=2026-03-12 01:45:00+00:00
[2026-03-12T01:45:33.876+0000] {logging_mixin.py:188} INFO - [2026-03-12T01:45:33.875+0000] {dag.py:3947} INFO - Setting next_dagrun for transfer_from_minio_to_snowflake_transactions to 2026-03-12 01:44:00+00:00, run_after=2026-03-12 01:45:00+00:00
[2026-03-12T01:45:33.885+0000] {processor.py:183} INFO - Processing /opt/airflow/dags/transfer.py took 0.141 seconds
[2026-03-12T01:46:04.152+0000] {processor.py:161} INFO - Started process (PID=546) to work on /opt/airflow/dags/transfer.py
[2026-03-12T01:46:04.154+0000] {processor.py:830} INFO - Processing file /opt/airflow/dags/transfer.py for tasks to queue
[2026-03-12T01:46:04.160+0000] {logging_mixin.py:188} INFO - [2026-03-12T01:46:04.155+0000] {dagbag.py:545} INFO - Filling up the DagBag from /opt/airflow/dags/transfer.py
[2026-03-12T01:46:04.185+0000] {processor.py:840} INFO - DAG(s) 'transfer_from_minio_to_snowflake_customers', 'transfer_from_minio_to_snowflake_transactions', 'transfer_from_minio_to_snowflake_accounts' retrieved from /opt/airflow/dags/transfer.py
[2026-03-12T01:46:04.229+0000] {logging_mixin.py:188} INFO - [2026-03-12T01:46:04.228+0000] {dag.py:3089} INFO - Sync 3 DAGs
[2026-03-12T01:46:04.245+0000] {logging_mixin.py:188} INFO - [2026-03-12T01:46:04.245+0000] {dag.py:3947} INFO - Setting next_dagrun for transfer_from_minio_to_snowflake_accounts to 2026-03-12 01:45:00+00:00, run_after=2026-03-12 01:46:00+00:00
[2026-03-12T01:46:04.248+0000] {logging_mixin.py:188} INFO - [2026-03-12T01:46:04.248+0000] {dag.py:3947} INFO - Setting next_dagrun for transfer_from_minio_to_snowflake_customers to 2026-03-12 01:45:00+00:00, run_after=2026-03-12 01:46:00+00:00
[2026-03-12T01:46:04.250+0000] {logging_mixin.py:188} INFO - [2026-03-12T01:46:04.250+0000] {dag.py:3947} INFO - Setting next_dagrun for transfer_from_minio_to_snowflake_transactions to 2026-03-12 01:45:00+00:00, run_after=2026-03-12 01:46:00+00:00
[2026-03-12T01:46:04.263+0000] {processor.py:183} INFO - Processing /opt/airflow/dags/transfer.py took 0.131 seconds
[2026-03-12T01:46:34.582+0000] {processor.py:161} INFO - Started process (PID=547) to work on /opt/airflow/dags/transfer.py
[2026-03-12T01:46:34.585+0000] {processor.py:830} INFO - Processing file /opt/airflow/dags/transfer.py for tasks to queue
[2026-03-12T01:46:34.587+0000] {logging_mixin.py:188} INFO - [2026-03-12T01:46:34.586+0000] {dagbag.py:545} INFO - Filling up the DagBag from /opt/airflow/dags/transfer.py
[2026-03-12T01:46:34.616+0000] {processor.py:840} INFO - DAG(s) 'transfer_from_minio_to_snowflake_transactions', 'transfer_from_minio_to_snowflake_customers', 'transfer_from_minio_to_snowflake_accounts' retrieved from /opt/airflow/dags/transfer.py
[2026-03-12T01:46:34.660+0000] {logging_mixin.py:188} INFO - [2026-03-12T01:46:34.660+0000] {dag.py:3089} INFO - Sync 3 DAGs
[2026-03-12T01:46:34.678+0000] {logging_mixin.py:188} INFO - [2026-03-12T01:46:34.678+0000] {dag.py:3947} INFO - Setting next_dagrun for transfer_from_minio_to_snowflake_accounts to 2026-03-12 01:45:00+00:00, run_after=2026-03-12 01:46:00+00:00
[2026-03-12T01:46:34.682+0000] {logging_mixin.py:188} INFO - [2026-03-12T01:46:34.682+0000] {dag.py:3947} INFO - Setting next_dagrun for transfer_from_minio_to_snowflake_customers to 2026-03-12 01:45:00+00:00, run_after=2026-03-12 01:46:00+00:00
[2026-03-12T01:46:34.683+0000] {logging_mixin.py:188} INFO - [2026-03-12T01:46:34.683+0000] {dag.py:3947} INFO - Setting next_dagrun for transfer_from_minio_to_snowflake_transactions to 2026-03-12 01:45:00+00:00, run_after=2026-03-12 01:46:00+00:00
[2026-03-12T01:46:34.693+0000] {processor.py:183} INFO - Processing /opt/airflow/dags/transfer.py took 0.128 seconds
[2026-03-12T01:47:04.912+0000] {processor.py:161} INFO - Started process (PID=548) to work on /opt/airflow/dags/transfer.py
[2026-03-12T01:47:04.914+0000] {processor.py:830} INFO - Processing file /opt/airflow/dags/transfer.py for tasks to queue
[2026-03-12T01:47:04.916+0000] {logging_mixin.py:188} INFO - [2026-03-12T01:47:04.915+0000] {dagbag.py:545} INFO - Filling up the DagBag from /opt/airflow/dags/transfer.py
[2026-03-12T01:47:04.952+0000] {processor.py:840} INFO - DAG(s) 'transfer_from_minio_to_snowflake_transactions', 'transfer_from_minio_to_snowflake_customers', 'transfer_from_minio_to_snowflake_accounts' retrieved from /opt/airflow/dags/transfer.py
[2026-03-12T01:47:04.995+0000] {logging_mixin.py:188} INFO - [2026-03-12T01:47:04.995+0000] {dag.py:3089} INFO - Sync 3 DAGs
[2026-03-12T01:47:05.012+0000] {logging_mixin.py:188} INFO - [2026-03-12T01:47:05.012+0000] {dag.py:3947} INFO - Setting next_dagrun for transfer_from_minio_to_snowflake_accounts to 2026-03-12 01:46:00+00:00, run_after=2026-03-12 01:47:00+00:00
[2026-03-12T01:47:05.015+0000] {logging_mixin.py:188} INFO - [2026-03-12T01:47:05.015+0000] {dag.py:3947} INFO - Setting next_dagrun for transfer_from_minio_to_snowflake_customers to 2026-03-12 01:46:00+00:00, run_after=2026-03-12 01:47:00+00:00
[2026-03-12T01:47:05.018+0000] {logging_mixin.py:188} INFO - [2026-03-12T01:47:05.018+0000] {dag.py:3947} INFO - Setting next_dagrun for transfer_from_minio_to_snowflake_transactions to 2026-03-12 01:46:00+00:00, run_after=2026-03-12 01:47:00+00:00
[2026-03-12T01:47:05.029+0000] {processor.py:183} INFO - Processing /opt/airflow/dags/transfer.py took 0.139 seconds
[2026-03-12T01:47:35.289+0000] {processor.py:161} INFO - Started process (PID=549) to work on /opt/airflow/dags/transfer.py
[2026-03-12T01:47:35.291+0000] {processor.py:830} INFO - Processing file /opt/airflow/dags/transfer.py for tasks to queue
[2026-03-12T01:47:35.293+0000] {logging_mixin.py:188} INFO - [2026-03-12T01:47:35.292+0000] {dagbag.py:545} INFO - Filling up the DagBag from /opt/airflow/dags/transfer.py
[2026-03-12T01:47:35.327+0000] {processor.py:840} INFO - DAG(s) 'transfer_from_minio_to_snowflake_customers', 'transfer_from_minio_to_snowflake_accounts', 'transfer_from_minio_to_snowflake_transactions' retrieved from /opt/airflow/dags/transfer.py
[2026-03-12T01:47:35.374+0000] {logging_mixin.py:188} INFO - [2026-03-12T01:47:35.374+0000] {dag.py:3089} INFO - Sync 3 DAGs
[2026-03-12T01:47:35.394+0000] {logging_mixin.py:188} INFO - [2026-03-12T01:47:35.394+0000] {dag.py:3947} INFO - Setting next_dagrun for transfer_from_minio_to_snowflake_accounts to 2026-03-12 01:46:00+00:00, run_after=2026-03-12 01:47:00+00:00
[2026-03-12T01:47:35.397+0000] {logging_mixin.py:188} INFO - [2026-03-12T01:47:35.397+0000] {dag.py:3947} INFO - Setting next_dagrun for transfer_from_minio_to_snowflake_customers to 2026-03-12 01:46:00+00:00, run_after=2026-03-12 01:47:00+00:00
[2026-03-12T01:47:35.399+0000] {logging_mixin.py:188} INFO - [2026-03-12T01:47:35.399+0000] {dag.py:3947} INFO - Setting next_dagrun for transfer_from_minio_to_snowflake_transactions to 2026-03-12 01:46:00+00:00, run_after=2026-03-12 01:47:00+00:00
[2026-03-12T01:47:35.409+0000] {processor.py:183} INFO - Processing /opt/airflow/dags/transfer.py took 0.135 seconds
[2026-03-12T01:48:05.596+0000] {processor.py:161} INFO - Started process (PID=550) to work on /opt/airflow/dags/transfer.py
[2026-03-12T01:48:05.598+0000] {processor.py:830} INFO - Processing file /opt/airflow/dags/transfer.py for tasks to queue
[2026-03-12T01:48:05.600+0000] {logging_mixin.py:188} INFO - [2026-03-12T01:48:05.599+0000] {dagbag.py:545} INFO - Filling up the DagBag from /opt/airflow/dags/transfer.py
[2026-03-12T01:48:05.650+0000] {processor.py:840} INFO - DAG(s) 'transfer_from_minio_to_snowflake_transactions', 'transfer_from_minio_to_snowflake_customers', 'transfer_from_minio_to_snowflake_accounts' retrieved from /opt/airflow/dags/transfer.py
[2026-03-12T01:48:05.696+0000] {logging_mixin.py:188} INFO - [2026-03-12T01:48:05.696+0000] {dag.py:3089} INFO - Sync 3 DAGs
[2026-03-12T01:48:05.718+0000] {logging_mixin.py:188} INFO - [2026-03-12T01:48:05.718+0000] {dag.py:3947} INFO - Setting next_dagrun for transfer_from_minio_to_snowflake_accounts to 2026-03-12 01:47:00+00:00, run_after=2026-03-12 01:48:00+00:00
[2026-03-12T01:48:05.722+0000] {logging_mixin.py:188} INFO - [2026-03-12T01:48:05.722+0000] {dag.py:3947} INFO - Setting next_dagrun for transfer_from_minio_to_snowflake_customers to 2026-03-12 01:47:00+00:00, run_after=2026-03-12 01:48:00+00:00
[2026-03-12T01:48:05.724+0000] {logging_mixin.py:188} INFO - [2026-03-12T01:48:05.723+0000] {dag.py:3947} INFO - Setting next_dagrun for transfer_from_minio_to_snowflake_transactions to 2026-03-12 01:47:00+00:00, run_after=2026-03-12 01:48:00+00:00
[2026-03-12T01:48:05.734+0000] {processor.py:183} INFO - Processing /opt/airflow/dags/transfer.py took 0.157 seconds
[2026-03-12T01:48:35.994+0000] {processor.py:161} INFO - Started process (PID=551) to work on /opt/airflow/dags/transfer.py
[2026-03-12T01:48:35.996+0000] {processor.py:830} INFO - Processing file /opt/airflow/dags/transfer.py for tasks to queue
[2026-03-12T01:48:35.998+0000] {logging_mixin.py:188} INFO - [2026-03-12T01:48:35.997+0000] {dagbag.py:545} INFO - Filling up the DagBag from /opt/airflow/dags/transfer.py
[2026-03-12T01:48:36.022+0000] {processor.py:840} INFO - DAG(s) 'transfer_from_minio_to_snowflake_transactions', 'transfer_from_minio_to_snowflake_customers', 'transfer_from_minio_to_snowflake_accounts' retrieved from /opt/airflow/dags/transfer.py
[2026-03-12T01:48:36.063+0000] {logging_mixin.py:188} INFO - [2026-03-12T01:48:36.063+0000] {dag.py:3089} INFO - Sync 3 DAGs
[2026-03-12T01:48:36.086+0000] {logging_mixin.py:188} INFO - [2026-03-12T01:48:36.086+0000] {dag.py:3947} INFO - Setting next_dagrun for transfer_from_minio_to_snowflake_accounts to 2026-03-12 01:47:00+00:00, run_after=2026-03-12 01:48:00+00:00
[2026-03-12T01:48:36.090+0000] {logging_mixin.py:188} INFO - [2026-03-12T01:48:36.090+0000] {dag.py:3947} INFO - Setting next_dagrun for transfer_from_minio_to_snowflake_customers to 2026-03-12 01:47:00+00:00, run_after=2026-03-12 01:48:00+00:00
[2026-03-12T01:48:36.091+0000] {logging_mixin.py:188} INFO - [2026-03-12T01:48:36.091+0000] {dag.py:3947} INFO - Setting next_dagrun for transfer_from_minio_to_snowflake_transactions to 2026-03-12 01:47:00+00:00, run_after=2026-03-12 01:48:00+00:00
[2026-03-12T01:48:36.102+0000] {processor.py:183} INFO - Processing /opt/airflow/dags/transfer.py took 0.135 seconds
[2026-03-12T01:49:06.302+0000] {processor.py:161} INFO - Started process (PID=552) to work on /opt/airflow/dags/transfer.py
[2026-03-12T01:49:06.304+0000] {processor.py:830} INFO - Processing file /opt/airflow/dags/transfer.py for tasks to queue
[2026-03-12T01:49:06.306+0000] {logging_mixin.py:188} INFO - [2026-03-12T01:49:06.305+0000] {dagbag.py:545} INFO - Filling up the DagBag from /opt/airflow/dags/transfer.py
[2026-03-12T01:49:06.343+0000] {processor.py:840} INFO - DAG(s) 'transfer_from_minio_to_snowflake_customers', 'transfer_from_minio_to_snowflake_accounts', 'transfer_from_minio_to_snowflake_transactions' retrieved from /opt/airflow/dags/transfer.py
[2026-03-12T01:49:06.384+0000] {logging_mixin.py:188} INFO - [2026-03-12T01:49:06.384+0000] {dag.py:3089} INFO - Sync 3 DAGs
[2026-03-12T01:49:06.402+0000] {logging_mixin.py:188} INFO - [2026-03-12T01:49:06.402+0000] {dag.py:3947} INFO - Setting next_dagrun for transfer_from_minio_to_snowflake_accounts to 2026-03-12 01:48:00+00:00, run_after=2026-03-12 01:49:00+00:00
[2026-03-12T01:49:06.405+0000] {logging_mixin.py:188} INFO - [2026-03-12T01:49:06.405+0000] {dag.py:3947} INFO - Setting next_dagrun for transfer_from_minio_to_snowflake_customers to 2026-03-12 01:48:00+00:00, run_after=2026-03-12 01:49:00+00:00
[2026-03-12T01:49:06.406+0000] {logging_mixin.py:188} INFO - [2026-03-12T01:49:06.406+0000] {dag.py:3947} INFO - Setting next_dagrun for transfer_from_minio_to_snowflake_transactions to 2026-03-12 01:48:00+00:00, run_after=2026-03-12 01:49:00+00:00
[2026-03-12T01:49:06.416+0000] {processor.py:183} INFO - Processing /opt/airflow/dags/transfer.py took 0.138 seconds
[2026-03-12T01:49:36.698+0000] {processor.py:161} INFO - Started process (PID=553) to work on /opt/airflow/dags/transfer.py
[2026-03-12T01:49:36.699+0000] {processor.py:830} INFO - Processing file /opt/airflow/dags/transfer.py for tasks to queue
[2026-03-12T01:49:36.700+0000] {logging_mixin.py:188} INFO - [2026-03-12T01:49:36.700+0000] {dagbag.py:545} INFO - Filling up the DagBag from /opt/airflow/dags/transfer.py
[2026-03-12T01:49:36.732+0000] {processor.py:840} INFO - DAG(s) 'transfer_from_minio_to_snowflake_accounts', 'transfer_from_minio_to_snowflake_transactions', 'transfer_from_minio_to_snowflake_customers' retrieved from /opt/airflow/dags/transfer.py
[2026-03-12T01:49:36.778+0000] {logging_mixin.py:188} INFO - [2026-03-12T01:49:36.778+0000] {dag.py:3089} INFO - Sync 3 DAGs
[2026-03-12T01:49:36.803+0000] {logging_mixin.py:188} INFO - [2026-03-12T01:49:36.803+0000] {dag.py:3947} INFO - Setting next_dagrun for transfer_from_minio_to_snowflake_accounts to 2026-03-12 01:48:00+00:00, run_after=2026-03-12 01:49:00+00:00
[2026-03-12T01:49:36.806+0000] {logging_mixin.py:188} INFO - [2026-03-12T01:49:36.806+0000] {dag.py:3947} INFO - Setting next_dagrun for transfer_from_minio_to_snowflake_customers to 2026-03-12 01:48:00+00:00, run_after=2026-03-12 01:49:00+00:00
[2026-03-12T01:49:36.808+0000] {logging_mixin.py:188} INFO - [2026-03-12T01:49:36.808+0000] {dag.py:3947} INFO - Setting next_dagrun for transfer_from_minio_to_snowflake_transactions to 2026-03-12 01:48:00+00:00, run_after=2026-03-12 01:49:00+00:00
[2026-03-12T01:49:36.819+0000] {processor.py:183} INFO - Processing /opt/airflow/dags/transfer.py took 0.139 seconds
[2026-03-12T01:50:06.999+0000] {processor.py:161} INFO - Started process (PID=554) to work on /opt/airflow/dags/transfer.py
[2026-03-12T01:50:07.004+0000] {processor.py:830} INFO - Processing file /opt/airflow/dags/transfer.py for tasks to queue
[2026-03-12T01:50:07.006+0000] {logging_mixin.py:188} INFO - [2026-03-12T01:50:07.005+0000] {dagbag.py:545} INFO - Filling up the DagBag from /opt/airflow/dags/transfer.py
[2026-03-12T01:50:07.041+0000] {processor.py:840} INFO - DAG(s) 'transfer_from_minio_to_snowflake_transactions', 'transfer_from_minio_to_snowflake_accounts', 'transfer_from_minio_to_snowflake_customers' retrieved from /opt/airflow/dags/transfer.py
[2026-03-12T01:50:07.092+0000] {logging_mixin.py:188} INFO - [2026-03-12T01:50:07.092+0000] {dag.py:3089} INFO - Sync 3 DAGs
[2026-03-12T01:50:07.112+0000] {logging_mixin.py:188} INFO - [2026-03-12T01:50:07.112+0000] {dag.py:3947} INFO - Setting next_dagrun for transfer_from_minio_to_snowflake_accounts to 2026-03-12 01:49:00+00:00, run_after=2026-03-12 01:50:00+00:00
[2026-03-12T01:50:07.116+0000] {logging_mixin.py:188} INFO - [2026-03-12T01:50:07.115+0000] {dag.py:3947} INFO - Setting next_dagrun for transfer_from_minio_to_snowflake_customers to 2026-03-12 01:49:00+00:00, run_after=2026-03-12 01:50:00+00:00
[2026-03-12T01:50:07.118+0000] {logging_mixin.py:188} INFO - [2026-03-12T01:50:07.117+0000] {dag.py:3947} INFO - Setting next_dagrun for transfer_from_minio_to_snowflake_transactions to 2026-03-12 01:49:00+00:00, run_after=2026-03-12 01:50:00+00:00
[2026-03-12T01:50:07.128+0000] {processor.py:183} INFO - Processing /opt/airflow/dags/transfer.py took 0.155 seconds
[2026-03-12T01:50:37.474+0000] {processor.py:161} INFO - Started process (PID=555) to work on /opt/airflow/dags/transfer.py
[2026-03-12T01:50:37.476+0000] {processor.py:830} INFO - Processing file /opt/airflow/dags/transfer.py for tasks to queue
[2026-03-12T01:50:37.478+0000] {logging_mixin.py:188} INFO - [2026-03-12T01:50:37.477+0000] {dagbag.py:545} INFO - Filling up the DagBag from /opt/airflow/dags/transfer.py
[2026-03-12T01:50:37.501+0000] {processor.py:840} INFO - DAG(s) 'transfer_from_minio_to_snowflake_transactions', 'transfer_from_minio_to_snowflake_accounts', 'transfer_from_minio_to_snowflake_customers' retrieved from /opt/airflow/dags/transfer.py
[2026-03-12T01:50:37.531+0000] {logging_mixin.py:188} INFO - [2026-03-12T01:50:37.531+0000] {dag.py:3089} INFO - Sync 3 DAGs
[2026-03-12T01:50:37.546+0000] {logging_mixin.py:188} INFO - [2026-03-12T01:50:37.546+0000] {dag.py:3947} INFO - Setting next_dagrun for transfer_from_minio_to_snowflake_accounts to 2026-03-12 01:49:00+00:00, run_after=2026-03-12 01:50:00+00:00
[2026-03-12T01:50:37.549+0000] {logging_mixin.py:188} INFO - [2026-03-12T01:50:37.549+0000] {dag.py:3947} INFO - Setting next_dagrun for transfer_from_minio_to_snowflake_customers to 2026-03-12 01:49:00+00:00, run_after=2026-03-12 01:50:00+00:00
[2026-03-12T01:50:37.550+0000] {logging_mixin.py:188} INFO - [2026-03-12T01:50:37.550+0000] {dag.py:3947} INFO - Setting next_dagrun for transfer_from_minio_to_snowflake_transactions to 2026-03-12 01:49:00+00:00, run_after=2026-03-12 01:50:00+00:00
[2026-03-12T01:50:37.559+0000] {processor.py:183} INFO - Processing /opt/airflow/dags/transfer.py took 0.097 seconds
[2026-03-12T01:51:07.813+0000] {processor.py:161} INFO - Started process (PID=556) to work on /opt/airflow/dags/transfer.py
[2026-03-12T01:51:07.815+0000] {processor.py:830} INFO - Processing file /opt/airflow/dags/transfer.py for tasks to queue
[2026-03-12T01:51:07.816+0000] {logging_mixin.py:188} INFO - [2026-03-12T01:51:07.816+0000] {dagbag.py:545} INFO - Filling up the DagBag from /opt/airflow/dags/transfer.py
[2026-03-12T01:51:07.840+0000] {processor.py:840} INFO - DAG(s) 'transfer_from_minio_to_snowflake_customers', 'transfer_from_minio_to_snowflake_accounts', 'transfer_from_minio_to_snowflake_transactions' retrieved from /opt/airflow/dags/transfer.py
[2026-03-12T01:51:07.871+0000] {logging_mixin.py:188} INFO - [2026-03-12T01:51:07.871+0000] {dag.py:3089} INFO - Sync 3 DAGs
[2026-03-12T01:51:07.886+0000] {logging_mixin.py:188} INFO - [2026-03-12T01:51:07.886+0000] {dag.py:3947} INFO - Setting next_dagrun for transfer_from_minio_to_snowflake_accounts to 2026-03-12 01:50:00+00:00, run_after=2026-03-12 01:51:00+00:00
[2026-03-12T01:51:07.889+0000] {logging_mixin.py:188} INFO - [2026-03-12T01:51:07.889+0000] {dag.py:3947} INFO - Setting next_dagrun for transfer_from_minio_to_snowflake_customers to 2026-03-12 01:50:00+00:00, run_after=2026-03-12 01:51:00+00:00
[2026-03-12T01:51:07.890+0000] {logging_mixin.py:188} INFO - [2026-03-12T01:51:07.890+0000] {dag.py:3947} INFO - Setting next_dagrun for transfer_from_minio_to_snowflake_transactions to 2026-03-12 01:50:00+00:00, run_after=2026-03-12 01:51:00+00:00
[2026-03-12T01:51:07.900+0000] {processor.py:183} INFO - Processing /opt/airflow/dags/transfer.py took 0.100 seconds
[2026-03-12T01:51:38.169+0000] {processor.py:161} INFO - Started process (PID=557) to work on /opt/airflow/dags/transfer.py
[2026-03-12T01:51:38.171+0000] {processor.py:830} INFO - Processing file /opt/airflow/dags/transfer.py for tasks to queue
[2026-03-12T01:51:38.173+0000] {logging_mixin.py:188} INFO - [2026-03-12T01:51:38.172+0000] {dagbag.py:545} INFO - Filling up the DagBag from /opt/airflow/dags/transfer.py
[2026-03-12T01:51:38.189+0000] {processor.py:840} INFO - DAG(s) 'transfer_from_minio_to_snowflake_accounts', 'transfer_from_minio_to_snowflake_customers', 'transfer_from_minio_to_snowflake_transactions' retrieved from /opt/airflow/dags/transfer.py
[2026-03-12T01:51:38.216+0000] {logging_mixin.py:188} INFO - [2026-03-12T01:51:38.216+0000] {dag.py:3089} INFO - Sync 3 DAGs
[2026-03-12T01:51:38.230+0000] {logging_mixin.py:188} INFO - [2026-03-12T01:51:38.230+0000] {dag.py:3947} INFO - Setting next_dagrun for transfer_from_minio_to_snowflake_accounts to 2026-03-12 01:50:00+00:00, run_after=2026-03-12 01:51:00+00:00
[2026-03-12T01:51:38.233+0000] {logging_mixin.py:188} INFO - [2026-03-12T01:51:38.233+0000] {dag.py:3947} INFO - Setting next_dagrun for transfer_from_minio_to_snowflake_customers to 2026-03-12 01:50:00+00:00, run_after=2026-03-12 01:51:00+00:00
[2026-03-12T01:51:38.235+0000] {logging_mixin.py:188} INFO - [2026-03-12T01:51:38.235+0000] {dag.py:3947} INFO - Setting next_dagrun for transfer_from_minio_to_snowflake_transactions to 2026-03-12 01:50:00+00:00, run_after=2026-03-12 01:51:00+00:00
[2026-03-12T01:51:38.243+0000] {processor.py:183} INFO - Processing /opt/airflow/dags/transfer.py took 0.083 seconds
[2026-03-12T01:52:08.516+0000] {processor.py:161} INFO - Started process (PID=558) to work on /opt/airflow/dags/transfer.py
[2026-03-12T01:52:08.517+0000] {processor.py:830} INFO - Processing file /opt/airflow/dags/transfer.py for tasks to queue
[2026-03-12T01:52:08.519+0000] {logging_mixin.py:188} INFO - [2026-03-12T01:52:08.518+0000] {dagbag.py:545} INFO - Filling up the DagBag from /opt/airflow/dags/transfer.py
[2026-03-12T01:52:08.551+0000] {processor.py:840} INFO - DAG(s) 'transfer_from_minio_to_snowflake_accounts', 'transfer_from_minio_to_snowflake_customers', 'transfer_from_minio_to_snowflake_transactions' retrieved from /opt/airflow/dags/transfer.py
[2026-03-12T01:52:08.591+0000] {logging_mixin.py:188} INFO - [2026-03-12T01:52:08.590+0000] {dag.py:3089} INFO - Sync 3 DAGs
[2026-03-12T01:52:08.607+0000] {logging_mixin.py:188} INFO - [2026-03-12T01:52:08.607+0000] {dag.py:3947} INFO - Setting next_dagrun for transfer_from_minio_to_snowflake_accounts to 2026-03-12 01:51:00+00:00, run_after=2026-03-12 01:52:00+00:00
[2026-03-12T01:52:08.609+0000] {logging_mixin.py:188} INFO - [2026-03-12T01:52:08.609+0000] {dag.py:3947} INFO - Setting next_dagrun for transfer_from_minio_to_snowflake_customers to 2026-03-12 01:51:00+00:00, run_after=2026-03-12 01:52:00+00:00
[2026-03-12T01:52:08.611+0000] {logging_mixin.py:188} INFO - [2026-03-12T01:52:08.611+0000] {dag.py:3947} INFO - Setting next_dagrun for transfer_from_minio_to_snowflake_transactions to 2026-03-12 01:51:00+00:00, run_after=2026-03-12 01:52:00+00:00
[2026-03-12T01:52:08.620+0000] {processor.py:183} INFO - Processing /opt/airflow/dags/transfer.py took 0.121 seconds
[2026-03-12T01:52:38.765+0000] {processor.py:161} INFO - Started process (PID=559) to work on /opt/airflow/dags/transfer.py
[2026-03-12T01:52:38.767+0000] {processor.py:830} INFO - Processing file /opt/airflow/dags/transfer.py for tasks to queue
[2026-03-12T01:52:38.768+0000] {logging_mixin.py:188} INFO - [2026-03-12T01:52:38.767+0000] {dagbag.py:545} INFO - Filling up the DagBag from /opt/airflow/dags/transfer.py
[2026-03-12T01:52:38.783+0000] {processor.py:840} INFO - DAG(s) 'transfer_from_minio_to_snowflake_accounts', 'transfer_from_minio_to_snowflake_customers', 'transfer_from_minio_to_snowflake_transactions' retrieved from /opt/airflow/dags/transfer.py
[2026-03-12T01:52:38.811+0000] {logging_mixin.py:188} INFO - [2026-03-12T01:52:38.810+0000] {dag.py:3089} INFO - Sync 3 DAGs
[2026-03-12T01:52:38.825+0000] {logging_mixin.py:188} INFO - [2026-03-12T01:52:38.825+0000] {dag.py:3947} INFO - Setting next_dagrun for transfer_from_minio_to_snowflake_accounts to 2026-03-12 01:51:00+00:00, run_after=2026-03-12 01:52:00+00:00
[2026-03-12T01:52:38.828+0000] {logging_mixin.py:188} INFO - [2026-03-12T01:52:38.828+0000] {dag.py:3947} INFO - Setting next_dagrun for transfer_from_minio_to_snowflake_customers to 2026-03-12 01:51:00+00:00, run_after=2026-03-12 01:52:00+00:00
[2026-03-12T01:52:38.829+0000] {logging_mixin.py:188} INFO - [2026-03-12T01:52:38.829+0000] {dag.py:3947} INFO - Setting next_dagrun for transfer_from_minio_to_snowflake_transactions to 2026-03-12 01:51:00+00:00, run_after=2026-03-12 01:52:00+00:00
[2026-03-12T01:52:38.837+0000] {processor.py:183} INFO - Processing /opt/airflow/dags/transfer.py took 0.079 seconds
[2026-03-12T01:53:09.091+0000] {processor.py:161} INFO - Started process (PID=560) to work on /opt/airflow/dags/transfer.py
[2026-03-12T01:53:09.093+0000] {processor.py:830} INFO - Processing file /opt/airflow/dags/transfer.py for tasks to queue
[2026-03-12T01:53:09.095+0000] {logging_mixin.py:188} INFO - [2026-03-12T01:53:09.094+0000] {dagbag.py:545} INFO - Filling up the DagBag from /opt/airflow/dags/transfer.py
[2026-03-12T01:53:09.127+0000] {processor.py:840} INFO - DAG(s) 'transfer_from_minio_to_snowflake_customers', 'transfer_from_minio_to_snowflake_transactions', 'transfer_from_minio_to_snowflake_accounts' retrieved from /opt/airflow/dags/transfer.py
[2026-03-12T01:53:09.169+0000] {logging_mixin.py:188} INFO - [2026-03-12T01:53:09.168+0000] {dag.py:3089} INFO - Sync 3 DAGs
[2026-03-12T01:53:09.189+0000] {logging_mixin.py:188} INFO - [2026-03-12T01:53:09.189+0000] {dag.py:3947} INFO - Setting next_dagrun for transfer_from_minio_to_snowflake_accounts to 2026-03-12 01:52:00+00:00, run_after=2026-03-12 01:53:00+00:00
[2026-03-12T01:53:09.194+0000] {logging_mixin.py:188} INFO - [2026-03-12T01:53:09.194+0000] {dag.py:3947} INFO - Setting next_dagrun for transfer_from_minio_to_snowflake_customers to 2026-03-12 01:52:00+00:00, run_after=2026-03-12 01:53:00+00:00
[2026-03-12T01:53:09.195+0000] {logging_mixin.py:188} INFO - [2026-03-12T01:53:09.195+0000] {dag.py:3947} INFO - Setting next_dagrun for transfer_from_minio_to_snowflake_transactions to 2026-03-12 01:52:00+00:00, run_after=2026-03-12 01:53:00+00:00
[2026-03-12T01:53:09.205+0000] {processor.py:183} INFO - Processing /opt/airflow/dags/transfer.py took 0.132 seconds
[2026-03-12T01:53:39.393+0000] {processor.py:161} INFO - Started process (PID=561) to work on /opt/airflow/dags/transfer.py
[2026-03-12T01:53:39.396+0000] {processor.py:830} INFO - Processing file /opt/airflow/dags/transfer.py for tasks to queue
[2026-03-12T01:53:39.397+0000] {logging_mixin.py:188} INFO - [2026-03-12T01:53:39.397+0000] {dagbag.py:545} INFO - Filling up the DagBag from /opt/airflow/dags/transfer.py
[2026-03-12T01:53:39.422+0000] {processor.py:840} INFO - DAG(s) 'transfer_from_minio_to_snowflake_accounts', 'transfer_from_minio_to_snowflake_customers', 'transfer_from_minio_to_snowflake_transactions' retrieved from /opt/airflow/dags/transfer.py
[2026-03-12T01:53:39.454+0000] {logging_mixin.py:188} INFO - [2026-03-12T01:53:39.454+0000] {dag.py:3089} INFO - Sync 3 DAGs
[2026-03-12T01:53:39.469+0000] {logging_mixin.py:188} INFO - [2026-03-12T01:53:39.469+0000] {dag.py:3947} INFO - Setting next_dagrun for transfer_from_minio_to_snowflake_accounts to 2026-03-12 01:52:00+00:00, run_after=2026-03-12 01:53:00+00:00
[2026-03-12T01:53:39.472+0000] {logging_mixin.py:188} INFO - [2026-03-12T01:53:39.472+0000] {dag.py:3947} INFO - Setting next_dagrun for transfer_from_minio_to_snowflake_customers to 2026-03-12 01:52:00+00:00, run_after=2026-03-12 01:53:00+00:00
[2026-03-12T01:53:39.473+0000] {logging_mixin.py:188} INFO - [2026-03-12T01:53:39.473+0000] {dag.py:3947} INFO - Setting next_dagrun for transfer_from_minio_to_snowflake_transactions to 2026-03-12 01:52:00+00:00, run_after=2026-03-12 01:53:00+00:00
[2026-03-12T01:53:39.482+0000] {processor.py:183} INFO - Processing /opt/airflow/dags/transfer.py took 0.102 seconds
[2026-03-12T01:54:09.803+0000] {processor.py:161} INFO - Started process (PID=562) to work on /opt/airflow/dags/transfer.py
[2026-03-12T01:54:09.805+0000] {processor.py:830} INFO - Processing file /opt/airflow/dags/transfer.py for tasks to queue
[2026-03-12T01:54:09.806+0000] {logging_mixin.py:188} INFO - [2026-03-12T01:54:09.806+0000] {dagbag.py:545} INFO - Filling up the DagBag from /opt/airflow/dags/transfer.py
[2026-03-12T01:54:09.822+0000] {processor.py:840} INFO - DAG(s) 'transfer_from_minio_to_snowflake_transactions', 'transfer_from_minio_to_snowflake_customers', 'transfer_from_minio_to_snowflake_accounts' retrieved from /opt/airflow/dags/transfer.py
[2026-03-12T01:54:09.851+0000] {logging_mixin.py:188} INFO - [2026-03-12T01:54:09.851+0000] {dag.py:3089} INFO - Sync 3 DAGs
[2026-03-12T01:54:09.865+0000] {logging_mixin.py:188} INFO - [2026-03-12T01:54:09.865+0000] {dag.py:3947} INFO - Setting next_dagrun for transfer_from_minio_to_snowflake_accounts to 2026-03-12 01:53:00+00:00, run_after=2026-03-12 01:54:00+00:00
[2026-03-12T01:54:09.867+0000] {logging_mixin.py:188} INFO - [2026-03-12T01:54:09.867+0000] {dag.py:3947} INFO - Setting next_dagrun for transfer_from_minio_to_snowflake_customers to 2026-03-12 01:53:00+00:00, run_after=2026-03-12 01:54:00+00:00
[2026-03-12T01:54:09.869+0000] {logging_mixin.py:188} INFO - [2026-03-12T01:54:09.869+0000] {dag.py:3947} INFO - Setting next_dagrun for transfer_from_minio_to_snowflake_transactions to 2026-03-12 01:53:00+00:00, run_after=2026-03-12 01:54:00+00:00
[2026-03-12T01:54:09.877+0000] {processor.py:183} INFO - Processing /opt/airflow/dags/transfer.py took 0.082 seconds
[2026-03-12T01:54:40.166+0000] {processor.py:161} INFO - Started process (PID=563) to work on /opt/airflow/dags/transfer.py
[2026-03-12T01:54:40.169+0000] {processor.py:830} INFO - Processing file /opt/airflow/dags/transfer.py for tasks to queue
[2026-03-12T01:54:40.170+0000] {logging_mixin.py:188} INFO - [2026-03-12T01:54:40.170+0000] {dagbag.py:545} INFO - Filling up the DagBag from /opt/airflow/dags/transfer.py
[2026-03-12T01:54:40.204+0000] {processor.py:840} INFO - DAG(s) 'transfer_from_minio_to_snowflake_transactions', 'transfer_from_minio_to_snowflake_accounts', 'transfer_from_minio_to_snowflake_customers' retrieved from /opt/airflow/dags/transfer.py
[2026-03-12T01:54:40.241+0000] {logging_mixin.py:188} INFO - [2026-03-12T01:54:40.241+0000] {dag.py:3089} INFO - Sync 3 DAGs
[2026-03-12T01:54:40.263+0000] {logging_mixin.py:188} INFO - [2026-03-12T01:54:40.262+0000] {dag.py:3947} INFO - Setting next_dagrun for transfer_from_minio_to_snowflake_accounts to 2026-03-12 01:53:00+00:00, run_after=2026-03-12 01:54:00+00:00
[2026-03-12T01:54:40.265+0000] {logging_mixin.py:188} INFO - [2026-03-12T01:54:40.265+0000] {dag.py:3947} INFO - Setting next_dagrun for transfer_from_minio_to_snowflake_customers to 2026-03-12 01:53:00+00:00, run_after=2026-03-12 01:54:00+00:00
[2026-03-12T01:54:40.267+0000] {logging_mixin.py:188} INFO - [2026-03-12T01:54:40.267+0000] {dag.py:3947} INFO - Setting next_dagrun for transfer_from_minio_to_snowflake_transactions to 2026-03-12 01:53:00+00:00, run_after=2026-03-12 01:54:00+00:00
[2026-03-12T01:54:40.275+0000] {processor.py:183} INFO - Processing /opt/airflow/dags/transfer.py took 0.121 seconds
[2026-03-12T01:55:10.523+0000] {processor.py:161} INFO - Started process (PID=564) to work on /opt/airflow/dags/transfer.py
[2026-03-12T01:55:10.526+0000] {processor.py:830} INFO - Processing file /opt/airflow/dags/transfer.py for tasks to queue
[2026-03-12T01:55:10.527+0000] {logging_mixin.py:188} INFO - [2026-03-12T01:55:10.527+0000] {dagbag.py:545} INFO - Filling up the DagBag from /opt/airflow/dags/transfer.py
[2026-03-12T01:55:10.572+0000] {processor.py:840} INFO - DAG(s) 'transfer_from_minio_to_snowflake_transactions', 'transfer_from_minio_to_snowflake_accounts', 'transfer_from_minio_to_snowflake_customers' retrieved from /opt/airflow/dags/transfer.py
[2026-03-12T01:55:10.620+0000] {logging_mixin.py:188} INFO - [2026-03-12T01:55:10.620+0000] {dag.py:3089} INFO - Sync 3 DAGs
[2026-03-12T01:55:10.641+0000] {logging_mixin.py:188} INFO - [2026-03-12T01:55:10.641+0000] {dag.py:3947} INFO - Setting next_dagrun for transfer_from_minio_to_snowflake_accounts to 2026-03-12 01:54:00+00:00, run_after=2026-03-12 01:55:00+00:00
[2026-03-12T01:55:10.645+0000] {logging_mixin.py:188} INFO - [2026-03-12T01:55:10.644+0000] {dag.py:3947} INFO - Setting next_dagrun for transfer_from_minio_to_snowflake_customers to 2026-03-12 01:54:00+00:00, run_after=2026-03-12 01:55:00+00:00
[2026-03-12T01:55:10.646+0000] {logging_mixin.py:188} INFO - [2026-03-12T01:55:10.646+0000] {dag.py:3947} INFO - Setting next_dagrun for transfer_from_minio_to_snowflake_transactions to 2026-03-12 01:54:00+00:00, run_after=2026-03-12 01:55:00+00:00
[2026-03-12T01:55:10.655+0000] {processor.py:183} INFO - Processing /opt/airflow/dags/transfer.py took 0.152 seconds
[2026-03-12T01:55:41.507+0000] {processor.py:161} INFO - Started process (PID=565) to work on /opt/airflow/dags/transfer.py
[2026-03-12T01:55:41.509+0000] {processor.py:830} INFO - Processing file /opt/airflow/dags/transfer.py for tasks to queue
[2026-03-12T01:55:41.511+0000] {logging_mixin.py:188} INFO - [2026-03-12T01:55:41.510+0000] {dagbag.py:545} INFO - Filling up the DagBag from /opt/airflow/dags/transfer.py
[2026-03-12T01:55:41.540+0000] {processor.py:840} INFO - DAG(s) 'transfer_from_minio_to_snowflake_transactions', 'transfer_from_minio_to_snowflake_accounts', 'transfer_from_minio_to_snowflake_customers' retrieved from /opt/airflow/dags/transfer.py
[2026-03-12T01:55:41.578+0000] {logging_mixin.py:188} INFO - [2026-03-12T01:55:41.578+0000] {dag.py:3089} INFO - Sync 3 DAGs
[2026-03-12T01:55:41.598+0000] {logging_mixin.py:188} INFO - [2026-03-12T01:55:41.598+0000] {dag.py:3947} INFO - Setting next_dagrun for transfer_from_minio_to_snowflake_accounts to 2026-03-12 01:54:00+00:00, run_after=2026-03-12 01:55:00+00:00
[2026-03-12T01:55:41.601+0000] {logging_mixin.py:188} INFO - [2026-03-12T01:55:41.601+0000] {dag.py:3947} INFO - Setting next_dagrun for transfer_from_minio_to_snowflake_customers to 2026-03-12 01:54:00+00:00, run_after=2026-03-12 01:55:00+00:00
[2026-03-12T01:55:41.603+0000] {logging_mixin.py:188} INFO - [2026-03-12T01:55:41.603+0000] {dag.py:3947} INFO - Setting next_dagrun for transfer_from_minio_to_snowflake_transactions to 2026-03-12 01:54:00+00:00, run_after=2026-03-12 01:55:00+00:00
[2026-03-12T01:55:41.611+0000] {processor.py:183} INFO - Processing /opt/airflow/dags/transfer.py took 0.116 seconds
[2026-03-12T01:56:11.937+0000] {processor.py:161} INFO - Started process (PID=566) to work on /opt/airflow/dags/transfer.py
[2026-03-12T01:56:11.939+0000] {processor.py:830} INFO - Processing file /opt/airflow/dags/transfer.py for tasks to queue
[2026-03-12T01:56:11.940+0000] {logging_mixin.py:188} INFO - [2026-03-12T01:56:11.939+0000] {dagbag.py:545} INFO - Filling up the DagBag from /opt/airflow/dags/transfer.py
[2026-03-12T01:56:11.968+0000] {processor.py:840} INFO - DAG(s) 'transfer_from_minio_to_snowflake_accounts', 'transfer_from_minio_to_snowflake_customers', 'transfer_from_minio_to_snowflake_transactions' retrieved from /opt/airflow/dags/transfer.py
[2026-03-12T01:56:12.013+0000] {logging_mixin.py:188} INFO - [2026-03-12T01:56:12.013+0000] {dag.py:3089} INFO - Sync 3 DAGs
[2026-03-12T01:56:12.032+0000] {logging_mixin.py:188} INFO - [2026-03-12T01:56:12.032+0000] {dag.py:3947} INFO - Setting next_dagrun for transfer_from_minio_to_snowflake_accounts to 2026-03-12 01:55:00+00:00, run_after=2026-03-12 01:56:00+00:00
[2026-03-12T01:56:12.035+0000] {logging_mixin.py:188} INFO - [2026-03-12T01:56:12.035+0000] {dag.py:3947} INFO - Setting next_dagrun for transfer_from_minio_to_snowflake_customers to 2026-03-12 01:55:00+00:00, run_after=2026-03-12 01:56:00+00:00
[2026-03-12T01:56:12.036+0000] {logging_mixin.py:188} INFO - [2026-03-12T01:56:12.036+0000] {dag.py:3947} INFO - Setting next_dagrun for transfer_from_minio_to_snowflake_transactions to 2026-03-12 01:55:00+00:00, run_after=2026-03-12 01:56:00+00:00
[2026-03-12T01:56:12.045+0000] {processor.py:183} INFO - Processing /opt/airflow/dags/transfer.py took 0.123 seconds
[2026-03-12T01:56:42.424+0000] {processor.py:161} INFO - Started process (PID=567) to work on /opt/airflow/dags/transfer.py
[2026-03-12T01:56:42.426+0000] {processor.py:830} INFO - Processing file /opt/airflow/dags/transfer.py for tasks to queue
[2026-03-12T01:56:42.428+0000] {logging_mixin.py:188} INFO - [2026-03-12T01:56:42.427+0000] {dagbag.py:545} INFO - Filling up the DagBag from /opt/airflow/dags/transfer.py
[2026-03-12T01:56:42.457+0000] {processor.py:840} INFO - DAG(s) 'transfer_from_minio_to_snowflake_transactions', 'transfer_from_minio_to_snowflake_accounts', 'transfer_from_minio_to_snowflake_customers' retrieved from /opt/airflow/dags/transfer.py
[2026-03-12T01:56:42.497+0000] {logging_mixin.py:188} INFO - [2026-03-12T01:56:42.497+0000] {dag.py:3089} INFO - Sync 3 DAGs
[2026-03-12T01:56:42.514+0000] {logging_mixin.py:188} INFO - [2026-03-12T01:56:42.514+0000] {dag.py:3947} INFO - Setting next_dagrun for transfer_from_minio_to_snowflake_accounts to 2026-03-12 01:55:00+00:00, run_after=2026-03-12 01:56:00+00:00
[2026-03-12T01:56:42.517+0000] {logging_mixin.py:188} INFO - [2026-03-12T01:56:42.517+0000] {dag.py:3947} INFO - Setting next_dagrun for transfer_from_minio_to_snowflake_customers to 2026-03-12 01:55:00+00:00, run_after=2026-03-12 01:56:00+00:00
[2026-03-12T01:56:42.519+0000] {logging_mixin.py:188} INFO - [2026-03-12T01:56:42.519+0000] {dag.py:3947} INFO - Setting next_dagrun for transfer_from_minio_to_snowflake_transactions to 2026-03-12 01:55:00+00:00, run_after=2026-03-12 01:56:00+00:00
[2026-03-12T01:56:42.529+0000] {processor.py:183} INFO - Processing /opt/airflow/dags/transfer.py took 0.118 seconds
[2026-03-12T01:57:12.815+0000] {processor.py:161} INFO - Started process (PID=568) to work on /opt/airflow/dags/transfer.py
[2026-03-12T01:57:12.817+0000] {processor.py:830} INFO - Processing file /opt/airflow/dags/transfer.py for tasks to queue
[2026-03-12T01:57:12.819+0000] {logging_mixin.py:188} INFO - [2026-03-12T01:57:12.818+0000] {dagbag.py:545} INFO - Filling up the DagBag from /opt/airflow/dags/transfer.py
[2026-03-12T01:57:12.854+0000] {processor.py:840} INFO - DAG(s) 'transfer_from_minio_to_snowflake_transactions', 'transfer_from_minio_to_snowflake_customers', 'transfer_from_minio_to_snowflake_accounts' retrieved from /opt/airflow/dags/transfer.py
[2026-03-12T01:57:12.896+0000] {logging_mixin.py:188} INFO - [2026-03-12T01:57:12.896+0000] {dag.py:3089} INFO - Sync 3 DAGs
[2026-03-12T01:57:12.913+0000] {logging_mixin.py:188} INFO - [2026-03-12T01:57:12.913+0000] {dag.py:3947} INFO - Setting next_dagrun for transfer_from_minio_to_snowflake_accounts to 2026-03-12 01:56:00+00:00, run_after=2026-03-12 01:57:00+00:00
[2026-03-12T01:57:12.916+0000] {logging_mixin.py:188} INFO - [2026-03-12T01:57:12.916+0000] {dag.py:3947} INFO - Setting next_dagrun for transfer_from_minio_to_snowflake_customers to 2026-03-12 01:56:00+00:00, run_after=2026-03-12 01:57:00+00:00
[2026-03-12T01:57:12.918+0000] {logging_mixin.py:188} INFO - [2026-03-12T01:57:12.918+0000] {dag.py:3947} INFO - Setting next_dagrun for transfer_from_minio_to_snowflake_transactions to 2026-03-12 01:56:00+00:00, run_after=2026-03-12 01:57:00+00:00
[2026-03-12T01:57:12.928+0000] {processor.py:183} INFO - Processing /opt/airflow/dags/transfer.py took 0.132 seconds
[2026-03-12T01:57:43.299+0000] {processor.py:161} INFO - Started process (PID=569) to work on /opt/airflow/dags/transfer.py
[2026-03-12T01:57:43.302+0000] {processor.py:830} INFO - Processing file /opt/airflow/dags/transfer.py for tasks to queue
[2026-03-12T01:57:43.303+0000] {logging_mixin.py:188} INFO - [2026-03-12T01:57:43.303+0000] {dagbag.py:545} INFO - Filling up the DagBag from /opt/airflow/dags/transfer.py
[2026-03-12T01:57:43.331+0000] {processor.py:840} INFO - DAG(s) 'transfer_from_minio_to_snowflake_accounts', 'transfer_from_minio_to_snowflake_customers', 'transfer_from_minio_to_snowflake_transactions' retrieved from /opt/airflow/dags/transfer.py
[2026-03-12T01:57:43.367+0000] {logging_mixin.py:188} INFO - [2026-03-12T01:57:43.367+0000] {dag.py:3089} INFO - Sync 3 DAGs
[2026-03-12T01:57:43.387+0000] {logging_mixin.py:188} INFO - [2026-03-12T01:57:43.387+0000] {dag.py:3947} INFO - Setting next_dagrun for transfer_from_minio_to_snowflake_accounts to 2026-03-12 01:56:00+00:00, run_after=2026-03-12 01:57:00+00:00
[2026-03-12T01:57:43.390+0000] {logging_mixin.py:188} INFO - [2026-03-12T01:57:43.390+0000] {dag.py:3947} INFO - Setting next_dagrun for transfer_from_minio_to_snowflake_customers to 2026-03-12 01:56:00+00:00, run_after=2026-03-12 01:57:00+00:00
[2026-03-12T01:57:43.392+0000] {logging_mixin.py:188} INFO - [2026-03-12T01:57:43.392+0000] {dag.py:3947} INFO - Setting next_dagrun for transfer_from_minio_to_snowflake_transactions to 2026-03-12 01:56:00+00:00, run_after=2026-03-12 01:57:00+00:00
[2026-03-12T01:57:43.401+0000] {processor.py:183} INFO - Processing /opt/airflow/dags/transfer.py took 0.117 seconds
[2026-03-12T01:58:13.701+0000] {processor.py:161} INFO - Started process (PID=570) to work on /opt/airflow/dags/transfer.py
[2026-03-12T01:58:13.703+0000] {processor.py:830} INFO - Processing file /opt/airflow/dags/transfer.py for tasks to queue
[2026-03-12T01:58:13.705+0000] {logging_mixin.py:188} INFO - [2026-03-12T01:58:13.704+0000] {dagbag.py:545} INFO - Filling up the DagBag from /opt/airflow/dags/transfer.py
[2026-03-12T01:58:13.739+0000] {processor.py:840} INFO - DAG(s) 'transfer_from_minio_to_snowflake_accounts', 'transfer_from_minio_to_snowflake_transactions', 'transfer_from_minio_to_snowflake_customers' retrieved from /opt/airflow/dags/transfer.py
[2026-03-12T01:58:13.782+0000] {logging_mixin.py:188} INFO - [2026-03-12T01:58:13.782+0000] {dag.py:3089} INFO - Sync 3 DAGs
[2026-03-12T01:58:13.804+0000] {logging_mixin.py:188} INFO - [2026-03-12T01:58:13.804+0000] {dag.py:3947} INFO - Setting next_dagrun for transfer_from_minio_to_snowflake_accounts to 2026-03-12 01:57:00+00:00, run_after=2026-03-12 01:58:00+00:00
[2026-03-12T01:58:13.807+0000] {logging_mixin.py:188} INFO - [2026-03-12T01:58:13.807+0000] {dag.py:3947} INFO - Setting next_dagrun for transfer_from_minio_to_snowflake_customers to 2026-03-12 01:57:00+00:00, run_after=2026-03-12 01:58:00+00:00
[2026-03-12T01:58:13.809+0000] {logging_mixin.py:188} INFO - [2026-03-12T01:58:13.808+0000] {dag.py:3947} INFO - Setting next_dagrun for transfer_from_minio_to_snowflake_transactions to 2026-03-12 01:57:00+00:00, run_after=2026-03-12 01:58:00+00:00
[2026-03-12T01:58:13.817+0000] {processor.py:183} INFO - Processing /opt/airflow/dags/transfer.py took 0.136 seconds
[2026-03-12T01:58:44.115+0000] {processor.py:161} INFO - Started process (PID=571) to work on /opt/airflow/dags/transfer.py
[2026-03-12T01:58:44.117+0000] {processor.py:830} INFO - Processing file /opt/airflow/dags/transfer.py for tasks to queue
[2026-03-12T01:58:44.119+0000] {logging_mixin.py:188} INFO - [2026-03-12T01:58:44.118+0000] {dagbag.py:545} INFO - Filling up the DagBag from /opt/airflow/dags/transfer.py
[2026-03-12T01:58:44.154+0000] {processor.py:840} INFO - DAG(s) 'transfer_from_minio_to_snowflake_transactions', 'transfer_from_minio_to_snowflake_customers', 'transfer_from_minio_to_snowflake_accounts' retrieved from /opt/airflow/dags/transfer.py
[2026-03-12T01:58:44.190+0000] {logging_mixin.py:188} INFO - [2026-03-12T01:58:44.190+0000] {dag.py:3089} INFO - Sync 3 DAGs
[2026-03-12T01:58:44.211+0000] {logging_mixin.py:188} INFO - [2026-03-12T01:58:44.211+0000] {dag.py:3947} INFO - Setting next_dagrun for transfer_from_minio_to_snowflake_accounts to 2026-03-12 01:57:00+00:00, run_after=2026-03-12 01:58:00+00:00
[2026-03-12T01:58:44.214+0000] {logging_mixin.py:188} INFO - [2026-03-12T01:58:44.214+0000] {dag.py:3947} INFO - Setting next_dagrun for transfer_from_minio_to_snowflake_customers to 2026-03-12 01:57:00+00:00, run_after=2026-03-12 01:58:00+00:00
[2026-03-12T01:58:44.216+0000] {logging_mixin.py:188} INFO - [2026-03-12T01:58:44.216+0000] {dag.py:3947} INFO - Setting next_dagrun for transfer_from_minio_to_snowflake_transactions to 2026-03-12 01:57:00+00:00, run_after=2026-03-12 01:58:00+00:00
[2026-03-12T01:58:44.224+0000] {processor.py:183} INFO - Processing /opt/airflow/dags/transfer.py took 0.122 seconds
[2026-03-12T01:59:14.569+0000] {processor.py:161} INFO - Started process (PID=572) to work on /opt/airflow/dags/transfer.py
[2026-03-12T01:59:14.573+0000] {processor.py:830} INFO - Processing file /opt/airflow/dags/transfer.py for tasks to queue
[2026-03-12T01:59:14.574+0000] {logging_mixin.py:188} INFO - [2026-03-12T01:59:14.574+0000] {dagbag.py:545} INFO - Filling up the DagBag from /opt/airflow/dags/transfer.py
[2026-03-12T01:59:14.613+0000] {processor.py:840} INFO - DAG(s) 'transfer_from_minio_to_snowflake_accounts', 'transfer_from_minio_to_snowflake_transactions', 'transfer_from_minio_to_snowflake_customers' retrieved from /opt/airflow/dags/transfer.py
[2026-03-12T01:59:14.654+0000] {logging_mixin.py:188} INFO - [2026-03-12T01:59:14.653+0000] {dag.py:3089} INFO - Sync 3 DAGs
[2026-03-12T01:59:14.673+0000] {logging_mixin.py:188} INFO - [2026-03-12T01:59:14.673+0000] {dag.py:3947} INFO - Setting next_dagrun for transfer_from_minio_to_snowflake_accounts to 2026-03-12 01:58:00+00:00, run_after=2026-03-12 01:59:00+00:00
[2026-03-12T01:59:14.676+0000] {logging_mixin.py:188} INFO - [2026-03-12T01:59:14.676+0000] {dag.py:3947} INFO - Setting next_dagrun for transfer_from_minio_to_snowflake_customers to 2026-03-12 01:58:00+00:00, run_after=2026-03-12 01:59:00+00:00
[2026-03-12T01:59:14.677+0000] {logging_mixin.py:188} INFO - [2026-03-12T01:59:14.677+0000] {dag.py:3947} INFO - Setting next_dagrun for transfer_from_minio_to_snowflake_transactions to 2026-03-12 01:58:00+00:00, run_after=2026-03-12 01:59:00+00:00
[2026-03-12T01:59:14.687+0000] {processor.py:183} INFO - Processing /opt/airflow/dags/transfer.py took 0.140 seconds
[2026-03-12T01:59:45.037+0000] {processor.py:161} INFO - Started process (PID=573) to work on /opt/airflow/dags/transfer.py
[2026-03-12T01:59:45.040+0000] {processor.py:830} INFO - Processing file /opt/airflow/dags/transfer.py for tasks to queue
[2026-03-12T01:59:45.042+0000] {logging_mixin.py:188} INFO - [2026-03-12T01:59:45.041+0000] {dagbag.py:545} INFO - Filling up the DagBag from /opt/airflow/dags/transfer.py
[2026-03-12T01:59:45.081+0000] {processor.py:840} INFO - DAG(s) 'transfer_from_minio_to_snowflake_customers', 'transfer_from_minio_to_snowflake_transactions', 'transfer_from_minio_to_snowflake_accounts' retrieved from /opt/airflow/dags/transfer.py
[2026-03-12T01:59:45.141+0000] {logging_mixin.py:188} INFO - [2026-03-12T01:59:45.141+0000] {dag.py:3089} INFO - Sync 3 DAGs
[2026-03-12T01:59:45.162+0000] {logging_mixin.py:188} INFO - [2026-03-12T01:59:45.162+0000] {dag.py:3947} INFO - Setting next_dagrun for transfer_from_minio_to_snowflake_accounts to 2026-03-12 01:58:00+00:00, run_after=2026-03-12 01:59:00+00:00
[2026-03-12T01:59:45.165+0000] {logging_mixin.py:188} INFO - [2026-03-12T01:59:45.165+0000] {dag.py:3947} INFO - Setting next_dagrun for transfer_from_minio_to_snowflake_customers to 2026-03-12 01:58:00+00:00, run_after=2026-03-12 01:59:00+00:00
[2026-03-12T01:59:45.167+0000] {logging_mixin.py:188} INFO - [2026-03-12T01:59:45.167+0000] {dag.py:3947} INFO - Setting next_dagrun for transfer_from_minio_to_snowflake_transactions to 2026-03-12 01:58:00+00:00, run_after=2026-03-12 01:59:00+00:00
[2026-03-12T01:59:45.175+0000] {processor.py:183} INFO - Processing /opt/airflow/dags/transfer.py took 0.158 seconds
[2026-03-12T02:00:15.436+0000] {processor.py:161} INFO - Started process (PID=574) to work on /opt/airflow/dags/transfer.py
[2026-03-12T02:00:15.442+0000] {processor.py:830} INFO - Processing file /opt/airflow/dags/transfer.py for tasks to queue
[2026-03-12T02:00:15.444+0000] {logging_mixin.py:188} INFO - [2026-03-12T02:00:15.443+0000] {dagbag.py:545} INFO - Filling up the DagBag from /opt/airflow/dags/transfer.py
[2026-03-12T02:00:15.472+0000] {processor.py:840} INFO - DAG(s) 'transfer_from_minio_to_snowflake_customers', 'transfer_from_minio_to_snowflake_accounts', 'transfer_from_minio_to_snowflake_transactions' retrieved from /opt/airflow/dags/transfer.py
[2026-03-12T02:00:15.510+0000] {logging_mixin.py:188} INFO - [2026-03-12T02:00:15.510+0000] {dag.py:3089} INFO - Sync 3 DAGs
[2026-03-12T02:00:15.530+0000] {logging_mixin.py:188} INFO - [2026-03-12T02:00:15.530+0000] {dag.py:3947} INFO - Setting next_dagrun for transfer_from_minio_to_snowflake_accounts to 2026-03-12 01:59:00+00:00, run_after=2026-03-12 02:00:00+00:00
[2026-03-12T02:00:15.535+0000] {logging_mixin.py:188} INFO - [2026-03-12T02:00:15.535+0000] {dag.py:3947} INFO - Setting next_dagrun for transfer_from_minio_to_snowflake_customers to 2026-03-12 01:59:00+00:00, run_after=2026-03-12 02:00:00+00:00
[2026-03-12T02:00:15.537+0000] {logging_mixin.py:188} INFO - [2026-03-12T02:00:15.537+0000] {dag.py:3947} INFO - Setting next_dagrun for transfer_from_minio_to_snowflake_transactions to 2026-03-12 01:59:00+00:00, run_after=2026-03-12 02:00:00+00:00
[2026-03-12T02:00:15.548+0000] {processor.py:183} INFO - Processing /opt/airflow/dags/transfer.py took 0.127 seconds
[2026-03-12T02:00:45.875+0000] {processor.py:161} INFO - Started process (PID=575) to work on /opt/airflow/dags/transfer.py
[2026-03-12T02:00:45.877+0000] {processor.py:830} INFO - Processing file /opt/airflow/dags/transfer.py for tasks to queue
[2026-03-12T02:00:45.878+0000] {logging_mixin.py:188} INFO - [2026-03-12T02:00:45.877+0000] {dagbag.py:545} INFO - Filling up the DagBag from /opt/airflow/dags/transfer.py
[2026-03-12T02:00:45.906+0000] {processor.py:840} INFO - DAG(s) 'transfer_from_minio_to_snowflake_transactions', 'transfer_from_minio_to_snowflake_accounts', 'transfer_from_minio_to_snowflake_customers' retrieved from /opt/airflow/dags/transfer.py
[2026-03-12T02:00:45.940+0000] {logging_mixin.py:188} INFO - [2026-03-12T02:00:45.940+0000] {dag.py:3089} INFO - Sync 3 DAGs
[2026-03-12T02:00:45.955+0000] {logging_mixin.py:188} INFO - [2026-03-12T02:00:45.955+0000] {dag.py:3947} INFO - Setting next_dagrun for transfer_from_minio_to_snowflake_accounts to 2026-03-12 01:59:00+00:00, run_after=2026-03-12 02:00:00+00:00
[2026-03-12T02:00:45.958+0000] {logging_mixin.py:188} INFO - [2026-03-12T02:00:45.958+0000] {dag.py:3947} INFO - Setting next_dagrun for transfer_from_minio_to_snowflake_customers to 2026-03-12 01:59:00+00:00, run_after=2026-03-12 02:00:00+00:00
[2026-03-12T02:00:45.959+0000] {logging_mixin.py:188} INFO - [2026-03-12T02:00:45.959+0000] {dag.py:3947} INFO - Setting next_dagrun for transfer_from_minio_to_snowflake_transactions to 2026-03-12 01:59:00+00:00, run_after=2026-03-12 02:00:00+00:00
[2026-03-12T02:00:45.967+0000] {processor.py:183} INFO - Processing /opt/airflow/dags/transfer.py took 0.104 seconds
[2026-03-12T02:05:04.989+0000] {processor.py:161} INFO - Started process (PID=576) to work on /opt/airflow/dags/transfer.py
[2026-03-12T02:05:04.990+0000] {processor.py:830} INFO - Processing file /opt/airflow/dags/transfer.py for tasks to queue
[2026-03-12T02:05:04.991+0000] {logging_mixin.py:188} INFO - [2026-03-12T02:05:04.991+0000] {dagbag.py:545} INFO - Filling up the DagBag from /opt/airflow/dags/transfer.py
[2026-03-12T02:05:05.002+0000] {processor.py:840} INFO - DAG(s) 'transfer_from_minio_to_snowflake_accounts', 'transfer_from_minio_to_snowflake_customers', 'transfer_from_minio_to_snowflake_transactions' retrieved from /opt/airflow/dags/transfer.py
[2026-03-12T02:05:05.024+0000] {logging_mixin.py:188} INFO - [2026-03-12T02:05:05.023+0000] {dag.py:3089} INFO - Sync 3 DAGs
[2026-03-12T02:05:05.035+0000] {logging_mixin.py:188} INFO - [2026-03-12T02:05:05.035+0000] {dag.py:3947} INFO - Setting next_dagrun for transfer_from_minio_to_snowflake_accounts to 2026-03-12 02:04:00+00:00, run_after=2026-03-12 02:05:00+00:00
[2026-03-12T02:05:05.038+0000] {logging_mixin.py:188} INFO - [2026-03-12T02:05:05.038+0000] {dag.py:3947} INFO - Setting next_dagrun for transfer_from_minio_to_snowflake_customers to 2026-03-12 02:04:00+00:00, run_after=2026-03-12 02:05:00+00:00
[2026-03-12T02:05:05.040+0000] {logging_mixin.py:188} INFO - [2026-03-12T02:05:05.040+0000] {dag.py:3947} INFO - Setting next_dagrun for transfer_from_minio_to_snowflake_transactions to 2026-03-12 02:04:00+00:00, run_after=2026-03-12 02:05:00+00:00
[2026-03-12T02:05:05.046+0000] {processor.py:183} INFO - Processing /opt/airflow/dags/transfer.py took 0.062 seconds
[2026-03-12T02:09:19.069+0000] {processor.py:161} INFO - Started process (PID=577) to work on /opt/airflow/dags/transfer.py
[2026-03-12T02:09:19.073+0000] {processor.py:830} INFO - Processing file /opt/airflow/dags/transfer.py for tasks to queue
[2026-03-12T02:09:19.075+0000] {logging_mixin.py:188} INFO - [2026-03-12T02:09:19.074+0000] {dagbag.py:545} INFO - Filling up the DagBag from /opt/airflow/dags/transfer.py
[2026-03-12T02:09:19.108+0000] {processor.py:840} INFO - DAG(s) 'transfer_from_minio_to_snowflake_customers', 'transfer_from_minio_to_snowflake_transactions', 'transfer_from_minio_to_snowflake_accounts' retrieved from /opt/airflow/dags/transfer.py
[2026-03-12T02:09:19.146+0000] {logging_mixin.py:188} INFO - [2026-03-12T02:09:19.146+0000] {dag.py:3089} INFO - Sync 3 DAGs
[2026-03-12T02:09:19.166+0000] {logging_mixin.py:188} INFO - [2026-03-12T02:09:19.166+0000] {dag.py:3947} INFO - Setting next_dagrun for transfer_from_minio_to_snowflake_accounts to 2026-03-12 02:08:00+00:00, run_after=2026-03-12 02:09:00+00:00
[2026-03-12T02:09:19.169+0000] {logging_mixin.py:188} INFO - [2026-03-12T02:09:19.169+0000] {dag.py:3947} INFO - Setting next_dagrun for transfer_from_minio_to_snowflake_customers to 2026-03-12 02:08:00+00:00, run_after=2026-03-12 02:09:00+00:00
[2026-03-12T02:09:19.171+0000] {logging_mixin.py:188} INFO - [2026-03-12T02:09:19.170+0000] {dag.py:3947} INFO - Setting next_dagrun for transfer_from_minio_to_snowflake_transactions to 2026-03-12 02:08:00+00:00, run_after=2026-03-12 02:09:00+00:00
[2026-03-12T02:09:19.180+0000] {processor.py:183} INFO - Processing /opt/airflow/dags/transfer.py took 0.129 seconds
[2026-03-12T02:09:49.480+0000] {processor.py:161} INFO - Started process (PID=578) to work on /opt/airflow/dags/transfer.py
[2026-03-12T02:09:49.481+0000] {processor.py:830} INFO - Processing file /opt/airflow/dags/transfer.py for tasks to queue
[2026-03-12T02:09:49.482+0000] {logging_mixin.py:188} INFO - [2026-03-12T02:09:49.482+0000] {dagbag.py:545} INFO - Filling up the DagBag from /opt/airflow/dags/transfer.py
[2026-03-12T02:09:49.497+0000] {processor.py:840} INFO - DAG(s) 'transfer_from_minio_to_snowflake_transactions', 'transfer_from_minio_to_snowflake_customers', 'transfer_from_minio_to_snowflake_accounts' retrieved from /opt/airflow/dags/transfer.py
[2026-03-12T02:09:49.526+0000] {logging_mixin.py:188} INFO - [2026-03-12T02:09:49.526+0000] {dag.py:3089} INFO - Sync 3 DAGs
[2026-03-12T02:09:49.539+0000] {logging_mixin.py:188} INFO - [2026-03-12T02:09:49.539+0000] {dag.py:3947} INFO - Setting next_dagrun for transfer_from_minio_to_snowflake_accounts to 2026-03-12 02:08:00+00:00, run_after=2026-03-12 02:09:00+00:00
[2026-03-12T02:09:49.542+0000] {logging_mixin.py:188} INFO - [2026-03-12T02:09:49.542+0000] {dag.py:3947} INFO - Setting next_dagrun for transfer_from_minio_to_snowflake_customers to 2026-03-12 02:08:00+00:00, run_after=2026-03-12 02:09:00+00:00
[2026-03-12T02:09:49.543+0000] {logging_mixin.py:188} INFO - [2026-03-12T02:09:49.543+0000] {dag.py:3947} INFO - Setting next_dagrun for transfer_from_minio_to_snowflake_transactions to 2026-03-12 02:08:00+00:00, run_after=2026-03-12 02:09:00+00:00
[2026-03-12T02:09:49.551+0000] {processor.py:183} INFO - Processing /opt/airflow/dags/transfer.py took 0.079 seconds
[2026-03-12T02:14:44.216+0000] {processor.py:161} INFO - Started process (PID=579) to work on /opt/airflow/dags/transfer.py
[2026-03-12T02:14:44.218+0000] {processor.py:830} INFO - Processing file /opt/airflow/dags/transfer.py for tasks to queue
[2026-03-12T02:14:44.219+0000] {logging_mixin.py:188} INFO - [2026-03-12T02:14:44.218+0000] {dagbag.py:545} INFO - Filling up the DagBag from /opt/airflow/dags/transfer.py
[2026-03-12T02:14:44.257+0000] {processor.py:840} INFO - DAG(s) 'transfer_from_minio_to_snowflake_transactions', 'transfer_from_minio_to_snowflake_customers', 'transfer_from_minio_to_snowflake_accounts' retrieved from /opt/airflow/dags/transfer.py
[2026-03-12T02:14:44.304+0000] {logging_mixin.py:188} INFO - [2026-03-12T02:14:44.304+0000] {dag.py:3089} INFO - Sync 3 DAGs
[2026-03-12T02:14:44.327+0000] {logging_mixin.py:188} INFO - [2026-03-12T02:14:44.327+0000] {dag.py:3947} INFO - Setting next_dagrun for transfer_from_minio_to_snowflake_accounts to 2026-03-12 02:13:00+00:00, run_after=2026-03-12 02:14:00+00:00
[2026-03-12T02:14:44.330+0000] {logging_mixin.py:188} INFO - [2026-03-12T02:14:44.330+0000] {dag.py:3947} INFO - Setting next_dagrun for transfer_from_minio_to_snowflake_customers to 2026-03-12 02:13:00+00:00, run_after=2026-03-12 02:14:00+00:00
[2026-03-12T02:14:44.331+0000] {logging_mixin.py:188} INFO - [2026-03-12T02:14:44.331+0000] {dag.py:3947} INFO - Setting next_dagrun for transfer_from_minio_to_snowflake_transactions to 2026-03-12 02:13:00+00:00, run_after=2026-03-12 02:14:00+00:00
[2026-03-12T02:14:44.341+0000] {processor.py:183} INFO - Processing /opt/airflow/dags/transfer.py took 0.139 seconds
[2026-03-12T02:30:39.651+0000] {processor.py:161} INFO - Started process (PID=580) to work on /opt/airflow/dags/transfer.py
[2026-03-12T02:30:39.652+0000] {processor.py:830} INFO - Processing file /opt/airflow/dags/transfer.py for tasks to queue
[2026-03-12T02:30:39.653+0000] {logging_mixin.py:188} INFO - [2026-03-12T02:30:39.652+0000] {dagbag.py:545} INFO - Filling up the DagBag from /opt/airflow/dags/transfer.py
[2026-03-12T02:30:39.677+0000] {processor.py:840} INFO - DAG(s) 'transfer_from_minio_to_snowflake_transactions', 'transfer_from_minio_to_snowflake_accounts', 'transfer_from_minio_to_snowflake_customers' retrieved from /opt/airflow/dags/transfer.py
[2026-03-12T02:30:39.711+0000] {logging_mixin.py:188} INFO - [2026-03-12T02:30:39.710+0000] {dag.py:3089} INFO - Sync 3 DAGs
[2026-03-12T02:30:39.729+0000] {logging_mixin.py:188} INFO - [2026-03-12T02:30:39.729+0000] {dag.py:3947} INFO - Setting next_dagrun for transfer_from_minio_to_snowflake_accounts to 2026-03-12 02:29:00+00:00, run_after=2026-03-12 02:30:00+00:00
[2026-03-12T02:30:39.733+0000] {logging_mixin.py:188} INFO - [2026-03-12T02:30:39.733+0000] {dag.py:3947} INFO - Setting next_dagrun for transfer_from_minio_to_snowflake_customers to 2026-03-12 02:29:00+00:00, run_after=2026-03-12 02:30:00+00:00
[2026-03-12T02:30:39.734+0000] {logging_mixin.py:188} INFO - [2026-03-12T02:30:39.734+0000] {dag.py:3947} INFO - Setting next_dagrun for transfer_from_minio_to_snowflake_transactions to 2026-03-12 02:29:00+00:00, run_after=2026-03-12 02:30:00+00:00
[2026-03-12T02:30:39.743+0000] {processor.py:183} INFO - Processing /opt/airflow/dags/transfer.py took 0.106 seconds
[2026-03-12T02:31:10.146+0000] {processor.py:161} INFO - Started process (PID=581) to work on /opt/airflow/dags/transfer.py
[2026-03-12T02:31:10.147+0000] {processor.py:830} INFO - Processing file /opt/airflow/dags/transfer.py for tasks to queue
[2026-03-12T02:31:10.149+0000] {logging_mixin.py:188} INFO - [2026-03-12T02:31:10.148+0000] {dagbag.py:545} INFO - Filling up the DagBag from /opt/airflow/dags/transfer.py
[2026-03-12T02:31:10.179+0000] {processor.py:840} INFO - DAG(s) 'transfer_from_minio_to_snowflake_transactions', 'transfer_from_minio_to_snowflake_accounts', 'transfer_from_minio_to_snowflake_customers' retrieved from /opt/airflow/dags/transfer.py
[2026-03-12T02:31:10.216+0000] {logging_mixin.py:188} INFO - [2026-03-12T02:31:10.216+0000] {dag.py:3089} INFO - Sync 3 DAGs
[2026-03-12T02:31:10.237+0000] {logging_mixin.py:188} INFO - [2026-03-12T02:31:10.237+0000] {dag.py:3947} INFO - Setting next_dagrun for transfer_from_minio_to_snowflake_accounts to 2026-03-12 02:30:00+00:00, run_after=2026-03-12 02:31:00+00:00
[2026-03-12T02:31:10.240+0000] {logging_mixin.py:188} INFO - [2026-03-12T02:31:10.240+0000] {dag.py:3947} INFO - Setting next_dagrun for transfer_from_minio_to_snowflake_customers to 2026-03-12 02:30:00+00:00, run_after=2026-03-12 02:31:00+00:00
[2026-03-12T02:31:10.242+0000] {logging_mixin.py:188} INFO - [2026-03-12T02:31:10.241+0000] {dag.py:3947} INFO - Setting next_dagrun for transfer_from_minio_to_snowflake_transactions to 2026-03-12 02:30:00+00:00, run_after=2026-03-12 02:31:00+00:00
[2026-03-12T02:31:10.251+0000] {processor.py:183} INFO - Processing /opt/airflow/dags/transfer.py took 0.121 seconds
[2026-03-12T02:47:29.437+0000] {processor.py:161} INFO - Started process (PID=582) to work on /opt/airflow/dags/transfer.py
[2026-03-12T02:47:29.438+0000] {processor.py:830} INFO - Processing file /opt/airflow/dags/transfer.py for tasks to queue
[2026-03-12T02:47:29.439+0000] {logging_mixin.py:188} INFO - [2026-03-12T02:47:29.439+0000] {dagbag.py:545} INFO - Filling up the DagBag from /opt/airflow/dags/transfer.py
[2026-03-12T02:47:29.462+0000] {processor.py:840} INFO - DAG(s) 'transfer_from_minio_to_snowflake_accounts', 'transfer_from_minio_to_snowflake_customers', 'transfer_from_minio_to_snowflake_transactions' retrieved from /opt/airflow/dags/transfer.py
[2026-03-12T02:47:29.493+0000] {logging_mixin.py:188} INFO - [2026-03-12T02:47:29.493+0000] {dag.py:3089} INFO - Sync 3 DAGs
[2026-03-12T02:47:29.508+0000] {logging_mixin.py:188} INFO - [2026-03-12T02:47:29.508+0000] {dag.py:3947} INFO - Setting next_dagrun for transfer_from_minio_to_snowflake_accounts to 2026-03-12 02:46:00+00:00, run_after=2026-03-12 02:47:00+00:00
[2026-03-12T02:47:29.510+0000] {logging_mixin.py:188} INFO - [2026-03-12T02:47:29.510+0000] {dag.py:3947} INFO - Setting next_dagrun for transfer_from_minio_to_snowflake_customers to 2026-03-12 02:46:00+00:00, run_after=2026-03-12 02:47:00+00:00
[2026-03-12T02:47:29.512+0000] {logging_mixin.py:188} INFO - [2026-03-12T02:47:29.512+0000] {dag.py:3947} INFO - Setting next_dagrun for transfer_from_minio_to_snowflake_transactions to 2026-03-12 02:46:00+00:00, run_after=2026-03-12 02:47:00+00:00
[2026-03-12T02:47:29.519+0000] {processor.py:183} INFO - Processing /opt/airflow/dags/transfer.py took 0.095 seconds
[2026-03-12T02:47:59.901+0000] {processor.py:161} INFO - Started process (PID=583) to work on /opt/airflow/dags/transfer.py
[2026-03-12T02:47:59.903+0000] {processor.py:830} INFO - Processing file /opt/airflow/dags/transfer.py for tasks to queue
[2026-03-12T02:47:59.904+0000] {logging_mixin.py:188} INFO - [2026-03-12T02:47:59.904+0000] {dagbag.py:545} INFO - Filling up the DagBag from /opt/airflow/dags/transfer.py
[2026-03-12T02:47:59.931+0000] {processor.py:840} INFO - DAG(s) 'transfer_from_minio_to_snowflake_customers', 'transfer_from_minio_to_snowflake_accounts', 'transfer_from_minio_to_snowflake_transactions' retrieved from /opt/airflow/dags/transfer.py
[2026-03-12T02:47:59.964+0000] {logging_mixin.py:188} INFO - [2026-03-12T02:47:59.964+0000] {dag.py:3089} INFO - Sync 3 DAGs
[2026-03-12T02:47:59.979+0000] {logging_mixin.py:188} INFO - [2026-03-12T02:47:59.979+0000] {dag.py:3947} INFO - Setting next_dagrun for transfer_from_minio_to_snowflake_accounts to 2026-03-12 02:46:00+00:00, run_after=2026-03-12 02:47:00+00:00
[2026-03-12T02:47:59.981+0000] {logging_mixin.py:188} INFO - [2026-03-12T02:47:59.981+0000] {dag.py:3947} INFO - Setting next_dagrun for transfer_from_minio_to_snowflake_customers to 2026-03-12 02:46:00+00:00, run_after=2026-03-12 02:47:00+00:00
[2026-03-12T02:47:59.983+0000] {logging_mixin.py:188} INFO - [2026-03-12T02:47:59.983+0000] {dag.py:3947} INFO - Setting next_dagrun for transfer_from_minio_to_snowflake_transactions to 2026-03-12 02:46:00+00:00, run_after=2026-03-12 02:47:00+00:00
[2026-03-12T02:47:59.991+0000] {processor.py:183} INFO - Processing /opt/airflow/dags/transfer.py took 0.101 seconds
[2026-03-12T03:03:54.388+0000] {processor.py:161} INFO - Started process (PID=584) to work on /opt/airflow/dags/transfer.py
[2026-03-12T03:03:54.389+0000] {processor.py:830} INFO - Processing file /opt/airflow/dags/transfer.py for tasks to queue
[2026-03-12T03:03:54.393+0000] {logging_mixin.py:188} INFO - [2026-03-12T03:03:54.390+0000] {dagbag.py:545} INFO - Filling up the DagBag from /opt/airflow/dags/transfer.py
[2026-03-12T03:03:54.417+0000] {processor.py:840} INFO - DAG(s) 'transfer_from_minio_to_snowflake_accounts', 'transfer_from_minio_to_snowflake_transactions', 'transfer_from_minio_to_snowflake_customers' retrieved from /opt/airflow/dags/transfer.py
[2026-03-12T03:03:54.454+0000] {logging_mixin.py:188} INFO - [2026-03-12T03:03:54.454+0000] {dag.py:3089} INFO - Sync 3 DAGs
[2026-03-12T03:03:54.470+0000] {logging_mixin.py:188} INFO - [2026-03-12T03:03:54.470+0000] {dag.py:3947} INFO - Setting next_dagrun for transfer_from_minio_to_snowflake_accounts to 2026-03-12 03:02:00+00:00, run_after=2026-03-12 03:03:00+00:00
[2026-03-12T03:03:54.473+0000] {logging_mixin.py:188} INFO - [2026-03-12T03:03:54.473+0000] {dag.py:3947} INFO - Setting next_dagrun for transfer_from_minio_to_snowflake_customers to 2026-03-12 03:02:00+00:00, run_after=2026-03-12 03:03:00+00:00
[2026-03-12T03:03:54.474+0000] {logging_mixin.py:188} INFO - [2026-03-12T03:03:54.474+0000] {dag.py:3947} INFO - Setting next_dagrun for transfer_from_minio_to_snowflake_transactions to 2026-03-12 03:02:00+00:00, run_after=2026-03-12 03:03:00+00:00
[2026-03-12T03:03:54.482+0000] {processor.py:183} INFO - Processing /opt/airflow/dags/transfer.py took 0.105 seconds
[2026-03-12T03:04:24.795+0000] {processor.py:161} INFO - Started process (PID=585) to work on /opt/airflow/dags/transfer.py
[2026-03-12T03:04:24.796+0000] {processor.py:830} INFO - Processing file /opt/airflow/dags/transfer.py for tasks to queue
[2026-03-12T03:04:24.799+0000] {logging_mixin.py:188} INFO - [2026-03-12T03:04:24.797+0000] {dagbag.py:545} INFO - Filling up the DagBag from /opt/airflow/dags/transfer.py
[2026-03-12T03:04:24.840+0000] {processor.py:840} INFO - DAG(s) 'transfer_from_minio_to_snowflake_accounts', 'transfer_from_minio_to_snowflake_customers', 'transfer_from_minio_to_snowflake_transactions' retrieved from /opt/airflow/dags/transfer.py
[2026-03-12T03:04:24.883+0000] {logging_mixin.py:188} INFO - [2026-03-12T03:04:24.883+0000] {dag.py:3089} INFO - Sync 3 DAGs
[2026-03-12T03:04:24.905+0000] {logging_mixin.py:188} INFO - [2026-03-12T03:04:24.904+0000] {dag.py:3947} INFO - Setting next_dagrun for transfer_from_minio_to_snowflake_accounts to 2026-03-12 03:03:00+00:00, run_after=2026-03-12 03:04:00+00:00
[2026-03-12T03:04:24.908+0000] {logging_mixin.py:188} INFO - [2026-03-12T03:04:24.908+0000] {dag.py:3947} INFO - Setting next_dagrun for transfer_from_minio_to_snowflake_customers to 2026-03-12 03:03:00+00:00, run_after=2026-03-12 03:04:00+00:00
[2026-03-12T03:04:24.910+0000] {logging_mixin.py:188} INFO - [2026-03-12T03:04:24.910+0000] {dag.py:3947} INFO - Setting next_dagrun for transfer_from_minio_to_snowflake_transactions to 2026-03-12 03:03:00+00:00, run_after=2026-03-12 03:04:00+00:00
[2026-03-12T03:04:24.919+0000] {processor.py:183} INFO - Processing /opt/airflow/dags/transfer.py took 0.159 seconds
[2026-03-12T03:20:19.113+0000] {processor.py:161} INFO - Started process (PID=586) to work on /opt/airflow/dags/transfer.py
[2026-03-12T03:20:19.114+0000] {processor.py:830} INFO - Processing file /opt/airflow/dags/transfer.py for tasks to queue
[2026-03-12T03:20:19.115+0000] {logging_mixin.py:188} INFO - [2026-03-12T03:20:19.114+0000] {dagbag.py:545} INFO - Filling up the DagBag from /opt/airflow/dags/transfer.py
[2026-03-12T03:20:19.138+0000] {processor.py:840} INFO - DAG(s) 'transfer_from_minio_to_snowflake_accounts', 'transfer_from_minio_to_snowflake_transactions', 'transfer_from_minio_to_snowflake_customers' retrieved from /opt/airflow/dags/transfer.py
[2026-03-12T03:20:19.168+0000] {logging_mixin.py:188} INFO - [2026-03-12T03:20:19.168+0000] {dag.py:3089} INFO - Sync 3 DAGs
[2026-03-12T03:20:19.183+0000] {logging_mixin.py:188} INFO - [2026-03-12T03:20:19.183+0000] {dag.py:3947} INFO - Setting next_dagrun for transfer_from_minio_to_snowflake_accounts to 2026-03-12 03:19:00+00:00, run_after=2026-03-12 03:20:00+00:00
[2026-03-12T03:20:19.186+0000] {logging_mixin.py:188} INFO - [2026-03-12T03:20:19.186+0000] {dag.py:3947} INFO - Setting next_dagrun for transfer_from_minio_to_snowflake_customers to 2026-03-12 03:19:00+00:00, run_after=2026-03-12 03:20:00+00:00
[2026-03-12T03:20:19.188+0000] {logging_mixin.py:188} INFO - [2026-03-12T03:20:19.188+0000] {dag.py:3947} INFO - Setting next_dagrun for transfer_from_minio_to_snowflake_transactions to 2026-03-12 03:19:00+00:00, run_after=2026-03-12 03:20:00+00:00
[2026-03-12T03:20:19.200+0000] {processor.py:183} INFO - Processing /opt/airflow/dags/transfer.py took 0.096 seconds
[2026-03-12T03:36:14.321+0000] {processor.py:161} INFO - Started process (PID=587) to work on /opt/airflow/dags/transfer.py
[2026-03-12T03:36:14.324+0000] {processor.py:830} INFO - Processing file /opt/airflow/dags/transfer.py for tasks to queue
[2026-03-12T03:36:14.326+0000] {logging_mixin.py:188} INFO - [2026-03-12T03:36:14.325+0000] {dagbag.py:545} INFO - Filling up the DagBag from /opt/airflow/dags/transfer.py
[2026-03-12T03:36:14.355+0000] {processor.py:840} INFO - DAG(s) 'transfer_from_minio_to_snowflake_transactions', 'transfer_from_minio_to_snowflake_customers', 'transfer_from_minio_to_snowflake_accounts' retrieved from /opt/airflow/dags/transfer.py
[2026-03-12T03:36:14.388+0000] {logging_mixin.py:188} INFO - [2026-03-12T03:36:14.388+0000] {dag.py:3089} INFO - Sync 3 DAGs
[2026-03-12T03:36:14.407+0000] {logging_mixin.py:188} INFO - [2026-03-12T03:36:14.406+0000] {dag.py:3947} INFO - Setting next_dagrun for transfer_from_minio_to_snowflake_accounts to 2026-03-12 03:35:00+00:00, run_after=2026-03-12 03:36:00+00:00
[2026-03-12T03:36:14.411+0000] {logging_mixin.py:188} INFO - [2026-03-12T03:36:14.411+0000] {dag.py:3947} INFO - Setting next_dagrun for transfer_from_minio_to_snowflake_customers to 2026-03-12 03:35:00+00:00, run_after=2026-03-12 03:36:00+00:00
[2026-03-12T03:36:14.412+0000] {logging_mixin.py:188} INFO - [2026-03-12T03:36:14.412+0000] {dag.py:3947} INFO - Setting next_dagrun for transfer_from_minio_to_snowflake_transactions to 2026-03-12 03:35:00+00:00, run_after=2026-03-12 03:36:00+00:00
[2026-03-12T03:36:14.422+0000] {processor.py:183} INFO - Processing /opt/airflow/dags/transfer.py took 0.113 seconds
[2026-03-12T03:36:44.709+0000] {processor.py:161} INFO - Started process (PID=588) to work on /opt/airflow/dags/transfer.py
[2026-03-12T03:36:44.710+0000] {processor.py:830} INFO - Processing file /opt/airflow/dags/transfer.py for tasks to queue
[2026-03-12T03:36:44.711+0000] {logging_mixin.py:188} INFO - [2026-03-12T03:36:44.711+0000] {dagbag.py:545} INFO - Filling up the DagBag from /opt/airflow/dags/transfer.py
[2026-03-12T03:36:44.727+0000] {processor.py:840} INFO - DAG(s) 'transfer_from_minio_to_snowflake_transactions', 'transfer_from_minio_to_snowflake_accounts', 'transfer_from_minio_to_snowflake_customers' retrieved from /opt/airflow/dags/transfer.py
[2026-03-12T03:36:44.757+0000] {logging_mixin.py:188} INFO - [2026-03-12T03:36:44.756+0000] {dag.py:3089} INFO - Sync 3 DAGs
[2026-03-12T03:36:44.771+0000] {logging_mixin.py:188} INFO - [2026-03-12T03:36:44.771+0000] {dag.py:3947} INFO - Setting next_dagrun for transfer_from_minio_to_snowflake_accounts to 2026-03-12 03:35:00+00:00, run_after=2026-03-12 03:36:00+00:00
[2026-03-12T03:36:44.774+0000] {logging_mixin.py:188} INFO - [2026-03-12T03:36:44.774+0000] {dag.py:3947} INFO - Setting next_dagrun for transfer_from_minio_to_snowflake_customers to 2026-03-12 03:35:00+00:00, run_after=2026-03-12 03:36:00+00:00
[2026-03-12T03:36:44.776+0000] {logging_mixin.py:188} INFO - [2026-03-12T03:36:44.775+0000] {dag.py:3947} INFO - Setting next_dagrun for transfer_from_minio_to_snowflake_transactions to 2026-03-12 03:35:00+00:00, run_after=2026-03-12 03:36:00+00:00
[2026-03-12T03:36:44.783+0000] {processor.py:183} INFO - Processing /opt/airflow/dags/transfer.py took 0.083 seconds
[2026-03-12T03:52:40.153+0000] {processor.py:161} INFO - Started process (PID=589) to work on /opt/airflow/dags/transfer.py
[2026-03-12T03:52:40.155+0000] {processor.py:830} INFO - Processing file /opt/airflow/dags/transfer.py for tasks to queue
[2026-03-12T03:52:40.156+0000] {logging_mixin.py:188} INFO - [2026-03-12T03:52:40.155+0000] {dagbag.py:545} INFO - Filling up the DagBag from /opt/airflow/dags/transfer.py
[2026-03-12T03:52:40.187+0000] {processor.py:840} INFO - DAG(s) 'transfer_from_minio_to_snowflake_accounts', 'transfer_from_minio_to_snowflake_transactions', 'transfer_from_minio_to_snowflake_customers' retrieved from /opt/airflow/dags/transfer.py
[2026-03-12T03:52:40.221+0000] {logging_mixin.py:188} INFO - [2026-03-12T03:52:40.221+0000] {dag.py:3089} INFO - Sync 3 DAGs
[2026-03-12T03:52:40.241+0000] {logging_mixin.py:188} INFO - [2026-03-12T03:52:40.241+0000] {dag.py:3947} INFO - Setting next_dagrun for transfer_from_minio_to_snowflake_accounts to 2026-03-12 03:51:00+00:00, run_after=2026-03-12 03:52:00+00:00
[2026-03-12T03:52:40.244+0000] {logging_mixin.py:188} INFO - [2026-03-12T03:52:40.244+0000] {dag.py:3947} INFO - Setting next_dagrun for transfer_from_minio_to_snowflake_customers to 2026-03-12 03:51:00+00:00, run_after=2026-03-12 03:52:00+00:00
[2026-03-12T03:52:40.246+0000] {logging_mixin.py:188} INFO - [2026-03-12T03:52:40.246+0000] {dag.py:3947} INFO - Setting next_dagrun for transfer_from_minio_to_snowflake_transactions to 2026-03-12 03:51:00+00:00, run_after=2026-03-12 03:52:00+00:00
[2026-03-12T03:52:40.254+0000] {processor.py:183} INFO - Processing /opt/airflow/dags/transfer.py took 0.116 seconds
[2026-03-12T04:08:35.249+0000] {processor.py:161} INFO - Started process (PID=590) to work on /opt/airflow/dags/transfer.py
[2026-03-12T04:08:35.250+0000] {processor.py:830} INFO - Processing file /opt/airflow/dags/transfer.py for tasks to queue
[2026-03-12T04:08:35.251+0000] {logging_mixin.py:188} INFO - [2026-03-12T04:08:35.250+0000] {dagbag.py:545} INFO - Filling up the DagBag from /opt/airflow/dags/transfer.py
[2026-03-12T04:08:35.281+0000] {processor.py:840} INFO - DAG(s) 'transfer_from_minio_to_snowflake_customers', 'transfer_from_minio_to_snowflake_transactions', 'transfer_from_minio_to_snowflake_accounts' retrieved from /opt/airflow/dags/transfer.py
[2026-03-12T04:08:35.315+0000] {logging_mixin.py:188} INFO - [2026-03-12T04:08:35.315+0000] {dag.py:3089} INFO - Sync 3 DAGs
[2026-03-12T04:08:35.330+0000] {logging_mixin.py:188} INFO - [2026-03-12T04:08:35.330+0000] {dag.py:3947} INFO - Setting next_dagrun for transfer_from_minio_to_snowflake_accounts to 2026-03-12 04:07:00+00:00, run_after=2026-03-12 04:08:00+00:00
[2026-03-12T04:08:35.333+0000] {logging_mixin.py:188} INFO - [2026-03-12T04:08:35.333+0000] {dag.py:3947} INFO - Setting next_dagrun for transfer_from_minio_to_snowflake_customers to 2026-03-12 04:07:00+00:00, run_after=2026-03-12 04:08:00+00:00
[2026-03-12T04:08:35.334+0000] {logging_mixin.py:188} INFO - [2026-03-12T04:08:35.334+0000] {dag.py:3947} INFO - Setting next_dagrun for transfer_from_minio_to_snowflake_transactions to 2026-03-12 04:07:00+00:00, run_after=2026-03-12 04:08:00+00:00
[2026-03-12T04:08:35.342+0000] {processor.py:183} INFO - Processing /opt/airflow/dags/transfer.py took 0.106 seconds
[2026-03-12T04:09:05.658+0000] {processor.py:161} INFO - Started process (PID=591) to work on /opt/airflow/dags/transfer.py
[2026-03-12T04:09:05.659+0000] {processor.py:830} INFO - Processing file /opt/airflow/dags/transfer.py for tasks to queue
[2026-03-12T04:09:05.661+0000] {logging_mixin.py:188} INFO - [2026-03-12T04:09:05.660+0000] {dagbag.py:545} INFO - Filling up the DagBag from /opt/airflow/dags/transfer.py
[2026-03-12T04:09:05.696+0000] {processor.py:840} INFO - DAG(s) 'transfer_from_minio_to_snowflake_customers', 'transfer_from_minio_to_snowflake_accounts', 'transfer_from_minio_to_snowflake_transactions' retrieved from /opt/airflow/dags/transfer.py
[2026-03-12T04:09:05.735+0000] {logging_mixin.py:188} INFO - [2026-03-12T04:09:05.735+0000] {dag.py:3089} INFO - Sync 3 DAGs
[2026-03-12T04:09:05.753+0000] {logging_mixin.py:188} INFO - [2026-03-12T04:09:05.753+0000] {dag.py:3947} INFO - Setting next_dagrun for transfer_from_minio_to_snowflake_accounts to 2026-03-12 04:08:00+00:00, run_after=2026-03-12 04:09:00+00:00
[2026-03-12T04:09:05.756+0000] {logging_mixin.py:188} INFO - [2026-03-12T04:09:05.756+0000] {dag.py:3947} INFO - Setting next_dagrun for transfer_from_minio_to_snowflake_customers to 2026-03-12 04:08:00+00:00, run_after=2026-03-12 04:09:00+00:00
[2026-03-12T04:09:05.757+0000] {logging_mixin.py:188} INFO - [2026-03-12T04:09:05.757+0000] {dag.py:3947} INFO - Setting next_dagrun for transfer_from_minio_to_snowflake_transactions to 2026-03-12 04:08:00+00:00, run_after=2026-03-12 04:09:00+00:00
[2026-03-12T04:09:05.768+0000] {processor.py:183} INFO - Processing /opt/airflow/dags/transfer.py took 0.126 seconds
[2026-03-12T04:15:56.987+0000] {processor.py:161} INFO - Started process (PID=592) to work on /opt/airflow/dags/transfer.py
[2026-03-12T04:15:56.989+0000] {processor.py:830} INFO - Processing file /opt/airflow/dags/transfer.py for tasks to queue
[2026-03-12T04:15:56.990+0000] {logging_mixin.py:188} INFO - [2026-03-12T04:15:56.989+0000] {dagbag.py:545} INFO - Filling up the DagBag from /opt/airflow/dags/transfer.py
[2026-03-12T04:15:57.015+0000] {processor.py:840} INFO - DAG(s) 'transfer_from_minio_to_snowflake_customers', 'transfer_from_minio_to_snowflake_accounts', 'transfer_from_minio_to_snowflake_transactions' retrieved from /opt/airflow/dags/transfer.py
[2026-03-12T04:15:57.049+0000] {logging_mixin.py:188} INFO - [2026-03-12T04:15:57.049+0000] {dag.py:3089} INFO - Sync 3 DAGs
[2026-03-12T04:15:57.066+0000] {logging_mixin.py:188} INFO - [2026-03-12T04:15:57.066+0000] {dag.py:3947} INFO - Setting next_dagrun for transfer_from_minio_to_snowflake_accounts to 2026-03-12 04:14:00+00:00, run_after=2026-03-12 04:15:00+00:00
[2026-03-12T04:15:57.069+0000] {logging_mixin.py:188} INFO - [2026-03-12T04:15:57.069+0000] {dag.py:3947} INFO - Setting next_dagrun for transfer_from_minio_to_snowflake_customers to 2026-03-12 04:14:00+00:00, run_after=2026-03-12 04:15:00+00:00
[2026-03-12T04:15:57.071+0000] {logging_mixin.py:188} INFO - [2026-03-12T04:15:57.070+0000] {dag.py:3947} INFO - Setting next_dagrun for transfer_from_minio_to_snowflake_transactions to 2026-03-12 04:14:00+00:00, run_after=2026-03-12 04:15:00+00:00
[2026-03-12T04:15:57.080+0000] {processor.py:183} INFO - Processing /opt/airflow/dags/transfer.py took 0.109 seconds
[2026-03-12T04:31:52.205+0000] {processor.py:161} INFO - Started process (PID=593) to work on /opt/airflow/dags/transfer.py
[2026-03-12T04:31:52.208+0000] {processor.py:830} INFO - Processing file /opt/airflow/dags/transfer.py for tasks to queue
[2026-03-12T04:31:52.209+0000] {logging_mixin.py:188} INFO - [2026-03-12T04:31:52.209+0000] {dagbag.py:545} INFO - Filling up the DagBag from /opt/airflow/dags/transfer.py
[2026-03-12T04:31:52.228+0000] {processor.py:840} INFO - DAG(s) 'transfer_from_minio_to_snowflake_customers', 'transfer_from_minio_to_snowflake_accounts', 'transfer_from_minio_to_snowflake_transactions' retrieved from /opt/airflow/dags/transfer.py
[2026-03-12T04:31:52.261+0000] {logging_mixin.py:188} INFO - [2026-03-12T04:31:52.261+0000] {dag.py:3089} INFO - Sync 3 DAGs
[2026-03-12T04:31:52.286+0000] {logging_mixin.py:188} INFO - [2026-03-12T04:31:52.286+0000] {dag.py:3947} INFO - Setting next_dagrun for transfer_from_minio_to_snowflake_accounts to 2026-03-12 04:30:00+00:00, run_after=2026-03-12 04:31:00+00:00
[2026-03-12T04:31:52.289+0000] {logging_mixin.py:188} INFO - [2026-03-12T04:31:52.289+0000] {dag.py:3947} INFO - Setting next_dagrun for transfer_from_minio_to_snowflake_customers to 2026-03-12 04:30:00+00:00, run_after=2026-03-12 04:31:00+00:00
[2026-03-12T04:31:52.291+0000] {logging_mixin.py:188} INFO - [2026-03-12T04:31:52.291+0000] {dag.py:3947} INFO - Setting next_dagrun for transfer_from_minio_to_snowflake_transactions to 2026-03-12 04:30:00+00:00, run_after=2026-03-12 04:31:00+00:00
[2026-03-12T04:31:52.299+0000] {processor.py:183} INFO - Processing /opt/airflow/dags/transfer.py took 0.106 seconds
[2026-03-12T04:32:22.649+0000] {processor.py:161} INFO - Started process (PID=594) to work on /opt/airflow/dags/transfer.py
[2026-03-12T04:32:22.651+0000] {processor.py:830} INFO - Processing file /opt/airflow/dags/transfer.py for tasks to queue
[2026-03-12T04:32:22.652+0000] {logging_mixin.py:188} INFO - [2026-03-12T04:32:22.652+0000] {dagbag.py:545} INFO - Filling up the DagBag from /opt/airflow/dags/transfer.py
[2026-03-12T04:32:22.691+0000] {processor.py:840} INFO - DAG(s) 'transfer_from_minio_to_snowflake_accounts', 'transfer_from_minio_to_snowflake_customers', 'transfer_from_minio_to_snowflake_transactions' retrieved from /opt/airflow/dags/transfer.py
[2026-03-12T04:32:22.734+0000] {logging_mixin.py:188} INFO - [2026-03-12T04:32:22.734+0000] {dag.py:3089} INFO - Sync 3 DAGs
[2026-03-12T04:32:22.754+0000] {logging_mixin.py:188} INFO - [2026-03-12T04:32:22.753+0000] {dag.py:3947} INFO - Setting next_dagrun for transfer_from_minio_to_snowflake_accounts to 2026-03-12 04:31:00+00:00, run_after=2026-03-12 04:32:00+00:00
[2026-03-12T04:32:22.757+0000] {logging_mixin.py:188} INFO - [2026-03-12T04:32:22.757+0000] {dag.py:3947} INFO - Setting next_dagrun for transfer_from_minio_to_snowflake_customers to 2026-03-12 04:31:00+00:00, run_after=2026-03-12 04:32:00+00:00
[2026-03-12T04:32:22.759+0000] {logging_mixin.py:188} INFO - [2026-03-12T04:32:22.758+0000] {dag.py:3947} INFO - Setting next_dagrun for transfer_from_minio_to_snowflake_transactions to 2026-03-12 04:31:00+00:00, run_after=2026-03-12 04:32:00+00:00
[2026-03-12T04:32:22.770+0000] {processor.py:183} INFO - Processing /opt/airflow/dags/transfer.py took 0.140 seconds
[2026-03-12T04:48:17.872+0000] {processor.py:161} INFO - Started process (PID=595) to work on /opt/airflow/dags/transfer.py
[2026-03-12T04:48:17.873+0000] {processor.py:830} INFO - Processing file /opt/airflow/dags/transfer.py for tasks to queue
[2026-03-12T04:48:17.875+0000] {logging_mixin.py:188} INFO - [2026-03-12T04:48:17.874+0000] {dagbag.py:545} INFO - Filling up the DagBag from /opt/airflow/dags/transfer.py
[2026-03-12T04:48:17.902+0000] {processor.py:840} INFO - DAG(s) 'transfer_from_minio_to_snowflake_transactions', 'transfer_from_minio_to_snowflake_customers', 'transfer_from_minio_to_snowflake_accounts' retrieved from /opt/airflow/dags/transfer.py
[2026-03-12T04:48:17.941+0000] {logging_mixin.py:188} INFO - [2026-03-12T04:48:17.941+0000] {dag.py:3089} INFO - Sync 3 DAGs
[2026-03-12T04:48:17.967+0000] {logging_mixin.py:188} INFO - [2026-03-12T04:48:17.966+0000] {dag.py:3947} INFO - Setting next_dagrun for transfer_from_minio_to_snowflake_accounts to 2026-03-12 04:47:00+00:00, run_after=2026-03-12 04:48:00+00:00
[2026-03-12T04:48:17.970+0000] {logging_mixin.py:188} INFO - [2026-03-12T04:48:17.969+0000] {dag.py:3947} INFO - Setting next_dagrun for transfer_from_minio_to_snowflake_customers to 2026-03-12 04:47:00+00:00, run_after=2026-03-12 04:48:00+00:00
[2026-03-12T04:48:17.971+0000] {logging_mixin.py:188} INFO - [2026-03-12T04:48:17.971+0000] {dag.py:3947} INFO - Setting next_dagrun for transfer_from_minio_to_snowflake_transactions to 2026-03-12 04:47:00+00:00, run_after=2026-03-12 04:48:00+00:00
[2026-03-12T04:48:17.979+0000] {processor.py:183} INFO - Processing /opt/airflow/dags/transfer.py took 0.121 seconds
[2026-03-12T04:48:48.327+0000] {processor.py:161} INFO - Started process (PID=596) to work on /opt/airflow/dags/transfer.py
[2026-03-12T04:48:48.328+0000] {processor.py:830} INFO - Processing file /opt/airflow/dags/transfer.py for tasks to queue
[2026-03-12T04:48:48.329+0000] {logging_mixin.py:188} INFO - [2026-03-12T04:48:48.329+0000] {dagbag.py:545} INFO - Filling up the DagBag from /opt/airflow/dags/transfer.py
[2026-03-12T04:48:48.356+0000] {processor.py:840} INFO - DAG(s) 'transfer_from_minio_to_snowflake_customers', 'transfer_from_minio_to_snowflake_transactions', 'transfer_from_minio_to_snowflake_accounts' retrieved from /opt/airflow/dags/transfer.py
[2026-03-12T04:48:48.398+0000] {logging_mixin.py:188} INFO - [2026-03-12T04:48:48.397+0000] {dag.py:3089} INFO - Sync 3 DAGs
[2026-03-12T04:48:48.422+0000] {logging_mixin.py:188} INFO - [2026-03-12T04:48:48.422+0000] {dag.py:3947} INFO - Setting next_dagrun for transfer_from_minio_to_snowflake_accounts to 2026-03-12 04:47:00+00:00, run_after=2026-03-12 04:48:00+00:00
[2026-03-12T04:48:48.425+0000] {logging_mixin.py:188} INFO - [2026-03-12T04:48:48.425+0000] {dag.py:3947} INFO - Setting next_dagrun for transfer_from_minio_to_snowflake_customers to 2026-03-12 04:47:00+00:00, run_after=2026-03-12 04:48:00+00:00
[2026-03-12T04:48:48.427+0000] {logging_mixin.py:188} INFO - [2026-03-12T04:48:48.427+0000] {dag.py:3947} INFO - Setting next_dagrun for transfer_from_minio_to_snowflake_transactions to 2026-03-12 04:47:00+00:00, run_after=2026-03-12 04:48:00+00:00
[2026-03-12T04:48:48.436+0000] {processor.py:183} INFO - Processing /opt/airflow/dags/transfer.py took 0.122 seconds
[2026-03-12T05:04:43.447+0000] {processor.py:161} INFO - Started process (PID=597) to work on /opt/airflow/dags/transfer.py
[2026-03-12T05:04:43.448+0000] {processor.py:830} INFO - Processing file /opt/airflow/dags/transfer.py for tasks to queue
[2026-03-12T05:04:43.449+0000] {logging_mixin.py:188} INFO - [2026-03-12T05:04:43.449+0000] {dagbag.py:545} INFO - Filling up the DagBag from /opt/airflow/dags/transfer.py
[2026-03-12T05:04:43.474+0000] {processor.py:840} INFO - DAG(s) 'transfer_from_minio_to_snowflake_customers', 'transfer_from_minio_to_snowflake_transactions', 'transfer_from_minio_to_snowflake_accounts' retrieved from /opt/airflow/dags/transfer.py
[2026-03-12T05:04:43.509+0000] {logging_mixin.py:188} INFO - [2026-03-12T05:04:43.509+0000] {dag.py:3089} INFO - Sync 3 DAGs
[2026-03-12T05:04:43.525+0000] {logging_mixin.py:188} INFO - [2026-03-12T05:04:43.525+0000] {dag.py:3947} INFO - Setting next_dagrun for transfer_from_minio_to_snowflake_accounts to 2026-03-12 05:03:00+00:00, run_after=2026-03-12 05:04:00+00:00
[2026-03-12T05:04:43.528+0000] {logging_mixin.py:188} INFO - [2026-03-12T05:04:43.528+0000] {dag.py:3947} INFO - Setting next_dagrun for transfer_from_minio_to_snowflake_customers to 2026-03-12 05:03:00+00:00, run_after=2026-03-12 05:04:00+00:00
[2026-03-12T05:04:43.530+0000] {logging_mixin.py:188} INFO - [2026-03-12T05:04:43.530+0000] {dag.py:3947} INFO - Setting next_dagrun for transfer_from_minio_to_snowflake_transactions to 2026-03-12 05:03:00+00:00, run_after=2026-03-12 05:04:00+00:00
[2026-03-12T05:04:43.543+0000] {processor.py:183} INFO - Processing /opt/airflow/dags/transfer.py took 0.104 seconds
[2026-03-12T05:16:49.008+0000] {processor.py:161} INFO - Started process (PID=598) to work on /opt/airflow/dags/transfer.py
[2026-03-12T05:16:49.009+0000] {processor.py:830} INFO - Processing file /opt/airflow/dags/transfer.py for tasks to queue
[2026-03-12T05:16:49.011+0000] {logging_mixin.py:188} INFO - [2026-03-12T05:16:49.010+0000] {dagbag.py:545} INFO - Filling up the DagBag from /opt/airflow/dags/transfer.py
[2026-03-12T05:16:49.034+0000] {processor.py:840} INFO - DAG(s) 'transfer_from_minio_to_snowflake_transactions', 'transfer_from_minio_to_snowflake_customers', 'transfer_from_minio_to_snowflake_accounts' retrieved from /opt/airflow/dags/transfer.py
[2026-03-12T05:16:49.074+0000] {logging_mixin.py:188} INFO - [2026-03-12T05:16:49.074+0000] {dag.py:3089} INFO - Sync 3 DAGs
[2026-03-12T05:16:49.092+0000] {logging_mixin.py:188} INFO - [2026-03-12T05:16:49.092+0000] {dag.py:3947} INFO - Setting next_dagrun for transfer_from_minio_to_snowflake_accounts to 2026-03-12 05:15:00+00:00, run_after=2026-03-12 05:16:00+00:00
[2026-03-12T05:16:49.095+0000] {logging_mixin.py:188} INFO - [2026-03-12T05:16:49.095+0000] {dag.py:3947} INFO - Setting next_dagrun for transfer_from_minio_to_snowflake_customers to 2026-03-12 05:15:00+00:00, run_after=2026-03-12 05:16:00+00:00
[2026-03-12T05:16:49.096+0000] {logging_mixin.py:188} INFO - [2026-03-12T05:16:49.096+0000] {dag.py:3947} INFO - Setting next_dagrun for transfer_from_minio_to_snowflake_transactions to 2026-03-12 05:15:00+00:00, run_after=2026-03-12 05:16:00+00:00
[2026-03-12T05:16:49.104+0000] {processor.py:183} INFO - Processing /opt/airflow/dags/transfer.py took 0.105 seconds
[2026-03-12T05:17:19.459+0000] {processor.py:161} INFO - Started process (PID=599) to work on /opt/airflow/dags/transfer.py
[2026-03-12T05:17:19.461+0000] {processor.py:830} INFO - Processing file /opt/airflow/dags/transfer.py for tasks to queue
[2026-03-12T05:17:19.462+0000] {logging_mixin.py:188} INFO - [2026-03-12T05:17:19.461+0000] {dagbag.py:545} INFO - Filling up the DagBag from /opt/airflow/dags/transfer.py
[2026-03-12T05:17:19.479+0000] {processor.py:840} INFO - DAG(s) 'transfer_from_minio_to_snowflake_transactions', 'transfer_from_minio_to_snowflake_accounts', 'transfer_from_minio_to_snowflake_customers' retrieved from /opt/airflow/dags/transfer.py
[2026-03-12T05:17:19.509+0000] {logging_mixin.py:188} INFO - [2026-03-12T05:17:19.509+0000] {dag.py:3089} INFO - Sync 3 DAGs
[2026-03-12T05:17:19.522+0000] {logging_mixin.py:188} INFO - [2026-03-12T05:17:19.522+0000] {dag.py:3947} INFO - Setting next_dagrun for transfer_from_minio_to_snowflake_accounts to 2026-03-12 05:16:00+00:00, run_after=2026-03-12 05:17:00+00:00
[2026-03-12T05:17:19.525+0000] {logging_mixin.py:188} INFO - [2026-03-12T05:17:19.525+0000] {dag.py:3947} INFO - Setting next_dagrun for transfer_from_minio_to_snowflake_customers to 2026-03-12 05:16:00+00:00, run_after=2026-03-12 05:17:00+00:00
[2026-03-12T05:17:19.527+0000] {logging_mixin.py:188} INFO - [2026-03-12T05:17:19.527+0000] {dag.py:3947} INFO - Setting next_dagrun for transfer_from_minio_to_snowflake_transactions to 2026-03-12 05:16:00+00:00, run_after=2026-03-12 05:17:00+00:00
[2026-03-12T05:17:19.535+0000] {processor.py:183} INFO - Processing /opt/airflow/dags/transfer.py took 0.084 seconds
[2026-03-12T05:33:37.501+0000] {processor.py:161} INFO - Started process (PID=600) to work on /opt/airflow/dags/transfer.py
[2026-03-12T05:33:37.502+0000] {processor.py:830} INFO - Processing file /opt/airflow/dags/transfer.py for tasks to queue
[2026-03-12T05:33:37.504+0000] {logging_mixin.py:188} INFO - [2026-03-12T05:33:37.503+0000] {dagbag.py:545} INFO - Filling up the DagBag from /opt/airflow/dags/transfer.py
[2026-03-12T05:33:37.539+0000] {processor.py:840} INFO - DAG(s) 'transfer_from_minio_to_snowflake_accounts', 'transfer_from_minio_to_snowflake_transactions', 'transfer_from_minio_to_snowflake_customers' retrieved from /opt/airflow/dags/transfer.py
[2026-03-12T05:33:37.576+0000] {logging_mixin.py:188} INFO - [2026-03-12T05:33:37.576+0000] {dag.py:3089} INFO - Sync 3 DAGs
[2026-03-12T05:33:37.592+0000] {logging_mixin.py:188} INFO - [2026-03-12T05:33:37.592+0000] {dag.py:3947} INFO - Setting next_dagrun for transfer_from_minio_to_snowflake_accounts to 2026-03-12 05:32:00+00:00, run_after=2026-03-12 05:33:00+00:00
[2026-03-12T05:33:37.595+0000] {logging_mixin.py:188} INFO - [2026-03-12T05:33:37.595+0000] {dag.py:3947} INFO - Setting next_dagrun for transfer_from_minio_to_snowflake_customers to 2026-03-12 05:32:00+00:00, run_after=2026-03-12 05:33:00+00:00
[2026-03-12T05:33:37.596+0000] {logging_mixin.py:188} INFO - [2026-03-12T05:33:37.596+0000] {dag.py:3947} INFO - Setting next_dagrun for transfer_from_minio_to_snowflake_transactions to 2026-03-12 05:32:00+00:00, run_after=2026-03-12 05:33:00+00:00
[2026-03-12T05:33:37.606+0000] {processor.py:183} INFO - Processing /opt/airflow/dags/transfer.py took 0.115 seconds
[2026-03-12T05:49:32.592+0000] {processor.py:161} INFO - Started process (PID=601) to work on /opt/airflow/dags/transfer.py
[2026-03-12T05:49:32.593+0000] {processor.py:830} INFO - Processing file /opt/airflow/dags/transfer.py for tasks to queue
[2026-03-12T05:49:32.594+0000] {logging_mixin.py:188} INFO - [2026-03-12T05:49:32.594+0000] {dagbag.py:545} INFO - Filling up the DagBag from /opt/airflow/dags/transfer.py
[2026-03-12T05:49:32.617+0000] {processor.py:840} INFO - DAG(s) 'transfer_from_minio_to_snowflake_customers', 'transfer_from_minio_to_snowflake_accounts', 'transfer_from_minio_to_snowflake_transactions' retrieved from /opt/airflow/dags/transfer.py
[2026-03-12T05:49:32.647+0000] {logging_mixin.py:188} INFO - [2026-03-12T05:49:32.647+0000] {dag.py:3089} INFO - Sync 3 DAGs
[2026-03-12T05:49:32.662+0000] {logging_mixin.py:188} INFO - [2026-03-12T05:49:32.662+0000] {dag.py:3947} INFO - Setting next_dagrun for transfer_from_minio_to_snowflake_accounts to 2026-03-12 05:48:00+00:00, run_after=2026-03-12 05:49:00+00:00
[2026-03-12T05:49:32.665+0000] {logging_mixin.py:188} INFO - [2026-03-12T05:49:32.665+0000] {dag.py:3947} INFO - Setting next_dagrun for transfer_from_minio_to_snowflake_customers to 2026-03-12 05:48:00+00:00, run_after=2026-03-12 05:49:00+00:00
[2026-03-12T05:49:32.666+0000] {logging_mixin.py:188} INFO - [2026-03-12T05:49:32.666+0000] {dag.py:3947} INFO - Setting next_dagrun for transfer_from_minio_to_snowflake_transactions to 2026-03-12 05:48:00+00:00, run_after=2026-03-12 05:49:00+00:00
[2026-03-12T05:49:32.676+0000] {processor.py:183} INFO - Processing /opt/airflow/dags/transfer.py took 0.095 seconds
[2026-03-12T05:50:03.002+0000] {processor.py:161} INFO - Started process (PID=602) to work on /opt/airflow/dags/transfer.py
[2026-03-12T05:50:03.004+0000] {processor.py:830} INFO - Processing file /opt/airflow/dags/transfer.py for tasks to queue
[2026-03-12T05:50:03.005+0000] {logging_mixin.py:188} INFO - [2026-03-12T05:50:03.004+0000] {dagbag.py:545} INFO - Filling up the DagBag from /opt/airflow/dags/transfer.py
[2026-03-12T05:50:03.035+0000] {processor.py:840} INFO - DAG(s) 'transfer_from_minio_to_snowflake_accounts', 'transfer_from_minio_to_snowflake_transactions', 'transfer_from_minio_to_snowflake_customers' retrieved from /opt/airflow/dags/transfer.py
[2026-03-12T05:50:03.074+0000] {logging_mixin.py:188} INFO - [2026-03-12T05:50:03.074+0000] {dag.py:3089} INFO - Sync 3 DAGs
[2026-03-12T05:50:03.090+0000] {logging_mixin.py:188} INFO - [2026-03-12T05:50:03.090+0000] {dag.py:3947} INFO - Setting next_dagrun for transfer_from_minio_to_snowflake_accounts to 2026-03-12 05:49:00+00:00, run_after=2026-03-12 05:50:00+00:00
[2026-03-12T05:50:03.093+0000] {logging_mixin.py:188} INFO - [2026-03-12T05:50:03.093+0000] {dag.py:3947} INFO - Setting next_dagrun for transfer_from_minio_to_snowflake_customers to 2026-03-12 05:49:00+00:00, run_after=2026-03-12 05:50:00+00:00
[2026-03-12T05:50:03.095+0000] {logging_mixin.py:188} INFO - [2026-03-12T05:50:03.095+0000] {dag.py:3947} INFO - Setting next_dagrun for transfer_from_minio_to_snowflake_transactions to 2026-03-12 05:49:00+00:00, run_after=2026-03-12 05:50:00+00:00
[2026-03-12T05:50:03.103+0000] {processor.py:183} INFO - Processing /opt/airflow/dags/transfer.py took 0.113 seconds
[2026-03-12T06:05:57.461+0000] {processor.py:161} INFO - Started process (PID=603) to work on /opt/airflow/dags/transfer.py
[2026-03-12T06:05:57.462+0000] {processor.py:830} INFO - Processing file /opt/airflow/dags/transfer.py for tasks to queue
[2026-03-12T06:05:57.463+0000] {logging_mixin.py:188} INFO - [2026-03-12T06:05:57.463+0000] {dagbag.py:545} INFO - Filling up the DagBag from /opt/airflow/dags/transfer.py
[2026-03-12T06:05:57.488+0000] {processor.py:840} INFO - DAG(s) 'transfer_from_minio_to_snowflake_customers', 'transfer_from_minio_to_snowflake_accounts', 'transfer_from_minio_to_snowflake_transactions' retrieved from /opt/airflow/dags/transfer.py
[2026-03-12T06:05:57.522+0000] {logging_mixin.py:188} INFO - [2026-03-12T06:05:57.522+0000] {dag.py:3089} INFO - Sync 3 DAGs
[2026-03-12T06:05:57.539+0000] {logging_mixin.py:188} INFO - [2026-03-12T06:05:57.539+0000] {dag.py:3947} INFO - Setting next_dagrun for transfer_from_minio_to_snowflake_accounts to 2026-03-12 06:04:00+00:00, run_after=2026-03-12 06:05:00+00:00
[2026-03-12T06:05:57.542+0000] {logging_mixin.py:188} INFO - [2026-03-12T06:05:57.542+0000] {dag.py:3947} INFO - Setting next_dagrun for transfer_from_minio_to_snowflake_customers to 2026-03-12 06:04:00+00:00, run_after=2026-03-12 06:05:00+00:00
[2026-03-12T06:05:57.544+0000] {logging_mixin.py:188} INFO - [2026-03-12T06:05:57.544+0000] {dag.py:3947} INFO - Setting next_dagrun for transfer_from_minio_to_snowflake_transactions to 2026-03-12 06:04:00+00:00, run_after=2026-03-12 06:05:00+00:00
[2026-03-12T06:05:57.553+0000] {processor.py:183} INFO - Processing /opt/airflow/dags/transfer.py took 0.102 seconds
[2026-03-12T06:06:27.856+0000] {processor.py:161} INFO - Started process (PID=604) to work on /opt/airflow/dags/transfer.py
[2026-03-12T06:06:27.858+0000] {processor.py:830} INFO - Processing file /opt/airflow/dags/transfer.py for tasks to queue
[2026-03-12T06:06:27.859+0000] {logging_mixin.py:188} INFO - [2026-03-12T06:06:27.859+0000] {dagbag.py:545} INFO - Filling up the DagBag from /opt/airflow/dags/transfer.py
[2026-03-12T06:06:27.876+0000] {processor.py:840} INFO - DAG(s) 'transfer_from_minio_to_snowflake_accounts', 'transfer_from_minio_to_snowflake_customers', 'transfer_from_minio_to_snowflake_transactions' retrieved from /opt/airflow/dags/transfer.py
[2026-03-12T06:06:27.907+0000] {logging_mixin.py:188} INFO - [2026-03-12T06:06:27.907+0000] {dag.py:3089} INFO - Sync 3 DAGs
[2026-03-12T06:06:27.927+0000] {logging_mixin.py:188} INFO - [2026-03-12T06:06:27.927+0000] {dag.py:3947} INFO - Setting next_dagrun for transfer_from_minio_to_snowflake_accounts to 2026-03-12 06:05:00+00:00, run_after=2026-03-12 06:06:00+00:00
[2026-03-12T06:06:27.932+0000] {logging_mixin.py:188} INFO - [2026-03-12T06:06:27.932+0000] {dag.py:3947} INFO - Setting next_dagrun for transfer_from_minio_to_snowflake_customers to 2026-03-12 06:05:00+00:00, run_after=2026-03-12 06:06:00+00:00
[2026-03-12T06:06:27.934+0000] {logging_mixin.py:188} INFO - [2026-03-12T06:06:27.934+0000] {dag.py:3947} INFO - Setting next_dagrun for transfer_from_minio_to_snowflake_transactions to 2026-03-12 06:05:00+00:00, run_after=2026-03-12 06:06:00+00:00
[2026-03-12T06:06:27.945+0000] {processor.py:183} INFO - Processing /opt/airflow/dags/transfer.py took 0.097 seconds
[2026-03-12T06:18:06.168+0000] {processor.py:161} INFO - Started process (PID=605) to work on /opt/airflow/dags/transfer.py
[2026-03-12T06:18:06.170+0000] {processor.py:830} INFO - Processing file /opt/airflow/dags/transfer.py for tasks to queue
[2026-03-12T06:18:06.172+0000] {logging_mixin.py:188} INFO - [2026-03-12T06:18:06.171+0000] {dagbag.py:545} INFO - Filling up the DagBag from /opt/airflow/dags/transfer.py
[2026-03-12T06:18:06.202+0000] {processor.py:840} INFO - DAG(s) 'transfer_from_minio_to_snowflake_transactions', 'transfer_from_minio_to_snowflake_customers', 'transfer_from_minio_to_snowflake_accounts' retrieved from /opt/airflow/dags/transfer.py
[2026-03-12T06:18:06.247+0000] {logging_mixin.py:188} INFO - [2026-03-12T06:18:06.247+0000] {dag.py:3089} INFO - Sync 3 DAGs
[2026-03-12T06:18:06.269+0000] {logging_mixin.py:188} INFO - [2026-03-12T06:18:06.269+0000] {dag.py:3947} INFO - Setting next_dagrun for transfer_from_minio_to_snowflake_accounts to 2026-03-12 06:17:00+00:00, run_after=2026-03-12 06:18:00+00:00
[2026-03-12T06:18:06.273+0000] {logging_mixin.py:188} INFO - [2026-03-12T06:18:06.273+0000] {dag.py:3947} INFO - Setting next_dagrun for transfer_from_minio_to_snowflake_customers to 2026-03-12 06:17:00+00:00, run_after=2026-03-12 06:18:00+00:00
[2026-03-12T06:18:06.274+0000] {logging_mixin.py:188} INFO - [2026-03-12T06:18:06.274+0000] {dag.py:3947} INFO - Setting next_dagrun for transfer_from_minio_to_snowflake_transactions to 2026-03-12 06:17:00+00:00, run_after=2026-03-12 06:18:00+00:00
[2026-03-12T06:18:06.283+0000] {processor.py:183} INFO - Processing /opt/airflow/dags/transfer.py took 0.132 seconds
[2026-03-12T06:34:01.284+0000] {processor.py:161} INFO - Started process (PID=606) to work on /opt/airflow/dags/transfer.py
[2026-03-12T06:34:01.285+0000] {processor.py:830} INFO - Processing file /opt/airflow/dags/transfer.py for tasks to queue
[2026-03-12T06:34:01.287+0000] {logging_mixin.py:188} INFO - [2026-03-12T06:34:01.286+0000] {dagbag.py:545} INFO - Filling up the DagBag from /opt/airflow/dags/transfer.py
[2026-03-12T06:34:01.309+0000] {processor.py:840} INFO - DAG(s) 'transfer_from_minio_to_snowflake_customers', 'transfer_from_minio_to_snowflake_transactions', 'transfer_from_minio_to_snowflake_accounts' retrieved from /opt/airflow/dags/transfer.py
[2026-03-12T06:34:01.338+0000] {logging_mixin.py:188} INFO - [2026-03-12T06:34:01.338+0000] {dag.py:3089} INFO - Sync 3 DAGs
[2026-03-12T06:34:01.354+0000] {logging_mixin.py:188} INFO - [2026-03-12T06:34:01.354+0000] {dag.py:3947} INFO - Setting next_dagrun for transfer_from_minio_to_snowflake_accounts to 2026-03-12 06:33:00+00:00, run_after=2026-03-12 06:34:00+00:00
[2026-03-12T06:34:01.357+0000] {logging_mixin.py:188} INFO - [2026-03-12T06:34:01.357+0000] {dag.py:3947} INFO - Setting next_dagrun for transfer_from_minio_to_snowflake_customers to 2026-03-12 06:33:00+00:00, run_after=2026-03-12 06:34:00+00:00
[2026-03-12T06:34:01.359+0000] {logging_mixin.py:188} INFO - [2026-03-12T06:34:01.358+0000] {dag.py:3947} INFO - Setting next_dagrun for transfer_from_minio_to_snowflake_transactions to 2026-03-12 06:33:00+00:00, run_after=2026-03-12 06:34:00+00:00
[2026-03-12T06:34:01.366+0000] {processor.py:183} INFO - Processing /opt/airflow/dags/transfer.py took 0.093 seconds
[2026-03-12T06:34:31.715+0000] {processor.py:161} INFO - Started process (PID=607) to work on /opt/airflow/dags/transfer.py
[2026-03-12T06:34:31.716+0000] {processor.py:830} INFO - Processing file /opt/airflow/dags/transfer.py for tasks to queue
[2026-03-12T06:34:31.717+0000] {logging_mixin.py:188} INFO - [2026-03-12T06:34:31.716+0000] {dagbag.py:545} INFO - Filling up the DagBag from /opt/airflow/dags/transfer.py
[2026-03-12T06:34:31.745+0000] {processor.py:840} INFO - DAG(s) 'transfer_from_minio_to_snowflake_customers', 'transfer_from_minio_to_snowflake_transactions', 'transfer_from_minio_to_snowflake_accounts' retrieved from /opt/airflow/dags/transfer.py
[2026-03-12T06:34:31.786+0000] {logging_mixin.py:188} INFO - [2026-03-12T06:34:31.786+0000] {dag.py:3089} INFO - Sync 3 DAGs
[2026-03-12T06:34:31.801+0000] {logging_mixin.py:188} INFO - [2026-03-12T06:34:31.801+0000] {dag.py:3947} INFO - Setting next_dagrun for transfer_from_minio_to_snowflake_accounts to 2026-03-12 06:33:00+00:00, run_after=2026-03-12 06:34:00+00:00
[2026-03-12T06:34:31.804+0000] {logging_mixin.py:188} INFO - [2026-03-12T06:34:31.804+0000] {dag.py:3947} INFO - Setting next_dagrun for transfer_from_minio_to_snowflake_customers to 2026-03-12 06:33:00+00:00, run_after=2026-03-12 06:34:00+00:00
[2026-03-12T06:34:31.805+0000] {logging_mixin.py:188} INFO - [2026-03-12T06:34:31.805+0000] {dag.py:3947} INFO - Setting next_dagrun for transfer_from_minio_to_snowflake_transactions to 2026-03-12 06:33:00+00:00, run_after=2026-03-12 06:34:00+00:00
[2026-03-12T06:34:31.813+0000] {processor.py:183} INFO - Processing /opt/airflow/dags/transfer.py took 0.118 seconds
[2026-03-12T06:50:26.785+0000] {processor.py:161} INFO - Started process (PID=608) to work on /opt/airflow/dags/transfer.py
[2026-03-12T06:50:26.786+0000] {processor.py:830} INFO - Processing file /opt/airflow/dags/transfer.py for tasks to queue
[2026-03-12T06:50:26.788+0000] {logging_mixin.py:188} INFO - [2026-03-12T06:50:26.787+0000] {dagbag.py:545} INFO - Filling up the DagBag from /opt/airflow/dags/transfer.py
[2026-03-12T06:50:26.821+0000] {processor.py:840} INFO - DAG(s) 'transfer_from_minio_to_snowflake_transactions', 'transfer_from_minio_to_snowflake_customers', 'transfer_from_minio_to_snowflake_accounts' retrieved from /opt/airflow/dags/transfer.py
[2026-03-12T06:50:26.854+0000] {logging_mixin.py:188} INFO - [2026-03-12T06:50:26.854+0000] {dag.py:3089} INFO - Sync 3 DAGs
[2026-03-12T06:50:26.874+0000] {logging_mixin.py:188} INFO - [2026-03-12T06:50:26.874+0000] {dag.py:3947} INFO - Setting next_dagrun for transfer_from_minio_to_snowflake_accounts to 2026-03-12 06:49:00+00:00, run_after=2026-03-12 06:50:00+00:00
[2026-03-12T06:50:26.877+0000] {logging_mixin.py:188} INFO - [2026-03-12T06:50:26.877+0000] {dag.py:3947} INFO - Setting next_dagrun for transfer_from_minio_to_snowflake_customers to 2026-03-12 06:49:00+00:00, run_after=2026-03-12 06:50:00+00:00
[2026-03-12T06:50:26.878+0000] {logging_mixin.py:188} INFO - [2026-03-12T06:50:26.878+0000] {dag.py:3947} INFO - Setting next_dagrun for transfer_from_minio_to_snowflake_transactions to 2026-03-12 06:49:00+00:00, run_after=2026-03-12 06:50:00+00:00
[2026-03-12T06:50:26.887+0000] {processor.py:183} INFO - Processing /opt/airflow/dags/transfer.py took 0.116 seconds
[2026-03-12T06:59:28.395+0000] {processor.py:161} INFO - Started process (PID=609) to work on /opt/airflow/dags/transfer.py
[2026-03-12T06:59:28.396+0000] {processor.py:830} INFO - Processing file /opt/airflow/dags/transfer.py for tasks to queue
[2026-03-12T06:59:28.397+0000] {logging_mixin.py:188} INFO - [2026-03-12T06:59:28.397+0000] {dagbag.py:545} INFO - Filling up the DagBag from /opt/airflow/dags/transfer.py
[2026-03-12T06:59:28.422+0000] {processor.py:840} INFO - DAG(s) 'transfer_from_minio_to_snowflake_transactions', 'transfer_from_minio_to_snowflake_accounts', 'transfer_from_minio_to_snowflake_customers' retrieved from /opt/airflow/dags/transfer.py
[2026-03-12T06:59:28.457+0000] {logging_mixin.py:188} INFO - [2026-03-12T06:59:28.457+0000] {dag.py:3089} INFO - Sync 3 DAGs
[2026-03-12T06:59:28.475+0000] {logging_mixin.py:188} INFO - [2026-03-12T06:59:28.474+0000] {dag.py:3947} INFO - Setting next_dagrun for transfer_from_minio_to_snowflake_accounts to 2026-03-12 06:58:00+00:00, run_after=2026-03-12 06:59:00+00:00
[2026-03-12T06:59:28.477+0000] {logging_mixin.py:188} INFO - [2026-03-12T06:59:28.477+0000] {dag.py:3947} INFO - Setting next_dagrun for transfer_from_minio_to_snowflake_customers to 2026-03-12 06:58:00+00:00, run_after=2026-03-12 06:59:00+00:00
[2026-03-12T06:59:28.479+0000] {logging_mixin.py:188} INFO - [2026-03-12T06:59:28.479+0000] {dag.py:3947} INFO - Setting next_dagrun for transfer_from_minio_to_snowflake_transactions to 2026-03-12 06:58:00+00:00, run_after=2026-03-12 06:59:00+00:00
[2026-03-12T06:59:28.488+0000] {processor.py:183} INFO - Processing /opt/airflow/dags/transfer.py took 0.105 seconds
[2026-03-12T06:59:58.913+0000] {processor.py:161} INFO - Started process (PID=610) to work on /opt/airflow/dags/transfer.py
[2026-03-12T06:59:58.915+0000] {processor.py:830} INFO - Processing file /opt/airflow/dags/transfer.py for tasks to queue
[2026-03-12T06:59:58.916+0000] {logging_mixin.py:188} INFO - [2026-03-12T06:59:58.915+0000] {dagbag.py:545} INFO - Filling up the DagBag from /opt/airflow/dags/transfer.py
[2026-03-12T06:59:58.931+0000] {processor.py:840} INFO - DAG(s) 'transfer_from_minio_to_snowflake_customers', 'transfer_from_minio_to_snowflake_accounts', 'transfer_from_minio_to_snowflake_transactions' retrieved from /opt/airflow/dags/transfer.py
[2026-03-12T06:59:58.957+0000] {logging_mixin.py:188} INFO - [2026-03-12T06:59:58.957+0000] {dag.py:3089} INFO - Sync 3 DAGs
[2026-03-12T06:59:58.969+0000] {logging_mixin.py:188} INFO - [2026-03-12T06:59:58.969+0000] {dag.py:3947} INFO - Setting next_dagrun for transfer_from_minio_to_snowflake_accounts to 2026-03-12 06:58:00+00:00, run_after=2026-03-12 06:59:00+00:00
[2026-03-12T06:59:58.972+0000] {logging_mixin.py:188} INFO - [2026-03-12T06:59:58.972+0000] {dag.py:3947} INFO - Setting next_dagrun for transfer_from_minio_to_snowflake_customers to 2026-03-12 06:58:00+00:00, run_after=2026-03-12 06:59:00+00:00
[2026-03-12T06:59:58.974+0000] {logging_mixin.py:188} INFO - [2026-03-12T06:59:58.974+0000] {dag.py:3947} INFO - Setting next_dagrun for transfer_from_minio_to_snowflake_transactions to 2026-03-12 06:58:00+00:00, run_after=2026-03-12 06:59:00+00:00
[2026-03-12T06:59:58.981+0000] {processor.py:183} INFO - Processing /opt/airflow/dags/transfer.py took 0.077 seconds
[2026-03-12T07:16:22.095+0000] {processor.py:161} INFO - Started process (PID=611) to work on /opt/airflow/dags/transfer.py
[2026-03-12T07:16:22.096+0000] {processor.py:830} INFO - Processing file /opt/airflow/dags/transfer.py for tasks to queue
[2026-03-12T07:16:22.101+0000] {logging_mixin.py:188} INFO - [2026-03-12T07:16:22.098+0000] {dagbag.py:545} INFO - Filling up the DagBag from /opt/airflow/dags/transfer.py
[2026-03-12T07:16:22.123+0000] {processor.py:840} INFO - DAG(s) 'transfer_from_minio_to_snowflake_customers', 'transfer_from_minio_to_snowflake_transactions', 'transfer_from_minio_to_snowflake_accounts' retrieved from /opt/airflow/dags/transfer.py
[2026-03-12T07:16:22.159+0000] {logging_mixin.py:188} INFO - [2026-03-12T07:16:22.159+0000] {dag.py:3089} INFO - Sync 3 DAGs
[2026-03-12T07:16:22.175+0000] {logging_mixin.py:188} INFO - [2026-03-12T07:16:22.174+0000] {dag.py:3947} INFO - Setting next_dagrun for transfer_from_minio_to_snowflake_accounts to 2026-03-12 07:15:00+00:00, run_after=2026-03-12 07:16:00+00:00
[2026-03-12T07:16:22.177+0000] {logging_mixin.py:188} INFO - [2026-03-12T07:16:22.177+0000] {dag.py:3947} INFO - Setting next_dagrun for transfer_from_minio_to_snowflake_customers to 2026-03-12 07:15:00+00:00, run_after=2026-03-12 07:16:00+00:00
[2026-03-12T07:16:22.179+0000] {logging_mixin.py:188} INFO - [2026-03-12T07:16:22.179+0000] {dag.py:3947} INFO - Setting next_dagrun for transfer_from_minio_to_snowflake_transactions to 2026-03-12 07:15:00+00:00, run_after=2026-03-12 07:16:00+00:00
[2026-03-12T07:16:22.188+0000] {processor.py:183} INFO - Processing /opt/airflow/dags/transfer.py took 0.103 seconds
[2026-03-12T07:16:52.479+0000] {processor.py:161} INFO - Started process (PID=612) to work on /opt/airflow/dags/transfer.py
[2026-03-12T07:16:52.481+0000] {processor.py:830} INFO - Processing file /opt/airflow/dags/transfer.py for tasks to queue
[2026-03-12T07:16:52.482+0000] {logging_mixin.py:188} INFO - [2026-03-12T07:16:52.482+0000] {dagbag.py:545} INFO - Filling up the DagBag from /opt/airflow/dags/transfer.py
[2026-03-12T07:16:52.500+0000] {processor.py:840} INFO - DAG(s) 'transfer_from_minio_to_snowflake_accounts', 'transfer_from_minio_to_snowflake_transactions', 'transfer_from_minio_to_snowflake_customers' retrieved from /opt/airflow/dags/transfer.py
[2026-03-12T07:16:52.527+0000] {logging_mixin.py:188} INFO - [2026-03-12T07:16:52.527+0000] {dag.py:3089} INFO - Sync 3 DAGs
[2026-03-12T07:16:52.539+0000] {logging_mixin.py:188} INFO - [2026-03-12T07:16:52.539+0000] {dag.py:3947} INFO - Setting next_dagrun for transfer_from_minio_to_snowflake_accounts to 2026-03-12 07:15:00+00:00, run_after=2026-03-12 07:16:00+00:00
[2026-03-12T07:16:52.542+0000] {logging_mixin.py:188} INFO - [2026-03-12T07:16:52.542+0000] {dag.py:3947} INFO - Setting next_dagrun for transfer_from_minio_to_snowflake_customers to 2026-03-12 07:15:00+00:00, run_after=2026-03-12 07:16:00+00:00
[2026-03-12T07:16:52.544+0000] {logging_mixin.py:188} INFO - [2026-03-12T07:16:52.544+0000] {dag.py:3947} INFO - Setting next_dagrun for transfer_from_minio_to_snowflake_transactions to 2026-03-12 07:15:00+00:00, run_after=2026-03-12 07:16:00+00:00
[2026-03-12T07:16:52.551+0000] {processor.py:183} INFO - Processing /opt/airflow/dags/transfer.py took 0.084 seconds
[2026-03-12T07:19:05.642+0000] {processor.py:161} INFO - Started process (PID=613) to work on /opt/airflow/dags/transfer.py
[2026-03-12T07:19:05.644+0000] {processor.py:830} INFO - Processing file /opt/airflow/dags/transfer.py for tasks to queue
[2026-03-12T07:19:05.645+0000] {logging_mixin.py:188} INFO - [2026-03-12T07:19:05.645+0000] {dagbag.py:545} INFO - Filling up the DagBag from /opt/airflow/dags/transfer.py
[2026-03-12T07:19:05.680+0000] {processor.py:840} INFO - DAG(s) 'transfer_from_minio_to_snowflake_customers', 'transfer_from_minio_to_snowflake_accounts', 'transfer_from_minio_to_snowflake_transactions' retrieved from /opt/airflow/dags/transfer.py
[2026-03-12T07:19:05.714+0000] {logging_mixin.py:188} INFO - [2026-03-12T07:19:05.714+0000] {dag.py:3089} INFO - Sync 3 DAGs
[2026-03-12T07:19:05.735+0000] {logging_mixin.py:188} INFO - [2026-03-12T07:19:05.734+0000] {dag.py:3947} INFO - Setting next_dagrun for transfer_from_minio_to_snowflake_accounts to 2026-03-12 07:18:00+00:00, run_after=2026-03-12 07:19:00+00:00
[2026-03-12T07:19:05.737+0000] {logging_mixin.py:188} INFO - [2026-03-12T07:19:05.737+0000] {dag.py:3947} INFO - Setting next_dagrun for transfer_from_minio_to_snowflake_customers to 2026-03-12 07:18:00+00:00, run_after=2026-03-12 07:19:00+00:00
[2026-03-12T07:19:05.739+0000] {logging_mixin.py:188} INFO - [2026-03-12T07:19:05.739+0000] {dag.py:3947} INFO - Setting next_dagrun for transfer_from_minio_to_snowflake_transactions to 2026-03-12 07:18:00+00:00, run_after=2026-03-12 07:19:00+00:00
[2026-03-12T07:19:05.748+0000] {processor.py:183} INFO - Processing /opt/airflow/dags/transfer.py took 0.126 seconds
[2026-03-12T07:35:01.847+0000] {processor.py:161} INFO - Started process (PID=614) to work on /opt/airflow/dags/transfer.py
[2026-03-12T07:35:01.848+0000] {processor.py:830} INFO - Processing file /opt/airflow/dags/transfer.py for tasks to queue
[2026-03-12T07:35:01.849+0000] {logging_mixin.py:188} INFO - [2026-03-12T07:35:01.848+0000] {dagbag.py:545} INFO - Filling up the DagBag from /opt/airflow/dags/transfer.py
[2026-03-12T07:35:01.873+0000] {processor.py:840} INFO - DAG(s) 'transfer_from_minio_to_snowflake_customers', 'transfer_from_minio_to_snowflake_transactions', 'transfer_from_minio_to_snowflake_accounts' retrieved from /opt/airflow/dags/transfer.py
[2026-03-12T07:35:01.909+0000] {logging_mixin.py:188} INFO - [2026-03-12T07:35:01.909+0000] {dag.py:3089} INFO - Sync 3 DAGs
[2026-03-12T07:35:01.924+0000] {logging_mixin.py:188} INFO - [2026-03-12T07:35:01.924+0000] {dag.py:3947} INFO - Setting next_dagrun for transfer_from_minio_to_snowflake_accounts to 2026-03-12 07:34:00+00:00, run_after=2026-03-12 07:35:00+00:00
[2026-03-12T07:35:01.927+0000] {logging_mixin.py:188} INFO - [2026-03-12T07:35:01.927+0000] {dag.py:3947} INFO - Setting next_dagrun for transfer_from_minio_to_snowflake_customers to 2026-03-12 07:34:00+00:00, run_after=2026-03-12 07:35:00+00:00
[2026-03-12T07:35:01.929+0000] {logging_mixin.py:188} INFO - [2026-03-12T07:35:01.929+0000] {dag.py:3947} INFO - Setting next_dagrun for transfer_from_minio_to_snowflake_transactions to 2026-03-12 07:34:00+00:00, run_after=2026-03-12 07:35:00+00:00
[2026-03-12T07:35:01.937+0000] {processor.py:183} INFO - Processing /opt/airflow/dags/transfer.py took 0.098 seconds
[2026-03-12T07:35:32.202+0000] {processor.py:161} INFO - Started process (PID=615) to work on /opt/airflow/dags/transfer.py
[2026-03-12T07:35:32.204+0000] {processor.py:830} INFO - Processing file /opt/airflow/dags/transfer.py for tasks to queue
[2026-03-12T07:35:32.206+0000] {logging_mixin.py:188} INFO - [2026-03-12T07:35:32.205+0000] {dagbag.py:545} INFO - Filling up the DagBag from /opt/airflow/dags/transfer.py
[2026-03-12T07:35:32.235+0000] {processor.py:840} INFO - DAG(s) 'transfer_from_minio_to_snowflake_customers', 'transfer_from_minio_to_snowflake_accounts', 'transfer_from_minio_to_snowflake_transactions' retrieved from /opt/airflow/dags/transfer.py
[2026-03-12T07:35:32.274+0000] {logging_mixin.py:188} INFO - [2026-03-12T07:35:32.274+0000] {dag.py:3089} INFO - Sync 3 DAGs
[2026-03-12T07:35:32.295+0000] {logging_mixin.py:188} INFO - [2026-03-12T07:35:32.295+0000] {dag.py:3947} INFO - Setting next_dagrun for transfer_from_minio_to_snowflake_accounts to 2026-03-12 07:34:00+00:00, run_after=2026-03-12 07:35:00+00:00
[2026-03-12T07:35:32.298+0000] {logging_mixin.py:188} INFO - [2026-03-12T07:35:32.298+0000] {dag.py:3947} INFO - Setting next_dagrun for transfer_from_minio_to_snowflake_customers to 2026-03-12 07:34:00+00:00, run_after=2026-03-12 07:35:00+00:00
[2026-03-12T07:35:32.300+0000] {logging_mixin.py:188} INFO - [2026-03-12T07:35:32.300+0000] {dag.py:3947} INFO - Setting next_dagrun for transfer_from_minio_to_snowflake_transactions to 2026-03-12 07:34:00+00:00, run_after=2026-03-12 07:35:00+00:00
[2026-03-12T07:35:32.309+0000] {processor.py:183} INFO - Processing /opt/airflow/dags/transfer.py took 0.124 seconds
[2026-03-12T07:51:27.444+0000] {processor.py:161} INFO - Started process (PID=616) to work on /opt/airflow/dags/transfer.py
[2026-03-12T07:51:27.446+0000] {processor.py:830} INFO - Processing file /opt/airflow/dags/transfer.py for tasks to queue
[2026-03-12T07:51:27.447+0000] {logging_mixin.py:188} INFO - [2026-03-12T07:51:27.446+0000] {dagbag.py:545} INFO - Filling up the DagBag from /opt/airflow/dags/transfer.py
[2026-03-12T07:51:27.474+0000] {processor.py:840} INFO - DAG(s) 'transfer_from_minio_to_snowflake_accounts', 'transfer_from_minio_to_snowflake_transactions', 'transfer_from_minio_to_snowflake_customers' retrieved from /opt/airflow/dags/transfer.py
[2026-03-12T07:51:27.506+0000] {logging_mixin.py:188} INFO - [2026-03-12T07:51:27.506+0000] {dag.py:3089} INFO - Sync 3 DAGs
[2026-03-12T07:51:27.522+0000] {logging_mixin.py:188} INFO - [2026-03-12T07:51:27.522+0000] {dag.py:3947} INFO - Setting next_dagrun for transfer_from_minio_to_snowflake_accounts to 2026-03-12 07:50:00+00:00, run_after=2026-03-12 07:51:00+00:00
[2026-03-12T07:51:27.525+0000] {logging_mixin.py:188} INFO - [2026-03-12T07:51:27.525+0000] {dag.py:3947} INFO - Setting next_dagrun for transfer_from_minio_to_snowflake_customers to 2026-03-12 07:50:00+00:00, run_after=2026-03-12 07:51:00+00:00
[2026-03-12T07:51:27.526+0000] {logging_mixin.py:188} INFO - [2026-03-12T07:51:27.526+0000] {dag.py:3947} INFO - Setting next_dagrun for transfer_from_minio_to_snowflake_transactions to 2026-03-12 07:50:00+00:00, run_after=2026-03-12 07:51:00+00:00
[2026-03-12T07:51:27.535+0000] {processor.py:183} INFO - Processing /opt/airflow/dags/transfer.py took 0.104 seconds
[2026-03-12T07:51:57.838+0000] {processor.py:161} INFO - Started process (PID=617) to work on /opt/airflow/dags/transfer.py
[2026-03-12T07:51:57.840+0000] {processor.py:830} INFO - Processing file /opt/airflow/dags/transfer.py for tasks to queue
[2026-03-12T07:51:57.842+0000] {logging_mixin.py:188} INFO - [2026-03-12T07:51:57.840+0000] {dagbag.py:545} INFO - Filling up the DagBag from /opt/airflow/dags/transfer.py
[2026-03-12T07:51:57.874+0000] {processor.py:840} INFO - DAG(s) 'transfer_from_minio_to_snowflake_accounts', 'transfer_from_minio_to_snowflake_customers', 'transfer_from_minio_to_snowflake_transactions' retrieved from /opt/airflow/dags/transfer.py
[2026-03-12T07:51:57.923+0000] {logging_mixin.py:188} INFO - [2026-03-12T07:51:57.923+0000] {dag.py:3089} INFO - Sync 3 DAGs
[2026-03-12T07:51:57.945+0000] {logging_mixin.py:188} INFO - [2026-03-12T07:51:57.945+0000] {dag.py:3947} INFO - Setting next_dagrun for transfer_from_minio_to_snowflake_accounts to 2026-03-12 07:50:00+00:00, run_after=2026-03-12 07:51:00+00:00
[2026-03-12T07:51:57.949+0000] {logging_mixin.py:188} INFO - [2026-03-12T07:51:57.949+0000] {dag.py:3947} INFO - Setting next_dagrun for transfer_from_minio_to_snowflake_customers to 2026-03-12 07:50:00+00:00, run_after=2026-03-12 07:51:00+00:00
[2026-03-12T07:51:57.950+0000] {logging_mixin.py:188} INFO - [2026-03-12T07:51:57.950+0000] {dag.py:3947} INFO - Setting next_dagrun for transfer_from_minio_to_snowflake_transactions to 2026-03-12 07:50:00+00:00, run_after=2026-03-12 07:51:00+00:00
[2026-03-12T07:51:57.959+0000] {processor.py:183} INFO - Processing /opt/airflow/dags/transfer.py took 0.136 seconds
[2026-03-12T07:52:28.310+0000] {processor.py:161} INFO - Started process (PID=618) to work on /opt/airflow/dags/transfer.py
[2026-03-12T07:52:28.311+0000] {processor.py:830} INFO - Processing file /opt/airflow/dags/transfer.py for tasks to queue
[2026-03-12T07:52:28.312+0000] {logging_mixin.py:188} INFO - [2026-03-12T07:52:28.312+0000] {dagbag.py:545} INFO - Filling up the DagBag from /opt/airflow/dags/transfer.py
[2026-03-12T07:52:28.328+0000] {processor.py:840} INFO - DAG(s) 'transfer_from_minio_to_snowflake_customers', 'transfer_from_minio_to_snowflake_transactions', 'transfer_from_minio_to_snowflake_accounts' retrieved from /opt/airflow/dags/transfer.py
[2026-03-12T07:52:28.356+0000] {logging_mixin.py:188} INFO - [2026-03-12T07:52:28.356+0000] {dag.py:3089} INFO - Sync 3 DAGs
[2026-03-12T07:52:28.368+0000] {logging_mixin.py:188} INFO - [2026-03-12T07:52:28.368+0000] {dag.py:3947} INFO - Setting next_dagrun for transfer_from_minio_to_snowflake_accounts to 2026-03-12 07:51:00+00:00, run_after=2026-03-12 07:52:00+00:00
[2026-03-12T07:52:28.371+0000] {logging_mixin.py:188} INFO - [2026-03-12T07:52:28.370+0000] {dag.py:3947} INFO - Setting next_dagrun for transfer_from_minio_to_snowflake_customers to 2026-03-12 07:51:00+00:00, run_after=2026-03-12 07:52:00+00:00
[2026-03-12T07:52:28.372+0000] {logging_mixin.py:188} INFO - [2026-03-12T07:52:28.372+0000] {dag.py:3947} INFO - Setting next_dagrun for transfer_from_minio_to_snowflake_transactions to 2026-03-12 07:51:00+00:00, run_after=2026-03-12 07:52:00+00:00
[2026-03-12T07:52:28.379+0000] {processor.py:183} INFO - Processing /opt/airflow/dags/transfer.py took 0.076 seconds
[2026-03-12T08:08:21.661+0000] {processor.py:161} INFO - Started process (PID=619) to work on /opt/airflow/dags/transfer.py
[2026-03-12T08:08:21.663+0000] {processor.py:830} INFO - Processing file /opt/airflow/dags/transfer.py for tasks to queue
[2026-03-12T08:08:21.664+0000] {logging_mixin.py:188} INFO - [2026-03-12T08:08:21.663+0000] {dagbag.py:545} INFO - Filling up the DagBag from /opt/airflow/dags/transfer.py
[2026-03-12T08:08:21.701+0000] {processor.py:840} INFO - DAG(s) 'transfer_from_minio_to_snowflake_customers', 'transfer_from_minio_to_snowflake_accounts', 'transfer_from_minio_to_snowflake_transactions' retrieved from /opt/airflow/dags/transfer.py
[2026-03-12T08:08:21.743+0000] {logging_mixin.py:188} INFO - [2026-03-12T08:08:21.743+0000] {dag.py:3089} INFO - Sync 3 DAGs
[2026-03-12T08:08:21.760+0000] {logging_mixin.py:188} INFO - [2026-03-12T08:08:21.759+0000] {dag.py:3947} INFO - Setting next_dagrun for transfer_from_minio_to_snowflake_accounts to 2026-03-12 08:07:00+00:00, run_after=2026-03-12 08:08:00+00:00
[2026-03-12T08:08:21.762+0000] {logging_mixin.py:188} INFO - [2026-03-12T08:08:21.762+0000] {dag.py:3947} INFO - Setting next_dagrun for transfer_from_minio_to_snowflake_customers to 2026-03-12 08:07:00+00:00, run_after=2026-03-12 08:08:00+00:00
[2026-03-12T08:08:21.764+0000] {logging_mixin.py:188} INFO - [2026-03-12T08:08:21.764+0000] {dag.py:3947} INFO - Setting next_dagrun for transfer_from_minio_to_snowflake_transactions to 2026-03-12 08:07:00+00:00, run_after=2026-03-12 08:08:00+00:00
[2026-03-12T08:08:21.773+0000] {processor.py:183} INFO - Processing /opt/airflow/dags/transfer.py took 0.124 seconds
[2026-03-12T08:17:48.223+0000] {processor.py:161} INFO - Started process (PID=620) to work on /opt/airflow/dags/transfer.py
[2026-03-12T08:17:48.224+0000] {processor.py:830} INFO - Processing file /opt/airflow/dags/transfer.py for tasks to queue
[2026-03-12T08:17:48.225+0000] {logging_mixin.py:188} INFO - [2026-03-12T08:17:48.224+0000] {dagbag.py:545} INFO - Filling up the DagBag from /opt/airflow/dags/transfer.py
[2026-03-12T08:17:48.258+0000] {processor.py:840} INFO - DAG(s) 'transfer_from_minio_to_snowflake_transactions', 'transfer_from_minio_to_snowflake_accounts', 'transfer_from_minio_to_snowflake_customers' retrieved from /opt/airflow/dags/transfer.py
[2026-03-12T08:17:48.289+0000] {logging_mixin.py:188} INFO - [2026-03-12T08:17:48.289+0000] {dag.py:3089} INFO - Sync 3 DAGs
[2026-03-12T08:17:48.309+0000] {logging_mixin.py:188} INFO - [2026-03-12T08:17:48.309+0000] {dag.py:3947} INFO - Setting next_dagrun for transfer_from_minio_to_snowflake_accounts to 2026-03-12 08:16:00+00:00, run_after=2026-03-12 08:17:00+00:00
[2026-03-12T08:17:48.312+0000] {logging_mixin.py:188} INFO - [2026-03-12T08:17:48.312+0000] {dag.py:3947} INFO - Setting next_dagrun for transfer_from_minio_to_snowflake_customers to 2026-03-12 08:16:00+00:00, run_after=2026-03-12 08:17:00+00:00
[2026-03-12T08:17:48.314+0000] {logging_mixin.py:188} INFO - [2026-03-12T08:17:48.314+0000] {dag.py:3947} INFO - Setting next_dagrun for transfer_from_minio_to_snowflake_transactions to 2026-03-12 08:16:00+00:00, run_after=2026-03-12 08:17:00+00:00
[2026-03-12T08:17:48.322+0000] {processor.py:183} INFO - Processing /opt/airflow/dags/transfer.py took 0.107 seconds
[2026-03-12T08:18:18.607+0000] {processor.py:161} INFO - Started process (PID=621) to work on /opt/airflow/dags/transfer.py
[2026-03-12T08:18:18.609+0000] {processor.py:830} INFO - Processing file /opt/airflow/dags/transfer.py for tasks to queue
[2026-03-12T08:18:18.610+0000] {logging_mixin.py:188} INFO - [2026-03-12T08:18:18.609+0000] {dagbag.py:545} INFO - Filling up the DagBag from /opt/airflow/dags/transfer.py
[2026-03-12T08:18:18.645+0000] {processor.py:840} INFO - DAG(s) 'transfer_from_minio_to_snowflake_accounts', 'transfer_from_minio_to_snowflake_transactions', 'transfer_from_minio_to_snowflake_customers' retrieved from /opt/airflow/dags/transfer.py
[2026-03-12T08:18:18.692+0000] {logging_mixin.py:188} INFO - [2026-03-12T08:18:18.692+0000] {dag.py:3089} INFO - Sync 3 DAGs
[2026-03-12T08:18:18.715+0000] {logging_mixin.py:188} INFO - [2026-03-12T08:18:18.715+0000] {dag.py:3947} INFO - Setting next_dagrun for transfer_from_minio_to_snowflake_accounts to 2026-03-12 08:17:00+00:00, run_after=2026-03-12 08:18:00+00:00
[2026-03-12T08:18:18.718+0000] {logging_mixin.py:188} INFO - [2026-03-12T08:18:18.718+0000] {dag.py:3947} INFO - Setting next_dagrun for transfer_from_minio_to_snowflake_customers to 2026-03-12 08:17:00+00:00, run_after=2026-03-12 08:18:00+00:00
[2026-03-12T08:18:18.720+0000] {logging_mixin.py:188} INFO - [2026-03-12T08:18:18.720+0000] {dag.py:3947} INFO - Setting next_dagrun for transfer_from_minio_to_snowflake_transactions to 2026-03-12 08:17:00+00:00, run_after=2026-03-12 08:18:00+00:00
[2026-03-12T08:18:18.729+0000] {processor.py:183} INFO - Processing /opt/airflow/dags/transfer.py took 0.137 seconds
[2026-03-12T08:19:58.238+0000] {processor.py:161} INFO - Started process (PID=622) to work on /opt/airflow/dags/transfer.py
[2026-03-12T08:19:58.241+0000] {processor.py:830} INFO - Processing file /opt/airflow/dags/transfer.py for tasks to queue
[2026-03-12T08:19:58.242+0000] {logging_mixin.py:188} INFO - [2026-03-12T08:19:58.241+0000] {dagbag.py:545} INFO - Filling up the DagBag from /opt/airflow/dags/transfer.py
[2026-03-12T08:19:58.275+0000] {processor.py:840} INFO - DAG(s) 'transfer_from_minio_to_snowflake_customers', 'transfer_from_minio_to_snowflake_accounts', 'transfer_from_minio_to_snowflake_transactions' retrieved from /opt/airflow/dags/transfer.py
[2026-03-12T08:19:58.313+0000] {logging_mixin.py:188} INFO - [2026-03-12T08:19:58.313+0000] {dag.py:3089} INFO - Sync 3 DAGs
[2026-03-12T08:19:58.328+0000] {logging_mixin.py:188} INFO - [2026-03-12T08:19:58.328+0000] {dag.py:3947} INFO - Setting next_dagrun for transfer_from_minio_to_snowflake_accounts to 2026-03-12 08:18:00+00:00, run_after=2026-03-12 08:19:00+00:00
[2026-03-12T08:19:58.331+0000] {logging_mixin.py:188} INFO - [2026-03-12T08:19:58.331+0000] {dag.py:3947} INFO - Setting next_dagrun for transfer_from_minio_to_snowflake_customers to 2026-03-12 08:18:00+00:00, run_after=2026-03-12 08:19:00+00:00
[2026-03-12T08:19:58.333+0000] {logging_mixin.py:188} INFO - [2026-03-12T08:19:58.333+0000] {dag.py:3947} INFO - Setting next_dagrun for transfer_from_minio_to_snowflake_transactions to 2026-03-12 08:18:00+00:00, run_after=2026-03-12 08:19:00+00:00
[2026-03-12T08:19:58.341+0000] {processor.py:183} INFO - Processing /opt/airflow/dags/transfer.py took 0.121 seconds
[2026-03-12T08:35:54.304+0000] {processor.py:161} INFO - Started process (PID=623) to work on /opt/airflow/dags/transfer.py
[2026-03-12T08:35:54.305+0000] {processor.py:830} INFO - Processing file /opt/airflow/dags/transfer.py for tasks to queue
[2026-03-12T08:35:54.306+0000] {logging_mixin.py:188} INFO - [2026-03-12T08:35:54.306+0000] {dagbag.py:545} INFO - Filling up the DagBag from /opt/airflow/dags/transfer.py
[2026-03-12T08:35:54.338+0000] {processor.py:840} INFO - DAG(s) 'transfer_from_minio_to_snowflake_transactions', 'transfer_from_minio_to_snowflake_accounts', 'transfer_from_minio_to_snowflake_customers' retrieved from /opt/airflow/dags/transfer.py
[2026-03-12T08:35:54.374+0000] {logging_mixin.py:188} INFO - [2026-03-12T08:35:54.374+0000] {dag.py:3089} INFO - Sync 3 DAGs
[2026-03-12T08:35:54.394+0000] {logging_mixin.py:188} INFO - [2026-03-12T08:35:54.394+0000] {dag.py:3947} INFO - Setting next_dagrun for transfer_from_minio_to_snowflake_accounts to 2026-03-12 08:34:00+00:00, run_after=2026-03-12 08:35:00+00:00
[2026-03-12T08:35:54.398+0000] {logging_mixin.py:188} INFO - [2026-03-12T08:35:54.398+0000] {dag.py:3947} INFO - Setting next_dagrun for transfer_from_minio_to_snowflake_customers to 2026-03-12 08:34:00+00:00, run_after=2026-03-12 08:35:00+00:00
[2026-03-12T08:35:54.400+0000] {logging_mixin.py:188} INFO - [2026-03-12T08:35:54.400+0000] {dag.py:3947} INFO - Setting next_dagrun for transfer_from_minio_to_snowflake_transactions to 2026-03-12 08:34:00+00:00, run_after=2026-03-12 08:35:00+00:00
[2026-03-12T08:35:54.425+0000] {processor.py:183} INFO - Processing /opt/airflow/dags/transfer.py took 0.134 seconds
[2026-03-12T08:36:24.770+0000] {processor.py:161} INFO - Started process (PID=624) to work on /opt/airflow/dags/transfer.py
[2026-03-12T08:36:24.771+0000] {processor.py:830} INFO - Processing file /opt/airflow/dags/transfer.py for tasks to queue
[2026-03-12T08:36:24.778+0000] {logging_mixin.py:188} INFO - [2026-03-12T08:36:24.775+0000] {dagbag.py:545} INFO - Filling up the DagBag from /opt/airflow/dags/transfer.py
[2026-03-12T08:36:24.809+0000] {processor.py:840} INFO - DAG(s) 'transfer_from_minio_to_snowflake_customers', 'transfer_from_minio_to_snowflake_accounts', 'transfer_from_minio_to_snowflake_transactions' retrieved from /opt/airflow/dags/transfer.py
[2026-03-12T08:36:24.844+0000] {logging_mixin.py:188} INFO - [2026-03-12T08:36:24.844+0000] {dag.py:3089} INFO - Sync 3 DAGs
[2026-03-12T08:36:24.860+0000] {logging_mixin.py:188} INFO - [2026-03-12T08:36:24.860+0000] {dag.py:3947} INFO - Setting next_dagrun for transfer_from_minio_to_snowflake_accounts to 2026-03-12 08:35:00+00:00, run_after=2026-03-12 08:36:00+00:00
[2026-03-12T08:36:24.863+0000] {logging_mixin.py:188} INFO - [2026-03-12T08:36:24.862+0000] {dag.py:3947} INFO - Setting next_dagrun for transfer_from_minio_to_snowflake_customers to 2026-03-12 08:35:00+00:00, run_after=2026-03-12 08:36:00+00:00
[2026-03-12T08:36:24.864+0000] {logging_mixin.py:188} INFO - [2026-03-12T08:36:24.864+0000] {dag.py:3947} INFO - Setting next_dagrun for transfer_from_minio_to_snowflake_transactions to 2026-03-12 08:35:00+00:00, run_after=2026-03-12 08:36:00+00:00
[2026-03-12T08:36:24.879+0000] {processor.py:183} INFO - Processing /opt/airflow/dags/transfer.py took 0.127 seconds
[2026-03-12T08:52:19.894+0000] {processor.py:161} INFO - Started process (PID=625) to work on /opt/airflow/dags/transfer.py
[2026-03-12T08:52:19.895+0000] {processor.py:830} INFO - Processing file /opt/airflow/dags/transfer.py for tasks to queue
[2026-03-12T08:52:19.897+0000] {logging_mixin.py:188} INFO - [2026-03-12T08:52:19.896+0000] {dagbag.py:545} INFO - Filling up the DagBag from /opt/airflow/dags/transfer.py
[2026-03-12T08:52:19.924+0000] {processor.py:840} INFO - DAG(s) 'transfer_from_minio_to_snowflake_transactions', 'transfer_from_minio_to_snowflake_customers', 'transfer_from_minio_to_snowflake_accounts' retrieved from /opt/airflow/dags/transfer.py
[2026-03-12T08:52:19.957+0000] {logging_mixin.py:188} INFO - [2026-03-12T08:52:19.957+0000] {dag.py:3089} INFO - Sync 3 DAGs
[2026-03-12T08:52:19.972+0000] {logging_mixin.py:188} INFO - [2026-03-12T08:52:19.972+0000] {dag.py:3947} INFO - Setting next_dagrun for transfer_from_minio_to_snowflake_accounts to 2026-03-12 08:51:00+00:00, run_after=2026-03-12 08:52:00+00:00
[2026-03-12T08:52:19.975+0000] {logging_mixin.py:188} INFO - [2026-03-12T08:52:19.975+0000] {dag.py:3947} INFO - Setting next_dagrun for transfer_from_minio_to_snowflake_customers to 2026-03-12 08:51:00+00:00, run_after=2026-03-12 08:52:00+00:00
[2026-03-12T08:52:19.976+0000] {logging_mixin.py:188} INFO - [2026-03-12T08:52:19.976+0000] {dag.py:3947} INFO - Setting next_dagrun for transfer_from_minio_to_snowflake_transactions to 2026-03-12 08:51:00+00:00, run_after=2026-03-12 08:52:00+00:00
[2026-03-12T08:52:19.986+0000] {processor.py:183} INFO - Processing /opt/airflow/dags/transfer.py took 0.103 seconds
[2026-03-12T08:52:50.312+0000] {processor.py:161} INFO - Started process (PID=626) to work on /opt/airflow/dags/transfer.py
[2026-03-12T08:52:50.314+0000] {processor.py:830} INFO - Processing file /opt/airflow/dags/transfer.py for tasks to queue
[2026-03-12T08:52:50.316+0000] {logging_mixin.py:188} INFO - [2026-03-12T08:52:50.315+0000] {dagbag.py:545} INFO - Filling up the DagBag from /opt/airflow/dags/transfer.py
[2026-03-12T08:52:50.340+0000] {processor.py:840} INFO - DAG(s) 'transfer_from_minio_to_snowflake_transactions', 'transfer_from_minio_to_snowflake_customers', 'transfer_from_minio_to_snowflake_accounts' retrieved from /opt/airflow/dags/transfer.py
[2026-03-12T08:52:50.379+0000] {logging_mixin.py:188} INFO - [2026-03-12T08:52:50.379+0000] {dag.py:3089} INFO - Sync 3 DAGs
[2026-03-12T08:52:50.395+0000] {logging_mixin.py:188} INFO - [2026-03-12T08:52:50.395+0000] {dag.py:3947} INFO - Setting next_dagrun for transfer_from_minio_to_snowflake_accounts to 2026-03-12 08:51:00+00:00, run_after=2026-03-12 08:52:00+00:00
[2026-03-12T08:52:50.398+0000] {logging_mixin.py:188} INFO - [2026-03-12T08:52:50.398+0000] {dag.py:3947} INFO - Setting next_dagrun for transfer_from_minio_to_snowflake_customers to 2026-03-12 08:51:00+00:00, run_after=2026-03-12 08:52:00+00:00
[2026-03-12T08:52:50.399+0000] {logging_mixin.py:188} INFO - [2026-03-12T08:52:50.399+0000] {dag.py:3947} INFO - Setting next_dagrun for transfer_from_minio_to_snowflake_transactions to 2026-03-12 08:51:00+00:00, run_after=2026-03-12 08:52:00+00:00
[2026-03-12T08:52:50.407+0000] {processor.py:183} INFO - Processing /opt/airflow/dags/transfer.py took 0.112 seconds
[2026-03-12T09:08:45.434+0000] {processor.py:161} INFO - Started process (PID=627) to work on /opt/airflow/dags/transfer.py
[2026-03-12T09:08:45.435+0000] {processor.py:830} INFO - Processing file /opt/airflow/dags/transfer.py for tasks to queue
[2026-03-12T09:08:45.436+0000] {logging_mixin.py:188} INFO - [2026-03-12T09:08:45.436+0000] {dagbag.py:545} INFO - Filling up the DagBag from /opt/airflow/dags/transfer.py
[2026-03-12T09:08:45.464+0000] {processor.py:840} INFO - DAG(s) 'transfer_from_minio_to_snowflake_customers', 'transfer_from_minio_to_snowflake_transactions', 'transfer_from_minio_to_snowflake_accounts' retrieved from /opt/airflow/dags/transfer.py
[2026-03-12T09:08:45.492+0000] {logging_mixin.py:188} INFO - [2026-03-12T09:08:45.492+0000] {dag.py:3089} INFO - Sync 3 DAGs
[2026-03-12T09:08:45.512+0000] {logging_mixin.py:188} INFO - [2026-03-12T09:08:45.512+0000] {dag.py:3947} INFO - Setting next_dagrun for transfer_from_minio_to_snowflake_accounts to 2026-03-12 09:07:00+00:00, run_after=2026-03-12 09:08:00+00:00
[2026-03-12T09:08:45.515+0000] {logging_mixin.py:188} INFO - [2026-03-12T09:08:45.515+0000] {dag.py:3947} INFO - Setting next_dagrun for transfer_from_minio_to_snowflake_customers to 2026-03-12 09:07:00+00:00, run_after=2026-03-12 09:08:00+00:00
[2026-03-12T09:08:45.517+0000] {logging_mixin.py:188} INFO - [2026-03-12T09:08:45.517+0000] {dag.py:3947} INFO - Setting next_dagrun for transfer_from_minio_to_snowflake_transactions to 2026-03-12 09:07:00+00:00, run_after=2026-03-12 09:08:00+00:00
[2026-03-12T09:08:45.525+0000] {processor.py:183} INFO - Processing /opt/airflow/dags/transfer.py took 0.101 seconds
[2026-03-12T09:20:49.370+0000] {processor.py:161} INFO - Started process (PID=628) to work on /opt/airflow/dags/transfer.py
[2026-03-12T09:20:49.372+0000] {processor.py:830} INFO - Processing file /opt/airflow/dags/transfer.py for tasks to queue
[2026-03-12T09:20:49.373+0000] {logging_mixin.py:188} INFO - [2026-03-12T09:20:49.372+0000] {dagbag.py:545} INFO - Filling up the DagBag from /opt/airflow/dags/transfer.py
[2026-03-12T09:20:49.398+0000] {processor.py:840} INFO - DAG(s) 'transfer_from_minio_to_snowflake_customers', 'transfer_from_minio_to_snowflake_transactions', 'transfer_from_minio_to_snowflake_accounts' retrieved from /opt/airflow/dags/transfer.py
[2026-03-12T09:20:49.431+0000] {logging_mixin.py:188} INFO - [2026-03-12T09:20:49.431+0000] {dag.py:3089} INFO - Sync 3 DAGs
[2026-03-12T09:20:49.448+0000] {logging_mixin.py:188} INFO - [2026-03-12T09:20:49.448+0000] {dag.py:3947} INFO - Setting next_dagrun for transfer_from_minio_to_snowflake_accounts to 2026-03-12 09:19:00+00:00, run_after=2026-03-12 09:20:00+00:00
[2026-03-12T09:20:49.452+0000] {logging_mixin.py:188} INFO - [2026-03-12T09:20:49.452+0000] {dag.py:3947} INFO - Setting next_dagrun for transfer_from_minio_to_snowflake_customers to 2026-03-12 09:19:00+00:00, run_after=2026-03-12 09:20:00+00:00
[2026-03-12T09:20:49.453+0000] {logging_mixin.py:188} INFO - [2026-03-12T09:20:49.453+0000] {dag.py:3947} INFO - Setting next_dagrun for transfer_from_minio_to_snowflake_transactions to 2026-03-12 09:19:00+00:00, run_after=2026-03-12 09:20:00+00:00
[2026-03-12T09:20:49.464+0000] {processor.py:183} INFO - Processing /opt/airflow/dags/transfer.py took 0.107 seconds
[2026-03-12T09:24:12.009+0000] {processor.py:161} INFO - Started process (PID=629) to work on /opt/airflow/dags/transfer.py
[2026-03-12T09:24:12.025+0000] {processor.py:830} INFO - Processing file /opt/airflow/dags/transfer.py for tasks to queue
[2026-03-12T09:24:12.027+0000] {logging_mixin.py:188} INFO - [2026-03-12T09:24:12.026+0000] {dagbag.py:545} INFO - Filling up the DagBag from /opt/airflow/dags/transfer.py
[2026-03-12T09:24:12.071+0000] {processor.py:840} INFO - DAG(s) 'transfer_from_minio_to_snowflake_customers', 'transfer_from_minio_to_snowflake_accounts', 'transfer_from_minio_to_snowflake_transactions' retrieved from /opt/airflow/dags/transfer.py
[2026-03-12T09:24:12.139+0000] {logging_mixin.py:188} INFO - [2026-03-12T09:24:12.137+0000] {dag.py:3089} INFO - Sync 3 DAGs
[2026-03-12T09:24:12.165+0000] {logging_mixin.py:188} INFO - [2026-03-12T09:24:12.165+0000] {dag.py:3947} INFO - Setting next_dagrun for transfer_from_minio_to_snowflake_accounts to 2026-03-12 09:23:00+00:00, run_after=2026-03-12 09:24:00+00:00
[2026-03-12T09:24:12.169+0000] {logging_mixin.py:188} INFO - [2026-03-12T09:24:12.169+0000] {dag.py:3947} INFO - Setting next_dagrun for transfer_from_minio_to_snowflake_customers to 2026-03-12 09:23:00+00:00, run_after=2026-03-12 09:24:00+00:00
[2026-03-12T09:24:12.171+0000] {logging_mixin.py:188} INFO - [2026-03-12T09:24:12.171+0000] {dag.py:3947} INFO - Setting next_dagrun for transfer_from_minio_to_snowflake_transactions to 2026-03-12 09:23:00+00:00, run_after=2026-03-12 09:24:00+00:00
[2026-03-12T09:24:12.183+0000] {processor.py:183} INFO - Processing /opt/airflow/dags/transfer.py took 0.203 seconds
[2026-03-12T09:24:42.516+0000] {processor.py:161} INFO - Started process (PID=630) to work on /opt/airflow/dags/transfer.py
[2026-03-12T09:24:42.518+0000] {processor.py:830} INFO - Processing file /opt/airflow/dags/transfer.py for tasks to queue
[2026-03-12T09:24:42.520+0000] {logging_mixin.py:188} INFO - [2026-03-12T09:24:42.519+0000] {dagbag.py:545} INFO - Filling up the DagBag from /opt/airflow/dags/transfer.py
[2026-03-12T09:24:42.550+0000] {processor.py:840} INFO - DAG(s) 'transfer_from_minio_to_snowflake_customers', 'transfer_from_minio_to_snowflake_transactions', 'transfer_from_minio_to_snowflake_accounts' retrieved from /opt/airflow/dags/transfer.py
[2026-03-12T09:24:42.588+0000] {logging_mixin.py:188} INFO - [2026-03-12T09:24:42.588+0000] {dag.py:3089} INFO - Sync 3 DAGs
[2026-03-12T09:24:42.608+0000] {logging_mixin.py:188} INFO - [2026-03-12T09:24:42.608+0000] {dag.py:3947} INFO - Setting next_dagrun for transfer_from_minio_to_snowflake_accounts to 2026-03-12 09:23:00+00:00, run_after=2026-03-12 09:24:00+00:00
[2026-03-12T09:24:42.611+0000] {logging_mixin.py:188} INFO - [2026-03-12T09:24:42.611+0000] {dag.py:3947} INFO - Setting next_dagrun for transfer_from_minio_to_snowflake_customers to 2026-03-12 09:23:00+00:00, run_after=2026-03-12 09:24:00+00:00
[2026-03-12T09:24:42.612+0000] {logging_mixin.py:188} INFO - [2026-03-12T09:24:42.612+0000] {dag.py:3947} INFO - Setting next_dagrun for transfer_from_minio_to_snowflake_transactions to 2026-03-12 09:23:00+00:00, run_after=2026-03-12 09:24:00+00:00
[2026-03-12T09:24:42.621+0000] {processor.py:183} INFO - Processing /opt/airflow/dags/transfer.py took 0.122 seconds
[2026-03-12T09:25:12.881+0000] {processor.py:161} INFO - Started process (PID=631) to work on /opt/airflow/dags/transfer.py
[2026-03-12T09:25:12.883+0000] {processor.py:830} INFO - Processing file /opt/airflow/dags/transfer.py for tasks to queue
[2026-03-12T09:25:12.885+0000] {logging_mixin.py:188} INFO - [2026-03-12T09:25:12.884+0000] {dagbag.py:545} INFO - Filling up the DagBag from /opt/airflow/dags/transfer.py
[2026-03-12T09:25:12.914+0000] {processor.py:840} INFO - DAG(s) 'transfer_from_minio_to_snowflake_customers', 'transfer_from_minio_to_snowflake_transactions', 'transfer_from_minio_to_snowflake_accounts' retrieved from /opt/airflow/dags/transfer.py
[2026-03-12T09:25:12.950+0000] {logging_mixin.py:188} INFO - [2026-03-12T09:25:12.950+0000] {dag.py:3089} INFO - Sync 3 DAGs
[2026-03-12T09:25:12.970+0000] {logging_mixin.py:188} INFO - [2026-03-12T09:25:12.970+0000] {dag.py:3947} INFO - Setting next_dagrun for transfer_from_minio_to_snowflake_accounts to 2026-03-12 09:24:00+00:00, run_after=2026-03-12 09:25:00+00:00
[2026-03-12T09:25:12.973+0000] {logging_mixin.py:188} INFO - [2026-03-12T09:25:12.973+0000] {dag.py:3947} INFO - Setting next_dagrun for transfer_from_minio_to_snowflake_customers to 2026-03-12 09:24:00+00:00, run_after=2026-03-12 09:25:00+00:00
[2026-03-12T09:25:12.974+0000] {logging_mixin.py:188} INFO - [2026-03-12T09:25:12.974+0000] {dag.py:3947} INFO - Setting next_dagrun for transfer_from_minio_to_snowflake_transactions to 2026-03-12 09:24:00+00:00, run_after=2026-03-12 09:25:00+00:00
[2026-03-12T09:25:12.985+0000] {processor.py:183} INFO - Processing /opt/airflow/dags/transfer.py took 0.116 seconds
[2026-03-12T09:25:43.390+0000] {processor.py:161} INFO - Started process (PID=632) to work on /opt/airflow/dags/transfer.py
[2026-03-12T09:25:43.393+0000] {processor.py:830} INFO - Processing file /opt/airflow/dags/transfer.py for tasks to queue
[2026-03-12T09:25:43.394+0000] {logging_mixin.py:188} INFO - [2026-03-12T09:25:43.393+0000] {dagbag.py:545} INFO - Filling up the DagBag from /opt/airflow/dags/transfer.py
[2026-03-12T09:25:43.422+0000] {processor.py:840} INFO - DAG(s) 'transfer_from_minio_to_snowflake_transactions', 'transfer_from_minio_to_snowflake_customers', 'transfer_from_minio_to_snowflake_accounts' retrieved from /opt/airflow/dags/transfer.py
[2026-03-12T09:25:43.457+0000] {logging_mixin.py:188} INFO - [2026-03-12T09:25:43.457+0000] {dag.py:3089} INFO - Sync 3 DAGs
[2026-03-12T09:25:43.483+0000] {logging_mixin.py:188} INFO - [2026-03-12T09:25:43.483+0000] {dag.py:3947} INFO - Setting next_dagrun for transfer_from_minio_to_snowflake_accounts to 2026-03-12 09:24:00+00:00, run_after=2026-03-12 09:25:00+00:00
[2026-03-12T09:25:43.486+0000] {logging_mixin.py:188} INFO - [2026-03-12T09:25:43.486+0000] {dag.py:3947} INFO - Setting next_dagrun for transfer_from_minio_to_snowflake_customers to 2026-03-12 09:24:00+00:00, run_after=2026-03-12 09:25:00+00:00
[2026-03-12T09:25:43.487+0000] {logging_mixin.py:188} INFO - [2026-03-12T09:25:43.487+0000] {dag.py:3947} INFO - Setting next_dagrun for transfer_from_minio_to_snowflake_transactions to 2026-03-12 09:24:00+00:00, run_after=2026-03-12 09:25:00+00:00
[2026-03-12T09:25:43.498+0000] {processor.py:183} INFO - Processing /opt/airflow/dags/transfer.py took 0.129 seconds
[2026-03-12T09:26:13.751+0000] {processor.py:161} INFO - Started process (PID=633) to work on /opt/airflow/dags/transfer.py
[2026-03-12T09:26:13.753+0000] {processor.py:830} INFO - Processing file /opt/airflow/dags/transfer.py for tasks to queue
[2026-03-12T09:26:13.755+0000] {logging_mixin.py:188} INFO - [2026-03-12T09:26:13.754+0000] {dagbag.py:545} INFO - Filling up the DagBag from /opt/airflow/dags/transfer.py
[2026-03-12T09:26:13.793+0000] {processor.py:840} INFO - DAG(s) 'transfer_from_minio_to_snowflake_customers', 'transfer_from_minio_to_snowflake_accounts', 'transfer_from_minio_to_snowflake_transactions' retrieved from /opt/airflow/dags/transfer.py
[2026-03-12T09:26:13.867+0000] {logging_mixin.py:188} INFO - [2026-03-12T09:26:13.867+0000] {dag.py:3089} INFO - Sync 3 DAGs
[2026-03-12T09:26:13.889+0000] {logging_mixin.py:188} INFO - [2026-03-12T09:26:13.888+0000] {dag.py:3947} INFO - Setting next_dagrun for transfer_from_minio_to_snowflake_accounts to 2026-03-12 09:25:00+00:00, run_after=2026-03-12 09:26:00+00:00
[2026-03-12T09:26:13.894+0000] {logging_mixin.py:188} INFO - [2026-03-12T09:26:13.894+0000] {dag.py:3947} INFO - Setting next_dagrun for transfer_from_minio_to_snowflake_customers to 2026-03-12 09:25:00+00:00, run_after=2026-03-12 09:26:00+00:00
[2026-03-12T09:26:13.895+0000] {logging_mixin.py:188} INFO - [2026-03-12T09:26:13.895+0000] {dag.py:3947} INFO - Setting next_dagrun for transfer_from_minio_to_snowflake_transactions to 2026-03-12 09:25:00+00:00, run_after=2026-03-12 09:26:00+00:00
[2026-03-12T09:26:13.905+0000] {processor.py:183} INFO - Processing /opt/airflow/dags/transfer.py took 0.170 seconds
[2026-03-12T09:26:44.182+0000] {processor.py:161} INFO - Started process (PID=634) to work on /opt/airflow/dags/transfer.py
[2026-03-12T09:26:44.184+0000] {processor.py:830} INFO - Processing file /opt/airflow/dags/transfer.py for tasks to queue
[2026-03-12T09:26:44.186+0000] {logging_mixin.py:188} INFO - [2026-03-12T09:26:44.185+0000] {dagbag.py:545} INFO - Filling up the DagBag from /opt/airflow/dags/transfer.py
[2026-03-12T09:26:44.215+0000] {processor.py:840} INFO - DAG(s) 'transfer_from_minio_to_snowflake_accounts', 'transfer_from_minio_to_snowflake_customers', 'transfer_from_minio_to_snowflake_transactions' retrieved from /opt/airflow/dags/transfer.py
[2026-03-12T09:26:44.252+0000] {logging_mixin.py:188} INFO - [2026-03-12T09:26:44.252+0000] {dag.py:3089} INFO - Sync 3 DAGs
[2026-03-12T09:26:44.272+0000] {logging_mixin.py:188} INFO - [2026-03-12T09:26:44.272+0000] {dag.py:3947} INFO - Setting next_dagrun for transfer_from_minio_to_snowflake_accounts to 2026-03-12 09:25:00+00:00, run_after=2026-03-12 09:26:00+00:00
[2026-03-12T09:26:44.275+0000] {logging_mixin.py:188} INFO - [2026-03-12T09:26:44.275+0000] {dag.py:3947} INFO - Setting next_dagrun for transfer_from_minio_to_snowflake_customers to 2026-03-12 09:25:00+00:00, run_after=2026-03-12 09:26:00+00:00
[2026-03-12T09:26:44.276+0000] {logging_mixin.py:188} INFO - [2026-03-12T09:26:44.276+0000] {dag.py:3947} INFO - Setting next_dagrun for transfer_from_minio_to_snowflake_transactions to 2026-03-12 09:25:00+00:00, run_after=2026-03-12 09:26:00+00:00
[2026-03-12T09:26:44.285+0000] {processor.py:183} INFO - Processing /opt/airflow/dags/transfer.py took 0.118 seconds
[2026-03-12T09:27:14.592+0000] {processor.py:161} INFO - Started process (PID=635) to work on /opt/airflow/dags/transfer.py
[2026-03-12T09:27:14.594+0000] {processor.py:830} INFO - Processing file /opt/airflow/dags/transfer.py for tasks to queue
[2026-03-12T09:27:14.596+0000] {logging_mixin.py:188} INFO - [2026-03-12T09:27:14.595+0000] {dagbag.py:545} INFO - Filling up the DagBag from /opt/airflow/dags/transfer.py
[2026-03-12T09:27:14.626+0000] {processor.py:840} INFO - DAG(s) 'transfer_from_minio_to_snowflake_transactions', 'transfer_from_minio_to_snowflake_accounts', 'transfer_from_minio_to_snowflake_customers' retrieved from /opt/airflow/dags/transfer.py
[2026-03-12T09:27:14.679+0000] {logging_mixin.py:188} INFO - [2026-03-12T09:27:14.679+0000] {dag.py:3089} INFO - Sync 3 DAGs
[2026-03-12T09:27:14.703+0000] {logging_mixin.py:188} INFO - [2026-03-12T09:27:14.703+0000] {dag.py:3947} INFO - Setting next_dagrun for transfer_from_minio_to_snowflake_accounts to 2026-03-12 09:26:00+00:00, run_after=2026-03-12 09:27:00+00:00
[2026-03-12T09:27:14.709+0000] {logging_mixin.py:188} INFO - [2026-03-12T09:27:14.709+0000] {dag.py:3947} INFO - Setting next_dagrun for transfer_from_minio_to_snowflake_customers to 2026-03-12 09:26:00+00:00, run_after=2026-03-12 09:27:00+00:00
[2026-03-12T09:27:14.711+0000] {logging_mixin.py:188} INFO - [2026-03-12T09:27:14.711+0000] {dag.py:3947} INFO - Setting next_dagrun for transfer_from_minio_to_snowflake_transactions to 2026-03-12 09:26:00+00:00, run_after=2026-03-12 09:27:00+00:00
[2026-03-12T09:27:14.728+0000] {processor.py:183} INFO - Processing /opt/airflow/dags/transfer.py took 0.145 seconds
[2026-03-12T09:27:44.946+0000] {processor.py:161} INFO - Started process (PID=636) to work on /opt/airflow/dags/transfer.py
[2026-03-12T09:27:44.948+0000] {processor.py:830} INFO - Processing file /opt/airflow/dags/transfer.py for tasks to queue
[2026-03-12T09:27:44.949+0000] {logging_mixin.py:188} INFO - [2026-03-12T09:27:44.948+0000] {dagbag.py:545} INFO - Filling up the DagBag from /opt/airflow/dags/transfer.py
[2026-03-12T09:27:44.982+0000] {processor.py:840} INFO - DAG(s) 'transfer_from_minio_to_snowflake_accounts', 'transfer_from_minio_to_snowflake_transactions', 'transfer_from_minio_to_snowflake_customers' retrieved from /opt/airflow/dags/transfer.py
[2026-03-12T09:27:45.032+0000] {logging_mixin.py:188} INFO - [2026-03-12T09:27:45.031+0000] {dag.py:3089} INFO - Sync 3 DAGs
[2026-03-12T09:27:45.051+0000] {logging_mixin.py:188} INFO - [2026-03-12T09:27:45.051+0000] {dag.py:3947} INFO - Setting next_dagrun for transfer_from_minio_to_snowflake_accounts to 2026-03-12 09:26:00+00:00, run_after=2026-03-12 09:27:00+00:00
[2026-03-12T09:27:45.054+0000] {logging_mixin.py:188} INFO - [2026-03-12T09:27:45.054+0000] {dag.py:3947} INFO - Setting next_dagrun for transfer_from_minio_to_snowflake_customers to 2026-03-12 09:26:00+00:00, run_after=2026-03-12 09:27:00+00:00
[2026-03-12T09:27:45.056+0000] {logging_mixin.py:188} INFO - [2026-03-12T09:27:45.056+0000] {dag.py:3947} INFO - Setting next_dagrun for transfer_from_minio_to_snowflake_transactions to 2026-03-12 09:26:00+00:00, run_after=2026-03-12 09:27:00+00:00
[2026-03-12T09:27:45.070+0000] {processor.py:183} INFO - Processing /opt/airflow/dags/transfer.py took 0.143 seconds
[2026-03-12T09:28:15.360+0000] {processor.py:161} INFO - Started process (PID=637) to work on /opt/airflow/dags/transfer.py
[2026-03-12T09:28:15.362+0000] {processor.py:830} INFO - Processing file /opt/airflow/dags/transfer.py for tasks to queue
[2026-03-12T09:28:15.363+0000] {logging_mixin.py:188} INFO - [2026-03-12T09:28:15.363+0000] {dagbag.py:545} INFO - Filling up the DagBag from /opt/airflow/dags/transfer.py
[2026-03-12T09:28:15.389+0000] {processor.py:840} INFO - DAG(s) 'transfer_from_minio_to_snowflake_accounts', 'transfer_from_minio_to_snowflake_transactions', 'transfer_from_minio_to_snowflake_customers' retrieved from /opt/airflow/dags/transfer.py
[2026-03-12T09:28:15.426+0000] {logging_mixin.py:188} INFO - [2026-03-12T09:28:15.425+0000] {dag.py:3089} INFO - Sync 3 DAGs
[2026-03-12T09:28:15.446+0000] {logging_mixin.py:188} INFO - [2026-03-12T09:28:15.446+0000] {dag.py:3947} INFO - Setting next_dagrun for transfer_from_minio_to_snowflake_accounts to 2026-03-12 09:27:00+00:00, run_after=2026-03-12 09:28:00+00:00
[2026-03-12T09:28:15.449+0000] {logging_mixin.py:188} INFO - [2026-03-12T09:28:15.449+0000] {dag.py:3947} INFO - Setting next_dagrun for transfer_from_minio_to_snowflake_customers to 2026-03-12 09:27:00+00:00, run_after=2026-03-12 09:28:00+00:00
[2026-03-12T09:28:15.450+0000] {logging_mixin.py:188} INFO - [2026-03-12T09:28:15.450+0000] {dag.py:3947} INFO - Setting next_dagrun for transfer_from_minio_to_snowflake_transactions to 2026-03-12 09:27:00+00:00, run_after=2026-03-12 09:28:00+00:00
[2026-03-12T09:28:15.460+0000] {processor.py:183} INFO - Processing /opt/airflow/dags/transfer.py took 0.116 seconds
[2026-03-12T09:28:45.790+0000] {processor.py:161} INFO - Started process (PID=638) to work on /opt/airflow/dags/transfer.py
[2026-03-12T09:28:45.793+0000] {processor.py:830} INFO - Processing file /opt/airflow/dags/transfer.py for tasks to queue
[2026-03-12T09:28:45.795+0000] {logging_mixin.py:188} INFO - [2026-03-12T09:28:45.794+0000] {dagbag.py:545} INFO - Filling up the DagBag from /opt/airflow/dags/transfer.py
[2026-03-12T09:28:45.827+0000] {processor.py:840} INFO - DAG(s) 'transfer_from_minio_to_snowflake_accounts', 'transfer_from_minio_to_snowflake_customers', 'transfer_from_minio_to_snowflake_transactions' retrieved from /opt/airflow/dags/transfer.py
[2026-03-12T09:28:45.867+0000] {logging_mixin.py:188} INFO - [2026-03-12T09:28:45.867+0000] {dag.py:3089} INFO - Sync 3 DAGs
[2026-03-12T09:28:45.888+0000] {logging_mixin.py:188} INFO - [2026-03-12T09:28:45.888+0000] {dag.py:3947} INFO - Setting next_dagrun for transfer_from_minio_to_snowflake_accounts to 2026-03-12 09:27:00+00:00, run_after=2026-03-12 09:28:00+00:00
[2026-03-12T09:28:45.891+0000] {logging_mixin.py:188} INFO - [2026-03-12T09:28:45.891+0000] {dag.py:3947} INFO - Setting next_dagrun for transfer_from_minio_to_snowflake_customers to 2026-03-12 09:27:00+00:00, run_after=2026-03-12 09:28:00+00:00
[2026-03-12T09:28:45.892+0000] {logging_mixin.py:188} INFO - [2026-03-12T09:28:45.892+0000] {dag.py:3947} INFO - Setting next_dagrun for transfer_from_minio_to_snowflake_transactions to 2026-03-12 09:27:00+00:00, run_after=2026-03-12 09:28:00+00:00
[2026-03-12T09:28:45.917+0000] {processor.py:183} INFO - Processing /opt/airflow/dags/transfer.py took 0.147 seconds
[2026-03-12T09:29:16.207+0000] {processor.py:161} INFO - Started process (PID=639) to work on /opt/airflow/dags/transfer.py
[2026-03-12T09:29:16.209+0000] {processor.py:830} INFO - Processing file /opt/airflow/dags/transfer.py for tasks to queue
[2026-03-12T09:29:16.211+0000] {logging_mixin.py:188} INFO - [2026-03-12T09:29:16.210+0000] {dagbag.py:545} INFO - Filling up the DagBag from /opt/airflow/dags/transfer.py
[2026-03-12T09:29:16.238+0000] {processor.py:840} INFO - DAG(s) 'transfer_from_minio_to_snowflake_accounts', 'transfer_from_minio_to_snowflake_transactions', 'transfer_from_minio_to_snowflake_customers' retrieved from /opt/airflow/dags/transfer.py
[2026-03-12T09:29:16.278+0000] {logging_mixin.py:188} INFO - [2026-03-12T09:29:16.277+0000] {dag.py:3089} INFO - Sync 3 DAGs
[2026-03-12T09:29:16.294+0000] {logging_mixin.py:188} INFO - [2026-03-12T09:29:16.294+0000] {dag.py:3947} INFO - Setting next_dagrun for transfer_from_minio_to_snowflake_accounts to 2026-03-12 09:28:00+00:00, run_after=2026-03-12 09:29:00+00:00
[2026-03-12T09:29:16.297+0000] {logging_mixin.py:188} INFO - [2026-03-12T09:29:16.297+0000] {dag.py:3947} INFO - Setting next_dagrun for transfer_from_minio_to_snowflake_customers to 2026-03-12 09:28:00+00:00, run_after=2026-03-12 09:29:00+00:00
[2026-03-12T09:29:16.299+0000] {logging_mixin.py:188} INFO - [2026-03-12T09:29:16.299+0000] {dag.py:3947} INFO - Setting next_dagrun for transfer_from_minio_to_snowflake_transactions to 2026-03-12 09:28:00+00:00, run_after=2026-03-12 09:29:00+00:00
[2026-03-12T09:29:16.307+0000] {processor.py:183} INFO - Processing /opt/airflow/dags/transfer.py took 0.112 seconds
[2026-03-12T09:29:46.614+0000] {processor.py:161} INFO - Started process (PID=640) to work on /opt/airflow/dags/transfer.py
[2026-03-12T09:29:46.616+0000] {processor.py:830} INFO - Processing file /opt/airflow/dags/transfer.py for tasks to queue
[2026-03-12T09:29:46.617+0000] {logging_mixin.py:188} INFO - [2026-03-12T09:29:46.617+0000] {dagbag.py:545} INFO - Filling up the DagBag from /opt/airflow/dags/transfer.py
[2026-03-12T09:29:46.656+0000] {processor.py:840} INFO - DAG(s) 'transfer_from_minio_to_snowflake_accounts', 'transfer_from_minio_to_snowflake_customers', 'transfer_from_minio_to_snowflake_transactions' retrieved from /opt/airflow/dags/transfer.py
[2026-03-12T09:29:46.707+0000] {logging_mixin.py:188} INFO - [2026-03-12T09:29:46.707+0000] {dag.py:3089} INFO - Sync 3 DAGs
[2026-03-12T09:29:46.736+0000] {logging_mixin.py:188} INFO - [2026-03-12T09:29:46.736+0000] {dag.py:3947} INFO - Setting next_dagrun for transfer_from_minio_to_snowflake_accounts to 2026-03-12 09:28:00+00:00, run_after=2026-03-12 09:29:00+00:00
[2026-03-12T09:29:46.742+0000] {logging_mixin.py:188} INFO - [2026-03-12T09:29:46.741+0000] {dag.py:3947} INFO - Setting next_dagrun for transfer_from_minio_to_snowflake_customers to 2026-03-12 09:28:00+00:00, run_after=2026-03-12 09:29:00+00:00
[2026-03-12T09:29:46.744+0000] {logging_mixin.py:188} INFO - [2026-03-12T09:29:46.744+0000] {dag.py:3947} INFO - Setting next_dagrun for transfer_from_minio_to_snowflake_transactions to 2026-03-12 09:28:00+00:00, run_after=2026-03-12 09:29:00+00:00
[2026-03-12T09:29:46.755+0000] {processor.py:183} INFO - Processing /opt/airflow/dags/transfer.py took 0.159 seconds
[2026-03-12T09:30:17.011+0000] {processor.py:161} INFO - Started process (PID=641) to work on /opt/airflow/dags/transfer.py
[2026-03-12T09:30:17.013+0000] {processor.py:830} INFO - Processing file /opt/airflow/dags/transfer.py for tasks to queue
[2026-03-12T09:30:17.015+0000] {logging_mixin.py:188} INFO - [2026-03-12T09:30:17.014+0000] {dagbag.py:545} INFO - Filling up the DagBag from /opt/airflow/dags/transfer.py
[2026-03-12T09:30:17.053+0000] {processor.py:840} INFO - DAG(s) 'transfer_from_minio_to_snowflake_customers', 'transfer_from_minio_to_snowflake_accounts', 'transfer_from_minio_to_snowflake_transactions' retrieved from /opt/airflow/dags/transfer.py
[2026-03-12T09:30:17.090+0000] {logging_mixin.py:188} INFO - [2026-03-12T09:30:17.089+0000] {dag.py:3089} INFO - Sync 3 DAGs
[2026-03-12T09:30:17.115+0000] {logging_mixin.py:188} INFO - [2026-03-12T09:30:17.115+0000] {dag.py:3947} INFO - Setting next_dagrun for transfer_from_minio_to_snowflake_accounts to 2026-03-12 09:29:00+00:00, run_after=2026-03-12 09:30:00+00:00
[2026-03-12T09:30:17.117+0000] {logging_mixin.py:188} INFO - [2026-03-12T09:30:17.117+0000] {dag.py:3947} INFO - Setting next_dagrun for transfer_from_minio_to_snowflake_customers to 2026-03-12 09:29:00+00:00, run_after=2026-03-12 09:30:00+00:00
[2026-03-12T09:30:17.119+0000] {logging_mixin.py:188} INFO - [2026-03-12T09:30:17.119+0000] {dag.py:3947} INFO - Setting next_dagrun for transfer_from_minio_to_snowflake_transactions to 2026-03-12 09:29:00+00:00, run_after=2026-03-12 09:30:00+00:00
[2026-03-12T09:30:17.127+0000] {processor.py:183} INFO - Processing /opt/airflow/dags/transfer.py took 0.133 seconds
[2026-03-12T09:30:47.449+0000] {processor.py:161} INFO - Started process (PID=642) to work on /opt/airflow/dags/transfer.py
[2026-03-12T09:30:47.451+0000] {processor.py:830} INFO - Processing file /opt/airflow/dags/transfer.py for tasks to queue
[2026-03-12T09:30:47.453+0000] {logging_mixin.py:188} INFO - [2026-03-12T09:30:47.452+0000] {dagbag.py:545} INFO - Filling up the DagBag from /opt/airflow/dags/transfer.py
[2026-03-12T09:30:47.483+0000] {processor.py:840} INFO - DAG(s) 'transfer_from_minio_to_snowflake_transactions', 'transfer_from_minio_to_snowflake_customers', 'transfer_from_minio_to_snowflake_accounts' retrieved from /opt/airflow/dags/transfer.py
[2026-03-12T09:30:47.528+0000] {logging_mixin.py:188} INFO - [2026-03-12T09:30:47.528+0000] {dag.py:3089} INFO - Sync 3 DAGs
[2026-03-12T09:30:47.547+0000] {logging_mixin.py:188} INFO - [2026-03-12T09:30:47.546+0000] {dag.py:3947} INFO - Setting next_dagrun for transfer_from_minio_to_snowflake_accounts to 2026-03-12 09:29:00+00:00, run_after=2026-03-12 09:30:00+00:00
[2026-03-12T09:30:47.551+0000] {logging_mixin.py:188} INFO - [2026-03-12T09:30:47.550+0000] {dag.py:3947} INFO - Setting next_dagrun for transfer_from_minio_to_snowflake_customers to 2026-03-12 09:29:00+00:00, run_after=2026-03-12 09:30:00+00:00
[2026-03-12T09:30:47.552+0000] {logging_mixin.py:188} INFO - [2026-03-12T09:30:47.552+0000] {dag.py:3947} INFO - Setting next_dagrun for transfer_from_minio_to_snowflake_transactions to 2026-03-12 09:29:00+00:00, run_after=2026-03-12 09:30:00+00:00
[2026-03-12T09:30:47.560+0000] {processor.py:183} INFO - Processing /opt/airflow/dags/transfer.py took 0.127 seconds
[2026-03-12T09:31:17.798+0000] {processor.py:161} INFO - Started process (PID=643) to work on /opt/airflow/dags/transfer.py
[2026-03-12T09:31:17.800+0000] {processor.py:830} INFO - Processing file /opt/airflow/dags/transfer.py for tasks to queue
[2026-03-12T09:31:17.802+0000] {logging_mixin.py:188} INFO - [2026-03-12T09:31:17.801+0000] {dagbag.py:545} INFO - Filling up the DagBag from /opt/airflow/dags/transfer.py
[2026-03-12T09:31:17.836+0000] {processor.py:840} INFO - DAG(s) 'transfer_from_minio_to_snowflake_accounts', 'transfer_from_minio_to_snowflake_customers', 'transfer_from_minio_to_snowflake_transactions' retrieved from /opt/airflow/dags/transfer.py
[2026-03-12T09:31:17.883+0000] {logging_mixin.py:188} INFO - [2026-03-12T09:31:17.883+0000] {dag.py:3089} INFO - Sync 3 DAGs
[2026-03-12T09:31:17.902+0000] {logging_mixin.py:188} INFO - [2026-03-12T09:31:17.902+0000] {dag.py:3947} INFO - Setting next_dagrun for transfer_from_minio_to_snowflake_accounts to 2026-03-12 09:30:00+00:00, run_after=2026-03-12 09:31:00+00:00
[2026-03-12T09:31:17.906+0000] {logging_mixin.py:188} INFO - [2026-03-12T09:31:17.906+0000] {dag.py:3947} INFO - Setting next_dagrun for transfer_from_minio_to_snowflake_customers to 2026-03-12 09:30:00+00:00, run_after=2026-03-12 09:31:00+00:00
[2026-03-12T09:31:17.908+0000] {logging_mixin.py:188} INFO - [2026-03-12T09:31:17.908+0000] {dag.py:3947} INFO - Setting next_dagrun for transfer_from_minio_to_snowflake_transactions to 2026-03-12 09:30:00+00:00, run_after=2026-03-12 09:31:00+00:00
[2026-03-12T09:31:17.917+0000] {processor.py:183} INFO - Processing /opt/airflow/dags/transfer.py took 0.136 seconds
[2026-03-12T09:31:48.205+0000] {processor.py:161} INFO - Started process (PID=644) to work on /opt/airflow/dags/transfer.py
[2026-03-12T09:31:48.211+0000] {processor.py:830} INFO - Processing file /opt/airflow/dags/transfer.py for tasks to queue
[2026-03-12T09:31:48.213+0000] {logging_mixin.py:188} INFO - [2026-03-12T09:31:48.212+0000] {dagbag.py:545} INFO - Filling up the DagBag from /opt/airflow/dags/transfer.py
[2026-03-12T09:31:48.242+0000] {processor.py:840} INFO - DAG(s) 'transfer_from_minio_to_snowflake_customers', 'transfer_from_minio_to_snowflake_transactions', 'transfer_from_minio_to_snowflake_accounts' retrieved from /opt/airflow/dags/transfer.py
[2026-03-12T09:31:48.287+0000] {logging_mixin.py:188} INFO - [2026-03-12T09:31:48.287+0000] {dag.py:3089} INFO - Sync 3 DAGs
[2026-03-12T09:31:48.304+0000] {logging_mixin.py:188} INFO - [2026-03-12T09:31:48.304+0000] {dag.py:3947} INFO - Setting next_dagrun for transfer_from_minio_to_snowflake_accounts to 2026-03-12 09:30:00+00:00, run_after=2026-03-12 09:31:00+00:00
[2026-03-12T09:31:48.307+0000] {logging_mixin.py:188} INFO - [2026-03-12T09:31:48.307+0000] {dag.py:3947} INFO - Setting next_dagrun for transfer_from_minio_to_snowflake_customers to 2026-03-12 09:30:00+00:00, run_after=2026-03-12 09:31:00+00:00
[2026-03-12T09:31:48.309+0000] {logging_mixin.py:188} INFO - [2026-03-12T09:31:48.309+0000] {dag.py:3947} INFO - Setting next_dagrun for transfer_from_minio_to_snowflake_transactions to 2026-03-12 09:30:00+00:00, run_after=2026-03-12 09:31:00+00:00
[2026-03-12T09:31:48.317+0000] {processor.py:183} INFO - Processing /opt/airflow/dags/transfer.py took 0.131 seconds
[2026-03-12T09:32:18.586+0000] {processor.py:161} INFO - Started process (PID=645) to work on /opt/airflow/dags/transfer.py
[2026-03-12T09:32:18.589+0000] {processor.py:830} INFO - Processing file /opt/airflow/dags/transfer.py for tasks to queue
[2026-03-12T09:32:18.591+0000] {logging_mixin.py:188} INFO - [2026-03-12T09:32:18.590+0000] {dagbag.py:545} INFO - Filling up the DagBag from /opt/airflow/dags/transfer.py
[2026-03-12T09:32:18.626+0000] {processor.py:840} INFO - DAG(s) 'transfer_from_minio_to_snowflake_transactions', 'transfer_from_minio_to_snowflake_accounts', 'transfer_from_minio_to_snowflake_customers' retrieved from /opt/airflow/dags/transfer.py
[2026-03-12T09:32:18.671+0000] {logging_mixin.py:188} INFO - [2026-03-12T09:32:18.671+0000] {dag.py:3089} INFO - Sync 3 DAGs
[2026-03-12T09:32:18.693+0000] {logging_mixin.py:188} INFO - [2026-03-12T09:32:18.693+0000] {dag.py:3947} INFO - Setting next_dagrun for transfer_from_minio_to_snowflake_accounts to 2026-03-12 09:31:00+00:00, run_after=2026-03-12 09:32:00+00:00
[2026-03-12T09:32:18.697+0000] {logging_mixin.py:188} INFO - [2026-03-12T09:32:18.696+0000] {dag.py:3947} INFO - Setting next_dagrun for transfer_from_minio_to_snowflake_customers to 2026-03-12 09:31:00+00:00, run_after=2026-03-12 09:32:00+00:00
[2026-03-12T09:32:18.698+0000] {logging_mixin.py:188} INFO - [2026-03-12T09:32:18.698+0000] {dag.py:3947} INFO - Setting next_dagrun for transfer_from_minio_to_snowflake_transactions to 2026-03-12 09:31:00+00:00, run_after=2026-03-12 09:32:00+00:00
[2026-03-12T09:32:18.709+0000] {processor.py:183} INFO - Processing /opt/airflow/dags/transfer.py took 0.136 seconds
[2026-03-12T09:32:49.011+0000] {processor.py:161} INFO - Started process (PID=646) to work on /opt/airflow/dags/transfer.py
[2026-03-12T09:32:49.013+0000] {processor.py:830} INFO - Processing file /opt/airflow/dags/transfer.py for tasks to queue
[2026-03-12T09:32:49.015+0000] {logging_mixin.py:188} INFO - [2026-03-12T09:32:49.014+0000] {dagbag.py:545} INFO - Filling up the DagBag from /opt/airflow/dags/transfer.py
[2026-03-12T09:32:49.048+0000] {processor.py:840} INFO - DAG(s) 'transfer_from_minio_to_snowflake_customers', 'transfer_from_minio_to_snowflake_transactions', 'transfer_from_minio_to_snowflake_accounts' retrieved from /opt/airflow/dags/transfer.py
[2026-03-12T09:32:49.090+0000] {logging_mixin.py:188} INFO - [2026-03-12T09:32:49.090+0000] {dag.py:3089} INFO - Sync 3 DAGs
[2026-03-12T09:32:49.108+0000] {logging_mixin.py:188} INFO - [2026-03-12T09:32:49.108+0000] {dag.py:3947} INFO - Setting next_dagrun for transfer_from_minio_to_snowflake_accounts to 2026-03-12 09:31:00+00:00, run_after=2026-03-12 09:32:00+00:00
[2026-03-12T09:32:49.111+0000] {logging_mixin.py:188} INFO - [2026-03-12T09:32:49.111+0000] {dag.py:3947} INFO - Setting next_dagrun for transfer_from_minio_to_snowflake_customers to 2026-03-12 09:31:00+00:00, run_after=2026-03-12 09:32:00+00:00
[2026-03-12T09:32:49.112+0000] {logging_mixin.py:188} INFO - [2026-03-12T09:32:49.112+0000] {dag.py:3947} INFO - Setting next_dagrun for transfer_from_minio_to_snowflake_transactions to 2026-03-12 09:31:00+00:00, run_after=2026-03-12 09:32:00+00:00
[2026-03-12T09:32:49.123+0000] {processor.py:183} INFO - Processing /opt/airflow/dags/transfer.py took 0.127 seconds
[2026-03-12T09:33:19.407+0000] {processor.py:161} INFO - Started process (PID=647) to work on /opt/airflow/dags/transfer.py
[2026-03-12T09:33:19.412+0000] {processor.py:830} INFO - Processing file /opt/airflow/dags/transfer.py for tasks to queue
[2026-03-12T09:33:19.414+0000] {logging_mixin.py:188} INFO - [2026-03-12T09:33:19.414+0000] {dagbag.py:545} INFO - Filling up the DagBag from /opt/airflow/dags/transfer.py
[2026-03-12T09:33:19.446+0000] {processor.py:840} INFO - DAG(s) 'transfer_from_minio_to_snowflake_transactions', 'transfer_from_minio_to_snowflake_accounts', 'transfer_from_minio_to_snowflake_customers' retrieved from /opt/airflow/dags/transfer.py
[2026-03-12T09:33:19.487+0000] {logging_mixin.py:188} INFO - [2026-03-12T09:33:19.487+0000] {dag.py:3089} INFO - Sync 3 DAGs
[2026-03-12T09:33:19.504+0000] {logging_mixin.py:188} INFO - [2026-03-12T09:33:19.503+0000] {dag.py:3947} INFO - Setting next_dagrun for transfer_from_minio_to_snowflake_accounts to 2026-03-12 09:32:00+00:00, run_after=2026-03-12 09:33:00+00:00
[2026-03-12T09:33:19.506+0000] {logging_mixin.py:188} INFO - [2026-03-12T09:33:19.506+0000] {dag.py:3947} INFO - Setting next_dagrun for transfer_from_minio_to_snowflake_customers to 2026-03-12 09:32:00+00:00, run_after=2026-03-12 09:33:00+00:00
[2026-03-12T09:33:19.508+0000] {logging_mixin.py:188} INFO - [2026-03-12T09:33:19.508+0000] {dag.py:3947} INFO - Setting next_dagrun for transfer_from_minio_to_snowflake_transactions to 2026-03-12 09:32:00+00:00, run_after=2026-03-12 09:33:00+00:00
[2026-03-12T09:33:19.517+0000] {processor.py:183} INFO - Processing /opt/airflow/dags/transfer.py took 0.128 seconds
[2026-03-12T09:33:49.795+0000] {processor.py:161} INFO - Started process (PID=648) to work on /opt/airflow/dags/transfer.py
[2026-03-12T09:33:49.797+0000] {processor.py:830} INFO - Processing file /opt/airflow/dags/transfer.py for tasks to queue
[2026-03-12T09:33:49.799+0000] {logging_mixin.py:188} INFO - [2026-03-12T09:33:49.798+0000] {dagbag.py:545} INFO - Filling up the DagBag from /opt/airflow/dags/transfer.py
[2026-03-12T09:33:49.832+0000] {processor.py:840} INFO - DAG(s) 'transfer_from_minio_to_snowflake_accounts', 'transfer_from_minio_to_snowflake_customers', 'transfer_from_minio_to_snowflake_transactions' retrieved from /opt/airflow/dags/transfer.py
[2026-03-12T09:33:49.868+0000] {logging_mixin.py:188} INFO - [2026-03-12T09:33:49.868+0000] {dag.py:3089} INFO - Sync 3 DAGs
[2026-03-12T09:33:49.887+0000] {logging_mixin.py:188} INFO - [2026-03-12T09:33:49.887+0000] {dag.py:3947} INFO - Setting next_dagrun for transfer_from_minio_to_snowflake_accounts to 2026-03-12 09:32:00+00:00, run_after=2026-03-12 09:33:00+00:00
[2026-03-12T09:33:49.890+0000] {logging_mixin.py:188} INFO - [2026-03-12T09:33:49.890+0000] {dag.py:3947} INFO - Setting next_dagrun for transfer_from_minio_to_snowflake_customers to 2026-03-12 09:32:00+00:00, run_after=2026-03-12 09:33:00+00:00
[2026-03-12T09:33:49.891+0000] {logging_mixin.py:188} INFO - [2026-03-12T09:33:49.891+0000] {dag.py:3947} INFO - Setting next_dagrun for transfer_from_minio_to_snowflake_transactions to 2026-03-12 09:32:00+00:00, run_after=2026-03-12 09:33:00+00:00
[2026-03-12T09:33:49.901+0000] {processor.py:183} INFO - Processing /opt/airflow/dags/transfer.py took 0.118 seconds
[2026-03-12T09:34:20.201+0000] {processor.py:161} INFO - Started process (PID=649) to work on /opt/airflow/dags/transfer.py
[2026-03-12T09:34:20.202+0000] {processor.py:830} INFO - Processing file /opt/airflow/dags/transfer.py for tasks to queue
[2026-03-12T09:34:20.206+0000] {logging_mixin.py:188} INFO - [2026-03-12T09:34:20.205+0000] {dagbag.py:545} INFO - Filling up the DagBag from /opt/airflow/dags/transfer.py
[2026-03-12T09:34:20.230+0000] {processor.py:840} INFO - DAG(s) 'transfer_from_minio_to_snowflake_accounts', 'transfer_from_minio_to_snowflake_transactions', 'transfer_from_minio_to_snowflake_customers' retrieved from /opt/airflow/dags/transfer.py
[2026-03-12T09:34:20.272+0000] {logging_mixin.py:188} INFO - [2026-03-12T09:34:20.272+0000] {dag.py:3089} INFO - Sync 3 DAGs
[2026-03-12T09:34:20.290+0000] {logging_mixin.py:188} INFO - [2026-03-12T09:34:20.290+0000] {dag.py:3947} INFO - Setting next_dagrun for transfer_from_minio_to_snowflake_accounts to 2026-03-12 09:33:00+00:00, run_after=2026-03-12 09:34:00+00:00
[2026-03-12T09:34:20.293+0000] {logging_mixin.py:188} INFO - [2026-03-12T09:34:20.293+0000] {dag.py:3947} INFO - Setting next_dagrun for transfer_from_minio_to_snowflake_customers to 2026-03-12 09:33:00+00:00, run_after=2026-03-12 09:34:00+00:00
[2026-03-12T09:34:20.295+0000] {logging_mixin.py:188} INFO - [2026-03-12T09:34:20.295+0000] {dag.py:3947} INFO - Setting next_dagrun for transfer_from_minio_to_snowflake_transactions to 2026-03-12 09:33:00+00:00, run_after=2026-03-12 09:34:00+00:00
[2026-03-12T09:34:20.304+0000] {processor.py:183} INFO - Processing /opt/airflow/dags/transfer.py took 0.115 seconds
