[2026-03-16T00:12:30.961+0000] {processor.py:161} INFO - Started process (PID=4572) to work on /opt/airflow/dags/dbt.py
[2026-03-16T00:12:30.964+0000] {processor.py:830} INFO - Processing file /opt/airflow/dags/dbt.py for tasks to queue
[2026-03-16T00:12:30.972+0000] {logging_mixin.py:188} INFO - [2026-03-16T00:12:30.971+0000] {dagbag.py:545} INFO - Filling up the DagBag from /opt/airflow/dags/dbt.py
[2026-03-16T00:12:30.990+0000] {logging_mixin.py:188} INFO - [2026-03-16T00:12:30.985+0000] {dagbag.py:355} ERROR - Failed to import: /opt/airflow/dags/dbt.py
Traceback (most recent call last):
  File "/home/airflow/.local/lib/python3.12/site-packages/airflow/models/dagbag.py", line 351, in parse
    loader.exec_module(new_module)
  File "<frozen importlib._bootstrap_external>", line 995, in exec_module
  File "<frozen importlib._bootstrap>", line 488, in _call_with_frames_removed
  File "/opt/airflow/dags/dbt.py", line 2, in <module>
    from airflow.providers.standard.operators.bash import BashOperator
ModuleNotFoundError: No module named 'airflow.providers.standard'
[2026-03-16T00:12:30.991+0000] {processor.py:842} WARNING - No viable dags retrieved from /opt/airflow/dags/dbt.py
[2026-03-16T00:12:31.025+0000] {processor.py:183} INFO - Processing /opt/airflow/dags/dbt.py took 0.086 seconds
[2026-03-16T00:13:01.440+0000] {processor.py:161} INFO - Started process (PID=4574) to work on /opt/airflow/dags/dbt.py
[2026-03-16T00:13:01.442+0000] {processor.py:830} INFO - Processing file /opt/airflow/dags/dbt.py for tasks to queue
[2026-03-16T00:13:01.454+0000] {logging_mixin.py:188} INFO - [2026-03-16T00:13:01.453+0000] {dagbag.py:545} INFO - Filling up the DagBag from /opt/airflow/dags/dbt.py
[2026-03-16T00:13:01.463+0000] {logging_mixin.py:188} INFO - [2026-03-16T00:13:01.462+0000] {dagbag.py:355} ERROR - Failed to import: /opt/airflow/dags/dbt.py
Traceback (most recent call last):
  File "/home/airflow/.local/lib/python3.12/site-packages/airflow/models/dagbag.py", line 351, in parse
    loader.exec_module(new_module)
  File "<frozen importlib._bootstrap_external>", line 995, in exec_module
  File "<frozen importlib._bootstrap>", line 488, in _call_with_frames_removed
  File "/opt/airflow/dags/dbt.py", line 2, in <module>
    from airflow.providers.standard.operators.bash import BashOperator
ModuleNotFoundError: No module named 'airflow.providers.standard'
[2026-03-16T00:13:01.463+0000] {processor.py:842} WARNING - No viable dags retrieved from /opt/airflow/dags/dbt.py
[2026-03-16T00:13:01.500+0000] {processor.py:183} INFO - Processing /opt/airflow/dags/dbt.py took 0.076 seconds
[2026-03-16T00:13:31.921+0000] {processor.py:161} INFO - Started process (PID=4576) to work on /opt/airflow/dags/dbt.py
[2026-03-16T00:13:31.923+0000] {processor.py:830} INFO - Processing file /opt/airflow/dags/dbt.py for tasks to queue
[2026-03-16T00:13:31.930+0000] {logging_mixin.py:188} INFO - [2026-03-16T00:13:31.929+0000] {dagbag.py:545} INFO - Filling up the DagBag from /opt/airflow/dags/dbt.py
[2026-03-16T00:13:31.941+0000] {logging_mixin.py:188} INFO - [2026-03-16T00:13:31.939+0000] {dagbag.py:355} ERROR - Failed to import: /opt/airflow/dags/dbt.py
Traceback (most recent call last):
  File "/home/airflow/.local/lib/python3.12/site-packages/airflow/models/dagbag.py", line 351, in parse
    loader.exec_module(new_module)
  File "<frozen importlib._bootstrap_external>", line 995, in exec_module
  File "<frozen importlib._bootstrap>", line 488, in _call_with_frames_removed
  File "/opt/airflow/dags/dbt.py", line 2, in <module>
    from airflow.providers.standard.operators.bash import BashOperator
ModuleNotFoundError: No module named 'airflow.providers.standard'
[2026-03-16T00:13:31.942+0000] {processor.py:842} WARNING - No viable dags retrieved from /opt/airflow/dags/dbt.py
[2026-03-16T00:13:31.973+0000] {processor.py:183} INFO - Processing /opt/airflow/dags/dbt.py took 0.067 seconds
[2026-03-16T00:14:02.403+0000] {processor.py:161} INFO - Started process (PID=4578) to work on /opt/airflow/dags/dbt.py
[2026-03-16T00:14:02.405+0000] {processor.py:830} INFO - Processing file /opt/airflow/dags/dbt.py for tasks to queue
[2026-03-16T00:14:02.411+0000] {logging_mixin.py:188} INFO - [2026-03-16T00:14:02.410+0000] {dagbag.py:545} INFO - Filling up the DagBag from /opt/airflow/dags/dbt.py
[2026-03-16T00:14:02.420+0000] {logging_mixin.py:188} INFO - [2026-03-16T00:14:02.416+0000] {dagbag.py:355} ERROR - Failed to import: /opt/airflow/dags/dbt.py
Traceback (most recent call last):
  File "/home/airflow/.local/lib/python3.12/site-packages/airflow/models/dagbag.py", line 351, in parse
    loader.exec_module(new_module)
  File "<frozen importlib._bootstrap_external>", line 995, in exec_module
  File "<frozen importlib._bootstrap>", line 488, in _call_with_frames_removed
  File "/opt/airflow/dags/dbt.py", line 2, in <module>
    from airflow.providers.standard.operators.bash import BashOperator
ModuleNotFoundError: No module named 'airflow.providers.standard'
[2026-03-16T00:14:02.421+0000] {processor.py:842} WARNING - No viable dags retrieved from /opt/airflow/dags/dbt.py
[2026-03-16T00:14:02.455+0000] {processor.py:183} INFO - Processing /opt/airflow/dags/dbt.py took 0.071 seconds
[2026-03-16T00:14:32.873+0000] {processor.py:161} INFO - Started process (PID=4580) to work on /opt/airflow/dags/dbt.py
[2026-03-16T00:14:32.874+0000] {processor.py:830} INFO - Processing file /opt/airflow/dags/dbt.py for tasks to queue
[2026-03-16T00:14:32.878+0000] {logging_mixin.py:188} INFO - [2026-03-16T00:14:32.878+0000] {dagbag.py:545} INFO - Filling up the DagBag from /opt/airflow/dags/dbt.py
[2026-03-16T00:14:32.887+0000] {logging_mixin.py:188} INFO - [2026-03-16T00:14:32.885+0000] {dagbag.py:355} ERROR - Failed to import: /opt/airflow/dags/dbt.py
Traceback (most recent call last):
  File "/home/airflow/.local/lib/python3.12/site-packages/airflow/models/dagbag.py", line 351, in parse
    loader.exec_module(new_module)
  File "<frozen importlib._bootstrap_external>", line 995, in exec_module
  File "<frozen importlib._bootstrap>", line 488, in _call_with_frames_removed
  File "/opt/airflow/dags/dbt.py", line 2, in <module>
    from airflow.providers.standard.operators.bash import BashOperator
ModuleNotFoundError: No module named 'airflow.providers.standard'
[2026-03-16T00:14:32.887+0000] {processor.py:842} WARNING - No viable dags retrieved from /opt/airflow/dags/dbt.py
[2026-03-16T00:14:32.922+0000] {processor.py:183} INFO - Processing /opt/airflow/dags/dbt.py took 0.069 seconds
[2026-03-16T00:15:03.278+0000] {processor.py:161} INFO - Started process (PID=4582) to work on /opt/airflow/dags/dbt.py
[2026-03-16T00:15:03.283+0000] {processor.py:830} INFO - Processing file /opt/airflow/dags/dbt.py for tasks to queue
[2026-03-16T00:15:03.288+0000] {logging_mixin.py:188} INFO - [2026-03-16T00:15:03.287+0000] {dagbag.py:545} INFO - Filling up the DagBag from /opt/airflow/dags/dbt.py
[2026-03-16T00:15:03.295+0000] {logging_mixin.py:188} INFO - [2026-03-16T00:15:03.293+0000] {dagbag.py:355} ERROR - Failed to import: /opt/airflow/dags/dbt.py
Traceback (most recent call last):
  File "/home/airflow/.local/lib/python3.12/site-packages/airflow/models/dagbag.py", line 351, in parse
    loader.exec_module(new_module)
  File "<frozen importlib._bootstrap_external>", line 995, in exec_module
  File "<frozen importlib._bootstrap>", line 488, in _call_with_frames_removed
  File "/opt/airflow/dags/dbt.py", line 2, in <module>
    from airflow.providers.standard.operators.bash import BashOperator
ModuleNotFoundError: No module named 'airflow.providers.standard'
[2026-03-16T00:15:03.297+0000] {processor.py:842} WARNING - No viable dags retrieved from /opt/airflow/dags/dbt.py
[2026-03-16T00:15:03.348+0000] {processor.py:183} INFO - Processing /opt/airflow/dags/dbt.py took 0.092 seconds
[2026-03-16T00:15:33.741+0000] {processor.py:161} INFO - Started process (PID=4584) to work on /opt/airflow/dags/dbt.py
[2026-03-16T00:15:33.744+0000] {processor.py:830} INFO - Processing file /opt/airflow/dags/dbt.py for tasks to queue
[2026-03-16T00:15:33.755+0000] {logging_mixin.py:188} INFO - [2026-03-16T00:15:33.754+0000] {dagbag.py:545} INFO - Filling up the DagBag from /opt/airflow/dags/dbt.py
[2026-03-16T00:15:33.762+0000] {logging_mixin.py:188} INFO - [2026-03-16T00:15:33.761+0000] {dagbag.py:355} ERROR - Failed to import: /opt/airflow/dags/dbt.py
Traceback (most recent call last):
  File "/home/airflow/.local/lib/python3.12/site-packages/airflow/models/dagbag.py", line 351, in parse
    loader.exec_module(new_module)
  File "<frozen importlib._bootstrap_external>", line 995, in exec_module
  File "<frozen importlib._bootstrap>", line 488, in _call_with_frames_removed
  File "/opt/airflow/dags/dbt.py", line 2, in <module>
    from airflow.providers.standard.operators.bash import BashOperator
ModuleNotFoundError: No module named 'airflow.providers.standard'
[2026-03-16T00:15:33.763+0000] {processor.py:842} WARNING - No viable dags retrieved from /opt/airflow/dags/dbt.py
[2026-03-16T00:15:33.786+0000] {processor.py:183} INFO - Processing /opt/airflow/dags/dbt.py took 0.067 seconds
[2026-03-16T00:16:04.166+0000] {processor.py:161} INFO - Started process (PID=4586) to work on /opt/airflow/dags/dbt.py
[2026-03-16T00:16:04.167+0000] {processor.py:830} INFO - Processing file /opt/airflow/dags/dbt.py for tasks to queue
[2026-03-16T00:16:04.175+0000] {logging_mixin.py:188} INFO - [2026-03-16T00:16:04.174+0000] {dagbag.py:545} INFO - Filling up the DagBag from /opt/airflow/dags/dbt.py
[2026-03-16T00:16:04.188+0000] {logging_mixin.py:188} INFO - [2026-03-16T00:16:04.183+0000] {dagbag.py:355} ERROR - Failed to import: /opt/airflow/dags/dbt.py
Traceback (most recent call last):
  File "/home/airflow/.local/lib/python3.12/site-packages/airflow/models/dagbag.py", line 351, in parse
    loader.exec_module(new_module)
  File "<frozen importlib._bootstrap_external>", line 995, in exec_module
  File "<frozen importlib._bootstrap>", line 488, in _call_with_frames_removed
  File "/opt/airflow/dags/dbt.py", line 2, in <module>
    from airflow.providers.standard.operators.bash import BashOperator
ModuleNotFoundError: No module named 'airflow.providers.standard'
[2026-03-16T00:16:04.188+0000] {processor.py:842} WARNING - No viable dags retrieved from /opt/airflow/dags/dbt.py
[2026-03-16T00:16:04.233+0000] {processor.py:183} INFO - Processing /opt/airflow/dags/dbt.py took 0.086 seconds
[2026-03-16T00:16:34.648+0000] {processor.py:161} INFO - Started process (PID=4588) to work on /opt/airflow/dags/dbt.py
[2026-03-16T00:16:34.649+0000] {processor.py:830} INFO - Processing file /opt/airflow/dags/dbt.py for tasks to queue
[2026-03-16T00:16:34.660+0000] {logging_mixin.py:188} INFO - [2026-03-16T00:16:34.659+0000] {dagbag.py:545} INFO - Filling up the DagBag from /opt/airflow/dags/dbt.py
[2026-03-16T00:16:34.671+0000] {logging_mixin.py:188} INFO - [2026-03-16T00:16:34.669+0000] {dagbag.py:355} ERROR - Failed to import: /opt/airflow/dags/dbt.py
Traceback (most recent call last):
  File "/home/airflow/.local/lib/python3.12/site-packages/airflow/models/dagbag.py", line 351, in parse
    loader.exec_module(new_module)
  File "<frozen importlib._bootstrap_external>", line 995, in exec_module
  File "<frozen importlib._bootstrap>", line 488, in _call_with_frames_removed
  File "/opt/airflow/dags/dbt.py", line 2, in <module>
    from airflow.providers.standard.operators.bash import BashOperator
ModuleNotFoundError: No module named 'airflow.providers.standard'
[2026-03-16T00:16:34.671+0000] {processor.py:842} WARNING - No viable dags retrieved from /opt/airflow/dags/dbt.py
[2026-03-16T00:16:34.701+0000] {processor.py:183} INFO - Processing /opt/airflow/dags/dbt.py took 0.084 seconds
[2026-03-16T00:17:05.125+0000] {processor.py:161} INFO - Started process (PID=4590) to work on /opt/airflow/dags/dbt.py
[2026-03-16T00:17:05.126+0000] {processor.py:830} INFO - Processing file /opt/airflow/dags/dbt.py for tasks to queue
[2026-03-16T00:17:05.131+0000] {logging_mixin.py:188} INFO - [2026-03-16T00:17:05.131+0000] {dagbag.py:545} INFO - Filling up the DagBag from /opt/airflow/dags/dbt.py
[2026-03-16T00:17:05.144+0000] {logging_mixin.py:188} INFO - [2026-03-16T00:17:05.140+0000] {dagbag.py:355} ERROR - Failed to import: /opt/airflow/dags/dbt.py
Traceback (most recent call last):
  File "/home/airflow/.local/lib/python3.12/site-packages/airflow/models/dagbag.py", line 351, in parse
    loader.exec_module(new_module)
  File "<frozen importlib._bootstrap_external>", line 995, in exec_module
  File "<frozen importlib._bootstrap>", line 488, in _call_with_frames_removed
  File "/opt/airflow/dags/dbt.py", line 2, in <module>
    from airflow.providers.standard.operators.bash import BashOperator
ModuleNotFoundError: No module named 'airflow.providers.standard'
[2026-03-16T00:17:05.148+0000] {processor.py:842} WARNING - No viable dags retrieved from /opt/airflow/dags/dbt.py
[2026-03-16T00:17:05.179+0000] {processor.py:183} INFO - Processing /opt/airflow/dags/dbt.py took 0.076 seconds
[2026-03-16T00:17:35.561+0000] {processor.py:161} INFO - Started process (PID=4592) to work on /opt/airflow/dags/dbt.py
[2026-03-16T00:17:35.562+0000] {processor.py:830} INFO - Processing file /opt/airflow/dags/dbt.py for tasks to queue
[2026-03-16T00:17:35.573+0000] {logging_mixin.py:188} INFO - [2026-03-16T00:17:35.570+0000] {dagbag.py:545} INFO - Filling up the DagBag from /opt/airflow/dags/dbt.py
[2026-03-16T00:17:35.582+0000] {logging_mixin.py:188} INFO - [2026-03-16T00:17:35.578+0000] {dagbag.py:355} ERROR - Failed to import: /opt/airflow/dags/dbt.py
Traceback (most recent call last):
  File "/home/airflow/.local/lib/python3.12/site-packages/airflow/models/dagbag.py", line 351, in parse
    loader.exec_module(new_module)
  File "<frozen importlib._bootstrap_external>", line 995, in exec_module
  File "<frozen importlib._bootstrap>", line 488, in _call_with_frames_removed
  File "/opt/airflow/dags/dbt.py", line 2, in <module>
    from airflow.providers.standard.operators.bash import BashOperator
ModuleNotFoundError: No module named 'airflow.providers.standard'
[2026-03-16T00:17:35.583+0000] {processor.py:842} WARNING - No viable dags retrieved from /opt/airflow/dags/dbt.py
[2026-03-16T00:17:35.622+0000] {processor.py:183} INFO - Processing /opt/airflow/dags/dbt.py took 0.084 seconds
[2026-03-16T00:18:06.020+0000] {processor.py:161} INFO - Started process (PID=4594) to work on /opt/airflow/dags/dbt.py
[2026-03-16T00:18:06.022+0000] {processor.py:830} INFO - Processing file /opt/airflow/dags/dbt.py for tasks to queue
[2026-03-16T00:18:06.025+0000] {logging_mixin.py:188} INFO - [2026-03-16T00:18:06.025+0000] {dagbag.py:545} INFO - Filling up the DagBag from /opt/airflow/dags/dbt.py
[2026-03-16T00:18:06.037+0000] {logging_mixin.py:188} INFO - [2026-03-16T00:18:06.032+0000] {dagbag.py:355} ERROR - Failed to import: /opt/airflow/dags/dbt.py
Traceback (most recent call last):
  File "/home/airflow/.local/lib/python3.12/site-packages/airflow/models/dagbag.py", line 351, in parse
    loader.exec_module(new_module)
  File "<frozen importlib._bootstrap_external>", line 995, in exec_module
  File "<frozen importlib._bootstrap>", line 488, in _call_with_frames_removed
  File "/opt/airflow/dags/dbt.py", line 2, in <module>
    from airflow.providers.standard.operators.bash import BashOperator
ModuleNotFoundError: No module named 'airflow.providers.standard'
[2026-03-16T00:18:06.038+0000] {processor.py:842} WARNING - No viable dags retrieved from /opt/airflow/dags/dbt.py
[2026-03-16T00:18:06.071+0000] {processor.py:183} INFO - Processing /opt/airflow/dags/dbt.py took 0.067 seconds
[2026-03-16T00:18:36.518+0000] {processor.py:161} INFO - Started process (PID=4596) to work on /opt/airflow/dags/dbt.py
[2026-03-16T00:18:36.520+0000] {processor.py:830} INFO - Processing file /opt/airflow/dags/dbt.py for tasks to queue
[2026-03-16T00:18:36.527+0000] {logging_mixin.py:188} INFO - [2026-03-16T00:18:36.526+0000] {dagbag.py:545} INFO - Filling up the DagBag from /opt/airflow/dags/dbt.py
[2026-03-16T00:18:36.537+0000] {logging_mixin.py:188} INFO - [2026-03-16T00:18:36.533+0000] {dagbag.py:355} ERROR - Failed to import: /opt/airflow/dags/dbt.py
Traceback (most recent call last):
  File "/home/airflow/.local/lib/python3.12/site-packages/airflow/models/dagbag.py", line 351, in parse
    loader.exec_module(new_module)
  File "<frozen importlib._bootstrap_external>", line 995, in exec_module
  File "<frozen importlib._bootstrap>", line 488, in _call_with_frames_removed
  File "/opt/airflow/dags/dbt.py", line 2, in <module>
    from airflow.providers.standard.operators.bash import BashOperator
ModuleNotFoundError: No module named 'airflow.providers.standard'
[2026-03-16T00:18:36.538+0000] {processor.py:842} WARNING - No viable dags retrieved from /opt/airflow/dags/dbt.py
[2026-03-16T00:18:36.575+0000] {processor.py:183} INFO - Processing /opt/airflow/dags/dbt.py took 0.089 seconds
[2026-03-16T00:19:07.027+0000] {processor.py:161} INFO - Started process (PID=4598) to work on /opt/airflow/dags/dbt.py
[2026-03-16T00:19:07.029+0000] {processor.py:830} INFO - Processing file /opt/airflow/dags/dbt.py for tasks to queue
[2026-03-16T00:19:07.039+0000] {logging_mixin.py:188} INFO - [2026-03-16T00:19:07.038+0000] {dagbag.py:545} INFO - Filling up the DagBag from /opt/airflow/dags/dbt.py
[2026-03-16T00:19:07.047+0000] {logging_mixin.py:188} INFO - [2026-03-16T00:19:07.045+0000] {dagbag.py:355} ERROR - Failed to import: /opt/airflow/dags/dbt.py
Traceback (most recent call last):
  File "/home/airflow/.local/lib/python3.12/site-packages/airflow/models/dagbag.py", line 351, in parse
    loader.exec_module(new_module)
  File "<frozen importlib._bootstrap_external>", line 995, in exec_module
  File "<frozen importlib._bootstrap>", line 488, in _call_with_frames_removed
  File "/opt/airflow/dags/dbt.py", line 2, in <module>
    from airflow.providers.standard.operators.bash import BashOperator
ModuleNotFoundError: No module named 'airflow.providers.standard'
[2026-03-16T00:19:07.047+0000] {processor.py:842} WARNING - No viable dags retrieved from /opt/airflow/dags/dbt.py
[2026-03-16T00:19:07.080+0000] {processor.py:183} INFO - Processing /opt/airflow/dags/dbt.py took 0.083 seconds
[2026-03-16T00:19:37.549+0000] {processor.py:161} INFO - Started process (PID=4600) to work on /opt/airflow/dags/dbt.py
[2026-03-16T00:19:37.553+0000] {processor.py:830} INFO - Processing file /opt/airflow/dags/dbt.py for tasks to queue
[2026-03-16T00:19:37.559+0000] {logging_mixin.py:188} INFO - [2026-03-16T00:19:37.558+0000] {dagbag.py:545} INFO - Filling up the DagBag from /opt/airflow/dags/dbt.py
[2026-03-16T00:19:37.578+0000] {logging_mixin.py:188} INFO - [2026-03-16T00:19:37.573+0000] {dagbag.py:355} ERROR - Failed to import: /opt/airflow/dags/dbt.py
Traceback (most recent call last):
  File "/home/airflow/.local/lib/python3.12/site-packages/airflow/models/dagbag.py", line 351, in parse
    loader.exec_module(new_module)
  File "<frozen importlib._bootstrap_external>", line 995, in exec_module
  File "<frozen importlib._bootstrap>", line 488, in _call_with_frames_removed
  File "/opt/airflow/dags/dbt.py", line 2, in <module>
    from airflow.providers.standard.operators.bash import BashOperator
ModuleNotFoundError: No module named 'airflow.providers.standard'
[2026-03-16T00:19:37.579+0000] {processor.py:842} WARNING - No viable dags retrieved from /opt/airflow/dags/dbt.py
[2026-03-16T00:19:37.608+0000] {processor.py:183} INFO - Processing /opt/airflow/dags/dbt.py took 0.085 seconds
[2026-03-16T00:20:08.029+0000] {processor.py:161} INFO - Started process (PID=4602) to work on /opt/airflow/dags/dbt.py
[2026-03-16T00:20:08.031+0000] {processor.py:830} INFO - Processing file /opt/airflow/dags/dbt.py for tasks to queue
[2026-03-16T00:20:08.039+0000] {logging_mixin.py:188} INFO - [2026-03-16T00:20:08.039+0000] {dagbag.py:545} INFO - Filling up the DagBag from /opt/airflow/dags/dbt.py
[2026-03-16T00:20:08.046+0000] {logging_mixin.py:188} INFO - [2026-03-16T00:20:08.044+0000] {dagbag.py:355} ERROR - Failed to import: /opt/airflow/dags/dbt.py
Traceback (most recent call last):
  File "/home/airflow/.local/lib/python3.12/site-packages/airflow/models/dagbag.py", line 351, in parse
    loader.exec_module(new_module)
  File "<frozen importlib._bootstrap_external>", line 995, in exec_module
  File "<frozen importlib._bootstrap>", line 488, in _call_with_frames_removed
  File "/opt/airflow/dags/dbt.py", line 2, in <module>
    from airflow.providers.standard.operators.bash import BashOperator
ModuleNotFoundError: No module named 'airflow.providers.standard'
[2026-03-16T00:20:08.048+0000] {processor.py:842} WARNING - No viable dags retrieved from /opt/airflow/dags/dbt.py
[2026-03-16T00:20:08.079+0000] {processor.py:183} INFO - Processing /opt/airflow/dags/dbt.py took 0.069 seconds
[2026-03-16T00:20:38.455+0000] {processor.py:161} INFO - Started process (PID=4604) to work on /opt/airflow/dags/dbt.py
[2026-03-16T00:20:38.458+0000] {processor.py:830} INFO - Processing file /opt/airflow/dags/dbt.py for tasks to queue
[2026-03-16T00:20:38.462+0000] {logging_mixin.py:188} INFO - [2026-03-16T00:20:38.461+0000] {dagbag.py:545} INFO - Filling up the DagBag from /opt/airflow/dags/dbt.py
[2026-03-16T00:20:38.475+0000] {logging_mixin.py:188} INFO - [2026-03-16T00:20:38.473+0000] {dagbag.py:355} ERROR - Failed to import: /opt/airflow/dags/dbt.py
Traceback (most recent call last):
  File "/home/airflow/.local/lib/python3.12/site-packages/airflow/models/dagbag.py", line 351, in parse
    loader.exec_module(new_module)
  File "<frozen importlib._bootstrap_external>", line 995, in exec_module
  File "<frozen importlib._bootstrap>", line 488, in _call_with_frames_removed
  File "/opt/airflow/dags/dbt.py", line 2, in <module>
    from airflow.providers.standard.operators.bash import BashOperator
ModuleNotFoundError: No module named 'airflow.providers.standard'
[2026-03-16T00:20:38.476+0000] {processor.py:842} WARNING - No viable dags retrieved from /opt/airflow/dags/dbt.py
[2026-03-16T00:20:38.506+0000] {processor.py:183} INFO - Processing /opt/airflow/dags/dbt.py took 0.078 seconds
[2026-03-16T00:21:08.865+0000] {processor.py:161} INFO - Started process (PID=4606) to work on /opt/airflow/dags/dbt.py
[2026-03-16T00:21:08.867+0000] {processor.py:830} INFO - Processing file /opt/airflow/dags/dbt.py for tasks to queue
[2026-03-16T00:21:08.868+0000] {logging_mixin.py:188} INFO - [2026-03-16T00:21:08.868+0000] {dagbag.py:545} INFO - Filling up the DagBag from /opt/airflow/dags/dbt.py
[2026-03-16T00:21:08.873+0000] {logging_mixin.py:188} INFO - [2026-03-16T00:21:08.871+0000] {dagbag.py:355} ERROR - Failed to import: /opt/airflow/dags/dbt.py
Traceback (most recent call last):
  File "/home/airflow/.local/lib/python3.12/site-packages/airflow/models/dagbag.py", line 351, in parse
    loader.exec_module(new_module)
  File "<frozen importlib._bootstrap_external>", line 995, in exec_module
  File "<frozen importlib._bootstrap>", line 488, in _call_with_frames_removed
  File "/opt/airflow/dags/dbt.py", line 2, in <module>
    from airflow.providers.standard.operators.bash import BashOperator
ModuleNotFoundError: No module named 'airflow.providers.standard'
[2026-03-16T00:21:08.873+0000] {processor.py:842} WARNING - No viable dags retrieved from /opt/airflow/dags/dbt.py
[2026-03-16T00:21:08.898+0000] {processor.py:183} INFO - Processing /opt/airflow/dags/dbt.py took 0.044 seconds
[2026-03-16T00:21:39.219+0000] {processor.py:161} INFO - Started process (PID=4608) to work on /opt/airflow/dags/dbt.py
[2026-03-16T00:21:39.221+0000] {processor.py:830} INFO - Processing file /opt/airflow/dags/dbt.py for tasks to queue
[2026-03-16T00:21:39.227+0000] {logging_mixin.py:188} INFO - [2026-03-16T00:21:39.227+0000] {dagbag.py:545} INFO - Filling up the DagBag from /opt/airflow/dags/dbt.py
[2026-03-16T00:21:39.241+0000] {logging_mixin.py:188} INFO - [2026-03-16T00:21:39.238+0000] {dagbag.py:355} ERROR - Failed to import: /opt/airflow/dags/dbt.py
Traceback (most recent call last):
  File "/home/airflow/.local/lib/python3.12/site-packages/airflow/models/dagbag.py", line 351, in parse
    loader.exec_module(new_module)
  File "<frozen importlib._bootstrap_external>", line 995, in exec_module
  File "<frozen importlib._bootstrap>", line 488, in _call_with_frames_removed
  File "/opt/airflow/dags/dbt.py", line 2, in <module>
    from airflow.providers.standard.operators.bash import BashOperator
ModuleNotFoundError: No module named 'airflow.providers.standard'
[2026-03-16T00:21:39.242+0000] {processor.py:842} WARNING - No viable dags retrieved from /opt/airflow/dags/dbt.py
[2026-03-16T00:21:39.274+0000] {processor.py:183} INFO - Processing /opt/airflow/dags/dbt.py took 0.080 seconds
[2026-03-16T00:22:09.654+0000] {processor.py:161} INFO - Started process (PID=4610) to work on /opt/airflow/dags/dbt.py
[2026-03-16T00:22:09.655+0000] {processor.py:830} INFO - Processing file /opt/airflow/dags/dbt.py for tasks to queue
[2026-03-16T00:22:09.682+0000] {logging_mixin.py:188} INFO - [2026-03-16T00:22:09.681+0000] {dagbag.py:545} INFO - Filling up the DagBag from /opt/airflow/dags/dbt.py
[2026-03-16T00:22:09.694+0000] {logging_mixin.py:188} INFO - [2026-03-16T00:22:09.690+0000] {dagbag.py:355} ERROR - Failed to import: /opt/airflow/dags/dbt.py
Traceback (most recent call last):
  File "/home/airflow/.local/lib/python3.12/site-packages/airflow/models/dagbag.py", line 351, in parse
    loader.exec_module(new_module)
  File "<frozen importlib._bootstrap_external>", line 995, in exec_module
  File "<frozen importlib._bootstrap>", line 488, in _call_with_frames_removed
  File "/opt/airflow/dags/dbt.py", line 2, in <module>
    from airflow.providers.standard.operators.bash import BashOperator
ModuleNotFoundError: No module named 'airflow.providers.standard'
[2026-03-16T00:22:09.695+0000] {processor.py:842} WARNING - No viable dags retrieved from /opt/airflow/dags/dbt.py
[2026-03-16T00:22:09.738+0000] {processor.py:183} INFO - Processing /opt/airflow/dags/dbt.py took 0.109 seconds
[2026-03-16T00:22:40.153+0000] {processor.py:161} INFO - Started process (PID=4612) to work on /opt/airflow/dags/dbt.py
[2026-03-16T00:22:40.155+0000] {processor.py:830} INFO - Processing file /opt/airflow/dags/dbt.py for tasks to queue
[2026-03-16T00:22:40.161+0000] {logging_mixin.py:188} INFO - [2026-03-16T00:22:40.160+0000] {dagbag.py:545} INFO - Filling up the DagBag from /opt/airflow/dags/dbt.py
[2026-03-16T00:22:40.170+0000] {logging_mixin.py:188} INFO - [2026-03-16T00:22:40.166+0000] {dagbag.py:355} ERROR - Failed to import: /opt/airflow/dags/dbt.py
Traceback (most recent call last):
  File "/home/airflow/.local/lib/python3.12/site-packages/airflow/models/dagbag.py", line 351, in parse
    loader.exec_module(new_module)
  File "<frozen importlib._bootstrap_external>", line 995, in exec_module
  File "<frozen importlib._bootstrap>", line 488, in _call_with_frames_removed
  File "/opt/airflow/dags/dbt.py", line 2, in <module>
    from airflow.providers.standard.operators.bash import BashOperator
ModuleNotFoundError: No module named 'airflow.providers.standard'
[2026-03-16T00:22:40.173+0000] {processor.py:842} WARNING - No viable dags retrieved from /opt/airflow/dags/dbt.py
[2026-03-16T00:22:40.204+0000] {processor.py:183} INFO - Processing /opt/airflow/dags/dbt.py took 0.081 seconds
[2026-03-16T00:23:10.585+0000] {processor.py:161} INFO - Started process (PID=4614) to work on /opt/airflow/dags/dbt.py
[2026-03-16T00:23:10.589+0000] {processor.py:830} INFO - Processing file /opt/airflow/dags/dbt.py for tasks to queue
[2026-03-16T00:23:10.593+0000] {logging_mixin.py:188} INFO - [2026-03-16T00:23:10.592+0000] {dagbag.py:545} INFO - Filling up the DagBag from /opt/airflow/dags/dbt.py
[2026-03-16T00:23:10.606+0000] {logging_mixin.py:188} INFO - [2026-03-16T00:23:10.602+0000] {dagbag.py:355} ERROR - Failed to import: /opt/airflow/dags/dbt.py
Traceback (most recent call last):
  File "/home/airflow/.local/lib/python3.12/site-packages/airflow/models/dagbag.py", line 351, in parse
    loader.exec_module(new_module)
  File "<frozen importlib._bootstrap_external>", line 995, in exec_module
  File "<frozen importlib._bootstrap>", line 488, in _call_with_frames_removed
  File "/opt/airflow/dags/dbt.py", line 2, in <module>
    from airflow.providers.standard.operators.bash import BashOperator
ModuleNotFoundError: No module named 'airflow.providers.standard'
[2026-03-16T00:23:10.608+0000] {processor.py:842} WARNING - No viable dags retrieved from /opt/airflow/dags/dbt.py
[2026-03-16T00:23:10.642+0000] {processor.py:183} INFO - Processing /opt/airflow/dags/dbt.py took 0.084 seconds
[2026-03-16T00:23:41.072+0000] {processor.py:161} INFO - Started process (PID=4616) to work on /opt/airflow/dags/dbt.py
[2026-03-16T00:23:41.073+0000] {processor.py:830} INFO - Processing file /opt/airflow/dags/dbt.py for tasks to queue
[2026-03-16T00:23:41.081+0000] {logging_mixin.py:188} INFO - [2026-03-16T00:23:41.080+0000] {dagbag.py:545} INFO - Filling up the DagBag from /opt/airflow/dags/dbt.py
[2026-03-16T00:23:41.088+0000] {logging_mixin.py:188} INFO - [2026-03-16T00:23:41.086+0000] {dagbag.py:355} ERROR - Failed to import: /opt/airflow/dags/dbt.py
Traceback (most recent call last):
  File "/home/airflow/.local/lib/python3.12/site-packages/airflow/models/dagbag.py", line 351, in parse
    loader.exec_module(new_module)
  File "<frozen importlib._bootstrap_external>", line 995, in exec_module
  File "<frozen importlib._bootstrap>", line 488, in _call_with_frames_removed
  File "/opt/airflow/dags/dbt.py", line 2, in <module>
    from airflow.providers.standard.operators.bash import BashOperator
ModuleNotFoundError: No module named 'airflow.providers.standard'
[2026-03-16T00:23:41.090+0000] {processor.py:842} WARNING - No viable dags retrieved from /opt/airflow/dags/dbt.py
[2026-03-16T00:23:41.122+0000] {processor.py:183} INFO - Processing /opt/airflow/dags/dbt.py took 0.076 seconds
[2026-03-16T00:24:11.476+0000] {processor.py:161} INFO - Started process (PID=4618) to work on /opt/airflow/dags/dbt.py
[2026-03-16T00:24:11.478+0000] {processor.py:830} INFO - Processing file /opt/airflow/dags/dbt.py for tasks to queue
[2026-03-16T00:24:11.482+0000] {logging_mixin.py:188} INFO - [2026-03-16T00:24:11.481+0000] {dagbag.py:545} INFO - Filling up the DagBag from /opt/airflow/dags/dbt.py
[2026-03-16T00:24:11.492+0000] {logging_mixin.py:188} INFO - [2026-03-16T00:24:11.490+0000] {dagbag.py:355} ERROR - Failed to import: /opt/airflow/dags/dbt.py
Traceback (most recent call last):
  File "/home/airflow/.local/lib/python3.12/site-packages/airflow/models/dagbag.py", line 351, in parse
    loader.exec_module(new_module)
  File "<frozen importlib._bootstrap_external>", line 995, in exec_module
  File "<frozen importlib._bootstrap>", line 488, in _call_with_frames_removed
  File "/opt/airflow/dags/dbt.py", line 2, in <module>
    from airflow.providers.standard.operators.bash import BashOperator
ModuleNotFoundError: No module named 'airflow.providers.standard'
[2026-03-16T00:24:11.494+0000] {processor.py:842} WARNING - No viable dags retrieved from /opt/airflow/dags/dbt.py
[2026-03-16T00:24:11.526+0000] {processor.py:183} INFO - Processing /opt/airflow/dags/dbt.py took 0.065 seconds
[2026-03-16T00:24:41.923+0000] {processor.py:161} INFO - Started process (PID=4620) to work on /opt/airflow/dags/dbt.py
[2026-03-16T00:24:41.925+0000] {processor.py:830} INFO - Processing file /opt/airflow/dags/dbt.py for tasks to queue
[2026-03-16T00:24:41.933+0000] {logging_mixin.py:188} INFO - [2026-03-16T00:24:41.931+0000] {dagbag.py:545} INFO - Filling up the DagBag from /opt/airflow/dags/dbt.py
[2026-03-16T00:24:41.941+0000] {logging_mixin.py:188} INFO - [2026-03-16T00:24:41.939+0000] {dagbag.py:355} ERROR - Failed to import: /opt/airflow/dags/dbt.py
Traceback (most recent call last):
  File "/home/airflow/.local/lib/python3.12/site-packages/airflow/models/dagbag.py", line 351, in parse
    loader.exec_module(new_module)
  File "<frozen importlib._bootstrap_external>", line 995, in exec_module
  File "<frozen importlib._bootstrap>", line 488, in _call_with_frames_removed
  File "/opt/airflow/dags/dbt.py", line 2, in <module>
    from airflow.providers.standard.operators.bash import BashOperator
ModuleNotFoundError: No module named 'airflow.providers.standard'
[2026-03-16T00:24:41.942+0000] {processor.py:842} WARNING - No viable dags retrieved from /opt/airflow/dags/dbt.py
[2026-03-16T00:24:41.969+0000] {processor.py:183} INFO - Processing /opt/airflow/dags/dbt.py took 0.065 seconds
[2026-03-16T00:25:12.336+0000] {processor.py:161} INFO - Started process (PID=4622) to work on /opt/airflow/dags/dbt.py
[2026-03-16T00:25:12.337+0000] {processor.py:830} INFO - Processing file /opt/airflow/dags/dbt.py for tasks to queue
[2026-03-16T00:25:12.345+0000] {logging_mixin.py:188} INFO - [2026-03-16T00:25:12.344+0000] {dagbag.py:545} INFO - Filling up the DagBag from /opt/airflow/dags/dbt.py
[2026-03-16T00:25:12.356+0000] {logging_mixin.py:188} INFO - [2026-03-16T00:25:12.353+0000] {dagbag.py:355} ERROR - Failed to import: /opt/airflow/dags/dbt.py
Traceback (most recent call last):
  File "/home/airflow/.local/lib/python3.12/site-packages/airflow/models/dagbag.py", line 351, in parse
    loader.exec_module(new_module)
  File "<frozen importlib._bootstrap_external>", line 995, in exec_module
  File "<frozen importlib._bootstrap>", line 488, in _call_with_frames_removed
  File "/opt/airflow/dags/dbt.py", line 2, in <module>
    from airflow.providers.standard.operators.bash import BashOperator
ModuleNotFoundError: No module named 'airflow.providers.standard'
[2026-03-16T00:25:12.356+0000] {processor.py:842} WARNING - No viable dags retrieved from /opt/airflow/dags/dbt.py
[2026-03-16T00:25:12.384+0000] {processor.py:183} INFO - Processing /opt/airflow/dags/dbt.py took 0.069 seconds
[2026-03-16T00:25:42.820+0000] {processor.py:161} INFO - Started process (PID=4624) to work on /opt/airflow/dags/dbt.py
[2026-03-16T00:25:42.822+0000] {processor.py:830} INFO - Processing file /opt/airflow/dags/dbt.py for tasks to queue
[2026-03-16T00:25:42.826+0000] {logging_mixin.py:188} INFO - [2026-03-16T00:25:42.826+0000] {dagbag.py:545} INFO - Filling up the DagBag from /opt/airflow/dags/dbt.py
[2026-03-16T00:25:42.837+0000] {logging_mixin.py:188} INFO - [2026-03-16T00:25:42.834+0000] {dagbag.py:355} ERROR - Failed to import: /opt/airflow/dags/dbt.py
Traceback (most recent call last):
  File "/home/airflow/.local/lib/python3.12/site-packages/airflow/models/dagbag.py", line 351, in parse
    loader.exec_module(new_module)
  File "<frozen importlib._bootstrap_external>", line 995, in exec_module
  File "<frozen importlib._bootstrap>", line 488, in _call_with_frames_removed
  File "/opt/airflow/dags/dbt.py", line 2, in <module>
    from airflow.providers.standard.operators.bash import BashOperator
ModuleNotFoundError: No module named 'airflow.providers.standard'
[2026-03-16T00:25:42.837+0000] {processor.py:842} WARNING - No viable dags retrieved from /opt/airflow/dags/dbt.py
[2026-03-16T00:25:42.869+0000] {processor.py:183} INFO - Processing /opt/airflow/dags/dbt.py took 0.075 seconds
[2026-03-16T00:26:13.308+0000] {processor.py:161} INFO - Started process (PID=4626) to work on /opt/airflow/dags/dbt.py
[2026-03-16T00:26:13.310+0000] {processor.py:830} INFO - Processing file /opt/airflow/dags/dbt.py for tasks to queue
[2026-03-16T00:26:13.315+0000] {logging_mixin.py:188} INFO - [2026-03-16T00:26:13.314+0000] {dagbag.py:545} INFO - Filling up the DagBag from /opt/airflow/dags/dbt.py
[2026-03-16T00:26:13.325+0000] {logging_mixin.py:188} INFO - [2026-03-16T00:26:13.321+0000] {dagbag.py:355} ERROR - Failed to import: /opt/airflow/dags/dbt.py
Traceback (most recent call last):
  File "/home/airflow/.local/lib/python3.12/site-packages/airflow/models/dagbag.py", line 351, in parse
    loader.exec_module(new_module)
  File "<frozen importlib._bootstrap_external>", line 995, in exec_module
  File "<frozen importlib._bootstrap>", line 488, in _call_with_frames_removed
  File "/opt/airflow/dags/dbt.py", line 2, in <module>
    from airflow.providers.standard.operators.bash import BashOperator
ModuleNotFoundError: No module named 'airflow.providers.standard'
[2026-03-16T00:26:13.325+0000] {processor.py:842} WARNING - No viable dags retrieved from /opt/airflow/dags/dbt.py
[2026-03-16T00:26:13.361+0000] {processor.py:183} INFO - Processing /opt/airflow/dags/dbt.py took 0.070 seconds
[2026-03-16T00:26:43.787+0000] {processor.py:161} INFO - Started process (PID=4628) to work on /opt/airflow/dags/dbt.py
[2026-03-16T00:26:43.788+0000] {processor.py:830} INFO - Processing file /opt/airflow/dags/dbt.py for tasks to queue
[2026-03-16T00:26:43.796+0000] {logging_mixin.py:188} INFO - [2026-03-16T00:26:43.794+0000] {dagbag.py:545} INFO - Filling up the DagBag from /opt/airflow/dags/dbt.py
[2026-03-16T00:26:43.806+0000] {logging_mixin.py:188} INFO - [2026-03-16T00:26:43.805+0000] {dagbag.py:355} ERROR - Failed to import: /opt/airflow/dags/dbt.py
Traceback (most recent call last):
  File "/home/airflow/.local/lib/python3.12/site-packages/airflow/models/dagbag.py", line 351, in parse
    loader.exec_module(new_module)
  File "<frozen importlib._bootstrap_external>", line 995, in exec_module
  File "<frozen importlib._bootstrap>", line 488, in _call_with_frames_removed
  File "/opt/airflow/dags/dbt.py", line 2, in <module>
    from airflow.providers.standard.operators.bash import BashOperator
ModuleNotFoundError: No module named 'airflow.providers.standard'
[2026-03-16T00:26:43.807+0000] {processor.py:842} WARNING - No viable dags retrieved from /opt/airflow/dags/dbt.py
[2026-03-16T00:26:43.839+0000] {processor.py:183} INFO - Processing /opt/airflow/dags/dbt.py took 0.071 seconds
[2026-03-16T00:27:14.298+0000] {processor.py:161} INFO - Started process (PID=4630) to work on /opt/airflow/dags/dbt.py
[2026-03-16T00:27:14.300+0000] {processor.py:830} INFO - Processing file /opt/airflow/dags/dbt.py for tasks to queue
[2026-03-16T00:27:14.304+0000] {logging_mixin.py:188} INFO - [2026-03-16T00:27:14.303+0000] {dagbag.py:545} INFO - Filling up the DagBag from /opt/airflow/dags/dbt.py
[2026-03-16T00:27:14.312+0000] {logging_mixin.py:188} INFO - [2026-03-16T00:27:14.309+0000] {dagbag.py:355} ERROR - Failed to import: /opt/airflow/dags/dbt.py
Traceback (most recent call last):
  File "/home/airflow/.local/lib/python3.12/site-packages/airflow/models/dagbag.py", line 351, in parse
    loader.exec_module(new_module)
  File "<frozen importlib._bootstrap_external>", line 995, in exec_module
  File "<frozen importlib._bootstrap>", line 488, in _call_with_frames_removed
  File "/opt/airflow/dags/dbt.py", line 2, in <module>
    from airflow.providers.standard.operators.bash import BashOperator
ModuleNotFoundError: No module named 'airflow.providers.standard'
[2026-03-16T00:27:14.312+0000] {processor.py:842} WARNING - No viable dags retrieved from /opt/airflow/dags/dbt.py
[2026-03-16T00:27:14.345+0000] {processor.py:183} INFO - Processing /opt/airflow/dags/dbt.py took 0.072 seconds
[2026-03-16T00:27:44.797+0000] {processor.py:161} INFO - Started process (PID=4632) to work on /opt/airflow/dags/dbt.py
[2026-03-16T00:27:44.800+0000] {processor.py:830} INFO - Processing file /opt/airflow/dags/dbt.py for tasks to queue
[2026-03-16T00:27:44.804+0000] {logging_mixin.py:188} INFO - [2026-03-16T00:27:44.803+0000] {dagbag.py:545} INFO - Filling up the DagBag from /opt/airflow/dags/dbt.py
[2026-03-16T00:27:44.811+0000] {logging_mixin.py:188} INFO - [2026-03-16T00:27:44.809+0000] {dagbag.py:355} ERROR - Failed to import: /opt/airflow/dags/dbt.py
Traceback (most recent call last):
  File "/home/airflow/.local/lib/python3.12/site-packages/airflow/models/dagbag.py", line 351, in parse
    loader.exec_module(new_module)
  File "<frozen importlib._bootstrap_external>", line 995, in exec_module
  File "<frozen importlib._bootstrap>", line 488, in _call_with_frames_removed
  File "/opt/airflow/dags/dbt.py", line 2, in <module>
    from airflow.providers.standard.operators.bash import BashOperator
ModuleNotFoundError: No module named 'airflow.providers.standard'
[2026-03-16T00:27:44.813+0000] {processor.py:842} WARNING - No viable dags retrieved from /opt/airflow/dags/dbt.py
[2026-03-16T00:27:44.840+0000] {processor.py:183} INFO - Processing /opt/airflow/dags/dbt.py took 0.075 seconds
[2026-03-16T00:28:15.246+0000] {processor.py:161} INFO - Started process (PID=4634) to work on /opt/airflow/dags/dbt.py
[2026-03-16T00:28:15.246+0000] {processor.py:830} INFO - Processing file /opt/airflow/dags/dbt.py for tasks to queue
[2026-03-16T00:28:15.252+0000] {logging_mixin.py:188} INFO - [2026-03-16T00:28:15.251+0000] {dagbag.py:545} INFO - Filling up the DagBag from /opt/airflow/dags/dbt.py
[2026-03-16T00:28:15.258+0000] {logging_mixin.py:188} INFO - [2026-03-16T00:28:15.257+0000] {dagbag.py:355} ERROR - Failed to import: /opt/airflow/dags/dbt.py
Traceback (most recent call last):
  File "/home/airflow/.local/lib/python3.12/site-packages/airflow/models/dagbag.py", line 351, in parse
    loader.exec_module(new_module)
  File "<frozen importlib._bootstrap_external>", line 995, in exec_module
  File "<frozen importlib._bootstrap>", line 488, in _call_with_frames_removed
  File "/opt/airflow/dags/dbt.py", line 2, in <module>
    from airflow.providers.standard.operators.bash import BashOperator
ModuleNotFoundError: No module named 'airflow.providers.standard'
[2026-03-16T00:28:15.258+0000] {processor.py:842} WARNING - No viable dags retrieved from /opt/airflow/dags/dbt.py
[2026-03-16T00:28:15.287+0000] {processor.py:183} INFO - Processing /opt/airflow/dags/dbt.py took 0.060 seconds
[2026-03-16T00:28:45.777+0000] {processor.py:161} INFO - Started process (PID=4636) to work on /opt/airflow/dags/dbt.py
[2026-03-16T00:28:45.779+0000] {processor.py:830} INFO - Processing file /opt/airflow/dags/dbt.py for tasks to queue
[2026-03-16T00:28:45.785+0000] {logging_mixin.py:188} INFO - [2026-03-16T00:28:45.783+0000] {dagbag.py:545} INFO - Filling up the DagBag from /opt/airflow/dags/dbt.py
[2026-03-16T00:28:45.794+0000] {logging_mixin.py:188} INFO - [2026-03-16T00:28:45.792+0000] {dagbag.py:355} ERROR - Failed to import: /opt/airflow/dags/dbt.py
Traceback (most recent call last):
  File "/home/airflow/.local/lib/python3.12/site-packages/airflow/models/dagbag.py", line 351, in parse
    loader.exec_module(new_module)
  File "<frozen importlib._bootstrap_external>", line 995, in exec_module
  File "<frozen importlib._bootstrap>", line 488, in _call_with_frames_removed
  File "/opt/airflow/dags/dbt.py", line 2, in <module>
    from airflow.providers.standard.operators.bash import BashOperator
ModuleNotFoundError: No module named 'airflow.providers.standard'
[2026-03-16T00:28:45.795+0000] {processor.py:842} WARNING - No viable dags retrieved from /opt/airflow/dags/dbt.py
[2026-03-16T00:28:45.831+0000] {processor.py:183} INFO - Processing /opt/airflow/dags/dbt.py took 0.077 seconds
[2026-03-16T00:29:16.274+0000] {processor.py:161} INFO - Started process (PID=4638) to work on /opt/airflow/dags/dbt.py
[2026-03-16T00:29:16.275+0000] {processor.py:830} INFO - Processing file /opt/airflow/dags/dbt.py for tasks to queue
[2026-03-16T00:29:16.284+0000] {logging_mixin.py:188} INFO - [2026-03-16T00:29:16.283+0000] {dagbag.py:545} INFO - Filling up the DagBag from /opt/airflow/dags/dbt.py
[2026-03-16T00:29:16.294+0000] {logging_mixin.py:188} INFO - [2026-03-16T00:29:16.290+0000] {dagbag.py:355} ERROR - Failed to import: /opt/airflow/dags/dbt.py
Traceback (most recent call last):
  File "/home/airflow/.local/lib/python3.12/site-packages/airflow/models/dagbag.py", line 351, in parse
    loader.exec_module(new_module)
  File "<frozen importlib._bootstrap_external>", line 995, in exec_module
  File "<frozen importlib._bootstrap>", line 488, in _call_with_frames_removed
  File "/opt/airflow/dags/dbt.py", line 2, in <module>
    from airflow.providers.standard.operators.bash import BashOperator
ModuleNotFoundError: No module named 'airflow.providers.standard'
[2026-03-16T00:29:16.294+0000] {processor.py:842} WARNING - No viable dags retrieved from /opt/airflow/dags/dbt.py
[2026-03-16T00:29:16.326+0000] {processor.py:183} INFO - Processing /opt/airflow/dags/dbt.py took 0.081 seconds
[2026-03-16T00:29:46.820+0000] {processor.py:161} INFO - Started process (PID=4640) to work on /opt/airflow/dags/dbt.py
[2026-03-16T00:29:46.823+0000] {processor.py:830} INFO - Processing file /opt/airflow/dags/dbt.py for tasks to queue
[2026-03-16T00:29:46.829+0000] {logging_mixin.py:188} INFO - [2026-03-16T00:29:46.829+0000] {dagbag.py:545} INFO - Filling up the DagBag from /opt/airflow/dags/dbt.py
[2026-03-16T00:29:46.838+0000] {logging_mixin.py:188} INFO - [2026-03-16T00:29:46.834+0000] {dagbag.py:355} ERROR - Failed to import: /opt/airflow/dags/dbt.py
Traceback (most recent call last):
  File "/home/airflow/.local/lib/python3.12/site-packages/airflow/models/dagbag.py", line 351, in parse
    loader.exec_module(new_module)
  File "<frozen importlib._bootstrap_external>", line 995, in exec_module
  File "<frozen importlib._bootstrap>", line 488, in _call_with_frames_removed
  File "/opt/airflow/dags/dbt.py", line 2, in <module>
    from airflow.providers.standard.operators.bash import BashOperator
ModuleNotFoundError: No module named 'airflow.providers.standard'
[2026-03-16T00:29:46.838+0000] {processor.py:842} WARNING - No viable dags retrieved from /opt/airflow/dags/dbt.py
[2026-03-16T00:29:46.870+0000] {processor.py:183} INFO - Processing /opt/airflow/dags/dbt.py took 0.074 seconds
[2026-03-16T00:30:17.307+0000] {processor.py:161} INFO - Started process (PID=4642) to work on /opt/airflow/dags/dbt.py
[2026-03-16T00:30:17.309+0000] {processor.py:830} INFO - Processing file /opt/airflow/dags/dbt.py for tasks to queue
[2026-03-16T00:30:17.317+0000] {logging_mixin.py:188} INFO - [2026-03-16T00:30:17.317+0000] {dagbag.py:545} INFO - Filling up the DagBag from /opt/airflow/dags/dbt.py
[2026-03-16T00:30:17.326+0000] {logging_mixin.py:188} INFO - [2026-03-16T00:30:17.323+0000] {dagbag.py:355} ERROR - Failed to import: /opt/airflow/dags/dbt.py
Traceback (most recent call last):
  File "/home/airflow/.local/lib/python3.12/site-packages/airflow/models/dagbag.py", line 351, in parse
    loader.exec_module(new_module)
  File "<frozen importlib._bootstrap_external>", line 995, in exec_module
  File "<frozen importlib._bootstrap>", line 488, in _call_with_frames_removed
  File "/opt/airflow/dags/dbt.py", line 2, in <module>
    from airflow.providers.standard.operators.bash import BashOperator
ModuleNotFoundError: No module named 'airflow.providers.standard'
[2026-03-16T00:30:17.327+0000] {processor.py:842} WARNING - No viable dags retrieved from /opt/airflow/dags/dbt.py
[2026-03-16T00:30:17.365+0000] {processor.py:183} INFO - Processing /opt/airflow/dags/dbt.py took 0.078 seconds
[2026-03-16T00:30:47.761+0000] {processor.py:161} INFO - Started process (PID=4644) to work on /opt/airflow/dags/dbt.py
[2026-03-16T00:30:47.763+0000] {processor.py:830} INFO - Processing file /opt/airflow/dags/dbt.py for tasks to queue
[2026-03-16T00:30:47.769+0000] {logging_mixin.py:188} INFO - [2026-03-16T00:30:47.769+0000] {dagbag.py:545} INFO - Filling up the DagBag from /opt/airflow/dags/dbt.py
[2026-03-16T00:30:47.787+0000] {logging_mixin.py:188} INFO - [2026-03-16T00:30:47.783+0000] {dagbag.py:355} ERROR - Failed to import: /opt/airflow/dags/dbt.py
Traceback (most recent call last):
  File "/home/airflow/.local/lib/python3.12/site-packages/airflow/models/dagbag.py", line 351, in parse
    loader.exec_module(new_module)
  File "<frozen importlib._bootstrap_external>", line 995, in exec_module
  File "<frozen importlib._bootstrap>", line 488, in _call_with_frames_removed
  File "/opt/airflow/dags/dbt.py", line 2, in <module>
    from airflow.providers.standard.operators.bash import BashOperator
ModuleNotFoundError: No module named 'airflow.providers.standard'
[2026-03-16T00:30:47.787+0000] {processor.py:842} WARNING - No viable dags retrieved from /opt/airflow/dags/dbt.py
[2026-03-16T00:30:47.813+0000] {processor.py:183} INFO - Processing /opt/airflow/dags/dbt.py took 0.074 seconds
[2026-03-16T00:31:18.270+0000] {processor.py:161} INFO - Started process (PID=4646) to work on /opt/airflow/dags/dbt.py
[2026-03-16T00:31:18.272+0000] {processor.py:830} INFO - Processing file /opt/airflow/dags/dbt.py for tasks to queue
[2026-03-16T00:31:18.277+0000] {logging_mixin.py:188} INFO - [2026-03-16T00:31:18.277+0000] {dagbag.py:545} INFO - Filling up the DagBag from /opt/airflow/dags/dbt.py
[2026-03-16T00:31:18.288+0000] {logging_mixin.py:188} INFO - [2026-03-16T00:31:18.285+0000] {dagbag.py:355} ERROR - Failed to import: /opt/airflow/dags/dbt.py
Traceback (most recent call last):
  File "/home/airflow/.local/lib/python3.12/site-packages/airflow/models/dagbag.py", line 351, in parse
    loader.exec_module(new_module)
  File "<frozen importlib._bootstrap_external>", line 995, in exec_module
  File "<frozen importlib._bootstrap>", line 488, in _call_with_frames_removed
  File "/opt/airflow/dags/dbt.py", line 2, in <module>
    from airflow.providers.standard.operators.bash import BashOperator
ModuleNotFoundError: No module named 'airflow.providers.standard'
[2026-03-16T00:31:18.289+0000] {processor.py:842} WARNING - No viable dags retrieved from /opt/airflow/dags/dbt.py
[2026-03-16T00:31:18.318+0000] {processor.py:183} INFO - Processing /opt/airflow/dags/dbt.py took 0.069 seconds
[2026-03-16T00:31:48.773+0000] {processor.py:161} INFO - Started process (PID=4648) to work on /opt/airflow/dags/dbt.py
[2026-03-16T00:31:48.774+0000] {processor.py:830} INFO - Processing file /opt/airflow/dags/dbt.py for tasks to queue
[2026-03-16T00:31:48.778+0000] {logging_mixin.py:188} INFO - [2026-03-16T00:31:48.777+0000] {dagbag.py:545} INFO - Filling up the DagBag from /opt/airflow/dags/dbt.py
[2026-03-16T00:31:48.788+0000] {logging_mixin.py:188} INFO - [2026-03-16T00:31:48.784+0000] {dagbag.py:355} ERROR - Failed to import: /opt/airflow/dags/dbt.py
Traceback (most recent call last):
  File "/home/airflow/.local/lib/python3.12/site-packages/airflow/models/dagbag.py", line 351, in parse
    loader.exec_module(new_module)
  File "<frozen importlib._bootstrap_external>", line 995, in exec_module
  File "<frozen importlib._bootstrap>", line 488, in _call_with_frames_removed
  File "/opt/airflow/dags/dbt.py", line 2, in <module>
    from airflow.providers.standard.operators.bash import BashOperator
ModuleNotFoundError: No module named 'airflow.providers.standard'
[2026-03-16T00:31:48.789+0000] {processor.py:842} WARNING - No viable dags retrieved from /opt/airflow/dags/dbt.py
[2026-03-16T00:31:48.816+0000] {processor.py:183} INFO - Processing /opt/airflow/dags/dbt.py took 0.082 seconds
[2026-03-16T00:32:19.234+0000] {processor.py:161} INFO - Started process (PID=4650) to work on /opt/airflow/dags/dbt.py
[2026-03-16T00:32:19.235+0000] {processor.py:830} INFO - Processing file /opt/airflow/dags/dbt.py for tasks to queue
[2026-03-16T00:32:19.243+0000] {logging_mixin.py:188} INFO - [2026-03-16T00:32:19.243+0000] {dagbag.py:545} INFO - Filling up the DagBag from /opt/airflow/dags/dbt.py
[2026-03-16T00:32:19.258+0000] {logging_mixin.py:188} INFO - [2026-03-16T00:32:19.251+0000] {dagbag.py:355} ERROR - Failed to import: /opt/airflow/dags/dbt.py
Traceback (most recent call last):
  File "/home/airflow/.local/lib/python3.12/site-packages/airflow/models/dagbag.py", line 351, in parse
    loader.exec_module(new_module)
  File "<frozen importlib._bootstrap_external>", line 995, in exec_module
  File "<frozen importlib._bootstrap>", line 488, in _call_with_frames_removed
  File "/opt/airflow/dags/dbt.py", line 2, in <module>
    from airflow.providers.standard.operators.bash import BashOperator
ModuleNotFoundError: No module named 'airflow.providers.standard'
[2026-03-16T00:32:19.259+0000] {processor.py:842} WARNING - No viable dags retrieved from /opt/airflow/dags/dbt.py
[2026-03-16T00:32:19.291+0000] {processor.py:183} INFO - Processing /opt/airflow/dags/dbt.py took 0.081 seconds
[2026-03-16T00:32:49.756+0000] {processor.py:161} INFO - Started process (PID=4652) to work on /opt/airflow/dags/dbt.py
[2026-03-16T00:32:49.759+0000] {processor.py:830} INFO - Processing file /opt/airflow/dags/dbt.py for tasks to queue
[2026-03-16T00:32:49.769+0000] {logging_mixin.py:188} INFO - [2026-03-16T00:32:49.768+0000] {dagbag.py:545} INFO - Filling up the DagBag from /opt/airflow/dags/dbt.py
[2026-03-16T00:32:49.780+0000] {logging_mixin.py:188} INFO - [2026-03-16T00:32:49.778+0000] {dagbag.py:355} ERROR - Failed to import: /opt/airflow/dags/dbt.py
Traceback (most recent call last):
  File "/home/airflow/.local/lib/python3.12/site-packages/airflow/models/dagbag.py", line 351, in parse
    loader.exec_module(new_module)
  File "<frozen importlib._bootstrap_external>", line 995, in exec_module
  File "<frozen importlib._bootstrap>", line 488, in _call_with_frames_removed
  File "/opt/airflow/dags/dbt.py", line 2, in <module>
    from airflow.providers.standard.operators.bash import BashOperator
ModuleNotFoundError: No module named 'airflow.providers.standard'
[2026-03-16T00:32:49.783+0000] {processor.py:842} WARNING - No viable dags retrieved from /opt/airflow/dags/dbt.py
[2026-03-16T00:32:49.817+0000] {processor.py:183} INFO - Processing /opt/airflow/dags/dbt.py took 0.085 seconds
[2026-03-16T00:33:20.248+0000] {processor.py:161} INFO - Started process (PID=4654) to work on /opt/airflow/dags/dbt.py
[2026-03-16T00:33:20.249+0000] {processor.py:830} INFO - Processing file /opt/airflow/dags/dbt.py for tasks to queue
[2026-03-16T00:33:20.257+0000] {logging_mixin.py:188} INFO - [2026-03-16T00:33:20.256+0000] {dagbag.py:545} INFO - Filling up the DagBag from /opt/airflow/dags/dbt.py
[2026-03-16T00:33:20.266+0000] {logging_mixin.py:188} INFO - [2026-03-16T00:33:20.264+0000] {dagbag.py:355} ERROR - Failed to import: /opt/airflow/dags/dbt.py
Traceback (most recent call last):
  File "/home/airflow/.local/lib/python3.12/site-packages/airflow/models/dagbag.py", line 351, in parse
    loader.exec_module(new_module)
  File "<frozen importlib._bootstrap_external>", line 995, in exec_module
  File "<frozen importlib._bootstrap>", line 488, in _call_with_frames_removed
  File "/opt/airflow/dags/dbt.py", line 2, in <module>
    from airflow.providers.standard.operators.bash import BashOperator
ModuleNotFoundError: No module named 'airflow.providers.standard'
[2026-03-16T00:33:20.270+0000] {processor.py:842} WARNING - No viable dags retrieved from /opt/airflow/dags/dbt.py
[2026-03-16T00:33:20.309+0000] {processor.py:183} INFO - Processing /opt/airflow/dags/dbt.py took 0.082 seconds
[2026-03-16T00:33:50.781+0000] {processor.py:161} INFO - Started process (PID=4656) to work on /opt/airflow/dags/dbt.py
[2026-03-16T00:33:50.783+0000] {processor.py:830} INFO - Processing file /opt/airflow/dags/dbt.py for tasks to queue
[2026-03-16T00:33:50.789+0000] {logging_mixin.py:188} INFO - [2026-03-16T00:33:50.788+0000] {dagbag.py:545} INFO - Filling up the DagBag from /opt/airflow/dags/dbt.py
[2026-03-16T00:33:50.800+0000] {logging_mixin.py:188} INFO - [2026-03-16T00:33:50.795+0000] {dagbag.py:355} ERROR - Failed to import: /opt/airflow/dags/dbt.py
Traceback (most recent call last):
  File "/home/airflow/.local/lib/python3.12/site-packages/airflow/models/dagbag.py", line 351, in parse
    loader.exec_module(new_module)
  File "<frozen importlib._bootstrap_external>", line 995, in exec_module
  File "<frozen importlib._bootstrap>", line 488, in _call_with_frames_removed
  File "/opt/airflow/dags/dbt.py", line 2, in <module>
    from airflow.providers.standard.operators.bash import BashOperator
ModuleNotFoundError: No module named 'airflow.providers.standard'
[2026-03-16T00:33:50.800+0000] {processor.py:842} WARNING - No viable dags retrieved from /opt/airflow/dags/dbt.py
[2026-03-16T00:33:50.834+0000] {processor.py:183} INFO - Processing /opt/airflow/dags/dbt.py took 0.074 seconds
[2026-03-16T00:34:21.301+0000] {processor.py:161} INFO - Started process (PID=4658) to work on /opt/airflow/dags/dbt.py
[2026-03-16T00:34:21.302+0000] {processor.py:830} INFO - Processing file /opt/airflow/dags/dbt.py for tasks to queue
[2026-03-16T00:34:21.309+0000] {logging_mixin.py:188} INFO - [2026-03-16T00:34:21.309+0000] {dagbag.py:545} INFO - Filling up the DagBag from /opt/airflow/dags/dbt.py
[2026-03-16T00:34:21.321+0000] {logging_mixin.py:188} INFO - [2026-03-16T00:34:21.315+0000] {dagbag.py:355} ERROR - Failed to import: /opt/airflow/dags/dbt.py
Traceback (most recent call last):
  File "/home/airflow/.local/lib/python3.12/site-packages/airflow/models/dagbag.py", line 351, in parse
    loader.exec_module(new_module)
  File "<frozen importlib._bootstrap_external>", line 995, in exec_module
  File "<frozen importlib._bootstrap>", line 488, in _call_with_frames_removed
  File "/opt/airflow/dags/dbt.py", line 2, in <module>
    from airflow.providers.standard.operators.bash import BashOperator
ModuleNotFoundError: No module named 'airflow.providers.standard'
[2026-03-16T00:34:21.325+0000] {processor.py:842} WARNING - No viable dags retrieved from /opt/airflow/dags/dbt.py
[2026-03-16T00:34:21.360+0000] {processor.py:183} INFO - Processing /opt/airflow/dags/dbt.py took 0.086 seconds
[2026-03-16T00:34:51.790+0000] {processor.py:161} INFO - Started process (PID=4660) to work on /opt/airflow/dags/dbt.py
[2026-03-16T00:34:51.792+0000] {processor.py:830} INFO - Processing file /opt/airflow/dags/dbt.py for tasks to queue
[2026-03-16T00:34:51.797+0000] {logging_mixin.py:188} INFO - [2026-03-16T00:34:51.797+0000] {dagbag.py:545} INFO - Filling up the DagBag from /opt/airflow/dags/dbt.py
[2026-03-16T00:34:51.809+0000] {logging_mixin.py:188} INFO - [2026-03-16T00:34:51.807+0000] {dagbag.py:355} ERROR - Failed to import: /opt/airflow/dags/dbt.py
Traceback (most recent call last):
  File "/home/airflow/.local/lib/python3.12/site-packages/airflow/models/dagbag.py", line 351, in parse
    loader.exec_module(new_module)
  File "<frozen importlib._bootstrap_external>", line 995, in exec_module
  File "<frozen importlib._bootstrap>", line 488, in _call_with_frames_removed
  File "/opt/airflow/dags/dbt.py", line 2, in <module>
    from airflow.providers.standard.operators.bash import BashOperator
ModuleNotFoundError: No module named 'airflow.providers.standard'
[2026-03-16T00:34:51.809+0000] {processor.py:842} WARNING - No viable dags retrieved from /opt/airflow/dags/dbt.py
[2026-03-16T00:34:51.846+0000] {processor.py:183} INFO - Processing /opt/airflow/dags/dbt.py took 0.085 seconds
[2026-03-16T00:35:22.281+0000] {processor.py:161} INFO - Started process (PID=4662) to work on /opt/airflow/dags/dbt.py
[2026-03-16T00:35:22.283+0000] {processor.py:830} INFO - Processing file /opt/airflow/dags/dbt.py for tasks to queue
[2026-03-16T00:35:22.289+0000] {logging_mixin.py:188} INFO - [2026-03-16T00:35:22.289+0000] {dagbag.py:545} INFO - Filling up the DagBag from /opt/airflow/dags/dbt.py
[2026-03-16T00:35:22.301+0000] {logging_mixin.py:188} INFO - [2026-03-16T00:35:22.296+0000] {dagbag.py:355} ERROR - Failed to import: /opt/airflow/dags/dbt.py
Traceback (most recent call last):
  File "/home/airflow/.local/lib/python3.12/site-packages/airflow/models/dagbag.py", line 351, in parse
    loader.exec_module(new_module)
  File "<frozen importlib._bootstrap_external>", line 995, in exec_module
  File "<frozen importlib._bootstrap>", line 488, in _call_with_frames_removed
  File "/opt/airflow/dags/dbt.py", line 2, in <module>
    from airflow.providers.standard.operators.bash import BashOperator
ModuleNotFoundError: No module named 'airflow.providers.standard'
[2026-03-16T00:35:22.302+0000] {processor.py:842} WARNING - No viable dags retrieved from /opt/airflow/dags/dbt.py
[2026-03-16T00:35:22.344+0000] {processor.py:183} INFO - Processing /opt/airflow/dags/dbt.py took 0.084 seconds
[2026-03-16T00:35:52.785+0000] {processor.py:161} INFO - Started process (PID=4664) to work on /opt/airflow/dags/dbt.py
[2026-03-16T00:35:52.788+0000] {processor.py:830} INFO - Processing file /opt/airflow/dags/dbt.py for tasks to queue
[2026-03-16T00:35:52.796+0000] {logging_mixin.py:188} INFO - [2026-03-16T00:35:52.795+0000] {dagbag.py:545} INFO - Filling up the DagBag from /opt/airflow/dags/dbt.py
[2026-03-16T00:35:52.804+0000] {logging_mixin.py:188} INFO - [2026-03-16T00:35:52.802+0000] {dagbag.py:355} ERROR - Failed to import: /opt/airflow/dags/dbt.py
Traceback (most recent call last):
  File "/home/airflow/.local/lib/python3.12/site-packages/airflow/models/dagbag.py", line 351, in parse
    loader.exec_module(new_module)
  File "<frozen importlib._bootstrap_external>", line 995, in exec_module
  File "<frozen importlib._bootstrap>", line 488, in _call_with_frames_removed
  File "/opt/airflow/dags/dbt.py", line 2, in <module>
    from airflow.providers.standard.operators.bash import BashOperator
ModuleNotFoundError: No module named 'airflow.providers.standard'
[2026-03-16T00:35:52.804+0000] {processor.py:842} WARNING - No viable dags retrieved from /opt/airflow/dags/dbt.py
[2026-03-16T00:35:52.838+0000] {processor.py:183} INFO - Processing /opt/airflow/dags/dbt.py took 0.076 seconds
[2026-03-16T00:36:23.265+0000] {processor.py:161} INFO - Started process (PID=4666) to work on /opt/airflow/dags/dbt.py
[2026-03-16T00:36:23.272+0000] {processor.py:830} INFO - Processing file /opt/airflow/dags/dbt.py for tasks to queue
[2026-03-16T00:36:23.276+0000] {logging_mixin.py:188} INFO - [2026-03-16T00:36:23.275+0000] {dagbag.py:545} INFO - Filling up the DagBag from /opt/airflow/dags/dbt.py
[2026-03-16T00:36:23.289+0000] {logging_mixin.py:188} INFO - [2026-03-16T00:36:23.282+0000] {dagbag.py:355} ERROR - Failed to import: /opt/airflow/dags/dbt.py
Traceback (most recent call last):
  File "/home/airflow/.local/lib/python3.12/site-packages/airflow/models/dagbag.py", line 351, in parse
    loader.exec_module(new_module)
  File "<frozen importlib._bootstrap_external>", line 995, in exec_module
  File "<frozen importlib._bootstrap>", line 488, in _call_with_frames_removed
  File "/opt/airflow/dags/dbt.py", line 2, in <module>
    from airflow.providers.standard.operators.bash import BashOperator
ModuleNotFoundError: No module named 'airflow.providers.standard'
[2026-03-16T00:36:23.290+0000] {processor.py:842} WARNING - No viable dags retrieved from /opt/airflow/dags/dbt.py
[2026-03-16T00:36:23.326+0000] {processor.py:183} INFO - Processing /opt/airflow/dags/dbt.py took 0.086 seconds
[2026-03-16T00:36:53.769+0000] {processor.py:161} INFO - Started process (PID=4668) to work on /opt/airflow/dags/dbt.py
[2026-03-16T00:36:53.774+0000] {processor.py:830} INFO - Processing file /opt/airflow/dags/dbt.py for tasks to queue
[2026-03-16T00:36:53.778+0000] {logging_mixin.py:188} INFO - [2026-03-16T00:36:53.778+0000] {dagbag.py:545} INFO - Filling up the DagBag from /opt/airflow/dags/dbt.py
[2026-03-16T00:36:53.789+0000] {logging_mixin.py:188} INFO - [2026-03-16T00:36:53.787+0000] {dagbag.py:355} ERROR - Failed to import: /opt/airflow/dags/dbt.py
Traceback (most recent call last):
  File "/home/airflow/.local/lib/python3.12/site-packages/airflow/models/dagbag.py", line 351, in parse
    loader.exec_module(new_module)
  File "<frozen importlib._bootstrap_external>", line 995, in exec_module
  File "<frozen importlib._bootstrap>", line 488, in _call_with_frames_removed
  File "/opt/airflow/dags/dbt.py", line 2, in <module>
    from airflow.providers.standard.operators.bash import BashOperator
ModuleNotFoundError: No module named 'airflow.providers.standard'
[2026-03-16T00:36:53.789+0000] {processor.py:842} WARNING - No viable dags retrieved from /opt/airflow/dags/dbt.py
[2026-03-16T00:36:53.823+0000] {processor.py:183} INFO - Processing /opt/airflow/dags/dbt.py took 0.074 seconds
[2026-03-16T00:37:24.325+0000] {processor.py:161} INFO - Started process (PID=4670) to work on /opt/airflow/dags/dbt.py
[2026-03-16T00:37:24.328+0000] {processor.py:830} INFO - Processing file /opt/airflow/dags/dbt.py for tasks to queue
[2026-03-16T00:37:24.335+0000] {logging_mixin.py:188} INFO - [2026-03-16T00:37:24.334+0000] {dagbag.py:545} INFO - Filling up the DagBag from /opt/airflow/dags/dbt.py
[2026-03-16T00:37:24.345+0000] {logging_mixin.py:188} INFO - [2026-03-16T00:37:24.343+0000] {dagbag.py:355} ERROR - Failed to import: /opt/airflow/dags/dbt.py
Traceback (most recent call last):
  File "/home/airflow/.local/lib/python3.12/site-packages/airflow/models/dagbag.py", line 351, in parse
    loader.exec_module(new_module)
  File "<frozen importlib._bootstrap_external>", line 995, in exec_module
  File "<frozen importlib._bootstrap>", line 488, in _call_with_frames_removed
  File "/opt/airflow/dags/dbt.py", line 2, in <module>
    from airflow.providers.standard.operators.bash import BashOperator
ModuleNotFoundError: No module named 'airflow.providers.standard'
[2026-03-16T00:37:24.346+0000] {processor.py:842} WARNING - No viable dags retrieved from /opt/airflow/dags/dbt.py
[2026-03-16T00:37:24.386+0000] {processor.py:183} INFO - Processing /opt/airflow/dags/dbt.py took 0.093 seconds
[2026-03-16T00:37:54.885+0000] {processor.py:161} INFO - Started process (PID=4672) to work on /opt/airflow/dags/dbt.py
[2026-03-16T00:37:54.892+0000] {processor.py:830} INFO - Processing file /opt/airflow/dags/dbt.py for tasks to queue
[2026-03-16T00:37:54.895+0000] {logging_mixin.py:188} INFO - [2026-03-16T00:37:54.895+0000] {dagbag.py:545} INFO - Filling up the DagBag from /opt/airflow/dags/dbt.py
[2026-03-16T00:37:54.905+0000] {logging_mixin.py:188} INFO - [2026-03-16T00:37:54.902+0000] {dagbag.py:355} ERROR - Failed to import: /opt/airflow/dags/dbt.py
Traceback (most recent call last):
  File "/home/airflow/.local/lib/python3.12/site-packages/airflow/models/dagbag.py", line 351, in parse
    loader.exec_module(new_module)
  File "<frozen importlib._bootstrap_external>", line 995, in exec_module
  File "<frozen importlib._bootstrap>", line 488, in _call_with_frames_removed
  File "/opt/airflow/dags/dbt.py", line 2, in <module>
    from airflow.providers.standard.operators.bash import BashOperator
ModuleNotFoundError: No module named 'airflow.providers.standard'
[2026-03-16T00:37:54.905+0000] {processor.py:842} WARNING - No viable dags retrieved from /opt/airflow/dags/dbt.py
[2026-03-16T00:37:54.940+0000] {processor.py:183} INFO - Processing /opt/airflow/dags/dbt.py took 0.074 seconds
[2026-03-16T00:38:25.326+0000] {processor.py:161} INFO - Started process (PID=4674) to work on /opt/airflow/dags/dbt.py
[2026-03-16T00:38:25.329+0000] {processor.py:830} INFO - Processing file /opt/airflow/dags/dbt.py for tasks to queue
[2026-03-16T00:38:25.334+0000] {logging_mixin.py:188} INFO - [2026-03-16T00:38:25.334+0000] {dagbag.py:545} INFO - Filling up the DagBag from /opt/airflow/dags/dbt.py
[2026-03-16T00:38:25.347+0000] {logging_mixin.py:188} INFO - [2026-03-16T00:38:25.343+0000] {dagbag.py:355} ERROR - Failed to import: /opt/airflow/dags/dbt.py
Traceback (most recent call last):
  File "/home/airflow/.local/lib/python3.12/site-packages/airflow/models/dagbag.py", line 351, in parse
    loader.exec_module(new_module)
  File "<frozen importlib._bootstrap_external>", line 995, in exec_module
  File "<frozen importlib._bootstrap>", line 488, in _call_with_frames_removed
  File "/opt/airflow/dags/dbt.py", line 2, in <module>
    from airflow.providers.standard.operators.bash import BashOperator
ModuleNotFoundError: No module named 'airflow.providers.standard'
[2026-03-16T00:38:25.347+0000] {processor.py:842} WARNING - No viable dags retrieved from /opt/airflow/dags/dbt.py
[2026-03-16T00:38:25.385+0000] {processor.py:183} INFO - Processing /opt/airflow/dags/dbt.py took 0.081 seconds
[2026-03-16T00:38:55.797+0000] {processor.py:161} INFO - Started process (PID=4676) to work on /opt/airflow/dags/dbt.py
[2026-03-16T00:38:55.798+0000] {processor.py:830} INFO - Processing file /opt/airflow/dags/dbt.py for tasks to queue
[2026-03-16T00:38:55.808+0000] {logging_mixin.py:188} INFO - [2026-03-16T00:38:55.807+0000] {dagbag.py:545} INFO - Filling up the DagBag from /opt/airflow/dags/dbt.py
[2026-03-16T00:38:55.816+0000] {logging_mixin.py:188} INFO - [2026-03-16T00:38:55.815+0000] {dagbag.py:355} ERROR - Failed to import: /opt/airflow/dags/dbt.py
Traceback (most recent call last):
  File "/home/airflow/.local/lib/python3.12/site-packages/airflow/models/dagbag.py", line 351, in parse
    loader.exec_module(new_module)
  File "<frozen importlib._bootstrap_external>", line 995, in exec_module
  File "<frozen importlib._bootstrap>", line 488, in _call_with_frames_removed
  File "/opt/airflow/dags/dbt.py", line 2, in <module>
    from airflow.providers.standard.operators.bash import BashOperator
ModuleNotFoundError: No module named 'airflow.providers.standard'
[2026-03-16T00:38:55.817+0000] {processor.py:842} WARNING - No viable dags retrieved from /opt/airflow/dags/dbt.py
[2026-03-16T00:38:55.849+0000] {processor.py:183} INFO - Processing /opt/airflow/dags/dbt.py took 0.082 seconds
[2026-03-16T00:39:26.213+0000] {processor.py:161} INFO - Started process (PID=4678) to work on /opt/airflow/dags/dbt.py
[2026-03-16T00:39:26.218+0000] {processor.py:830} INFO - Processing file /opt/airflow/dags/dbt.py for tasks to queue
[2026-03-16T00:39:26.222+0000] {logging_mixin.py:188} INFO - [2026-03-16T00:39:26.222+0000] {dagbag.py:545} INFO - Filling up the DagBag from /opt/airflow/dags/dbt.py
[2026-03-16T00:39:26.232+0000] {logging_mixin.py:188} INFO - [2026-03-16T00:39:26.228+0000] {dagbag.py:355} ERROR - Failed to import: /opt/airflow/dags/dbt.py
Traceback (most recent call last):
  File "/home/airflow/.local/lib/python3.12/site-packages/airflow/models/dagbag.py", line 351, in parse
    loader.exec_module(new_module)
  File "<frozen importlib._bootstrap_external>", line 995, in exec_module
  File "<frozen importlib._bootstrap>", line 488, in _call_with_frames_removed
  File "/opt/airflow/dags/dbt.py", line 2, in <module>
    from airflow.providers.standard.operators.bash import BashOperator
ModuleNotFoundError: No module named 'airflow.providers.standard'
[2026-03-16T00:39:26.234+0000] {processor.py:842} WARNING - No viable dags retrieved from /opt/airflow/dags/dbt.py
[2026-03-16T00:39:26.265+0000] {processor.py:183} INFO - Processing /opt/airflow/dags/dbt.py took 0.067 seconds
[2026-03-16T00:39:56.688+0000] {processor.py:161} INFO - Started process (PID=4680) to work on /opt/airflow/dags/dbt.py
[2026-03-16T00:39:56.690+0000] {processor.py:830} INFO - Processing file /opt/airflow/dags/dbt.py for tasks to queue
[2026-03-16T00:39:56.695+0000] {logging_mixin.py:188} INFO - [2026-03-16T00:39:56.695+0000] {dagbag.py:545} INFO - Filling up the DagBag from /opt/airflow/dags/dbt.py
[2026-03-16T00:39:56.703+0000] {logging_mixin.py:188} INFO - [2026-03-16T00:39:56.700+0000] {dagbag.py:355} ERROR - Failed to import: /opt/airflow/dags/dbt.py
Traceback (most recent call last):
  File "/home/airflow/.local/lib/python3.12/site-packages/airflow/models/dagbag.py", line 351, in parse
    loader.exec_module(new_module)
  File "<frozen importlib._bootstrap_external>", line 995, in exec_module
  File "<frozen importlib._bootstrap>", line 488, in _call_with_frames_removed
  File "/opt/airflow/dags/dbt.py", line 2, in <module>
    from airflow.providers.standard.operators.bash import BashOperator
ModuleNotFoundError: No module named 'airflow.providers.standard'
[2026-03-16T00:39:56.705+0000] {processor.py:842} WARNING - No viable dags retrieved from /opt/airflow/dags/dbt.py
[2026-03-16T00:39:56.737+0000] {processor.py:183} INFO - Processing /opt/airflow/dags/dbt.py took 0.076 seconds
[2026-03-16T00:40:27.108+0000] {processor.py:161} INFO - Started process (PID=4682) to work on /opt/airflow/dags/dbt.py
[2026-03-16T00:40:27.110+0000] {processor.py:830} INFO - Processing file /opt/airflow/dags/dbt.py for tasks to queue
[2026-03-16T00:40:27.120+0000] {logging_mixin.py:188} INFO - [2026-03-16T00:40:27.119+0000] {dagbag.py:545} INFO - Filling up the DagBag from /opt/airflow/dags/dbt.py
[2026-03-16T00:40:27.132+0000] {logging_mixin.py:188} INFO - [2026-03-16T00:40:27.127+0000] {dagbag.py:355} ERROR - Failed to import: /opt/airflow/dags/dbt.py
Traceback (most recent call last):
  File "/home/airflow/.local/lib/python3.12/site-packages/airflow/models/dagbag.py", line 351, in parse
    loader.exec_module(new_module)
  File "<frozen importlib._bootstrap_external>", line 995, in exec_module
  File "<frozen importlib._bootstrap>", line 488, in _call_with_frames_removed
  File "/opt/airflow/dags/dbt.py", line 2, in <module>
    from airflow.providers.standard.operators.bash import BashOperator
ModuleNotFoundError: No module named 'airflow.providers.standard'
[2026-03-16T00:40:27.132+0000] {processor.py:842} WARNING - No viable dags retrieved from /opt/airflow/dags/dbt.py
[2026-03-16T00:40:27.170+0000] {processor.py:183} INFO - Processing /opt/airflow/dags/dbt.py took 0.082 seconds
[2026-03-16T00:40:57.561+0000] {processor.py:161} INFO - Started process (PID=4684) to work on /opt/airflow/dags/dbt.py
[2026-03-16T00:40:57.562+0000] {processor.py:830} INFO - Processing file /opt/airflow/dags/dbt.py for tasks to queue
[2026-03-16T00:40:57.568+0000] {logging_mixin.py:188} INFO - [2026-03-16T00:40:57.567+0000] {dagbag.py:545} INFO - Filling up the DagBag from /opt/airflow/dags/dbt.py
[2026-03-16T00:40:57.579+0000] {logging_mixin.py:188} INFO - [2026-03-16T00:40:57.577+0000] {dagbag.py:355} ERROR - Failed to import: /opt/airflow/dags/dbt.py
Traceback (most recent call last):
  File "/home/airflow/.local/lib/python3.12/site-packages/airflow/models/dagbag.py", line 351, in parse
    loader.exec_module(new_module)
  File "<frozen importlib._bootstrap_external>", line 995, in exec_module
  File "<frozen importlib._bootstrap>", line 488, in _call_with_frames_removed
  File "/opt/airflow/dags/dbt.py", line 2, in <module>
    from airflow.providers.standard.operators.bash import BashOperator
ModuleNotFoundError: No module named 'airflow.providers.standard'
[2026-03-16T00:40:57.581+0000] {processor.py:842} WARNING - No viable dags retrieved from /opt/airflow/dags/dbt.py
[2026-03-16T00:40:57.617+0000] {processor.py:183} INFO - Processing /opt/airflow/dags/dbt.py took 0.079 seconds
[2026-03-16T00:41:28.019+0000] {processor.py:161} INFO - Started process (PID=4686) to work on /opt/airflow/dags/dbt.py
[2026-03-16T00:41:28.021+0000] {processor.py:830} INFO - Processing file /opt/airflow/dags/dbt.py for tasks to queue
[2026-03-16T00:41:28.028+0000] {logging_mixin.py:188} INFO - [2026-03-16T00:41:28.028+0000] {dagbag.py:545} INFO - Filling up the DagBag from /opt/airflow/dags/dbt.py
[2026-03-16T00:41:28.041+0000] {logging_mixin.py:188} INFO - [2026-03-16T00:41:28.039+0000] {dagbag.py:355} ERROR - Failed to import: /opt/airflow/dags/dbt.py
Traceback (most recent call last):
  File "/home/airflow/.local/lib/python3.12/site-packages/airflow/models/dagbag.py", line 351, in parse
    loader.exec_module(new_module)
  File "<frozen importlib._bootstrap_external>", line 995, in exec_module
  File "<frozen importlib._bootstrap>", line 488, in _call_with_frames_removed
  File "/opt/airflow/dags/dbt.py", line 2, in <module>
    from airflow.providers.standard.operators.bash import BashOperator
ModuleNotFoundError: No module named 'airflow.providers.standard'
[2026-03-16T00:41:28.043+0000] {processor.py:842} WARNING - No viable dags retrieved from /opt/airflow/dags/dbt.py
[2026-03-16T00:41:28.079+0000] {processor.py:183} INFO - Processing /opt/airflow/dags/dbt.py took 0.084 seconds
[2026-03-16T00:41:58.471+0000] {processor.py:161} INFO - Started process (PID=4688) to work on /opt/airflow/dags/dbt.py
[2026-03-16T00:41:58.474+0000] {processor.py:830} INFO - Processing file /opt/airflow/dags/dbt.py for tasks to queue
[2026-03-16T00:41:58.483+0000] {logging_mixin.py:188} INFO - [2026-03-16T00:41:58.482+0000] {dagbag.py:545} INFO - Filling up the DagBag from /opt/airflow/dags/dbt.py
[2026-03-16T00:41:58.500+0000] {logging_mixin.py:188} INFO - [2026-03-16T00:41:58.497+0000] {dagbag.py:355} ERROR - Failed to import: /opt/airflow/dags/dbt.py
Traceback (most recent call last):
  File "/home/airflow/.local/lib/python3.12/site-packages/airflow/models/dagbag.py", line 351, in parse
    loader.exec_module(new_module)
  File "<frozen importlib._bootstrap_external>", line 995, in exec_module
  File "<frozen importlib._bootstrap>", line 488, in _call_with_frames_removed
  File "/opt/airflow/dags/dbt.py", line 2, in <module>
    from airflow.providers.standard.operators.bash import BashOperator
ModuleNotFoundError: No module named 'airflow.providers.standard'
[2026-03-16T00:41:58.501+0000] {processor.py:842} WARNING - No viable dags retrieved from /opt/airflow/dags/dbt.py
[2026-03-16T00:41:58.546+0000] {processor.py:183} INFO - Processing /opt/airflow/dags/dbt.py took 0.092 seconds
[2026-03-16T00:42:28.945+0000] {processor.py:161} INFO - Started process (PID=4690) to work on /opt/airflow/dags/dbt.py
[2026-03-16T00:42:28.946+0000] {processor.py:830} INFO - Processing file /opt/airflow/dags/dbt.py for tasks to queue
[2026-03-16T00:42:28.951+0000] {logging_mixin.py:188} INFO - [2026-03-16T00:42:28.951+0000] {dagbag.py:545} INFO - Filling up the DagBag from /opt/airflow/dags/dbt.py
[2026-03-16T00:42:28.964+0000] {logging_mixin.py:188} INFO - [2026-03-16T00:42:28.957+0000] {dagbag.py:355} ERROR - Failed to import: /opt/airflow/dags/dbt.py
Traceback (most recent call last):
  File "/home/airflow/.local/lib/python3.12/site-packages/airflow/models/dagbag.py", line 351, in parse
    loader.exec_module(new_module)
  File "<frozen importlib._bootstrap_external>", line 995, in exec_module
  File "<frozen importlib._bootstrap>", line 488, in _call_with_frames_removed
  File "/opt/airflow/dags/dbt.py", line 2, in <module>
    from airflow.providers.standard.operators.bash import BashOperator
ModuleNotFoundError: No module named 'airflow.providers.standard'
[2026-03-16T00:42:28.967+0000] {processor.py:842} WARNING - No viable dags retrieved from /opt/airflow/dags/dbt.py
[2026-03-16T00:42:28.997+0000] {processor.py:183} INFO - Processing /opt/airflow/dags/dbt.py took 0.082 seconds
[2026-03-16T00:42:59.473+0000] {processor.py:161} INFO - Started process (PID=4692) to work on /opt/airflow/dags/dbt.py
[2026-03-16T00:42:59.475+0000] {processor.py:830} INFO - Processing file /opt/airflow/dags/dbt.py for tasks to queue
[2026-03-16T00:42:59.481+0000] {logging_mixin.py:188} INFO - [2026-03-16T00:42:59.480+0000] {dagbag.py:545} INFO - Filling up the DagBag from /opt/airflow/dags/dbt.py
[2026-03-16T00:42:59.488+0000] {logging_mixin.py:188} INFO - [2026-03-16T00:42:59.486+0000] {dagbag.py:355} ERROR - Failed to import: /opt/airflow/dags/dbt.py
Traceback (most recent call last):
  File "/home/airflow/.local/lib/python3.12/site-packages/airflow/models/dagbag.py", line 351, in parse
    loader.exec_module(new_module)
  File "<frozen importlib._bootstrap_external>", line 995, in exec_module
  File "<frozen importlib._bootstrap>", line 488, in _call_with_frames_removed
  File "/opt/airflow/dags/dbt.py", line 2, in <module>
    from airflow.providers.standard.operators.bash import BashOperator
ModuleNotFoundError: No module named 'airflow.providers.standard'
[2026-03-16T00:42:59.488+0000] {processor.py:842} WARNING - No viable dags retrieved from /opt/airflow/dags/dbt.py
[2026-03-16T00:42:59.523+0000] {processor.py:183} INFO - Processing /opt/airflow/dags/dbt.py took 0.071 seconds
[2026-03-16T00:43:30.004+0000] {processor.py:161} INFO - Started process (PID=4694) to work on /opt/airflow/dags/dbt.py
[2026-03-16T00:43:30.005+0000] {processor.py:830} INFO - Processing file /opt/airflow/dags/dbt.py for tasks to queue
[2026-03-16T00:43:30.010+0000] {logging_mixin.py:188} INFO - [2026-03-16T00:43:30.008+0000] {dagbag.py:545} INFO - Filling up the DagBag from /opt/airflow/dags/dbt.py
[2026-03-16T00:43:30.019+0000] {logging_mixin.py:188} INFO - [2026-03-16T00:43:30.017+0000] {dagbag.py:355} ERROR - Failed to import: /opt/airflow/dags/dbt.py
Traceback (most recent call last):
  File "/home/airflow/.local/lib/python3.12/site-packages/airflow/models/dagbag.py", line 351, in parse
    loader.exec_module(new_module)
  File "<frozen importlib._bootstrap_external>", line 995, in exec_module
  File "<frozen importlib._bootstrap>", line 488, in _call_with_frames_removed
  File "/opt/airflow/dags/dbt.py", line 2, in <module>
    from airflow.providers.standard.operators.bash import BashOperator
ModuleNotFoundError: No module named 'airflow.providers.standard'
[2026-03-16T00:43:30.019+0000] {processor.py:842} WARNING - No viable dags retrieved from /opt/airflow/dags/dbt.py
[2026-03-16T00:43:30.054+0000] {processor.py:183} INFO - Processing /opt/airflow/dags/dbt.py took 0.074 seconds
[2026-03-16T00:44:00.456+0000] {processor.py:161} INFO - Started process (PID=4696) to work on /opt/airflow/dags/dbt.py
[2026-03-16T00:44:00.458+0000] {processor.py:830} INFO - Processing file /opt/airflow/dags/dbt.py for tasks to queue
[2026-03-16T00:44:00.463+0000] {logging_mixin.py:188} INFO - [2026-03-16T00:44:00.462+0000] {dagbag.py:545} INFO - Filling up the DagBag from /opt/airflow/dags/dbt.py
[2026-03-16T00:44:00.470+0000] {logging_mixin.py:188} INFO - [2026-03-16T00:44:00.467+0000] {dagbag.py:355} ERROR - Failed to import: /opt/airflow/dags/dbt.py
Traceback (most recent call last):
  File "/home/airflow/.local/lib/python3.12/site-packages/airflow/models/dagbag.py", line 351, in parse
    loader.exec_module(new_module)
  File "<frozen importlib._bootstrap_external>", line 995, in exec_module
  File "<frozen importlib._bootstrap>", line 488, in _call_with_frames_removed
  File "/opt/airflow/dags/dbt.py", line 2, in <module>
    from airflow.providers.standard.operators.bash import BashOperator
ModuleNotFoundError: No module named 'airflow.providers.standard'
[2026-03-16T00:44:00.471+0000] {processor.py:842} WARNING - No viable dags retrieved from /opt/airflow/dags/dbt.py
[2026-03-16T00:44:00.509+0000] {processor.py:183} INFO - Processing /opt/airflow/dags/dbt.py took 0.076 seconds
[2026-03-16T00:44:30.867+0000] {processor.py:161} INFO - Started process (PID=4698) to work on /opt/airflow/dags/dbt.py
[2026-03-16T00:44:30.869+0000] {processor.py:830} INFO - Processing file /opt/airflow/dags/dbt.py for tasks to queue
[2026-03-16T00:44:30.876+0000] {logging_mixin.py:188} INFO - [2026-03-16T00:44:30.874+0000] {dagbag.py:545} INFO - Filling up the DagBag from /opt/airflow/dags/dbt.py
[2026-03-16T00:44:30.887+0000] {logging_mixin.py:188} INFO - [2026-03-16T00:44:30.886+0000] {dagbag.py:355} ERROR - Failed to import: /opt/airflow/dags/dbt.py
Traceback (most recent call last):
  File "/home/airflow/.local/lib/python3.12/site-packages/airflow/models/dagbag.py", line 351, in parse
    loader.exec_module(new_module)
  File "<frozen importlib._bootstrap_external>", line 995, in exec_module
  File "<frozen importlib._bootstrap>", line 488, in _call_with_frames_removed
  File "/opt/airflow/dags/dbt.py", line 2, in <module>
    from airflow.providers.standard.operators.bash import BashOperator
ModuleNotFoundError: No module named 'airflow.providers.standard'
[2026-03-16T00:44:30.888+0000] {processor.py:842} WARNING - No viable dags retrieved from /opt/airflow/dags/dbt.py
[2026-03-16T00:44:30.918+0000] {processor.py:183} INFO - Processing /opt/airflow/dags/dbt.py took 0.078 seconds
[2026-03-16T00:45:01.283+0000] {processor.py:161} INFO - Started process (PID=4700) to work on /opt/airflow/dags/dbt.py
[2026-03-16T00:45:01.285+0000] {processor.py:830} INFO - Processing file /opt/airflow/dags/dbt.py for tasks to queue
[2026-03-16T00:45:01.291+0000] {logging_mixin.py:188} INFO - [2026-03-16T00:45:01.290+0000] {dagbag.py:545} INFO - Filling up the DagBag from /opt/airflow/dags/dbt.py
[2026-03-16T00:45:01.300+0000] {logging_mixin.py:188} INFO - [2026-03-16T00:45:01.297+0000] {dagbag.py:355} ERROR - Failed to import: /opt/airflow/dags/dbt.py
Traceback (most recent call last):
  File "/home/airflow/.local/lib/python3.12/site-packages/airflow/models/dagbag.py", line 351, in parse
    loader.exec_module(new_module)
  File "<frozen importlib._bootstrap_external>", line 995, in exec_module
  File "<frozen importlib._bootstrap>", line 488, in _call_with_frames_removed
  File "/opt/airflow/dags/dbt.py", line 2, in <module>
    from airflow.providers.standard.operators.bash import BashOperator
ModuleNotFoundError: No module named 'airflow.providers.standard'
[2026-03-16T00:45:01.301+0000] {processor.py:842} WARNING - No viable dags retrieved from /opt/airflow/dags/dbt.py
[2026-03-16T00:45:01.336+0000] {processor.py:183} INFO - Processing /opt/airflow/dags/dbt.py took 0.077 seconds
[2026-03-16T00:45:31.712+0000] {processor.py:161} INFO - Started process (PID=4702) to work on /opt/airflow/dags/dbt.py
[2026-03-16T00:45:31.714+0000] {processor.py:830} INFO - Processing file /opt/airflow/dags/dbt.py for tasks to queue
[2026-03-16T00:45:31.719+0000] {logging_mixin.py:188} INFO - [2026-03-16T00:45:31.719+0000] {dagbag.py:545} INFO - Filling up the DagBag from /opt/airflow/dags/dbt.py
[2026-03-16T00:45:31.732+0000] {logging_mixin.py:188} INFO - [2026-03-16T00:45:31.725+0000] {dagbag.py:355} ERROR - Failed to import: /opt/airflow/dags/dbt.py
Traceback (most recent call last):
  File "/home/airflow/.local/lib/python3.12/site-packages/airflow/models/dagbag.py", line 351, in parse
    loader.exec_module(new_module)
  File "<frozen importlib._bootstrap_external>", line 995, in exec_module
  File "<frozen importlib._bootstrap>", line 488, in _call_with_frames_removed
  File "/opt/airflow/dags/dbt.py", line 2, in <module>
    from airflow.providers.standard.operators.bash import BashOperator
ModuleNotFoundError: No module named 'airflow.providers.standard'
[2026-03-16T00:45:31.732+0000] {processor.py:842} WARNING - No viable dags retrieved from /opt/airflow/dags/dbt.py
[2026-03-16T00:45:31.763+0000] {processor.py:183} INFO - Processing /opt/airflow/dags/dbt.py took 0.077 seconds
[2026-03-16T00:46:02.176+0000] {processor.py:161} INFO - Started process (PID=4704) to work on /opt/airflow/dags/dbt.py
[2026-03-16T00:46:02.177+0000] {processor.py:830} INFO - Processing file /opt/airflow/dags/dbt.py for tasks to queue
[2026-03-16T00:46:02.185+0000] {logging_mixin.py:188} INFO - [2026-03-16T00:46:02.181+0000] {dagbag.py:545} INFO - Filling up the DagBag from /opt/airflow/dags/dbt.py
[2026-03-16T00:46:02.193+0000] {logging_mixin.py:188} INFO - [2026-03-16T00:46:02.191+0000] {dagbag.py:355} ERROR - Failed to import: /opt/airflow/dags/dbt.py
Traceback (most recent call last):
  File "/home/airflow/.local/lib/python3.12/site-packages/airflow/models/dagbag.py", line 351, in parse
    loader.exec_module(new_module)
  File "<frozen importlib._bootstrap_external>", line 995, in exec_module
  File "<frozen importlib._bootstrap>", line 488, in _call_with_frames_removed
  File "/opt/airflow/dags/dbt.py", line 2, in <module>
    from airflow.providers.standard.operators.bash import BashOperator
ModuleNotFoundError: No module named 'airflow.providers.standard'
[2026-03-16T00:46:02.193+0000] {processor.py:842} WARNING - No viable dags retrieved from /opt/airflow/dags/dbt.py
[2026-03-16T00:46:02.231+0000] {processor.py:183} INFO - Processing /opt/airflow/dags/dbt.py took 0.082 seconds
[2026-03-16T00:46:32.618+0000] {processor.py:161} INFO - Started process (PID=4706) to work on /opt/airflow/dags/dbt.py
[2026-03-16T00:46:32.620+0000] {processor.py:830} INFO - Processing file /opt/airflow/dags/dbt.py for tasks to queue
[2026-03-16T00:46:32.625+0000] {logging_mixin.py:188} INFO - [2026-03-16T00:46:32.624+0000] {dagbag.py:545} INFO - Filling up the DagBag from /opt/airflow/dags/dbt.py
[2026-03-16T00:46:32.636+0000] {logging_mixin.py:188} INFO - [2026-03-16T00:46:32.634+0000] {dagbag.py:355} ERROR - Failed to import: /opt/airflow/dags/dbt.py
Traceback (most recent call last):
  File "/home/airflow/.local/lib/python3.12/site-packages/airflow/models/dagbag.py", line 351, in parse
    loader.exec_module(new_module)
  File "<frozen importlib._bootstrap_external>", line 995, in exec_module
  File "<frozen importlib._bootstrap>", line 488, in _call_with_frames_removed
  File "/opt/airflow/dags/dbt.py", line 2, in <module>
    from airflow.providers.standard.operators.bash import BashOperator
ModuleNotFoundError: No module named 'airflow.providers.standard'
[2026-03-16T00:46:32.638+0000] {processor.py:842} WARNING - No viable dags retrieved from /opt/airflow/dags/dbt.py
[2026-03-16T00:46:32.673+0000] {processor.py:183} INFO - Processing /opt/airflow/dags/dbt.py took 0.080 seconds
[2026-03-16T00:47:03.090+0000] {processor.py:161} INFO - Started process (PID=4708) to work on /opt/airflow/dags/dbt.py
[2026-03-16T00:47:03.093+0000] {processor.py:830} INFO - Processing file /opt/airflow/dags/dbt.py for tasks to queue
[2026-03-16T00:47:03.099+0000] {logging_mixin.py:188} INFO - [2026-03-16T00:47:03.098+0000] {dagbag.py:545} INFO - Filling up the DagBag from /opt/airflow/dags/dbt.py
[2026-03-16T00:47:03.111+0000] {logging_mixin.py:188} INFO - [2026-03-16T00:47:03.109+0000] {dagbag.py:355} ERROR - Failed to import: /opt/airflow/dags/dbt.py
Traceback (most recent call last):
  File "/home/airflow/.local/lib/python3.12/site-packages/airflow/models/dagbag.py", line 351, in parse
    loader.exec_module(new_module)
  File "<frozen importlib._bootstrap_external>", line 995, in exec_module
  File "<frozen importlib._bootstrap>", line 488, in _call_with_frames_removed
  File "/opt/airflow/dags/dbt.py", line 2, in <module>
    from airflow.providers.standard.operators.bash import BashOperator
ModuleNotFoundError: No module named 'airflow.providers.standard'
[2026-03-16T00:47:03.112+0000] {processor.py:842} WARNING - No viable dags retrieved from /opt/airflow/dags/dbt.py
[2026-03-16T00:47:03.158+0000] {processor.py:183} INFO - Processing /opt/airflow/dags/dbt.py took 0.089 seconds
[2026-03-16T00:47:33.540+0000] {processor.py:161} INFO - Started process (PID=4710) to work on /opt/airflow/dags/dbt.py
[2026-03-16T00:47:33.542+0000] {processor.py:830} INFO - Processing file /opt/airflow/dags/dbt.py for tasks to queue
[2026-03-16T00:47:33.547+0000] {logging_mixin.py:188} INFO - [2026-03-16T00:47:33.547+0000] {dagbag.py:545} INFO - Filling up the DagBag from /opt/airflow/dags/dbt.py
[2026-03-16T00:47:33.556+0000] {logging_mixin.py:188} INFO - [2026-03-16T00:47:33.553+0000] {dagbag.py:355} ERROR - Failed to import: /opt/airflow/dags/dbt.py
Traceback (most recent call last):
  File "/home/airflow/.local/lib/python3.12/site-packages/airflow/models/dagbag.py", line 351, in parse
    loader.exec_module(new_module)
  File "<frozen importlib._bootstrap_external>", line 995, in exec_module
  File "<frozen importlib._bootstrap>", line 488, in _call_with_frames_removed
  File "/opt/airflow/dags/dbt.py", line 2, in <module>
    from airflow.providers.standard.operators.bash import BashOperator
ModuleNotFoundError: No module named 'airflow.providers.standard'
[2026-03-16T00:47:33.556+0000] {processor.py:842} WARNING - No viable dags retrieved from /opt/airflow/dags/dbt.py
[2026-03-16T00:47:33.591+0000] {processor.py:183} INFO - Processing /opt/airflow/dags/dbt.py took 0.075 seconds
[2026-03-16T00:48:03.948+0000] {processor.py:161} INFO - Started process (PID=4712) to work on /opt/airflow/dags/dbt.py
[2026-03-16T00:48:03.950+0000] {processor.py:830} INFO - Processing file /opt/airflow/dags/dbt.py for tasks to queue
[2026-03-16T00:48:03.960+0000] {logging_mixin.py:188} INFO - [2026-03-16T00:48:03.960+0000] {dagbag.py:545} INFO - Filling up the DagBag from /opt/airflow/dags/dbt.py
[2026-03-16T00:48:03.970+0000] {logging_mixin.py:188} INFO - [2026-03-16T00:48:03.965+0000] {dagbag.py:355} ERROR - Failed to import: /opt/airflow/dags/dbt.py
Traceback (most recent call last):
  File "/home/airflow/.local/lib/python3.12/site-packages/airflow/models/dagbag.py", line 351, in parse
    loader.exec_module(new_module)
  File "<frozen importlib._bootstrap_external>", line 995, in exec_module
  File "<frozen importlib._bootstrap>", line 488, in _call_with_frames_removed
  File "/opt/airflow/dags/dbt.py", line 2, in <module>
    from airflow.providers.standard.operators.bash import BashOperator
ModuleNotFoundError: No module named 'airflow.providers.standard'
[2026-03-16T00:48:03.971+0000] {processor.py:842} WARNING - No viable dags retrieved from /opt/airflow/dags/dbt.py
[2026-03-16T00:48:04.006+0000] {processor.py:183} INFO - Processing /opt/airflow/dags/dbt.py took 0.084 seconds
[2026-03-16T00:48:34.425+0000] {processor.py:161} INFO - Started process (PID=4714) to work on /opt/airflow/dags/dbt.py
[2026-03-16T00:48:34.427+0000] {processor.py:830} INFO - Processing file /opt/airflow/dags/dbt.py for tasks to queue
[2026-03-16T00:48:34.435+0000] {logging_mixin.py:188} INFO - [2026-03-16T00:48:34.435+0000] {dagbag.py:545} INFO - Filling up the DagBag from /opt/airflow/dags/dbt.py
[2026-03-16T00:48:34.442+0000] {logging_mixin.py:188} INFO - [2026-03-16T00:48:34.441+0000] {dagbag.py:355} ERROR - Failed to import: /opt/airflow/dags/dbt.py
Traceback (most recent call last):
  File "/home/airflow/.local/lib/python3.12/site-packages/airflow/models/dagbag.py", line 351, in parse
    loader.exec_module(new_module)
  File "<frozen importlib._bootstrap_external>", line 995, in exec_module
  File "<frozen importlib._bootstrap>", line 488, in _call_with_frames_removed
  File "/opt/airflow/dags/dbt.py", line 2, in <module>
    from airflow.providers.standard.operators.bash import BashOperator
ModuleNotFoundError: No module named 'airflow.providers.standard'
[2026-03-16T00:48:34.443+0000] {processor.py:842} WARNING - No viable dags retrieved from /opt/airflow/dags/dbt.py
[2026-03-16T00:48:34.484+0000] {processor.py:183} INFO - Processing /opt/airflow/dags/dbt.py took 0.084 seconds
[2026-03-16T00:49:04.922+0000] {processor.py:161} INFO - Started process (PID=4716) to work on /opt/airflow/dags/dbt.py
[2026-03-16T00:49:04.923+0000] {processor.py:830} INFO - Processing file /opt/airflow/dags/dbt.py for tasks to queue
[2026-03-16T00:49:04.932+0000] {logging_mixin.py:188} INFO - [2026-03-16T00:49:04.932+0000] {dagbag.py:545} INFO - Filling up the DagBag from /opt/airflow/dags/dbt.py
[2026-03-16T00:49:04.942+0000] {logging_mixin.py:188} INFO - [2026-03-16T00:49:04.938+0000] {dagbag.py:355} ERROR - Failed to import: /opt/airflow/dags/dbt.py
Traceback (most recent call last):
  File "/home/airflow/.local/lib/python3.12/site-packages/airflow/models/dagbag.py", line 351, in parse
    loader.exec_module(new_module)
  File "<frozen importlib._bootstrap_external>", line 995, in exec_module
  File "<frozen importlib._bootstrap>", line 488, in _call_with_frames_removed
  File "/opt/airflow/dags/dbt.py", line 2, in <module>
    from airflow.providers.standard.operators.bash import BashOperator
ModuleNotFoundError: No module named 'airflow.providers.standard'
[2026-03-16T00:49:04.944+0000] {processor.py:842} WARNING - No viable dags retrieved from /opt/airflow/dags/dbt.py
[2026-03-16T00:49:04.988+0000] {processor.py:183} INFO - Processing /opt/airflow/dags/dbt.py took 0.087 seconds
[2026-03-16T00:49:35.444+0000] {processor.py:161} INFO - Started process (PID=4718) to work on /opt/airflow/dags/dbt.py
[2026-03-16T00:49:35.447+0000] {processor.py:830} INFO - Processing file /opt/airflow/dags/dbt.py for tasks to queue
[2026-03-16T00:49:35.450+0000] {logging_mixin.py:188} INFO - [2026-03-16T00:49:35.449+0000] {dagbag.py:545} INFO - Filling up the DagBag from /opt/airflow/dags/dbt.py
[2026-03-16T00:49:35.464+0000] {logging_mixin.py:188} INFO - [2026-03-16T00:49:35.457+0000] {dagbag.py:355} ERROR - Failed to import: /opt/airflow/dags/dbt.py
Traceback (most recent call last):
  File "/home/airflow/.local/lib/python3.12/site-packages/airflow/models/dagbag.py", line 351, in parse
    loader.exec_module(new_module)
  File "<frozen importlib._bootstrap_external>", line 995, in exec_module
  File "<frozen importlib._bootstrap>", line 488, in _call_with_frames_removed
  File "/opt/airflow/dags/dbt.py", line 2, in <module>
    from airflow.providers.standard.operators.bash import BashOperator
ModuleNotFoundError: No module named 'airflow.providers.standard'
[2026-03-16T00:49:35.466+0000] {processor.py:842} WARNING - No viable dags retrieved from /opt/airflow/dags/dbt.py
[2026-03-16T00:49:35.499+0000] {processor.py:183} INFO - Processing /opt/airflow/dags/dbt.py took 0.077 seconds
[2026-03-16T00:50:05.949+0000] {processor.py:161} INFO - Started process (PID=4720) to work on /opt/airflow/dags/dbt.py
[2026-03-16T00:50:05.953+0000] {processor.py:830} INFO - Processing file /opt/airflow/dags/dbt.py for tasks to queue
[2026-03-16T00:50:05.958+0000] {logging_mixin.py:188} INFO - [2026-03-16T00:50:05.957+0000] {dagbag.py:545} INFO - Filling up the DagBag from /opt/airflow/dags/dbt.py
[2026-03-16T00:50:05.970+0000] {logging_mixin.py:188} INFO - [2026-03-16T00:50:05.964+0000] {dagbag.py:355} ERROR - Failed to import: /opt/airflow/dags/dbt.py
Traceback (most recent call last):
  File "/home/airflow/.local/lib/python3.12/site-packages/airflow/models/dagbag.py", line 351, in parse
    loader.exec_module(new_module)
  File "<frozen importlib._bootstrap_external>", line 995, in exec_module
  File "<frozen importlib._bootstrap>", line 488, in _call_with_frames_removed
  File "/opt/airflow/dags/dbt.py", line 2, in <module>
    from airflow.providers.standard.operators.bash import BashOperator
ModuleNotFoundError: No module named 'airflow.providers.standard'
[2026-03-16T00:50:05.970+0000] {processor.py:842} WARNING - No viable dags retrieved from /opt/airflow/dags/dbt.py
[2026-03-16T00:50:06.007+0000] {processor.py:183} INFO - Processing /opt/airflow/dags/dbt.py took 0.083 seconds
[2026-03-16T00:50:36.457+0000] {processor.py:161} INFO - Started process (PID=4722) to work on /opt/airflow/dags/dbt.py
[2026-03-16T00:50:36.459+0000] {processor.py:830} INFO - Processing file /opt/airflow/dags/dbt.py for tasks to queue
[2026-03-16T00:50:36.464+0000] {logging_mixin.py:188} INFO - [2026-03-16T00:50:36.463+0000] {dagbag.py:545} INFO - Filling up the DagBag from /opt/airflow/dags/dbt.py
[2026-03-16T00:50:36.477+0000] {logging_mixin.py:188} INFO - [2026-03-16T00:50:36.472+0000] {dagbag.py:355} ERROR - Failed to import: /opt/airflow/dags/dbt.py
Traceback (most recent call last):
  File "/home/airflow/.local/lib/python3.12/site-packages/airflow/models/dagbag.py", line 351, in parse
    loader.exec_module(new_module)
  File "<frozen importlib._bootstrap_external>", line 995, in exec_module
  File "<frozen importlib._bootstrap>", line 488, in _call_with_frames_removed
  File "/opt/airflow/dags/dbt.py", line 2, in <module>
    from airflow.providers.standard.operators.bash import BashOperator
ModuleNotFoundError: No module named 'airflow.providers.standard'
[2026-03-16T00:50:36.478+0000] {processor.py:842} WARNING - No viable dags retrieved from /opt/airflow/dags/dbt.py
[2026-03-16T00:50:36.508+0000] {processor.py:183} INFO - Processing /opt/airflow/dags/dbt.py took 0.080 seconds
[2026-03-16T00:51:06.919+0000] {processor.py:161} INFO - Started process (PID=4724) to work on /opt/airflow/dags/dbt.py
[2026-03-16T00:51:06.920+0000] {processor.py:830} INFO - Processing file /opt/airflow/dags/dbt.py for tasks to queue
[2026-03-16T00:51:06.927+0000] {logging_mixin.py:188} INFO - [2026-03-16T00:51:06.926+0000] {dagbag.py:545} INFO - Filling up the DagBag from /opt/airflow/dags/dbt.py
[2026-03-16T00:51:06.935+0000] {logging_mixin.py:188} INFO - [2026-03-16T00:51:06.933+0000] {dagbag.py:355} ERROR - Failed to import: /opt/airflow/dags/dbt.py
Traceback (most recent call last):
  File "/home/airflow/.local/lib/python3.12/site-packages/airflow/models/dagbag.py", line 351, in parse
    loader.exec_module(new_module)
  File "<frozen importlib._bootstrap_external>", line 995, in exec_module
  File "<frozen importlib._bootstrap>", line 488, in _call_with_frames_removed
  File "/opt/airflow/dags/dbt.py", line 2, in <module>
    from airflow.providers.standard.operators.bash import BashOperator
ModuleNotFoundError: No module named 'airflow.providers.standard'
[2026-03-16T00:51:06.938+0000] {processor.py:842} WARNING - No viable dags retrieved from /opt/airflow/dags/dbt.py
[2026-03-16T00:51:06.988+0000] {processor.py:183} INFO - Processing /opt/airflow/dags/dbt.py took 0.098 seconds
[2026-03-16T00:51:37.403+0000] {processor.py:161} INFO - Started process (PID=4726) to work on /opt/airflow/dags/dbt.py
[2026-03-16T00:51:37.406+0000] {processor.py:830} INFO - Processing file /opt/airflow/dags/dbt.py for tasks to queue
[2026-03-16T00:51:37.414+0000] {logging_mixin.py:188} INFO - [2026-03-16T00:51:37.413+0000] {dagbag.py:545} INFO - Filling up the DagBag from /opt/airflow/dags/dbt.py
[2026-03-16T00:51:37.429+0000] {logging_mixin.py:188} INFO - [2026-03-16T00:51:37.424+0000] {dagbag.py:355} ERROR - Failed to import: /opt/airflow/dags/dbt.py
Traceback (most recent call last):
  File "/home/airflow/.local/lib/python3.12/site-packages/airflow/models/dagbag.py", line 351, in parse
    loader.exec_module(new_module)
  File "<frozen importlib._bootstrap_external>", line 995, in exec_module
  File "<frozen importlib._bootstrap>", line 488, in _call_with_frames_removed
  File "/opt/airflow/dags/dbt.py", line 2, in <module>
    from airflow.providers.standard.operators.bash import BashOperator
ModuleNotFoundError: No module named 'airflow.providers.standard'
[2026-03-16T00:51:37.429+0000] {processor.py:842} WARNING - No viable dags retrieved from /opt/airflow/dags/dbt.py
[2026-03-16T00:51:37.460+0000] {processor.py:183} INFO - Processing /opt/airflow/dags/dbt.py took 0.088 seconds
[2026-03-16T00:52:07.925+0000] {processor.py:161} INFO - Started process (PID=4728) to work on /opt/airflow/dags/dbt.py
[2026-03-16T00:52:07.927+0000] {processor.py:830} INFO - Processing file /opt/airflow/dags/dbt.py for tasks to queue
[2026-03-16T00:52:07.932+0000] {logging_mixin.py:188} INFO - [2026-03-16T00:52:07.931+0000] {dagbag.py:545} INFO - Filling up the DagBag from /opt/airflow/dags/dbt.py
[2026-03-16T00:52:07.947+0000] {logging_mixin.py:188} INFO - [2026-03-16T00:52:07.940+0000] {dagbag.py:355} ERROR - Failed to import: /opt/airflow/dags/dbt.py
Traceback (most recent call last):
  File "/home/airflow/.local/lib/python3.12/site-packages/airflow/models/dagbag.py", line 351, in parse
    loader.exec_module(new_module)
  File "<frozen importlib._bootstrap_external>", line 995, in exec_module
  File "<frozen importlib._bootstrap>", line 488, in _call_with_frames_removed
  File "/opt/airflow/dags/dbt.py", line 2, in <module>
    from airflow.providers.standard.operators.bash import BashOperator
ModuleNotFoundError: No module named 'airflow.providers.standard'
[2026-03-16T00:52:07.948+0000] {processor.py:842} WARNING - No viable dags retrieved from /opt/airflow/dags/dbt.py
[2026-03-16T00:52:07.981+0000] {processor.py:183} INFO - Processing /opt/airflow/dags/dbt.py took 0.086 seconds
[2026-03-16T00:52:38.497+0000] {processor.py:161} INFO - Started process (PID=4730) to work on /opt/airflow/dags/dbt.py
[2026-03-16T00:52:38.500+0000] {processor.py:830} INFO - Processing file /opt/airflow/dags/dbt.py for tasks to queue
[2026-03-16T00:52:38.505+0000] {logging_mixin.py:188} INFO - [2026-03-16T00:52:38.505+0000] {dagbag.py:545} INFO - Filling up the DagBag from /opt/airflow/dags/dbt.py
[2026-03-16T00:52:38.513+0000] {logging_mixin.py:188} INFO - [2026-03-16T00:52:38.511+0000] {dagbag.py:355} ERROR - Failed to import: /opt/airflow/dags/dbt.py
Traceback (most recent call last):
  File "/home/airflow/.local/lib/python3.12/site-packages/airflow/models/dagbag.py", line 351, in parse
    loader.exec_module(new_module)
  File "<frozen importlib._bootstrap_external>", line 995, in exec_module
  File "<frozen importlib._bootstrap>", line 488, in _call_with_frames_removed
  File "/opt/airflow/dags/dbt.py", line 2, in <module>
    from airflow.providers.standard.operators.bash import BashOperator
ModuleNotFoundError: No module named 'airflow.providers.standard'
[2026-03-16T00:52:38.514+0000] {processor.py:842} WARNING - No viable dags retrieved from /opt/airflow/dags/dbt.py
[2026-03-16T00:52:38.540+0000] {processor.py:183} INFO - Processing /opt/airflow/dags/dbt.py took 0.059 seconds
[2026-03-16T00:53:08.963+0000] {processor.py:161} INFO - Started process (PID=4732) to work on /opt/airflow/dags/dbt.py
[2026-03-16T00:53:08.965+0000] {processor.py:830} INFO - Processing file /opt/airflow/dags/dbt.py for tasks to queue
[2026-03-16T00:53:08.969+0000] {logging_mixin.py:188} INFO - [2026-03-16T00:53:08.968+0000] {dagbag.py:545} INFO - Filling up the DagBag from /opt/airflow/dags/dbt.py
[2026-03-16T00:53:08.981+0000] {logging_mixin.py:188} INFO - [2026-03-16T00:53:08.978+0000] {dagbag.py:355} ERROR - Failed to import: /opt/airflow/dags/dbt.py
Traceback (most recent call last):
  File "/home/airflow/.local/lib/python3.12/site-packages/airflow/models/dagbag.py", line 351, in parse
    loader.exec_module(new_module)
  File "<frozen importlib._bootstrap_external>", line 995, in exec_module
  File "<frozen importlib._bootstrap>", line 488, in _call_with_frames_removed
  File "/opt/airflow/dags/dbt.py", line 2, in <module>
    from airflow.providers.standard.operators.bash import BashOperator
ModuleNotFoundError: No module named 'airflow.providers.standard'
[2026-03-16T00:53:08.982+0000] {processor.py:842} WARNING - No viable dags retrieved from /opt/airflow/dags/dbt.py
[2026-03-16T00:53:09.030+0000] {processor.py:183} INFO - Processing /opt/airflow/dags/dbt.py took 0.093 seconds
[2026-03-16T00:53:39.479+0000] {processor.py:161} INFO - Started process (PID=4734) to work on /opt/airflow/dags/dbt.py
[2026-03-16T00:53:39.481+0000] {processor.py:830} INFO - Processing file /opt/airflow/dags/dbt.py for tasks to queue
[2026-03-16T00:53:39.487+0000] {logging_mixin.py:188} INFO - [2026-03-16T00:53:39.486+0000] {dagbag.py:545} INFO - Filling up the DagBag from /opt/airflow/dags/dbt.py
[2026-03-16T00:53:39.497+0000] {logging_mixin.py:188} INFO - [2026-03-16T00:53:39.494+0000] {dagbag.py:355} ERROR - Failed to import: /opt/airflow/dags/dbt.py
Traceback (most recent call last):
  File "/home/airflow/.local/lib/python3.12/site-packages/airflow/models/dagbag.py", line 351, in parse
    loader.exec_module(new_module)
  File "<frozen importlib._bootstrap_external>", line 995, in exec_module
  File "<frozen importlib._bootstrap>", line 488, in _call_with_frames_removed
  File "/opt/airflow/dags/dbt.py", line 2, in <module>
    from airflow.providers.standard.operators.bash import BashOperator
ModuleNotFoundError: No module named 'airflow.providers.standard'
[2026-03-16T00:53:39.497+0000] {processor.py:842} WARNING - No viable dags retrieved from /opt/airflow/dags/dbt.py
[2026-03-16T00:53:39.535+0000] {processor.py:183} INFO - Processing /opt/airflow/dags/dbt.py took 0.071 seconds
[2026-03-16T00:54:09.986+0000] {processor.py:161} INFO - Started process (PID=4736) to work on /opt/airflow/dags/dbt.py
[2026-03-16T00:54:09.988+0000] {processor.py:830} INFO - Processing file /opt/airflow/dags/dbt.py for tasks to queue
[2026-03-16T00:54:09.996+0000] {logging_mixin.py:188} INFO - [2026-03-16T00:54:09.995+0000] {dagbag.py:545} INFO - Filling up the DagBag from /opt/airflow/dags/dbt.py
[2026-03-16T00:54:10.007+0000] {logging_mixin.py:188} INFO - [2026-03-16T00:54:10.002+0000] {dagbag.py:355} ERROR - Failed to import: /opt/airflow/dags/dbt.py
Traceback (most recent call last):
  File "/home/airflow/.local/lib/python3.12/site-packages/airflow/models/dagbag.py", line 351, in parse
    loader.exec_module(new_module)
  File "<frozen importlib._bootstrap_external>", line 995, in exec_module
  File "<frozen importlib._bootstrap>", line 488, in _call_with_frames_removed
  File "/opt/airflow/dags/dbt.py", line 2, in <module>
    from airflow.providers.standard.operators.bash import BashOperator
ModuleNotFoundError: No module named 'airflow.providers.standard'
[2026-03-16T00:54:10.008+0000] {processor.py:842} WARNING - No viable dags retrieved from /opt/airflow/dags/dbt.py
[2026-03-16T00:54:10.044+0000] {processor.py:183} INFO - Processing /opt/airflow/dags/dbt.py took 0.085 seconds
[2026-03-16T00:54:40.533+0000] {processor.py:161} INFO - Started process (PID=4738) to work on /opt/airflow/dags/dbt.py
[2026-03-16T00:54:40.534+0000] {processor.py:830} INFO - Processing file /opt/airflow/dags/dbt.py for tasks to queue
[2026-03-16T00:54:40.542+0000] {logging_mixin.py:188} INFO - [2026-03-16T00:54:40.541+0000] {dagbag.py:545} INFO - Filling up the DagBag from /opt/airflow/dags/dbt.py
[2026-03-16T00:54:40.551+0000] {logging_mixin.py:188} INFO - [2026-03-16T00:54:40.550+0000] {dagbag.py:355} ERROR - Failed to import: /opt/airflow/dags/dbt.py
Traceback (most recent call last):
  File "/home/airflow/.local/lib/python3.12/site-packages/airflow/models/dagbag.py", line 351, in parse
    loader.exec_module(new_module)
  File "<frozen importlib._bootstrap_external>", line 995, in exec_module
  File "<frozen importlib._bootstrap>", line 488, in _call_with_frames_removed
  File "/opt/airflow/dags/dbt.py", line 2, in <module>
    from airflow.providers.standard.operators.bash import BashOperator
ModuleNotFoundError: No module named 'airflow.providers.standard'
[2026-03-16T00:54:40.552+0000] {processor.py:842} WARNING - No viable dags retrieved from /opt/airflow/dags/dbt.py
[2026-03-16T00:54:40.594+0000] {processor.py:183} INFO - Processing /opt/airflow/dags/dbt.py took 0.087 seconds
[2026-03-16T00:55:11.081+0000] {processor.py:161} INFO - Started process (PID=4740) to work on /opt/airflow/dags/dbt.py
[2026-03-16T00:55:11.083+0000] {processor.py:830} INFO - Processing file /opt/airflow/dags/dbt.py for tasks to queue
[2026-03-16T00:55:11.087+0000] {logging_mixin.py:188} INFO - [2026-03-16T00:55:11.086+0000] {dagbag.py:545} INFO - Filling up the DagBag from /opt/airflow/dags/dbt.py
[2026-03-16T00:55:11.095+0000] {logging_mixin.py:188} INFO - [2026-03-16T00:55:11.092+0000] {dagbag.py:355} ERROR - Failed to import: /opt/airflow/dags/dbt.py
Traceback (most recent call last):
  File "/home/airflow/.local/lib/python3.12/site-packages/airflow/models/dagbag.py", line 351, in parse
    loader.exec_module(new_module)
  File "<frozen importlib._bootstrap_external>", line 995, in exec_module
  File "<frozen importlib._bootstrap>", line 488, in _call_with_frames_removed
  File "/opt/airflow/dags/dbt.py", line 2, in <module>
    from airflow.providers.standard.operators.bash import BashOperator
ModuleNotFoundError: No module named 'airflow.providers.standard'
[2026-03-16T00:55:11.099+0000] {processor.py:842} WARNING - No viable dags retrieved from /opt/airflow/dags/dbt.py
[2026-03-16T00:55:11.126+0000] {processor.py:183} INFO - Processing /opt/airflow/dags/dbt.py took 0.060 seconds
[2026-03-16T00:55:41.538+0000] {processor.py:161} INFO - Started process (PID=4742) to work on /opt/airflow/dags/dbt.py
[2026-03-16T00:55:41.541+0000] {processor.py:830} INFO - Processing file /opt/airflow/dags/dbt.py for tasks to queue
[2026-03-16T00:55:41.545+0000] {logging_mixin.py:188} INFO - [2026-03-16T00:55:41.545+0000] {dagbag.py:545} INFO - Filling up the DagBag from /opt/airflow/dags/dbt.py
[2026-03-16T00:55:41.555+0000] {logging_mixin.py:188} INFO - [2026-03-16T00:55:41.550+0000] {dagbag.py:355} ERROR - Failed to import: /opt/airflow/dags/dbt.py
Traceback (most recent call last):
  File "/home/airflow/.local/lib/python3.12/site-packages/airflow/models/dagbag.py", line 351, in parse
    loader.exec_module(new_module)
  File "<frozen importlib._bootstrap_external>", line 995, in exec_module
  File "<frozen importlib._bootstrap>", line 488, in _call_with_frames_removed
  File "/opt/airflow/dags/dbt.py", line 2, in <module>
    from airflow.providers.standard.operators.bash import BashOperator
ModuleNotFoundError: No module named 'airflow.providers.standard'
[2026-03-16T00:55:41.555+0000] {processor.py:842} WARNING - No viable dags retrieved from /opt/airflow/dags/dbt.py
[2026-03-16T00:55:41.583+0000] {processor.py:183} INFO - Processing /opt/airflow/dags/dbt.py took 0.061 seconds
[2026-03-16T00:56:11.979+0000] {processor.py:161} INFO - Started process (PID=4744) to work on /opt/airflow/dags/dbt.py
[2026-03-16T00:56:11.981+0000] {processor.py:830} INFO - Processing file /opt/airflow/dags/dbt.py for tasks to queue
[2026-03-16T00:56:11.989+0000] {logging_mixin.py:188} INFO - [2026-03-16T00:56:11.987+0000] {dagbag.py:545} INFO - Filling up the DagBag from /opt/airflow/dags/dbt.py
[2026-03-16T00:56:11.996+0000] {logging_mixin.py:188} INFO - [2026-03-16T00:56:11.994+0000] {dagbag.py:355} ERROR - Failed to import: /opt/airflow/dags/dbt.py
Traceback (most recent call last):
  File "/home/airflow/.local/lib/python3.12/site-packages/airflow/models/dagbag.py", line 351, in parse
    loader.exec_module(new_module)
  File "<frozen importlib._bootstrap_external>", line 995, in exec_module
  File "<frozen importlib._bootstrap>", line 488, in _call_with_frames_removed
  File "/opt/airflow/dags/dbt.py", line 2, in <module>
    from airflow.providers.standard.operators.bash import BashOperator
ModuleNotFoundError: No module named 'airflow.providers.standard'
[2026-03-16T00:56:11.997+0000] {processor.py:842} WARNING - No viable dags retrieved from /opt/airflow/dags/dbt.py
[2026-03-16T00:56:12.033+0000] {processor.py:183} INFO - Processing /opt/airflow/dags/dbt.py took 0.080 seconds
[2026-03-16T00:56:42.492+0000] {processor.py:161} INFO - Started process (PID=4746) to work on /opt/airflow/dags/dbt.py
[2026-03-16T00:56:42.494+0000] {processor.py:830} INFO - Processing file /opt/airflow/dags/dbt.py for tasks to queue
[2026-03-16T00:56:42.502+0000] {logging_mixin.py:188} INFO - [2026-03-16T00:56:42.501+0000] {dagbag.py:545} INFO - Filling up the DagBag from /opt/airflow/dags/dbt.py
[2026-03-16T00:56:42.512+0000] {logging_mixin.py:188} INFO - [2026-03-16T00:56:42.511+0000] {dagbag.py:355} ERROR - Failed to import: /opt/airflow/dags/dbt.py
Traceback (most recent call last):
  File "/home/airflow/.local/lib/python3.12/site-packages/airflow/models/dagbag.py", line 351, in parse
    loader.exec_module(new_module)
  File "<frozen importlib._bootstrap_external>", line 995, in exec_module
  File "<frozen importlib._bootstrap>", line 488, in _call_with_frames_removed
  File "/opt/airflow/dags/dbt.py", line 2, in <module>
    from airflow.providers.standard.operators.bash import BashOperator
ModuleNotFoundError: No module named 'airflow.providers.standard'
[2026-03-16T00:56:42.512+0000] {processor.py:842} WARNING - No viable dags retrieved from /opt/airflow/dags/dbt.py
[2026-03-16T00:56:42.548+0000] {processor.py:183} INFO - Processing /opt/airflow/dags/dbt.py took 0.099 seconds
[2026-03-16T00:57:12.947+0000] {processor.py:161} INFO - Started process (PID=4748) to work on /opt/airflow/dags/dbt.py
[2026-03-16T00:57:12.949+0000] {processor.py:830} INFO - Processing file /opt/airflow/dags/dbt.py for tasks to queue
[2026-03-16T00:57:12.954+0000] {logging_mixin.py:188} INFO - [2026-03-16T00:57:12.954+0000] {dagbag.py:545} INFO - Filling up the DagBag from /opt/airflow/dags/dbt.py
[2026-03-16T00:57:12.966+0000] {logging_mixin.py:188} INFO - [2026-03-16T00:57:12.963+0000] {dagbag.py:355} ERROR - Failed to import: /opt/airflow/dags/dbt.py
Traceback (most recent call last):
  File "/home/airflow/.local/lib/python3.12/site-packages/airflow/models/dagbag.py", line 351, in parse
    loader.exec_module(new_module)
  File "<frozen importlib._bootstrap_external>", line 995, in exec_module
  File "<frozen importlib._bootstrap>", line 488, in _call_with_frames_removed
  File "/opt/airflow/dags/dbt.py", line 2, in <module>
    from airflow.providers.standard.operators.bash import BashOperator
ModuleNotFoundError: No module named 'airflow.providers.standard'
[2026-03-16T00:57:12.968+0000] {processor.py:842} WARNING - No viable dags retrieved from /opt/airflow/dags/dbt.py
[2026-03-16T00:57:13.011+0000] {processor.py:183} INFO - Processing /opt/airflow/dags/dbt.py took 0.088 seconds
[2026-03-16T00:57:43.428+0000] {processor.py:161} INFO - Started process (PID=4750) to work on /opt/airflow/dags/dbt.py
[2026-03-16T00:57:43.431+0000] {processor.py:830} INFO - Processing file /opt/airflow/dags/dbt.py for tasks to queue
[2026-03-16T00:57:43.437+0000] {logging_mixin.py:188} INFO - [2026-03-16T00:57:43.436+0000] {dagbag.py:545} INFO - Filling up the DagBag from /opt/airflow/dags/dbt.py
[2026-03-16T00:57:43.447+0000] {logging_mixin.py:188} INFO - [2026-03-16T00:57:43.445+0000] {dagbag.py:355} ERROR - Failed to import: /opt/airflow/dags/dbt.py
Traceback (most recent call last):
  File "/home/airflow/.local/lib/python3.12/site-packages/airflow/models/dagbag.py", line 351, in parse
    loader.exec_module(new_module)
  File "<frozen importlib._bootstrap_external>", line 995, in exec_module
  File "<frozen importlib._bootstrap>", line 488, in _call_with_frames_removed
  File "/opt/airflow/dags/dbt.py", line 2, in <module>
    from airflow.providers.standard.operators.bash import BashOperator
ModuleNotFoundError: No module named 'airflow.providers.standard'
[2026-03-16T00:57:43.447+0000] {processor.py:842} WARNING - No viable dags retrieved from /opt/airflow/dags/dbt.py
[2026-03-16T00:57:43.471+0000] {processor.py:183} INFO - Processing /opt/airflow/dags/dbt.py took 0.059 seconds
[2026-03-16T00:58:13.912+0000] {processor.py:161} INFO - Started process (PID=4752) to work on /opt/airflow/dags/dbt.py
[2026-03-16T00:58:13.913+0000] {processor.py:830} INFO - Processing file /opt/airflow/dags/dbt.py for tasks to queue
[2026-03-16T00:58:13.920+0000] {logging_mixin.py:188} INFO - [2026-03-16T00:58:13.919+0000] {dagbag.py:545} INFO - Filling up the DagBag from /opt/airflow/dags/dbt.py
[2026-03-16T00:58:13.930+0000] {logging_mixin.py:188} INFO - [2026-03-16T00:58:13.926+0000] {dagbag.py:355} ERROR - Failed to import: /opt/airflow/dags/dbt.py
Traceback (most recent call last):
  File "/home/airflow/.local/lib/python3.12/site-packages/airflow/models/dagbag.py", line 351, in parse
    loader.exec_module(new_module)
  File "<frozen importlib._bootstrap_external>", line 995, in exec_module
  File "<frozen importlib._bootstrap>", line 488, in _call_with_frames_removed
  File "/opt/airflow/dags/dbt.py", line 2, in <module>
    from airflow.providers.standard.operators.bash import BashOperator
ModuleNotFoundError: No module named 'airflow.providers.standard'
[2026-03-16T00:58:13.931+0000] {processor.py:842} WARNING - No viable dags retrieved from /opt/airflow/dags/dbt.py
[2026-03-16T00:58:13.970+0000] {processor.py:183} INFO - Processing /opt/airflow/dags/dbt.py took 0.082 seconds
[2026-03-16T00:58:44.331+0000] {processor.py:161} INFO - Started process (PID=4754) to work on /opt/airflow/dags/dbt.py
[2026-03-16T00:58:44.333+0000] {processor.py:830} INFO - Processing file /opt/airflow/dags/dbt.py for tasks to queue
[2026-03-16T00:58:44.342+0000] {logging_mixin.py:188} INFO - [2026-03-16T00:58:44.341+0000] {dagbag.py:545} INFO - Filling up the DagBag from /opt/airflow/dags/dbt.py
[2026-03-16T00:58:44.348+0000] {logging_mixin.py:188} INFO - [2026-03-16T00:58:44.347+0000] {dagbag.py:355} ERROR - Failed to import: /opt/airflow/dags/dbt.py
Traceback (most recent call last):
  File "/home/airflow/.local/lib/python3.12/site-packages/airflow/models/dagbag.py", line 351, in parse
    loader.exec_module(new_module)
  File "<frozen importlib._bootstrap_external>", line 995, in exec_module
  File "<frozen importlib._bootstrap>", line 488, in _call_with_frames_removed
  File "/opt/airflow/dags/dbt.py", line 2, in <module>
    from airflow.providers.standard.operators.bash import BashOperator
ModuleNotFoundError: No module named 'airflow.providers.standard'
[2026-03-16T00:58:44.349+0000] {processor.py:842} WARNING - No viable dags retrieved from /opt/airflow/dags/dbt.py
[2026-03-16T00:58:44.384+0000] {processor.py:183} INFO - Processing /opt/airflow/dags/dbt.py took 0.073 seconds
[2026-03-16T00:59:14.780+0000] {processor.py:161} INFO - Started process (PID=4756) to work on /opt/airflow/dags/dbt.py
[2026-03-16T00:59:14.782+0000] {processor.py:830} INFO - Processing file /opt/airflow/dags/dbt.py for tasks to queue
[2026-03-16T00:59:14.786+0000] {logging_mixin.py:188} INFO - [2026-03-16T00:59:14.786+0000] {dagbag.py:545} INFO - Filling up the DagBag from /opt/airflow/dags/dbt.py
[2026-03-16T00:59:14.802+0000] {logging_mixin.py:188} INFO - [2026-03-16T00:59:14.799+0000] {dagbag.py:355} ERROR - Failed to import: /opt/airflow/dags/dbt.py
Traceback (most recent call last):
  File "/home/airflow/.local/lib/python3.12/site-packages/airflow/models/dagbag.py", line 351, in parse
    loader.exec_module(new_module)
  File "<frozen importlib._bootstrap_external>", line 995, in exec_module
  File "<frozen importlib._bootstrap>", line 488, in _call_with_frames_removed
  File "/opt/airflow/dags/dbt.py", line 2, in <module>
    from airflow.providers.standard.operators.bash import BashOperator
ModuleNotFoundError: No module named 'airflow.providers.standard'
[2026-03-16T00:59:14.802+0000] {processor.py:842} WARNING - No viable dags retrieved from /opt/airflow/dags/dbt.py
[2026-03-16T00:59:14.840+0000] {processor.py:183} INFO - Processing /opt/airflow/dags/dbt.py took 0.092 seconds
[2026-03-16T00:59:45.190+0000] {processor.py:161} INFO - Started process (PID=4758) to work on /opt/airflow/dags/dbt.py
[2026-03-16T00:59:45.192+0000] {processor.py:830} INFO - Processing file /opt/airflow/dags/dbt.py for tasks to queue
[2026-03-16T00:59:45.198+0000] {logging_mixin.py:188} INFO - [2026-03-16T00:59:45.197+0000] {dagbag.py:545} INFO - Filling up the DagBag from /opt/airflow/dags/dbt.py
[2026-03-16T00:59:45.208+0000] {logging_mixin.py:188} INFO - [2026-03-16T00:59:45.207+0000] {dagbag.py:355} ERROR - Failed to import: /opt/airflow/dags/dbt.py
Traceback (most recent call last):
  File "/home/airflow/.local/lib/python3.12/site-packages/airflow/models/dagbag.py", line 351, in parse
    loader.exec_module(new_module)
  File "<frozen importlib._bootstrap_external>", line 995, in exec_module
  File "<frozen importlib._bootstrap>", line 488, in _call_with_frames_removed
  File "/opt/airflow/dags/dbt.py", line 2, in <module>
    from airflow.providers.standard.operators.bash import BashOperator
ModuleNotFoundError: No module named 'airflow.providers.standard'
[2026-03-16T00:59:45.209+0000] {processor.py:842} WARNING - No viable dags retrieved from /opt/airflow/dags/dbt.py
[2026-03-16T00:59:45.241+0000] {processor.py:183} INFO - Processing /opt/airflow/dags/dbt.py took 0.067 seconds
[2026-03-16T01:00:15.619+0000] {processor.py:161} INFO - Started process (PID=4760) to work on /opt/airflow/dags/dbt.py
[2026-03-16T01:00:15.622+0000] {processor.py:830} INFO - Processing file /opt/airflow/dags/dbt.py for tasks to queue
[2026-03-16T01:00:15.630+0000] {logging_mixin.py:188} INFO - [2026-03-16T01:00:15.630+0000] {dagbag.py:545} INFO - Filling up the DagBag from /opt/airflow/dags/dbt.py
[2026-03-16T01:00:15.645+0000] {logging_mixin.py:188} INFO - [2026-03-16T01:00:15.640+0000] {dagbag.py:355} ERROR - Failed to import: /opt/airflow/dags/dbt.py
Traceback (most recent call last):
  File "/home/airflow/.local/lib/python3.12/site-packages/airflow/models/dagbag.py", line 351, in parse
    loader.exec_module(new_module)
  File "<frozen importlib._bootstrap_external>", line 995, in exec_module
  File "<frozen importlib._bootstrap>", line 488, in _call_with_frames_removed
  File "/opt/airflow/dags/dbt.py", line 2, in <module>
    from airflow.providers.standard.operators.bash import BashOperator
ModuleNotFoundError: No module named 'airflow.providers.standard'
[2026-03-16T01:00:15.646+0000] {processor.py:842} WARNING - No viable dags retrieved from /opt/airflow/dags/dbt.py
[2026-03-16T01:00:15.684+0000] {processor.py:183} INFO - Processing /opt/airflow/dags/dbt.py took 0.089 seconds
[2026-03-16T01:00:46.046+0000] {processor.py:161} INFO - Started process (PID=4762) to work on /opt/airflow/dags/dbt.py
[2026-03-16T01:00:46.049+0000] {processor.py:830} INFO - Processing file /opt/airflow/dags/dbt.py for tasks to queue
[2026-03-16T01:00:46.055+0000] {logging_mixin.py:188} INFO - [2026-03-16T01:00:46.054+0000] {dagbag.py:545} INFO - Filling up the DagBag from /opt/airflow/dags/dbt.py
[2026-03-16T01:00:46.063+0000] {logging_mixin.py:188} INFO - [2026-03-16T01:00:46.061+0000] {dagbag.py:355} ERROR - Failed to import: /opt/airflow/dags/dbt.py
Traceback (most recent call last):
  File "/home/airflow/.local/lib/python3.12/site-packages/airflow/models/dagbag.py", line 351, in parse
    loader.exec_module(new_module)
  File "<frozen importlib._bootstrap_external>", line 995, in exec_module
  File "<frozen importlib._bootstrap>", line 488, in _call_with_frames_removed
  File "/opt/airflow/dags/dbt.py", line 2, in <module>
    from airflow.providers.standard.operators.bash import BashOperator
ModuleNotFoundError: No module named 'airflow.providers.standard'
[2026-03-16T01:00:46.065+0000] {processor.py:842} WARNING - No viable dags retrieved from /opt/airflow/dags/dbt.py
[2026-03-16T01:00:46.096+0000] {processor.py:183} INFO - Processing /opt/airflow/dags/dbt.py took 0.072 seconds
[2026-03-16T01:01:16.442+0000] {processor.py:161} INFO - Started process (PID=4764) to work on /opt/airflow/dags/dbt.py
[2026-03-16T01:01:16.443+0000] {processor.py:830} INFO - Processing file /opt/airflow/dags/dbt.py for tasks to queue
[2026-03-16T01:01:16.445+0000] {logging_mixin.py:188} INFO - [2026-03-16T01:01:16.445+0000] {dagbag.py:545} INFO - Filling up the DagBag from /opt/airflow/dags/dbt.py
[2026-03-16T01:01:16.449+0000] {logging_mixin.py:188} INFO - [2026-03-16T01:01:16.448+0000] {dagbag.py:355} ERROR - Failed to import: /opt/airflow/dags/dbt.py
Traceback (most recent call last):
  File "/home/airflow/.local/lib/python3.12/site-packages/airflow/models/dagbag.py", line 351, in parse
    loader.exec_module(new_module)
  File "<frozen importlib._bootstrap_external>", line 995, in exec_module
  File "<frozen importlib._bootstrap>", line 488, in _call_with_frames_removed
  File "/opt/airflow/dags/dbt.py", line 2, in <module>
    from airflow.providers.standard.operators.bash import BashOperator
ModuleNotFoundError: No module named 'airflow.providers.standard'
[2026-03-16T01:01:16.451+0000] {processor.py:842} WARNING - No viable dags retrieved from /opt/airflow/dags/dbt.py
[2026-03-16T01:01:16.480+0000] {processor.py:183} INFO - Processing /opt/airflow/dags/dbt.py took 0.047 seconds
[2026-03-16T01:01:46.817+0000] {processor.py:161} INFO - Started process (PID=4766) to work on /opt/airflow/dags/dbt.py
[2026-03-16T01:01:46.820+0000] {processor.py:830} INFO - Processing file /opt/airflow/dags/dbt.py for tasks to queue
[2026-03-16T01:01:46.825+0000] {logging_mixin.py:188} INFO - [2026-03-16T01:01:46.825+0000] {dagbag.py:545} INFO - Filling up the DagBag from /opt/airflow/dags/dbt.py
[2026-03-16T01:01:46.836+0000] {logging_mixin.py:188} INFO - [2026-03-16T01:01:46.832+0000] {dagbag.py:355} ERROR - Failed to import: /opt/airflow/dags/dbt.py
Traceback (most recent call last):
  File "/home/airflow/.local/lib/python3.12/site-packages/airflow/models/dagbag.py", line 351, in parse
    loader.exec_module(new_module)
  File "<frozen importlib._bootstrap_external>", line 995, in exec_module
  File "<frozen importlib._bootstrap>", line 488, in _call_with_frames_removed
  File "/opt/airflow/dags/dbt.py", line 2, in <module>
    from airflow.providers.standard.operators.bash import BashOperator
ModuleNotFoundError: No module named 'airflow.providers.standard'
[2026-03-16T01:01:46.837+0000] {processor.py:842} WARNING - No viable dags retrieved from /opt/airflow/dags/dbt.py
[2026-03-16T01:01:46.865+0000] {processor.py:183} INFO - Processing /opt/airflow/dags/dbt.py took 0.072 seconds
[2026-03-16T01:02:17.201+0000] {processor.py:161} INFO - Started process (PID=4768) to work on /opt/airflow/dags/dbt.py
[2026-03-16T01:02:17.204+0000] {processor.py:830} INFO - Processing file /opt/airflow/dags/dbt.py for tasks to queue
[2026-03-16T01:02:17.208+0000] {logging_mixin.py:188} INFO - [2026-03-16T01:02:17.207+0000] {dagbag.py:545} INFO - Filling up the DagBag from /opt/airflow/dags/dbt.py
[2026-03-16T01:02:17.215+0000] {logging_mixin.py:188} INFO - [2026-03-16T01:02:17.213+0000] {dagbag.py:355} ERROR - Failed to import: /opt/airflow/dags/dbt.py
Traceback (most recent call last):
  File "/home/airflow/.local/lib/python3.12/site-packages/airflow/models/dagbag.py", line 351, in parse
    loader.exec_module(new_module)
  File "<frozen importlib._bootstrap_external>", line 995, in exec_module
  File "<frozen importlib._bootstrap>", line 488, in _call_with_frames_removed
  File "/opt/airflow/dags/dbt.py", line 2, in <module>
    from airflow.providers.standard.operators.bash import BashOperator
ModuleNotFoundError: No module named 'airflow.providers.standard'
[2026-03-16T01:02:17.215+0000] {processor.py:842} WARNING - No viable dags retrieved from /opt/airflow/dags/dbt.py
[2026-03-16T01:02:17.248+0000] {processor.py:183} INFO - Processing /opt/airflow/dags/dbt.py took 0.058 seconds
[2026-03-16T01:02:47.649+0000] {processor.py:161} INFO - Started process (PID=4770) to work on /opt/airflow/dags/dbt.py
[2026-03-16T01:02:47.650+0000] {processor.py:830} INFO - Processing file /opt/airflow/dags/dbt.py for tasks to queue
[2026-03-16T01:02:47.658+0000] {logging_mixin.py:188} INFO - [2026-03-16T01:02:47.658+0000] {dagbag.py:545} INFO - Filling up the DagBag from /opt/airflow/dags/dbt.py
[2026-03-16T01:02:47.667+0000] {logging_mixin.py:188} INFO - [2026-03-16T01:02:47.665+0000] {dagbag.py:355} ERROR - Failed to import: /opt/airflow/dags/dbt.py
Traceback (most recent call last):
  File "/home/airflow/.local/lib/python3.12/site-packages/airflow/models/dagbag.py", line 351, in parse
    loader.exec_module(new_module)
  File "<frozen importlib._bootstrap_external>", line 995, in exec_module
  File "<frozen importlib._bootstrap>", line 488, in _call_with_frames_removed
  File "/opt/airflow/dags/dbt.py", line 2, in <module>
    from airflow.providers.standard.operators.bash import BashOperator
ModuleNotFoundError: No module named 'airflow.providers.standard'
[2026-03-16T01:02:47.667+0000] {processor.py:842} WARNING - No viable dags retrieved from /opt/airflow/dags/dbt.py
[2026-03-16T01:02:47.708+0000] {processor.py:183} INFO - Processing /opt/airflow/dags/dbt.py took 0.080 seconds
[2026-03-16T01:03:18.087+0000] {processor.py:161} INFO - Started process (PID=4772) to work on /opt/airflow/dags/dbt.py
[2026-03-16T01:03:18.088+0000] {processor.py:830} INFO - Processing file /opt/airflow/dags/dbt.py for tasks to queue
[2026-03-16T01:03:18.094+0000] {logging_mixin.py:188} INFO - [2026-03-16T01:03:18.093+0000] {dagbag.py:545} INFO - Filling up the DagBag from /opt/airflow/dags/dbt.py
[2026-03-16T01:03:18.106+0000] {logging_mixin.py:188} INFO - [2026-03-16T01:03:18.105+0000] {dagbag.py:355} ERROR - Failed to import: /opt/airflow/dags/dbt.py
Traceback (most recent call last):
  File "/home/airflow/.local/lib/python3.12/site-packages/airflow/models/dagbag.py", line 351, in parse
    loader.exec_module(new_module)
  File "<frozen importlib._bootstrap_external>", line 995, in exec_module
  File "<frozen importlib._bootstrap>", line 488, in _call_with_frames_removed
  File "/opt/airflow/dags/dbt.py", line 2, in <module>
    from airflow.providers.standard.operators.bash import BashOperator
ModuleNotFoundError: No module named 'airflow.providers.standard'
[2026-03-16T01:03:18.107+0000] {processor.py:842} WARNING - No viable dags retrieved from /opt/airflow/dags/dbt.py
[2026-03-16T01:03:18.145+0000] {processor.py:183} INFO - Processing /opt/airflow/dags/dbt.py took 0.085 seconds
[2026-03-16T01:03:48.562+0000] {processor.py:161} INFO - Started process (PID=4774) to work on /opt/airflow/dags/dbt.py
[2026-03-16T01:03:48.563+0000] {processor.py:830} INFO - Processing file /opt/airflow/dags/dbt.py for tasks to queue
[2026-03-16T01:03:48.567+0000] {logging_mixin.py:188} INFO - [2026-03-16T01:03:48.566+0000] {dagbag.py:545} INFO - Filling up the DagBag from /opt/airflow/dags/dbt.py
[2026-03-16T01:03:48.577+0000] {logging_mixin.py:188} INFO - [2026-03-16T01:03:48.573+0000] {dagbag.py:355} ERROR - Failed to import: /opt/airflow/dags/dbt.py
Traceback (most recent call last):
  File "/home/airflow/.local/lib/python3.12/site-packages/airflow/models/dagbag.py", line 351, in parse
    loader.exec_module(new_module)
  File "<frozen importlib._bootstrap_external>", line 995, in exec_module
  File "<frozen importlib._bootstrap>", line 488, in _call_with_frames_removed
  File "/opt/airflow/dags/dbt.py", line 2, in <module>
    from airflow.providers.standard.operators.bash import BashOperator
ModuleNotFoundError: No module named 'airflow.providers.standard'
[2026-03-16T01:03:48.578+0000] {processor.py:842} WARNING - No viable dags retrieved from /opt/airflow/dags/dbt.py
[2026-03-16T01:03:48.610+0000] {processor.py:183} INFO - Processing /opt/airflow/dags/dbt.py took 0.064 seconds
[2026-03-16T01:04:19.011+0000] {processor.py:161} INFO - Started process (PID=4776) to work on /opt/airflow/dags/dbt.py
[2026-03-16T01:04:19.013+0000] {processor.py:830} INFO - Processing file /opt/airflow/dags/dbt.py for tasks to queue
[2026-03-16T01:04:19.021+0000] {logging_mixin.py:188} INFO - [2026-03-16T01:04:19.021+0000] {dagbag.py:545} INFO - Filling up the DagBag from /opt/airflow/dags/dbt.py
[2026-03-16T01:04:19.036+0000] {logging_mixin.py:188} INFO - [2026-03-16T01:04:19.031+0000] {dagbag.py:355} ERROR - Failed to import: /opt/airflow/dags/dbt.py
Traceback (most recent call last):
  File "/home/airflow/.local/lib/python3.12/site-packages/airflow/models/dagbag.py", line 351, in parse
    loader.exec_module(new_module)
  File "<frozen importlib._bootstrap_external>", line 995, in exec_module
  File "<frozen importlib._bootstrap>", line 488, in _call_with_frames_removed
  File "/opt/airflow/dags/dbt.py", line 2, in <module>
    from airflow.providers.standard.operators.bash import BashOperator
ModuleNotFoundError: No module named 'airflow.providers.standard'
[2026-03-16T01:04:19.036+0000] {processor.py:842} WARNING - No viable dags retrieved from /opt/airflow/dags/dbt.py
[2026-03-16T01:04:19.070+0000] {processor.py:183} INFO - Processing /opt/airflow/dags/dbt.py took 0.081 seconds
[2026-03-16T01:04:49.435+0000] {processor.py:161} INFO - Started process (PID=4778) to work on /opt/airflow/dags/dbt.py
[2026-03-16T01:04:49.439+0000] {processor.py:830} INFO - Processing file /opt/airflow/dags/dbt.py for tasks to queue
[2026-03-16T01:04:49.444+0000] {logging_mixin.py:188} INFO - [2026-03-16T01:04:49.444+0000] {dagbag.py:545} INFO - Filling up the DagBag from /opt/airflow/dags/dbt.py
[2026-03-16T01:04:49.450+0000] {logging_mixin.py:188} INFO - [2026-03-16T01:04:49.449+0000] {dagbag.py:355} ERROR - Failed to import: /opt/airflow/dags/dbt.py
Traceback (most recent call last):
  File "/home/airflow/.local/lib/python3.12/site-packages/airflow/models/dagbag.py", line 351, in parse
    loader.exec_module(new_module)
  File "<frozen importlib._bootstrap_external>", line 995, in exec_module
  File "<frozen importlib._bootstrap>", line 488, in _call_with_frames_removed
  File "/opt/airflow/dags/dbt.py", line 2, in <module>
    from airflow.providers.standard.operators.bash import BashOperator
ModuleNotFoundError: No module named 'airflow.providers.standard'
[2026-03-16T01:04:49.451+0000] {processor.py:842} WARNING - No viable dags retrieved from /opt/airflow/dags/dbt.py
[2026-03-16T01:04:49.488+0000] {processor.py:183} INFO - Processing /opt/airflow/dags/dbt.py took 0.075 seconds
[2026-03-16T01:05:19.881+0000] {processor.py:161} INFO - Started process (PID=4780) to work on /opt/airflow/dags/dbt.py
[2026-03-16T01:05:19.882+0000] {processor.py:830} INFO - Processing file /opt/airflow/dags/dbt.py for tasks to queue
[2026-03-16T01:05:19.892+0000] {logging_mixin.py:188} INFO - [2026-03-16T01:05:19.892+0000] {dagbag.py:545} INFO - Filling up the DagBag from /opt/airflow/dags/dbt.py
[2026-03-16T01:05:19.900+0000] {logging_mixin.py:188} INFO - [2026-03-16T01:05:19.898+0000] {dagbag.py:355} ERROR - Failed to import: /opt/airflow/dags/dbt.py
Traceback (most recent call last):
  File "/home/airflow/.local/lib/python3.12/site-packages/airflow/models/dagbag.py", line 351, in parse
    loader.exec_module(new_module)
  File "<frozen importlib._bootstrap_external>", line 995, in exec_module
  File "<frozen importlib._bootstrap>", line 488, in _call_with_frames_removed
  File "/opt/airflow/dags/dbt.py", line 2, in <module>
    from airflow.providers.standard.operators.bash import BashOperator
ModuleNotFoundError: No module named 'airflow.providers.standard'
[2026-03-16T01:05:19.902+0000] {processor.py:842} WARNING - No viable dags retrieved from /opt/airflow/dags/dbt.py
[2026-03-16T01:05:19.935+0000] {processor.py:183} INFO - Processing /opt/airflow/dags/dbt.py took 0.075 seconds
[2026-03-16T01:05:50.282+0000] {processor.py:161} INFO - Started process (PID=4782) to work on /opt/airflow/dags/dbt.py
[2026-03-16T01:05:50.284+0000] {processor.py:830} INFO - Processing file /opt/airflow/dags/dbt.py for tasks to queue
[2026-03-16T01:05:50.288+0000] {logging_mixin.py:188} INFO - [2026-03-16T01:05:50.288+0000] {dagbag.py:545} INFO - Filling up the DagBag from /opt/airflow/dags/dbt.py
[2026-03-16T01:05:50.299+0000] {logging_mixin.py:188} INFO - [2026-03-16T01:05:50.296+0000] {dagbag.py:355} ERROR - Failed to import: /opt/airflow/dags/dbt.py
Traceback (most recent call last):
  File "/home/airflow/.local/lib/python3.12/site-packages/airflow/models/dagbag.py", line 351, in parse
    loader.exec_module(new_module)
  File "<frozen importlib._bootstrap_external>", line 995, in exec_module
  File "<frozen importlib._bootstrap>", line 488, in _call_with_frames_removed
  File "/opt/airflow/dags/dbt.py", line 2, in <module>
    from airflow.providers.standard.operators.bash import BashOperator
ModuleNotFoundError: No module named 'airflow.providers.standard'
[2026-03-16T01:05:50.301+0000] {processor.py:842} WARNING - No viable dags retrieved from /opt/airflow/dags/dbt.py
[2026-03-16T01:05:50.335+0000] {processor.py:183} INFO - Processing /opt/airflow/dags/dbt.py took 0.076 seconds
[2026-03-16T01:06:20.726+0000] {processor.py:161} INFO - Started process (PID=4784) to work on /opt/airflow/dags/dbt.py
[2026-03-16T01:06:20.727+0000] {processor.py:830} INFO - Processing file /opt/airflow/dags/dbt.py for tasks to queue
[2026-03-16T01:06:20.734+0000] {logging_mixin.py:188} INFO - [2026-03-16T01:06:20.733+0000] {dagbag.py:545} INFO - Filling up the DagBag from /opt/airflow/dags/dbt.py
[2026-03-16T01:06:20.740+0000] {logging_mixin.py:188} INFO - [2026-03-16T01:06:20.738+0000] {dagbag.py:355} ERROR - Failed to import: /opt/airflow/dags/dbt.py
Traceback (most recent call last):
  File "/home/airflow/.local/lib/python3.12/site-packages/airflow/models/dagbag.py", line 351, in parse
    loader.exec_module(new_module)
  File "<frozen importlib._bootstrap_external>", line 995, in exec_module
  File "<frozen importlib._bootstrap>", line 488, in _call_with_frames_removed
  File "/opt/airflow/dags/dbt.py", line 2, in <module>
    from airflow.providers.standard.operators.bash import BashOperator
ModuleNotFoundError: No module named 'airflow.providers.standard'
[2026-03-16T01:06:20.740+0000] {processor.py:842} WARNING - No viable dags retrieved from /opt/airflow/dags/dbt.py
[2026-03-16T01:06:20.775+0000] {processor.py:183} INFO - Processing /opt/airflow/dags/dbt.py took 0.066 seconds
[2026-03-16T01:06:51.130+0000] {processor.py:161} INFO - Started process (PID=4786) to work on /opt/airflow/dags/dbt.py
[2026-03-16T01:06:51.132+0000] {processor.py:830} INFO - Processing file /opt/airflow/dags/dbt.py for tasks to queue
[2026-03-16T01:06:51.136+0000] {logging_mixin.py:188} INFO - [2026-03-16T01:06:51.135+0000] {dagbag.py:545} INFO - Filling up the DagBag from /opt/airflow/dags/dbt.py
[2026-03-16T01:06:51.150+0000] {logging_mixin.py:188} INFO - [2026-03-16T01:06:51.145+0000] {dagbag.py:355} ERROR - Failed to import: /opt/airflow/dags/dbt.py
Traceback (most recent call last):
  File "/home/airflow/.local/lib/python3.12/site-packages/airflow/models/dagbag.py", line 351, in parse
    loader.exec_module(new_module)
  File "<frozen importlib._bootstrap_external>", line 995, in exec_module
  File "<frozen importlib._bootstrap>", line 488, in _call_with_frames_removed
  File "/opt/airflow/dags/dbt.py", line 2, in <module>
    from airflow.providers.standard.operators.bash import BashOperator
ModuleNotFoundError: No module named 'airflow.providers.standard'
[2026-03-16T01:06:51.150+0000] {processor.py:842} WARNING - No viable dags retrieved from /opt/airflow/dags/dbt.py
[2026-03-16T01:06:51.176+0000] {processor.py:183} INFO - Processing /opt/airflow/dags/dbt.py took 0.066 seconds
[2026-03-16T01:07:21.540+0000] {processor.py:161} INFO - Started process (PID=4788) to work on /opt/airflow/dags/dbt.py
[2026-03-16T01:07:21.542+0000] {processor.py:830} INFO - Processing file /opt/airflow/dags/dbt.py for tasks to queue
[2026-03-16T01:07:21.545+0000] {logging_mixin.py:188} INFO - [2026-03-16T01:07:21.544+0000] {dagbag.py:545} INFO - Filling up the DagBag from /opt/airflow/dags/dbt.py
[2026-03-16T01:07:21.553+0000] {logging_mixin.py:188} INFO - [2026-03-16T01:07:21.551+0000] {dagbag.py:355} ERROR - Failed to import: /opt/airflow/dags/dbt.py
Traceback (most recent call last):
  File "/home/airflow/.local/lib/python3.12/site-packages/airflow/models/dagbag.py", line 351, in parse
    loader.exec_module(new_module)
  File "<frozen importlib._bootstrap_external>", line 995, in exec_module
  File "<frozen importlib._bootstrap>", line 488, in _call_with_frames_removed
  File "/opt/airflow/dags/dbt.py", line 2, in <module>
    from airflow.providers.standard.operators.bash import BashOperator
ModuleNotFoundError: No module named 'airflow.providers.standard'
[2026-03-16T01:07:21.553+0000] {processor.py:842} WARNING - No viable dags retrieved from /opt/airflow/dags/dbt.py
[2026-03-16T01:07:21.581+0000] {processor.py:183} INFO - Processing /opt/airflow/dags/dbt.py took 0.053 seconds
[2026-03-16T01:07:51.990+0000] {processor.py:161} INFO - Started process (PID=4790) to work on /opt/airflow/dags/dbt.py
[2026-03-16T01:07:51.995+0000] {processor.py:830} INFO - Processing file /opt/airflow/dags/dbt.py for tasks to queue
[2026-03-16T01:07:51.999+0000] {logging_mixin.py:188} INFO - [2026-03-16T01:07:51.999+0000] {dagbag.py:545} INFO - Filling up the DagBag from /opt/airflow/dags/dbt.py
[2026-03-16T01:07:52.011+0000] {logging_mixin.py:188} INFO - [2026-03-16T01:07:52.007+0000] {dagbag.py:355} ERROR - Failed to import: /opt/airflow/dags/dbt.py
Traceback (most recent call last):
  File "/home/airflow/.local/lib/python3.12/site-packages/airflow/models/dagbag.py", line 351, in parse
    loader.exec_module(new_module)
  File "<frozen importlib._bootstrap_external>", line 995, in exec_module
  File "<frozen importlib._bootstrap>", line 488, in _call_with_frames_removed
  File "/opt/airflow/dags/dbt.py", line 2, in <module>
    from airflow.providers.standard.operators.bash import BashOperator
ModuleNotFoundError: No module named 'airflow.providers.standard'
[2026-03-16T01:07:52.011+0000] {processor.py:842} WARNING - No viable dags retrieved from /opt/airflow/dags/dbt.py
[2026-03-16T01:07:52.046+0000] {processor.py:183} INFO - Processing /opt/airflow/dags/dbt.py took 0.074 seconds
[2026-03-16T01:08:22.451+0000] {processor.py:161} INFO - Started process (PID=4792) to work on /opt/airflow/dags/dbt.py
[2026-03-16T01:08:22.452+0000] {processor.py:830} INFO - Processing file /opt/airflow/dags/dbt.py for tasks to queue
[2026-03-16T01:08:22.457+0000] {logging_mixin.py:188} INFO - [2026-03-16T01:08:22.456+0000] {dagbag.py:545} INFO - Filling up the DagBag from /opt/airflow/dags/dbt.py
[2026-03-16T01:08:22.466+0000] {logging_mixin.py:188} INFO - [2026-03-16T01:08:22.462+0000] {dagbag.py:355} ERROR - Failed to import: /opt/airflow/dags/dbt.py
Traceback (most recent call last):
  File "/home/airflow/.local/lib/python3.12/site-packages/airflow/models/dagbag.py", line 351, in parse
    loader.exec_module(new_module)
  File "<frozen importlib._bootstrap_external>", line 995, in exec_module
  File "<frozen importlib._bootstrap>", line 488, in _call_with_frames_removed
  File "/opt/airflow/dags/dbt.py", line 2, in <module>
    from airflow.providers.standard.operators.bash import BashOperator
ModuleNotFoundError: No module named 'airflow.providers.standard'
[2026-03-16T01:08:22.467+0000] {processor.py:842} WARNING - No viable dags retrieved from /opt/airflow/dags/dbt.py
[2026-03-16T01:08:22.505+0000] {processor.py:183} INFO - Processing /opt/airflow/dags/dbt.py took 0.074 seconds
[2026-03-16T01:08:52.887+0000] {processor.py:161} INFO - Started process (PID=4794) to work on /opt/airflow/dags/dbt.py
[2026-03-16T01:08:52.888+0000] {processor.py:830} INFO - Processing file /opt/airflow/dags/dbt.py for tasks to queue
[2026-03-16T01:08:52.894+0000] {logging_mixin.py:188} INFO - [2026-03-16T01:08:52.893+0000] {dagbag.py:545} INFO - Filling up the DagBag from /opt/airflow/dags/dbt.py
[2026-03-16T01:08:52.903+0000] {logging_mixin.py:188} INFO - [2026-03-16T01:08:52.900+0000] {dagbag.py:355} ERROR - Failed to import: /opt/airflow/dags/dbt.py
Traceback (most recent call last):
  File "/home/airflow/.local/lib/python3.12/site-packages/airflow/models/dagbag.py", line 351, in parse
    loader.exec_module(new_module)
  File "<frozen importlib._bootstrap_external>", line 995, in exec_module
  File "<frozen importlib._bootstrap>", line 488, in _call_with_frames_removed
  File "/opt/airflow/dags/dbt.py", line 2, in <module>
    from airflow.providers.standard.operators.bash import BashOperator
ModuleNotFoundError: No module named 'airflow.providers.standard'
[2026-03-16T01:08:52.903+0000] {processor.py:842} WARNING - No viable dags retrieved from /opt/airflow/dags/dbt.py
[2026-03-16T01:08:52.931+0000] {processor.py:183} INFO - Processing /opt/airflow/dags/dbt.py took 0.073 seconds
[2026-03-16T01:09:23.279+0000] {processor.py:161} INFO - Started process (PID=4796) to work on /opt/airflow/dags/dbt.py
[2026-03-16T01:09:23.281+0000] {processor.py:830} INFO - Processing file /opt/airflow/dags/dbt.py for tasks to queue
[2026-03-16T01:09:23.286+0000] {logging_mixin.py:188} INFO - [2026-03-16T01:09:23.286+0000] {dagbag.py:545} INFO - Filling up the DagBag from /opt/airflow/dags/dbt.py
[2026-03-16T01:09:23.299+0000] {logging_mixin.py:188} INFO - [2026-03-16T01:09:23.296+0000] {dagbag.py:355} ERROR - Failed to import: /opt/airflow/dags/dbt.py
Traceback (most recent call last):
  File "/home/airflow/.local/lib/python3.12/site-packages/airflow/models/dagbag.py", line 351, in parse
    loader.exec_module(new_module)
  File "<frozen importlib._bootstrap_external>", line 995, in exec_module
  File "<frozen importlib._bootstrap>", line 488, in _call_with_frames_removed
  File "/opt/airflow/dags/dbt.py", line 2, in <module>
    from airflow.providers.standard.operators.bash import BashOperator
ModuleNotFoundError: No module named 'airflow.providers.standard'
[2026-03-16T01:09:23.299+0000] {processor.py:842} WARNING - No viable dags retrieved from /opt/airflow/dags/dbt.py
[2026-03-16T01:09:23.331+0000] {processor.py:183} INFO - Processing /opt/airflow/dags/dbt.py took 0.074 seconds
[2026-03-16T01:09:53.707+0000] {processor.py:161} INFO - Started process (PID=4798) to work on /opt/airflow/dags/dbt.py
[2026-03-16T01:09:53.708+0000] {processor.py:830} INFO - Processing file /opt/airflow/dags/dbt.py for tasks to queue
[2026-03-16T01:09:53.711+0000] {logging_mixin.py:188} INFO - [2026-03-16T01:09:53.711+0000] {dagbag.py:545} INFO - Filling up the DagBag from /opt/airflow/dags/dbt.py
[2026-03-16T01:09:53.720+0000] {logging_mixin.py:188} INFO - [2026-03-16T01:09:53.717+0000] {dagbag.py:355} ERROR - Failed to import: /opt/airflow/dags/dbt.py
Traceback (most recent call last):
  File "/home/airflow/.local/lib/python3.12/site-packages/airflow/models/dagbag.py", line 351, in parse
    loader.exec_module(new_module)
  File "<frozen importlib._bootstrap_external>", line 995, in exec_module
  File "<frozen importlib._bootstrap>", line 488, in _call_with_frames_removed
  File "/opt/airflow/dags/dbt.py", line 2, in <module>
    from airflow.providers.standard.operators.bash import BashOperator
ModuleNotFoundError: No module named 'airflow.providers.standard'
[2026-03-16T01:09:53.721+0000] {processor.py:842} WARNING - No viable dags retrieved from /opt/airflow/dags/dbt.py
[2026-03-16T01:09:53.753+0000] {processor.py:183} INFO - Processing /opt/airflow/dags/dbt.py took 0.067 seconds
[2026-03-16T01:10:24.097+0000] {processor.py:161} INFO - Started process (PID=4800) to work on /opt/airflow/dags/dbt.py
[2026-03-16T01:10:24.099+0000] {processor.py:830} INFO - Processing file /opt/airflow/dags/dbt.py for tasks to queue
[2026-03-16T01:10:24.103+0000] {logging_mixin.py:188} INFO - [2026-03-16T01:10:24.102+0000] {dagbag.py:545} INFO - Filling up the DagBag from /opt/airflow/dags/dbt.py
[2026-03-16T01:10:24.111+0000] {logging_mixin.py:188} INFO - [2026-03-16T01:10:24.108+0000] {dagbag.py:355} ERROR - Failed to import: /opt/airflow/dags/dbt.py
Traceback (most recent call last):
  File "/home/airflow/.local/lib/python3.12/site-packages/airflow/models/dagbag.py", line 351, in parse
    loader.exec_module(new_module)
  File "<frozen importlib._bootstrap_external>", line 995, in exec_module
  File "<frozen importlib._bootstrap>", line 488, in _call_with_frames_removed
  File "/opt/airflow/dags/dbt.py", line 2, in <module>
    from airflow.providers.standard.operators.bash import BashOperator
ModuleNotFoundError: No module named 'airflow.providers.standard'
[2026-03-16T01:10:24.112+0000] {processor.py:842} WARNING - No viable dags retrieved from /opt/airflow/dags/dbt.py
[2026-03-16T01:10:24.139+0000] {processor.py:183} INFO - Processing /opt/airflow/dags/dbt.py took 0.058 seconds
[2026-03-16T01:10:54.471+0000] {processor.py:161} INFO - Started process (PID=4802) to work on /opt/airflow/dags/dbt.py
[2026-03-16T01:10:54.472+0000] {processor.py:830} INFO - Processing file /opt/airflow/dags/dbt.py for tasks to queue
[2026-03-16T01:10:54.476+0000] {logging_mixin.py:188} INFO - [2026-03-16T01:10:54.475+0000] {dagbag.py:545} INFO - Filling up the DagBag from /opt/airflow/dags/dbt.py
[2026-03-16T01:10:54.486+0000] {logging_mixin.py:188} INFO - [2026-03-16T01:10:54.485+0000] {dagbag.py:355} ERROR - Failed to import: /opt/airflow/dags/dbt.py
Traceback (most recent call last):
  File "/home/airflow/.local/lib/python3.12/site-packages/airflow/models/dagbag.py", line 351, in parse
    loader.exec_module(new_module)
  File "<frozen importlib._bootstrap_external>", line 995, in exec_module
  File "<frozen importlib._bootstrap>", line 488, in _call_with_frames_removed
  File "/opt/airflow/dags/dbt.py", line 2, in <module>
    from airflow.providers.standard.operators.bash import BashOperator
ModuleNotFoundError: No module named 'airflow.providers.standard'
[2026-03-16T01:10:54.487+0000] {processor.py:842} WARNING - No viable dags retrieved from /opt/airflow/dags/dbt.py
[2026-03-16T01:10:54.521+0000] {processor.py:183} INFO - Processing /opt/airflow/dags/dbt.py took 0.069 seconds
[2026-03-16T01:11:24.877+0000] {processor.py:161} INFO - Started process (PID=4804) to work on /opt/airflow/dags/dbt.py
[2026-03-16T01:11:24.879+0000] {processor.py:830} INFO - Processing file /opt/airflow/dags/dbt.py for tasks to queue
[2026-03-16T01:11:24.884+0000] {logging_mixin.py:188} INFO - [2026-03-16T01:11:24.883+0000] {dagbag.py:545} INFO - Filling up the DagBag from /opt/airflow/dags/dbt.py
[2026-03-16T01:11:24.894+0000] {logging_mixin.py:188} INFO - [2026-03-16T01:11:24.890+0000] {dagbag.py:355} ERROR - Failed to import: /opt/airflow/dags/dbt.py
Traceback (most recent call last):
  File "/home/airflow/.local/lib/python3.12/site-packages/airflow/models/dagbag.py", line 351, in parse
    loader.exec_module(new_module)
  File "<frozen importlib._bootstrap_external>", line 995, in exec_module
  File "<frozen importlib._bootstrap>", line 488, in _call_with_frames_removed
  File "/opt/airflow/dags/dbt.py", line 2, in <module>
    from airflow.providers.standard.operators.bash import BashOperator
ModuleNotFoundError: No module named 'airflow.providers.standard'
[2026-03-16T01:11:24.895+0000] {processor.py:842} WARNING - No viable dags retrieved from /opt/airflow/dags/dbt.py
[2026-03-16T01:11:24.922+0000] {processor.py:183} INFO - Processing /opt/airflow/dags/dbt.py took 0.059 seconds
[2026-03-16T01:11:55.380+0000] {processor.py:161} INFO - Started process (PID=4806) to work on /opt/airflow/dags/dbt.py
[2026-03-16T01:11:55.382+0000] {processor.py:830} INFO - Processing file /opt/airflow/dags/dbt.py for tasks to queue
[2026-03-16T01:11:55.392+0000] {logging_mixin.py:188} INFO - [2026-03-16T01:11:55.391+0000] {dagbag.py:545} INFO - Filling up the DagBag from /opt/airflow/dags/dbt.py
[2026-03-16T01:11:55.410+0000] {logging_mixin.py:188} INFO - [2026-03-16T01:11:55.407+0000] {dagbag.py:355} ERROR - Failed to import: /opt/airflow/dags/dbt.py
Traceback (most recent call last):
  File "/home/airflow/.local/lib/python3.12/site-packages/airflow/models/dagbag.py", line 351, in parse
    loader.exec_module(new_module)
  File "<frozen importlib._bootstrap_external>", line 995, in exec_module
  File "<frozen importlib._bootstrap>", line 488, in _call_with_frames_removed
  File "/opt/airflow/dags/dbt.py", line 2, in <module>
    from airflow.providers.standard.operators.bash import BashOperator
ModuleNotFoundError: No module named 'airflow.providers.standard'
[2026-03-16T01:11:55.411+0000] {processor.py:842} WARNING - No viable dags retrieved from /opt/airflow/dags/dbt.py
[2026-03-16T01:11:55.441+0000] {processor.py:183} INFO - Processing /opt/airflow/dags/dbt.py took 0.093 seconds
[2026-03-16T01:12:25.884+0000] {processor.py:161} INFO - Started process (PID=4808) to work on /opt/airflow/dags/dbt.py
[2026-03-16T01:12:25.885+0000] {processor.py:830} INFO - Processing file /opt/airflow/dags/dbt.py for tasks to queue
[2026-03-16T01:12:25.893+0000] {logging_mixin.py:188} INFO - [2026-03-16T01:12:25.892+0000] {dagbag.py:545} INFO - Filling up the DagBag from /opt/airflow/dags/dbt.py
[2026-03-16T01:12:25.903+0000] {logging_mixin.py:188} INFO - [2026-03-16T01:12:25.899+0000] {dagbag.py:355} ERROR - Failed to import: /opt/airflow/dags/dbt.py
Traceback (most recent call last):
  File "/home/airflow/.local/lib/python3.12/site-packages/airflow/models/dagbag.py", line 351, in parse
    loader.exec_module(new_module)
  File "<frozen importlib._bootstrap_external>", line 995, in exec_module
  File "<frozen importlib._bootstrap>", line 488, in _call_with_frames_removed
  File "/opt/airflow/dags/dbt.py", line 2, in <module>
    from airflow.providers.standard.operators.bash import BashOperator
ModuleNotFoundError: No module named 'airflow.providers.standard'
[2026-03-16T01:12:25.904+0000] {processor.py:842} WARNING - No viable dags retrieved from /opt/airflow/dags/dbt.py
[2026-03-16T01:12:25.941+0000] {processor.py:183} INFO - Processing /opt/airflow/dags/dbt.py took 0.074 seconds
[2026-03-16T01:12:56.400+0000] {processor.py:161} INFO - Started process (PID=4810) to work on /opt/airflow/dags/dbt.py
[2026-03-16T01:12:56.401+0000] {processor.py:830} INFO - Processing file /opt/airflow/dags/dbt.py for tasks to queue
[2026-03-16T01:12:56.405+0000] {logging_mixin.py:188} INFO - [2026-03-16T01:12:56.404+0000] {dagbag.py:545} INFO - Filling up the DagBag from /opt/airflow/dags/dbt.py
[2026-03-16T01:12:56.413+0000] {logging_mixin.py:188} INFO - [2026-03-16T01:12:56.410+0000] {dagbag.py:355} ERROR - Failed to import: /opt/airflow/dags/dbt.py
Traceback (most recent call last):
  File "/home/airflow/.local/lib/python3.12/site-packages/airflow/models/dagbag.py", line 351, in parse
    loader.exec_module(new_module)
  File "<frozen importlib._bootstrap_external>", line 995, in exec_module
  File "<frozen importlib._bootstrap>", line 488, in _call_with_frames_removed
  File "/opt/airflow/dags/dbt.py", line 2, in <module>
    from airflow.providers.standard.operators.bash import BashOperator
ModuleNotFoundError: No module named 'airflow.providers.standard'
[2026-03-16T01:12:56.415+0000] {processor.py:842} WARNING - No viable dags retrieved from /opt/airflow/dags/dbt.py
[2026-03-16T01:12:56.450+0000] {processor.py:183} INFO - Processing /opt/airflow/dags/dbt.py took 0.071 seconds
[2026-03-16T01:13:26.953+0000] {processor.py:161} INFO - Started process (PID=4812) to work on /opt/airflow/dags/dbt.py
[2026-03-16T01:13:26.955+0000] {processor.py:830} INFO - Processing file /opt/airflow/dags/dbt.py for tasks to queue
[2026-03-16T01:13:26.959+0000] {logging_mixin.py:188} INFO - [2026-03-16T01:13:26.958+0000] {dagbag.py:545} INFO - Filling up the DagBag from /opt/airflow/dags/dbt.py
[2026-03-16T01:13:26.973+0000] {logging_mixin.py:188} INFO - [2026-03-16T01:13:26.967+0000] {dagbag.py:355} ERROR - Failed to import: /opt/airflow/dags/dbt.py
Traceback (most recent call last):
  File "/home/airflow/.local/lib/python3.12/site-packages/airflow/models/dagbag.py", line 351, in parse
    loader.exec_module(new_module)
  File "<frozen importlib._bootstrap_external>", line 995, in exec_module
  File "<frozen importlib._bootstrap>", line 488, in _call_with_frames_removed
  File "/opt/airflow/dags/dbt.py", line 2, in <module>
    from airflow.providers.standard.operators.bash import BashOperator
ModuleNotFoundError: No module named 'airflow.providers.standard'
[2026-03-16T01:13:26.973+0000] {processor.py:842} WARNING - No viable dags retrieved from /opt/airflow/dags/dbt.py
[2026-03-16T01:13:27.005+0000] {processor.py:183} INFO - Processing /opt/airflow/dags/dbt.py took 0.072 seconds
[2026-03-16T01:13:57.434+0000] {processor.py:161} INFO - Started process (PID=4814) to work on /opt/airflow/dags/dbt.py
[2026-03-16T01:13:57.435+0000] {processor.py:830} INFO - Processing file /opt/airflow/dags/dbt.py for tasks to queue
[2026-03-16T01:13:57.441+0000] {logging_mixin.py:188} INFO - [2026-03-16T01:13:57.441+0000] {dagbag.py:545} INFO - Filling up the DagBag from /opt/airflow/dags/dbt.py
[2026-03-16T01:13:57.450+0000] {logging_mixin.py:188} INFO - [2026-03-16T01:13:57.446+0000] {dagbag.py:355} ERROR - Failed to import: /opt/airflow/dags/dbt.py
Traceback (most recent call last):
  File "/home/airflow/.local/lib/python3.12/site-packages/airflow/models/dagbag.py", line 351, in parse
    loader.exec_module(new_module)
  File "<frozen importlib._bootstrap_external>", line 995, in exec_module
  File "<frozen importlib._bootstrap>", line 488, in _call_with_frames_removed
  File "/opt/airflow/dags/dbt.py", line 2, in <module>
    from airflow.providers.standard.operators.bash import BashOperator
ModuleNotFoundError: No module named 'airflow.providers.standard'
[2026-03-16T01:13:57.451+0000] {processor.py:842} WARNING - No viable dags retrieved from /opt/airflow/dags/dbt.py
[2026-03-16T01:13:57.495+0000] {processor.py:183} INFO - Processing /opt/airflow/dags/dbt.py took 0.087 seconds
[2026-03-16T01:14:27.947+0000] {processor.py:161} INFO - Started process (PID=4816) to work on /opt/airflow/dags/dbt.py
[2026-03-16T01:14:27.948+0000] {processor.py:830} INFO - Processing file /opt/airflow/dags/dbt.py for tasks to queue
[2026-03-16T01:14:27.953+0000] {logging_mixin.py:188} INFO - [2026-03-16T01:14:27.952+0000] {dagbag.py:545} INFO - Filling up the DagBag from /opt/airflow/dags/dbt.py
[2026-03-16T01:14:27.973+0000] {logging_mixin.py:188} INFO - [2026-03-16T01:14:27.966+0000] {dagbag.py:355} ERROR - Failed to import: /opt/airflow/dags/dbt.py
Traceback (most recent call last):
  File "/home/airflow/.local/lib/python3.12/site-packages/airflow/models/dagbag.py", line 351, in parse
    loader.exec_module(new_module)
  File "<frozen importlib._bootstrap_external>", line 995, in exec_module
  File "<frozen importlib._bootstrap>", line 488, in _call_with_frames_removed
  File "/opt/airflow/dags/dbt.py", line 2, in <module>
    from airflow.providers.standard.operators.bash import BashOperator
ModuleNotFoundError: No module named 'airflow.providers.standard'
[2026-03-16T01:14:27.973+0000] {processor.py:842} WARNING - No viable dags retrieved from /opt/airflow/dags/dbt.py
[2026-03-16T01:14:28.012+0000] {processor.py:183} INFO - Processing /opt/airflow/dags/dbt.py took 0.088 seconds
[2026-03-16T01:14:58.457+0000] {processor.py:161} INFO - Started process (PID=4818) to work on /opt/airflow/dags/dbt.py
[2026-03-16T01:14:58.460+0000] {processor.py:830} INFO - Processing file /opt/airflow/dags/dbt.py for tasks to queue
[2026-03-16T01:14:58.464+0000] {logging_mixin.py:188} INFO - [2026-03-16T01:14:58.463+0000] {dagbag.py:545} INFO - Filling up the DagBag from /opt/airflow/dags/dbt.py
[2026-03-16T01:14:58.473+0000] {logging_mixin.py:188} INFO - [2026-03-16T01:14:58.471+0000] {dagbag.py:355} ERROR - Failed to import: /opt/airflow/dags/dbt.py
Traceback (most recent call last):
  File "/home/airflow/.local/lib/python3.12/site-packages/airflow/models/dagbag.py", line 351, in parse
    loader.exec_module(new_module)
  File "<frozen importlib._bootstrap_external>", line 995, in exec_module
  File "<frozen importlib._bootstrap>", line 488, in _call_with_frames_removed
  File "/opt/airflow/dags/dbt.py", line 2, in <module>
    from airflow.providers.standard.operators.bash import BashOperator
ModuleNotFoundError: No module named 'airflow.providers.standard'
[2026-03-16T01:14:58.474+0000] {processor.py:842} WARNING - No viable dags retrieved from /opt/airflow/dags/dbt.py
[2026-03-16T01:14:58.499+0000] {processor.py:183} INFO - Processing /opt/airflow/dags/dbt.py took 0.059 seconds
[2026-03-16T01:15:28.917+0000] {processor.py:161} INFO - Started process (PID=4820) to work on /opt/airflow/dags/dbt.py
[2026-03-16T01:15:28.918+0000] {processor.py:830} INFO - Processing file /opt/airflow/dags/dbt.py for tasks to queue
[2026-03-16T01:15:28.923+0000] {logging_mixin.py:188} INFO - [2026-03-16T01:15:28.922+0000] {dagbag.py:545} INFO - Filling up the DagBag from /opt/airflow/dags/dbt.py
[2026-03-16T01:15:28.934+0000] {logging_mixin.py:188} INFO - [2026-03-16T01:15:28.928+0000] {dagbag.py:355} ERROR - Failed to import: /opt/airflow/dags/dbt.py
Traceback (most recent call last):
  File "/home/airflow/.local/lib/python3.12/site-packages/airflow/models/dagbag.py", line 351, in parse
    loader.exec_module(new_module)
  File "<frozen importlib._bootstrap_external>", line 995, in exec_module
  File "<frozen importlib._bootstrap>", line 488, in _call_with_frames_removed
  File "/opt/airflow/dags/dbt.py", line 2, in <module>
    from airflow.providers.standard.operators.bash import BashOperator
ModuleNotFoundError: No module named 'airflow.providers.standard'
[2026-03-16T01:15:28.934+0000] {processor.py:842} WARNING - No viable dags retrieved from /opt/airflow/dags/dbt.py
[2026-03-16T01:15:28.970+0000] {processor.py:183} INFO - Processing /opt/airflow/dags/dbt.py took 0.075 seconds
[2026-03-16T01:15:59.381+0000] {processor.py:161} INFO - Started process (PID=4822) to work on /opt/airflow/dags/dbt.py
[2026-03-16T01:15:59.383+0000] {processor.py:830} INFO - Processing file /opt/airflow/dags/dbt.py for tasks to queue
[2026-03-16T01:15:59.390+0000] {logging_mixin.py:188} INFO - [2026-03-16T01:15:59.389+0000] {dagbag.py:545} INFO - Filling up the DagBag from /opt/airflow/dags/dbt.py
[2026-03-16T01:15:59.401+0000] {logging_mixin.py:188} INFO - [2026-03-16T01:15:59.399+0000] {dagbag.py:355} ERROR - Failed to import: /opt/airflow/dags/dbt.py
Traceback (most recent call last):
  File "/home/airflow/.local/lib/python3.12/site-packages/airflow/models/dagbag.py", line 351, in parse
    loader.exec_module(new_module)
  File "<frozen importlib._bootstrap_external>", line 995, in exec_module
  File "<frozen importlib._bootstrap>", line 488, in _call_with_frames_removed
  File "/opt/airflow/dags/dbt.py", line 2, in <module>
    from airflow.providers.standard.operators.bash import BashOperator
ModuleNotFoundError: No module named 'airflow.providers.standard'
[2026-03-16T01:15:59.401+0000] {processor.py:842} WARNING - No viable dags retrieved from /opt/airflow/dags/dbt.py
[2026-03-16T01:15:59.432+0000] {processor.py:183} INFO - Processing /opt/airflow/dags/dbt.py took 0.071 seconds
[2026-03-16T01:16:29.919+0000] {processor.py:161} INFO - Started process (PID=4824) to work on /opt/airflow/dags/dbt.py
[2026-03-16T01:16:29.927+0000] {processor.py:830} INFO - Processing file /opt/airflow/dags/dbt.py for tasks to queue
[2026-03-16T01:16:29.934+0000] {logging_mixin.py:188} INFO - [2026-03-16T01:16:29.933+0000] {dagbag.py:545} INFO - Filling up the DagBag from /opt/airflow/dags/dbt.py
[2026-03-16T01:16:29.945+0000] {logging_mixin.py:188} INFO - [2026-03-16T01:16:29.941+0000] {dagbag.py:355} ERROR - Failed to import: /opt/airflow/dags/dbt.py
Traceback (most recent call last):
  File "/home/airflow/.local/lib/python3.12/site-packages/airflow/models/dagbag.py", line 351, in parse
    loader.exec_module(new_module)
  File "<frozen importlib._bootstrap_external>", line 995, in exec_module
  File "<frozen importlib._bootstrap>", line 488, in _call_with_frames_removed
  File "/opt/airflow/dags/dbt.py", line 2, in <module>
    from airflow.providers.standard.operators.bash import BashOperator
ModuleNotFoundError: No module named 'airflow.providers.standard'
[2026-03-16T01:16:29.945+0000] {processor.py:842} WARNING - No viable dags retrieved from /opt/airflow/dags/dbt.py
[2026-03-16T01:16:29.983+0000] {processor.py:183} INFO - Processing /opt/airflow/dags/dbt.py took 0.102 seconds
[2026-03-16T01:17:00.431+0000] {processor.py:161} INFO - Started process (PID=4826) to work on /opt/airflow/dags/dbt.py
[2026-03-16T01:17:00.432+0000] {processor.py:830} INFO - Processing file /opt/airflow/dags/dbt.py for tasks to queue
[2026-03-16T01:17:00.446+0000] {logging_mixin.py:188} INFO - [2026-03-16T01:17:00.445+0000] {dagbag.py:545} INFO - Filling up the DagBag from /opt/airflow/dags/dbt.py
[2026-03-16T01:17:00.465+0000] {logging_mixin.py:188} INFO - [2026-03-16T01:17:00.457+0000] {dagbag.py:355} ERROR - Failed to import: /opt/airflow/dags/dbt.py
Traceback (most recent call last):
  File "/home/airflow/.local/lib/python3.12/site-packages/airflow/models/dagbag.py", line 351, in parse
    loader.exec_module(new_module)
  File "<frozen importlib._bootstrap_external>", line 995, in exec_module
  File "<frozen importlib._bootstrap>", line 488, in _call_with_frames_removed
  File "/opt/airflow/dags/dbt.py", line 2, in <module>
    from airflow.providers.standard.operators.bash import BashOperator
ModuleNotFoundError: No module named 'airflow.providers.standard'
[2026-03-16T01:17:00.465+0000] {processor.py:842} WARNING - No viable dags retrieved from /opt/airflow/dags/dbt.py
[2026-03-16T01:17:00.500+0000] {processor.py:183} INFO - Processing /opt/airflow/dags/dbt.py took 0.097 seconds
[2026-03-16T01:17:30.936+0000] {processor.py:161} INFO - Started process (PID=4828) to work on /opt/airflow/dags/dbt.py
[2026-03-16T01:17:30.937+0000] {processor.py:830} INFO - Processing file /opt/airflow/dags/dbt.py for tasks to queue
[2026-03-16T01:17:30.942+0000] {logging_mixin.py:188} INFO - [2026-03-16T01:17:30.942+0000] {dagbag.py:545} INFO - Filling up the DagBag from /opt/airflow/dags/dbt.py
[2026-03-16T01:17:30.949+0000] {logging_mixin.py:188} INFO - [2026-03-16T01:17:30.948+0000] {dagbag.py:355} ERROR - Failed to import: /opt/airflow/dags/dbt.py
Traceback (most recent call last):
  File "/home/airflow/.local/lib/python3.12/site-packages/airflow/models/dagbag.py", line 351, in parse
    loader.exec_module(new_module)
  File "<frozen importlib._bootstrap_external>", line 995, in exec_module
  File "<frozen importlib._bootstrap>", line 488, in _call_with_frames_removed
  File "/opt/airflow/dags/dbt.py", line 2, in <module>
    from airflow.providers.standard.operators.bash import BashOperator
ModuleNotFoundError: No module named 'airflow.providers.standard'
[2026-03-16T01:17:30.950+0000] {processor.py:842} WARNING - No viable dags retrieved from /opt/airflow/dags/dbt.py
[2026-03-16T01:17:30.983+0000] {processor.py:183} INFO - Processing /opt/airflow/dags/dbt.py took 0.069 seconds
[2026-03-16T01:18:01.448+0000] {processor.py:161} INFO - Started process (PID=4830) to work on /opt/airflow/dags/dbt.py
[2026-03-16T01:18:01.449+0000] {processor.py:830} INFO - Processing file /opt/airflow/dags/dbt.py for tasks to queue
[2026-03-16T01:18:01.456+0000] {logging_mixin.py:188} INFO - [2026-03-16T01:18:01.454+0000] {dagbag.py:545} INFO - Filling up the DagBag from /opt/airflow/dags/dbt.py
[2026-03-16T01:18:01.465+0000] {logging_mixin.py:188} INFO - [2026-03-16T01:18:01.462+0000] {dagbag.py:355} ERROR - Failed to import: /opt/airflow/dags/dbt.py
Traceback (most recent call last):
  File "/home/airflow/.local/lib/python3.12/site-packages/airflow/models/dagbag.py", line 351, in parse
    loader.exec_module(new_module)
  File "<frozen importlib._bootstrap_external>", line 995, in exec_module
  File "<frozen importlib._bootstrap>", line 488, in _call_with_frames_removed
  File "/opt/airflow/dags/dbt.py", line 2, in <module>
    from airflow.providers.standard.operators.bash import BashOperator
ModuleNotFoundError: No module named 'airflow.providers.standard'
[2026-03-16T01:18:01.466+0000] {processor.py:842} WARNING - No viable dags retrieved from /opt/airflow/dags/dbt.py
[2026-03-16T01:18:01.496+0000] {processor.py:183} INFO - Processing /opt/airflow/dags/dbt.py took 0.071 seconds
[2026-03-16T01:18:31.912+0000] {processor.py:161} INFO - Started process (PID=4832) to work on /opt/airflow/dags/dbt.py
[2026-03-16T01:18:31.913+0000] {processor.py:830} INFO - Processing file /opt/airflow/dags/dbt.py for tasks to queue
[2026-03-16T01:18:31.916+0000] {logging_mixin.py:188} INFO - [2026-03-16T01:18:31.915+0000] {dagbag.py:545} INFO - Filling up the DagBag from /opt/airflow/dags/dbt.py
[2026-03-16T01:18:31.927+0000] {logging_mixin.py:188} INFO - [2026-03-16T01:18:31.925+0000] {dagbag.py:355} ERROR - Failed to import: /opt/airflow/dags/dbt.py
Traceback (most recent call last):
  File "/home/airflow/.local/lib/python3.12/site-packages/airflow/models/dagbag.py", line 351, in parse
    loader.exec_module(new_module)
  File "<frozen importlib._bootstrap_external>", line 995, in exec_module
  File "<frozen importlib._bootstrap>", line 488, in _call_with_frames_removed
  File "/opt/airflow/dags/dbt.py", line 2, in <module>
    from airflow.providers.standard.operators.bash import BashOperator
ModuleNotFoundError: No module named 'airflow.providers.standard'
[2026-03-16T01:18:31.927+0000] {processor.py:842} WARNING - No viable dags retrieved from /opt/airflow/dags/dbt.py
[2026-03-16T01:18:31.959+0000] {processor.py:183} INFO - Processing /opt/airflow/dags/dbt.py took 0.063 seconds
[2026-03-16T01:19:02.415+0000] {processor.py:161} INFO - Started process (PID=4834) to work on /opt/airflow/dags/dbt.py
[2026-03-16T01:19:02.416+0000] {processor.py:830} INFO - Processing file /opt/airflow/dags/dbt.py for tasks to queue
[2026-03-16T01:19:02.423+0000] {logging_mixin.py:188} INFO - [2026-03-16T01:19:02.422+0000] {dagbag.py:545} INFO - Filling up the DagBag from /opt/airflow/dags/dbt.py
[2026-03-16T01:19:02.434+0000] {logging_mixin.py:188} INFO - [2026-03-16T01:19:02.430+0000] {dagbag.py:355} ERROR - Failed to import: /opt/airflow/dags/dbt.py
Traceback (most recent call last):
  File "/home/airflow/.local/lib/python3.12/site-packages/airflow/models/dagbag.py", line 351, in parse
    loader.exec_module(new_module)
  File "<frozen importlib._bootstrap_external>", line 995, in exec_module
  File "<frozen importlib._bootstrap>", line 488, in _call_with_frames_removed
  File "/opt/airflow/dags/dbt.py", line 2, in <module>
    from airflow.providers.standard.operators.bash import BashOperator
ModuleNotFoundError: No module named 'airflow.providers.standard'
[2026-03-16T01:19:02.435+0000] {processor.py:842} WARNING - No viable dags retrieved from /opt/airflow/dags/dbt.py
[2026-03-16T01:19:02.465+0000] {processor.py:183} INFO - Processing /opt/airflow/dags/dbt.py took 0.078 seconds
[2026-03-16T01:19:32.927+0000] {processor.py:161} INFO - Started process (PID=4836) to work on /opt/airflow/dags/dbt.py
[2026-03-16T01:19:32.929+0000] {processor.py:830} INFO - Processing file /opt/airflow/dags/dbt.py for tasks to queue
[2026-03-16T01:19:32.933+0000] {logging_mixin.py:188} INFO - [2026-03-16T01:19:32.933+0000] {dagbag.py:545} INFO - Filling up the DagBag from /opt/airflow/dags/dbt.py
[2026-03-16T01:19:32.944+0000] {logging_mixin.py:188} INFO - [2026-03-16T01:19:32.942+0000] {dagbag.py:355} ERROR - Failed to import: /opt/airflow/dags/dbt.py
Traceback (most recent call last):
  File "/home/airflow/.local/lib/python3.12/site-packages/airflow/models/dagbag.py", line 351, in parse
    loader.exec_module(new_module)
  File "<frozen importlib._bootstrap_external>", line 995, in exec_module
  File "<frozen importlib._bootstrap>", line 488, in _call_with_frames_removed
  File "/opt/airflow/dags/dbt.py", line 2, in <module>
    from airflow.providers.standard.operators.bash import BashOperator
ModuleNotFoundError: No module named 'airflow.providers.standard'
[2026-03-16T01:19:32.944+0000] {processor.py:842} WARNING - No viable dags retrieved from /opt/airflow/dags/dbt.py
[2026-03-16T01:19:32.980+0000] {processor.py:183} INFO - Processing /opt/airflow/dags/dbt.py took 0.070 seconds
[2026-03-16T01:20:03.340+0000] {processor.py:161} INFO - Started process (PID=4838) to work on /opt/airflow/dags/dbt.py
[2026-03-16T01:20:03.341+0000] {processor.py:830} INFO - Processing file /opt/airflow/dags/dbt.py for tasks to queue
[2026-03-16T01:20:03.345+0000] {logging_mixin.py:188} INFO - [2026-03-16T01:20:03.344+0000] {dagbag.py:545} INFO - Filling up the DagBag from /opt/airflow/dags/dbt.py
[2026-03-16T01:20:03.356+0000] {logging_mixin.py:188} INFO - [2026-03-16T01:20:03.351+0000] {dagbag.py:355} ERROR - Failed to import: /opt/airflow/dags/dbt.py
Traceback (most recent call last):
  File "/home/airflow/.local/lib/python3.12/site-packages/airflow/models/dagbag.py", line 351, in parse
    loader.exec_module(new_module)
  File "<frozen importlib._bootstrap_external>", line 995, in exec_module
  File "<frozen importlib._bootstrap>", line 488, in _call_with_frames_removed
  File "/opt/airflow/dags/dbt.py", line 2, in <module>
    from airflow.providers.standard.operators.bash import BashOperator
ModuleNotFoundError: No module named 'airflow.providers.standard'
[2026-03-16T01:20:03.356+0000] {processor.py:842} WARNING - No viable dags retrieved from /opt/airflow/dags/dbt.py
[2026-03-16T01:20:03.382+0000] {processor.py:183} INFO - Processing /opt/airflow/dags/dbt.py took 0.059 seconds
[2026-03-16T01:20:33.788+0000] {processor.py:161} INFO - Started process (PID=4840) to work on /opt/airflow/dags/dbt.py
[2026-03-16T01:20:33.789+0000] {processor.py:830} INFO - Processing file /opt/airflow/dags/dbt.py for tasks to queue
[2026-03-16T01:20:33.799+0000] {logging_mixin.py:188} INFO - [2026-03-16T01:20:33.795+0000] {dagbag.py:545} INFO - Filling up the DagBag from /opt/airflow/dags/dbt.py
[2026-03-16T01:20:33.811+0000] {logging_mixin.py:188} INFO - [2026-03-16T01:20:33.805+0000] {dagbag.py:355} ERROR - Failed to import: /opt/airflow/dags/dbt.py
Traceback (most recent call last):
  File "/home/airflow/.local/lib/python3.12/site-packages/airflow/models/dagbag.py", line 351, in parse
    loader.exec_module(new_module)
  File "<frozen importlib._bootstrap_external>", line 995, in exec_module
  File "<frozen importlib._bootstrap>", line 488, in _call_with_frames_removed
  File "/opt/airflow/dags/dbt.py", line 2, in <module>
    from airflow.providers.standard.operators.bash import BashOperator
ModuleNotFoundError: No module named 'airflow.providers.standard'
[2026-03-16T01:20:33.814+0000] {processor.py:842} WARNING - No viable dags retrieved from /opt/airflow/dags/dbt.py
[2026-03-16T01:20:33.849+0000] {processor.py:183} INFO - Processing /opt/airflow/dags/dbt.py took 0.086 seconds
[2026-03-16T01:21:04.224+0000] {processor.py:161} INFO - Started process (PID=4842) to work on /opt/airflow/dags/dbt.py
[2026-03-16T01:21:04.227+0000] {processor.py:830} INFO - Processing file /opt/airflow/dags/dbt.py for tasks to queue
[2026-03-16T01:21:04.233+0000] {logging_mixin.py:188} INFO - [2026-03-16T01:21:04.233+0000] {dagbag.py:545} INFO - Filling up the DagBag from /opt/airflow/dags/dbt.py
[2026-03-16T01:21:04.242+0000] {logging_mixin.py:188} INFO - [2026-03-16T01:21:04.238+0000] {dagbag.py:355} ERROR - Failed to import: /opt/airflow/dags/dbt.py
Traceback (most recent call last):
  File "/home/airflow/.local/lib/python3.12/site-packages/airflow/models/dagbag.py", line 351, in parse
    loader.exec_module(new_module)
  File "<frozen importlib._bootstrap_external>", line 995, in exec_module
  File "<frozen importlib._bootstrap>", line 488, in _call_with_frames_removed
  File "/opt/airflow/dags/dbt.py", line 2, in <module>
    from airflow.providers.standard.operators.bash import BashOperator
ModuleNotFoundError: No module named 'airflow.providers.standard'
[2026-03-16T01:21:04.243+0000] {processor.py:842} WARNING - No viable dags retrieved from /opt/airflow/dags/dbt.py
[2026-03-16T01:21:04.277+0000] {processor.py:183} INFO - Processing /opt/airflow/dags/dbt.py took 0.077 seconds
[2026-03-16T01:21:34.660+0000] {processor.py:161} INFO - Started process (PID=4844) to work on /opt/airflow/dags/dbt.py
[2026-03-16T01:21:34.662+0000] {processor.py:830} INFO - Processing file /opt/airflow/dags/dbt.py for tasks to queue
[2026-03-16T01:21:34.666+0000] {logging_mixin.py:188} INFO - [2026-03-16T01:21:34.666+0000] {dagbag.py:545} INFO - Filling up the DagBag from /opt/airflow/dags/dbt.py
[2026-03-16T01:21:34.674+0000] {logging_mixin.py:188} INFO - [2026-03-16T01:21:34.673+0000] {dagbag.py:355} ERROR - Failed to import: /opt/airflow/dags/dbt.py
Traceback (most recent call last):
  File "/home/airflow/.local/lib/python3.12/site-packages/airflow/models/dagbag.py", line 351, in parse
    loader.exec_module(new_module)
  File "<frozen importlib._bootstrap_external>", line 995, in exec_module
  File "<frozen importlib._bootstrap>", line 488, in _call_with_frames_removed
  File "/opt/airflow/dags/dbt.py", line 2, in <module>
    from airflow.providers.standard.operators.bash import BashOperator
ModuleNotFoundError: No module named 'airflow.providers.standard'
[2026-03-16T01:21:34.675+0000] {processor.py:842} WARNING - No viable dags retrieved from /opt/airflow/dags/dbt.py
[2026-03-16T01:21:34.707+0000] {processor.py:183} INFO - Processing /opt/airflow/dags/dbt.py took 0.072 seconds
[2026-03-16T01:22:05.052+0000] {processor.py:161} INFO - Started process (PID=4846) to work on /opt/airflow/dags/dbt.py
[2026-03-16T01:22:05.054+0000] {processor.py:830} INFO - Processing file /opt/airflow/dags/dbt.py for tasks to queue
[2026-03-16T01:22:05.058+0000] {logging_mixin.py:188} INFO - [2026-03-16T01:22:05.057+0000] {dagbag.py:545} INFO - Filling up the DagBag from /opt/airflow/dags/dbt.py
[2026-03-16T01:22:05.066+0000] {logging_mixin.py:188} INFO - [2026-03-16T01:22:05.064+0000] {dagbag.py:355} ERROR - Failed to import: /opt/airflow/dags/dbt.py
Traceback (most recent call last):
  File "/home/airflow/.local/lib/python3.12/site-packages/airflow/models/dagbag.py", line 351, in parse
    loader.exec_module(new_module)
  File "<frozen importlib._bootstrap_external>", line 995, in exec_module
  File "<frozen importlib._bootstrap>", line 488, in _call_with_frames_removed
  File "/opt/airflow/dags/dbt.py", line 2, in <module>
    from airflow.providers.standard.operators.bash import BashOperator
ModuleNotFoundError: No module named 'airflow.providers.standard'
[2026-03-16T01:22:05.070+0000] {processor.py:842} WARNING - No viable dags retrieved from /opt/airflow/dags/dbt.py
[2026-03-16T01:22:05.097+0000] {processor.py:183} INFO - Processing /opt/airflow/dags/dbt.py took 0.062 seconds
[2026-03-16T01:22:35.507+0000] {processor.py:161} INFO - Started process (PID=4848) to work on /opt/airflow/dags/dbt.py
[2026-03-16T01:22:35.514+0000] {processor.py:830} INFO - Processing file /opt/airflow/dags/dbt.py for tasks to queue
[2026-03-16T01:22:35.520+0000] {logging_mixin.py:188} INFO - [2026-03-16T01:22:35.519+0000] {dagbag.py:545} INFO - Filling up the DagBag from /opt/airflow/dags/dbt.py
[2026-03-16T01:22:35.526+0000] {logging_mixin.py:188} INFO - [2026-03-16T01:22:35.525+0000] {dagbag.py:355} ERROR - Failed to import: /opt/airflow/dags/dbt.py
Traceback (most recent call last):
  File "/home/airflow/.local/lib/python3.12/site-packages/airflow/models/dagbag.py", line 351, in parse
    loader.exec_module(new_module)
  File "<frozen importlib._bootstrap_external>", line 995, in exec_module
  File "<frozen importlib._bootstrap>", line 488, in _call_with_frames_removed
  File "/opt/airflow/dags/dbt.py", line 2, in <module>
    from airflow.providers.standard.operators.bash import BashOperator
ModuleNotFoundError: No module named 'airflow.providers.standard'
[2026-03-16T01:22:35.527+0000] {processor.py:842} WARNING - No viable dags retrieved from /opt/airflow/dags/dbt.py
[2026-03-16T01:22:35.556+0000] {processor.py:183} INFO - Processing /opt/airflow/dags/dbt.py took 0.078 seconds
[2026-03-16T01:23:05.923+0000] {processor.py:161} INFO - Started process (PID=4850) to work on /opt/airflow/dags/dbt.py
[2026-03-16T01:23:05.925+0000] {processor.py:830} INFO - Processing file /opt/airflow/dags/dbt.py for tasks to queue
[2026-03-16T01:23:05.929+0000] {logging_mixin.py:188} INFO - [2026-03-16T01:23:05.929+0000] {dagbag.py:545} INFO - Filling up the DagBag from /opt/airflow/dags/dbt.py
[2026-03-16T01:23:05.940+0000] {logging_mixin.py:188} INFO - [2026-03-16T01:23:05.936+0000] {dagbag.py:355} ERROR - Failed to import: /opt/airflow/dags/dbt.py
Traceback (most recent call last):
  File "/home/airflow/.local/lib/python3.12/site-packages/airflow/models/dagbag.py", line 351, in parse
    loader.exec_module(new_module)
  File "<frozen importlib._bootstrap_external>", line 995, in exec_module
  File "<frozen importlib._bootstrap>", line 488, in _call_with_frames_removed
  File "/opt/airflow/dags/dbt.py", line 2, in <module>
    from airflow.providers.standard.operators.bash import BashOperator
ModuleNotFoundError: No module named 'airflow.providers.standard'
[2026-03-16T01:23:05.942+0000] {processor.py:842} WARNING - No viable dags retrieved from /opt/airflow/dags/dbt.py
[2026-03-16T01:23:05.969+0000] {processor.py:183} INFO - Processing /opt/airflow/dags/dbt.py took 0.064 seconds
[2026-03-16T01:23:36.398+0000] {processor.py:161} INFO - Started process (PID=4852) to work on /opt/airflow/dags/dbt.py
[2026-03-16T01:23:36.401+0000] {processor.py:830} INFO - Processing file /opt/airflow/dags/dbt.py for tasks to queue
[2026-03-16T01:23:36.412+0000] {logging_mixin.py:188} INFO - [2026-03-16T01:23:36.410+0000] {dagbag.py:545} INFO - Filling up the DagBag from /opt/airflow/dags/dbt.py
[2026-03-16T01:23:36.424+0000] {logging_mixin.py:188} INFO - [2026-03-16T01:23:36.420+0000] {dagbag.py:355} ERROR - Failed to import: /opt/airflow/dags/dbt.py
Traceback (most recent call last):
  File "/home/airflow/.local/lib/python3.12/site-packages/airflow/models/dagbag.py", line 351, in parse
    loader.exec_module(new_module)
  File "<frozen importlib._bootstrap_external>", line 995, in exec_module
  File "<frozen importlib._bootstrap>", line 488, in _call_with_frames_removed
  File "/opt/airflow/dags/dbt.py", line 2, in <module>
    from airflow.providers.standard.operators.bash import BashOperator
ModuleNotFoundError: No module named 'airflow.providers.standard'
[2026-03-16T01:23:36.425+0000] {processor.py:842} WARNING - No viable dags retrieved from /opt/airflow/dags/dbt.py
[2026-03-16T01:23:36.457+0000] {processor.py:183} INFO - Processing /opt/airflow/dags/dbt.py took 0.084 seconds
[2026-03-16T01:24:06.853+0000] {processor.py:161} INFO - Started process (PID=4854) to work on /opt/airflow/dags/dbt.py
[2026-03-16T01:24:06.855+0000] {processor.py:830} INFO - Processing file /opt/airflow/dags/dbt.py for tasks to queue
[2026-03-16T01:24:06.861+0000] {logging_mixin.py:188} INFO - [2026-03-16T01:24:06.860+0000] {dagbag.py:545} INFO - Filling up the DagBag from /opt/airflow/dags/dbt.py
[2026-03-16T01:24:06.876+0000] {logging_mixin.py:188} INFO - [2026-03-16T01:24:06.869+0000] {dagbag.py:355} ERROR - Failed to import: /opt/airflow/dags/dbt.py
Traceback (most recent call last):
  File "/home/airflow/.local/lib/python3.12/site-packages/airflow/models/dagbag.py", line 351, in parse
    loader.exec_module(new_module)
  File "<frozen importlib._bootstrap_external>", line 995, in exec_module
  File "<frozen importlib._bootstrap>", line 488, in _call_with_frames_removed
  File "/opt/airflow/dags/dbt.py", line 2, in <module>
    from airflow.providers.standard.operators.bash import BashOperator
ModuleNotFoundError: No module named 'airflow.providers.standard'
[2026-03-16T01:24:06.876+0000] {processor.py:842} WARNING - No viable dags retrieved from /opt/airflow/dags/dbt.py
[2026-03-16T01:24:06.906+0000] {processor.py:183} INFO - Processing /opt/airflow/dags/dbt.py took 0.085 seconds
[2026-03-16T01:24:37.341+0000] {processor.py:161} INFO - Started process (PID=4856) to work on /opt/airflow/dags/dbt.py
[2026-03-16T01:24:37.344+0000] {processor.py:830} INFO - Processing file /opt/airflow/dags/dbt.py for tasks to queue
[2026-03-16T01:24:37.349+0000] {logging_mixin.py:188} INFO - [2026-03-16T01:24:37.349+0000] {dagbag.py:545} INFO - Filling up the DagBag from /opt/airflow/dags/dbt.py
[2026-03-16T01:24:37.363+0000] {logging_mixin.py:188} INFO - [2026-03-16T01:24:37.360+0000] {dagbag.py:355} ERROR - Failed to import: /opt/airflow/dags/dbt.py
Traceback (most recent call last):
  File "/home/airflow/.local/lib/python3.12/site-packages/airflow/models/dagbag.py", line 351, in parse
    loader.exec_module(new_module)
  File "<frozen importlib._bootstrap_external>", line 995, in exec_module
  File "<frozen importlib._bootstrap>", line 488, in _call_with_frames_removed
  File "/opt/airflow/dags/dbt.py", line 2, in <module>
    from airflow.providers.standard.operators.bash import BashOperator
ModuleNotFoundError: No module named 'airflow.providers.standard'
[2026-03-16T01:24:37.363+0000] {processor.py:842} WARNING - No viable dags retrieved from /opt/airflow/dags/dbt.py
[2026-03-16T01:24:37.393+0000] {processor.py:183} INFO - Processing /opt/airflow/dags/dbt.py took 0.077 seconds
[2026-03-16T01:25:07.858+0000] {processor.py:161} INFO - Started process (PID=4858) to work on /opt/airflow/dags/dbt.py
[2026-03-16T01:25:07.859+0000] {processor.py:830} INFO - Processing file /opt/airflow/dags/dbt.py for tasks to queue
[2026-03-16T01:25:07.863+0000] {logging_mixin.py:188} INFO - [2026-03-16T01:25:07.863+0000] {dagbag.py:545} INFO - Filling up the DagBag from /opt/airflow/dags/dbt.py
[2026-03-16T01:25:07.876+0000] {logging_mixin.py:188} INFO - [2026-03-16T01:25:07.874+0000] {dagbag.py:355} ERROR - Failed to import: /opt/airflow/dags/dbt.py
Traceback (most recent call last):
  File "/home/airflow/.local/lib/python3.12/site-packages/airflow/models/dagbag.py", line 351, in parse
    loader.exec_module(new_module)
  File "<frozen importlib._bootstrap_external>", line 995, in exec_module
  File "<frozen importlib._bootstrap>", line 488, in _call_with_frames_removed
  File "/opt/airflow/dags/dbt.py", line 2, in <module>
    from airflow.providers.standard.operators.bash import BashOperator
ModuleNotFoundError: No module named 'airflow.providers.standard'
[2026-03-16T01:25:07.877+0000] {processor.py:842} WARNING - No viable dags retrieved from /opt/airflow/dags/dbt.py
[2026-03-16T01:25:07.909+0000] {processor.py:183} INFO - Processing /opt/airflow/dags/dbt.py took 0.082 seconds
[2026-03-16T01:25:38.341+0000] {processor.py:161} INFO - Started process (PID=4860) to work on /opt/airflow/dags/dbt.py
[2026-03-16T01:25:38.345+0000] {processor.py:830} INFO - Processing file /opt/airflow/dags/dbt.py for tasks to queue
[2026-03-16T01:25:38.353+0000] {logging_mixin.py:188} INFO - [2026-03-16T01:25:38.353+0000] {dagbag.py:545} INFO - Filling up the DagBag from /opt/airflow/dags/dbt.py
[2026-03-16T01:25:38.364+0000] {logging_mixin.py:188} INFO - [2026-03-16T01:25:38.360+0000] {dagbag.py:355} ERROR - Failed to import: /opt/airflow/dags/dbt.py
Traceback (most recent call last):
  File "/home/airflow/.local/lib/python3.12/site-packages/airflow/models/dagbag.py", line 351, in parse
    loader.exec_module(new_module)
  File "<frozen importlib._bootstrap_external>", line 995, in exec_module
  File "<frozen importlib._bootstrap>", line 488, in _call_with_frames_removed
  File "/opt/airflow/dags/dbt.py", line 2, in <module>
    from airflow.providers.standard.operators.bash import BashOperator
ModuleNotFoundError: No module named 'airflow.providers.standard'
[2026-03-16T01:25:38.364+0000] {processor.py:842} WARNING - No viable dags retrieved from /opt/airflow/dags/dbt.py
[2026-03-16T01:25:38.399+0000] {processor.py:183} INFO - Processing /opt/airflow/dags/dbt.py took 0.075 seconds
[2026-03-16T01:26:08.825+0000] {processor.py:161} INFO - Started process (PID=4862) to work on /opt/airflow/dags/dbt.py
[2026-03-16T01:26:08.830+0000] {processor.py:830} INFO - Processing file /opt/airflow/dags/dbt.py for tasks to queue
[2026-03-16T01:26:08.834+0000] {logging_mixin.py:188} INFO - [2026-03-16T01:26:08.833+0000] {dagbag.py:545} INFO - Filling up the DagBag from /opt/airflow/dags/dbt.py
[2026-03-16T01:26:08.842+0000] {logging_mixin.py:188} INFO - [2026-03-16T01:26:08.841+0000] {dagbag.py:355} ERROR - Failed to import: /opt/airflow/dags/dbt.py
Traceback (most recent call last):
  File "/home/airflow/.local/lib/python3.12/site-packages/airflow/models/dagbag.py", line 351, in parse
    loader.exec_module(new_module)
  File "<frozen importlib._bootstrap_external>", line 995, in exec_module
  File "<frozen importlib._bootstrap>", line 488, in _call_with_frames_removed
  File "/opt/airflow/dags/dbt.py", line 2, in <module>
    from airflow.providers.standard.operators.bash import BashOperator
ModuleNotFoundError: No module named 'airflow.providers.standard'
[2026-03-16T01:26:08.843+0000] {processor.py:842} WARNING - No viable dags retrieved from /opt/airflow/dags/dbt.py
[2026-03-16T01:26:08.883+0000] {processor.py:183} INFO - Processing /opt/airflow/dags/dbt.py took 0.086 seconds
[2026-03-16T01:26:39.357+0000] {processor.py:161} INFO - Started process (PID=4864) to work on /opt/airflow/dags/dbt.py
[2026-03-16T01:26:39.361+0000] {processor.py:830} INFO - Processing file /opt/airflow/dags/dbt.py for tasks to queue
[2026-03-16T01:26:39.366+0000] {logging_mixin.py:188} INFO - [2026-03-16T01:26:39.365+0000] {dagbag.py:545} INFO - Filling up the DagBag from /opt/airflow/dags/dbt.py
[2026-03-16T01:26:39.378+0000] {logging_mixin.py:188} INFO - [2026-03-16T01:26:39.374+0000] {dagbag.py:355} ERROR - Failed to import: /opt/airflow/dags/dbt.py
Traceback (most recent call last):
  File "/home/airflow/.local/lib/python3.12/site-packages/airflow/models/dagbag.py", line 351, in parse
    loader.exec_module(new_module)
  File "<frozen importlib._bootstrap_external>", line 995, in exec_module
  File "<frozen importlib._bootstrap>", line 488, in _call_with_frames_removed
  File "/opt/airflow/dags/dbt.py", line 2, in <module>
    from airflow.providers.standard.operators.bash import BashOperator
ModuleNotFoundError: No module named 'airflow.providers.standard'
[2026-03-16T01:26:39.382+0000] {processor.py:842} WARNING - No viable dags retrieved from /opt/airflow/dags/dbt.py
[2026-03-16T01:26:39.414+0000] {processor.py:183} INFO - Processing /opt/airflow/dags/dbt.py took 0.082 seconds
[2026-03-16T01:27:09.864+0000] {processor.py:161} INFO - Started process (PID=4866) to work on /opt/airflow/dags/dbt.py
[2026-03-16T01:27:09.867+0000] {processor.py:830} INFO - Processing file /opt/airflow/dags/dbt.py for tasks to queue
[2026-03-16T01:27:09.871+0000] {logging_mixin.py:188} INFO - [2026-03-16T01:27:09.871+0000] {dagbag.py:545} INFO - Filling up the DagBag from /opt/airflow/dags/dbt.py
[2026-03-16T01:27:09.885+0000] {logging_mixin.py:188} INFO - [2026-03-16T01:27:09.881+0000] {dagbag.py:355} ERROR - Failed to import: /opt/airflow/dags/dbt.py
Traceback (most recent call last):
  File "/home/airflow/.local/lib/python3.12/site-packages/airflow/models/dagbag.py", line 351, in parse
    loader.exec_module(new_module)
  File "<frozen importlib._bootstrap_external>", line 995, in exec_module
  File "<frozen importlib._bootstrap>", line 488, in _call_with_frames_removed
  File "/opt/airflow/dags/dbt.py", line 2, in <module>
    from airflow.providers.standard.operators.bash import BashOperator
ModuleNotFoundError: No module named 'airflow.providers.standard'
[2026-03-16T01:27:09.886+0000] {processor.py:842} WARNING - No viable dags retrieved from /opt/airflow/dags/dbt.py
[2026-03-16T01:27:09.919+0000] {processor.py:183} INFO - Processing /opt/airflow/dags/dbt.py took 0.078 seconds
[2026-03-16T01:27:40.360+0000] {processor.py:161} INFO - Started process (PID=4868) to work on /opt/airflow/dags/dbt.py
[2026-03-16T01:27:40.361+0000] {processor.py:830} INFO - Processing file /opt/airflow/dags/dbt.py for tasks to queue
[2026-03-16T01:27:40.365+0000] {logging_mixin.py:188} INFO - [2026-03-16T01:27:40.365+0000] {dagbag.py:545} INFO - Filling up the DagBag from /opt/airflow/dags/dbt.py
[2026-03-16T01:27:40.375+0000] {logging_mixin.py:188} INFO - [2026-03-16T01:27:40.372+0000] {dagbag.py:355} ERROR - Failed to import: /opt/airflow/dags/dbt.py
Traceback (most recent call last):
  File "/home/airflow/.local/lib/python3.12/site-packages/airflow/models/dagbag.py", line 351, in parse
    loader.exec_module(new_module)
  File "<frozen importlib._bootstrap_external>", line 995, in exec_module
  File "<frozen importlib._bootstrap>", line 488, in _call_with_frames_removed
  File "/opt/airflow/dags/dbt.py", line 2, in <module>
    from airflow.providers.standard.operators.bash import BashOperator
ModuleNotFoundError: No module named 'airflow.providers.standard'
[2026-03-16T01:27:40.375+0000] {processor.py:842} WARNING - No viable dags retrieved from /opt/airflow/dags/dbt.py
[2026-03-16T01:27:40.404+0000] {processor.py:183} INFO - Processing /opt/airflow/dags/dbt.py took 0.066 seconds
[2026-03-16T01:28:10.875+0000] {processor.py:161} INFO - Started process (PID=4870) to work on /opt/airflow/dags/dbt.py
[2026-03-16T01:28:10.877+0000] {processor.py:830} INFO - Processing file /opt/airflow/dags/dbt.py for tasks to queue
[2026-03-16T01:28:10.881+0000] {logging_mixin.py:188} INFO - [2026-03-16T01:28:10.880+0000] {dagbag.py:545} INFO - Filling up the DagBag from /opt/airflow/dags/dbt.py
[2026-03-16T01:28:10.893+0000] {logging_mixin.py:188} INFO - [2026-03-16T01:28:10.888+0000] {dagbag.py:355} ERROR - Failed to import: /opt/airflow/dags/dbt.py
Traceback (most recent call last):
  File "/home/airflow/.local/lib/python3.12/site-packages/airflow/models/dagbag.py", line 351, in parse
    loader.exec_module(new_module)
  File "<frozen importlib._bootstrap_external>", line 995, in exec_module
  File "<frozen importlib._bootstrap>", line 488, in _call_with_frames_removed
  File "/opt/airflow/dags/dbt.py", line 2, in <module>
    from airflow.providers.standard.operators.bash import BashOperator
ModuleNotFoundError: No module named 'airflow.providers.standard'
[2026-03-16T01:28:10.893+0000] {processor.py:842} WARNING - No viable dags retrieved from /opt/airflow/dags/dbt.py
[2026-03-16T01:28:10.924+0000] {processor.py:183} INFO - Processing /opt/airflow/dags/dbt.py took 0.075 seconds
[2026-03-16T01:28:41.433+0000] {processor.py:161} INFO - Started process (PID=4872) to work on /opt/airflow/dags/dbt.py
[2026-03-16T01:28:41.439+0000] {processor.py:830} INFO - Processing file /opt/airflow/dags/dbt.py for tasks to queue
[2026-03-16T01:28:41.445+0000] {logging_mixin.py:188} INFO - [2026-03-16T01:28:41.445+0000] {dagbag.py:545} INFO - Filling up the DagBag from /opt/airflow/dags/dbt.py
[2026-03-16T01:28:41.456+0000] {logging_mixin.py:188} INFO - [2026-03-16T01:28:41.455+0000] {dagbag.py:355} ERROR - Failed to import: /opt/airflow/dags/dbt.py
Traceback (most recent call last):
  File "/home/airflow/.local/lib/python3.12/site-packages/airflow/models/dagbag.py", line 351, in parse
    loader.exec_module(new_module)
  File "<frozen importlib._bootstrap_external>", line 995, in exec_module
  File "<frozen importlib._bootstrap>", line 488, in _call_with_frames_removed
  File "/opt/airflow/dags/dbt.py", line 2, in <module>
    from airflow.providers.standard.operators.bash import BashOperator
ModuleNotFoundError: No module named 'airflow.providers.standard'
[2026-03-16T01:28:41.457+0000] {processor.py:842} WARNING - No viable dags retrieved from /opt/airflow/dags/dbt.py
[2026-03-16T01:28:41.495+0000] {processor.py:183} INFO - Processing /opt/airflow/dags/dbt.py took 0.090 seconds
[2026-03-16T01:29:11.918+0000] {processor.py:161} INFO - Started process (PID=4874) to work on /opt/airflow/dags/dbt.py
[2026-03-16T01:29:11.921+0000] {processor.py:830} INFO - Processing file /opt/airflow/dags/dbt.py for tasks to queue
[2026-03-16T01:29:11.925+0000] {logging_mixin.py:188} INFO - [2026-03-16T01:29:11.924+0000] {dagbag.py:545} INFO - Filling up the DagBag from /opt/airflow/dags/dbt.py
[2026-03-16T01:29:11.936+0000] {logging_mixin.py:188} INFO - [2026-03-16T01:29:11.932+0000] {dagbag.py:355} ERROR - Failed to import: /opt/airflow/dags/dbt.py
Traceback (most recent call last):
  File "/home/airflow/.local/lib/python3.12/site-packages/airflow/models/dagbag.py", line 351, in parse
    loader.exec_module(new_module)
  File "<frozen importlib._bootstrap_external>", line 995, in exec_module
  File "<frozen importlib._bootstrap>", line 488, in _call_with_frames_removed
  File "/opt/airflow/dags/dbt.py", line 2, in <module>
    from airflow.providers.standard.operators.bash import BashOperator
ModuleNotFoundError: No module named 'airflow.providers.standard'
[2026-03-16T01:29:11.937+0000] {processor.py:842} WARNING - No viable dags retrieved from /opt/airflow/dags/dbt.py
[2026-03-16T01:29:11.975+0000] {processor.py:183} INFO - Processing /opt/airflow/dags/dbt.py took 0.082 seconds
[2026-03-16T01:29:42.422+0000] {processor.py:161} INFO - Started process (PID=4876) to work on /opt/airflow/dags/dbt.py
[2026-03-16T01:29:42.424+0000] {processor.py:830} INFO - Processing file /opt/airflow/dags/dbt.py for tasks to queue
[2026-03-16T01:29:42.433+0000] {logging_mixin.py:188} INFO - [2026-03-16T01:29:42.429+0000] {dagbag.py:545} INFO - Filling up the DagBag from /opt/airflow/dags/dbt.py
[2026-03-16T01:29:42.443+0000] {logging_mixin.py:188} INFO - [2026-03-16T01:29:42.442+0000] {dagbag.py:355} ERROR - Failed to import: /opt/airflow/dags/dbt.py
Traceback (most recent call last):
  File "/home/airflow/.local/lib/python3.12/site-packages/airflow/models/dagbag.py", line 351, in parse
    loader.exec_module(new_module)
  File "<frozen importlib._bootstrap_external>", line 995, in exec_module
  File "<frozen importlib._bootstrap>", line 488, in _call_with_frames_removed
  File "/opt/airflow/dags/dbt.py", line 2, in <module>
    from airflow.providers.standard.operators.bash import BashOperator
ModuleNotFoundError: No module named 'airflow.providers.standard'
[2026-03-16T01:29:42.444+0000] {processor.py:842} WARNING - No viable dags retrieved from /opt/airflow/dags/dbt.py
[2026-03-16T01:29:42.479+0000] {processor.py:183} INFO - Processing /opt/airflow/dags/dbt.py took 0.083 seconds
[2026-03-16T01:30:12.882+0000] {processor.py:161} INFO - Started process (PID=4878) to work on /opt/airflow/dags/dbt.py
[2026-03-16T01:30:12.885+0000] {processor.py:830} INFO - Processing file /opt/airflow/dags/dbt.py for tasks to queue
[2026-03-16T01:30:12.889+0000] {logging_mixin.py:188} INFO - [2026-03-16T01:30:12.888+0000] {dagbag.py:545} INFO - Filling up the DagBag from /opt/airflow/dags/dbt.py
[2026-03-16T01:30:12.897+0000] {logging_mixin.py:188} INFO - [2026-03-16T01:30:12.894+0000] {dagbag.py:355} ERROR - Failed to import: /opt/airflow/dags/dbt.py
Traceback (most recent call last):
  File "/home/airflow/.local/lib/python3.12/site-packages/airflow/models/dagbag.py", line 351, in parse
    loader.exec_module(new_module)
  File "<frozen importlib._bootstrap_external>", line 995, in exec_module
  File "<frozen importlib._bootstrap>", line 488, in _call_with_frames_removed
  File "/opt/airflow/dags/dbt.py", line 2, in <module>
    from airflow.providers.standard.operators.bash import BashOperator
ModuleNotFoundError: No module named 'airflow.providers.standard'
[2026-03-16T01:30:12.899+0000] {processor.py:842} WARNING - No viable dags retrieved from /opt/airflow/dags/dbt.py
[2026-03-16T01:30:12.931+0000] {processor.py:183} INFO - Processing /opt/airflow/dags/dbt.py took 0.065 seconds
[2026-03-16T01:30:43.363+0000] {processor.py:161} INFO - Started process (PID=4880) to work on /opt/airflow/dags/dbt.py
[2026-03-16T01:30:43.364+0000] {processor.py:830} INFO - Processing file /opt/airflow/dags/dbt.py for tasks to queue
[2026-03-16T01:30:43.372+0000] {logging_mixin.py:188} INFO - [2026-03-16T01:30:43.371+0000] {dagbag.py:545} INFO - Filling up the DagBag from /opt/airflow/dags/dbt.py
[2026-03-16T01:30:43.385+0000] {logging_mixin.py:188} INFO - [2026-03-16T01:30:43.384+0000] {dagbag.py:355} ERROR - Failed to import: /opt/airflow/dags/dbt.py
Traceback (most recent call last):
  File "/home/airflow/.local/lib/python3.12/site-packages/airflow/models/dagbag.py", line 351, in parse
    loader.exec_module(new_module)
  File "<frozen importlib._bootstrap_external>", line 995, in exec_module
  File "<frozen importlib._bootstrap>", line 488, in _call_with_frames_removed
  File "/opt/airflow/dags/dbt.py", line 2, in <module>
    from airflow.providers.standard.operators.bash import BashOperator
ModuleNotFoundError: No module named 'airflow.providers.standard'
[2026-03-16T01:30:43.385+0000] {processor.py:842} WARNING - No viable dags retrieved from /opt/airflow/dags/dbt.py
[2026-03-16T01:30:43.421+0000] {processor.py:183} INFO - Processing /opt/airflow/dags/dbt.py took 0.076 seconds
[2026-03-16T01:31:13.838+0000] {processor.py:161} INFO - Started process (PID=4882) to work on /opt/airflow/dags/dbt.py
[2026-03-16T01:31:13.840+0000] {processor.py:830} INFO - Processing file /opt/airflow/dags/dbt.py for tasks to queue
[2026-03-16T01:31:13.845+0000] {logging_mixin.py:188} INFO - [2026-03-16T01:31:13.844+0000] {dagbag.py:545} INFO - Filling up the DagBag from /opt/airflow/dags/dbt.py
[2026-03-16T01:31:13.853+0000] {logging_mixin.py:188} INFO - [2026-03-16T01:31:13.850+0000] {dagbag.py:355} ERROR - Failed to import: /opt/airflow/dags/dbt.py
Traceback (most recent call last):
  File "/home/airflow/.local/lib/python3.12/site-packages/airflow/models/dagbag.py", line 351, in parse
    loader.exec_module(new_module)
  File "<frozen importlib._bootstrap_external>", line 995, in exec_module
  File "<frozen importlib._bootstrap>", line 488, in _call_with_frames_removed
  File "/opt/airflow/dags/dbt.py", line 2, in <module>
    from airflow.providers.standard.operators.bash import BashOperator
ModuleNotFoundError: No module named 'airflow.providers.standard'
[2026-03-16T01:31:13.853+0000] {processor.py:842} WARNING - No viable dags retrieved from /opt/airflow/dags/dbt.py
[2026-03-16T01:31:13.884+0000] {processor.py:183} INFO - Processing /opt/airflow/dags/dbt.py took 0.059 seconds
[2026-03-16T01:31:44.365+0000] {processor.py:161} INFO - Started process (PID=4884) to work on /opt/airflow/dags/dbt.py
[2026-03-16T01:31:44.366+0000] {processor.py:830} INFO - Processing file /opt/airflow/dags/dbt.py for tasks to queue
[2026-03-16T01:31:44.373+0000] {logging_mixin.py:188} INFO - [2026-03-16T01:31:44.371+0000] {dagbag.py:545} INFO - Filling up the DagBag from /opt/airflow/dags/dbt.py
[2026-03-16T01:31:44.381+0000] {logging_mixin.py:188} INFO - [2026-03-16T01:31:44.377+0000] {dagbag.py:355} ERROR - Failed to import: /opt/airflow/dags/dbt.py
Traceback (most recent call last):
  File "/home/airflow/.local/lib/python3.12/site-packages/airflow/models/dagbag.py", line 351, in parse
    loader.exec_module(new_module)
  File "<frozen importlib._bootstrap_external>", line 995, in exec_module
  File "<frozen importlib._bootstrap>", line 488, in _call_with_frames_removed
  File "/opt/airflow/dags/dbt.py", line 2, in <module>
    from airflow.providers.standard.operators.bash import BashOperator
ModuleNotFoundError: No module named 'airflow.providers.standard'
[2026-03-16T01:31:44.382+0000] {processor.py:842} WARNING - No viable dags retrieved from /opt/airflow/dags/dbt.py
[2026-03-16T01:31:44.411+0000] {processor.py:183} INFO - Processing /opt/airflow/dags/dbt.py took 0.076 seconds
[2026-03-16T01:32:14.840+0000] {processor.py:161} INFO - Started process (PID=4886) to work on /opt/airflow/dags/dbt.py
[2026-03-16T01:32:14.842+0000] {processor.py:830} INFO - Processing file /opt/airflow/dags/dbt.py for tasks to queue
[2026-03-16T01:32:14.849+0000] {logging_mixin.py:188} INFO - [2026-03-16T01:32:14.849+0000] {dagbag.py:545} INFO - Filling up the DagBag from /opt/airflow/dags/dbt.py
[2026-03-16T01:32:14.857+0000] {logging_mixin.py:188} INFO - [2026-03-16T01:32:14.855+0000] {dagbag.py:355} ERROR - Failed to import: /opt/airflow/dags/dbt.py
Traceback (most recent call last):
  File "/home/airflow/.local/lib/python3.12/site-packages/airflow/models/dagbag.py", line 351, in parse
    loader.exec_module(new_module)
  File "<frozen importlib._bootstrap_external>", line 995, in exec_module
  File "<frozen importlib._bootstrap>", line 488, in _call_with_frames_removed
  File "/opt/airflow/dags/dbt.py", line 2, in <module>
    from airflow.providers.standard.operators.bash import BashOperator
ModuleNotFoundError: No module named 'airflow.providers.standard'
[2026-03-16T01:32:14.859+0000] {processor.py:842} WARNING - No viable dags retrieved from /opt/airflow/dags/dbt.py
[2026-03-16T01:32:14.899+0000] {processor.py:183} INFO - Processing /opt/airflow/dags/dbt.py took 0.082 seconds
[2026-03-16T01:32:45.389+0000] {processor.py:161} INFO - Started process (PID=4888) to work on /opt/airflow/dags/dbt.py
[2026-03-16T01:32:45.391+0000] {processor.py:830} INFO - Processing file /opt/airflow/dags/dbt.py for tasks to queue
[2026-03-16T01:32:45.400+0000] {logging_mixin.py:188} INFO - [2026-03-16T01:32:45.398+0000] {dagbag.py:545} INFO - Filling up the DagBag from /opt/airflow/dags/dbt.py
[2026-03-16T01:32:45.411+0000] {logging_mixin.py:188} INFO - [2026-03-16T01:32:45.406+0000] {dagbag.py:355} ERROR - Failed to import: /opt/airflow/dags/dbt.py
Traceback (most recent call last):
  File "/home/airflow/.local/lib/python3.12/site-packages/airflow/models/dagbag.py", line 351, in parse
    loader.exec_module(new_module)
  File "<frozen importlib._bootstrap_external>", line 995, in exec_module
  File "<frozen importlib._bootstrap>", line 488, in _call_with_frames_removed
  File "/opt/airflow/dags/dbt.py", line 2, in <module>
    from airflow.providers.standard.operators.bash import BashOperator
ModuleNotFoundError: No module named 'airflow.providers.standard'
[2026-03-16T01:32:45.411+0000] {processor.py:842} WARNING - No viable dags retrieved from /opt/airflow/dags/dbt.py
[2026-03-16T01:32:45.450+0000] {processor.py:183} INFO - Processing /opt/airflow/dags/dbt.py took 0.085 seconds
[2026-03-16T01:33:15.827+0000] {processor.py:161} INFO - Started process (PID=4890) to work on /opt/airflow/dags/dbt.py
[2026-03-16T01:33:15.831+0000] {processor.py:830} INFO - Processing file /opt/airflow/dags/dbt.py for tasks to queue
[2026-03-16T01:33:15.836+0000] {logging_mixin.py:188} INFO - [2026-03-16T01:33:15.835+0000] {dagbag.py:545} INFO - Filling up the DagBag from /opt/airflow/dags/dbt.py
[2026-03-16T01:33:15.850+0000] {logging_mixin.py:188} INFO - [2026-03-16T01:33:15.844+0000] {dagbag.py:355} ERROR - Failed to import: /opt/airflow/dags/dbt.py
Traceback (most recent call last):
  File "/home/airflow/.local/lib/python3.12/site-packages/airflow/models/dagbag.py", line 351, in parse
    loader.exec_module(new_module)
  File "<frozen importlib._bootstrap_external>", line 995, in exec_module
  File "<frozen importlib._bootstrap>", line 488, in _call_with_frames_removed
  File "/opt/airflow/dags/dbt.py", line 2, in <module>
    from airflow.providers.standard.operators.bash import BashOperator
ModuleNotFoundError: No module named 'airflow.providers.standard'
[2026-03-16T01:33:15.851+0000] {processor.py:842} WARNING - No viable dags retrieved from /opt/airflow/dags/dbt.py
[2026-03-16T01:33:15.887+0000] {processor.py:183} INFO - Processing /opt/airflow/dags/dbt.py took 0.081 seconds
[2026-03-16T01:33:46.348+0000] {processor.py:161} INFO - Started process (PID=4892) to work on /opt/airflow/dags/dbt.py
[2026-03-16T01:33:46.352+0000] {processor.py:830} INFO - Processing file /opt/airflow/dags/dbt.py for tasks to queue
[2026-03-16T01:33:46.356+0000] {logging_mixin.py:188} INFO - [2026-03-16T01:33:46.356+0000] {dagbag.py:545} INFO - Filling up the DagBag from /opt/airflow/dags/dbt.py
[2026-03-16T01:33:46.366+0000] {logging_mixin.py:188} INFO - [2026-03-16T01:33:46.363+0000] {dagbag.py:355} ERROR - Failed to import: /opt/airflow/dags/dbt.py
Traceback (most recent call last):
  File "/home/airflow/.local/lib/python3.12/site-packages/airflow/models/dagbag.py", line 351, in parse
    loader.exec_module(new_module)
  File "<frozen importlib._bootstrap_external>", line 995, in exec_module
  File "<frozen importlib._bootstrap>", line 488, in _call_with_frames_removed
  File "/opt/airflow/dags/dbt.py", line 2, in <module>
    from airflow.providers.standard.operators.bash import BashOperator
ModuleNotFoundError: No module named 'airflow.providers.standard'
[2026-03-16T01:33:46.366+0000] {processor.py:842} WARNING - No viable dags retrieved from /opt/airflow/dags/dbt.py
[2026-03-16T01:33:46.399+0000] {processor.py:183} INFO - Processing /opt/airflow/dags/dbt.py took 0.067 seconds
[2026-03-16T01:34:16.804+0000] {processor.py:161} INFO - Started process (PID=4894) to work on /opt/airflow/dags/dbt.py
[2026-03-16T01:34:16.806+0000] {processor.py:830} INFO - Processing file /opt/airflow/dags/dbt.py for tasks to queue
[2026-03-16T01:34:16.811+0000] {logging_mixin.py:188} INFO - [2026-03-16T01:34:16.810+0000] {dagbag.py:545} INFO - Filling up the DagBag from /opt/airflow/dags/dbt.py
[2026-03-16T01:34:16.820+0000] {logging_mixin.py:188} INFO - [2026-03-16T01:34:16.818+0000] {dagbag.py:355} ERROR - Failed to import: /opt/airflow/dags/dbt.py
Traceback (most recent call last):
  File "/home/airflow/.local/lib/python3.12/site-packages/airflow/models/dagbag.py", line 351, in parse
    loader.exec_module(new_module)
  File "<frozen importlib._bootstrap_external>", line 995, in exec_module
  File "<frozen importlib._bootstrap>", line 488, in _call_with_frames_removed
  File "/opt/airflow/dags/dbt.py", line 2, in <module>
    from airflow.providers.standard.operators.bash import BashOperator
ModuleNotFoundError: No module named 'airflow.providers.standard'
[2026-03-16T01:34:16.821+0000] {processor.py:842} WARNING - No viable dags retrieved from /opt/airflow/dags/dbt.py
[2026-03-16T01:34:16.854+0000] {processor.py:183} INFO - Processing /opt/airflow/dags/dbt.py took 0.074 seconds
[2026-03-16T01:34:47.266+0000] {processor.py:161} INFO - Started process (PID=4896) to work on /opt/airflow/dags/dbt.py
[2026-03-16T01:34:47.268+0000] {processor.py:830} INFO - Processing file /opt/airflow/dags/dbt.py for tasks to queue
[2026-03-16T01:34:47.273+0000] {logging_mixin.py:188} INFO - [2026-03-16T01:34:47.272+0000] {dagbag.py:545} INFO - Filling up the DagBag from /opt/airflow/dags/dbt.py
[2026-03-16T01:34:47.281+0000] {logging_mixin.py:188} INFO - [2026-03-16T01:34:47.279+0000] {dagbag.py:355} ERROR - Failed to import: /opt/airflow/dags/dbt.py
Traceback (most recent call last):
  File "/home/airflow/.local/lib/python3.12/site-packages/airflow/models/dagbag.py", line 351, in parse
    loader.exec_module(new_module)
  File "<frozen importlib._bootstrap_external>", line 995, in exec_module
  File "<frozen importlib._bootstrap>", line 488, in _call_with_frames_removed
  File "/opt/airflow/dags/dbt.py", line 2, in <module>
    from airflow.providers.standard.operators.bash import BashOperator
ModuleNotFoundError: No module named 'airflow.providers.standard'
[2026-03-16T01:34:47.282+0000] {processor.py:842} WARNING - No viable dags retrieved from /opt/airflow/dags/dbt.py
[2026-03-16T01:34:47.313+0000] {processor.py:183} INFO - Processing /opt/airflow/dags/dbt.py took 0.066 seconds
[2026-03-16T01:35:17.678+0000] {processor.py:161} INFO - Started process (PID=4898) to work on /opt/airflow/dags/dbt.py
[2026-03-16T01:35:17.680+0000] {processor.py:830} INFO - Processing file /opt/airflow/dags/dbt.py for tasks to queue
[2026-03-16T01:35:17.685+0000] {logging_mixin.py:188} INFO - [2026-03-16T01:35:17.685+0000] {dagbag.py:545} INFO - Filling up the DagBag from /opt/airflow/dags/dbt.py
[2026-03-16T01:35:17.697+0000] {logging_mixin.py:188} INFO - [2026-03-16T01:35:17.693+0000] {dagbag.py:355} ERROR - Failed to import: /opt/airflow/dags/dbt.py
Traceback (most recent call last):
  File "/home/airflow/.local/lib/python3.12/site-packages/airflow/models/dagbag.py", line 351, in parse
    loader.exec_module(new_module)
  File "<frozen importlib._bootstrap_external>", line 995, in exec_module
  File "<frozen importlib._bootstrap>", line 488, in _call_with_frames_removed
  File "/opt/airflow/dags/dbt.py", line 2, in <module>
    from airflow.providers.standard.operators.bash import BashOperator
ModuleNotFoundError: No module named 'airflow.providers.standard'
[2026-03-16T01:35:17.699+0000] {processor.py:842} WARNING - No viable dags retrieved from /opt/airflow/dags/dbt.py
[2026-03-16T01:35:17.728+0000] {processor.py:183} INFO - Processing /opt/airflow/dags/dbt.py took 0.069 seconds
[2026-03-16T01:35:48.125+0000] {processor.py:161} INFO - Started process (PID=4900) to work on /opt/airflow/dags/dbt.py
[2026-03-16T01:35:48.127+0000] {processor.py:830} INFO - Processing file /opt/airflow/dags/dbt.py for tasks to queue
[2026-03-16T01:35:48.135+0000] {logging_mixin.py:188} INFO - [2026-03-16T01:35:48.135+0000] {dagbag.py:545} INFO - Filling up the DagBag from /opt/airflow/dags/dbt.py
[2026-03-16T01:35:48.144+0000] {logging_mixin.py:188} INFO - [2026-03-16T01:35:48.142+0000] {dagbag.py:355} ERROR - Failed to import: /opt/airflow/dags/dbt.py
Traceback (most recent call last):
  File "/home/airflow/.local/lib/python3.12/site-packages/airflow/models/dagbag.py", line 351, in parse
    loader.exec_module(new_module)
  File "<frozen importlib._bootstrap_external>", line 995, in exec_module
  File "<frozen importlib._bootstrap>", line 488, in _call_with_frames_removed
  File "/opt/airflow/dags/dbt.py", line 2, in <module>
    from airflow.providers.standard.operators.bash import BashOperator
ModuleNotFoundError: No module named 'airflow.providers.standard'
[2026-03-16T01:35:48.144+0000] {processor.py:842} WARNING - No viable dags retrieved from /opt/airflow/dags/dbt.py
[2026-03-16T01:35:48.173+0000] {processor.py:183} INFO - Processing /opt/airflow/dags/dbt.py took 0.065 seconds
[2026-03-16T01:36:18.589+0000] {processor.py:161} INFO - Started process (PID=4902) to work on /opt/airflow/dags/dbt.py
[2026-03-16T01:36:18.590+0000] {processor.py:830} INFO - Processing file /opt/airflow/dags/dbt.py for tasks to queue
[2026-03-16T01:36:18.598+0000] {logging_mixin.py:188} INFO - [2026-03-16T01:36:18.597+0000] {dagbag.py:545} INFO - Filling up the DagBag from /opt/airflow/dags/dbt.py
[2026-03-16T01:36:18.607+0000] {logging_mixin.py:188} INFO - [2026-03-16T01:36:18.606+0000] {dagbag.py:355} ERROR - Failed to import: /opt/airflow/dags/dbt.py
Traceback (most recent call last):
  File "/home/airflow/.local/lib/python3.12/site-packages/airflow/models/dagbag.py", line 351, in parse
    loader.exec_module(new_module)
  File "<frozen importlib._bootstrap_external>", line 995, in exec_module
  File "<frozen importlib._bootstrap>", line 488, in _call_with_frames_removed
  File "/opt/airflow/dags/dbt.py", line 2, in <module>
    from airflow.providers.standard.operators.bash import BashOperator
ModuleNotFoundError: No module named 'airflow.providers.standard'
[2026-03-16T01:36:18.607+0000] {processor.py:842} WARNING - No viable dags retrieved from /opt/airflow/dags/dbt.py
[2026-03-16T01:36:18.645+0000] {processor.py:183} INFO - Processing /opt/airflow/dags/dbt.py took 0.068 seconds
[2026-03-16T01:36:49.055+0000] {processor.py:161} INFO - Started process (PID=4904) to work on /opt/airflow/dags/dbt.py
[2026-03-16T01:36:49.057+0000] {processor.py:830} INFO - Processing file /opt/airflow/dags/dbt.py for tasks to queue
[2026-03-16T01:36:49.063+0000] {logging_mixin.py:188} INFO - [2026-03-16T01:36:49.063+0000] {dagbag.py:545} INFO - Filling up the DagBag from /opt/airflow/dags/dbt.py
[2026-03-16T01:36:49.071+0000] {logging_mixin.py:188} INFO - [2026-03-16T01:36:49.069+0000] {dagbag.py:355} ERROR - Failed to import: /opt/airflow/dags/dbt.py
Traceback (most recent call last):
  File "/home/airflow/.local/lib/python3.12/site-packages/airflow/models/dagbag.py", line 351, in parse
    loader.exec_module(new_module)
  File "<frozen importlib._bootstrap_external>", line 995, in exec_module
  File "<frozen importlib._bootstrap>", line 488, in _call_with_frames_removed
  File "/opt/airflow/dags/dbt.py", line 2, in <module>
    from airflow.providers.standard.operators.bash import BashOperator
ModuleNotFoundError: No module named 'airflow.providers.standard'
[2026-03-16T01:36:49.071+0000] {processor.py:842} WARNING - No viable dags retrieved from /opt/airflow/dags/dbt.py
[2026-03-16T01:36:49.100+0000] {processor.py:183} INFO - Processing /opt/airflow/dags/dbt.py took 0.057 seconds
[2026-03-16T01:37:19.510+0000] {processor.py:161} INFO - Started process (PID=4906) to work on /opt/airflow/dags/dbt.py
[2026-03-16T01:37:19.512+0000] {processor.py:830} INFO - Processing file /opt/airflow/dags/dbt.py for tasks to queue
[2026-03-16T01:37:19.515+0000] {logging_mixin.py:188} INFO - [2026-03-16T01:37:19.515+0000] {dagbag.py:545} INFO - Filling up the DagBag from /opt/airflow/dags/dbt.py
[2026-03-16T01:37:19.526+0000] {logging_mixin.py:188} INFO - [2026-03-16T01:37:19.524+0000] {dagbag.py:355} ERROR - Failed to import: /opt/airflow/dags/dbt.py
Traceback (most recent call last):
  File "/home/airflow/.local/lib/python3.12/site-packages/airflow/models/dagbag.py", line 351, in parse
    loader.exec_module(new_module)
  File "<frozen importlib._bootstrap_external>", line 995, in exec_module
  File "<frozen importlib._bootstrap>", line 488, in _call_with_frames_removed
  File "/opt/airflow/dags/dbt.py", line 2, in <module>
    from airflow.providers.standard.operators.bash import BashOperator
ModuleNotFoundError: No module named 'airflow.providers.standard'
[2026-03-16T01:37:19.527+0000] {processor.py:842} WARNING - No viable dags retrieved from /opt/airflow/dags/dbt.py
[2026-03-16T01:37:19.557+0000] {processor.py:183} INFO - Processing /opt/airflow/dags/dbt.py took 0.071 seconds
[2026-03-16T01:37:50.069+0000] {processor.py:161} INFO - Started process (PID=4908) to work on /opt/airflow/dags/dbt.py
[2026-03-16T01:37:50.071+0000] {processor.py:830} INFO - Processing file /opt/airflow/dags/dbt.py for tasks to queue
[2026-03-16T01:37:50.082+0000] {logging_mixin.py:188} INFO - [2026-03-16T01:37:50.081+0000] {dagbag.py:545} INFO - Filling up the DagBag from /opt/airflow/dags/dbt.py
[2026-03-16T01:37:50.092+0000] {logging_mixin.py:188} INFO - [2026-03-16T01:37:50.087+0000] {dagbag.py:355} ERROR - Failed to import: /opt/airflow/dags/dbt.py
Traceback (most recent call last):
  File "/home/airflow/.local/lib/python3.12/site-packages/airflow/models/dagbag.py", line 351, in parse
    loader.exec_module(new_module)
  File "<frozen importlib._bootstrap_external>", line 995, in exec_module
  File "<frozen importlib._bootstrap>", line 488, in _call_with_frames_removed
  File "/opt/airflow/dags/dbt.py", line 2, in <module>
    from airflow.providers.standard.operators.bash import BashOperator
ModuleNotFoundError: No module named 'airflow.providers.standard'
[2026-03-16T01:37:50.092+0000] {processor.py:842} WARNING - No viable dags retrieved from /opt/airflow/dags/dbt.py
[2026-03-16T01:37:50.122+0000] {processor.py:183} INFO - Processing /opt/airflow/dags/dbt.py took 0.073 seconds
[2026-03-16T01:38:20.564+0000] {processor.py:161} INFO - Started process (PID=4910) to work on /opt/airflow/dags/dbt.py
[2026-03-16T01:38:20.566+0000] {processor.py:830} INFO - Processing file /opt/airflow/dags/dbt.py for tasks to queue
[2026-03-16T01:38:20.573+0000] {logging_mixin.py:188} INFO - [2026-03-16T01:38:20.571+0000] {dagbag.py:545} INFO - Filling up the DagBag from /opt/airflow/dags/dbt.py
[2026-03-16T01:38:20.581+0000] {logging_mixin.py:188} INFO - [2026-03-16T01:38:20.580+0000] {dagbag.py:355} ERROR - Failed to import: /opt/airflow/dags/dbt.py
Traceback (most recent call last):
  File "/home/airflow/.local/lib/python3.12/site-packages/airflow/models/dagbag.py", line 351, in parse
    loader.exec_module(new_module)
  File "<frozen importlib._bootstrap_external>", line 995, in exec_module
  File "<frozen importlib._bootstrap>", line 488, in _call_with_frames_removed
  File "/opt/airflow/dags/dbt.py", line 2, in <module>
    from airflow.providers.standard.operators.bash import BashOperator
ModuleNotFoundError: No module named 'airflow.providers.standard'
[2026-03-16T01:38:20.582+0000] {processor.py:842} WARNING - No viable dags retrieved from /opt/airflow/dags/dbt.py
[2026-03-16T01:38:20.619+0000] {processor.py:183} INFO - Processing /opt/airflow/dags/dbt.py took 0.080 seconds
[2026-03-16T01:38:51.081+0000] {processor.py:161} INFO - Started process (PID=4912) to work on /opt/airflow/dags/dbt.py
[2026-03-16T01:38:51.082+0000] {processor.py:830} INFO - Processing file /opt/airflow/dags/dbt.py for tasks to queue
[2026-03-16T01:38:51.087+0000] {logging_mixin.py:188} INFO - [2026-03-16T01:38:51.087+0000] {dagbag.py:545} INFO - Filling up the DagBag from /opt/airflow/dags/dbt.py
[2026-03-16T01:38:51.097+0000] {logging_mixin.py:188} INFO - [2026-03-16T01:38:51.096+0000] {dagbag.py:355} ERROR - Failed to import: /opt/airflow/dags/dbt.py
Traceback (most recent call last):
  File "/home/airflow/.local/lib/python3.12/site-packages/airflow/models/dagbag.py", line 351, in parse
    loader.exec_module(new_module)
  File "<frozen importlib._bootstrap_external>", line 995, in exec_module
  File "<frozen importlib._bootstrap>", line 488, in _call_with_frames_removed
  File "/opt/airflow/dags/dbt.py", line 2, in <module>
    from airflow.providers.standard.operators.bash import BashOperator
ModuleNotFoundError: No module named 'airflow.providers.standard'
[2026-03-16T01:38:51.098+0000] {processor.py:842} WARNING - No viable dags retrieved from /opt/airflow/dags/dbt.py
[2026-03-16T01:38:51.131+0000] {processor.py:183} INFO - Processing /opt/airflow/dags/dbt.py took 0.066 seconds
[2026-03-16T01:39:21.569+0000] {processor.py:161} INFO - Started process (PID=4914) to work on /opt/airflow/dags/dbt.py
[2026-03-16T01:39:21.570+0000] {processor.py:830} INFO - Processing file /opt/airflow/dags/dbt.py for tasks to queue
[2026-03-16T01:39:21.577+0000] {logging_mixin.py:188} INFO - [2026-03-16T01:39:21.576+0000] {dagbag.py:545} INFO - Filling up the DagBag from /opt/airflow/dags/dbt.py
[2026-03-16T01:39:21.588+0000] {logging_mixin.py:188} INFO - [2026-03-16T01:39:21.586+0000] {dagbag.py:355} ERROR - Failed to import: /opt/airflow/dags/dbt.py
Traceback (most recent call last):
  File "/home/airflow/.local/lib/python3.12/site-packages/airflow/models/dagbag.py", line 351, in parse
    loader.exec_module(new_module)
  File "<frozen importlib._bootstrap_external>", line 995, in exec_module
  File "<frozen importlib._bootstrap>", line 488, in _call_with_frames_removed
  File "/opt/airflow/dags/dbt.py", line 2, in <module>
    from airflow.providers.standard.operators.bash import BashOperator
ModuleNotFoundError: No module named 'airflow.providers.standard'
[2026-03-16T01:39:21.589+0000] {processor.py:842} WARNING - No viable dags retrieved from /opt/airflow/dags/dbt.py
[2026-03-16T01:39:21.629+0000] {processor.py:183} INFO - Processing /opt/airflow/dags/dbt.py took 0.074 seconds
[2026-03-16T01:39:52.088+0000] {processor.py:161} INFO - Started process (PID=4916) to work on /opt/airflow/dags/dbt.py
[2026-03-16T01:39:52.089+0000] {processor.py:830} INFO - Processing file /opt/airflow/dags/dbt.py for tasks to queue
[2026-03-16T01:39:52.094+0000] {logging_mixin.py:188} INFO - [2026-03-16T01:39:52.094+0000] {dagbag.py:545} INFO - Filling up the DagBag from /opt/airflow/dags/dbt.py
[2026-03-16T01:39:52.107+0000] {logging_mixin.py:188} INFO - [2026-03-16T01:39:52.101+0000] {dagbag.py:355} ERROR - Failed to import: /opt/airflow/dags/dbt.py
Traceback (most recent call last):
  File "/home/airflow/.local/lib/python3.12/site-packages/airflow/models/dagbag.py", line 351, in parse
    loader.exec_module(new_module)
  File "<frozen importlib._bootstrap_external>", line 995, in exec_module
  File "<frozen importlib._bootstrap>", line 488, in _call_with_frames_removed
  File "/opt/airflow/dags/dbt.py", line 2, in <module>
    from airflow.providers.standard.operators.bash import BashOperator
ModuleNotFoundError: No module named 'airflow.providers.standard'
[2026-03-16T01:39:52.108+0000] {processor.py:842} WARNING - No viable dags retrieved from /opt/airflow/dags/dbt.py
[2026-03-16T01:39:52.136+0000] {processor.py:183} INFO - Processing /opt/airflow/dags/dbt.py took 0.075 seconds
[2026-03-16T01:40:22.522+0000] {processor.py:161} INFO - Started process (PID=4918) to work on /opt/airflow/dags/dbt.py
[2026-03-16T01:40:22.524+0000] {processor.py:830} INFO - Processing file /opt/airflow/dags/dbt.py for tasks to queue
[2026-03-16T01:40:22.529+0000] {logging_mixin.py:188} INFO - [2026-03-16T01:40:22.527+0000] {dagbag.py:545} INFO - Filling up the DagBag from /opt/airflow/dags/dbt.py
[2026-03-16T01:40:22.536+0000] {logging_mixin.py:188} INFO - [2026-03-16T01:40:22.534+0000] {dagbag.py:355} ERROR - Failed to import: /opt/airflow/dags/dbt.py
Traceback (most recent call last):
  File "/home/airflow/.local/lib/python3.12/site-packages/airflow/models/dagbag.py", line 351, in parse
    loader.exec_module(new_module)
  File "<frozen importlib._bootstrap_external>", line 995, in exec_module
  File "<frozen importlib._bootstrap>", line 488, in _call_with_frames_removed
  File "/opt/airflow/dags/dbt.py", line 2, in <module>
    from airflow.providers.standard.operators.bash import BashOperator
ModuleNotFoundError: No module named 'airflow.providers.standard'
[2026-03-16T01:40:22.536+0000] {processor.py:842} WARNING - No viable dags retrieved from /opt/airflow/dags/dbt.py
[2026-03-16T01:40:22.568+0000] {processor.py:183} INFO - Processing /opt/airflow/dags/dbt.py took 0.059 seconds
[2026-03-16T01:40:53.009+0000] {processor.py:161} INFO - Started process (PID=4920) to work on /opt/airflow/dags/dbt.py
[2026-03-16T01:40:53.013+0000] {processor.py:830} INFO - Processing file /opt/airflow/dags/dbt.py for tasks to queue
[2026-03-16T01:40:53.020+0000] {logging_mixin.py:188} INFO - [2026-03-16T01:40:53.019+0000] {dagbag.py:545} INFO - Filling up the DagBag from /opt/airflow/dags/dbt.py
[2026-03-16T01:40:53.031+0000] {logging_mixin.py:188} INFO - [2026-03-16T01:40:53.027+0000] {dagbag.py:355} ERROR - Failed to import: /opt/airflow/dags/dbt.py
Traceback (most recent call last):
  File "/home/airflow/.local/lib/python3.12/site-packages/airflow/models/dagbag.py", line 351, in parse
    loader.exec_module(new_module)
  File "<frozen importlib._bootstrap_external>", line 995, in exec_module
  File "<frozen importlib._bootstrap>", line 488, in _call_with_frames_removed
  File "/opt/airflow/dags/dbt.py", line 2, in <module>
    from airflow.providers.standard.operators.bash import BashOperator
ModuleNotFoundError: No module named 'airflow.providers.standard'
[2026-03-16T01:40:53.035+0000] {processor.py:842} WARNING - No viable dags retrieved from /opt/airflow/dags/dbt.py
[2026-03-16T01:40:53.067+0000] {processor.py:183} INFO - Processing /opt/airflow/dags/dbt.py took 0.081 seconds
[2026-03-16T01:41:23.541+0000] {processor.py:161} INFO - Started process (PID=4922) to work on /opt/airflow/dags/dbt.py
[2026-03-16T01:41:23.543+0000] {processor.py:830} INFO - Processing file /opt/airflow/dags/dbt.py for tasks to queue
[2026-03-16T01:41:23.549+0000] {logging_mixin.py:188} INFO - [2026-03-16T01:41:23.548+0000] {dagbag.py:545} INFO - Filling up the DagBag from /opt/airflow/dags/dbt.py
[2026-03-16T01:41:23.557+0000] {logging_mixin.py:188} INFO - [2026-03-16T01:41:23.555+0000] {dagbag.py:355} ERROR - Failed to import: /opt/airflow/dags/dbt.py
Traceback (most recent call last):
  File "/home/airflow/.local/lib/python3.12/site-packages/airflow/models/dagbag.py", line 351, in parse
    loader.exec_module(new_module)
  File "<frozen importlib._bootstrap_external>", line 995, in exec_module
  File "<frozen importlib._bootstrap>", line 488, in _call_with_frames_removed
  File "/opt/airflow/dags/dbt.py", line 2, in <module>
    from airflow.providers.standard.operators.bash import BashOperator
ModuleNotFoundError: No module named 'airflow.providers.standard'
[2026-03-16T01:41:23.557+0000] {processor.py:842} WARNING - No viable dags retrieved from /opt/airflow/dags/dbt.py
[2026-03-16T01:41:23.596+0000] {processor.py:183} INFO - Processing /opt/airflow/dags/dbt.py took 0.082 seconds
[2026-03-16T01:41:54.041+0000] {processor.py:161} INFO - Started process (PID=4924) to work on /opt/airflow/dags/dbt.py
[2026-03-16T01:41:54.044+0000] {processor.py:830} INFO - Processing file /opt/airflow/dags/dbt.py for tasks to queue
[2026-03-16T01:41:54.048+0000] {logging_mixin.py:188} INFO - [2026-03-16T01:41:54.047+0000] {dagbag.py:545} INFO - Filling up the DagBag from /opt/airflow/dags/dbt.py
[2026-03-16T01:41:54.061+0000] {logging_mixin.py:188} INFO - [2026-03-16T01:41:54.056+0000] {dagbag.py:355} ERROR - Failed to import: /opt/airflow/dags/dbt.py
Traceback (most recent call last):
  File "/home/airflow/.local/lib/python3.12/site-packages/airflow/models/dagbag.py", line 351, in parse
    loader.exec_module(new_module)
  File "<frozen importlib._bootstrap_external>", line 995, in exec_module
  File "<frozen importlib._bootstrap>", line 488, in _call_with_frames_removed
  File "/opt/airflow/dags/dbt.py", line 2, in <module>
    from airflow.providers.standard.operators.bash import BashOperator
ModuleNotFoundError: No module named 'airflow.providers.standard'
[2026-03-16T01:41:54.061+0000] {processor.py:842} WARNING - No viable dags retrieved from /opt/airflow/dags/dbt.py
[2026-03-16T01:41:54.099+0000] {processor.py:183} INFO - Processing /opt/airflow/dags/dbt.py took 0.084 seconds
[2026-03-16T01:42:24.507+0000] {processor.py:161} INFO - Started process (PID=4926) to work on /opt/airflow/dags/dbt.py
[2026-03-16T01:42:24.508+0000] {processor.py:830} INFO - Processing file /opt/airflow/dags/dbt.py for tasks to queue
[2026-03-16T01:42:24.512+0000] {logging_mixin.py:188} INFO - [2026-03-16T01:42:24.511+0000] {dagbag.py:545} INFO - Filling up the DagBag from /opt/airflow/dags/dbt.py
[2026-03-16T01:42:24.519+0000] {logging_mixin.py:188} INFO - [2026-03-16T01:42:24.518+0000] {dagbag.py:355} ERROR - Failed to import: /opt/airflow/dags/dbt.py
Traceback (most recent call last):
  File "/home/airflow/.local/lib/python3.12/site-packages/airflow/models/dagbag.py", line 351, in parse
    loader.exec_module(new_module)
  File "<frozen importlib._bootstrap_external>", line 995, in exec_module
  File "<frozen importlib._bootstrap>", line 488, in _call_with_frames_removed
  File "/opt/airflow/dags/dbt.py", line 2, in <module>
    from airflow.providers.standard.operators.bash import BashOperator
ModuleNotFoundError: No module named 'airflow.providers.standard'
[2026-03-16T01:42:24.520+0000] {processor.py:842} WARNING - No viable dags retrieved from /opt/airflow/dags/dbt.py
[2026-03-16T01:42:24.543+0000] {processor.py:183} INFO - Processing /opt/airflow/dags/dbt.py took 0.053 seconds
[2026-03-16T01:42:54.983+0000] {processor.py:161} INFO - Started process (PID=4928) to work on /opt/airflow/dags/dbt.py
[2026-03-16T01:42:54.984+0000] {processor.py:830} INFO - Processing file /opt/airflow/dags/dbt.py for tasks to queue
[2026-03-16T01:42:54.990+0000] {logging_mixin.py:188} INFO - [2026-03-16T01:42:54.990+0000] {dagbag.py:545} INFO - Filling up the DagBag from /opt/airflow/dags/dbt.py
[2026-03-16T01:42:55.000+0000] {logging_mixin.py:188} INFO - [2026-03-16T01:42:54.999+0000] {dagbag.py:355} ERROR - Failed to import: /opt/airflow/dags/dbt.py
Traceback (most recent call last):
  File "/home/airflow/.local/lib/python3.12/site-packages/airflow/models/dagbag.py", line 351, in parse
    loader.exec_module(new_module)
  File "<frozen importlib._bootstrap_external>", line 995, in exec_module
  File "<frozen importlib._bootstrap>", line 488, in _call_with_frames_removed
  File "/opt/airflow/dags/dbt.py", line 2, in <module>
    from airflow.providers.standard.operators.bash import BashOperator
ModuleNotFoundError: No module named 'airflow.providers.standard'
[2026-03-16T01:42:55.001+0000] {processor.py:842} WARNING - No viable dags retrieved from /opt/airflow/dags/dbt.py
[2026-03-16T01:42:55.033+0000] {processor.py:183} INFO - Processing /opt/airflow/dags/dbt.py took 0.067 seconds
[2026-03-16T01:43:25.489+0000] {processor.py:161} INFO - Started process (PID=4930) to work on /opt/airflow/dags/dbt.py
[2026-03-16T01:43:25.491+0000] {processor.py:830} INFO - Processing file /opt/airflow/dags/dbt.py for tasks to queue
[2026-03-16T01:43:25.496+0000] {logging_mixin.py:188} INFO - [2026-03-16T01:43:25.495+0000] {dagbag.py:545} INFO - Filling up the DagBag from /opt/airflow/dags/dbt.py
[2026-03-16T01:43:25.510+0000] {logging_mixin.py:188} INFO - [2026-03-16T01:43:25.505+0000] {dagbag.py:355} ERROR - Failed to import: /opt/airflow/dags/dbt.py
Traceback (most recent call last):
  File "/home/airflow/.local/lib/python3.12/site-packages/airflow/models/dagbag.py", line 351, in parse
    loader.exec_module(new_module)
  File "<frozen importlib._bootstrap_external>", line 995, in exec_module
  File "<frozen importlib._bootstrap>", line 488, in _call_with_frames_removed
  File "/opt/airflow/dags/dbt.py", line 2, in <module>
    from airflow.providers.standard.operators.bash import BashOperator
ModuleNotFoundError: No module named 'airflow.providers.standard'
[2026-03-16T01:43:25.510+0000] {processor.py:842} WARNING - No viable dags retrieved from /opt/airflow/dags/dbt.py
[2026-03-16T01:43:25.543+0000] {processor.py:183} INFO - Processing /opt/airflow/dags/dbt.py took 0.076 seconds
[2026-03-16T01:43:56.002+0000] {processor.py:161} INFO - Started process (PID=4932) to work on /opt/airflow/dags/dbt.py
[2026-03-16T01:43:56.003+0000] {processor.py:830} INFO - Processing file /opt/airflow/dags/dbt.py for tasks to queue
[2026-03-16T01:43:56.013+0000] {logging_mixin.py:188} INFO - [2026-03-16T01:43:56.012+0000] {dagbag.py:545} INFO - Filling up the DagBag from /opt/airflow/dags/dbt.py
[2026-03-16T01:43:56.024+0000] {logging_mixin.py:188} INFO - [2026-03-16T01:43:56.018+0000] {dagbag.py:355} ERROR - Failed to import: /opt/airflow/dags/dbt.py
Traceback (most recent call last):
  File "/home/airflow/.local/lib/python3.12/site-packages/airflow/models/dagbag.py", line 351, in parse
    loader.exec_module(new_module)
  File "<frozen importlib._bootstrap_external>", line 995, in exec_module
  File "<frozen importlib._bootstrap>", line 488, in _call_with_frames_removed
  File "/opt/airflow/dags/dbt.py", line 2, in <module>
    from airflow.providers.standard.operators.bash import BashOperator
ModuleNotFoundError: No module named 'airflow.providers.standard'
[2026-03-16T01:43:56.025+0000] {processor.py:842} WARNING - No viable dags retrieved from /opt/airflow/dags/dbt.py
[2026-03-16T01:43:56.057+0000] {processor.py:183} INFO - Processing /opt/airflow/dags/dbt.py took 0.077 seconds
[2026-03-16T01:44:26.513+0000] {processor.py:161} INFO - Started process (PID=4934) to work on /opt/airflow/dags/dbt.py
[2026-03-16T01:44:26.514+0000] {processor.py:830} INFO - Processing file /opt/airflow/dags/dbt.py for tasks to queue
[2026-03-16T01:44:26.522+0000] {logging_mixin.py:188} INFO - [2026-03-16T01:44:26.522+0000] {dagbag.py:545} INFO - Filling up the DagBag from /opt/airflow/dags/dbt.py
[2026-03-16T01:44:26.528+0000] {logging_mixin.py:188} INFO - [2026-03-16T01:44:26.527+0000] {dagbag.py:355} ERROR - Failed to import: /opt/airflow/dags/dbt.py
Traceback (most recent call last):
  File "/home/airflow/.local/lib/python3.12/site-packages/airflow/models/dagbag.py", line 351, in parse
    loader.exec_module(new_module)
  File "<frozen importlib._bootstrap_external>", line 995, in exec_module
  File "<frozen importlib._bootstrap>", line 488, in _call_with_frames_removed
  File "/opt/airflow/dags/dbt.py", line 2, in <module>
    from airflow.providers.standard.operators.bash import BashOperator
ModuleNotFoundError: No module named 'airflow.providers.standard'
[2026-03-16T01:44:26.531+0000] {processor.py:842} WARNING - No viable dags retrieved from /opt/airflow/dags/dbt.py
[2026-03-16T01:44:26.574+0000] {processor.py:183} INFO - Processing /opt/airflow/dags/dbt.py took 0.082 seconds
[2026-03-16T01:44:57.047+0000] {processor.py:161} INFO - Started process (PID=4936) to work on /opt/airflow/dags/dbt.py
[2026-03-16T01:44:57.050+0000] {processor.py:830} INFO - Processing file /opt/airflow/dags/dbt.py for tasks to queue
[2026-03-16T01:44:57.054+0000] {logging_mixin.py:188} INFO - [2026-03-16T01:44:57.054+0000] {dagbag.py:545} INFO - Filling up the DagBag from /opt/airflow/dags/dbt.py
[2026-03-16T01:44:57.060+0000] {logging_mixin.py:188} INFO - [2026-03-16T01:44:57.058+0000] {dagbag.py:355} ERROR - Failed to import: /opt/airflow/dags/dbt.py
Traceback (most recent call last):
  File "/home/airflow/.local/lib/python3.12/site-packages/airflow/models/dagbag.py", line 351, in parse
    loader.exec_module(new_module)
  File "<frozen importlib._bootstrap_external>", line 995, in exec_module
  File "<frozen importlib._bootstrap>", line 488, in _call_with_frames_removed
  File "/opt/airflow/dags/dbt.py", line 2, in <module>
    from airflow.providers.standard.operators.bash import BashOperator
ModuleNotFoundError: No module named 'airflow.providers.standard'
[2026-03-16T01:44:57.061+0000] {processor.py:842} WARNING - No viable dags retrieved from /opt/airflow/dags/dbt.py
[2026-03-16T01:44:57.093+0000] {processor.py:183} INFO - Processing /opt/airflow/dags/dbt.py took 0.067 seconds
[2026-03-16T01:45:27.590+0000] {processor.py:161} INFO - Started process (PID=4938) to work on /opt/airflow/dags/dbt.py
[2026-03-16T01:45:27.594+0000] {processor.py:830} INFO - Processing file /opt/airflow/dags/dbt.py for tasks to queue
[2026-03-16T01:45:27.600+0000] {logging_mixin.py:188} INFO - [2026-03-16T01:45:27.600+0000] {dagbag.py:545} INFO - Filling up the DagBag from /opt/airflow/dags/dbt.py
[2026-03-16T01:45:27.610+0000] {logging_mixin.py:188} INFO - [2026-03-16T01:45:27.608+0000] {dagbag.py:355} ERROR - Failed to import: /opt/airflow/dags/dbt.py
Traceback (most recent call last):
  File "/home/airflow/.local/lib/python3.12/site-packages/airflow/models/dagbag.py", line 351, in parse
    loader.exec_module(new_module)
  File "<frozen importlib._bootstrap_external>", line 995, in exec_module
  File "<frozen importlib._bootstrap>", line 488, in _call_with_frames_removed
  File "/opt/airflow/dags/dbt.py", line 2, in <module>
    from airflow.providers.standard.operators.bash import BashOperator
ModuleNotFoundError: No module named 'airflow.providers.standard'
[2026-03-16T01:45:27.610+0000] {processor.py:842} WARNING - No viable dags retrieved from /opt/airflow/dags/dbt.py
[2026-03-16T01:45:27.651+0000] {processor.py:183} INFO - Processing /opt/airflow/dags/dbt.py took 0.082 seconds
[2026-03-16T01:45:58.105+0000] {processor.py:161} INFO - Started process (PID=4940) to work on /opt/airflow/dags/dbt.py
[2026-03-16T01:45:58.106+0000] {processor.py:830} INFO - Processing file /opt/airflow/dags/dbt.py for tasks to queue
[2026-03-16T01:45:58.110+0000] {logging_mixin.py:188} INFO - [2026-03-16T01:45:58.110+0000] {dagbag.py:545} INFO - Filling up the DagBag from /opt/airflow/dags/dbt.py
[2026-03-16T01:45:58.120+0000] {logging_mixin.py:188} INFO - [2026-03-16T01:45:58.117+0000] {dagbag.py:355} ERROR - Failed to import: /opt/airflow/dags/dbt.py
Traceback (most recent call last):
  File "/home/airflow/.local/lib/python3.12/site-packages/airflow/models/dagbag.py", line 351, in parse
    loader.exec_module(new_module)
  File "<frozen importlib._bootstrap_external>", line 995, in exec_module
  File "<frozen importlib._bootstrap>", line 488, in _call_with_frames_removed
  File "/opt/airflow/dags/dbt.py", line 2, in <module>
    from airflow.providers.standard.operators.bash import BashOperator
ModuleNotFoundError: No module named 'airflow.providers.standard'
[2026-03-16T01:45:58.121+0000] {processor.py:842} WARNING - No viable dags retrieved from /opt/airflow/dags/dbt.py
[2026-03-16T01:45:58.152+0000] {processor.py:183} INFO - Processing /opt/airflow/dags/dbt.py took 0.064 seconds
[2026-03-16T01:46:28.587+0000] {processor.py:161} INFO - Started process (PID=4942) to work on /opt/airflow/dags/dbt.py
[2026-03-16T01:46:28.592+0000] {processor.py:830} INFO - Processing file /opt/airflow/dags/dbt.py for tasks to queue
[2026-03-16T01:46:28.599+0000] {logging_mixin.py:188} INFO - [2026-03-16T01:46:28.598+0000] {dagbag.py:545} INFO - Filling up the DagBag from /opt/airflow/dags/dbt.py
[2026-03-16T01:46:28.608+0000] {logging_mixin.py:188} INFO - [2026-03-16T01:46:28.604+0000] {dagbag.py:355} ERROR - Failed to import: /opt/airflow/dags/dbt.py
Traceback (most recent call last):
  File "/home/airflow/.local/lib/python3.12/site-packages/airflow/models/dagbag.py", line 351, in parse
    loader.exec_module(new_module)
  File "<frozen importlib._bootstrap_external>", line 995, in exec_module
  File "<frozen importlib._bootstrap>", line 488, in _call_with_frames_removed
  File "/opt/airflow/dags/dbt.py", line 2, in <module>
    from airflow.providers.standard.operators.bash import BashOperator
ModuleNotFoundError: No module named 'airflow.providers.standard'
[2026-03-16T01:46:28.612+0000] {processor.py:842} WARNING - No viable dags retrieved from /opt/airflow/dags/dbt.py
[2026-03-16T01:46:28.651+0000] {processor.py:183} INFO - Processing /opt/airflow/dags/dbt.py took 0.083 seconds
[2026-03-16T01:46:59.121+0000] {processor.py:161} INFO - Started process (PID=4944) to work on /opt/airflow/dags/dbt.py
[2026-03-16T01:46:59.123+0000] {processor.py:830} INFO - Processing file /opt/airflow/dags/dbt.py for tasks to queue
[2026-03-16T01:46:59.131+0000] {logging_mixin.py:188} INFO - [2026-03-16T01:46:59.130+0000] {dagbag.py:545} INFO - Filling up the DagBag from /opt/airflow/dags/dbt.py
[2026-03-16T01:46:59.142+0000] {logging_mixin.py:188} INFO - [2026-03-16T01:46:59.140+0000] {dagbag.py:355} ERROR - Failed to import: /opt/airflow/dags/dbt.py
Traceback (most recent call last):
  File "/home/airflow/.local/lib/python3.12/site-packages/airflow/models/dagbag.py", line 351, in parse
    loader.exec_module(new_module)
  File "<frozen importlib._bootstrap_external>", line 995, in exec_module
  File "<frozen importlib._bootstrap>", line 488, in _call_with_frames_removed
  File "/opt/airflow/dags/dbt.py", line 2, in <module>
    from airflow.providers.standard.operators.bash import BashOperator
ModuleNotFoundError: No module named 'airflow.providers.standard'
[2026-03-16T01:46:59.142+0000] {processor.py:842} WARNING - No viable dags retrieved from /opt/airflow/dags/dbt.py
[2026-03-16T01:46:59.179+0000] {processor.py:183} INFO - Processing /opt/airflow/dags/dbt.py took 0.086 seconds
[2026-03-16T01:47:29.636+0000] {processor.py:161} INFO - Started process (PID=4946) to work on /opt/airflow/dags/dbt.py
[2026-03-16T01:47:29.638+0000] {processor.py:830} INFO - Processing file /opt/airflow/dags/dbt.py for tasks to queue
[2026-03-16T01:47:29.643+0000] {logging_mixin.py:188} INFO - [2026-03-16T01:47:29.642+0000] {dagbag.py:545} INFO - Filling up the DagBag from /opt/airflow/dags/dbt.py
[2026-03-16T01:47:29.651+0000] {logging_mixin.py:188} INFO - [2026-03-16T01:47:29.650+0000] {dagbag.py:355} ERROR - Failed to import: /opt/airflow/dags/dbt.py
Traceback (most recent call last):
  File "/home/airflow/.local/lib/python3.12/site-packages/airflow/models/dagbag.py", line 351, in parse
    loader.exec_module(new_module)
  File "<frozen importlib._bootstrap_external>", line 995, in exec_module
  File "<frozen importlib._bootstrap>", line 488, in _call_with_frames_removed
  File "/opt/airflow/dags/dbt.py", line 2, in <module>
    from airflow.providers.standard.operators.bash import BashOperator
ModuleNotFoundError: No module named 'airflow.providers.standard'
[2026-03-16T01:47:29.653+0000] {processor.py:842} WARNING - No viable dags retrieved from /opt/airflow/dags/dbt.py
[2026-03-16T01:47:29.689+0000] {processor.py:183} INFO - Processing /opt/airflow/dags/dbt.py took 0.075 seconds
[2026-03-16T01:48:00.161+0000] {processor.py:161} INFO - Started process (PID=4948) to work on /opt/airflow/dags/dbt.py
[2026-03-16T01:48:00.163+0000] {processor.py:830} INFO - Processing file /opt/airflow/dags/dbt.py for tasks to queue
[2026-03-16T01:48:00.169+0000] {logging_mixin.py:188} INFO - [2026-03-16T01:48:00.169+0000] {dagbag.py:545} INFO - Filling up the DagBag from /opt/airflow/dags/dbt.py
[2026-03-16T01:48:00.179+0000] {logging_mixin.py:188} INFO - [2026-03-16T01:48:00.174+0000] {dagbag.py:355} ERROR - Failed to import: /opt/airflow/dags/dbt.py
Traceback (most recent call last):
  File "/home/airflow/.local/lib/python3.12/site-packages/airflow/models/dagbag.py", line 351, in parse
    loader.exec_module(new_module)
  File "<frozen importlib._bootstrap_external>", line 995, in exec_module
  File "<frozen importlib._bootstrap>", line 488, in _call_with_frames_removed
  File "/opt/airflow/dags/dbt.py", line 2, in <module>
    from airflow.providers.standard.operators.bash import BashOperator
ModuleNotFoundError: No module named 'airflow.providers.standard'
[2026-03-16T01:48:00.180+0000] {processor.py:842} WARNING - No viable dags retrieved from /opt/airflow/dags/dbt.py
[2026-03-16T01:48:00.213+0000] {processor.py:183} INFO - Processing /opt/airflow/dags/dbt.py took 0.074 seconds
[2026-03-16T01:48:30.688+0000] {processor.py:161} INFO - Started process (PID=4950) to work on /opt/airflow/dags/dbt.py
[2026-03-16T01:48:30.690+0000] {processor.py:830} INFO - Processing file /opt/airflow/dags/dbt.py for tasks to queue
[2026-03-16T01:48:30.696+0000] {logging_mixin.py:188} INFO - [2026-03-16T01:48:30.695+0000] {dagbag.py:545} INFO - Filling up the DagBag from /opt/airflow/dags/dbt.py
[2026-03-16T01:48:30.706+0000] {logging_mixin.py:188} INFO - [2026-03-16T01:48:30.702+0000] {dagbag.py:355} ERROR - Failed to import: /opt/airflow/dags/dbt.py
Traceback (most recent call last):
  File "/home/airflow/.local/lib/python3.12/site-packages/airflow/models/dagbag.py", line 351, in parse
    loader.exec_module(new_module)
  File "<frozen importlib._bootstrap_external>", line 995, in exec_module
  File "<frozen importlib._bootstrap>", line 488, in _call_with_frames_removed
  File "/opt/airflow/dags/dbt.py", line 2, in <module>
    from airflow.providers.standard.operators.bash import BashOperator
ModuleNotFoundError: No module named 'airflow.providers.standard'
[2026-03-16T01:48:30.707+0000] {processor.py:842} WARNING - No viable dags retrieved from /opt/airflow/dags/dbt.py
[2026-03-16T01:48:30.744+0000] {processor.py:183} INFO - Processing /opt/airflow/dags/dbt.py took 0.081 seconds
[2026-03-16T01:49:01.211+0000] {processor.py:161} INFO - Started process (PID=4952) to work on /opt/airflow/dags/dbt.py
[2026-03-16T01:49:01.213+0000] {processor.py:830} INFO - Processing file /opt/airflow/dags/dbt.py for tasks to queue
[2026-03-16T01:49:01.218+0000] {logging_mixin.py:188} INFO - [2026-03-16T01:49:01.218+0000] {dagbag.py:545} INFO - Filling up the DagBag from /opt/airflow/dags/dbt.py
[2026-03-16T01:49:01.228+0000] {logging_mixin.py:188} INFO - [2026-03-16T01:49:01.224+0000] {dagbag.py:355} ERROR - Failed to import: /opt/airflow/dags/dbt.py
Traceback (most recent call last):
  File "/home/airflow/.local/lib/python3.12/site-packages/airflow/models/dagbag.py", line 351, in parse
    loader.exec_module(new_module)
  File "<frozen importlib._bootstrap_external>", line 995, in exec_module
  File "<frozen importlib._bootstrap>", line 488, in _call_with_frames_removed
  File "/opt/airflow/dags/dbt.py", line 2, in <module>
    from airflow.providers.standard.operators.bash import BashOperator
ModuleNotFoundError: No module named 'airflow.providers.standard'
[2026-03-16T01:49:01.229+0000] {processor.py:842} WARNING - No viable dags retrieved from /opt/airflow/dags/dbt.py
[2026-03-16T01:49:01.262+0000] {processor.py:183} INFO - Processing /opt/airflow/dags/dbt.py took 0.069 seconds
[2026-03-16T01:49:31.764+0000] {processor.py:161} INFO - Started process (PID=4954) to work on /opt/airflow/dags/dbt.py
[2026-03-16T01:49:31.765+0000] {processor.py:830} INFO - Processing file /opt/airflow/dags/dbt.py for tasks to queue
[2026-03-16T01:49:31.775+0000] {logging_mixin.py:188} INFO - [2026-03-16T01:49:31.775+0000] {dagbag.py:545} INFO - Filling up the DagBag from /opt/airflow/dags/dbt.py
[2026-03-16T01:49:31.783+0000] {logging_mixin.py:188} INFO - [2026-03-16T01:49:31.781+0000] {dagbag.py:355} ERROR - Failed to import: /opt/airflow/dags/dbt.py
Traceback (most recent call last):
  File "/home/airflow/.local/lib/python3.12/site-packages/airflow/models/dagbag.py", line 351, in parse
    loader.exec_module(new_module)
  File "<frozen importlib._bootstrap_external>", line 995, in exec_module
  File "<frozen importlib._bootstrap>", line 488, in _call_with_frames_removed
  File "/opt/airflow/dags/dbt.py", line 2, in <module>
    from airflow.providers.standard.operators.bash import BashOperator
ModuleNotFoundError: No module named 'airflow.providers.standard'
[2026-03-16T01:49:31.784+0000] {processor.py:842} WARNING - No viable dags retrieved from /opt/airflow/dags/dbt.py
[2026-03-16T01:49:31.818+0000] {processor.py:183} INFO - Processing /opt/airflow/dags/dbt.py took 0.070 seconds
[2026-03-16T01:50:02.225+0000] {processor.py:161} INFO - Started process (PID=4956) to work on /opt/airflow/dags/dbt.py
[2026-03-16T01:50:02.227+0000] {processor.py:830} INFO - Processing file /opt/airflow/dags/dbt.py for tasks to queue
[2026-03-16T01:50:02.231+0000] {logging_mixin.py:188} INFO - [2026-03-16T01:50:02.230+0000] {dagbag.py:545} INFO - Filling up the DagBag from /opt/airflow/dags/dbt.py
[2026-03-16T01:50:02.238+0000] {logging_mixin.py:188} INFO - [2026-03-16T01:50:02.236+0000] {dagbag.py:355} ERROR - Failed to import: /opt/airflow/dags/dbt.py
Traceback (most recent call last):
  File "/home/airflow/.local/lib/python3.12/site-packages/airflow/models/dagbag.py", line 351, in parse
    loader.exec_module(new_module)
  File "<frozen importlib._bootstrap_external>", line 995, in exec_module
  File "<frozen importlib._bootstrap>", line 488, in _call_with_frames_removed
  File "/opt/airflow/dags/dbt.py", line 2, in <module>
    from airflow.providers.standard.operators.bash import BashOperator
ModuleNotFoundError: No module named 'airflow.providers.standard'
[2026-03-16T01:50:02.239+0000] {processor.py:842} WARNING - No viable dags retrieved from /opt/airflow/dags/dbt.py
[2026-03-16T01:50:02.275+0000] {processor.py:183} INFO - Processing /opt/airflow/dags/dbt.py took 0.070 seconds
[2026-03-16T01:50:32.684+0000] {processor.py:161} INFO - Started process (PID=4958) to work on /opt/airflow/dags/dbt.py
[2026-03-16T01:50:32.687+0000] {processor.py:830} INFO - Processing file /opt/airflow/dags/dbt.py for tasks to queue
[2026-03-16T01:50:32.691+0000] {logging_mixin.py:188} INFO - [2026-03-16T01:50:32.691+0000] {dagbag.py:545} INFO - Filling up the DagBag from /opt/airflow/dags/dbt.py
[2026-03-16T01:50:32.701+0000] {logging_mixin.py:188} INFO - [2026-03-16T01:50:32.697+0000] {dagbag.py:355} ERROR - Failed to import: /opt/airflow/dags/dbt.py
Traceback (most recent call last):
  File "/home/airflow/.local/lib/python3.12/site-packages/airflow/models/dagbag.py", line 351, in parse
    loader.exec_module(new_module)
  File "<frozen importlib._bootstrap_external>", line 995, in exec_module
  File "<frozen importlib._bootstrap>", line 488, in _call_with_frames_removed
  File "/opt/airflow/dags/dbt.py", line 2, in <module>
    from airflow.providers.standard.operators.bash import BashOperator
ModuleNotFoundError: No module named 'airflow.providers.standard'
[2026-03-16T01:50:32.701+0000] {processor.py:842} WARNING - No viable dags retrieved from /opt/airflow/dags/dbt.py
[2026-03-16T01:50:32.734+0000] {processor.py:183} INFO - Processing /opt/airflow/dags/dbt.py took 0.074 seconds
[2026-03-16T01:51:03.158+0000] {processor.py:161} INFO - Started process (PID=4960) to work on /opt/airflow/dags/dbt.py
[2026-03-16T01:51:03.160+0000] {processor.py:830} INFO - Processing file /opt/airflow/dags/dbt.py for tasks to queue
[2026-03-16T01:51:03.164+0000] {logging_mixin.py:188} INFO - [2026-03-16T01:51:03.163+0000] {dagbag.py:545} INFO - Filling up the DagBag from /opt/airflow/dags/dbt.py
[2026-03-16T01:51:03.176+0000] {logging_mixin.py:188} INFO - [2026-03-16T01:51:03.174+0000] {dagbag.py:355} ERROR - Failed to import: /opt/airflow/dags/dbt.py
Traceback (most recent call last):
  File "/home/airflow/.local/lib/python3.12/site-packages/airflow/models/dagbag.py", line 351, in parse
    loader.exec_module(new_module)
  File "<frozen importlib._bootstrap_external>", line 995, in exec_module
  File "<frozen importlib._bootstrap>", line 488, in _call_with_frames_removed
  File "/opt/airflow/dags/dbt.py", line 2, in <module>
    from airflow.providers.standard.operators.bash import BashOperator
ModuleNotFoundError: No module named 'airflow.providers.standard'
[2026-03-16T01:51:03.176+0000] {processor.py:842} WARNING - No viable dags retrieved from /opt/airflow/dags/dbt.py
[2026-03-16T01:51:03.212+0000] {processor.py:183} INFO - Processing /opt/airflow/dags/dbt.py took 0.077 seconds
[2026-03-16T01:51:33.659+0000] {processor.py:161} INFO - Started process (PID=4962) to work on /opt/airflow/dags/dbt.py
[2026-03-16T01:51:33.660+0000] {processor.py:830} INFO - Processing file /opt/airflow/dags/dbt.py for tasks to queue
[2026-03-16T01:51:33.664+0000] {logging_mixin.py:188} INFO - [2026-03-16T01:51:33.664+0000] {dagbag.py:545} INFO - Filling up the DagBag from /opt/airflow/dags/dbt.py
[2026-03-16T01:51:33.674+0000] {logging_mixin.py:188} INFO - [2026-03-16T01:51:33.671+0000] {dagbag.py:355} ERROR - Failed to import: /opt/airflow/dags/dbt.py
Traceback (most recent call last):
  File "/home/airflow/.local/lib/python3.12/site-packages/airflow/models/dagbag.py", line 351, in parse
    loader.exec_module(new_module)
  File "<frozen importlib._bootstrap_external>", line 995, in exec_module
  File "<frozen importlib._bootstrap>", line 488, in _call_with_frames_removed
  File "/opt/airflow/dags/dbt.py", line 2, in <module>
    from airflow.providers.standard.operators.bash import BashOperator
ModuleNotFoundError: No module named 'airflow.providers.standard'
[2026-03-16T01:51:33.675+0000] {processor.py:842} WARNING - No viable dags retrieved from /opt/airflow/dags/dbt.py
[2026-03-16T01:51:33.712+0000] {processor.py:183} INFO - Processing /opt/airflow/dags/dbt.py took 0.076 seconds
[2026-03-16T01:52:04.168+0000] {processor.py:161} INFO - Started process (PID=4964) to work on /opt/airflow/dags/dbt.py
[2026-03-16T01:52:04.170+0000] {processor.py:830} INFO - Processing file /opt/airflow/dags/dbt.py for tasks to queue
[2026-03-16T01:52:04.175+0000] {logging_mixin.py:188} INFO - [2026-03-16T01:52:04.175+0000] {dagbag.py:545} INFO - Filling up the DagBag from /opt/airflow/dags/dbt.py
[2026-03-16T01:52:04.190+0000] {logging_mixin.py:188} INFO - [2026-03-16T01:52:04.183+0000] {dagbag.py:355} ERROR - Failed to import: /opt/airflow/dags/dbt.py
Traceback (most recent call last):
  File "/home/airflow/.local/lib/python3.12/site-packages/airflow/models/dagbag.py", line 351, in parse
    loader.exec_module(new_module)
  File "<frozen importlib._bootstrap_external>", line 995, in exec_module
  File "<frozen importlib._bootstrap>", line 488, in _call_with_frames_removed
  File "/opt/airflow/dags/dbt.py", line 2, in <module>
    from airflow.providers.standard.operators.bash import BashOperator
ModuleNotFoundError: No module named 'airflow.providers.standard'
[2026-03-16T01:52:04.191+0000] {processor.py:842} WARNING - No viable dags retrieved from /opt/airflow/dags/dbt.py
[2026-03-16T01:52:04.228+0000] {processor.py:183} INFO - Processing /opt/airflow/dags/dbt.py took 0.079 seconds
[2026-03-16T01:52:34.653+0000] {processor.py:161} INFO - Started process (PID=4966) to work on /opt/airflow/dags/dbt.py
[2026-03-16T01:52:34.655+0000] {processor.py:830} INFO - Processing file /opt/airflow/dags/dbt.py for tasks to queue
[2026-03-16T01:52:34.663+0000] {logging_mixin.py:188} INFO - [2026-03-16T01:52:34.662+0000] {dagbag.py:545} INFO - Filling up the DagBag from /opt/airflow/dags/dbt.py
[2026-03-16T01:52:34.674+0000] {logging_mixin.py:188} INFO - [2026-03-16T01:52:34.670+0000] {dagbag.py:355} ERROR - Failed to import: /opt/airflow/dags/dbt.py
Traceback (most recent call last):
  File "/home/airflow/.local/lib/python3.12/site-packages/airflow/models/dagbag.py", line 351, in parse
    loader.exec_module(new_module)
  File "<frozen importlib._bootstrap_external>", line 995, in exec_module
  File "<frozen importlib._bootstrap>", line 488, in _call_with_frames_removed
  File "/opt/airflow/dags/dbt.py", line 2, in <module>
    from airflow.providers.standard.operators.bash import BashOperator
ModuleNotFoundError: No module named 'airflow.providers.standard'
[2026-03-16T01:52:34.675+0000] {processor.py:842} WARNING - No viable dags retrieved from /opt/airflow/dags/dbt.py
[2026-03-16T01:52:34.710+0000] {processor.py:183} INFO - Processing /opt/airflow/dags/dbt.py took 0.079 seconds
[2026-03-16T01:53:05.122+0000] {processor.py:161} INFO - Started process (PID=4968) to work on /opt/airflow/dags/dbt.py
[2026-03-16T01:53:05.125+0000] {processor.py:830} INFO - Processing file /opt/airflow/dags/dbt.py for tasks to queue
[2026-03-16T01:53:05.128+0000] {logging_mixin.py:188} INFO - [2026-03-16T01:53:05.128+0000] {dagbag.py:545} INFO - Filling up the DagBag from /opt/airflow/dags/dbt.py
[2026-03-16T01:53:05.137+0000] {logging_mixin.py:188} INFO - [2026-03-16T01:53:05.134+0000] {dagbag.py:355} ERROR - Failed to import: /opt/airflow/dags/dbt.py
Traceback (most recent call last):
  File "/home/airflow/.local/lib/python3.12/site-packages/airflow/models/dagbag.py", line 351, in parse
    loader.exec_module(new_module)
  File "<frozen importlib._bootstrap_external>", line 995, in exec_module
  File "<frozen importlib._bootstrap>", line 488, in _call_with_frames_removed
  File "/opt/airflow/dags/dbt.py", line 2, in <module>
    from airflow.providers.standard.operators.bash import BashOperator
ModuleNotFoundError: No module named 'airflow.providers.standard'
[2026-03-16T01:53:05.138+0000] {processor.py:842} WARNING - No viable dags retrieved from /opt/airflow/dags/dbt.py
[2026-03-16T01:53:05.172+0000] {processor.py:183} INFO - Processing /opt/airflow/dags/dbt.py took 0.070 seconds
[2026-03-16T01:53:35.654+0000] {processor.py:161} INFO - Started process (PID=4970) to work on /opt/airflow/dags/dbt.py
[2026-03-16T01:53:35.656+0000] {processor.py:830} INFO - Processing file /opt/airflow/dags/dbt.py for tasks to queue
[2026-03-16T01:53:35.662+0000] {logging_mixin.py:188} INFO - [2026-03-16T01:53:35.662+0000] {dagbag.py:545} INFO - Filling up the DagBag from /opt/airflow/dags/dbt.py
[2026-03-16T01:53:35.672+0000] {logging_mixin.py:188} INFO - [2026-03-16T01:53:35.670+0000] {dagbag.py:355} ERROR - Failed to import: /opt/airflow/dags/dbt.py
Traceback (most recent call last):
  File "/home/airflow/.local/lib/python3.12/site-packages/airflow/models/dagbag.py", line 351, in parse
    loader.exec_module(new_module)
  File "<frozen importlib._bootstrap_external>", line 995, in exec_module
  File "<frozen importlib._bootstrap>", line 488, in _call_with_frames_removed
  File "/opt/airflow/dags/dbt.py", line 2, in <module>
    from airflow.providers.standard.operators.bash import BashOperator
ModuleNotFoundError: No module named 'airflow.providers.standard'
[2026-03-16T01:53:35.672+0000] {processor.py:842} WARNING - No viable dags retrieved from /opt/airflow/dags/dbt.py
[2026-03-16T01:53:35.707+0000] {processor.py:183} INFO - Processing /opt/airflow/dags/dbt.py took 0.079 seconds
[2026-03-16T01:54:06.181+0000] {processor.py:161} INFO - Started process (PID=4972) to work on /opt/airflow/dags/dbt.py
[2026-03-16T01:54:06.183+0000] {processor.py:830} INFO - Processing file /opt/airflow/dags/dbt.py for tasks to queue
[2026-03-16T01:54:06.190+0000] {logging_mixin.py:188} INFO - [2026-03-16T01:54:06.189+0000] {dagbag.py:545} INFO - Filling up the DagBag from /opt/airflow/dags/dbt.py
[2026-03-16T01:54:06.199+0000] {logging_mixin.py:188} INFO - [2026-03-16T01:54:06.196+0000] {dagbag.py:355} ERROR - Failed to import: /opt/airflow/dags/dbt.py
Traceback (most recent call last):
  File "/home/airflow/.local/lib/python3.12/site-packages/airflow/models/dagbag.py", line 351, in parse
    loader.exec_module(new_module)
  File "<frozen importlib._bootstrap_external>", line 995, in exec_module
  File "<frozen importlib._bootstrap>", line 488, in _call_with_frames_removed
  File "/opt/airflow/dags/dbt.py", line 2, in <module>
    from airflow.providers.standard.operators.bash import BashOperator
ModuleNotFoundError: No module named 'airflow.providers.standard'
[2026-03-16T01:54:06.200+0000] {processor.py:842} WARNING - No viable dags retrieved from /opt/airflow/dags/dbt.py
[2026-03-16T01:54:06.237+0000] {processor.py:183} INFO - Processing /opt/airflow/dags/dbt.py took 0.080 seconds
[2026-03-16T01:54:36.730+0000] {processor.py:161} INFO - Started process (PID=4974) to work on /opt/airflow/dags/dbt.py
[2026-03-16T01:54:36.740+0000] {processor.py:830} INFO - Processing file /opt/airflow/dags/dbt.py for tasks to queue
[2026-03-16T01:54:36.749+0000] {logging_mixin.py:188} INFO - [2026-03-16T01:54:36.748+0000] {dagbag.py:545} INFO - Filling up the DagBag from /opt/airflow/dags/dbt.py
[2026-03-16T01:54:36.756+0000] {logging_mixin.py:188} INFO - [2026-03-16T01:54:36.754+0000] {dagbag.py:355} ERROR - Failed to import: /opt/airflow/dags/dbt.py
Traceback (most recent call last):
  File "/home/airflow/.local/lib/python3.12/site-packages/airflow/models/dagbag.py", line 351, in parse
    loader.exec_module(new_module)
  File "<frozen importlib._bootstrap_external>", line 995, in exec_module
  File "<frozen importlib._bootstrap>", line 488, in _call_with_frames_removed
  File "/opt/airflow/dags/dbt.py", line 2, in <module>
    from airflow.providers.standard.operators.bash import BashOperator
ModuleNotFoundError: No module named 'airflow.providers.standard'
[2026-03-16T01:54:36.758+0000] {processor.py:842} WARNING - No viable dags retrieved from /opt/airflow/dags/dbt.py
[2026-03-16T01:54:36.802+0000] {processor.py:183} INFO - Processing /opt/airflow/dags/dbt.py took 0.092 seconds
[2026-03-16T01:55:07.281+0000] {processor.py:161} INFO - Started process (PID=4976) to work on /opt/airflow/dags/dbt.py
[2026-03-16T01:55:07.283+0000] {processor.py:830} INFO - Processing file /opt/airflow/dags/dbt.py for tasks to queue
[2026-03-16T01:55:07.289+0000] {logging_mixin.py:188} INFO - [2026-03-16T01:55:07.288+0000] {dagbag.py:545} INFO - Filling up the DagBag from /opt/airflow/dags/dbt.py
[2026-03-16T01:55:07.299+0000] {logging_mixin.py:188} INFO - [2026-03-16T01:55:07.298+0000] {dagbag.py:355} ERROR - Failed to import: /opt/airflow/dags/dbt.py
Traceback (most recent call last):
  File "/home/airflow/.local/lib/python3.12/site-packages/airflow/models/dagbag.py", line 351, in parse
    loader.exec_module(new_module)
  File "<frozen importlib._bootstrap_external>", line 995, in exec_module
  File "<frozen importlib._bootstrap>", line 488, in _call_with_frames_removed
  File "/opt/airflow/dags/dbt.py", line 2, in <module>
    from airflow.providers.standard.operators.bash import BashOperator
ModuleNotFoundError: No module named 'airflow.providers.standard'
[2026-03-16T01:55:07.299+0000] {processor.py:842} WARNING - No viable dags retrieved from /opt/airflow/dags/dbt.py
[2026-03-16T01:55:07.341+0000] {processor.py:183} INFO - Processing /opt/airflow/dags/dbt.py took 0.081 seconds
[2026-03-16T01:55:37.745+0000] {processor.py:161} INFO - Started process (PID=4978) to work on /opt/airflow/dags/dbt.py
[2026-03-16T01:55:37.747+0000] {processor.py:830} INFO - Processing file /opt/airflow/dags/dbt.py for tasks to queue
[2026-03-16T01:55:37.752+0000] {logging_mixin.py:188} INFO - [2026-03-16T01:55:37.752+0000] {dagbag.py:545} INFO - Filling up the DagBag from /opt/airflow/dags/dbt.py
[2026-03-16T01:55:37.762+0000] {logging_mixin.py:188} INFO - [2026-03-16T01:55:37.760+0000] {dagbag.py:355} ERROR - Failed to import: /opt/airflow/dags/dbt.py
Traceback (most recent call last):
  File "/home/airflow/.local/lib/python3.12/site-packages/airflow/models/dagbag.py", line 351, in parse
    loader.exec_module(new_module)
  File "<frozen importlib._bootstrap_external>", line 995, in exec_module
  File "<frozen importlib._bootstrap>", line 488, in _call_with_frames_removed
  File "/opt/airflow/dags/dbt.py", line 2, in <module>
    from airflow.providers.standard.operators.bash import BashOperator
ModuleNotFoundError: No module named 'airflow.providers.standard'
[2026-03-16T01:55:37.764+0000] {processor.py:842} WARNING - No viable dags retrieved from /opt/airflow/dags/dbt.py
[2026-03-16T01:55:37.799+0000] {processor.py:183} INFO - Processing /opt/airflow/dags/dbt.py took 0.064 seconds
[2026-03-16T01:56:08.256+0000] {processor.py:161} INFO - Started process (PID=4980) to work on /opt/airflow/dags/dbt.py
[2026-03-16T01:56:08.258+0000] {processor.py:830} INFO - Processing file /opt/airflow/dags/dbt.py for tasks to queue
[2026-03-16T01:56:08.267+0000] {logging_mixin.py:188} INFO - [2026-03-16T01:56:08.266+0000] {dagbag.py:545} INFO - Filling up the DagBag from /opt/airflow/dags/dbt.py
[2026-03-16T01:56:08.279+0000] {logging_mixin.py:188} INFO - [2026-03-16T01:56:08.276+0000] {dagbag.py:355} ERROR - Failed to import: /opt/airflow/dags/dbt.py
Traceback (most recent call last):
  File "/home/airflow/.local/lib/python3.12/site-packages/airflow/models/dagbag.py", line 351, in parse
    loader.exec_module(new_module)
  File "<frozen importlib._bootstrap_external>", line 995, in exec_module
  File "<frozen importlib._bootstrap>", line 488, in _call_with_frames_removed
  File "/opt/airflow/dags/dbt.py", line 2, in <module>
    from airflow.providers.standard.operators.bash import BashOperator
ModuleNotFoundError: No module named 'airflow.providers.standard'
[2026-03-16T01:56:08.281+0000] {processor.py:842} WARNING - No viable dags retrieved from /opt/airflow/dags/dbt.py
[2026-03-16T01:56:08.339+0000] {processor.py:183} INFO - Processing /opt/airflow/dags/dbt.py took 0.120 seconds
[2026-03-16T01:56:38.757+0000] {processor.py:161} INFO - Started process (PID=4982) to work on /opt/airflow/dags/dbt.py
[2026-03-16T01:56:38.759+0000] {processor.py:830} INFO - Processing file /opt/airflow/dags/dbt.py for tasks to queue
[2026-03-16T01:56:38.763+0000] {logging_mixin.py:188} INFO - [2026-03-16T01:56:38.762+0000] {dagbag.py:545} INFO - Filling up the DagBag from /opt/airflow/dags/dbt.py
[2026-03-16T01:56:38.776+0000] {logging_mixin.py:188} INFO - [2026-03-16T01:56:38.771+0000] {dagbag.py:355} ERROR - Failed to import: /opt/airflow/dags/dbt.py
Traceback (most recent call last):
  File "/home/airflow/.local/lib/python3.12/site-packages/airflow/models/dagbag.py", line 351, in parse
    loader.exec_module(new_module)
  File "<frozen importlib._bootstrap_external>", line 995, in exec_module
  File "<frozen importlib._bootstrap>", line 488, in _call_with_frames_removed
  File "/opt/airflow/dags/dbt.py", line 2, in <module>
    from airflow.providers.standard.operators.bash import BashOperator
ModuleNotFoundError: No module named 'airflow.providers.standard'
[2026-03-16T01:56:38.777+0000] {processor.py:842} WARNING - No viable dags retrieved from /opt/airflow/dags/dbt.py
[2026-03-16T01:56:38.809+0000] {processor.py:183} INFO - Processing /opt/airflow/dags/dbt.py took 0.076 seconds
[2026-03-16T01:57:09.224+0000] {processor.py:161} INFO - Started process (PID=4984) to work on /opt/airflow/dags/dbt.py
[2026-03-16T01:57:09.225+0000] {processor.py:830} INFO - Processing file /opt/airflow/dags/dbt.py for tasks to queue
[2026-03-16T01:57:09.236+0000] {logging_mixin.py:188} INFO - [2026-03-16T01:57:09.235+0000] {dagbag.py:545} INFO - Filling up the DagBag from /opt/airflow/dags/dbt.py
[2026-03-16T01:57:09.246+0000] {logging_mixin.py:188} INFO - [2026-03-16T01:57:09.242+0000] {dagbag.py:355} ERROR - Failed to import: /opt/airflow/dags/dbt.py
Traceback (most recent call last):
  File "/home/airflow/.local/lib/python3.12/site-packages/airflow/models/dagbag.py", line 351, in parse
    loader.exec_module(new_module)
  File "<frozen importlib._bootstrap_external>", line 995, in exec_module
  File "<frozen importlib._bootstrap>", line 488, in _call_with_frames_removed
  File "/opt/airflow/dags/dbt.py", line 2, in <module>
    from airflow.providers.standard.operators.bash import BashOperator
ModuleNotFoundError: No module named 'airflow.providers.standard'
[2026-03-16T01:57:09.247+0000] {processor.py:842} WARNING - No viable dags retrieved from /opt/airflow/dags/dbt.py
[2026-03-16T01:57:09.278+0000] {processor.py:183} INFO - Processing /opt/airflow/dags/dbt.py took 0.076 seconds
[2026-03-16T01:57:39.621+0000] {processor.py:161} INFO - Started process (PID=4986) to work on /opt/airflow/dags/dbt.py
[2026-03-16T01:57:39.623+0000] {processor.py:830} INFO - Processing file /opt/airflow/dags/dbt.py for tasks to queue
[2026-03-16T01:57:39.625+0000] {logging_mixin.py:188} INFO - [2026-03-16T01:57:39.625+0000] {dagbag.py:545} INFO - Filling up the DagBag from /opt/airflow/dags/dbt.py
[2026-03-16T01:57:39.632+0000] {logging_mixin.py:188} INFO - [2026-03-16T01:57:39.631+0000] {dagbag.py:355} ERROR - Failed to import: /opt/airflow/dags/dbt.py
Traceback (most recent call last):
  File "/home/airflow/.local/lib/python3.12/site-packages/airflow/models/dagbag.py", line 351, in parse
    loader.exec_module(new_module)
  File "<frozen importlib._bootstrap_external>", line 995, in exec_module
  File "<frozen importlib._bootstrap>", line 488, in _call_with_frames_removed
  File "/opt/airflow/dags/dbt.py", line 2, in <module>
    from airflow.providers.standard.operators.bash import BashOperator
ModuleNotFoundError: No module named 'airflow.providers.standard'
[2026-03-16T01:57:39.633+0000] {processor.py:842} WARNING - No viable dags retrieved from /opt/airflow/dags/dbt.py
[2026-03-16T01:57:39.653+0000] {processor.py:183} INFO - Processing /opt/airflow/dags/dbt.py took 0.045 seconds
[2026-03-16T01:58:10.006+0000] {processor.py:161} INFO - Started process (PID=4988) to work on /opt/airflow/dags/dbt.py
[2026-03-16T01:58:10.008+0000] {processor.py:830} INFO - Processing file /opt/airflow/dags/dbt.py for tasks to queue
[2026-03-16T01:58:10.014+0000] {logging_mixin.py:188} INFO - [2026-03-16T01:58:10.013+0000] {dagbag.py:545} INFO - Filling up the DagBag from /opt/airflow/dags/dbt.py
[2026-03-16T01:58:10.022+0000] {logging_mixin.py:188} INFO - [2026-03-16T01:58:10.021+0000] {dagbag.py:355} ERROR - Failed to import: /opt/airflow/dags/dbt.py
Traceback (most recent call last):
  File "/home/airflow/.local/lib/python3.12/site-packages/airflow/models/dagbag.py", line 351, in parse
    loader.exec_module(new_module)
  File "<frozen importlib._bootstrap_external>", line 995, in exec_module
  File "<frozen importlib._bootstrap>", line 488, in _call_with_frames_removed
  File "/opt/airflow/dags/dbt.py", line 2, in <module>
    from airflow.providers.standard.operators.bash import BashOperator
ModuleNotFoundError: No module named 'airflow.providers.standard'
[2026-03-16T01:58:10.024+0000] {processor.py:842} WARNING - No viable dags retrieved from /opt/airflow/dags/dbt.py
[2026-03-16T01:58:10.054+0000] {processor.py:183} INFO - Processing /opt/airflow/dags/dbt.py took 0.057 seconds
[2026-03-16T01:58:40.439+0000] {processor.py:161} INFO - Started process (PID=4990) to work on /opt/airflow/dags/dbt.py
[2026-03-16T01:58:40.441+0000] {processor.py:830} INFO - Processing file /opt/airflow/dags/dbt.py for tasks to queue
[2026-03-16T01:58:40.449+0000] {logging_mixin.py:188} INFO - [2026-03-16T01:58:40.448+0000] {dagbag.py:545} INFO - Filling up the DagBag from /opt/airflow/dags/dbt.py
[2026-03-16T01:58:40.458+0000] {logging_mixin.py:188} INFO - [2026-03-16T01:58:40.456+0000] {dagbag.py:355} ERROR - Failed to import: /opt/airflow/dags/dbt.py
Traceback (most recent call last):
  File "/home/airflow/.local/lib/python3.12/site-packages/airflow/models/dagbag.py", line 351, in parse
    loader.exec_module(new_module)
  File "<frozen importlib._bootstrap_external>", line 995, in exec_module
  File "<frozen importlib._bootstrap>", line 488, in _call_with_frames_removed
  File "/opt/airflow/dags/dbt.py", line 2, in <module>
    from airflow.providers.standard.operators.bash import BashOperator
ModuleNotFoundError: No module named 'airflow.providers.standard'
[2026-03-16T01:58:40.462+0000] {processor.py:842} WARNING - No viable dags retrieved from /opt/airflow/dags/dbt.py
[2026-03-16T01:58:40.496+0000] {processor.py:183} INFO - Processing /opt/airflow/dags/dbt.py took 0.089 seconds
[2026-03-16T01:59:10.862+0000] {processor.py:161} INFO - Started process (PID=4992) to work on /opt/airflow/dags/dbt.py
[2026-03-16T01:59:10.865+0000] {processor.py:830} INFO - Processing file /opt/airflow/dags/dbt.py for tasks to queue
[2026-03-16T01:59:10.870+0000] {logging_mixin.py:188} INFO - [2026-03-16T01:59:10.869+0000] {dagbag.py:545} INFO - Filling up the DagBag from /opt/airflow/dags/dbt.py
[2026-03-16T01:59:10.878+0000] {logging_mixin.py:188} INFO - [2026-03-16T01:59:10.876+0000] {dagbag.py:355} ERROR - Failed to import: /opt/airflow/dags/dbt.py
Traceback (most recent call last):
  File "/home/airflow/.local/lib/python3.12/site-packages/airflow/models/dagbag.py", line 351, in parse
    loader.exec_module(new_module)
  File "<frozen importlib._bootstrap_external>", line 995, in exec_module
  File "<frozen importlib._bootstrap>", line 488, in _call_with_frames_removed
  File "/opt/airflow/dags/dbt.py", line 2, in <module>
    from airflow.providers.standard.operators.bash import BashOperator
ModuleNotFoundError: No module named 'airflow.providers.standard'
[2026-03-16T01:59:10.881+0000] {processor.py:842} WARNING - No viable dags retrieved from /opt/airflow/dags/dbt.py
[2026-03-16T01:59:10.914+0000] {processor.py:183} INFO - Processing /opt/airflow/dags/dbt.py took 0.074 seconds
[2026-03-16T01:59:41.300+0000] {processor.py:161} INFO - Started process (PID=4994) to work on /opt/airflow/dags/dbt.py
[2026-03-16T01:59:41.301+0000] {processor.py:830} INFO - Processing file /opt/airflow/dags/dbt.py for tasks to queue
[2026-03-16T01:59:41.309+0000] {logging_mixin.py:188} INFO - [2026-03-16T01:59:41.308+0000] {dagbag.py:545} INFO - Filling up the DagBag from /opt/airflow/dags/dbt.py
[2026-03-16T01:59:41.320+0000] {logging_mixin.py:188} INFO - [2026-03-16T01:59:41.315+0000] {dagbag.py:355} ERROR - Failed to import: /opt/airflow/dags/dbt.py
Traceback (most recent call last):
  File "/home/airflow/.local/lib/python3.12/site-packages/airflow/models/dagbag.py", line 351, in parse
    loader.exec_module(new_module)
  File "<frozen importlib._bootstrap_external>", line 995, in exec_module
  File "<frozen importlib._bootstrap>", line 488, in _call_with_frames_removed
  File "/opt/airflow/dags/dbt.py", line 2, in <module>
    from airflow.providers.standard.operators.bash import BashOperator
ModuleNotFoundError: No module named 'airflow.providers.standard'
[2026-03-16T01:59:41.321+0000] {processor.py:842} WARNING - No viable dags retrieved from /opt/airflow/dags/dbt.py
[2026-03-16T01:59:41.351+0000] {processor.py:183} INFO - Processing /opt/airflow/dags/dbt.py took 0.076 seconds
[2026-03-16T02:00:11.724+0000] {processor.py:161} INFO - Started process (PID=4996) to work on /opt/airflow/dags/dbt.py
[2026-03-16T02:00:11.725+0000] {processor.py:830} INFO - Processing file /opt/airflow/dags/dbt.py for tasks to queue
[2026-03-16T02:00:11.733+0000] {logging_mixin.py:188} INFO - [2026-03-16T02:00:11.732+0000] {dagbag.py:545} INFO - Filling up the DagBag from /opt/airflow/dags/dbt.py
[2026-03-16T02:00:11.742+0000] {logging_mixin.py:188} INFO - [2026-03-16T02:00:11.739+0000] {dagbag.py:355} ERROR - Failed to import: /opt/airflow/dags/dbt.py
Traceback (most recent call last):
  File "/home/airflow/.local/lib/python3.12/site-packages/airflow/models/dagbag.py", line 351, in parse
    loader.exec_module(new_module)
  File "<frozen importlib._bootstrap_external>", line 995, in exec_module
  File "<frozen importlib._bootstrap>", line 488, in _call_with_frames_removed
  File "/opt/airflow/dags/dbt.py", line 2, in <module>
    from airflow.providers.standard.operators.bash import BashOperator
ModuleNotFoundError: No module named 'airflow.providers.standard'
[2026-03-16T02:00:11.745+0000] {processor.py:842} WARNING - No viable dags retrieved from /opt/airflow/dags/dbt.py
[2026-03-16T02:00:11.777+0000] {processor.py:183} INFO - Processing /opt/airflow/dags/dbt.py took 0.075 seconds
[2026-03-16T02:00:42.174+0000] {processor.py:161} INFO - Started process (PID=4998) to work on /opt/airflow/dags/dbt.py
[2026-03-16T02:00:42.176+0000] {processor.py:830} INFO - Processing file /opt/airflow/dags/dbt.py for tasks to queue
[2026-03-16T02:00:42.185+0000] {logging_mixin.py:188} INFO - [2026-03-16T02:00:42.183+0000] {dagbag.py:545} INFO - Filling up the DagBag from /opt/airflow/dags/dbt.py
[2026-03-16T02:00:42.194+0000] {logging_mixin.py:188} INFO - [2026-03-16T02:00:42.192+0000] {dagbag.py:355} ERROR - Failed to import: /opt/airflow/dags/dbt.py
Traceback (most recent call last):
  File "/home/airflow/.local/lib/python3.12/site-packages/airflow/models/dagbag.py", line 351, in parse
    loader.exec_module(new_module)
  File "<frozen importlib._bootstrap_external>", line 995, in exec_module
  File "<frozen importlib._bootstrap>", line 488, in _call_with_frames_removed
  File "/opt/airflow/dags/dbt.py", line 2, in <module>
    from airflow.providers.standard.operators.bash import BashOperator
ModuleNotFoundError: No module named 'airflow.providers.standard'
[2026-03-16T02:00:42.194+0000] {processor.py:842} WARNING - No viable dags retrieved from /opt/airflow/dags/dbt.py
[2026-03-16T02:00:42.233+0000] {processor.py:183} INFO - Processing /opt/airflow/dags/dbt.py took 0.088 seconds
[2026-03-16T02:01:12.573+0000] {processor.py:161} INFO - Started process (PID=5000) to work on /opt/airflow/dags/dbt.py
[2026-03-16T02:01:12.575+0000] {processor.py:830} INFO - Processing file /opt/airflow/dags/dbt.py for tasks to queue
[2026-03-16T02:01:12.578+0000] {logging_mixin.py:188} INFO - [2026-03-16T02:01:12.577+0000] {dagbag.py:545} INFO - Filling up the DagBag from /opt/airflow/dags/dbt.py
[2026-03-16T02:01:12.583+0000] {logging_mixin.py:188} INFO - [2026-03-16T02:01:12.581+0000] {dagbag.py:355} ERROR - Failed to import: /opt/airflow/dags/dbt.py
Traceback (most recent call last):
  File "/home/airflow/.local/lib/python3.12/site-packages/airflow/models/dagbag.py", line 351, in parse
    loader.exec_module(new_module)
  File "<frozen importlib._bootstrap_external>", line 995, in exec_module
  File "<frozen importlib._bootstrap>", line 488, in _call_with_frames_removed
  File "/opt/airflow/dags/dbt.py", line 2, in <module>
    from airflow.providers.standard.operators.bash import BashOperator
ModuleNotFoundError: No module named 'airflow.providers.standard'
[2026-03-16T02:01:12.583+0000] {processor.py:842} WARNING - No viable dags retrieved from /opt/airflow/dags/dbt.py
[2026-03-16T02:01:12.608+0000] {processor.py:183} INFO - Processing /opt/airflow/dags/dbt.py took 0.044 seconds
[2026-03-16T02:01:42.979+0000] {processor.py:161} INFO - Started process (PID=5002) to work on /opt/airflow/dags/dbt.py
[2026-03-16T02:01:42.984+0000] {processor.py:830} INFO - Processing file /opt/airflow/dags/dbt.py for tasks to queue
[2026-03-16T02:01:42.988+0000] {logging_mixin.py:188} INFO - [2026-03-16T02:01:42.988+0000] {dagbag.py:545} INFO - Filling up the DagBag from /opt/airflow/dags/dbt.py
[2026-03-16T02:01:42.998+0000] {logging_mixin.py:188} INFO - [2026-03-16T02:01:42.993+0000] {dagbag.py:355} ERROR - Failed to import: /opt/airflow/dags/dbt.py
Traceback (most recent call last):
  File "/home/airflow/.local/lib/python3.12/site-packages/airflow/models/dagbag.py", line 351, in parse
    loader.exec_module(new_module)
  File "<frozen importlib._bootstrap_external>", line 995, in exec_module
  File "<frozen importlib._bootstrap>", line 488, in _call_with_frames_removed
  File "/opt/airflow/dags/dbt.py", line 2, in <module>
    from airflow.providers.standard.operators.bash import BashOperator
ModuleNotFoundError: No module named 'airflow.providers.standard'
[2026-03-16T02:01:43.000+0000] {processor.py:842} WARNING - No viable dags retrieved from /opt/airflow/dags/dbt.py
[2026-03-16T02:01:43.032+0000] {processor.py:183} INFO - Processing /opt/airflow/dags/dbt.py took 0.076 seconds
[2026-03-16T02:02:13.311+0000] {processor.py:161} INFO - Started process (PID=5004) to work on /opt/airflow/dags/dbt.py
[2026-03-16T02:02:13.313+0000] {processor.py:830} INFO - Processing file /opt/airflow/dags/dbt.py for tasks to queue
[2026-03-16T02:02:13.315+0000] {logging_mixin.py:188} INFO - [2026-03-16T02:02:13.315+0000] {dagbag.py:545} INFO - Filling up the DagBag from /opt/airflow/dags/dbt.py
[2026-03-16T02:02:13.321+0000] {logging_mixin.py:188} INFO - [2026-03-16T02:02:13.320+0000] {dagbag.py:355} ERROR - Failed to import: /opt/airflow/dags/dbt.py
Traceback (most recent call last):
  File "/home/airflow/.local/lib/python3.12/site-packages/airflow/models/dagbag.py", line 351, in parse
    loader.exec_module(new_module)
  File "<frozen importlib._bootstrap_external>", line 995, in exec_module
  File "<frozen importlib._bootstrap>", line 488, in _call_with_frames_removed
  File "/opt/airflow/dags/dbt.py", line 2, in <module>
    from airflow.providers.standard.operators.bash import BashOperator
ModuleNotFoundError: No module named 'airflow.providers.standard'
[2026-03-16T02:02:13.322+0000] {processor.py:842} WARNING - No viable dags retrieved from /opt/airflow/dags/dbt.py
[2026-03-16T02:02:13.346+0000] {processor.py:183} INFO - Processing /opt/airflow/dags/dbt.py took 0.043 seconds
[2026-03-16T02:02:43.688+0000] {processor.py:161} INFO - Started process (PID=5006) to work on /opt/airflow/dags/dbt.py
[2026-03-16T02:02:43.690+0000] {processor.py:830} INFO - Processing file /opt/airflow/dags/dbt.py for tasks to queue
[2026-03-16T02:02:43.698+0000] {logging_mixin.py:188} INFO - [2026-03-16T02:02:43.697+0000] {dagbag.py:545} INFO - Filling up the DagBag from /opt/airflow/dags/dbt.py
[2026-03-16T02:02:43.706+0000] {logging_mixin.py:188} INFO - [2026-03-16T02:02:43.704+0000] {dagbag.py:355} ERROR - Failed to import: /opt/airflow/dags/dbt.py
Traceback (most recent call last):
  File "/home/airflow/.local/lib/python3.12/site-packages/airflow/models/dagbag.py", line 351, in parse
    loader.exec_module(new_module)
  File "<frozen importlib._bootstrap_external>", line 995, in exec_module
  File "<frozen importlib._bootstrap>", line 488, in _call_with_frames_removed
  File "/opt/airflow/dags/dbt.py", line 2, in <module>
    from airflow.providers.standard.operators.bash import BashOperator
ModuleNotFoundError: No module named 'airflow.providers.standard'
[2026-03-16T02:02:43.707+0000] {processor.py:842} WARNING - No viable dags retrieved from /opt/airflow/dags/dbt.py
[2026-03-16T02:02:43.740+0000] {processor.py:183} INFO - Processing /opt/airflow/dags/dbt.py took 0.071 seconds
[2026-03-16T02:03:14.043+0000] {processor.py:161} INFO - Started process (PID=5008) to work on /opt/airflow/dags/dbt.py
[2026-03-16T02:03:14.045+0000] {processor.py:830} INFO - Processing file /opt/airflow/dags/dbt.py for tasks to queue
[2026-03-16T02:03:14.049+0000] {logging_mixin.py:188} INFO - [2026-03-16T02:03:14.049+0000] {dagbag.py:545} INFO - Filling up the DagBag from /opt/airflow/dags/dbt.py
[2026-03-16T02:03:14.057+0000] {logging_mixin.py:188} INFO - [2026-03-16T02:03:14.055+0000] {dagbag.py:355} ERROR - Failed to import: /opt/airflow/dags/dbt.py
Traceback (most recent call last):
  File "/home/airflow/.local/lib/python3.12/site-packages/airflow/models/dagbag.py", line 351, in parse
    loader.exec_module(new_module)
  File "<frozen importlib._bootstrap_external>", line 995, in exec_module
  File "<frozen importlib._bootstrap>", line 488, in _call_with_frames_removed
  File "/opt/airflow/dags/dbt.py", line 2, in <module>
    from airflow.providers.standard.operators.bash import BashOperator
ModuleNotFoundError: No module named 'airflow.providers.standard'
[2026-03-16T02:03:14.059+0000] {processor.py:842} WARNING - No viable dags retrieved from /opt/airflow/dags/dbt.py
[2026-03-16T02:03:14.082+0000] {processor.py:183} INFO - Processing /opt/airflow/dags/dbt.py took 0.050 seconds
[2026-03-16T02:03:44.560+0000] {processor.py:161} INFO - Started process (PID=5010) to work on /opt/airflow/dags/dbt.py
[2026-03-16T02:03:44.563+0000] {processor.py:830} INFO - Processing file /opt/airflow/dags/dbt.py for tasks to queue
[2026-03-16T02:03:44.567+0000] {logging_mixin.py:188} INFO - [2026-03-16T02:03:44.567+0000] {dagbag.py:545} INFO - Filling up the DagBag from /opt/airflow/dags/dbt.py
[2026-03-16T02:03:44.576+0000] {logging_mixin.py:188} INFO - [2026-03-16T02:03:44.575+0000] {dagbag.py:355} ERROR - Failed to import: /opt/airflow/dags/dbt.py
Traceback (most recent call last):
  File "/home/airflow/.local/lib/python3.12/site-packages/airflow/models/dagbag.py", line 351, in parse
    loader.exec_module(new_module)
  File "<frozen importlib._bootstrap_external>", line 995, in exec_module
  File "<frozen importlib._bootstrap>", line 488, in _call_with_frames_removed
  File "/opt/airflow/dags/dbt.py", line 2, in <module>
    from airflow.providers.standard.operators.bash import BashOperator
ModuleNotFoundError: No module named 'airflow.providers.standard'
[2026-03-16T02:03:44.578+0000] {processor.py:842} WARNING - No viable dags retrieved from /opt/airflow/dags/dbt.py
[2026-03-16T02:03:44.619+0000] {processor.py:183} INFO - Processing /opt/airflow/dags/dbt.py took 0.087 seconds
[2026-03-16T02:04:14.995+0000] {processor.py:161} INFO - Started process (PID=5012) to work on /opt/airflow/dags/dbt.py
[2026-03-16T02:04:14.996+0000] {processor.py:830} INFO - Processing file /opt/airflow/dags/dbt.py for tasks to queue
[2026-03-16T02:04:14.998+0000] {logging_mixin.py:188} INFO - [2026-03-16T02:04:14.998+0000] {dagbag.py:545} INFO - Filling up the DagBag from /opt/airflow/dags/dbt.py
[2026-03-16T02:04:15.002+0000] {logging_mixin.py:188} INFO - [2026-03-16T02:04:15.001+0000] {dagbag.py:355} ERROR - Failed to import: /opt/airflow/dags/dbt.py
Traceback (most recent call last):
  File "/home/airflow/.local/lib/python3.12/site-packages/airflow/models/dagbag.py", line 351, in parse
    loader.exec_module(new_module)
  File "<frozen importlib._bootstrap_external>", line 995, in exec_module
  File "<frozen importlib._bootstrap>", line 488, in _call_with_frames_removed
  File "/opt/airflow/dags/dbt.py", line 2, in <module>
    from airflow.providers.standard.operators.bash import BashOperator
ModuleNotFoundError: No module named 'airflow.providers.standard'
[2026-03-16T02:04:15.004+0000] {processor.py:842} WARNING - No viable dags retrieved from /opt/airflow/dags/dbt.py
[2026-03-16T02:04:15.028+0000] {processor.py:183} INFO - Processing /opt/airflow/dags/dbt.py took 0.041 seconds
[2026-03-16T02:04:45.461+0000] {processor.py:161} INFO - Started process (PID=5014) to work on /opt/airflow/dags/dbt.py
[2026-03-16T02:04:45.462+0000] {processor.py:830} INFO - Processing file /opt/airflow/dags/dbt.py for tasks to queue
[2026-03-16T02:04:45.468+0000] {logging_mixin.py:188} INFO - [2026-03-16T02:04:45.467+0000] {dagbag.py:545} INFO - Filling up the DagBag from /opt/airflow/dags/dbt.py
[2026-03-16T02:04:45.478+0000] {logging_mixin.py:188} INFO - [2026-03-16T02:04:45.474+0000] {dagbag.py:355} ERROR - Failed to import: /opt/airflow/dags/dbt.py
Traceback (most recent call last):
  File "/home/airflow/.local/lib/python3.12/site-packages/airflow/models/dagbag.py", line 351, in parse
    loader.exec_module(new_module)
  File "<frozen importlib._bootstrap_external>", line 995, in exec_module
  File "<frozen importlib._bootstrap>", line 488, in _call_with_frames_removed
  File "/opt/airflow/dags/dbt.py", line 2, in <module>
    from airflow.providers.standard.operators.bash import BashOperator
ModuleNotFoundError: No module named 'airflow.providers.standard'
[2026-03-16T02:04:45.480+0000] {processor.py:842} WARNING - No viable dags retrieved from /opt/airflow/dags/dbt.py
[2026-03-16T02:04:45.509+0000] {processor.py:183} INFO - Processing /opt/airflow/dags/dbt.py took 0.065 seconds
[2026-03-16T02:05:15.928+0000] {processor.py:161} INFO - Started process (PID=5016) to work on /opt/airflow/dags/dbt.py
[2026-03-16T02:05:15.930+0000] {processor.py:830} INFO - Processing file /opt/airflow/dags/dbt.py for tasks to queue
[2026-03-16T02:05:15.934+0000] {logging_mixin.py:188} INFO - [2026-03-16T02:05:15.933+0000] {dagbag.py:545} INFO - Filling up the DagBag from /opt/airflow/dags/dbt.py
[2026-03-16T02:05:15.943+0000] {logging_mixin.py:188} INFO - [2026-03-16T02:05:15.940+0000] {dagbag.py:355} ERROR - Failed to import: /opt/airflow/dags/dbt.py
Traceback (most recent call last):
  File "/home/airflow/.local/lib/python3.12/site-packages/airflow/models/dagbag.py", line 351, in parse
    loader.exec_module(new_module)
  File "<frozen importlib._bootstrap_external>", line 995, in exec_module
  File "<frozen importlib._bootstrap>", line 488, in _call_with_frames_removed
  File "/opt/airflow/dags/dbt.py", line 2, in <module>
    from airflow.providers.standard.operators.bash import BashOperator
ModuleNotFoundError: No module named 'airflow.providers.standard'
[2026-03-16T02:05:15.943+0000] {processor.py:842} WARNING - No viable dags retrieved from /opt/airflow/dags/dbt.py
[2026-03-16T02:05:15.971+0000] {processor.py:183} INFO - Processing /opt/airflow/dags/dbt.py took 0.057 seconds
[2026-03-16T02:05:46.335+0000] {processor.py:161} INFO - Started process (PID=5018) to work on /opt/airflow/dags/dbt.py
[2026-03-16T02:05:46.336+0000] {processor.py:830} INFO - Processing file /opt/airflow/dags/dbt.py for tasks to queue
[2026-03-16T02:05:46.338+0000] {logging_mixin.py:188} INFO - [2026-03-16T02:05:46.338+0000] {dagbag.py:545} INFO - Filling up the DagBag from /opt/airflow/dags/dbt.py
[2026-03-16T02:05:46.343+0000] {logging_mixin.py:188} INFO - [2026-03-16T02:05:46.342+0000] {dagbag.py:355} ERROR - Failed to import: /opt/airflow/dags/dbt.py
Traceback (most recent call last):
  File "/home/airflow/.local/lib/python3.12/site-packages/airflow/models/dagbag.py", line 351, in parse
    loader.exec_module(new_module)
  File "<frozen importlib._bootstrap_external>", line 995, in exec_module
  File "<frozen importlib._bootstrap>", line 488, in _call_with_frames_removed
  File "/opt/airflow/dags/dbt.py", line 2, in <module>
    from airflow.providers.standard.operators.bash import BashOperator
ModuleNotFoundError: No module named 'airflow.providers.standard'
[2026-03-16T02:05:46.344+0000] {processor.py:842} WARNING - No viable dags retrieved from /opt/airflow/dags/dbt.py
[2026-03-16T02:05:46.367+0000] {processor.py:183} INFO - Processing /opt/airflow/dags/dbt.py took 0.041 seconds
[2026-03-16T02:06:16.761+0000] {processor.py:161} INFO - Started process (PID=5020) to work on /opt/airflow/dags/dbt.py
[2026-03-16T02:06:16.762+0000] {processor.py:830} INFO - Processing file /opt/airflow/dags/dbt.py for tasks to queue
[2026-03-16T02:06:16.766+0000] {logging_mixin.py:188} INFO - [2026-03-16T02:06:16.766+0000] {dagbag.py:545} INFO - Filling up the DagBag from /opt/airflow/dags/dbt.py
[2026-03-16T02:06:16.776+0000] {logging_mixin.py:188} INFO - [2026-03-16T02:06:16.772+0000] {dagbag.py:355} ERROR - Failed to import: /opt/airflow/dags/dbt.py
Traceback (most recent call last):
  File "/home/airflow/.local/lib/python3.12/site-packages/airflow/models/dagbag.py", line 351, in parse
    loader.exec_module(new_module)
  File "<frozen importlib._bootstrap_external>", line 995, in exec_module
  File "<frozen importlib._bootstrap>", line 488, in _call_with_frames_removed
  File "/opt/airflow/dags/dbt.py", line 2, in <module>
    from airflow.providers.standard.operators.bash import BashOperator
ModuleNotFoundError: No module named 'airflow.providers.standard'
[2026-03-16T02:06:16.777+0000] {processor.py:842} WARNING - No viable dags retrieved from /opt/airflow/dags/dbt.py
[2026-03-16T02:06:16.800+0000] {processor.py:183} INFO - Processing /opt/airflow/dags/dbt.py took 0.054 seconds
[2026-03-16T02:06:47.164+0000] {processor.py:161} INFO - Started process (PID=5022) to work on /opt/airflow/dags/dbt.py
[2026-03-16T02:06:47.165+0000] {processor.py:830} INFO - Processing file /opt/airflow/dags/dbt.py for tasks to queue
[2026-03-16T02:06:47.169+0000] {logging_mixin.py:188} INFO - [2026-03-16T02:06:47.168+0000] {dagbag.py:545} INFO - Filling up the DagBag from /opt/airflow/dags/dbt.py
[2026-03-16T02:06:47.176+0000] {logging_mixin.py:188} INFO - [2026-03-16T02:06:47.175+0000] {dagbag.py:355} ERROR - Failed to import: /opt/airflow/dags/dbt.py
Traceback (most recent call last):
  File "/home/airflow/.local/lib/python3.12/site-packages/airflow/models/dagbag.py", line 351, in parse
    loader.exec_module(new_module)
  File "<frozen importlib._bootstrap_external>", line 995, in exec_module
  File "<frozen importlib._bootstrap>", line 488, in _call_with_frames_removed
  File "/opt/airflow/dags/dbt.py", line 2, in <module>
    from airflow.providers.standard.operators.bash import BashOperator
ModuleNotFoundError: No module named 'airflow.providers.standard'
[2026-03-16T02:06:47.178+0000] {processor.py:842} WARNING - No viable dags retrieved from /opt/airflow/dags/dbt.py
[2026-03-16T02:06:47.211+0000] {processor.py:183} INFO - Processing /opt/airflow/dags/dbt.py took 0.057 seconds
[2026-03-16T02:07:17.548+0000] {processor.py:161} INFO - Started process (PID=5024) to work on /opt/airflow/dags/dbt.py
[2026-03-16T02:07:17.549+0000] {processor.py:830} INFO - Processing file /opt/airflow/dags/dbt.py for tasks to queue
[2026-03-16T02:07:17.551+0000] {logging_mixin.py:188} INFO - [2026-03-16T02:07:17.551+0000] {dagbag.py:545} INFO - Filling up the DagBag from /opt/airflow/dags/dbt.py
[2026-03-16T02:07:17.557+0000] {logging_mixin.py:188} INFO - [2026-03-16T02:07:17.554+0000] {dagbag.py:355} ERROR - Failed to import: /opt/airflow/dags/dbt.py
Traceback (most recent call last):
  File "/home/airflow/.local/lib/python3.12/site-packages/airflow/models/dagbag.py", line 351, in parse
    loader.exec_module(new_module)
  File "<frozen importlib._bootstrap_external>", line 995, in exec_module
  File "<frozen importlib._bootstrap>", line 488, in _call_with_frames_removed
  File "/opt/airflow/dags/dbt.py", line 2, in <module>
    from airflow.providers.standard.operators.bash import BashOperator
ModuleNotFoundError: No module named 'airflow.providers.standard'
[2026-03-16T02:07:17.557+0000] {processor.py:842} WARNING - No viable dags retrieved from /opt/airflow/dags/dbt.py
[2026-03-16T02:07:17.574+0000] {processor.py:183} INFO - Processing /opt/airflow/dags/dbt.py took 0.034 seconds
[2026-03-16T02:07:47.999+0000] {processor.py:161} INFO - Started process (PID=5026) to work on /opt/airflow/dags/dbt.py
[2026-03-16T02:07:48.004+0000] {processor.py:830} INFO - Processing file /opt/airflow/dags/dbt.py for tasks to queue
[2026-03-16T02:07:48.014+0000] {logging_mixin.py:188} INFO - [2026-03-16T02:07:48.013+0000] {dagbag.py:545} INFO - Filling up the DagBag from /opt/airflow/dags/dbt.py
[2026-03-16T02:07:48.022+0000] {logging_mixin.py:188} INFO - [2026-03-16T02:07:48.019+0000] {dagbag.py:355} ERROR - Failed to import: /opt/airflow/dags/dbt.py
Traceback (most recent call last):
  File "/home/airflow/.local/lib/python3.12/site-packages/airflow/models/dagbag.py", line 351, in parse
    loader.exec_module(new_module)
  File "<frozen importlib._bootstrap_external>", line 995, in exec_module
  File "<frozen importlib._bootstrap>", line 488, in _call_with_frames_removed
  File "/opt/airflow/dags/dbt.py", line 2, in <module>
    from airflow.providers.standard.operators.bash import BashOperator
ModuleNotFoundError: No module named 'airflow.providers.standard'
[2026-03-16T02:07:48.023+0000] {processor.py:842} WARNING - No viable dags retrieved from /opt/airflow/dags/dbt.py
[2026-03-16T02:07:48.055+0000] {processor.py:183} INFO - Processing /opt/airflow/dags/dbt.py took 0.070 seconds
[2026-03-16T02:08:18.434+0000] {processor.py:161} INFO - Started process (PID=5028) to work on /opt/airflow/dags/dbt.py
[2026-03-16T02:08:18.435+0000] {processor.py:830} INFO - Processing file /opt/airflow/dags/dbt.py for tasks to queue
[2026-03-16T02:08:18.438+0000] {logging_mixin.py:188} INFO - [2026-03-16T02:08:18.438+0000] {dagbag.py:545} INFO - Filling up the DagBag from /opt/airflow/dags/dbt.py
[2026-03-16T02:08:18.445+0000] {logging_mixin.py:188} INFO - [2026-03-16T02:08:18.443+0000] {dagbag.py:355} ERROR - Failed to import: /opt/airflow/dags/dbt.py
Traceback (most recent call last):
  File "/home/airflow/.local/lib/python3.12/site-packages/airflow/models/dagbag.py", line 351, in parse
    loader.exec_module(new_module)
  File "<frozen importlib._bootstrap_external>", line 995, in exec_module
  File "<frozen importlib._bootstrap>", line 488, in _call_with_frames_removed
  File "/opt/airflow/dags/dbt.py", line 2, in <module>
    from airflow.providers.standard.operators.bash import BashOperator
ModuleNotFoundError: No module named 'airflow.providers.standard'
[2026-03-16T02:08:18.446+0000] {processor.py:842} WARNING - No viable dags retrieved from /opt/airflow/dags/dbt.py
[2026-03-16T02:08:18.470+0000] {processor.py:183} INFO - Processing /opt/airflow/dags/dbt.py took 0.044 seconds
[2026-03-16T02:08:48.883+0000] {processor.py:161} INFO - Started process (PID=5030) to work on /opt/airflow/dags/dbt.py
[2026-03-16T02:08:48.886+0000] {processor.py:830} INFO - Processing file /opt/airflow/dags/dbt.py for tasks to queue
[2026-03-16T02:08:48.891+0000] {logging_mixin.py:188} INFO - [2026-03-16T02:08:48.891+0000] {dagbag.py:545} INFO - Filling up the DagBag from /opt/airflow/dags/dbt.py
[2026-03-16T02:08:48.902+0000] {logging_mixin.py:188} INFO - [2026-03-16T02:08:48.898+0000] {dagbag.py:355} ERROR - Failed to import: /opt/airflow/dags/dbt.py
Traceback (most recent call last):
  File "/home/airflow/.local/lib/python3.12/site-packages/airflow/models/dagbag.py", line 351, in parse
    loader.exec_module(new_module)
  File "<frozen importlib._bootstrap_external>", line 995, in exec_module
  File "<frozen importlib._bootstrap>", line 488, in _call_with_frames_removed
  File "/opt/airflow/dags/dbt.py", line 2, in <module>
    from airflow.providers.standard.operators.bash import BashOperator
ModuleNotFoundError: No module named 'airflow.providers.standard'
[2026-03-16T02:08:48.903+0000] {processor.py:842} WARNING - No viable dags retrieved from /opt/airflow/dags/dbt.py
[2026-03-16T02:08:48.931+0000] {processor.py:183} INFO - Processing /opt/airflow/dags/dbt.py took 0.069 seconds
[2026-03-16T02:09:19.331+0000] {processor.py:161} INFO - Started process (PID=5032) to work on /opt/airflow/dags/dbt.py
[2026-03-16T02:09:19.332+0000] {processor.py:830} INFO - Processing file /opt/airflow/dags/dbt.py for tasks to queue
[2026-03-16T02:09:19.334+0000] {logging_mixin.py:188} INFO - [2026-03-16T02:09:19.334+0000] {dagbag.py:545} INFO - Filling up the DagBag from /opt/airflow/dags/dbt.py
[2026-03-16T02:09:19.342+0000] {logging_mixin.py:188} INFO - [2026-03-16T02:09:19.340+0000] {dagbag.py:355} ERROR - Failed to import: /opt/airflow/dags/dbt.py
Traceback (most recent call last):
  File "/home/airflow/.local/lib/python3.12/site-packages/airflow/models/dagbag.py", line 351, in parse
    loader.exec_module(new_module)
  File "<frozen importlib._bootstrap_external>", line 995, in exec_module
  File "<frozen importlib._bootstrap>", line 488, in _call_with_frames_removed
  File "/opt/airflow/dags/dbt.py", line 2, in <module>
    from airflow.providers.standard.operators.bash import BashOperator
ModuleNotFoundError: No module named 'airflow.providers.standard'
[2026-03-16T02:09:19.343+0000] {processor.py:842} WARNING - No viable dags retrieved from /opt/airflow/dags/dbt.py
[2026-03-16T02:09:19.368+0000] {processor.py:183} INFO - Processing /opt/airflow/dags/dbt.py took 0.046 seconds
[2026-03-16T02:09:49.800+0000] {processor.py:161} INFO - Started process (PID=5034) to work on /opt/airflow/dags/dbt.py
[2026-03-16T02:09:49.801+0000] {processor.py:830} INFO - Processing file /opt/airflow/dags/dbt.py for tasks to queue
[2026-03-16T02:09:49.807+0000] {logging_mixin.py:188} INFO - [2026-03-16T02:09:49.807+0000] {dagbag.py:545} INFO - Filling up the DagBag from /opt/airflow/dags/dbt.py
[2026-03-16T02:09:49.819+0000] {logging_mixin.py:188} INFO - [2026-03-16T02:09:49.814+0000] {dagbag.py:355} ERROR - Failed to import: /opt/airflow/dags/dbt.py
Traceback (most recent call last):
  File "/home/airflow/.local/lib/python3.12/site-packages/airflow/models/dagbag.py", line 351, in parse
    loader.exec_module(new_module)
  File "<frozen importlib._bootstrap_external>", line 995, in exec_module
  File "<frozen importlib._bootstrap>", line 488, in _call_with_frames_removed
  File "/opt/airflow/dags/dbt.py", line 2, in <module>
    from airflow.providers.standard.operators.bash import BashOperator
ModuleNotFoundError: No module named 'airflow.providers.standard'
[2026-03-16T02:09:49.823+0000] {processor.py:842} WARNING - No viable dags retrieved from /opt/airflow/dags/dbt.py
[2026-03-16T02:09:49.849+0000] {processor.py:183} INFO - Processing /opt/airflow/dags/dbt.py took 0.072 seconds
[2026-03-16T02:10:20.256+0000] {processor.py:161} INFO - Started process (PID=5036) to work on /opt/airflow/dags/dbt.py
[2026-03-16T02:10:20.258+0000] {processor.py:830} INFO - Processing file /opt/airflow/dags/dbt.py for tasks to queue
[2026-03-16T02:10:20.262+0000] {logging_mixin.py:188} INFO - [2026-03-16T02:10:20.262+0000] {dagbag.py:545} INFO - Filling up the DagBag from /opt/airflow/dags/dbt.py
[2026-03-16T02:10:20.272+0000] {logging_mixin.py:188} INFO - [2026-03-16T02:10:20.269+0000] {dagbag.py:355} ERROR - Failed to import: /opt/airflow/dags/dbt.py
Traceback (most recent call last):
  File "/home/airflow/.local/lib/python3.12/site-packages/airflow/models/dagbag.py", line 351, in parse
    loader.exec_module(new_module)
  File "<frozen importlib._bootstrap_external>", line 995, in exec_module
  File "<frozen importlib._bootstrap>", line 488, in _call_with_frames_removed
  File "/opt/airflow/dags/dbt.py", line 2, in <module>
    from airflow.providers.standard.operators.bash import BashOperator
ModuleNotFoundError: No module named 'airflow.providers.standard'
[2026-03-16T02:10:20.273+0000] {processor.py:842} WARNING - No viable dags retrieved from /opt/airflow/dags/dbt.py
[2026-03-16T02:10:20.302+0000] {processor.py:183} INFO - Processing /opt/airflow/dags/dbt.py took 0.060 seconds
[2026-03-16T02:10:50.730+0000] {processor.py:161} INFO - Started process (PID=5038) to work on /opt/airflow/dags/dbt.py
[2026-03-16T02:10:50.733+0000] {processor.py:830} INFO - Processing file /opt/airflow/dags/dbt.py for tasks to queue
[2026-03-16T02:10:50.739+0000] {logging_mixin.py:188} INFO - [2026-03-16T02:10:50.738+0000] {dagbag.py:545} INFO - Filling up the DagBag from /opt/airflow/dags/dbt.py
[2026-03-16T02:10:50.751+0000] {logging_mixin.py:188} INFO - [2026-03-16T02:10:50.748+0000] {dagbag.py:355} ERROR - Failed to import: /opt/airflow/dags/dbt.py
Traceback (most recent call last):
  File "/home/airflow/.local/lib/python3.12/site-packages/airflow/models/dagbag.py", line 351, in parse
    loader.exec_module(new_module)
  File "<frozen importlib._bootstrap_external>", line 995, in exec_module
  File "<frozen importlib._bootstrap>", line 488, in _call_with_frames_removed
  File "/opt/airflow/dags/dbt.py", line 2, in <module>
    from airflow.providers.standard.operators.bash import BashOperator
ModuleNotFoundError: No module named 'airflow.providers.standard'
[2026-03-16T02:10:50.752+0000] {processor.py:842} WARNING - No viable dags retrieved from /opt/airflow/dags/dbt.py
[2026-03-16T02:10:50.780+0000] {processor.py:183} INFO - Processing /opt/airflow/dags/dbt.py took 0.074 seconds
[2026-03-16T02:11:21.140+0000] {processor.py:161} INFO - Started process (PID=5040) to work on /opt/airflow/dags/dbt.py
[2026-03-16T02:11:21.141+0000] {processor.py:830} INFO - Processing file /opt/airflow/dags/dbt.py for tasks to queue
[2026-03-16T02:11:21.143+0000] {logging_mixin.py:188} INFO - [2026-03-16T02:11:21.143+0000] {dagbag.py:545} INFO - Filling up the DagBag from /opt/airflow/dags/dbt.py
[2026-03-16T02:11:21.147+0000] {logging_mixin.py:188} INFO - [2026-03-16T02:11:21.146+0000] {dagbag.py:355} ERROR - Failed to import: /opt/airflow/dags/dbt.py
Traceback (most recent call last):
  File "/home/airflow/.local/lib/python3.12/site-packages/airflow/models/dagbag.py", line 351, in parse
    loader.exec_module(new_module)
  File "<frozen importlib._bootstrap_external>", line 995, in exec_module
  File "<frozen importlib._bootstrap>", line 488, in _call_with_frames_removed
  File "/opt/airflow/dags/dbt.py", line 2, in <module>
    from airflow.providers.standard.operators.bash import BashOperator
ModuleNotFoundError: No module named 'airflow.providers.standard'
[2026-03-16T02:11:21.149+0000] {processor.py:842} WARNING - No viable dags retrieved from /opt/airflow/dags/dbt.py
[2026-03-16T02:11:21.173+0000] {processor.py:183} INFO - Processing /opt/airflow/dags/dbt.py took 0.041 seconds
[2026-03-16T02:11:51.534+0000] {processor.py:161} INFO - Started process (PID=5042) to work on /opt/airflow/dags/dbt.py
[2026-03-16T02:11:51.535+0000] {processor.py:830} INFO - Processing file /opt/airflow/dags/dbt.py for tasks to queue
[2026-03-16T02:11:51.544+0000] {logging_mixin.py:188} INFO - [2026-03-16T02:11:51.543+0000] {dagbag.py:545} INFO - Filling up the DagBag from /opt/airflow/dags/dbt.py
[2026-03-16T02:11:51.556+0000] {logging_mixin.py:188} INFO - [2026-03-16T02:11:51.552+0000] {dagbag.py:355} ERROR - Failed to import: /opt/airflow/dags/dbt.py
Traceback (most recent call last):
  File "/home/airflow/.local/lib/python3.12/site-packages/airflow/models/dagbag.py", line 351, in parse
    loader.exec_module(new_module)
  File "<frozen importlib._bootstrap_external>", line 995, in exec_module
  File "<frozen importlib._bootstrap>", line 488, in _call_with_frames_removed
  File "/opt/airflow/dags/dbt.py", line 2, in <module>
    from airflow.providers.standard.operators.bash import BashOperator
ModuleNotFoundError: No module named 'airflow.providers.standard'
[2026-03-16T02:11:51.556+0000] {processor.py:842} WARNING - No viable dags retrieved from /opt/airflow/dags/dbt.py
[2026-03-16T02:11:51.586+0000] {processor.py:183} INFO - Processing /opt/airflow/dags/dbt.py took 0.077 seconds
[2026-03-16T02:12:22.074+0000] {processor.py:161} INFO - Started process (PID=5044) to work on /opt/airflow/dags/dbt.py
[2026-03-16T02:12:22.076+0000] {processor.py:830} INFO - Processing file /opt/airflow/dags/dbt.py for tasks to queue
[2026-03-16T02:12:22.084+0000] {logging_mixin.py:188} INFO - [2026-03-16T02:12:22.084+0000] {dagbag.py:545} INFO - Filling up the DagBag from /opt/airflow/dags/dbt.py
[2026-03-16T02:12:22.097+0000] {logging_mixin.py:188} INFO - [2026-03-16T02:12:22.093+0000] {dagbag.py:355} ERROR - Failed to import: /opt/airflow/dags/dbt.py
Traceback (most recent call last):
  File "/home/airflow/.local/lib/python3.12/site-packages/airflow/models/dagbag.py", line 351, in parse
    loader.exec_module(new_module)
  File "<frozen importlib._bootstrap_external>", line 995, in exec_module
  File "<frozen importlib._bootstrap>", line 488, in _call_with_frames_removed
  File "/opt/airflow/dags/dbt.py", line 2, in <module>
    from airflow.providers.standard.operators.bash import BashOperator
ModuleNotFoundError: No module named 'airflow.providers.standard'
[2026-03-16T02:12:22.098+0000] {processor.py:842} WARNING - No viable dags retrieved from /opt/airflow/dags/dbt.py
[2026-03-16T02:12:22.142+0000] {processor.py:183} INFO - Processing /opt/airflow/dags/dbt.py took 0.084 seconds
[2026-03-16T02:12:52.691+0000] {processor.py:161} INFO - Started process (PID=5046) to work on /opt/airflow/dags/dbt.py
[2026-03-16T02:12:52.693+0000] {processor.py:830} INFO - Processing file /opt/airflow/dags/dbt.py for tasks to queue
[2026-03-16T02:12:52.698+0000] {logging_mixin.py:188} INFO - [2026-03-16T02:12:52.697+0000] {dagbag.py:545} INFO - Filling up the DagBag from /opt/airflow/dags/dbt.py
[2026-03-16T02:12:52.708+0000] {logging_mixin.py:188} INFO - [2026-03-16T02:12:52.704+0000] {dagbag.py:355} ERROR - Failed to import: /opt/airflow/dags/dbt.py
Traceback (most recent call last):
  File "/home/airflow/.local/lib/python3.12/site-packages/airflow/models/dagbag.py", line 351, in parse
    loader.exec_module(new_module)
  File "<frozen importlib._bootstrap_external>", line 995, in exec_module
  File "<frozen importlib._bootstrap>", line 488, in _call_with_frames_removed
  File "/opt/airflow/dags/dbt.py", line 2, in <module>
    from airflow.providers.standard.operators.bash import BashOperator
ModuleNotFoundError: No module named 'airflow.providers.standard'
[2026-03-16T02:12:52.708+0000] {processor.py:842} WARNING - No viable dags retrieved from /opt/airflow/dags/dbt.py
[2026-03-16T02:12:52.743+0000] {processor.py:183} INFO - Processing /opt/airflow/dags/dbt.py took 0.072 seconds
[2026-03-16T02:13:23.138+0000] {processor.py:161} INFO - Started process (PID=5048) to work on /opt/airflow/dags/dbt.py
[2026-03-16T02:13:23.140+0000] {processor.py:830} INFO - Processing file /opt/airflow/dags/dbt.py for tasks to queue
[2026-03-16T02:13:23.143+0000] {logging_mixin.py:188} INFO - [2026-03-16T02:13:23.143+0000] {dagbag.py:545} INFO - Filling up the DagBag from /opt/airflow/dags/dbt.py
[2026-03-16T02:13:23.151+0000] {logging_mixin.py:188} INFO - [2026-03-16T02:13:23.148+0000] {dagbag.py:355} ERROR - Failed to import: /opt/airflow/dags/dbt.py
Traceback (most recent call last):
  File "/home/airflow/.local/lib/python3.12/site-packages/airflow/models/dagbag.py", line 351, in parse
    loader.exec_module(new_module)
  File "<frozen importlib._bootstrap_external>", line 995, in exec_module
  File "<frozen importlib._bootstrap>", line 488, in _call_with_frames_removed
  File "/opt/airflow/dags/dbt.py", line 2, in <module>
    from airflow.providers.standard.operators.bash import BashOperator
ModuleNotFoundError: No module named 'airflow.providers.standard'
[2026-03-16T02:13:23.152+0000] {processor.py:842} WARNING - No viable dags retrieved from /opt/airflow/dags/dbt.py
[2026-03-16T02:13:23.179+0000] {processor.py:183} INFO - Processing /opt/airflow/dags/dbt.py took 0.059 seconds
[2026-03-16T02:13:53.577+0000] {processor.py:161} INFO - Started process (PID=5050) to work on /opt/airflow/dags/dbt.py
[2026-03-16T02:13:53.582+0000] {processor.py:830} INFO - Processing file /opt/airflow/dags/dbt.py for tasks to queue
[2026-03-16T02:13:53.589+0000] {logging_mixin.py:188} INFO - [2026-03-16T02:13:53.588+0000] {dagbag.py:545} INFO - Filling up the DagBag from /opt/airflow/dags/dbt.py
[2026-03-16T02:13:53.600+0000] {logging_mixin.py:188} INFO - [2026-03-16T02:13:53.598+0000] {dagbag.py:355} ERROR - Failed to import: /opt/airflow/dags/dbt.py
Traceback (most recent call last):
  File "/home/airflow/.local/lib/python3.12/site-packages/airflow/models/dagbag.py", line 351, in parse
    loader.exec_module(new_module)
  File "<frozen importlib._bootstrap_external>", line 995, in exec_module
  File "<frozen importlib._bootstrap>", line 488, in _call_with_frames_removed
  File "/opt/airflow/dags/dbt.py", line 2, in <module>
    from airflow.providers.standard.operators.bash import BashOperator
ModuleNotFoundError: No module named 'airflow.providers.standard'
[2026-03-16T02:13:53.601+0000] {processor.py:842} WARNING - No viable dags retrieved from /opt/airflow/dags/dbt.py
[2026-03-16T02:13:53.631+0000] {processor.py:183} INFO - Processing /opt/airflow/dags/dbt.py took 0.074 seconds
[2026-03-16T02:14:24.047+0000] {processor.py:161} INFO - Started process (PID=5052) to work on /opt/airflow/dags/dbt.py
[2026-03-16T02:14:24.051+0000] {processor.py:830} INFO - Processing file /opt/airflow/dags/dbt.py for tasks to queue
[2026-03-16T02:14:24.054+0000] {logging_mixin.py:188} INFO - [2026-03-16T02:14:24.054+0000] {dagbag.py:545} INFO - Filling up the DagBag from /opt/airflow/dags/dbt.py
[2026-03-16T02:14:24.069+0000] {logging_mixin.py:188} INFO - [2026-03-16T02:14:24.063+0000] {dagbag.py:355} ERROR - Failed to import: /opt/airflow/dags/dbt.py
Traceback (most recent call last):
  File "/home/airflow/.local/lib/python3.12/site-packages/airflow/models/dagbag.py", line 351, in parse
    loader.exec_module(new_module)
  File "<frozen importlib._bootstrap_external>", line 995, in exec_module
  File "<frozen importlib._bootstrap>", line 488, in _call_with_frames_removed
  File "/opt/airflow/dags/dbt.py", line 2, in <module>
    from airflow.providers.standard.operators.bash import BashOperator
ModuleNotFoundError: No module named 'airflow.providers.standard'
[2026-03-16T02:14:24.069+0000] {processor.py:842} WARNING - No viable dags retrieved from /opt/airflow/dags/dbt.py
[2026-03-16T02:14:24.101+0000] {processor.py:183} INFO - Processing /opt/airflow/dags/dbt.py took 0.073 seconds
[2026-03-16T02:14:54.545+0000] {processor.py:161} INFO - Started process (PID=5054) to work on /opt/airflow/dags/dbt.py
[2026-03-16T02:14:54.547+0000] {processor.py:830} INFO - Processing file /opt/airflow/dags/dbt.py for tasks to queue
[2026-03-16T02:14:54.556+0000] {logging_mixin.py:188} INFO - [2026-03-16T02:14:54.556+0000] {dagbag.py:545} INFO - Filling up the DagBag from /opt/airflow/dags/dbt.py
[2026-03-16T02:14:54.565+0000] {logging_mixin.py:188} INFO - [2026-03-16T02:14:54.562+0000] {dagbag.py:355} ERROR - Failed to import: /opt/airflow/dags/dbt.py
Traceback (most recent call last):
  File "/home/airflow/.local/lib/python3.12/site-packages/airflow/models/dagbag.py", line 351, in parse
    loader.exec_module(new_module)
  File "<frozen importlib._bootstrap_external>", line 995, in exec_module
  File "<frozen importlib._bootstrap>", line 488, in _call_with_frames_removed
  File "/opt/airflow/dags/dbt.py", line 2, in <module>
    from airflow.providers.standard.operators.bash import BashOperator
ModuleNotFoundError: No module named 'airflow.providers.standard'
[2026-03-16T02:14:54.566+0000] {processor.py:842} WARNING - No viable dags retrieved from /opt/airflow/dags/dbt.py
[2026-03-16T02:14:54.607+0000] {processor.py:183} INFO - Processing /opt/airflow/dags/dbt.py took 0.083 seconds
[2026-03-16T02:15:25.037+0000] {processor.py:161} INFO - Started process (PID=5056) to work on /opt/airflow/dags/dbt.py
[2026-03-16T02:15:25.039+0000] {processor.py:830} INFO - Processing file /opt/airflow/dags/dbt.py for tasks to queue
[2026-03-16T02:15:25.047+0000] {logging_mixin.py:188} INFO - [2026-03-16T02:15:25.043+0000] {dagbag.py:545} INFO - Filling up the DagBag from /opt/airflow/dags/dbt.py
[2026-03-16T02:15:25.053+0000] {logging_mixin.py:188} INFO - [2026-03-16T02:15:25.051+0000] {dagbag.py:355} ERROR - Failed to import: /opt/airflow/dags/dbt.py
Traceback (most recent call last):
  File "/home/airflow/.local/lib/python3.12/site-packages/airflow/models/dagbag.py", line 351, in parse
    loader.exec_module(new_module)
  File "<frozen importlib._bootstrap_external>", line 995, in exec_module
  File "<frozen importlib._bootstrap>", line 488, in _call_with_frames_removed
  File "/opt/airflow/dags/dbt.py", line 2, in <module>
    from airflow.providers.standard.operators.bash import BashOperator
ModuleNotFoundError: No module named 'airflow.providers.standard'
[2026-03-16T02:15:25.054+0000] {processor.py:842} WARNING - No viable dags retrieved from /opt/airflow/dags/dbt.py
[2026-03-16T02:15:25.098+0000] {processor.py:183} INFO - Processing /opt/airflow/dags/dbt.py took 0.090 seconds
[2026-03-16T02:15:55.522+0000] {processor.py:161} INFO - Started process (PID=5058) to work on /opt/airflow/dags/dbt.py
[2026-03-16T02:15:55.524+0000] {processor.py:830} INFO - Processing file /opt/airflow/dags/dbt.py for tasks to queue
[2026-03-16T02:15:55.532+0000] {logging_mixin.py:188} INFO - [2026-03-16T02:15:55.532+0000] {dagbag.py:545} INFO - Filling up the DagBag from /opt/airflow/dags/dbt.py
[2026-03-16T02:15:55.542+0000] {logging_mixin.py:188} INFO - [2026-03-16T02:15:55.537+0000] {dagbag.py:355} ERROR - Failed to import: /opt/airflow/dags/dbt.py
Traceback (most recent call last):
  File "/home/airflow/.local/lib/python3.12/site-packages/airflow/models/dagbag.py", line 351, in parse
    loader.exec_module(new_module)
  File "<frozen importlib._bootstrap_external>", line 995, in exec_module
  File "<frozen importlib._bootstrap>", line 488, in _call_with_frames_removed
  File "/opt/airflow/dags/dbt.py", line 2, in <module>
    from airflow.providers.standard.operators.bash import BashOperator
ModuleNotFoundError: No module named 'airflow.providers.standard'
[2026-03-16T02:15:55.542+0000] {processor.py:842} WARNING - No viable dags retrieved from /opt/airflow/dags/dbt.py
[2026-03-16T02:15:55.578+0000] {processor.py:183} INFO - Processing /opt/airflow/dags/dbt.py took 0.076 seconds
[2026-03-16T02:16:25.988+0000] {processor.py:161} INFO - Started process (PID=5060) to work on /opt/airflow/dags/dbt.py
[2026-03-16T02:16:25.990+0000] {processor.py:830} INFO - Processing file /opt/airflow/dags/dbt.py for tasks to queue
[2026-03-16T02:16:25.999+0000] {logging_mixin.py:188} INFO - [2026-03-16T02:16:25.998+0000] {dagbag.py:545} INFO - Filling up the DagBag from /opt/airflow/dags/dbt.py
[2026-03-16T02:16:26.005+0000] {logging_mixin.py:188} INFO - [2026-03-16T02:16:26.004+0000] {dagbag.py:355} ERROR - Failed to import: /opt/airflow/dags/dbt.py
Traceback (most recent call last):
  File "/home/airflow/.local/lib/python3.12/site-packages/airflow/models/dagbag.py", line 351, in parse
    loader.exec_module(new_module)
  File "<frozen importlib._bootstrap_external>", line 995, in exec_module
  File "<frozen importlib._bootstrap>", line 488, in _call_with_frames_removed
  File "/opt/airflow/dags/dbt.py", line 2, in <module>
    from airflow.providers.standard.operators.bash import BashOperator
ModuleNotFoundError: No module named 'airflow.providers.standard'
[2026-03-16T02:16:26.006+0000] {processor.py:842} WARNING - No viable dags retrieved from /opt/airflow/dags/dbt.py
[2026-03-16T02:16:26.045+0000] {processor.py:183} INFO - Processing /opt/airflow/dags/dbt.py took 0.073 seconds
[2026-03-16T02:16:56.504+0000] {processor.py:161} INFO - Started process (PID=5062) to work on /opt/airflow/dags/dbt.py
[2026-03-16T02:16:56.505+0000] {processor.py:830} INFO - Processing file /opt/airflow/dags/dbt.py for tasks to queue
[2026-03-16T02:16:56.514+0000] {logging_mixin.py:188} INFO - [2026-03-16T02:16:56.513+0000] {dagbag.py:545} INFO - Filling up the DagBag from /opt/airflow/dags/dbt.py
[2026-03-16T02:16:56.524+0000] {logging_mixin.py:188} INFO - [2026-03-16T02:16:56.519+0000] {dagbag.py:355} ERROR - Failed to import: /opt/airflow/dags/dbt.py
Traceback (most recent call last):
  File "/home/airflow/.local/lib/python3.12/site-packages/airflow/models/dagbag.py", line 351, in parse
    loader.exec_module(new_module)
  File "<frozen importlib._bootstrap_external>", line 995, in exec_module
  File "<frozen importlib._bootstrap>", line 488, in _call_with_frames_removed
  File "/opt/airflow/dags/dbt.py", line 2, in <module>
    from airflow.providers.standard.operators.bash import BashOperator
ModuleNotFoundError: No module named 'airflow.providers.standard'
[2026-03-16T02:16:56.525+0000] {processor.py:842} WARNING - No viable dags retrieved from /opt/airflow/dags/dbt.py
[2026-03-16T02:16:56.553+0000] {processor.py:183} INFO - Processing /opt/airflow/dags/dbt.py took 0.070 seconds
[2026-03-16T02:17:26.907+0000] {processor.py:161} INFO - Started process (PID=5064) to work on /opt/airflow/dags/dbt.py
[2026-03-16T02:17:26.909+0000] {processor.py:830} INFO - Processing file /opt/airflow/dags/dbt.py for tasks to queue
[2026-03-16T02:17:26.914+0000] {logging_mixin.py:188} INFO - [2026-03-16T02:17:26.913+0000] {dagbag.py:545} INFO - Filling up the DagBag from /opt/airflow/dags/dbt.py
[2026-03-16T02:17:26.924+0000] {logging_mixin.py:188} INFO - [2026-03-16T02:17:26.920+0000] {dagbag.py:355} ERROR - Failed to import: /opt/airflow/dags/dbt.py
Traceback (most recent call last):
  File "/home/airflow/.local/lib/python3.12/site-packages/airflow/models/dagbag.py", line 351, in parse
    loader.exec_module(new_module)
  File "<frozen importlib._bootstrap_external>", line 995, in exec_module
  File "<frozen importlib._bootstrap>", line 488, in _call_with_frames_removed
  File "/opt/airflow/dags/dbt.py", line 2, in <module>
    from airflow.providers.standard.operators.bash import BashOperator
ModuleNotFoundError: No module named 'airflow.providers.standard'
[2026-03-16T02:17:26.924+0000] {processor.py:842} WARNING - No viable dags retrieved from /opt/airflow/dags/dbt.py
[2026-03-16T02:17:26.970+0000] {processor.py:183} INFO - Processing /opt/airflow/dags/dbt.py took 0.076 seconds
[2026-03-16T02:17:57.397+0000] {processor.py:161} INFO - Started process (PID=5066) to work on /opt/airflow/dags/dbt.py
[2026-03-16T02:17:57.399+0000] {processor.py:830} INFO - Processing file /opt/airflow/dags/dbt.py for tasks to queue
[2026-03-16T02:17:57.404+0000] {logging_mixin.py:188} INFO - [2026-03-16T02:17:57.403+0000] {dagbag.py:545} INFO - Filling up the DagBag from /opt/airflow/dags/dbt.py
[2026-03-16T02:17:57.412+0000] {logging_mixin.py:188} INFO - [2026-03-16T02:17:57.410+0000] {dagbag.py:355} ERROR - Failed to import: /opt/airflow/dags/dbt.py
Traceback (most recent call last):
  File "/home/airflow/.local/lib/python3.12/site-packages/airflow/models/dagbag.py", line 351, in parse
    loader.exec_module(new_module)
  File "<frozen importlib._bootstrap_external>", line 995, in exec_module
  File "<frozen importlib._bootstrap>", line 488, in _call_with_frames_removed
  File "/opt/airflow/dags/dbt.py", line 2, in <module>
    from airflow.providers.standard.operators.bash import BashOperator
ModuleNotFoundError: No module named 'airflow.providers.standard'
[2026-03-16T02:17:57.413+0000] {processor.py:842} WARNING - No viable dags retrieved from /opt/airflow/dags/dbt.py
[2026-03-16T02:17:57.440+0000] {processor.py:183} INFO - Processing /opt/airflow/dags/dbt.py took 0.058 seconds
[2026-03-16T02:18:27.822+0000] {processor.py:161} INFO - Started process (PID=5068) to work on /opt/airflow/dags/dbt.py
[2026-03-16T02:18:27.826+0000] {processor.py:830} INFO - Processing file /opt/airflow/dags/dbt.py for tasks to queue
[2026-03-16T02:18:27.830+0000] {logging_mixin.py:188} INFO - [2026-03-16T02:18:27.830+0000] {dagbag.py:545} INFO - Filling up the DagBag from /opt/airflow/dags/dbt.py
[2026-03-16T02:18:27.842+0000] {logging_mixin.py:188} INFO - [2026-03-16T02:18:27.839+0000] {dagbag.py:355} ERROR - Failed to import: /opt/airflow/dags/dbt.py
Traceback (most recent call last):
  File "/home/airflow/.local/lib/python3.12/site-packages/airflow/models/dagbag.py", line 351, in parse
    loader.exec_module(new_module)
  File "<frozen importlib._bootstrap_external>", line 995, in exec_module
  File "<frozen importlib._bootstrap>", line 488, in _call_with_frames_removed
  File "/opt/airflow/dags/dbt.py", line 2, in <module>
    from airflow.providers.standard.operators.bash import BashOperator
ModuleNotFoundError: No module named 'airflow.providers.standard'
[2026-03-16T02:18:27.842+0000] {processor.py:842} WARNING - No viable dags retrieved from /opt/airflow/dags/dbt.py
[2026-03-16T02:18:27.881+0000] {processor.py:183} INFO - Processing /opt/airflow/dags/dbt.py took 0.077 seconds
[2026-03-16T02:18:58.243+0000] {processor.py:161} INFO - Started process (PID=5070) to work on /opt/airflow/dags/dbt.py
[2026-03-16T02:18:58.244+0000] {processor.py:830} INFO - Processing file /opt/airflow/dags/dbt.py for tasks to queue
[2026-03-16T02:18:58.246+0000] {logging_mixin.py:188} INFO - [2026-03-16T02:18:58.246+0000] {dagbag.py:545} INFO - Filling up the DagBag from /opt/airflow/dags/dbt.py
[2026-03-16T02:18:58.251+0000] {logging_mixin.py:188} INFO - [2026-03-16T02:18:58.249+0000] {dagbag.py:355} ERROR - Failed to import: /opt/airflow/dags/dbt.py
Traceback (most recent call last):
  File "/home/airflow/.local/lib/python3.12/site-packages/airflow/models/dagbag.py", line 351, in parse
    loader.exec_module(new_module)
  File "<frozen importlib._bootstrap_external>", line 995, in exec_module
  File "<frozen importlib._bootstrap>", line 488, in _call_with_frames_removed
  File "/opt/airflow/dags/dbt.py", line 2, in <module>
    from airflow.providers.standard.operators.bash import BashOperator
ModuleNotFoundError: No module named 'airflow.providers.standard'
[2026-03-16T02:18:58.252+0000] {processor.py:842} WARNING - No viable dags retrieved from /opt/airflow/dags/dbt.py
[2026-03-16T02:18:58.273+0000] {processor.py:183} INFO - Processing /opt/airflow/dags/dbt.py took 0.038 seconds
[2026-03-16T02:19:28.672+0000] {processor.py:161} INFO - Started process (PID=5072) to work on /opt/airflow/dags/dbt.py
[2026-03-16T02:19:28.674+0000] {processor.py:830} INFO - Processing file /opt/airflow/dags/dbt.py for tasks to queue
[2026-03-16T02:19:28.686+0000] {logging_mixin.py:188} INFO - [2026-03-16T02:19:28.685+0000] {dagbag.py:545} INFO - Filling up the DagBag from /opt/airflow/dags/dbt.py
[2026-03-16T02:19:28.695+0000] {logging_mixin.py:188} INFO - [2026-03-16T02:19:28.694+0000] {dagbag.py:355} ERROR - Failed to import: /opt/airflow/dags/dbt.py
Traceback (most recent call last):
  File "/home/airflow/.local/lib/python3.12/site-packages/airflow/models/dagbag.py", line 351, in parse
    loader.exec_module(new_module)
  File "<frozen importlib._bootstrap_external>", line 995, in exec_module
  File "<frozen importlib._bootstrap>", line 488, in _call_with_frames_removed
  File "/opt/airflow/dags/dbt.py", line 2, in <module>
    from airflow.providers.standard.operators.bash import BashOperator
ModuleNotFoundError: No module named 'airflow.providers.standard'
[2026-03-16T02:19:28.696+0000] {processor.py:842} WARNING - No viable dags retrieved from /opt/airflow/dags/dbt.py
[2026-03-16T02:19:28.735+0000] {processor.py:183} INFO - Processing /opt/airflow/dags/dbt.py took 0.088 seconds
[2026-03-16T02:19:59.172+0000] {processor.py:161} INFO - Started process (PID=5074) to work on /opt/airflow/dags/dbt.py
[2026-03-16T02:19:59.173+0000] {processor.py:830} INFO - Processing file /opt/airflow/dags/dbt.py for tasks to queue
[2026-03-16T02:19:59.179+0000] {logging_mixin.py:188} INFO - [2026-03-16T02:19:59.178+0000] {dagbag.py:545} INFO - Filling up the DagBag from /opt/airflow/dags/dbt.py
[2026-03-16T02:19:59.189+0000] {logging_mixin.py:188} INFO - [2026-03-16T02:19:59.187+0000] {dagbag.py:355} ERROR - Failed to import: /opt/airflow/dags/dbt.py
Traceback (most recent call last):
  File "/home/airflow/.local/lib/python3.12/site-packages/airflow/models/dagbag.py", line 351, in parse
    loader.exec_module(new_module)
  File "<frozen importlib._bootstrap_external>", line 995, in exec_module
  File "<frozen importlib._bootstrap>", line 488, in _call_with_frames_removed
  File "/opt/airflow/dags/dbt.py", line 2, in <module>
    from airflow.providers.standard.operators.bash import BashOperator
ModuleNotFoundError: No module named 'airflow.providers.standard'
[2026-03-16T02:19:59.190+0000] {processor.py:842} WARNING - No viable dags retrieved from /opt/airflow/dags/dbt.py
[2026-03-16T02:19:59.213+0000] {processor.py:183} INFO - Processing /opt/airflow/dags/dbt.py took 0.053 seconds
[2026-03-16T02:20:29.619+0000] {processor.py:161} INFO - Started process (PID=5076) to work on /opt/airflow/dags/dbt.py
[2026-03-16T02:20:29.620+0000] {processor.py:830} INFO - Processing file /opt/airflow/dags/dbt.py for tasks to queue
[2026-03-16T02:20:29.623+0000] {logging_mixin.py:188} INFO - [2026-03-16T02:20:29.622+0000] {dagbag.py:545} INFO - Filling up the DagBag from /opt/airflow/dags/dbt.py
[2026-03-16T02:20:29.627+0000] {logging_mixin.py:188} INFO - [2026-03-16T02:20:29.626+0000] {dagbag.py:355} ERROR - Failed to import: /opt/airflow/dags/dbt.py
Traceback (most recent call last):
  File "/home/airflow/.local/lib/python3.12/site-packages/airflow/models/dagbag.py", line 351, in parse
    loader.exec_module(new_module)
  File "<frozen importlib._bootstrap_external>", line 995, in exec_module
  File "<frozen importlib._bootstrap>", line 488, in _call_with_frames_removed
  File "/opt/airflow/dags/dbt.py", line 2, in <module>
    from airflow.providers.standard.operators.bash import BashOperator
ModuleNotFoundError: No module named 'airflow.providers.standard'
[2026-03-16T02:20:29.629+0000] {processor.py:842} WARNING - No viable dags retrieved from /opt/airflow/dags/dbt.py
[2026-03-16T02:20:29.652+0000] {processor.py:183} INFO - Processing /opt/airflow/dags/dbt.py took 0.043 seconds
[2026-03-16T02:20:59.976+0000] {processor.py:161} INFO - Started process (PID=5078) to work on /opt/airflow/dags/dbt.py
[2026-03-16T02:20:59.979+0000] {processor.py:830} INFO - Processing file /opt/airflow/dags/dbt.py for tasks to queue
[2026-03-16T02:20:59.983+0000] {logging_mixin.py:188} INFO - [2026-03-16T02:20:59.983+0000] {dagbag.py:545} INFO - Filling up the DagBag from /opt/airflow/dags/dbt.py
[2026-03-16T02:20:59.993+0000] {logging_mixin.py:188} INFO - [2026-03-16T02:20:59.990+0000] {dagbag.py:355} ERROR - Failed to import: /opt/airflow/dags/dbt.py
Traceback (most recent call last):
  File "/home/airflow/.local/lib/python3.12/site-packages/airflow/models/dagbag.py", line 351, in parse
    loader.exec_module(new_module)
  File "<frozen importlib._bootstrap_external>", line 995, in exec_module
  File "<frozen importlib._bootstrap>", line 488, in _call_with_frames_removed
  File "/opt/airflow/dags/dbt.py", line 2, in <module>
    from airflow.providers.standard.operators.bash import BashOperator
ModuleNotFoundError: No module named 'airflow.providers.standard'
[2026-03-16T02:20:59.995+0000] {processor.py:842} WARNING - No viable dags retrieved from /opt/airflow/dags/dbt.py
[2026-03-16T02:21:00.035+0000] {processor.py:183} INFO - Processing /opt/airflow/dags/dbt.py took 0.080 seconds
[2026-03-16T02:21:30.489+0000] {processor.py:161} INFO - Started process (PID=5080) to work on /opt/airflow/dags/dbt.py
[2026-03-16T02:21:30.490+0000] {processor.py:830} INFO - Processing file /opt/airflow/dags/dbt.py for tasks to queue
[2026-03-16T02:21:30.498+0000] {logging_mixin.py:188} INFO - [2026-03-16T02:21:30.497+0000] {dagbag.py:545} INFO - Filling up the DagBag from /opt/airflow/dags/dbt.py
[2026-03-16T02:21:30.504+0000] {logging_mixin.py:188} INFO - [2026-03-16T02:21:30.502+0000] {dagbag.py:355} ERROR - Failed to import: /opt/airflow/dags/dbt.py
Traceback (most recent call last):
  File "/home/airflow/.local/lib/python3.12/site-packages/airflow/models/dagbag.py", line 351, in parse
    loader.exec_module(new_module)
  File "<frozen importlib._bootstrap_external>", line 995, in exec_module
  File "<frozen importlib._bootstrap>", line 488, in _call_with_frames_removed
  File "/opt/airflow/dags/dbt.py", line 2, in <module>
    from airflow.providers.standard.operators.bash import BashOperator
ModuleNotFoundError: No module named 'airflow.providers.standard'
[2026-03-16T02:21:30.505+0000] {processor.py:842} WARNING - No viable dags retrieved from /opt/airflow/dags/dbt.py
[2026-03-16T02:21:30.548+0000] {processor.py:183} INFO - Processing /opt/airflow/dags/dbt.py took 0.085 seconds
[2026-03-16T02:22:00.864+0000] {processor.py:161} INFO - Started process (PID=5082) to work on /opt/airflow/dags/dbt.py
[2026-03-16T02:22:00.865+0000] {processor.py:830} INFO - Processing file /opt/airflow/dags/dbt.py for tasks to queue
[2026-03-16T02:22:00.867+0000] {logging_mixin.py:188} INFO - [2026-03-16T02:22:00.867+0000] {dagbag.py:545} INFO - Filling up the DagBag from /opt/airflow/dags/dbt.py
[2026-03-16T02:22:00.871+0000] {logging_mixin.py:188} INFO - [2026-03-16T02:22:00.870+0000] {dagbag.py:355} ERROR - Failed to import: /opt/airflow/dags/dbt.py
Traceback (most recent call last):
  File "/home/airflow/.local/lib/python3.12/site-packages/airflow/models/dagbag.py", line 351, in parse
    loader.exec_module(new_module)
  File "<frozen importlib._bootstrap_external>", line 995, in exec_module
  File "<frozen importlib._bootstrap>", line 488, in _call_with_frames_removed
  File "/opt/airflow/dags/dbt.py", line 2, in <module>
    from airflow.providers.standard.operators.bash import BashOperator
ModuleNotFoundError: No module named 'airflow.providers.standard'
[2026-03-16T02:22:00.872+0000] {processor.py:842} WARNING - No viable dags retrieved from /opt/airflow/dags/dbt.py
[2026-03-16T02:22:00.890+0000] {processor.py:183} INFO - Processing /opt/airflow/dags/dbt.py took 0.034 seconds
[2026-03-16T02:22:31.351+0000] {processor.py:161} INFO - Started process (PID=5084) to work on /opt/airflow/dags/dbt.py
[2026-03-16T02:22:31.352+0000] {processor.py:830} INFO - Processing file /opt/airflow/dags/dbt.py for tasks to queue
[2026-03-16T02:22:31.358+0000] {logging_mixin.py:188} INFO - [2026-03-16T02:22:31.357+0000] {dagbag.py:545} INFO - Filling up the DagBag from /opt/airflow/dags/dbt.py
[2026-03-16T02:22:31.366+0000] {logging_mixin.py:188} INFO - [2026-03-16T02:22:31.363+0000] {dagbag.py:355} ERROR - Failed to import: /opt/airflow/dags/dbt.py
Traceback (most recent call last):
  File "/home/airflow/.local/lib/python3.12/site-packages/airflow/models/dagbag.py", line 351, in parse
    loader.exec_module(new_module)
  File "<frozen importlib._bootstrap_external>", line 995, in exec_module
  File "<frozen importlib._bootstrap>", line 488, in _call_with_frames_removed
  File "/opt/airflow/dags/dbt.py", line 2, in <module>
    from airflow.providers.standard.operators.bash import BashOperator
ModuleNotFoundError: No module named 'airflow.providers.standard'
[2026-03-16T02:22:31.367+0000] {processor.py:842} WARNING - No viable dags retrieved from /opt/airflow/dags/dbt.py
[2026-03-16T02:22:31.404+0000] {processor.py:183} INFO - Processing /opt/airflow/dags/dbt.py took 0.076 seconds
[2026-03-16T02:23:01.869+0000] {processor.py:161} INFO - Started process (PID=5086) to work on /opt/airflow/dags/dbt.py
[2026-03-16T02:23:01.871+0000] {processor.py:830} INFO - Processing file /opt/airflow/dags/dbt.py for tasks to queue
[2026-03-16T02:23:01.878+0000] {logging_mixin.py:188} INFO - [2026-03-16T02:23:01.877+0000] {dagbag.py:545} INFO - Filling up the DagBag from /opt/airflow/dags/dbt.py
[2026-03-16T02:23:01.887+0000] {logging_mixin.py:188} INFO - [2026-03-16T02:23:01.885+0000] {dagbag.py:355} ERROR - Failed to import: /opt/airflow/dags/dbt.py
Traceback (most recent call last):
  File "/home/airflow/.local/lib/python3.12/site-packages/airflow/models/dagbag.py", line 351, in parse
    loader.exec_module(new_module)
  File "<frozen importlib._bootstrap_external>", line 995, in exec_module
  File "<frozen importlib._bootstrap>", line 488, in _call_with_frames_removed
  File "/opt/airflow/dags/dbt.py", line 2, in <module>
    from airflow.providers.standard.operators.bash import BashOperator
ModuleNotFoundError: No module named 'airflow.providers.standard'
[2026-03-16T02:23:01.888+0000] {processor.py:842} WARNING - No viable dags retrieved from /opt/airflow/dags/dbt.py
[2026-03-16T02:23:01.919+0000] {processor.py:183} INFO - Processing /opt/airflow/dags/dbt.py took 0.075 seconds
[2026-03-16T02:23:32.347+0000] {processor.py:161} INFO - Started process (PID=5088) to work on /opt/airflow/dags/dbt.py
[2026-03-16T02:23:32.349+0000] {processor.py:830} INFO - Processing file /opt/airflow/dags/dbt.py for tasks to queue
[2026-03-16T02:23:32.356+0000] {logging_mixin.py:188} INFO - [2026-03-16T02:23:32.355+0000] {dagbag.py:545} INFO - Filling up the DagBag from /opt/airflow/dags/dbt.py
[2026-03-16T02:23:32.365+0000] {logging_mixin.py:188} INFO - [2026-03-16T02:23:32.362+0000] {dagbag.py:355} ERROR - Failed to import: /opt/airflow/dags/dbt.py
Traceback (most recent call last):
  File "/home/airflow/.local/lib/python3.12/site-packages/airflow/models/dagbag.py", line 351, in parse
    loader.exec_module(new_module)
  File "<frozen importlib._bootstrap_external>", line 995, in exec_module
  File "<frozen importlib._bootstrap>", line 488, in _call_with_frames_removed
  File "/opt/airflow/dags/dbt.py", line 2, in <module>
    from airflow.providers.standard.operators.bash import BashOperator
ModuleNotFoundError: No module named 'airflow.providers.standard'
[2026-03-16T02:23:32.366+0000] {processor.py:842} WARNING - No viable dags retrieved from /opt/airflow/dags/dbt.py
[2026-03-16T02:23:32.415+0000] {processor.py:183} INFO - Processing /opt/airflow/dags/dbt.py took 0.092 seconds
[2026-03-16T02:24:02.844+0000] {processor.py:161} INFO - Started process (PID=5090) to work on /opt/airflow/dags/dbt.py
[2026-03-16T02:24:02.845+0000] {processor.py:830} INFO - Processing file /opt/airflow/dags/dbt.py for tasks to queue
[2026-03-16T02:24:02.849+0000] {logging_mixin.py:188} INFO - [2026-03-16T02:24:02.848+0000] {dagbag.py:545} INFO - Filling up the DagBag from /opt/airflow/dags/dbt.py
[2026-03-16T02:24:02.857+0000] {logging_mixin.py:188} INFO - [2026-03-16T02:24:02.854+0000] {dagbag.py:355} ERROR - Failed to import: /opt/airflow/dags/dbt.py
Traceback (most recent call last):
  File "/home/airflow/.local/lib/python3.12/site-packages/airflow/models/dagbag.py", line 351, in parse
    loader.exec_module(new_module)
  File "<frozen importlib._bootstrap_external>", line 995, in exec_module
  File "<frozen importlib._bootstrap>", line 488, in _call_with_frames_removed
  File "/opt/airflow/dags/dbt.py", line 2, in <module>
    from airflow.providers.standard.operators.bash import BashOperator
ModuleNotFoundError: No module named 'airflow.providers.standard'
[2026-03-16T02:24:02.858+0000] {processor.py:842} WARNING - No viable dags retrieved from /opt/airflow/dags/dbt.py
[2026-03-16T02:24:02.885+0000] {processor.py:183} INFO - Processing /opt/airflow/dags/dbt.py took 0.057 seconds
[2026-03-16T02:24:33.277+0000] {processor.py:161} INFO - Started process (PID=5092) to work on /opt/airflow/dags/dbt.py
[2026-03-16T02:24:33.279+0000] {processor.py:830} INFO - Processing file /opt/airflow/dags/dbt.py for tasks to queue
[2026-03-16T02:24:33.283+0000] {logging_mixin.py:188} INFO - [2026-03-16T02:24:33.282+0000] {dagbag.py:545} INFO - Filling up the DagBag from /opt/airflow/dags/dbt.py
[2026-03-16T02:24:33.291+0000] {logging_mixin.py:188} INFO - [2026-03-16T02:24:33.288+0000] {dagbag.py:355} ERROR - Failed to import: /opt/airflow/dags/dbt.py
Traceback (most recent call last):
  File "/home/airflow/.local/lib/python3.12/site-packages/airflow/models/dagbag.py", line 351, in parse
    loader.exec_module(new_module)
  File "<frozen importlib._bootstrap_external>", line 995, in exec_module
  File "<frozen importlib._bootstrap>", line 488, in _call_with_frames_removed
  File "/opt/airflow/dags/dbt.py", line 2, in <module>
    from airflow.providers.standard.operators.bash import BashOperator
ModuleNotFoundError: No module named 'airflow.providers.standard'
[2026-03-16T02:24:33.292+0000] {processor.py:842} WARNING - No viable dags retrieved from /opt/airflow/dags/dbt.py
[2026-03-16T02:24:33.323+0000] {processor.py:183} INFO - Processing /opt/airflow/dags/dbt.py took 0.062 seconds
[2026-03-16T02:25:03.658+0000] {processor.py:161} INFO - Started process (PID=5094) to work on /opt/airflow/dags/dbt.py
[2026-03-16T02:25:03.659+0000] {processor.py:830} INFO - Processing file /opt/airflow/dags/dbt.py for tasks to queue
[2026-03-16T02:25:03.661+0000] {logging_mixin.py:188} INFO - [2026-03-16T02:25:03.661+0000] {dagbag.py:545} INFO - Filling up the DagBag from /opt/airflow/dags/dbt.py
[2026-03-16T02:25:03.665+0000] {logging_mixin.py:188} INFO - [2026-03-16T02:25:03.664+0000] {dagbag.py:355} ERROR - Failed to import: /opt/airflow/dags/dbt.py
Traceback (most recent call last):
  File "/home/airflow/.local/lib/python3.12/site-packages/airflow/models/dagbag.py", line 351, in parse
    loader.exec_module(new_module)
  File "<frozen importlib._bootstrap_external>", line 995, in exec_module
  File "<frozen importlib._bootstrap>", line 488, in _call_with_frames_removed
  File "/opt/airflow/dags/dbt.py", line 2, in <module>
    from airflow.providers.standard.operators.bash import BashOperator
ModuleNotFoundError: No module named 'airflow.providers.standard'
[2026-03-16T02:25:03.665+0000] {processor.py:842} WARNING - No viable dags retrieved from /opt/airflow/dags/dbt.py
[2026-03-16T02:25:03.687+0000] {processor.py:183} INFO - Processing /opt/airflow/dags/dbt.py took 0.037 seconds
[2026-03-16T02:25:34.162+0000] {processor.py:161} INFO - Started process (PID=5096) to work on /opt/airflow/dags/dbt.py
[2026-03-16T02:25:34.163+0000] {processor.py:830} INFO - Processing file /opt/airflow/dags/dbt.py for tasks to queue
[2026-03-16T02:25:34.170+0000] {logging_mixin.py:188} INFO - [2026-03-16T02:25:34.169+0000] {dagbag.py:545} INFO - Filling up the DagBag from /opt/airflow/dags/dbt.py
[2026-03-16T02:25:34.180+0000] {logging_mixin.py:188} INFO - [2026-03-16T02:25:34.176+0000] {dagbag.py:355} ERROR - Failed to import: /opt/airflow/dags/dbt.py
Traceback (most recent call last):
  File "/home/airflow/.local/lib/python3.12/site-packages/airflow/models/dagbag.py", line 351, in parse
    loader.exec_module(new_module)
  File "<frozen importlib._bootstrap_external>", line 995, in exec_module
  File "<frozen importlib._bootstrap>", line 488, in _call_with_frames_removed
  File "/opt/airflow/dags/dbt.py", line 2, in <module>
    from airflow.providers.standard.operators.bash import BashOperator
ModuleNotFoundError: No module named 'airflow.providers.standard'
[2026-03-16T02:25:34.181+0000] {processor.py:842} WARNING - No viable dags retrieved from /opt/airflow/dags/dbt.py
[2026-03-16T02:25:34.219+0000] {processor.py:183} INFO - Processing /opt/airflow/dags/dbt.py took 0.087 seconds
[2026-03-16T02:26:04.618+0000] {processor.py:161} INFO - Started process (PID=5098) to work on /opt/airflow/dags/dbt.py
[2026-03-16T02:26:04.619+0000] {processor.py:830} INFO - Processing file /opt/airflow/dags/dbt.py for tasks to queue
[2026-03-16T02:26:04.624+0000] {logging_mixin.py:188} INFO - [2026-03-16T02:26:04.623+0000] {dagbag.py:545} INFO - Filling up the DagBag from /opt/airflow/dags/dbt.py
[2026-03-16T02:26:04.632+0000] {logging_mixin.py:188} INFO - [2026-03-16T02:26:04.629+0000] {dagbag.py:355} ERROR - Failed to import: /opt/airflow/dags/dbt.py
Traceback (most recent call last):
  File "/home/airflow/.local/lib/python3.12/site-packages/airflow/models/dagbag.py", line 351, in parse
    loader.exec_module(new_module)
  File "<frozen importlib._bootstrap_external>", line 995, in exec_module
  File "<frozen importlib._bootstrap>", line 488, in _call_with_frames_removed
  File "/opt/airflow/dags/dbt.py", line 2, in <module>
    from airflow.providers.standard.operators.bash import BashOperator
ModuleNotFoundError: No module named 'airflow.providers.standard'
[2026-03-16T02:26:04.633+0000] {processor.py:842} WARNING - No viable dags retrieved from /opt/airflow/dags/dbt.py
[2026-03-16T02:26:04.678+0000] {processor.py:183} INFO - Processing /opt/airflow/dags/dbt.py took 0.080 seconds
[2026-03-16T02:26:35.056+0000] {processor.py:161} INFO - Started process (PID=5100) to work on /opt/airflow/dags/dbt.py
[2026-03-16T02:26:35.057+0000] {processor.py:830} INFO - Processing file /opt/airflow/dags/dbt.py for tasks to queue
[2026-03-16T02:26:35.059+0000] {logging_mixin.py:188} INFO - [2026-03-16T02:26:35.058+0000] {dagbag.py:545} INFO - Filling up the DagBag from /opt/airflow/dags/dbt.py
[2026-03-16T02:26:35.063+0000] {logging_mixin.py:188} INFO - [2026-03-16T02:26:35.062+0000] {dagbag.py:355} ERROR - Failed to import: /opt/airflow/dags/dbt.py
Traceback (most recent call last):
  File "/home/airflow/.local/lib/python3.12/site-packages/airflow/models/dagbag.py", line 351, in parse
    loader.exec_module(new_module)
  File "<frozen importlib._bootstrap_external>", line 995, in exec_module
  File "<frozen importlib._bootstrap>", line 488, in _call_with_frames_removed
  File "/opt/airflow/dags/dbt.py", line 2, in <module>
    from airflow.providers.standard.operators.bash import BashOperator
ModuleNotFoundError: No module named 'airflow.providers.standard'
[2026-03-16T02:26:35.064+0000] {processor.py:842} WARNING - No viable dags retrieved from /opt/airflow/dags/dbt.py
[2026-03-16T02:26:35.085+0000] {processor.py:183} INFO - Processing /opt/airflow/dags/dbt.py took 0.037 seconds
[2026-03-16T02:27:05.517+0000] {processor.py:161} INFO - Started process (PID=5102) to work on /opt/airflow/dags/dbt.py
[2026-03-16T02:27:05.519+0000] {processor.py:830} INFO - Processing file /opt/airflow/dags/dbt.py for tasks to queue
[2026-03-16T02:27:05.525+0000] {logging_mixin.py:188} INFO - [2026-03-16T02:27:05.524+0000] {dagbag.py:545} INFO - Filling up the DagBag from /opt/airflow/dags/dbt.py
[2026-03-16T02:27:05.538+0000] {logging_mixin.py:188} INFO - [2026-03-16T02:27:05.534+0000] {dagbag.py:355} ERROR - Failed to import: /opt/airflow/dags/dbt.py
Traceback (most recent call last):
  File "/home/airflow/.local/lib/python3.12/site-packages/airflow/models/dagbag.py", line 351, in parse
    loader.exec_module(new_module)
  File "<frozen importlib._bootstrap_external>", line 995, in exec_module
  File "<frozen importlib._bootstrap>", line 488, in _call_with_frames_removed
  File "/opt/airflow/dags/dbt.py", line 2, in <module>
    from airflow.providers.standard.operators.bash import BashOperator
ModuleNotFoundError: No module named 'airflow.providers.standard'
[2026-03-16T02:27:05.538+0000] {processor.py:842} WARNING - No viable dags retrieved from /opt/airflow/dags/dbt.py
[2026-03-16T02:27:05.572+0000] {processor.py:183} INFO - Processing /opt/airflow/dags/dbt.py took 0.075 seconds
[2026-03-16T02:27:36.024+0000] {processor.py:161} INFO - Started process (PID=5104) to work on /opt/airflow/dags/dbt.py
[2026-03-16T02:27:36.025+0000] {processor.py:830} INFO - Processing file /opt/airflow/dags/dbt.py for tasks to queue
[2026-03-16T02:27:36.031+0000] {logging_mixin.py:188} INFO - [2026-03-16T02:27:36.030+0000] {dagbag.py:545} INFO - Filling up the DagBag from /opt/airflow/dags/dbt.py
[2026-03-16T02:27:36.039+0000] {logging_mixin.py:188} INFO - [2026-03-16T02:27:36.037+0000] {dagbag.py:355} ERROR - Failed to import: /opt/airflow/dags/dbt.py
Traceback (most recent call last):
  File "/home/airflow/.local/lib/python3.12/site-packages/airflow/models/dagbag.py", line 351, in parse
    loader.exec_module(new_module)
  File "<frozen importlib._bootstrap_external>", line 995, in exec_module
  File "<frozen importlib._bootstrap>", line 488, in _call_with_frames_removed
  File "/opt/airflow/dags/dbt.py", line 2, in <module>
    from airflow.providers.standard.operators.bash import BashOperator
ModuleNotFoundError: No module named 'airflow.providers.standard'
[2026-03-16T02:27:36.039+0000] {processor.py:842} WARNING - No viable dags retrieved from /opt/airflow/dags/dbt.py
[2026-03-16T02:27:36.070+0000] {processor.py:183} INFO - Processing /opt/airflow/dags/dbt.py took 0.073 seconds
[2026-03-16T02:28:06.434+0000] {processor.py:161} INFO - Started process (PID=5106) to work on /opt/airflow/dags/dbt.py
[2026-03-16T02:28:06.435+0000] {processor.py:830} INFO - Processing file /opt/airflow/dags/dbt.py for tasks to queue
[2026-03-16T02:28:06.437+0000] {logging_mixin.py:188} INFO - [2026-03-16T02:28:06.437+0000] {dagbag.py:545} INFO - Filling up the DagBag from /opt/airflow/dags/dbt.py
[2026-03-16T02:28:06.440+0000] {logging_mixin.py:188} INFO - [2026-03-16T02:28:06.439+0000] {dagbag.py:355} ERROR - Failed to import: /opt/airflow/dags/dbt.py
Traceback (most recent call last):
  File "/home/airflow/.local/lib/python3.12/site-packages/airflow/models/dagbag.py", line 351, in parse
    loader.exec_module(new_module)
  File "<frozen importlib._bootstrap_external>", line 995, in exec_module
  File "<frozen importlib._bootstrap>", line 488, in _call_with_frames_removed
  File "/opt/airflow/dags/dbt.py", line 2, in <module>
    from airflow.providers.standard.operators.bash import BashOperator
ModuleNotFoundError: No module named 'airflow.providers.standard'
[2026-03-16T02:28:06.441+0000] {processor.py:842} WARNING - No viable dags retrieved from /opt/airflow/dags/dbt.py
[2026-03-16T02:28:06.463+0000] {processor.py:183} INFO - Processing /opt/airflow/dags/dbt.py took 0.033 seconds
[2026-03-16T02:28:36.878+0000] {processor.py:161} INFO - Started process (PID=5108) to work on /opt/airflow/dags/dbt.py
[2026-03-16T02:28:36.880+0000] {processor.py:830} INFO - Processing file /opt/airflow/dags/dbt.py for tasks to queue
[2026-03-16T02:28:36.886+0000] {logging_mixin.py:188} INFO - [2026-03-16T02:28:36.885+0000] {dagbag.py:545} INFO - Filling up the DagBag from /opt/airflow/dags/dbt.py
[2026-03-16T02:28:36.893+0000] {logging_mixin.py:188} INFO - [2026-03-16T02:28:36.891+0000] {dagbag.py:355} ERROR - Failed to import: /opt/airflow/dags/dbt.py
Traceback (most recent call last):
  File "/home/airflow/.local/lib/python3.12/site-packages/airflow/models/dagbag.py", line 351, in parse
    loader.exec_module(new_module)
  File "<frozen importlib._bootstrap_external>", line 995, in exec_module
  File "<frozen importlib._bootstrap>", line 488, in _call_with_frames_removed
  File "/opt/airflow/dags/dbt.py", line 2, in <module>
    from airflow.providers.standard.operators.bash import BashOperator
ModuleNotFoundError: No module named 'airflow.providers.standard'
[2026-03-16T02:28:36.895+0000] {processor.py:842} WARNING - No viable dags retrieved from /opt/airflow/dags/dbt.py
[2026-03-16T02:28:36.931+0000] {processor.py:183} INFO - Processing /opt/airflow/dags/dbt.py took 0.069 seconds
[2026-03-16T02:29:07.271+0000] {processor.py:161} INFO - Started process (PID=5110) to work on /opt/airflow/dags/dbt.py
[2026-03-16T02:29:07.273+0000] {processor.py:830} INFO - Processing file /opt/airflow/dags/dbt.py for tasks to queue
[2026-03-16T02:29:07.278+0000] {logging_mixin.py:188} INFO - [2026-03-16T02:29:07.277+0000] {dagbag.py:545} INFO - Filling up the DagBag from /opt/airflow/dags/dbt.py
[2026-03-16T02:29:07.287+0000] {logging_mixin.py:188} INFO - [2026-03-16T02:29:07.283+0000] {dagbag.py:355} ERROR - Failed to import: /opt/airflow/dags/dbt.py
Traceback (most recent call last):
  File "/home/airflow/.local/lib/python3.12/site-packages/airflow/models/dagbag.py", line 351, in parse
    loader.exec_module(new_module)
  File "<frozen importlib._bootstrap_external>", line 995, in exec_module
  File "<frozen importlib._bootstrap>", line 488, in _call_with_frames_removed
  File "/opt/airflow/dags/dbt.py", line 2, in <module>
    from airflow.providers.standard.operators.bash import BashOperator
ModuleNotFoundError: No module named 'airflow.providers.standard'
[2026-03-16T02:29:07.289+0000] {processor.py:842} WARNING - No viable dags retrieved from /opt/airflow/dags/dbt.py
[2026-03-16T02:29:07.326+0000] {processor.py:183} INFO - Processing /opt/airflow/dags/dbt.py took 0.072 seconds
[2026-03-16T02:29:37.692+0000] {processor.py:161} INFO - Started process (PID=5112) to work on /opt/airflow/dags/dbt.py
[2026-03-16T02:29:37.694+0000] {processor.py:830} INFO - Processing file /opt/airflow/dags/dbt.py for tasks to queue
[2026-03-16T02:29:37.698+0000] {logging_mixin.py:188} INFO - [2026-03-16T02:29:37.698+0000] {dagbag.py:545} INFO - Filling up the DagBag from /opt/airflow/dags/dbt.py
[2026-03-16T02:29:37.708+0000] {logging_mixin.py:188} INFO - [2026-03-16T02:29:37.705+0000] {dagbag.py:355} ERROR - Failed to import: /opt/airflow/dags/dbt.py
Traceback (most recent call last):
  File "/home/airflow/.local/lib/python3.12/site-packages/airflow/models/dagbag.py", line 351, in parse
    loader.exec_module(new_module)
  File "<frozen importlib._bootstrap_external>", line 995, in exec_module
  File "<frozen importlib._bootstrap>", line 488, in _call_with_frames_removed
  File "/opt/airflow/dags/dbt.py", line 2, in <module>
    from airflow.providers.standard.operators.bash import BashOperator
ModuleNotFoundError: No module named 'airflow.providers.standard'
[2026-03-16T02:29:37.708+0000] {processor.py:842} WARNING - No viable dags retrieved from /opt/airflow/dags/dbt.py
[2026-03-16T02:29:37.737+0000] {processor.py:183} INFO - Processing /opt/airflow/dags/dbt.py took 0.062 seconds
[2026-03-16T02:30:08.042+0000] {processor.py:161} INFO - Started process (PID=5114) to work on /opt/airflow/dags/dbt.py
[2026-03-16T02:30:08.043+0000] {processor.py:830} INFO - Processing file /opt/airflow/dags/dbt.py for tasks to queue
[2026-03-16T02:30:08.045+0000] {logging_mixin.py:188} INFO - [2026-03-16T02:30:08.045+0000] {dagbag.py:545} INFO - Filling up the DagBag from /opt/airflow/dags/dbt.py
[2026-03-16T02:30:08.052+0000] {logging_mixin.py:188} INFO - [2026-03-16T02:30:08.049+0000] {dagbag.py:355} ERROR - Failed to import: /opt/airflow/dags/dbt.py
Traceback (most recent call last):
  File "/home/airflow/.local/lib/python3.12/site-packages/airflow/models/dagbag.py", line 351, in parse
    loader.exec_module(new_module)
  File "<frozen importlib._bootstrap_external>", line 995, in exec_module
  File "<frozen importlib._bootstrap>", line 488, in _call_with_frames_removed
  File "/opt/airflow/dags/dbt.py", line 2, in <module>
    from airflow.providers.standard.operators.bash import BashOperator
ModuleNotFoundError: No module named 'airflow.providers.standard'
[2026-03-16T02:30:08.052+0000] {processor.py:842} WARNING - No viable dags retrieved from /opt/airflow/dags/dbt.py
[2026-03-16T02:30:08.071+0000] {processor.py:183} INFO - Processing /opt/airflow/dags/dbt.py took 0.038 seconds
[2026-03-16T02:30:38.432+0000] {processor.py:161} INFO - Started process (PID=5116) to work on /opt/airflow/dags/dbt.py
[2026-03-16T02:30:38.434+0000] {processor.py:830} INFO - Processing file /opt/airflow/dags/dbt.py for tasks to queue
[2026-03-16T02:30:38.439+0000] {logging_mixin.py:188} INFO - [2026-03-16T02:30:38.439+0000] {dagbag.py:545} INFO - Filling up the DagBag from /opt/airflow/dags/dbt.py
[2026-03-16T02:30:38.452+0000] {logging_mixin.py:188} INFO - [2026-03-16T02:30:38.449+0000] {dagbag.py:355} ERROR - Failed to import: /opt/airflow/dags/dbt.py
Traceback (most recent call last):
  File "/home/airflow/.local/lib/python3.12/site-packages/airflow/models/dagbag.py", line 351, in parse
    loader.exec_module(new_module)
  File "<frozen importlib._bootstrap_external>", line 995, in exec_module
  File "<frozen importlib._bootstrap>", line 488, in _call_with_frames_removed
  File "/opt/airflow/dags/dbt.py", line 2, in <module>
    from airflow.providers.standard.operators.bash import BashOperator
ModuleNotFoundError: No module named 'airflow.providers.standard'
[2026-03-16T02:30:38.453+0000] {processor.py:842} WARNING - No viable dags retrieved from /opt/airflow/dags/dbt.py
[2026-03-16T02:30:38.482+0000] {processor.py:183} INFO - Processing /opt/airflow/dags/dbt.py took 0.080 seconds
[2026-03-16T02:31:08.809+0000] {processor.py:161} INFO - Started process (PID=5118) to work on /opt/airflow/dags/dbt.py
[2026-03-16T02:31:08.811+0000] {processor.py:830} INFO - Processing file /opt/airflow/dags/dbt.py for tasks to queue
[2026-03-16T02:31:08.813+0000] {logging_mixin.py:188} INFO - [2026-03-16T02:31:08.813+0000] {dagbag.py:545} INFO - Filling up the DagBag from /opt/airflow/dags/dbt.py
[2026-03-16T02:31:08.820+0000] {logging_mixin.py:188} INFO - [2026-03-16T02:31:08.817+0000] {dagbag.py:355} ERROR - Failed to import: /opt/airflow/dags/dbt.py
Traceback (most recent call last):
  File "/home/airflow/.local/lib/python3.12/site-packages/airflow/models/dagbag.py", line 351, in parse
    loader.exec_module(new_module)
  File "<frozen importlib._bootstrap_external>", line 995, in exec_module
  File "<frozen importlib._bootstrap>", line 488, in _call_with_frames_removed
  File "/opt/airflow/dags/dbt.py", line 2, in <module>
    from airflow.providers.standard.operators.bash import BashOperator
ModuleNotFoundError: No module named 'airflow.providers.standard'
[2026-03-16T02:31:08.821+0000] {processor.py:842} WARNING - No viable dags retrieved from /opt/airflow/dags/dbt.py
[2026-03-16T02:31:08.845+0000] {processor.py:183} INFO - Processing /opt/airflow/dags/dbt.py took 0.045 seconds
[2026-03-16T02:31:39.206+0000] {processor.py:161} INFO - Started process (PID=5120) to work on /opt/airflow/dags/dbt.py
[2026-03-16T02:31:39.207+0000] {processor.py:830} INFO - Processing file /opt/airflow/dags/dbt.py for tasks to queue
[2026-03-16T02:31:39.213+0000] {logging_mixin.py:188} INFO - [2026-03-16T02:31:39.212+0000] {dagbag.py:545} INFO - Filling up the DagBag from /opt/airflow/dags/dbt.py
[2026-03-16T02:31:39.221+0000] {logging_mixin.py:188} INFO - [2026-03-16T02:31:39.220+0000] {dagbag.py:355} ERROR - Failed to import: /opt/airflow/dags/dbt.py
Traceback (most recent call last):
  File "/home/airflow/.local/lib/python3.12/site-packages/airflow/models/dagbag.py", line 351, in parse
    loader.exec_module(new_module)
  File "<frozen importlib._bootstrap_external>", line 995, in exec_module
  File "<frozen importlib._bootstrap>", line 488, in _call_with_frames_removed
  File "/opt/airflow/dags/dbt.py", line 2, in <module>
    from airflow.providers.standard.operators.bash import BashOperator
ModuleNotFoundError: No module named 'airflow.providers.standard'
[2026-03-16T02:31:39.221+0000] {processor.py:842} WARNING - No viable dags retrieved from /opt/airflow/dags/dbt.py
[2026-03-16T02:31:39.252+0000] {processor.py:183} INFO - Processing /opt/airflow/dags/dbt.py took 0.077 seconds
[2026-03-16T02:32:09.568+0000] {processor.py:161} INFO - Started process (PID=5122) to work on /opt/airflow/dags/dbt.py
[2026-03-16T02:32:09.569+0000] {processor.py:830} INFO - Processing file /opt/airflow/dags/dbt.py for tasks to queue
[2026-03-16T02:32:09.571+0000] {logging_mixin.py:188} INFO - [2026-03-16T02:32:09.570+0000] {dagbag.py:545} INFO - Filling up the DagBag from /opt/airflow/dags/dbt.py
[2026-03-16T02:32:09.576+0000] {logging_mixin.py:188} INFO - [2026-03-16T02:32:09.575+0000] {dagbag.py:355} ERROR - Failed to import: /opt/airflow/dags/dbt.py
Traceback (most recent call last):
  File "/home/airflow/.local/lib/python3.12/site-packages/airflow/models/dagbag.py", line 351, in parse
    loader.exec_module(new_module)
  File "<frozen importlib._bootstrap_external>", line 995, in exec_module
  File "<frozen importlib._bootstrap>", line 488, in _call_with_frames_removed
  File "/opt/airflow/dags/dbt.py", line 2, in <module>
    from airflow.providers.standard.operators.bash import BashOperator
ModuleNotFoundError: No module named 'airflow.providers.standard'
[2026-03-16T02:32:09.577+0000] {processor.py:842} WARNING - No viable dags retrieved from /opt/airflow/dags/dbt.py
[2026-03-16T02:32:09.602+0000] {processor.py:183} INFO - Processing /opt/airflow/dags/dbt.py took 0.045 seconds
[2026-03-16T02:32:39.967+0000] {processor.py:161} INFO - Started process (PID=5124) to work on /opt/airflow/dags/dbt.py
[2026-03-16T02:32:39.972+0000] {processor.py:830} INFO - Processing file /opt/airflow/dags/dbt.py for tasks to queue
[2026-03-16T02:32:39.978+0000] {logging_mixin.py:188} INFO - [2026-03-16T02:32:39.978+0000] {dagbag.py:545} INFO - Filling up the DagBag from /opt/airflow/dags/dbt.py
[2026-03-16T02:32:39.989+0000] {logging_mixin.py:188} INFO - [2026-03-16T02:32:39.986+0000] {dagbag.py:355} ERROR - Failed to import: /opt/airflow/dags/dbt.py
Traceback (most recent call last):
  File "/home/airflow/.local/lib/python3.12/site-packages/airflow/models/dagbag.py", line 351, in parse
    loader.exec_module(new_module)
  File "<frozen importlib._bootstrap_external>", line 995, in exec_module
  File "<frozen importlib._bootstrap>", line 488, in _call_with_frames_removed
  File "/opt/airflow/dags/dbt.py", line 2, in <module>
    from airflow.providers.standard.operators.bash import BashOperator
ModuleNotFoundError: No module named 'airflow.providers.standard'
[2026-03-16T02:32:39.989+0000] {processor.py:842} WARNING - No viable dags retrieved from /opt/airflow/dags/dbt.py
[2026-03-16T02:32:40.025+0000] {processor.py:183} INFO - Processing /opt/airflow/dags/dbt.py took 0.081 seconds
[2026-03-16T02:33:10.374+0000] {processor.py:161} INFO - Started process (PID=5126) to work on /opt/airflow/dags/dbt.py
[2026-03-16T02:33:10.375+0000] {processor.py:830} INFO - Processing file /opt/airflow/dags/dbt.py for tasks to queue
[2026-03-16T02:33:10.378+0000] {logging_mixin.py:188} INFO - [2026-03-16T02:33:10.378+0000] {dagbag.py:545} INFO - Filling up the DagBag from /opt/airflow/dags/dbt.py
[2026-03-16T02:33:10.385+0000] {logging_mixin.py:188} INFO - [2026-03-16T02:33:10.383+0000] {dagbag.py:355} ERROR - Failed to import: /opt/airflow/dags/dbt.py
Traceback (most recent call last):
  File "/home/airflow/.local/lib/python3.12/site-packages/airflow/models/dagbag.py", line 351, in parse
    loader.exec_module(new_module)
  File "<frozen importlib._bootstrap_external>", line 995, in exec_module
  File "<frozen importlib._bootstrap>", line 488, in _call_with_frames_removed
  File "/opt/airflow/dags/dbt.py", line 2, in <module>
    from airflow.providers.standard.operators.bash import BashOperator
ModuleNotFoundError: No module named 'airflow.providers.standard'
[2026-03-16T02:33:10.386+0000] {processor.py:842} WARNING - No viable dags retrieved from /opt/airflow/dags/dbt.py
[2026-03-16T02:33:10.410+0000] {processor.py:183} INFO - Processing /opt/airflow/dags/dbt.py took 0.046 seconds
[2026-03-16T02:33:40.794+0000] {processor.py:161} INFO - Started process (PID=5128) to work on /opt/airflow/dags/dbt.py
[2026-03-16T02:33:40.797+0000] {processor.py:830} INFO - Processing file /opt/airflow/dags/dbt.py for tasks to queue
[2026-03-16T02:33:40.802+0000] {logging_mixin.py:188} INFO - [2026-03-16T02:33:40.801+0000] {dagbag.py:545} INFO - Filling up the DagBag from /opt/airflow/dags/dbt.py
[2026-03-16T02:33:40.814+0000] {logging_mixin.py:188} INFO - [2026-03-16T02:33:40.813+0000] {dagbag.py:355} ERROR - Failed to import: /opt/airflow/dags/dbt.py
Traceback (most recent call last):
  File "/home/airflow/.local/lib/python3.12/site-packages/airflow/models/dagbag.py", line 351, in parse
    loader.exec_module(new_module)
  File "<frozen importlib._bootstrap_external>", line 995, in exec_module
  File "<frozen importlib._bootstrap>", line 488, in _call_with_frames_removed
  File "/opt/airflow/dags/dbt.py", line 2, in <module>
    from airflow.providers.standard.operators.bash import BashOperator
ModuleNotFoundError: No module named 'airflow.providers.standard'
[2026-03-16T02:33:40.815+0000] {processor.py:842} WARNING - No viable dags retrieved from /opt/airflow/dags/dbt.py
[2026-03-16T02:33:40.850+0000] {processor.py:183} INFO - Processing /opt/airflow/dags/dbt.py took 0.092 seconds
[2026-03-16T02:34:11.129+0000] {processor.py:161} INFO - Started process (PID=5130) to work on /opt/airflow/dags/dbt.py
[2026-03-16T02:34:11.131+0000] {processor.py:830} INFO - Processing file /opt/airflow/dags/dbt.py for tasks to queue
[2026-03-16T02:34:11.133+0000] {logging_mixin.py:188} INFO - [2026-03-16T02:34:11.133+0000] {dagbag.py:545} INFO - Filling up the DagBag from /opt/airflow/dags/dbt.py
[2026-03-16T02:34:11.139+0000] {logging_mixin.py:188} INFO - [2026-03-16T02:34:11.137+0000] {dagbag.py:355} ERROR - Failed to import: /opt/airflow/dags/dbt.py
Traceback (most recent call last):
  File "/home/airflow/.local/lib/python3.12/site-packages/airflow/models/dagbag.py", line 351, in parse
    loader.exec_module(new_module)
  File "<frozen importlib._bootstrap_external>", line 995, in exec_module
  File "<frozen importlib._bootstrap>", line 488, in _call_with_frames_removed
  File "/opt/airflow/dags/dbt.py", line 2, in <module>
    from airflow.providers.standard.operators.bash import BashOperator
ModuleNotFoundError: No module named 'airflow.providers.standard'
[2026-03-16T02:34:11.139+0000] {processor.py:842} WARNING - No viable dags retrieved from /opt/airflow/dags/dbt.py
[2026-03-16T02:34:11.159+0000] {processor.py:183} INFO - Processing /opt/airflow/dags/dbt.py took 0.040 seconds
[2026-03-16T02:34:41.556+0000] {processor.py:161} INFO - Started process (PID=5132) to work on /opt/airflow/dags/dbt.py
[2026-03-16T02:34:41.559+0000] {processor.py:830} INFO - Processing file /opt/airflow/dags/dbt.py for tasks to queue
[2026-03-16T02:34:41.567+0000] {logging_mixin.py:188} INFO - [2026-03-16T02:34:41.566+0000] {dagbag.py:545} INFO - Filling up the DagBag from /opt/airflow/dags/dbt.py
[2026-03-16T02:34:41.580+0000] {logging_mixin.py:188} INFO - [2026-03-16T02:34:41.574+0000] {dagbag.py:355} ERROR - Failed to import: /opt/airflow/dags/dbt.py
Traceback (most recent call last):
  File "/home/airflow/.local/lib/python3.12/site-packages/airflow/models/dagbag.py", line 351, in parse
    loader.exec_module(new_module)
  File "<frozen importlib._bootstrap_external>", line 995, in exec_module
  File "<frozen importlib._bootstrap>", line 488, in _call_with_frames_removed
  File "/opt/airflow/dags/dbt.py", line 2, in <module>
    from airflow.providers.standard.operators.bash import BashOperator
ModuleNotFoundError: No module named 'airflow.providers.standard'
[2026-03-16T02:34:41.581+0000] {processor.py:842} WARNING - No viable dags retrieved from /opt/airflow/dags/dbt.py
[2026-03-16T02:34:41.611+0000] {processor.py:183} INFO - Processing /opt/airflow/dags/dbt.py took 0.082 seconds
[2026-03-16T02:35:11.966+0000] {processor.py:161} INFO - Started process (PID=5134) to work on /opt/airflow/dags/dbt.py
[2026-03-16T02:35:11.969+0000] {processor.py:830} INFO - Processing file /opt/airflow/dags/dbt.py for tasks to queue
[2026-03-16T02:35:11.972+0000] {logging_mixin.py:188} INFO - [2026-03-16T02:35:11.971+0000] {dagbag.py:545} INFO - Filling up the DagBag from /opt/airflow/dags/dbt.py
[2026-03-16T02:35:11.980+0000] {logging_mixin.py:188} INFO - [2026-03-16T02:35:11.977+0000] {dagbag.py:355} ERROR - Failed to import: /opt/airflow/dags/dbt.py
Traceback (most recent call last):
  File "/home/airflow/.local/lib/python3.12/site-packages/airflow/models/dagbag.py", line 351, in parse
    loader.exec_module(new_module)
  File "<frozen importlib._bootstrap_external>", line 995, in exec_module
  File "<frozen importlib._bootstrap>", line 488, in _call_with_frames_removed
  File "/opt/airflow/dags/dbt.py", line 2, in <module>
    from airflow.providers.standard.operators.bash import BashOperator
ModuleNotFoundError: No module named 'airflow.providers.standard'
[2026-03-16T02:35:11.981+0000] {processor.py:842} WARNING - No viable dags retrieved from /opt/airflow/dags/dbt.py
[2026-03-16T02:35:12.016+0000] {processor.py:183} INFO - Processing /opt/airflow/dags/dbt.py took 0.068 seconds
[2026-03-16T02:35:42.495+0000] {processor.py:161} INFO - Started process (PID=5136) to work on /opt/airflow/dags/dbt.py
[2026-03-16T02:35:42.497+0000] {processor.py:830} INFO - Processing file /opt/airflow/dags/dbt.py for tasks to queue
[2026-03-16T02:35:42.502+0000] {logging_mixin.py:188} INFO - [2026-03-16T02:35:42.502+0000] {dagbag.py:545} INFO - Filling up the DagBag from /opt/airflow/dags/dbt.py
[2026-03-16T02:35:42.511+0000] {logging_mixin.py:188} INFO - [2026-03-16T02:35:42.509+0000] {dagbag.py:355} ERROR - Failed to import: /opt/airflow/dags/dbt.py
Traceback (most recent call last):
  File "/home/airflow/.local/lib/python3.12/site-packages/airflow/models/dagbag.py", line 351, in parse
    loader.exec_module(new_module)
  File "<frozen importlib._bootstrap_external>", line 995, in exec_module
  File "<frozen importlib._bootstrap>", line 488, in _call_with_frames_removed
  File "/opt/airflow/dags/dbt.py", line 2, in <module>
    from airflow.providers.standard.operators.bash import BashOperator
ModuleNotFoundError: No module named 'airflow.providers.standard'
[2026-03-16T02:35:42.513+0000] {processor.py:842} WARNING - No viable dags retrieved from /opt/airflow/dags/dbt.py
[2026-03-16T02:35:42.547+0000] {processor.py:183} INFO - Processing /opt/airflow/dags/dbt.py took 0.076 seconds
[2026-03-16T02:36:12.904+0000] {processor.py:161} INFO - Started process (PID=5138) to work on /opt/airflow/dags/dbt.py
[2026-03-16T02:36:12.905+0000] {processor.py:830} INFO - Processing file /opt/airflow/dags/dbt.py for tasks to queue
[2026-03-16T02:36:12.907+0000] {logging_mixin.py:188} INFO - [2026-03-16T02:36:12.907+0000] {dagbag.py:545} INFO - Filling up the DagBag from /opt/airflow/dags/dbt.py
[2026-03-16T02:36:12.913+0000] {logging_mixin.py:188} INFO - [2026-03-16T02:36:12.911+0000] {dagbag.py:355} ERROR - Failed to import: /opt/airflow/dags/dbt.py
Traceback (most recent call last):
  File "/home/airflow/.local/lib/python3.12/site-packages/airflow/models/dagbag.py", line 351, in parse
    loader.exec_module(new_module)
  File "<frozen importlib._bootstrap_external>", line 995, in exec_module
  File "<frozen importlib._bootstrap>", line 488, in _call_with_frames_removed
  File "/opt/airflow/dags/dbt.py", line 2, in <module>
    from airflow.providers.standard.operators.bash import BashOperator
ModuleNotFoundError: No module named 'airflow.providers.standard'
[2026-03-16T02:36:12.914+0000] {processor.py:842} WARNING - No viable dags retrieved from /opt/airflow/dags/dbt.py
[2026-03-16T02:36:12.933+0000] {processor.py:183} INFO - Processing /opt/airflow/dags/dbt.py took 0.037 seconds
[2026-03-16T02:36:43.401+0000] {processor.py:161} INFO - Started process (PID=5140) to work on /opt/airflow/dags/dbt.py
[2026-03-16T02:36:43.403+0000] {processor.py:830} INFO - Processing file /opt/airflow/dags/dbt.py for tasks to queue
[2026-03-16T02:36:43.408+0000] {logging_mixin.py:188} INFO - [2026-03-16T02:36:43.408+0000] {dagbag.py:545} INFO - Filling up the DagBag from /opt/airflow/dags/dbt.py
[2026-03-16T02:36:43.421+0000] {logging_mixin.py:188} INFO - [2026-03-16T02:36:43.420+0000] {dagbag.py:355} ERROR - Failed to import: /opt/airflow/dags/dbt.py
Traceback (most recent call last):
  File "/home/airflow/.local/lib/python3.12/site-packages/airflow/models/dagbag.py", line 351, in parse
    loader.exec_module(new_module)
  File "<frozen importlib._bootstrap_external>", line 995, in exec_module
  File "<frozen importlib._bootstrap>", line 488, in _call_with_frames_removed
  File "/opt/airflow/dags/dbt.py", line 2, in <module>
    from airflow.providers.standard.operators.bash import BashOperator
ModuleNotFoundError: No module named 'airflow.providers.standard'
[2026-03-16T02:36:43.422+0000] {processor.py:842} WARNING - No viable dags retrieved from /opt/airflow/dags/dbt.py
[2026-03-16T02:36:43.455+0000] {processor.py:183} INFO - Processing /opt/airflow/dags/dbt.py took 0.083 seconds
[2026-03-16T02:37:13.873+0000] {processor.py:161} INFO - Started process (PID=5142) to work on /opt/airflow/dags/dbt.py
[2026-03-16T02:37:13.875+0000] {processor.py:830} INFO - Processing file /opt/airflow/dags/dbt.py for tasks to queue
[2026-03-16T02:37:13.877+0000] {logging_mixin.py:188} INFO - [2026-03-16T02:37:13.877+0000] {dagbag.py:545} INFO - Filling up the DagBag from /opt/airflow/dags/dbt.py
[2026-03-16T02:37:13.884+0000] {logging_mixin.py:188} INFO - [2026-03-16T02:37:13.881+0000] {dagbag.py:355} ERROR - Failed to import: /opt/airflow/dags/dbt.py
Traceback (most recent call last):
  File "/home/airflow/.local/lib/python3.12/site-packages/airflow/models/dagbag.py", line 351, in parse
    loader.exec_module(new_module)
  File "<frozen importlib._bootstrap_external>", line 995, in exec_module
  File "<frozen importlib._bootstrap>", line 488, in _call_with_frames_removed
  File "/opt/airflow/dags/dbt.py", line 2, in <module>
    from airflow.providers.standard.operators.bash import BashOperator
ModuleNotFoundError: No module named 'airflow.providers.standard'
[2026-03-16T02:37:13.885+0000] {processor.py:842} WARNING - No viable dags retrieved from /opt/airflow/dags/dbt.py
[2026-03-16T02:37:13.909+0000] {processor.py:183} INFO - Processing /opt/airflow/dags/dbt.py took 0.044 seconds
[2026-03-16T02:37:44.319+0000] {processor.py:161} INFO - Started process (PID=5144) to work on /opt/airflow/dags/dbt.py
[2026-03-16T02:37:44.320+0000] {processor.py:830} INFO - Processing file /opt/airflow/dags/dbt.py for tasks to queue
[2026-03-16T02:37:44.325+0000] {logging_mixin.py:188} INFO - [2026-03-16T02:37:44.324+0000] {dagbag.py:545} INFO - Filling up the DagBag from /opt/airflow/dags/dbt.py
[2026-03-16T02:37:44.335+0000] {logging_mixin.py:188} INFO - [2026-03-16T02:37:44.333+0000] {dagbag.py:355} ERROR - Failed to import: /opt/airflow/dags/dbt.py
Traceback (most recent call last):
  File "/home/airflow/.local/lib/python3.12/site-packages/airflow/models/dagbag.py", line 351, in parse
    loader.exec_module(new_module)
  File "<frozen importlib._bootstrap_external>", line 995, in exec_module
  File "<frozen importlib._bootstrap>", line 488, in _call_with_frames_removed
  File "/opt/airflow/dags/dbt.py", line 2, in <module>
    from airflow.providers.standard.operators.bash import BashOperator
ModuleNotFoundError: No module named 'airflow.providers.standard'
[2026-03-16T02:37:44.336+0000] {processor.py:842} WARNING - No viable dags retrieved from /opt/airflow/dags/dbt.py
[2026-03-16T02:37:44.370+0000] {processor.py:183} INFO - Processing /opt/airflow/dags/dbt.py took 0.065 seconds
[2026-03-16T02:38:14.773+0000] {processor.py:161} INFO - Started process (PID=5146) to work on /opt/airflow/dags/dbt.py
[2026-03-16T02:38:14.775+0000] {processor.py:830} INFO - Processing file /opt/airflow/dags/dbt.py for tasks to queue
[2026-03-16T02:38:14.778+0000] {logging_mixin.py:188} INFO - [2026-03-16T02:38:14.777+0000] {dagbag.py:545} INFO - Filling up the DagBag from /opt/airflow/dags/dbt.py
[2026-03-16T02:38:14.783+0000] {logging_mixin.py:188} INFO - [2026-03-16T02:38:14.782+0000] {dagbag.py:355} ERROR - Failed to import: /opt/airflow/dags/dbt.py
Traceback (most recent call last):
  File "/home/airflow/.local/lib/python3.12/site-packages/airflow/models/dagbag.py", line 351, in parse
    loader.exec_module(new_module)
  File "<frozen importlib._bootstrap_external>", line 995, in exec_module
  File "<frozen importlib._bootstrap>", line 488, in _call_with_frames_removed
  File "/opt/airflow/dags/dbt.py", line 2, in <module>
    from airflow.providers.standard.operators.bash import BashOperator
ModuleNotFoundError: No module named 'airflow.providers.standard'
[2026-03-16T02:38:14.784+0000] {processor.py:842} WARNING - No viable dags retrieved from /opt/airflow/dags/dbt.py
[2026-03-16T02:38:14.810+0000] {processor.py:183} INFO - Processing /opt/airflow/dags/dbt.py took 0.046 seconds
[2026-03-16T02:38:45.216+0000] {processor.py:161} INFO - Started process (PID=5148) to work on /opt/airflow/dags/dbt.py
[2026-03-16T02:38:45.218+0000] {processor.py:830} INFO - Processing file /opt/airflow/dags/dbt.py for tasks to queue
[2026-03-16T02:38:45.224+0000] {logging_mixin.py:188} INFO - [2026-03-16T02:38:45.224+0000] {dagbag.py:545} INFO - Filling up the DagBag from /opt/airflow/dags/dbt.py
[2026-03-16T02:38:45.242+0000] {logging_mixin.py:188} INFO - [2026-03-16T02:38:45.235+0000] {dagbag.py:355} ERROR - Failed to import: /opt/airflow/dags/dbt.py
Traceback (most recent call last):
  File "/home/airflow/.local/lib/python3.12/site-packages/airflow/models/dagbag.py", line 351, in parse
    loader.exec_module(new_module)
  File "<frozen importlib._bootstrap_external>", line 995, in exec_module
  File "<frozen importlib._bootstrap>", line 488, in _call_with_frames_removed
  File "/opt/airflow/dags/dbt.py", line 2, in <module>
    from airflow.providers.standard.operators.bash import BashOperator
ModuleNotFoundError: No module named 'airflow.providers.standard'
[2026-03-16T02:38:45.243+0000] {processor.py:842} WARNING - No viable dags retrieved from /opt/airflow/dags/dbt.py
[2026-03-16T02:38:45.272+0000] {processor.py:183} INFO - Processing /opt/airflow/dags/dbt.py took 0.078 seconds
[2026-03-16T02:39:15.649+0000] {processor.py:161} INFO - Started process (PID=5150) to work on /opt/airflow/dags/dbt.py
[2026-03-16T02:39:15.650+0000] {processor.py:830} INFO - Processing file /opt/airflow/dags/dbt.py for tasks to queue
[2026-03-16T02:39:15.652+0000] {logging_mixin.py:188} INFO - [2026-03-16T02:39:15.652+0000] {dagbag.py:545} INFO - Filling up the DagBag from /opt/airflow/dags/dbt.py
[2026-03-16T02:39:15.657+0000] {logging_mixin.py:188} INFO - [2026-03-16T02:39:15.655+0000] {dagbag.py:355} ERROR - Failed to import: /opt/airflow/dags/dbt.py
Traceback (most recent call last):
  File "/home/airflow/.local/lib/python3.12/site-packages/airflow/models/dagbag.py", line 351, in parse
    loader.exec_module(new_module)
  File "<frozen importlib._bootstrap_external>", line 995, in exec_module
  File "<frozen importlib._bootstrap>", line 488, in _call_with_frames_removed
  File "/opt/airflow/dags/dbt.py", line 2, in <module>
    from airflow.providers.standard.operators.bash import BashOperator
ModuleNotFoundError: No module named 'airflow.providers.standard'
[2026-03-16T02:39:15.657+0000] {processor.py:842} WARNING - No viable dags retrieved from /opt/airflow/dags/dbt.py
[2026-03-16T02:39:15.678+0000] {processor.py:183} INFO - Processing /opt/airflow/dags/dbt.py took 0.038 seconds
[2026-03-16T02:39:46.139+0000] {processor.py:161} INFO - Started process (PID=5152) to work on /opt/airflow/dags/dbt.py
[2026-03-16T02:39:46.142+0000] {processor.py:830} INFO - Processing file /opt/airflow/dags/dbt.py for tasks to queue
[2026-03-16T02:39:46.145+0000] {logging_mixin.py:188} INFO - [2026-03-16T02:39:46.145+0000] {dagbag.py:545} INFO - Filling up the DagBag from /opt/airflow/dags/dbt.py
[2026-03-16T02:39:46.151+0000] {logging_mixin.py:188} INFO - [2026-03-16T02:39:46.150+0000] {dagbag.py:355} ERROR - Failed to import: /opt/airflow/dags/dbt.py
Traceback (most recent call last):
  File "/home/airflow/.local/lib/python3.12/site-packages/airflow/models/dagbag.py", line 351, in parse
    loader.exec_module(new_module)
  File "<frozen importlib._bootstrap_external>", line 995, in exec_module
  File "<frozen importlib._bootstrap>", line 488, in _call_with_frames_removed
  File "/opt/airflow/dags/dbt.py", line 2, in <module>
    from airflow.providers.standard.operators.bash import BashOperator
ModuleNotFoundError: No module named 'airflow.providers.standard'
[2026-03-16T02:39:46.152+0000] {processor.py:842} WARNING - No viable dags retrieved from /opt/airflow/dags/dbt.py
[2026-03-16T02:39:46.180+0000] {processor.py:183} INFO - Processing /opt/airflow/dags/dbt.py took 0.057 seconds
[2026-03-16T02:40:16.593+0000] {processor.py:161} INFO - Started process (PID=5154) to work on /opt/airflow/dags/dbt.py
[2026-03-16T02:40:16.594+0000] {processor.py:830} INFO - Processing file /opt/airflow/dags/dbt.py for tasks to queue
[2026-03-16T02:40:16.597+0000] {logging_mixin.py:188} INFO - [2026-03-16T02:40:16.597+0000] {dagbag.py:545} INFO - Filling up the DagBag from /opt/airflow/dags/dbt.py
[2026-03-16T02:40:16.602+0000] {logging_mixin.py:188} INFO - [2026-03-16T02:40:16.601+0000] {dagbag.py:355} ERROR - Failed to import: /opt/airflow/dags/dbt.py
Traceback (most recent call last):
  File "/home/airflow/.local/lib/python3.12/site-packages/airflow/models/dagbag.py", line 351, in parse
    loader.exec_module(new_module)
  File "<frozen importlib._bootstrap_external>", line 995, in exec_module
  File "<frozen importlib._bootstrap>", line 488, in _call_with_frames_removed
  File "/opt/airflow/dags/dbt.py", line 2, in <module>
    from airflow.providers.standard.operators.bash import BashOperator
ModuleNotFoundError: No module named 'airflow.providers.standard'
[2026-03-16T02:40:16.603+0000] {processor.py:842} WARNING - No viable dags retrieved from /opt/airflow/dags/dbt.py
[2026-03-16T02:40:16.627+0000] {processor.py:183} INFO - Processing /opt/airflow/dags/dbt.py took 0.046 seconds
[2026-03-16T02:40:47.049+0000] {processor.py:161} INFO - Started process (PID=5156) to work on /opt/airflow/dags/dbt.py
[2026-03-16T02:40:47.050+0000] {processor.py:830} INFO - Processing file /opt/airflow/dags/dbt.py for tasks to queue
[2026-03-16T02:40:47.055+0000] {logging_mixin.py:188} INFO - [2026-03-16T02:40:47.055+0000] {dagbag.py:545} INFO - Filling up the DagBag from /opt/airflow/dags/dbt.py
[2026-03-16T02:40:47.064+0000] {logging_mixin.py:188} INFO - [2026-03-16T02:40:47.061+0000] {dagbag.py:355} ERROR - Failed to import: /opt/airflow/dags/dbt.py
Traceback (most recent call last):
  File "/home/airflow/.local/lib/python3.12/site-packages/airflow/models/dagbag.py", line 351, in parse
    loader.exec_module(new_module)
  File "<frozen importlib._bootstrap_external>", line 995, in exec_module
  File "<frozen importlib._bootstrap>", line 488, in _call_with_frames_removed
  File "/opt/airflow/dags/dbt.py", line 2, in <module>
    from airflow.providers.standard.operators.bash import BashOperator
ModuleNotFoundError: No module named 'airflow.providers.standard'
[2026-03-16T02:40:47.066+0000] {processor.py:842} WARNING - No viable dags retrieved from /opt/airflow/dags/dbt.py
[2026-03-16T02:40:47.099+0000] {processor.py:183} INFO - Processing /opt/airflow/dags/dbt.py took 0.074 seconds
[2026-03-16T02:41:17.482+0000] {processor.py:161} INFO - Started process (PID=5158) to work on /opt/airflow/dags/dbt.py
[2026-03-16T02:41:17.483+0000] {processor.py:830} INFO - Processing file /opt/airflow/dags/dbt.py for tasks to queue
[2026-03-16T02:41:17.485+0000] {logging_mixin.py:188} INFO - [2026-03-16T02:41:17.485+0000] {dagbag.py:545} INFO - Filling up the DagBag from /opt/airflow/dags/dbt.py
[2026-03-16T02:41:17.489+0000] {logging_mixin.py:188} INFO - [2026-03-16T02:41:17.488+0000] {dagbag.py:355} ERROR - Failed to import: /opt/airflow/dags/dbt.py
Traceback (most recent call last):
  File "/home/airflow/.local/lib/python3.12/site-packages/airflow/models/dagbag.py", line 351, in parse
    loader.exec_module(new_module)
  File "<frozen importlib._bootstrap_external>", line 995, in exec_module
  File "<frozen importlib._bootstrap>", line 488, in _call_with_frames_removed
  File "/opt/airflow/dags/dbt.py", line 2, in <module>
    from airflow.providers.standard.operators.bash import BashOperator
ModuleNotFoundError: No module named 'airflow.providers.standard'
[2026-03-16T02:41:17.491+0000] {processor.py:842} WARNING - No viable dags retrieved from /opt/airflow/dags/dbt.py
[2026-03-16T02:41:17.517+0000] {processor.py:183} INFO - Processing /opt/airflow/dags/dbt.py took 0.047 seconds
[2026-03-16T02:41:47.962+0000] {processor.py:161} INFO - Started process (PID=5160) to work on /opt/airflow/dags/dbt.py
[2026-03-16T02:41:47.965+0000] {processor.py:830} INFO - Processing file /opt/airflow/dags/dbt.py for tasks to queue
[2026-03-16T02:41:47.977+0000] {logging_mixin.py:188} INFO - [2026-03-16T02:41:47.976+0000] {dagbag.py:545} INFO - Filling up the DagBag from /opt/airflow/dags/dbt.py
[2026-03-16T02:41:47.987+0000] {logging_mixin.py:188} INFO - [2026-03-16T02:41:47.983+0000] {dagbag.py:355} ERROR - Failed to import: /opt/airflow/dags/dbt.py
Traceback (most recent call last):
  File "/home/airflow/.local/lib/python3.12/site-packages/airflow/models/dagbag.py", line 351, in parse
    loader.exec_module(new_module)
  File "<frozen importlib._bootstrap_external>", line 995, in exec_module
  File "<frozen importlib._bootstrap>", line 488, in _call_with_frames_removed
  File "/opt/airflow/dags/dbt.py", line 2, in <module>
    from airflow.providers.standard.operators.bash import BashOperator
ModuleNotFoundError: No module named 'airflow.providers.standard'
[2026-03-16T02:41:47.989+0000] {processor.py:842} WARNING - No viable dags retrieved from /opt/airflow/dags/dbt.py
[2026-03-16T02:41:48.027+0000] {processor.py:183} INFO - Processing /opt/airflow/dags/dbt.py took 0.086 seconds
[2026-03-16T02:42:18.395+0000] {processor.py:161} INFO - Started process (PID=5162) to work on /opt/airflow/dags/dbt.py
[2026-03-16T02:42:18.396+0000] {processor.py:830} INFO - Processing file /opt/airflow/dags/dbt.py for tasks to queue
[2026-03-16T02:42:18.398+0000] {logging_mixin.py:188} INFO - [2026-03-16T02:42:18.398+0000] {dagbag.py:545} INFO - Filling up the DagBag from /opt/airflow/dags/dbt.py
[2026-03-16T02:42:18.402+0000] {logging_mixin.py:188} INFO - [2026-03-16T02:42:18.401+0000] {dagbag.py:355} ERROR - Failed to import: /opt/airflow/dags/dbt.py
Traceback (most recent call last):
  File "/home/airflow/.local/lib/python3.12/site-packages/airflow/models/dagbag.py", line 351, in parse
    loader.exec_module(new_module)
  File "<frozen importlib._bootstrap_external>", line 995, in exec_module
  File "<frozen importlib._bootstrap>", line 488, in _call_with_frames_removed
  File "/opt/airflow/dags/dbt.py", line 2, in <module>
    from airflow.providers.standard.operators.bash import BashOperator
ModuleNotFoundError: No module named 'airflow.providers.standard'
[2026-03-16T02:42:18.403+0000] {processor.py:842} WARNING - No viable dags retrieved from /opt/airflow/dags/dbt.py
[2026-03-16T02:42:18.428+0000] {processor.py:183} INFO - Processing /opt/airflow/dags/dbt.py took 0.041 seconds
[2026-03-16T02:42:48.923+0000] {processor.py:161} INFO - Started process (PID=5164) to work on /opt/airflow/dags/dbt.py
[2026-03-16T02:42:48.925+0000] {processor.py:830} INFO - Processing file /opt/airflow/dags/dbt.py for tasks to queue
[2026-03-16T02:42:48.934+0000] {logging_mixin.py:188} INFO - [2026-03-16T02:42:48.934+0000] {dagbag.py:545} INFO - Filling up the DagBag from /opt/airflow/dags/dbt.py
[2026-03-16T02:42:48.944+0000] {logging_mixin.py:188} INFO - [2026-03-16T02:42:48.940+0000] {dagbag.py:355} ERROR - Failed to import: /opt/airflow/dags/dbt.py
Traceback (most recent call last):
  File "/home/airflow/.local/lib/python3.12/site-packages/airflow/models/dagbag.py", line 351, in parse
    loader.exec_module(new_module)
  File "<frozen importlib._bootstrap_external>", line 995, in exec_module
  File "<frozen importlib._bootstrap>", line 488, in _call_with_frames_removed
  File "/opt/airflow/dags/dbt.py", line 2, in <module>
    from airflow.providers.standard.operators.bash import BashOperator
ModuleNotFoundError: No module named 'airflow.providers.standard'
[2026-03-16T02:42:48.944+0000] {processor.py:842} WARNING - No viable dags retrieved from /opt/airflow/dags/dbt.py
[2026-03-16T02:42:48.969+0000] {processor.py:183} INFO - Processing /opt/airflow/dags/dbt.py took 0.064 seconds
[2026-03-16T02:43:19.406+0000] {processor.py:161} INFO - Started process (PID=5166) to work on /opt/airflow/dags/dbt.py
[2026-03-16T02:43:19.407+0000] {processor.py:830} INFO - Processing file /opt/airflow/dags/dbt.py for tasks to queue
[2026-03-16T02:43:19.411+0000] {logging_mixin.py:188} INFO - [2026-03-16T02:43:19.410+0000] {dagbag.py:545} INFO - Filling up the DagBag from /opt/airflow/dags/dbt.py
[2026-03-16T02:43:19.419+0000] {logging_mixin.py:188} INFO - [2026-03-16T02:43:19.417+0000] {dagbag.py:355} ERROR - Failed to import: /opt/airflow/dags/dbt.py
Traceback (most recent call last):
  File "/home/airflow/.local/lib/python3.12/site-packages/airflow/models/dagbag.py", line 351, in parse
    loader.exec_module(new_module)
  File "<frozen importlib._bootstrap_external>", line 995, in exec_module
  File "<frozen importlib._bootstrap>", line 488, in _call_with_frames_removed
  File "/opt/airflow/dags/dbt.py", line 2, in <module>
    from airflow.providers.standard.operators.bash import BashOperator
ModuleNotFoundError: No module named 'airflow.providers.standard'
[2026-03-16T02:43:19.419+0000] {processor.py:842} WARNING - No viable dags retrieved from /opt/airflow/dags/dbt.py
[2026-03-16T02:43:19.453+0000] {processor.py:183} INFO - Processing /opt/airflow/dags/dbt.py took 0.062 seconds
[2026-03-16T02:43:49.863+0000] {processor.py:161} INFO - Started process (PID=5168) to work on /opt/airflow/dags/dbt.py
[2026-03-16T02:43:49.864+0000] {processor.py:830} INFO - Processing file /opt/airflow/dags/dbt.py for tasks to queue
[2026-03-16T02:43:49.874+0000] {logging_mixin.py:188} INFO - [2026-03-16T02:43:49.872+0000] {dagbag.py:545} INFO - Filling up the DagBag from /opt/airflow/dags/dbt.py
[2026-03-16T02:43:49.887+0000] {logging_mixin.py:188} INFO - [2026-03-16T02:43:49.881+0000] {dagbag.py:355} ERROR - Failed to import: /opt/airflow/dags/dbt.py
Traceback (most recent call last):
  File "/home/airflow/.local/lib/python3.12/site-packages/airflow/models/dagbag.py", line 351, in parse
    loader.exec_module(new_module)
  File "<frozen importlib._bootstrap_external>", line 995, in exec_module
  File "<frozen importlib._bootstrap>", line 488, in _call_with_frames_removed
  File "/opt/airflow/dags/dbt.py", line 2, in <module>
    from airflow.providers.standard.operators.bash import BashOperator
ModuleNotFoundError: No module named 'airflow.providers.standard'
[2026-03-16T02:43:49.887+0000] {processor.py:842} WARNING - No viable dags retrieved from /opt/airflow/dags/dbt.py
[2026-03-16T02:43:49.916+0000] {processor.py:183} INFO - Processing /opt/airflow/dags/dbt.py took 0.074 seconds
[2026-03-16T02:44:20.307+0000] {processor.py:161} INFO - Started process (PID=5170) to work on /opt/airflow/dags/dbt.py
[2026-03-16T02:44:20.308+0000] {processor.py:830} INFO - Processing file /opt/airflow/dags/dbt.py for tasks to queue
[2026-03-16T02:44:20.311+0000] {logging_mixin.py:188} INFO - [2026-03-16T02:44:20.310+0000] {dagbag.py:545} INFO - Filling up the DagBag from /opt/airflow/dags/dbt.py
[2026-03-16T02:44:20.315+0000] {logging_mixin.py:188} INFO - [2026-03-16T02:44:20.314+0000] {dagbag.py:355} ERROR - Failed to import: /opt/airflow/dags/dbt.py
Traceback (most recent call last):
  File "/home/airflow/.local/lib/python3.12/site-packages/airflow/models/dagbag.py", line 351, in parse
    loader.exec_module(new_module)
  File "<frozen importlib._bootstrap_external>", line 995, in exec_module
  File "<frozen importlib._bootstrap>", line 488, in _call_with_frames_removed
  File "/opt/airflow/dags/dbt.py", line 2, in <module>
    from airflow.providers.standard.operators.bash import BashOperator
ModuleNotFoundError: No module named 'airflow.providers.standard'
[2026-03-16T02:44:20.316+0000] {processor.py:842} WARNING - No viable dags retrieved from /opt/airflow/dags/dbt.py
[2026-03-16T02:44:20.342+0000] {processor.py:183} INFO - Processing /opt/airflow/dags/dbt.py took 0.050 seconds
[2026-03-16T02:44:50.768+0000] {processor.py:161} INFO - Started process (PID=5172) to work on /opt/airflow/dags/dbt.py
[2026-03-16T02:44:50.770+0000] {processor.py:830} INFO - Processing file /opt/airflow/dags/dbt.py for tasks to queue
[2026-03-16T02:44:50.780+0000] {logging_mixin.py:188} INFO - [2026-03-16T02:44:50.779+0000] {dagbag.py:545} INFO - Filling up the DagBag from /opt/airflow/dags/dbt.py
[2026-03-16T02:44:50.790+0000] {logging_mixin.py:188} INFO - [2026-03-16T02:44:50.786+0000] {dagbag.py:355} ERROR - Failed to import: /opt/airflow/dags/dbt.py
Traceback (most recent call last):
  File "/home/airflow/.local/lib/python3.12/site-packages/airflow/models/dagbag.py", line 351, in parse
    loader.exec_module(new_module)
  File "<frozen importlib._bootstrap_external>", line 995, in exec_module
  File "<frozen importlib._bootstrap>", line 488, in _call_with_frames_removed
  File "/opt/airflow/dags/dbt.py", line 2, in <module>
    from airflow.providers.standard.operators.bash import BashOperator
ModuleNotFoundError: No module named 'airflow.providers.standard'
[2026-03-16T02:44:50.791+0000] {processor.py:842} WARNING - No viable dags retrieved from /opt/airflow/dags/dbt.py
[2026-03-16T02:44:50.823+0000] {processor.py:183} INFO - Processing /opt/airflow/dags/dbt.py took 0.074 seconds
[2026-03-16T02:45:21.231+0000] {processor.py:161} INFO - Started process (PID=5174) to work on /opt/airflow/dags/dbt.py
[2026-03-16T02:45:21.232+0000] {processor.py:830} INFO - Processing file /opt/airflow/dags/dbt.py for tasks to queue
[2026-03-16T02:45:21.243+0000] {logging_mixin.py:188} INFO - [2026-03-16T02:45:21.243+0000] {dagbag.py:545} INFO - Filling up the DagBag from /opt/airflow/dags/dbt.py
[2026-03-16T02:45:21.252+0000] {logging_mixin.py:188} INFO - [2026-03-16T02:45:21.250+0000] {dagbag.py:355} ERROR - Failed to import: /opt/airflow/dags/dbt.py
Traceback (most recent call last):
  File "/home/airflow/.local/lib/python3.12/site-packages/airflow/models/dagbag.py", line 351, in parse
    loader.exec_module(new_module)
  File "<frozen importlib._bootstrap_external>", line 995, in exec_module
  File "<frozen importlib._bootstrap>", line 488, in _call_with_frames_removed
  File "/opt/airflow/dags/dbt.py", line 2, in <module>
    from airflow.providers.standard.operators.bash import BashOperator
ModuleNotFoundError: No module named 'airflow.providers.standard'
[2026-03-16T02:45:21.253+0000] {processor.py:842} WARNING - No viable dags retrieved from /opt/airflow/dags/dbt.py
[2026-03-16T02:45:21.290+0000] {processor.py:183} INFO - Processing /opt/airflow/dags/dbt.py took 0.079 seconds
[2026-03-16T02:45:51.746+0000] {processor.py:161} INFO - Started process (PID=5176) to work on /opt/airflow/dags/dbt.py
[2026-03-16T02:45:51.748+0000] {processor.py:830} INFO - Processing file /opt/airflow/dags/dbt.py for tasks to queue
[2026-03-16T02:45:51.757+0000] {logging_mixin.py:188} INFO - [2026-03-16T02:45:51.756+0000] {dagbag.py:545} INFO - Filling up the DagBag from /opt/airflow/dags/dbt.py
[2026-03-16T02:45:51.766+0000] {logging_mixin.py:188} INFO - [2026-03-16T02:45:51.764+0000] {dagbag.py:355} ERROR - Failed to import: /opt/airflow/dags/dbt.py
Traceback (most recent call last):
  File "/home/airflow/.local/lib/python3.12/site-packages/airflow/models/dagbag.py", line 351, in parse
    loader.exec_module(new_module)
  File "<frozen importlib._bootstrap_external>", line 995, in exec_module
  File "<frozen importlib._bootstrap>", line 488, in _call_with_frames_removed
  File "/opt/airflow/dags/dbt.py", line 2, in <module>
    from airflow.providers.standard.operators.bash import BashOperator
ModuleNotFoundError: No module named 'airflow.providers.standard'
[2026-03-16T02:45:51.769+0000] {processor.py:842} WARNING - No viable dags retrieved from /opt/airflow/dags/dbt.py
[2026-03-16T02:45:51.810+0000] {processor.py:183} INFO - Processing /opt/airflow/dags/dbt.py took 0.080 seconds
[2026-03-16T03:01:31.849+0000] {processor.py:161} INFO - Started process (PID=5178) to work on /opt/airflow/dags/dbt.py
[2026-03-16T03:01:31.852+0000] {processor.py:830} INFO - Processing file /opt/airflow/dags/dbt.py for tasks to queue
[2026-03-16T03:01:31.857+0000] {logging_mixin.py:188} INFO - [2026-03-16T03:01:31.857+0000] {dagbag.py:545} INFO - Filling up the DagBag from /opt/airflow/dags/dbt.py
[2026-03-16T03:01:31.866+0000] {logging_mixin.py:188} INFO - [2026-03-16T03:01:31.864+0000] {dagbag.py:355} ERROR - Failed to import: /opt/airflow/dags/dbt.py
Traceback (most recent call last):
  File "/home/airflow/.local/lib/python3.12/site-packages/airflow/models/dagbag.py", line 351, in parse
    loader.exec_module(new_module)
  File "<frozen importlib._bootstrap_external>", line 995, in exec_module
  File "<frozen importlib._bootstrap>", line 488, in _call_with_frames_removed
  File "/opt/airflow/dags/dbt.py", line 2, in <module>
    from airflow.providers.standard.operators.bash import BashOperator
ModuleNotFoundError: No module named 'airflow.providers.standard'
[2026-03-16T03:01:31.868+0000] {processor.py:842} WARNING - No viable dags retrieved from /opt/airflow/dags/dbt.py
[2026-03-16T03:01:31.902+0000] {processor.py:183} INFO - Processing /opt/airflow/dags/dbt.py took 0.066 seconds
[2026-03-16T03:17:27.965+0000] {processor.py:161} INFO - Started process (PID=5180) to work on /opt/airflow/dags/dbt.py
[2026-03-16T03:17:27.966+0000] {processor.py:830} INFO - Processing file /opt/airflow/dags/dbt.py for tasks to queue
[2026-03-16T03:17:27.969+0000] {logging_mixin.py:188} INFO - [2026-03-16T03:17:27.969+0000] {dagbag.py:545} INFO - Filling up the DagBag from /opt/airflow/dags/dbt.py
[2026-03-16T03:17:27.975+0000] {logging_mixin.py:188} INFO - [2026-03-16T03:17:27.974+0000] {dagbag.py:355} ERROR - Failed to import: /opt/airflow/dags/dbt.py
Traceback (most recent call last):
  File "/home/airflow/.local/lib/python3.12/site-packages/airflow/models/dagbag.py", line 351, in parse
    loader.exec_module(new_module)
  File "<frozen importlib._bootstrap_external>", line 995, in exec_module
  File "<frozen importlib._bootstrap>", line 488, in _call_with_frames_removed
  File "/opt/airflow/dags/dbt.py", line 2, in <module>
    from airflow.providers.standard.operators.bash import BashOperator
ModuleNotFoundError: No module named 'airflow.providers.standard'
[2026-03-16T03:17:27.976+0000] {processor.py:842} WARNING - No viable dags retrieved from /opt/airflow/dags/dbt.py
[2026-03-16T03:17:28.000+0000] {processor.py:183} INFO - Processing /opt/airflow/dags/dbt.py took 0.049 seconds
[2026-03-16T03:17:58.458+0000] {processor.py:161} INFO - Started process (PID=5182) to work on /opt/airflow/dags/dbt.py
[2026-03-16T03:17:58.462+0000] {processor.py:830} INFO - Processing file /opt/airflow/dags/dbt.py for tasks to queue
[2026-03-16T03:17:58.466+0000] {logging_mixin.py:188} INFO - [2026-03-16T03:17:58.465+0000] {dagbag.py:545} INFO - Filling up the DagBag from /opt/airflow/dags/dbt.py
[2026-03-16T03:17:58.474+0000] {logging_mixin.py:188} INFO - [2026-03-16T03:17:58.473+0000] {dagbag.py:355} ERROR - Failed to import: /opt/airflow/dags/dbt.py
Traceback (most recent call last):
  File "/home/airflow/.local/lib/python3.12/site-packages/airflow/models/dagbag.py", line 351, in parse
    loader.exec_module(new_module)
  File "<frozen importlib._bootstrap_external>", line 995, in exec_module
  File "<frozen importlib._bootstrap>", line 488, in _call_with_frames_removed
  File "/opt/airflow/dags/dbt.py", line 2, in <module>
    from airflow.providers.standard.operators.bash import BashOperator
ModuleNotFoundError: No module named 'airflow.providers.standard'
[2026-03-16T03:17:58.475+0000] {processor.py:842} WARNING - No viable dags retrieved from /opt/airflow/dags/dbt.py
[2026-03-16T03:17:58.506+0000] {processor.py:183} INFO - Processing /opt/airflow/dags/dbt.py took 0.073 seconds
[2026-03-16T03:34:02.932+0000] {processor.py:161} INFO - Started process (PID=5184) to work on /opt/airflow/dags/dbt.py
[2026-03-16T03:34:02.933+0000] {processor.py:830} INFO - Processing file /opt/airflow/dags/dbt.py for tasks to queue
[2026-03-16T03:34:02.939+0000] {logging_mixin.py:188} INFO - [2026-03-16T03:34:02.939+0000] {dagbag.py:545} INFO - Filling up the DagBag from /opt/airflow/dags/dbt.py
[2026-03-16T03:34:02.950+0000] {logging_mixin.py:188} INFO - [2026-03-16T03:34:02.946+0000] {dagbag.py:355} ERROR - Failed to import: /opt/airflow/dags/dbt.py
Traceback (most recent call last):
  File "/home/airflow/.local/lib/python3.12/site-packages/airflow/models/dagbag.py", line 351, in parse
    loader.exec_module(new_module)
  File "<frozen importlib._bootstrap_external>", line 995, in exec_module
  File "<frozen importlib._bootstrap>", line 488, in _call_with_frames_removed
  File "/opt/airflow/dags/dbt.py", line 2, in <module>
    from airflow.providers.standard.operators.bash import BashOperator
ModuleNotFoundError: No module named 'airflow.providers.standard'
[2026-03-16T03:34:02.951+0000] {processor.py:842} WARNING - No viable dags retrieved from /opt/airflow/dags/dbt.py
[2026-03-16T03:34:02.980+0000] {processor.py:183} INFO - Processing /opt/airflow/dags/dbt.py took 0.066 seconds
[2026-03-16T03:34:33.427+0000] {processor.py:161} INFO - Started process (PID=5186) to work on /opt/airflow/dags/dbt.py
[2026-03-16T03:34:33.428+0000] {processor.py:830} INFO - Processing file /opt/airflow/dags/dbt.py for tasks to queue
[2026-03-16T03:34:33.433+0000] {logging_mixin.py:188} INFO - [2026-03-16T03:34:33.432+0000] {dagbag.py:545} INFO - Filling up the DagBag from /opt/airflow/dags/dbt.py
[2026-03-16T03:34:33.442+0000] {logging_mixin.py:188} INFO - [2026-03-16T03:34:33.440+0000] {dagbag.py:355} ERROR - Failed to import: /opt/airflow/dags/dbt.py
Traceback (most recent call last):
  File "/home/airflow/.local/lib/python3.12/site-packages/airflow/models/dagbag.py", line 351, in parse
    loader.exec_module(new_module)
  File "<frozen importlib._bootstrap_external>", line 995, in exec_module
  File "<frozen importlib._bootstrap>", line 488, in _call_with_frames_removed
  File "/opt/airflow/dags/dbt.py", line 2, in <module>
    from airflow.providers.standard.operators.bash import BashOperator
ModuleNotFoundError: No module named 'airflow.providers.standard'
[2026-03-16T03:34:33.443+0000] {processor.py:842} WARNING - No viable dags retrieved from /opt/airflow/dags/dbt.py
[2026-03-16T03:34:33.474+0000] {processor.py:183} INFO - Processing /opt/airflow/dags/dbt.py took 0.061 seconds
[2026-03-16T03:50:28.706+0000] {processor.py:161} INFO - Started process (PID=5188) to work on /opt/airflow/dags/dbt.py
[2026-03-16T03:50:28.708+0000] {processor.py:830} INFO - Processing file /opt/airflow/dags/dbt.py for tasks to queue
[2026-03-16T03:50:28.713+0000] {logging_mixin.py:188} INFO - [2026-03-16T03:50:28.712+0000] {dagbag.py:545} INFO - Filling up the DagBag from /opt/airflow/dags/dbt.py
[2026-03-16T03:50:28.723+0000] {logging_mixin.py:188} INFO - [2026-03-16T03:50:28.722+0000] {dagbag.py:355} ERROR - Failed to import: /opt/airflow/dags/dbt.py
Traceback (most recent call last):
  File "/home/airflow/.local/lib/python3.12/site-packages/airflow/models/dagbag.py", line 351, in parse
    loader.exec_module(new_module)
  File "<frozen importlib._bootstrap_external>", line 995, in exec_module
  File "<frozen importlib._bootstrap>", line 488, in _call_with_frames_removed
  File "/opt/airflow/dags/dbt.py", line 2, in <module>
    from airflow.providers.standard.operators.bash import BashOperator
ModuleNotFoundError: No module named 'airflow.providers.standard'
[2026-03-16T03:50:28.724+0000] {processor.py:842} WARNING - No viable dags retrieved from /opt/airflow/dags/dbt.py
[2026-03-16T03:50:28.748+0000] {processor.py:183} INFO - Processing /opt/airflow/dags/dbt.py took 0.064 seconds
[2026-03-16T04:06:23.954+0000] {processor.py:161} INFO - Started process (PID=5190) to work on /opt/airflow/dags/dbt.py
[2026-03-16T04:06:23.955+0000] {processor.py:830} INFO - Processing file /opt/airflow/dags/dbt.py for tasks to queue
[2026-03-16T04:06:23.963+0000] {logging_mixin.py:188} INFO - [2026-03-16T04:06:23.961+0000] {dagbag.py:545} INFO - Filling up the DagBag from /opt/airflow/dags/dbt.py
[2026-03-16T04:06:23.970+0000] {logging_mixin.py:188} INFO - [2026-03-16T04:06:23.968+0000] {dagbag.py:355} ERROR - Failed to import: /opt/airflow/dags/dbt.py
Traceback (most recent call last):
  File "/home/airflow/.local/lib/python3.12/site-packages/airflow/models/dagbag.py", line 351, in parse
    loader.exec_module(new_module)
  File "<frozen importlib._bootstrap_external>", line 995, in exec_module
  File "<frozen importlib._bootstrap>", line 488, in _call_with_frames_removed
  File "/opt/airflow/dags/dbt.py", line 2, in <module>
    from airflow.providers.standard.operators.bash import BashOperator
ModuleNotFoundError: No module named 'airflow.providers.standard'
[2026-03-16T04:06:23.971+0000] {processor.py:842} WARNING - No viable dags retrieved from /opt/airflow/dags/dbt.py
[2026-03-16T04:06:24.009+0000] {processor.py:183} INFO - Processing /opt/airflow/dags/dbt.py took 0.072 seconds
[2026-03-16T04:07:19.367+0000] {processor.py:161} INFO - Started process (PID=5192) to work on /opt/airflow/dags/dbt.py
[2026-03-16T04:07:19.369+0000] {processor.py:830} INFO - Processing file /opt/airflow/dags/dbt.py for tasks to queue
[2026-03-16T04:07:19.378+0000] {logging_mixin.py:188} INFO - [2026-03-16T04:07:19.376+0000] {dagbag.py:545} INFO - Filling up the DagBag from /opt/airflow/dags/dbt.py
[2026-03-16T04:07:19.390+0000] {logging_mixin.py:188} INFO - [2026-03-16T04:07:19.385+0000] {dagbag.py:355} ERROR - Failed to import: /opt/airflow/dags/dbt.py
Traceback (most recent call last):
  File "/home/airflow/.local/lib/python3.12/site-packages/airflow/models/dagbag.py", line 351, in parse
    loader.exec_module(new_module)
  File "<frozen importlib._bootstrap_external>", line 995, in exec_module
  File "<frozen importlib._bootstrap>", line 488, in _call_with_frames_removed
  File "/opt/airflow/dags/dbt.py", line 2, in <module>
    from airflow.providers.standard.operators.bash import BashOperator
ModuleNotFoundError: No module named 'airflow.providers.standard'
[2026-03-16T04:07:19.390+0000] {processor.py:842} WARNING - No viable dags retrieved from /opt/airflow/dags/dbt.py
[2026-03-16T04:07:19.422+0000] {processor.py:183} INFO - Processing /opt/airflow/dags/dbt.py took 0.083 seconds
[2026-03-16T04:07:55.311+0000] {processor.py:161} INFO - Started process (PID=5194) to work on /opt/airflow/dags/dbt.py
[2026-03-16T04:07:55.314+0000] {processor.py:830} INFO - Processing file /opt/airflow/dags/dbt.py for tasks to queue
[2026-03-16T04:07:55.324+0000] {logging_mixin.py:188} INFO - [2026-03-16T04:07:55.323+0000] {dagbag.py:545} INFO - Filling up the DagBag from /opt/airflow/dags/dbt.py
[2026-03-16T04:07:55.338+0000] {logging_mixin.py:188} INFO - [2026-03-16T04:07:55.335+0000] {dagbag.py:355} ERROR - Failed to import: /opt/airflow/dags/dbt.py
Traceback (most recent call last):
  File "/home/airflow/.local/lib/python3.12/site-packages/airflow/models/dagbag.py", line 351, in parse
    loader.exec_module(new_module)
  File "<frozen importlib._bootstrap_external>", line 995, in exec_module
  File "<frozen importlib._bootstrap>", line 488, in _call_with_frames_removed
  File "/opt/airflow/dags/dbt.py", line 2, in <module>
    from airflow.providers.standard.operators.bash import BashOperator
ModuleNotFoundError: No module named 'airflow.providers.standard'
[2026-03-16T04:07:55.339+0000] {processor.py:842} WARNING - No viable dags retrieved from /opt/airflow/dags/dbt.py
[2026-03-16T04:07:55.374+0000] {processor.py:183} INFO - Processing /opt/airflow/dags/dbt.py took 0.090 seconds
[2026-03-16T04:24:07.348+0000] {processor.py:161} INFO - Started process (PID=5196) to work on /opt/airflow/dags/dbt.py
[2026-03-16T04:24:07.349+0000] {processor.py:830} INFO - Processing file /opt/airflow/dags/dbt.py for tasks to queue
[2026-03-16T04:24:07.355+0000] {logging_mixin.py:188} INFO - [2026-03-16T04:24:07.354+0000] {dagbag.py:545} INFO - Filling up the DagBag from /opt/airflow/dags/dbt.py
[2026-03-16T04:24:07.366+0000] {logging_mixin.py:188} INFO - [2026-03-16T04:24:07.363+0000] {dagbag.py:355} ERROR - Failed to import: /opt/airflow/dags/dbt.py
Traceback (most recent call last):
  File "/home/airflow/.local/lib/python3.12/site-packages/airflow/models/dagbag.py", line 351, in parse
    loader.exec_module(new_module)
  File "<frozen importlib._bootstrap_external>", line 995, in exec_module
  File "<frozen importlib._bootstrap>", line 488, in _call_with_frames_removed
  File "/opt/airflow/dags/dbt.py", line 2, in <module>
    from airflow.providers.standard.operators.bash import BashOperator
ModuleNotFoundError: No module named 'airflow.providers.standard'
[2026-03-16T04:24:07.368+0000] {processor.py:842} WARNING - No viable dags retrieved from /opt/airflow/dags/dbt.py
[2026-03-16T04:24:07.392+0000] {processor.py:183} INFO - Processing /opt/airflow/dags/dbt.py took 0.062 seconds
[2026-03-16T04:24:37.841+0000] {processor.py:161} INFO - Started process (PID=5198) to work on /opt/airflow/dags/dbt.py
[2026-03-16T04:24:37.842+0000] {processor.py:830} INFO - Processing file /opt/airflow/dags/dbt.py for tasks to queue
[2026-03-16T04:24:37.844+0000] {logging_mixin.py:188} INFO - [2026-03-16T04:24:37.844+0000] {dagbag.py:545} INFO - Filling up the DagBag from /opt/airflow/dags/dbt.py
[2026-03-16T04:24:37.849+0000] {logging_mixin.py:188} INFO - [2026-03-16T04:24:37.847+0000] {dagbag.py:355} ERROR - Failed to import: /opt/airflow/dags/dbt.py
Traceback (most recent call last):
  File "/home/airflow/.local/lib/python3.12/site-packages/airflow/models/dagbag.py", line 351, in parse
    loader.exec_module(new_module)
  File "<frozen importlib._bootstrap_external>", line 995, in exec_module
  File "<frozen importlib._bootstrap>", line 488, in _call_with_frames_removed
  File "/opt/airflow/dags/dbt.py", line 2, in <module>
    from airflow.providers.standard.operators.bash import BashOperator
ModuleNotFoundError: No module named 'airflow.providers.standard'
[2026-03-16T04:24:37.849+0000] {processor.py:842} WARNING - No viable dags retrieved from /opt/airflow/dags/dbt.py
[2026-03-16T04:24:37.868+0000] {processor.py:183} INFO - Processing /opt/airflow/dags/dbt.py took 0.035 seconds
[2026-03-16T04:40:32.295+0000] {processor.py:161} INFO - Started process (PID=5200) to work on /opt/airflow/dags/dbt.py
[2026-03-16T04:40:32.296+0000] {processor.py:830} INFO - Processing file /opt/airflow/dags/dbt.py for tasks to queue
[2026-03-16T04:40:32.302+0000] {logging_mixin.py:188} INFO - [2026-03-16T04:40:32.302+0000] {dagbag.py:545} INFO - Filling up the DagBag from /opt/airflow/dags/dbt.py
[2026-03-16T04:40:32.309+0000] {logging_mixin.py:188} INFO - [2026-03-16T04:40:32.308+0000] {dagbag.py:355} ERROR - Failed to import: /opt/airflow/dags/dbt.py
Traceback (most recent call last):
  File "/home/airflow/.local/lib/python3.12/site-packages/airflow/models/dagbag.py", line 351, in parse
    loader.exec_module(new_module)
  File "<frozen importlib._bootstrap_external>", line 995, in exec_module
  File "<frozen importlib._bootstrap>", line 488, in _call_with_frames_removed
  File "/opt/airflow/dags/dbt.py", line 2, in <module>
    from airflow.providers.standard.operators.bash import BashOperator
ModuleNotFoundError: No module named 'airflow.providers.standard'
[2026-03-16T04:40:32.309+0000] {processor.py:842} WARNING - No viable dags retrieved from /opt/airflow/dags/dbt.py
[2026-03-16T04:40:32.338+0000] {processor.py:183} INFO - Processing /opt/airflow/dags/dbt.py took 0.064 seconds
[2026-03-16T04:46:50.800+0000] {processor.py:161} INFO - Started process (PID=5202) to work on /opt/airflow/dags/dbt.py
[2026-03-16T04:46:50.801+0000] {processor.py:830} INFO - Processing file /opt/airflow/dags/dbt.py for tasks to queue
[2026-03-16T04:46:50.805+0000] {logging_mixin.py:188} INFO - [2026-03-16T04:46:50.805+0000] {dagbag.py:545} INFO - Filling up the DagBag from /opt/airflow/dags/dbt.py
[2026-03-16T04:46:50.815+0000] {logging_mixin.py:188} INFO - [2026-03-16T04:46:50.813+0000] {dagbag.py:355} ERROR - Failed to import: /opt/airflow/dags/dbt.py
Traceback (most recent call last):
  File "/home/airflow/.local/lib/python3.12/site-packages/airflow/models/dagbag.py", line 351, in parse
    loader.exec_module(new_module)
  File "<frozen importlib._bootstrap_external>", line 995, in exec_module
  File "<frozen importlib._bootstrap>", line 488, in _call_with_frames_removed
  File "/opt/airflow/dags/dbt.py", line 2, in <module>
    from airflow.providers.standard.operators.bash import BashOperator
ModuleNotFoundError: No module named 'airflow.providers.standard'
[2026-03-16T04:46:50.817+0000] {processor.py:842} WARNING - No viable dags retrieved from /opt/airflow/dags/dbt.py
[2026-03-16T04:46:50.849+0000] {processor.py:183} INFO - Processing /opt/airflow/dags/dbt.py took 0.062 seconds
[2026-03-16T04:47:21.353+0000] {processor.py:161} INFO - Started process (PID=5204) to work on /opt/airflow/dags/dbt.py
[2026-03-16T04:47:21.356+0000] {processor.py:830} INFO - Processing file /opt/airflow/dags/dbt.py for tasks to queue
[2026-03-16T04:47:21.358+0000] {logging_mixin.py:188} INFO - [2026-03-16T04:47:21.358+0000] {dagbag.py:545} INFO - Filling up the DagBag from /opt/airflow/dags/dbt.py
[2026-03-16T04:47:21.375+0000] {logging_mixin.py:188} INFO - [2026-03-16T04:47:21.363+0000] {dagbag.py:355} ERROR - Failed to import: /opt/airflow/dags/dbt.py
Traceback (most recent call last):
  File "/home/airflow/.local/lib/python3.12/site-packages/airflow/models/dagbag.py", line 351, in parse
    loader.exec_module(new_module)
  File "<frozen importlib._bootstrap_external>", line 995, in exec_module
  File "<frozen importlib._bootstrap>", line 488, in _call_with_frames_removed
  File "/opt/airflow/dags/dbt.py", line 2, in <module>
    from airflow.providers.standard.operators.bash import BashOperator
ModuleNotFoundError: No module named 'airflow.providers.standard'
[2026-03-16T04:47:21.376+0000] {processor.py:842} WARNING - No viable dags retrieved from /opt/airflow/dags/dbt.py
[2026-03-16T04:47:21.411+0000] {processor.py:183} INFO - Processing /opt/airflow/dags/dbt.py took 0.076 seconds
[2026-03-16T05:03:19.690+0000] {processor.py:161} INFO - Started process (PID=5206) to work on /opt/airflow/dags/dbt.py
[2026-03-16T05:03:19.691+0000] {processor.py:830} INFO - Processing file /opt/airflow/dags/dbt.py for tasks to queue
[2026-03-16T05:03:19.696+0000] {logging_mixin.py:188} INFO - [2026-03-16T05:03:19.695+0000] {dagbag.py:545} INFO - Filling up the DagBag from /opt/airflow/dags/dbt.py
[2026-03-16T05:03:19.703+0000] {logging_mixin.py:188} INFO - [2026-03-16T05:03:19.701+0000] {dagbag.py:355} ERROR - Failed to import: /opt/airflow/dags/dbt.py
Traceback (most recent call last):
  File "/home/airflow/.local/lib/python3.12/site-packages/airflow/models/dagbag.py", line 351, in parse
    loader.exec_module(new_module)
  File "<frozen importlib._bootstrap_external>", line 995, in exec_module
  File "<frozen importlib._bootstrap>", line 488, in _call_with_frames_removed
  File "/opt/airflow/dags/dbt.py", line 2, in <module>
    from airflow.providers.standard.operators.bash import BashOperator
ModuleNotFoundError: No module named 'airflow.providers.standard'
[2026-03-16T05:03:19.705+0000] {processor.py:842} WARNING - No viable dags retrieved from /opt/airflow/dags/dbt.py
[2026-03-16T05:03:19.731+0000] {processor.py:183} INFO - Processing /opt/airflow/dags/dbt.py took 0.062 seconds
[2026-03-16T05:19:15.105+0000] {processor.py:161} INFO - Started process (PID=5208) to work on /opt/airflow/dags/dbt.py
[2026-03-16T05:19:15.108+0000] {processor.py:830} INFO - Processing file /opt/airflow/dags/dbt.py for tasks to queue
[2026-03-16T05:19:15.115+0000] {logging_mixin.py:188} INFO - [2026-03-16T05:19:15.114+0000] {dagbag.py:545} INFO - Filling up the DagBag from /opt/airflow/dags/dbt.py
[2026-03-16T05:19:15.121+0000] {logging_mixin.py:188} INFO - [2026-03-16T05:19:15.120+0000] {dagbag.py:355} ERROR - Failed to import: /opt/airflow/dags/dbt.py
Traceback (most recent call last):
  File "/home/airflow/.local/lib/python3.12/site-packages/airflow/models/dagbag.py", line 351, in parse
    loader.exec_module(new_module)
  File "<frozen importlib._bootstrap_external>", line 995, in exec_module
  File "<frozen importlib._bootstrap>", line 488, in _call_with_frames_removed
  File "/opt/airflow/dags/dbt.py", line 2, in <module>
    from airflow.providers.standard.operators.bash import BashOperator
ModuleNotFoundError: No module named 'airflow.providers.standard'
[2026-03-16T05:19:15.122+0000] {processor.py:842} WARNING - No viable dags retrieved from /opt/airflow/dags/dbt.py
[2026-03-16T05:19:15.145+0000] {processor.py:183} INFO - Processing /opt/airflow/dags/dbt.py took 0.060 seconds
[2026-03-16T05:20:09.346+0000] {processor.py:161} INFO - Started process (PID=5210) to work on /opt/airflow/dags/dbt.py
[2026-03-16T05:20:09.350+0000] {processor.py:830} INFO - Processing file /opt/airflow/dags/dbt.py for tasks to queue
[2026-03-16T05:20:09.356+0000] {logging_mixin.py:188} INFO - [2026-03-16T05:20:09.356+0000] {dagbag.py:545} INFO - Filling up the DagBag from /opt/airflow/dags/dbt.py
[2026-03-16T05:20:09.365+0000] {logging_mixin.py:188} INFO - [2026-03-16T05:20:09.363+0000] {dagbag.py:355} ERROR - Failed to import: /opt/airflow/dags/dbt.py
Traceback (most recent call last):
  File "/home/airflow/.local/lib/python3.12/site-packages/airflow/models/dagbag.py", line 351, in parse
    loader.exec_module(new_module)
  File "<frozen importlib._bootstrap_external>", line 995, in exec_module
  File "<frozen importlib._bootstrap>", line 488, in _call_with_frames_removed
  File "/opt/airflow/dags/dbt.py", line 2, in <module>
    from airflow.providers.standard.operators.bash import BashOperator
ModuleNotFoundError: No module named 'airflow.providers.standard'
[2026-03-16T05:20:09.365+0000] {processor.py:842} WARNING - No viable dags retrieved from /opt/airflow/dags/dbt.py
[2026-03-16T05:20:09.402+0000] {processor.py:183} INFO - Processing /opt/airflow/dags/dbt.py took 0.083 seconds
[2026-03-16T05:20:41.532+0000] {processor.py:161} INFO - Started process (PID=5212) to work on /opt/airflow/dags/dbt.py
[2026-03-16T05:20:41.533+0000] {processor.py:830} INFO - Processing file /opt/airflow/dags/dbt.py for tasks to queue
[2026-03-16T05:20:41.538+0000] {logging_mixin.py:188} INFO - [2026-03-16T05:20:41.537+0000] {dagbag.py:545} INFO - Filling up the DagBag from /opt/airflow/dags/dbt.py
[2026-03-16T05:20:41.546+0000] {logging_mixin.py:188} INFO - [2026-03-16T05:20:41.544+0000] {dagbag.py:355} ERROR - Failed to import: /opt/airflow/dags/dbt.py
Traceback (most recent call last):
  File "/home/airflow/.local/lib/python3.12/site-packages/airflow/models/dagbag.py", line 351, in parse
    loader.exec_module(new_module)
  File "<frozen importlib._bootstrap_external>", line 995, in exec_module
  File "<frozen importlib._bootstrap>", line 488, in _call_with_frames_removed
  File "/opt/airflow/dags/dbt.py", line 2, in <module>
    from airflow.providers.standard.operators.bash import BashOperator
ModuleNotFoundError: No module named 'airflow.providers.standard'
[2026-03-16T05:20:41.547+0000] {processor.py:842} WARNING - No viable dags retrieved from /opt/airflow/dags/dbt.py
[2026-03-16T05:20:41.581+0000] {processor.py:183} INFO - Processing /opt/airflow/dags/dbt.py took 0.066 seconds
[2026-03-16T05:21:12.029+0000] {processor.py:161} INFO - Started process (PID=5214) to work on /opt/airflow/dags/dbt.py
[2026-03-16T05:21:12.030+0000] {processor.py:830} INFO - Processing file /opt/airflow/dags/dbt.py for tasks to queue
[2026-03-16T05:21:12.033+0000] {logging_mixin.py:188} INFO - [2026-03-16T05:21:12.033+0000] {dagbag.py:545} INFO - Filling up the DagBag from /opt/airflow/dags/dbt.py
[2026-03-16T05:21:12.044+0000] {logging_mixin.py:188} INFO - [2026-03-16T05:21:12.038+0000] {dagbag.py:355} ERROR - Failed to import: /opt/airflow/dags/dbt.py
Traceback (most recent call last):
  File "/home/airflow/.local/lib/python3.12/site-packages/airflow/models/dagbag.py", line 351, in parse
    loader.exec_module(new_module)
  File "<frozen importlib._bootstrap_external>", line 995, in exec_module
  File "<frozen importlib._bootstrap>", line 488, in _call_with_frames_removed
  File "/opt/airflow/dags/dbt.py", line 2, in <module>
    from airflow.providers.standard.operators.bash import BashOperator
ModuleNotFoundError: No module named 'airflow.providers.standard'
[2026-03-16T05:21:12.046+0000] {processor.py:842} WARNING - No viable dags retrieved from /opt/airflow/dags/dbt.py
[2026-03-16T05:21:12.071+0000] {processor.py:183} INFO - Processing /opt/airflow/dags/dbt.py took 0.050 seconds
[2026-03-16T05:37:07.206+0000] {processor.py:161} INFO - Started process (PID=5216) to work on /opt/airflow/dags/dbt.py
[2026-03-16T05:37:07.207+0000] {processor.py:830} INFO - Processing file /opt/airflow/dags/dbt.py for tasks to queue
[2026-03-16T05:37:07.211+0000] {logging_mixin.py:188} INFO - [2026-03-16T05:37:07.210+0000] {dagbag.py:545} INFO - Filling up the DagBag from /opt/airflow/dags/dbt.py
[2026-03-16T05:37:07.219+0000] {logging_mixin.py:188} INFO - [2026-03-16T05:37:07.218+0000] {dagbag.py:355} ERROR - Failed to import: /opt/airflow/dags/dbt.py
Traceback (most recent call last):
  File "/home/airflow/.local/lib/python3.12/site-packages/airflow/models/dagbag.py", line 351, in parse
    loader.exec_module(new_module)
  File "<frozen importlib._bootstrap_external>", line 995, in exec_module
  File "<frozen importlib._bootstrap>", line 488, in _call_with_frames_removed
  File "/opt/airflow/dags/dbt.py", line 2, in <module>
    from airflow.providers.standard.operators.bash import BashOperator
ModuleNotFoundError: No module named 'airflow.providers.standard'
[2026-03-16T05:37:07.220+0000] {processor.py:842} WARNING - No viable dags retrieved from /opt/airflow/dags/dbt.py
[2026-03-16T05:37:07.241+0000] {processor.py:183} INFO - Processing /opt/airflow/dags/dbt.py took 0.056 seconds
[2026-03-16T05:47:45.131+0000] {processor.py:161} INFO - Started process (PID=5218) to work on /opt/airflow/dags/dbt.py
[2026-03-16T05:47:45.133+0000] {processor.py:830} INFO - Processing file /opt/airflow/dags/dbt.py for tasks to queue
[2026-03-16T05:47:45.136+0000] {logging_mixin.py:188} INFO - [2026-03-16T05:47:45.135+0000] {dagbag.py:545} INFO - Filling up the DagBag from /opt/airflow/dags/dbt.py
[2026-03-16T05:47:45.141+0000] {logging_mixin.py:188} INFO - [2026-03-16T05:47:45.139+0000] {dagbag.py:355} ERROR - Failed to import: /opt/airflow/dags/dbt.py
Traceback (most recent call last):
  File "/home/airflow/.local/lib/python3.12/site-packages/airflow/models/dagbag.py", line 351, in parse
    loader.exec_module(new_module)
  File "<frozen importlib._bootstrap_external>", line 995, in exec_module
  File "<frozen importlib._bootstrap>", line 488, in _call_with_frames_removed
  File "/opt/airflow/dags/dbt.py", line 2, in <module>
    from airflow.providers.standard.operators.bash import BashOperator
ModuleNotFoundError: No module named 'airflow.providers.standard'
[2026-03-16T05:47:45.144+0000] {processor.py:842} WARNING - No viable dags retrieved from /opt/airflow/dags/dbt.py
[2026-03-16T05:47:45.174+0000] {processor.py:183} INFO - Processing /opt/airflow/dags/dbt.py took 0.053 seconds
[2026-03-16T05:48:15.672+0000] {processor.py:161} INFO - Started process (PID=5220) to work on /opt/airflow/dags/dbt.py
[2026-03-16T05:48:15.674+0000] {processor.py:830} INFO - Processing file /opt/airflow/dags/dbt.py for tasks to queue
[2026-03-16T05:48:15.679+0000] {logging_mixin.py:188} INFO - [2026-03-16T05:48:15.678+0000] {dagbag.py:545} INFO - Filling up the DagBag from /opt/airflow/dags/dbt.py
[2026-03-16T05:48:15.688+0000] {logging_mixin.py:188} INFO - [2026-03-16T05:48:15.687+0000] {dagbag.py:355} ERROR - Failed to import: /opt/airflow/dags/dbt.py
Traceback (most recent call last):
  File "/home/airflow/.local/lib/python3.12/site-packages/airflow/models/dagbag.py", line 351, in parse
    loader.exec_module(new_module)
  File "<frozen importlib._bootstrap_external>", line 995, in exec_module
  File "<frozen importlib._bootstrap>", line 488, in _call_with_frames_removed
  File "/opt/airflow/dags/dbt.py", line 2, in <module>
    from airflow.providers.standard.operators.bash import BashOperator
ModuleNotFoundError: No module named 'airflow.providers.standard'
[2026-03-16T05:48:15.689+0000] {processor.py:842} WARNING - No viable dags retrieved from /opt/airflow/dags/dbt.py
[2026-03-16T05:48:15.720+0000] {processor.py:183} INFO - Processing /opt/airflow/dags/dbt.py took 0.076 seconds
[2026-03-16T06:04:10.891+0000] {processor.py:161} INFO - Started process (PID=5222) to work on /opt/airflow/dags/dbt.py
[2026-03-16T06:04:10.893+0000] {processor.py:830} INFO - Processing file /opt/airflow/dags/dbt.py for tasks to queue
[2026-03-16T06:04:10.899+0000] {logging_mixin.py:188} INFO - [2026-03-16T06:04:10.899+0000] {dagbag.py:545} INFO - Filling up the DagBag from /opt/airflow/dags/dbt.py
[2026-03-16T06:04:10.908+0000] {logging_mixin.py:188} INFO - [2026-03-16T06:04:10.905+0000] {dagbag.py:355} ERROR - Failed to import: /opt/airflow/dags/dbt.py
Traceback (most recent call last):
  File "/home/airflow/.local/lib/python3.12/site-packages/airflow/models/dagbag.py", line 351, in parse
    loader.exec_module(new_module)
  File "<frozen importlib._bootstrap_external>", line 995, in exec_module
  File "<frozen importlib._bootstrap>", line 488, in _call_with_frames_removed
  File "/opt/airflow/dags/dbt.py", line 2, in <module>
    from airflow.providers.standard.operators.bash import BashOperator
ModuleNotFoundError: No module named 'airflow.providers.standard'
[2026-03-16T06:04:10.909+0000] {processor.py:842} WARNING - No viable dags retrieved from /opt/airflow/dags/dbt.py
[2026-03-16T06:04:10.938+0000] {processor.py:183} INFO - Processing /opt/airflow/dags/dbt.py took 0.059 seconds
[2026-03-16T06:20:05.335+0000] {processor.py:161} INFO - Started process (PID=5224) to work on /opt/airflow/dags/dbt.py
[2026-03-16T06:20:05.336+0000] {processor.py:830} INFO - Processing file /opt/airflow/dags/dbt.py for tasks to queue
[2026-03-16T06:20:05.340+0000] {logging_mixin.py:188} INFO - [2026-03-16T06:20:05.339+0000] {dagbag.py:545} INFO - Filling up the DagBag from /opt/airflow/dags/dbt.py
[2026-03-16T06:20:05.346+0000] {logging_mixin.py:188} INFO - [2026-03-16T06:20:05.345+0000] {dagbag.py:355} ERROR - Failed to import: /opt/airflow/dags/dbt.py
Traceback (most recent call last):
  File "/home/airflow/.local/lib/python3.12/site-packages/airflow/models/dagbag.py", line 351, in parse
    loader.exec_module(new_module)
  File "<frozen importlib._bootstrap_external>", line 995, in exec_module
  File "<frozen importlib._bootstrap>", line 488, in _call_with_frames_removed
  File "/opt/airflow/dags/dbt.py", line 2, in <module>
    from airflow.providers.standard.operators.bash import BashOperator
ModuleNotFoundError: No module named 'airflow.providers.standard'
[2026-03-16T06:20:05.349+0000] {processor.py:842} WARNING - No viable dags retrieved from /opt/airflow/dags/dbt.py
[2026-03-16T06:20:05.373+0000] {processor.py:183} INFO - Processing /opt/airflow/dags/dbt.py took 0.052 seconds
[2026-03-16T06:20:35.853+0000] {processor.py:161} INFO - Started process (PID=5226) to work on /opt/airflow/dags/dbt.py
[2026-03-16T06:20:35.854+0000] {processor.py:830} INFO - Processing file /opt/airflow/dags/dbt.py for tasks to queue
[2026-03-16T06:20:35.861+0000] {logging_mixin.py:188} INFO - [2026-03-16T06:20:35.861+0000] {dagbag.py:545} INFO - Filling up the DagBag from /opt/airflow/dags/dbt.py
[2026-03-16T06:20:35.871+0000] {logging_mixin.py:188} INFO - [2026-03-16T06:20:35.867+0000] {dagbag.py:355} ERROR - Failed to import: /opt/airflow/dags/dbt.py
Traceback (most recent call last):
  File "/home/airflow/.local/lib/python3.12/site-packages/airflow/models/dagbag.py", line 351, in parse
    loader.exec_module(new_module)
  File "<frozen importlib._bootstrap_external>", line 995, in exec_module
  File "<frozen importlib._bootstrap>", line 488, in _call_with_frames_removed
  File "/opt/airflow/dags/dbt.py", line 2, in <module>
    from airflow.providers.standard.operators.bash import BashOperator
ModuleNotFoundError: No module named 'airflow.providers.standard'
[2026-03-16T06:20:35.872+0000] {processor.py:842} WARNING - No viable dags retrieved from /opt/airflow/dags/dbt.py
[2026-03-16T06:20:35.910+0000] {processor.py:183} INFO - Processing /opt/airflow/dags/dbt.py took 0.083 seconds
[2026-03-16T06:48:36.117+0000] {processor.py:161} INFO - Started process (PID=5228) to work on /opt/airflow/dags/dbt.py
[2026-03-16T06:48:36.118+0000] {processor.py:830} INFO - Processing file /opt/airflow/dags/dbt.py for tasks to queue
[2026-03-16T06:48:36.122+0000] {logging_mixin.py:188} INFO - [2026-03-16T06:48:36.122+0000] {dagbag.py:545} INFO - Filling up the DagBag from /opt/airflow/dags/dbt.py
[2026-03-16T06:48:36.129+0000] {logging_mixin.py:188} INFO - [2026-03-16T06:48:36.126+0000] {dagbag.py:355} ERROR - Failed to import: /opt/airflow/dags/dbt.py
Traceback (most recent call last):
  File "/home/airflow/.local/lib/python3.12/site-packages/airflow/models/dagbag.py", line 351, in parse
    loader.exec_module(new_module)
  File "<frozen importlib._bootstrap_external>", line 995, in exec_module
  File "<frozen importlib._bootstrap>", line 488, in _call_with_frames_removed
  File "/opt/airflow/dags/dbt.py", line 2, in <module>
    from airflow.providers.standard.operators.bash import BashOperator
ModuleNotFoundError: No module named 'airflow.providers.standard'
[2026-03-16T06:48:36.130+0000] {processor.py:842} WARNING - No viable dags retrieved from /opt/airflow/dags/dbt.py
[2026-03-16T06:48:36.153+0000] {processor.py:183} INFO - Processing /opt/airflow/dags/dbt.py took 0.053 seconds
[2026-03-16T06:49:31.394+0000] {processor.py:161} INFO - Started process (PID=5230) to work on /opt/airflow/dags/dbt.py
[2026-03-16T06:49:31.395+0000] {processor.py:830} INFO - Processing file /opt/airflow/dags/dbt.py for tasks to queue
[2026-03-16T06:49:31.400+0000] {logging_mixin.py:188} INFO - [2026-03-16T06:49:31.400+0000] {dagbag.py:545} INFO - Filling up the DagBag from /opt/airflow/dags/dbt.py
[2026-03-16T06:49:31.411+0000] {logging_mixin.py:188} INFO - [2026-03-16T06:49:31.406+0000] {dagbag.py:355} ERROR - Failed to import: /opt/airflow/dags/dbt.py
Traceback (most recent call last):
  File "/home/airflow/.local/lib/python3.12/site-packages/airflow/models/dagbag.py", line 351, in parse
    loader.exec_module(new_module)
  File "<frozen importlib._bootstrap_external>", line 995, in exec_module
  File "<frozen importlib._bootstrap>", line 488, in _call_with_frames_removed
  File "/opt/airflow/dags/dbt.py", line 2, in <module>
    from airflow.providers.standard.operators.bash import BashOperator
ModuleNotFoundError: No module named 'airflow.providers.standard'
[2026-03-16T06:49:31.412+0000] {processor.py:842} WARNING - No viable dags retrieved from /opt/airflow/dags/dbt.py
[2026-03-16T06:49:31.447+0000] {processor.py:183} INFO - Processing /opt/airflow/dags/dbt.py took 0.078 seconds
[2026-03-16T06:50:01.942+0000] {processor.py:161} INFO - Started process (PID=5232) to work on /opt/airflow/dags/dbt.py
[2026-03-16T06:50:01.945+0000] {processor.py:830} INFO - Processing file /opt/airflow/dags/dbt.py for tasks to queue
[2026-03-16T06:50:01.953+0000] {logging_mixin.py:188} INFO - [2026-03-16T06:50:01.952+0000] {dagbag.py:545} INFO - Filling up the DagBag from /opt/airflow/dags/dbt.py
[2026-03-16T06:50:01.967+0000] {logging_mixin.py:188} INFO - [2026-03-16T06:50:01.963+0000] {dagbag.py:355} ERROR - Failed to import: /opt/airflow/dags/dbt.py
Traceback (most recent call last):
  File "/home/airflow/.local/lib/python3.12/site-packages/airflow/models/dagbag.py", line 351, in parse
    loader.exec_module(new_module)
  File "<frozen importlib._bootstrap_external>", line 995, in exec_module
  File "<frozen importlib._bootstrap>", line 488, in _call_with_frames_removed
  File "/opt/airflow/dags/dbt.py", line 2, in <module>
    from airflow.providers.standard.operators.bash import BashOperator
ModuleNotFoundError: No module named 'airflow.providers.standard'
[2026-03-16T06:50:01.968+0000] {processor.py:842} WARNING - No viable dags retrieved from /opt/airflow/dags/dbt.py
[2026-03-16T06:50:02.002+0000] {processor.py:183} INFO - Processing /opt/airflow/dags/dbt.py took 0.082 seconds
[2026-03-16T07:05:56.415+0000] {processor.py:161} INFO - Started process (PID=5234) to work on /opt/airflow/dags/dbt.py
[2026-03-16T07:05:56.417+0000] {processor.py:830} INFO - Processing file /opt/airflow/dags/dbt.py for tasks to queue
[2026-03-16T07:05:56.424+0000] {logging_mixin.py:188} INFO - [2026-03-16T07:05:56.424+0000] {dagbag.py:545} INFO - Filling up the DagBag from /opt/airflow/dags/dbt.py
[2026-03-16T07:05:56.433+0000] {logging_mixin.py:188} INFO - [2026-03-16T07:05:56.431+0000] {dagbag.py:355} ERROR - Failed to import: /opt/airflow/dags/dbt.py
Traceback (most recent call last):
  File "/home/airflow/.local/lib/python3.12/site-packages/airflow/models/dagbag.py", line 351, in parse
    loader.exec_module(new_module)
  File "<frozen importlib._bootstrap_external>", line 995, in exec_module
  File "<frozen importlib._bootstrap>", line 488, in _call_with_frames_removed
  File "/opt/airflow/dags/dbt.py", line 2, in <module>
    from airflow.providers.standard.operators.bash import BashOperator
ModuleNotFoundError: No module named 'airflow.providers.standard'
[2026-03-16T07:05:56.436+0000] {processor.py:842} WARNING - No viable dags retrieved from /opt/airflow/dags/dbt.py
[2026-03-16T07:05:56.471+0000] {processor.py:183} INFO - Processing /opt/airflow/dags/dbt.py took 0.076 seconds
[2026-03-16T07:14:49.968+0000] {processor.py:161} INFO - Started process (PID=5236) to work on /opt/airflow/dags/dbt.py
[2026-03-16T07:14:49.969+0000] {processor.py:830} INFO - Processing file /opt/airflow/dags/dbt.py for tasks to queue
[2026-03-16T07:14:49.977+0000] {logging_mixin.py:188} INFO - [2026-03-16T07:14:49.977+0000] {dagbag.py:545} INFO - Filling up the DagBag from /opt/airflow/dags/dbt.py
[2026-03-16T07:14:49.983+0000] {logging_mixin.py:188} INFO - [2026-03-16T07:14:49.982+0000] {dagbag.py:355} ERROR - Failed to import: /opt/airflow/dags/dbt.py
Traceback (most recent call last):
  File "/home/airflow/.local/lib/python3.12/site-packages/airflow/models/dagbag.py", line 351, in parse
    loader.exec_module(new_module)
  File "<frozen importlib._bootstrap_external>", line 995, in exec_module
  File "<frozen importlib._bootstrap>", line 488, in _call_with_frames_removed
  File "/opt/airflow/dags/dbt.py", line 2, in <module>
    from airflow.providers.standard.operators.bash import BashOperator
ModuleNotFoundError: No module named 'airflow.providers.standard'
[2026-03-16T07:14:49.984+0000] {processor.py:842} WARNING - No viable dags retrieved from /opt/airflow/dags/dbt.py
[2026-03-16T07:14:50.004+0000] {processor.py:183} INFO - Processing /opt/airflow/dags/dbt.py took 0.054 seconds
[2026-03-16T07:30:52.918+0000] {processor.py:161} INFO - Started process (PID=5238) to work on /opt/airflow/dags/dbt.py
[2026-03-16T07:30:52.920+0000] {processor.py:830} INFO - Processing file /opt/airflow/dags/dbt.py for tasks to queue
[2026-03-16T07:30:52.927+0000] {logging_mixin.py:188} INFO - [2026-03-16T07:30:52.926+0000] {dagbag.py:545} INFO - Filling up the DagBag from /opt/airflow/dags/dbt.py
[2026-03-16T07:30:52.934+0000] {logging_mixin.py:188} INFO - [2026-03-16T07:30:52.931+0000] {dagbag.py:355} ERROR - Failed to import: /opt/airflow/dags/dbt.py
Traceback (most recent call last):
  File "/home/airflow/.local/lib/python3.12/site-packages/airflow/models/dagbag.py", line 351, in parse
    loader.exec_module(new_module)
  File "<frozen importlib._bootstrap_external>", line 995, in exec_module
  File "<frozen importlib._bootstrap>", line 488, in _call_with_frames_removed
  File "/opt/airflow/dags/dbt.py", line 2, in <module>
    from airflow.providers.standard.operators.bash import BashOperator
ModuleNotFoundError: No module named 'airflow.providers.standard'
[2026-03-16T07:30:52.934+0000] {processor.py:842} WARNING - No viable dags retrieved from /opt/airflow/dags/dbt.py
[2026-03-16T07:30:52.953+0000] {processor.py:183} INFO - Processing /opt/airflow/dags/dbt.py took 0.055 seconds
[2026-03-16T07:31:23.453+0000] {processor.py:161} INFO - Started process (PID=5240) to work on /opt/airflow/dags/dbt.py
[2026-03-16T07:31:23.455+0000] {processor.py:830} INFO - Processing file /opt/airflow/dags/dbt.py for tasks to queue
[2026-03-16T07:31:23.458+0000] {logging_mixin.py:188} INFO - [2026-03-16T07:31:23.458+0000] {dagbag.py:545} INFO - Filling up the DagBag from /opt/airflow/dags/dbt.py
[2026-03-16T07:31:23.471+0000] {logging_mixin.py:188} INFO - [2026-03-16T07:31:23.467+0000] {dagbag.py:355} ERROR - Failed to import: /opt/airflow/dags/dbt.py
Traceback (most recent call last):
  File "/home/airflow/.local/lib/python3.12/site-packages/airflow/models/dagbag.py", line 351, in parse
    loader.exec_module(new_module)
  File "<frozen importlib._bootstrap_external>", line 995, in exec_module
  File "<frozen importlib._bootstrap>", line 488, in _call_with_frames_removed
  File "/opt/airflow/dags/dbt.py", line 2, in <module>
    from airflow.providers.standard.operators.bash import BashOperator
ModuleNotFoundError: No module named 'airflow.providers.standard'
[2026-03-16T07:31:23.474+0000] {processor.py:842} WARNING - No viable dags retrieved from /opt/airflow/dags/dbt.py
[2026-03-16T07:31:23.509+0000] {processor.py:183} INFO - Processing /opt/airflow/dags/dbt.py took 0.071 seconds
[2026-03-16T07:47:18.708+0000] {processor.py:161} INFO - Started process (PID=5242) to work on /opt/airflow/dags/dbt.py
[2026-03-16T07:47:18.710+0000] {processor.py:830} INFO - Processing file /opt/airflow/dags/dbt.py for tasks to queue
[2026-03-16T07:47:18.714+0000] {logging_mixin.py:188} INFO - [2026-03-16T07:47:18.713+0000] {dagbag.py:545} INFO - Filling up the DagBag from /opt/airflow/dags/dbt.py
[2026-03-16T07:47:18.722+0000] {logging_mixin.py:188} INFO - [2026-03-16T07:47:18.719+0000] {dagbag.py:355} ERROR - Failed to import: /opt/airflow/dags/dbt.py
Traceback (most recent call last):
  File "/home/airflow/.local/lib/python3.12/site-packages/airflow/models/dagbag.py", line 351, in parse
    loader.exec_module(new_module)
  File "<frozen importlib._bootstrap_external>", line 995, in exec_module
  File "<frozen importlib._bootstrap>", line 488, in _call_with_frames_removed
  File "/opt/airflow/dags/dbt.py", line 2, in <module>
    from airflow.providers.standard.operators.bash import BashOperator
ModuleNotFoundError: No module named 'airflow.providers.standard'
[2026-03-16T07:47:18.722+0000] {processor.py:842} WARNING - No viable dags retrieved from /opt/airflow/dags/dbt.py
[2026-03-16T07:47:18.745+0000] {processor.py:183} INFO - Processing /opt/airflow/dags/dbt.py took 0.048 seconds
[2026-03-16T07:49:36.830+0000] {processor.py:161} INFO - Started process (PID=5244) to work on /opt/airflow/dags/dbt.py
[2026-03-16T07:49:36.831+0000] {processor.py:830} INFO - Processing file /opt/airflow/dags/dbt.py for tasks to queue
[2026-03-16T07:49:36.856+0000] {logging_mixin.py:188} INFO - [2026-03-16T07:49:36.855+0000] {dagbag.py:545} INFO - Filling up the DagBag from /opt/airflow/dags/dbt.py
[2026-03-16T07:49:36.871+0000] {logging_mixin.py:188} INFO - [2026-03-16T07:49:36.869+0000] {dagbag.py:355} ERROR - Failed to import: /opt/airflow/dags/dbt.py
Traceback (most recent call last):
  File "/home/airflow/.local/lib/python3.12/site-packages/airflow/models/dagbag.py", line 351, in parse
    loader.exec_module(new_module)
  File "<frozen importlib._bootstrap_external>", line 995, in exec_module
  File "<frozen importlib._bootstrap>", line 488, in _call_with_frames_removed
  File "/opt/airflow/dags/dbt.py", line 2, in <module>
    from airflow.providers.standard.operators.bash import BashOperator
ModuleNotFoundError: No module named 'airflow.providers.standard'
[2026-03-16T07:49:36.871+0000] {processor.py:842} WARNING - No viable dags retrieved from /opt/airflow/dags/dbt.py
[2026-03-16T07:49:36.913+0000] {processor.py:183} INFO - Processing /opt/airflow/dags/dbt.py took 0.101 seconds
[2026-03-16T08:04:08.870+0000] {processor.py:161} INFO - Started process (PID=5246) to work on /opt/airflow/dags/dbt.py
[2026-03-16T08:04:08.871+0000] {processor.py:830} INFO - Processing file /opt/airflow/dags/dbt.py for tasks to queue
[2026-03-16T08:04:08.879+0000] {logging_mixin.py:188} INFO - [2026-03-16T08:04:08.879+0000] {dagbag.py:545} INFO - Filling up the DagBag from /opt/airflow/dags/dbt.py
[2026-03-16T08:04:08.887+0000] {logging_mixin.py:188} INFO - [2026-03-16T08:04:08.885+0000] {dagbag.py:355} ERROR - Failed to import: /opt/airflow/dags/dbt.py
Traceback (most recent call last):
  File "/home/airflow/.local/lib/python3.12/site-packages/airflow/models/dagbag.py", line 351, in parse
    loader.exec_module(new_module)
  File "<frozen importlib._bootstrap_external>", line 995, in exec_module
  File "<frozen importlib._bootstrap>", line 488, in _call_with_frames_removed
  File "/opt/airflow/dags/dbt.py", line 2, in <module>
    from airflow.providers.standard.operators.bash import BashOperator
ModuleNotFoundError: No module named 'airflow.providers.standard'
[2026-03-16T08:04:08.887+0000] {processor.py:842} WARNING - No viable dags retrieved from /opt/airflow/dags/dbt.py
[2026-03-16T08:04:08.916+0000] {processor.py:183} INFO - Processing /opt/airflow/dags/dbt.py took 0.058 seconds
[2026-03-16T08:04:39.347+0000] {processor.py:161} INFO - Started process (PID=5248) to work on /opt/airflow/dags/dbt.py
[2026-03-16T08:04:39.349+0000] {processor.py:830} INFO - Processing file /opt/airflow/dags/dbt.py for tasks to queue
[2026-03-16T08:04:39.355+0000] {logging_mixin.py:188} INFO - [2026-03-16T08:04:39.354+0000] {dagbag.py:545} INFO - Filling up the DagBag from /opt/airflow/dags/dbt.py
[2026-03-16T08:04:39.367+0000] {logging_mixin.py:188} INFO - [2026-03-16T08:04:39.363+0000] {dagbag.py:355} ERROR - Failed to import: /opt/airflow/dags/dbt.py
Traceback (most recent call last):
  File "/home/airflow/.local/lib/python3.12/site-packages/airflow/models/dagbag.py", line 351, in parse
    loader.exec_module(new_module)
  File "<frozen importlib._bootstrap_external>", line 995, in exec_module
  File "<frozen importlib._bootstrap>", line 488, in _call_with_frames_removed
  File "/opt/airflow/dags/dbt.py", line 2, in <module>
    from airflow.providers.standard.operators.bash import BashOperator
ModuleNotFoundError: No module named 'airflow.providers.standard'
[2026-03-16T08:04:39.370+0000] {processor.py:842} WARNING - No viable dags retrieved from /opt/airflow/dags/dbt.py
[2026-03-16T08:04:39.403+0000] {processor.py:183} INFO - Processing /opt/airflow/dags/dbt.py took 0.090 seconds
[2026-03-16T08:05:09.799+0000] {processor.py:161} INFO - Started process (PID=5250) to work on /opt/airflow/dags/dbt.py
[2026-03-16T08:05:09.800+0000] {processor.py:830} INFO - Processing file /opt/airflow/dags/dbt.py for tasks to queue
[2026-03-16T08:05:09.804+0000] {logging_mixin.py:188} INFO - [2026-03-16T08:05:09.804+0000] {dagbag.py:545} INFO - Filling up the DagBag from /opt/airflow/dags/dbt.py
[2026-03-16T08:05:09.810+0000] {logging_mixin.py:188} INFO - [2026-03-16T08:05:09.808+0000] {dagbag.py:355} ERROR - Failed to import: /opt/airflow/dags/dbt.py
Traceback (most recent call last):
  File "/home/airflow/.local/lib/python3.12/site-packages/airflow/models/dagbag.py", line 351, in parse
    loader.exec_module(new_module)
  File "<frozen importlib._bootstrap_external>", line 995, in exec_module
  File "<frozen importlib._bootstrap>", line 488, in _call_with_frames_removed
  File "/opt/airflow/dags/dbt.py", line 2, in <module>
    from airflow.providers.standard.operators.bash import BashOperator
ModuleNotFoundError: No module named 'airflow.providers.standard'
[2026-03-16T08:05:09.810+0000] {processor.py:842} WARNING - No viable dags retrieved from /opt/airflow/dags/dbt.py
[2026-03-16T08:05:09.832+0000] {processor.py:183} INFO - Processing /opt/airflow/dags/dbt.py took 0.047 seconds
[2026-03-16T08:05:40.201+0000] {processor.py:161} INFO - Started process (PID=5252) to work on /opt/airflow/dags/dbt.py
[2026-03-16T08:05:40.203+0000] {processor.py:830} INFO - Processing file /opt/airflow/dags/dbt.py for tasks to queue
[2026-03-16T08:05:40.208+0000] {logging_mixin.py:188} INFO - [2026-03-16T08:05:40.208+0000] {dagbag.py:545} INFO - Filling up the DagBag from /opt/airflow/dags/dbt.py
[2026-03-16T08:05:40.219+0000] {logging_mixin.py:188} INFO - [2026-03-16T08:05:40.216+0000] {dagbag.py:355} ERROR - Failed to import: /opt/airflow/dags/dbt.py
Traceback (most recent call last):
  File "/home/airflow/.local/lib/python3.12/site-packages/airflow/models/dagbag.py", line 351, in parse
    loader.exec_module(new_module)
  File "<frozen importlib._bootstrap_external>", line 995, in exec_module
  File "<frozen importlib._bootstrap>", line 488, in _call_with_frames_removed
  File "/opt/airflow/dags/dbt.py", line 2, in <module>
    from airflow.providers.standard.operators.bash import BashOperator
ModuleNotFoundError: No module named 'airflow.providers.standard'
[2026-03-16T08:05:40.219+0000] {processor.py:842} WARNING - No viable dags retrieved from /opt/airflow/dags/dbt.py
[2026-03-16T08:05:40.249+0000] {processor.py:183} INFO - Processing /opt/airflow/dags/dbt.py took 0.068 seconds
[2026-03-16T08:06:10.622+0000] {processor.py:161} INFO - Started process (PID=5254) to work on /opt/airflow/dags/dbt.py
[2026-03-16T08:06:10.624+0000] {processor.py:830} INFO - Processing file /opt/airflow/dags/dbt.py for tasks to queue
[2026-03-16T08:06:10.629+0000] {logging_mixin.py:188} INFO - [2026-03-16T08:06:10.628+0000] {dagbag.py:545} INFO - Filling up the DagBag from /opt/airflow/dags/dbt.py
[2026-03-16T08:06:10.641+0000] {logging_mixin.py:188} INFO - [2026-03-16T08:06:10.637+0000] {dagbag.py:355} ERROR - Failed to import: /opt/airflow/dags/dbt.py
Traceback (most recent call last):
  File "/home/airflow/.local/lib/python3.12/site-packages/airflow/models/dagbag.py", line 351, in parse
    loader.exec_module(new_module)
  File "<frozen importlib._bootstrap_external>", line 995, in exec_module
  File "<frozen importlib._bootstrap>", line 488, in _call_with_frames_removed
  File "/opt/airflow/dags/dbt.py", line 2, in <module>
    from airflow.providers.standard.operators.bash import BashOperator
ModuleNotFoundError: No module named 'airflow.providers.standard'
[2026-03-16T08:06:10.642+0000] {processor.py:842} WARNING - No viable dags retrieved from /opt/airflow/dags/dbt.py
[2026-03-16T08:06:10.674+0000] {processor.py:183} INFO - Processing /opt/airflow/dags/dbt.py took 0.075 seconds
[2026-03-16T08:06:41.042+0000] {processor.py:161} INFO - Started process (PID=5256) to work on /opt/airflow/dags/dbt.py
[2026-03-16T08:06:41.044+0000] {processor.py:830} INFO - Processing file /opt/airflow/dags/dbt.py for tasks to queue
[2026-03-16T08:06:41.050+0000] {logging_mixin.py:188} INFO - [2026-03-16T08:06:41.048+0000] {dagbag.py:545} INFO - Filling up the DagBag from /opt/airflow/dags/dbt.py
[2026-03-16T08:06:41.062+0000] {logging_mixin.py:188} INFO - [2026-03-16T08:06:41.057+0000] {dagbag.py:355} ERROR - Failed to import: /opt/airflow/dags/dbt.py
Traceback (most recent call last):
  File "/home/airflow/.local/lib/python3.12/site-packages/airflow/models/dagbag.py", line 351, in parse
    loader.exec_module(new_module)
  File "<frozen importlib._bootstrap_external>", line 995, in exec_module
  File "<frozen importlib._bootstrap>", line 488, in _call_with_frames_removed
  File "/opt/airflow/dags/dbt.py", line 2, in <module>
    from airflow.providers.standard.operators.bash import BashOperator
ModuleNotFoundError: No module named 'airflow.providers.standard'
[2026-03-16T08:06:41.064+0000] {processor.py:842} WARNING - No viable dags retrieved from /opt/airflow/dags/dbt.py
[2026-03-16T08:06:41.099+0000] {processor.py:183} INFO - Processing /opt/airflow/dags/dbt.py took 0.090 seconds
[2026-03-16T08:07:11.476+0000] {processor.py:161} INFO - Started process (PID=5258) to work on /opt/airflow/dags/dbt.py
[2026-03-16T08:07:11.477+0000] {processor.py:830} INFO - Processing file /opt/airflow/dags/dbt.py for tasks to queue
[2026-03-16T08:07:11.482+0000] {logging_mixin.py:188} INFO - [2026-03-16T08:07:11.481+0000] {dagbag.py:545} INFO - Filling up the DagBag from /opt/airflow/dags/dbt.py
[2026-03-16T08:07:11.491+0000] {logging_mixin.py:188} INFO - [2026-03-16T08:07:11.489+0000] {dagbag.py:355} ERROR - Failed to import: /opt/airflow/dags/dbt.py
Traceback (most recent call last):
  File "/home/airflow/.local/lib/python3.12/site-packages/airflow/models/dagbag.py", line 351, in parse
    loader.exec_module(new_module)
  File "<frozen importlib._bootstrap_external>", line 995, in exec_module
  File "<frozen importlib._bootstrap>", line 488, in _call_with_frames_removed
  File "/opt/airflow/dags/dbt.py", line 2, in <module>
    from airflow.providers.standard.operators.bash import BashOperator
ModuleNotFoundError: No module named 'airflow.providers.standard'
[2026-03-16T08:07:11.491+0000] {processor.py:842} WARNING - No viable dags retrieved from /opt/airflow/dags/dbt.py
[2026-03-16T08:07:11.519+0000] {processor.py:183} INFO - Processing /opt/airflow/dags/dbt.py took 0.060 seconds
[2026-03-16T08:07:41.895+0000] {processor.py:161} INFO - Started process (PID=5260) to work on /opt/airflow/dags/dbt.py
[2026-03-16T08:07:41.898+0000] {processor.py:830} INFO - Processing file /opt/airflow/dags/dbt.py for tasks to queue
[2026-03-16T08:07:41.903+0000] {logging_mixin.py:188} INFO - [2026-03-16T08:07:41.903+0000] {dagbag.py:545} INFO - Filling up the DagBag from /opt/airflow/dags/dbt.py
[2026-03-16T08:07:41.921+0000] {logging_mixin.py:188} INFO - [2026-03-16T08:07:41.916+0000] {dagbag.py:355} ERROR - Failed to import: /opt/airflow/dags/dbt.py
Traceback (most recent call last):
  File "/home/airflow/.local/lib/python3.12/site-packages/airflow/models/dagbag.py", line 351, in parse
    loader.exec_module(new_module)
  File "<frozen importlib._bootstrap_external>", line 995, in exec_module
  File "<frozen importlib._bootstrap>", line 488, in _call_with_frames_removed
  File "/opt/airflow/dags/dbt.py", line 2, in <module>
    from airflow.providers.standard.operators.bash import BashOperator
ModuleNotFoundError: No module named 'airflow.providers.standard'
[2026-03-16T08:07:41.921+0000] {processor.py:842} WARNING - No viable dags retrieved from /opt/airflow/dags/dbt.py
[2026-03-16T08:07:41.953+0000] {processor.py:183} INFO - Processing /opt/airflow/dags/dbt.py took 0.074 seconds
[2026-03-16T08:08:12.359+0000] {processor.py:161} INFO - Started process (PID=5262) to work on /opt/airflow/dags/dbt.py
[2026-03-16T08:08:12.360+0000] {processor.py:830} INFO - Processing file /opt/airflow/dags/dbt.py for tasks to queue
[2026-03-16T08:08:12.366+0000] {logging_mixin.py:188} INFO - [2026-03-16T08:08:12.365+0000] {dagbag.py:545} INFO - Filling up the DagBag from /opt/airflow/dags/dbt.py
[2026-03-16T08:08:12.378+0000] {logging_mixin.py:188} INFO - [2026-03-16T08:08:12.377+0000] {dagbag.py:355} ERROR - Failed to import: /opt/airflow/dags/dbt.py
Traceback (most recent call last):
  File "/home/airflow/.local/lib/python3.12/site-packages/airflow/models/dagbag.py", line 351, in parse
    loader.exec_module(new_module)
  File "<frozen importlib._bootstrap_external>", line 995, in exec_module
  File "<frozen importlib._bootstrap>", line 488, in _call_with_frames_removed
  File "/opt/airflow/dags/dbt.py", line 2, in <module>
    from airflow.providers.standard.operators.bash import BashOperator
ModuleNotFoundError: No module named 'airflow.providers.standard'
[2026-03-16T08:08:12.378+0000] {processor.py:842} WARNING - No viable dags retrieved from /opt/airflow/dags/dbt.py
[2026-03-16T08:08:12.420+0000] {processor.py:183} INFO - Processing /opt/airflow/dags/dbt.py took 0.087 seconds
[2026-03-16T08:08:42.800+0000] {processor.py:161} INFO - Started process (PID=5264) to work on /opt/airflow/dags/dbt.py
[2026-03-16T08:08:42.803+0000] {processor.py:830} INFO - Processing file /opt/airflow/dags/dbt.py for tasks to queue
[2026-03-16T08:08:42.810+0000] {logging_mixin.py:188} INFO - [2026-03-16T08:08:42.810+0000] {dagbag.py:545} INFO - Filling up the DagBag from /opt/airflow/dags/dbt.py
[2026-03-16T08:08:42.824+0000] {logging_mixin.py:188} INFO - [2026-03-16T08:08:42.818+0000] {dagbag.py:355} ERROR - Failed to import: /opt/airflow/dags/dbt.py
Traceback (most recent call last):
  File "/home/airflow/.local/lib/python3.12/site-packages/airflow/models/dagbag.py", line 351, in parse
    loader.exec_module(new_module)
  File "<frozen importlib._bootstrap_external>", line 995, in exec_module
  File "<frozen importlib._bootstrap>", line 488, in _call_with_frames_removed
  File "/opt/airflow/dags/dbt.py", line 2, in <module>
    from airflow.providers.standard.operators.bash import BashOperator
ModuleNotFoundError: No module named 'airflow.providers.standard'
[2026-03-16T08:08:42.824+0000] {processor.py:842} WARNING - No viable dags retrieved from /opt/airflow/dags/dbt.py
[2026-03-16T08:08:42.866+0000] {processor.py:183} INFO - Processing /opt/airflow/dags/dbt.py took 0.092 seconds
[2026-03-16T08:09:13.286+0000] {processor.py:161} INFO - Started process (PID=5266) to work on /opt/airflow/dags/dbt.py
[2026-03-16T08:09:13.289+0000] {processor.py:830} INFO - Processing file /opt/airflow/dags/dbt.py for tasks to queue
[2026-03-16T08:09:13.294+0000] {logging_mixin.py:188} INFO - [2026-03-16T08:09:13.293+0000] {dagbag.py:545} INFO - Filling up the DagBag from /opt/airflow/dags/dbt.py
[2026-03-16T08:09:13.302+0000] {logging_mixin.py:188} INFO - [2026-03-16T08:09:13.300+0000] {dagbag.py:355} ERROR - Failed to import: /opt/airflow/dags/dbt.py
Traceback (most recent call last):
  File "/home/airflow/.local/lib/python3.12/site-packages/airflow/models/dagbag.py", line 351, in parse
    loader.exec_module(new_module)
  File "<frozen importlib._bootstrap_external>", line 995, in exec_module
  File "<frozen importlib._bootstrap>", line 488, in _call_with_frames_removed
  File "/opt/airflow/dags/dbt.py", line 2, in <module>
    from airflow.providers.standard.operators.bash import BashOperator
ModuleNotFoundError: No module named 'airflow.providers.standard'
[2026-03-16T08:09:13.302+0000] {processor.py:842} WARNING - No viable dags retrieved from /opt/airflow/dags/dbt.py
[2026-03-16T08:09:13.333+0000] {processor.py:183} INFO - Processing /opt/airflow/dags/dbt.py took 0.066 seconds
[2026-03-16T08:09:43.719+0000] {processor.py:161} INFO - Started process (PID=5268) to work on /opt/airflow/dags/dbt.py
[2026-03-16T08:09:43.723+0000] {processor.py:830} INFO - Processing file /opt/airflow/dags/dbt.py for tasks to queue
[2026-03-16T08:09:43.727+0000] {logging_mixin.py:188} INFO - [2026-03-16T08:09:43.727+0000] {dagbag.py:545} INFO - Filling up the DagBag from /opt/airflow/dags/dbt.py
[2026-03-16T08:09:43.740+0000] {logging_mixin.py:188} INFO - [2026-03-16T08:09:43.738+0000] {dagbag.py:355} ERROR - Failed to import: /opt/airflow/dags/dbt.py
Traceback (most recent call last):
  File "/home/airflow/.local/lib/python3.12/site-packages/airflow/models/dagbag.py", line 351, in parse
    loader.exec_module(new_module)
  File "<frozen importlib._bootstrap_external>", line 995, in exec_module
  File "<frozen importlib._bootstrap>", line 488, in _call_with_frames_removed
  File "/opt/airflow/dags/dbt.py", line 2, in <module>
    from airflow.providers.standard.operators.bash import BashOperator
ModuleNotFoundError: No module named 'airflow.providers.standard'
[2026-03-16T08:09:43.740+0000] {processor.py:842} WARNING - No viable dags retrieved from /opt/airflow/dags/dbt.py
[2026-03-16T08:09:43.778+0000] {processor.py:183} INFO - Processing /opt/airflow/dags/dbt.py took 0.073 seconds
[2026-03-16T08:10:14.191+0000] {processor.py:161} INFO - Started process (PID=5270) to work on /opt/airflow/dags/dbt.py
[2026-03-16T08:10:14.192+0000] {processor.py:830} INFO - Processing file /opt/airflow/dags/dbt.py for tasks to queue
[2026-03-16T08:10:14.195+0000] {logging_mixin.py:188} INFO - [2026-03-16T08:10:14.195+0000] {dagbag.py:545} INFO - Filling up the DagBag from /opt/airflow/dags/dbt.py
[2026-03-16T08:10:14.201+0000] {logging_mixin.py:188} INFO - [2026-03-16T08:10:14.199+0000] {dagbag.py:355} ERROR - Failed to import: /opt/airflow/dags/dbt.py
Traceback (most recent call last):
  File "/home/airflow/.local/lib/python3.12/site-packages/airflow/models/dagbag.py", line 351, in parse
    loader.exec_module(new_module)
  File "<frozen importlib._bootstrap_external>", line 995, in exec_module
  File "<frozen importlib._bootstrap>", line 488, in _call_with_frames_removed
  File "/opt/airflow/dags/dbt.py", line 2, in <module>
    from airflow.providers.standard.operators.bash import BashOperator
ModuleNotFoundError: No module named 'airflow.providers.standard'
[2026-03-16T08:10:14.201+0000] {processor.py:842} WARNING - No viable dags retrieved from /opt/airflow/dags/dbt.py
[2026-03-16T08:10:14.223+0000] {processor.py:183} INFO - Processing /opt/airflow/dags/dbt.py took 0.049 seconds
[2026-03-16T08:10:44.566+0000] {processor.py:161} INFO - Started process (PID=5272) to work on /opt/airflow/dags/dbt.py
[2026-03-16T08:10:44.567+0000] {processor.py:830} INFO - Processing file /opt/airflow/dags/dbt.py for tasks to queue
[2026-03-16T08:10:44.571+0000] {logging_mixin.py:188} INFO - [2026-03-16T08:10:44.571+0000] {dagbag.py:545} INFO - Filling up the DagBag from /opt/airflow/dags/dbt.py
[2026-03-16T08:10:44.579+0000] {logging_mixin.py:188} INFO - [2026-03-16T08:10:44.577+0000] {dagbag.py:355} ERROR - Failed to import: /opt/airflow/dags/dbt.py
Traceback (most recent call last):
  File "/home/airflow/.local/lib/python3.12/site-packages/airflow/models/dagbag.py", line 351, in parse
    loader.exec_module(new_module)
  File "<frozen importlib._bootstrap_external>", line 995, in exec_module
  File "<frozen importlib._bootstrap>", line 488, in _call_with_frames_removed
  File "/opt/airflow/dags/dbt.py", line 2, in <module>
    from airflow.providers.standard.operators.bash import BashOperator
ModuleNotFoundError: No module named 'airflow.providers.standard'
[2026-03-16T08:10:44.579+0000] {processor.py:842} WARNING - No viable dags retrieved from /opt/airflow/dags/dbt.py
[2026-03-16T08:10:44.606+0000] {processor.py:183} INFO - Processing /opt/airflow/dags/dbt.py took 0.052 seconds
[2026-03-16T08:11:14.966+0000] {processor.py:161} INFO - Started process (PID=5274) to work on /opt/airflow/dags/dbt.py
[2026-03-16T08:11:14.967+0000] {processor.py:830} INFO - Processing file /opt/airflow/dags/dbt.py for tasks to queue
[2026-03-16T08:11:14.970+0000] {logging_mixin.py:188} INFO - [2026-03-16T08:11:14.970+0000] {dagbag.py:545} INFO - Filling up the DagBag from /opt/airflow/dags/dbt.py
[2026-03-16T08:11:14.978+0000] {logging_mixin.py:188} INFO - [2026-03-16T08:11:14.974+0000] {dagbag.py:355} ERROR - Failed to import: /opt/airflow/dags/dbt.py
Traceback (most recent call last):
  File "/home/airflow/.local/lib/python3.12/site-packages/airflow/models/dagbag.py", line 351, in parse
    loader.exec_module(new_module)
  File "<frozen importlib._bootstrap_external>", line 995, in exec_module
  File "<frozen importlib._bootstrap>", line 488, in _call_with_frames_removed
  File "/opt/airflow/dags/dbt.py", line 2, in <module>
    from airflow.providers.standard.operators.bash import BashOperator
ModuleNotFoundError: No module named 'airflow.providers.standard'
[2026-03-16T08:11:14.978+0000] {processor.py:842} WARNING - No viable dags retrieved from /opt/airflow/dags/dbt.py
[2026-03-16T08:11:15.000+0000] {processor.py:183} INFO - Processing /opt/airflow/dags/dbt.py took 0.042 seconds
[2026-03-16T08:11:45.389+0000] {processor.py:161} INFO - Started process (PID=5276) to work on /opt/airflow/dags/dbt.py
[2026-03-16T08:11:45.390+0000] {processor.py:830} INFO - Processing file /opt/airflow/dags/dbt.py for tasks to queue
[2026-03-16T08:11:45.399+0000] {logging_mixin.py:188} INFO - [2026-03-16T08:11:45.396+0000] {dagbag.py:545} INFO - Filling up the DagBag from /opt/airflow/dags/dbt.py
[2026-03-16T08:11:45.411+0000] {logging_mixin.py:188} INFO - [2026-03-16T08:11:45.406+0000] {dagbag.py:355} ERROR - Failed to import: /opt/airflow/dags/dbt.py
Traceback (most recent call last):
  File "/home/airflow/.local/lib/python3.12/site-packages/airflow/models/dagbag.py", line 351, in parse
    loader.exec_module(new_module)
  File "<frozen importlib._bootstrap_external>", line 995, in exec_module
  File "<frozen importlib._bootstrap>", line 488, in _call_with_frames_removed
  File "/opt/airflow/dags/dbt.py", line 2, in <module>
    from airflow.providers.standard.operators.bash import BashOperator
ModuleNotFoundError: No module named 'airflow.providers.standard'
[2026-03-16T08:11:45.411+0000] {processor.py:842} WARNING - No viable dags retrieved from /opt/airflow/dags/dbt.py
[2026-03-16T08:11:45.443+0000] {processor.py:183} INFO - Processing /opt/airflow/dags/dbt.py took 0.080 seconds
[2026-03-16T08:12:15.804+0000] {processor.py:161} INFO - Started process (PID=5278) to work on /opt/airflow/dags/dbt.py
[2026-03-16T08:12:15.805+0000] {processor.py:830} INFO - Processing file /opt/airflow/dags/dbt.py for tasks to queue
[2026-03-16T08:12:15.808+0000] {logging_mixin.py:188} INFO - [2026-03-16T08:12:15.807+0000] {dagbag.py:545} INFO - Filling up the DagBag from /opt/airflow/dags/dbt.py
[2026-03-16T08:12:15.812+0000] {logging_mixin.py:188} INFO - [2026-03-16T08:12:15.811+0000] {dagbag.py:355} ERROR - Failed to import: /opt/airflow/dags/dbt.py
Traceback (most recent call last):
  File "/home/airflow/.local/lib/python3.12/site-packages/airflow/models/dagbag.py", line 351, in parse
    loader.exec_module(new_module)
  File "<frozen importlib._bootstrap_external>", line 995, in exec_module
  File "<frozen importlib._bootstrap>", line 488, in _call_with_frames_removed
  File "/opt/airflow/dags/dbt.py", line 2, in <module>
    from airflow.providers.standard.operators.bash import BashOperator
ModuleNotFoundError: No module named 'airflow.providers.standard'
[2026-03-16T08:12:15.813+0000] {processor.py:842} WARNING - No viable dags retrieved from /opt/airflow/dags/dbt.py
[2026-03-16T08:12:15.838+0000] {processor.py:183} INFO - Processing /opt/airflow/dags/dbt.py took 0.042 seconds
[2026-03-16T08:12:46.200+0000] {processor.py:161} INFO - Started process (PID=5280) to work on /opt/airflow/dags/dbt.py
[2026-03-16T08:12:46.202+0000] {processor.py:830} INFO - Processing file /opt/airflow/dags/dbt.py for tasks to queue
[2026-03-16T08:12:46.208+0000] {logging_mixin.py:188} INFO - [2026-03-16T08:12:46.207+0000] {dagbag.py:545} INFO - Filling up the DagBag from /opt/airflow/dags/dbt.py
[2026-03-16T08:12:46.217+0000] {logging_mixin.py:188} INFO - [2026-03-16T08:12:46.214+0000] {dagbag.py:355} ERROR - Failed to import: /opt/airflow/dags/dbt.py
Traceback (most recent call last):
  File "/home/airflow/.local/lib/python3.12/site-packages/airflow/models/dagbag.py", line 351, in parse
    loader.exec_module(new_module)
  File "<frozen importlib._bootstrap_external>", line 995, in exec_module
  File "<frozen importlib._bootstrap>", line 488, in _call_with_frames_removed
  File "/opt/airflow/dags/dbt.py", line 2, in <module>
    from airflow.providers.standard.operators.bash import BashOperator
ModuleNotFoundError: No module named 'airflow.providers.standard'
[2026-03-16T08:12:46.217+0000] {processor.py:842} WARNING - No viable dags retrieved from /opt/airflow/dags/dbt.py
[2026-03-16T08:12:46.241+0000] {processor.py:183} INFO - Processing /opt/airflow/dags/dbt.py took 0.056 seconds
[2026-03-16T08:13:16.611+0000] {processor.py:161} INFO - Started process (PID=5282) to work on /opt/airflow/dags/dbt.py
[2026-03-16T08:13:16.613+0000] {processor.py:830} INFO - Processing file /opt/airflow/dags/dbt.py for tasks to queue
[2026-03-16T08:13:16.616+0000] {logging_mixin.py:188} INFO - [2026-03-16T08:13:16.616+0000] {dagbag.py:545} INFO - Filling up the DagBag from /opt/airflow/dags/dbt.py
[2026-03-16T08:13:16.624+0000] {logging_mixin.py:188} INFO - [2026-03-16T08:13:16.622+0000] {dagbag.py:355} ERROR - Failed to import: /opt/airflow/dags/dbt.py
Traceback (most recent call last):
  File "/home/airflow/.local/lib/python3.12/site-packages/airflow/models/dagbag.py", line 351, in parse
    loader.exec_module(new_module)
  File "<frozen importlib._bootstrap_external>", line 995, in exec_module
  File "<frozen importlib._bootstrap>", line 488, in _call_with_frames_removed
  File "/opt/airflow/dags/dbt.py", line 2, in <module>
    from airflow.providers.standard.operators.bash import BashOperator
ModuleNotFoundError: No module named 'airflow.providers.standard'
[2026-03-16T08:13:16.625+0000] {processor.py:842} WARNING - No viable dags retrieved from /opt/airflow/dags/dbt.py
[2026-03-16T08:13:16.653+0000] {processor.py:183} INFO - Processing /opt/airflow/dags/dbt.py took 0.055 seconds
[2026-03-16T08:13:46.984+0000] {processor.py:161} INFO - Started process (PID=5284) to work on /opt/airflow/dags/dbt.py
[2026-03-16T08:13:46.986+0000] {processor.py:830} INFO - Processing file /opt/airflow/dags/dbt.py for tasks to queue
[2026-03-16T08:13:46.990+0000] {logging_mixin.py:188} INFO - [2026-03-16T08:13:46.990+0000] {dagbag.py:545} INFO - Filling up the DagBag from /opt/airflow/dags/dbt.py
[2026-03-16T08:13:46.997+0000] {logging_mixin.py:188} INFO - [2026-03-16T08:13:46.995+0000] {dagbag.py:355} ERROR - Failed to import: /opt/airflow/dags/dbt.py
Traceback (most recent call last):
  File "/home/airflow/.local/lib/python3.12/site-packages/airflow/models/dagbag.py", line 351, in parse
    loader.exec_module(new_module)
  File "<frozen importlib._bootstrap_external>", line 995, in exec_module
  File "<frozen importlib._bootstrap>", line 488, in _call_with_frames_removed
  File "/opt/airflow/dags/dbt.py", line 2, in <module>
    from airflow.providers.standard.operators.bash import BashOperator
ModuleNotFoundError: No module named 'airflow.providers.standard'
[2026-03-16T08:13:46.998+0000] {processor.py:842} WARNING - No viable dags retrieved from /opt/airflow/dags/dbt.py
[2026-03-16T08:13:47.022+0000] {processor.py:183} INFO - Processing /opt/airflow/dags/dbt.py took 0.053 seconds
[2026-03-16T08:14:17.413+0000] {processor.py:161} INFO - Started process (PID=5286) to work on /opt/airflow/dags/dbt.py
[2026-03-16T08:14:17.416+0000] {processor.py:830} INFO - Processing file /opt/airflow/dags/dbt.py for tasks to queue
[2026-03-16T08:14:17.420+0000] {logging_mixin.py:188} INFO - [2026-03-16T08:14:17.419+0000] {dagbag.py:545} INFO - Filling up the DagBag from /opt/airflow/dags/dbt.py
[2026-03-16T08:14:17.428+0000] {logging_mixin.py:188} INFO - [2026-03-16T08:14:17.426+0000] {dagbag.py:355} ERROR - Failed to import: /opt/airflow/dags/dbt.py
Traceback (most recent call last):
  File "/home/airflow/.local/lib/python3.12/site-packages/airflow/models/dagbag.py", line 351, in parse
    loader.exec_module(new_module)
  File "<frozen importlib._bootstrap_external>", line 995, in exec_module
  File "<frozen importlib._bootstrap>", line 488, in _call_with_frames_removed
  File "/opt/airflow/dags/dbt.py", line 2, in <module>
    from airflow.providers.standard.operators.bash import BashOperator
ModuleNotFoundError: No module named 'airflow.providers.standard'
[2026-03-16T08:14:17.431+0000] {processor.py:842} WARNING - No viable dags retrieved from /opt/airflow/dags/dbt.py
[2026-03-16T08:14:17.465+0000] {processor.py:183} INFO - Processing /opt/airflow/dags/dbt.py took 0.074 seconds
[2026-03-16T08:14:47.851+0000] {processor.py:161} INFO - Started process (PID=5288) to work on /opt/airflow/dags/dbt.py
[2026-03-16T08:14:47.852+0000] {processor.py:830} INFO - Processing file /opt/airflow/dags/dbt.py for tasks to queue
[2026-03-16T08:14:47.858+0000] {logging_mixin.py:188} INFO - [2026-03-16T08:14:47.858+0000] {dagbag.py:545} INFO - Filling up the DagBag from /opt/airflow/dags/dbt.py
[2026-03-16T08:14:47.867+0000] {logging_mixin.py:188} INFO - [2026-03-16T08:14:47.863+0000] {dagbag.py:355} ERROR - Failed to import: /opt/airflow/dags/dbt.py
Traceback (most recent call last):
  File "/home/airflow/.local/lib/python3.12/site-packages/airflow/models/dagbag.py", line 351, in parse
    loader.exec_module(new_module)
  File "<frozen importlib._bootstrap_external>", line 995, in exec_module
  File "<frozen importlib._bootstrap>", line 488, in _call_with_frames_removed
  File "/opt/airflow/dags/dbt.py", line 2, in <module>
    from airflow.providers.standard.operators.bash import BashOperator
ModuleNotFoundError: No module named 'airflow.providers.standard'
[2026-03-16T08:14:47.868+0000] {processor.py:842} WARNING - No viable dags retrieved from /opt/airflow/dags/dbt.py
[2026-03-16T08:14:47.898+0000] {processor.py:183} INFO - Processing /opt/airflow/dags/dbt.py took 0.067 seconds
[2026-03-16T08:15:18.258+0000] {processor.py:161} INFO - Started process (PID=5290) to work on /opt/airflow/dags/dbt.py
[2026-03-16T08:15:18.259+0000] {processor.py:830} INFO - Processing file /opt/airflow/dags/dbt.py for tasks to queue
[2026-03-16T08:15:18.265+0000] {logging_mixin.py:188} INFO - [2026-03-16T08:15:18.264+0000] {dagbag.py:545} INFO - Filling up the DagBag from /opt/airflow/dags/dbt.py
[2026-03-16T08:15:18.276+0000] {logging_mixin.py:188} INFO - [2026-03-16T08:15:18.272+0000] {dagbag.py:355} ERROR - Failed to import: /opt/airflow/dags/dbt.py
Traceback (most recent call last):
  File "/home/airflow/.local/lib/python3.12/site-packages/airflow/models/dagbag.py", line 351, in parse
    loader.exec_module(new_module)
  File "<frozen importlib._bootstrap_external>", line 995, in exec_module
  File "<frozen importlib._bootstrap>", line 488, in _call_with_frames_removed
  File "/opt/airflow/dags/dbt.py", line 2, in <module>
    from airflow.providers.standard.operators.bash import BashOperator
ModuleNotFoundError: No module named 'airflow.providers.standard'
[2026-03-16T08:15:18.277+0000] {processor.py:842} WARNING - No viable dags retrieved from /opt/airflow/dags/dbt.py
[2026-03-16T08:15:18.301+0000] {processor.py:183} INFO - Processing /opt/airflow/dags/dbt.py took 0.059 seconds
[2026-03-16T08:15:48.620+0000] {processor.py:161} INFO - Started process (PID=5292) to work on /opt/airflow/dags/dbt.py
[2026-03-16T08:15:48.621+0000] {processor.py:830} INFO - Processing file /opt/airflow/dags/dbt.py for tasks to queue
[2026-03-16T08:15:48.624+0000] {logging_mixin.py:188} INFO - [2026-03-16T08:15:48.624+0000] {dagbag.py:545} INFO - Filling up the DagBag from /opt/airflow/dags/dbt.py
[2026-03-16T08:15:48.629+0000] {logging_mixin.py:188} INFO - [2026-03-16T08:15:48.628+0000] {dagbag.py:355} ERROR - Failed to import: /opt/airflow/dags/dbt.py
Traceback (most recent call last):
  File "/home/airflow/.local/lib/python3.12/site-packages/airflow/models/dagbag.py", line 351, in parse
    loader.exec_module(new_module)
  File "<frozen importlib._bootstrap_external>", line 995, in exec_module
  File "<frozen importlib._bootstrap>", line 488, in _call_with_frames_removed
  File "/opt/airflow/dags/dbt.py", line 2, in <module>
    from airflow.providers.standard.operators.bash import BashOperator
ModuleNotFoundError: No module named 'airflow.providers.standard'
[2026-03-16T08:15:48.631+0000] {processor.py:842} WARNING - No viable dags retrieved from /opt/airflow/dags/dbt.py
[2026-03-16T08:15:48.651+0000] {processor.py:183} INFO - Processing /opt/airflow/dags/dbt.py took 0.042 seconds
[2026-03-16T08:16:18.972+0000] {processor.py:161} INFO - Started process (PID=5294) to work on /opt/airflow/dags/dbt.py
[2026-03-16T08:16:18.974+0000] {processor.py:830} INFO - Processing file /opt/airflow/dags/dbt.py for tasks to queue
[2026-03-16T08:16:18.978+0000] {logging_mixin.py:188} INFO - [2026-03-16T08:16:18.977+0000] {dagbag.py:545} INFO - Filling up the DagBag from /opt/airflow/dags/dbt.py
[2026-03-16T08:16:18.994+0000] {logging_mixin.py:188} INFO - [2026-03-16T08:16:18.992+0000] {dagbag.py:355} ERROR - Failed to import: /opt/airflow/dags/dbt.py
Traceback (most recent call last):
  File "/home/airflow/.local/lib/python3.12/site-packages/airflow/models/dagbag.py", line 351, in parse
    loader.exec_module(new_module)
  File "<frozen importlib._bootstrap_external>", line 995, in exec_module
  File "<frozen importlib._bootstrap>", line 488, in _call_with_frames_removed
  File "/opt/airflow/dags/dbt.py", line 2, in <module>
    from airflow.providers.standard.operators.bash import BashOperator
ModuleNotFoundError: No module named 'airflow.providers.standard'
[2026-03-16T08:16:18.994+0000] {processor.py:842} WARNING - No viable dags retrieved from /opt/airflow/dags/dbt.py
[2026-03-16T08:16:19.028+0000] {processor.py:183} INFO - Processing /opt/airflow/dags/dbt.py took 0.078 seconds
[2026-03-16T08:16:49.420+0000] {processor.py:161} INFO - Started process (PID=5296) to work on /opt/airflow/dags/dbt.py
[2026-03-16T08:16:49.422+0000] {processor.py:830} INFO - Processing file /opt/airflow/dags/dbt.py for tasks to queue
[2026-03-16T08:16:49.427+0000] {logging_mixin.py:188} INFO - [2026-03-16T08:16:49.427+0000] {dagbag.py:545} INFO - Filling up the DagBag from /opt/airflow/dags/dbt.py
[2026-03-16T08:16:49.438+0000] {logging_mixin.py:188} INFO - [2026-03-16T08:16:49.437+0000] {dagbag.py:355} ERROR - Failed to import: /opt/airflow/dags/dbt.py
Traceback (most recent call last):
  File "/home/airflow/.local/lib/python3.12/site-packages/airflow/models/dagbag.py", line 351, in parse
    loader.exec_module(new_module)
  File "<frozen importlib._bootstrap_external>", line 995, in exec_module
  File "<frozen importlib._bootstrap>", line 488, in _call_with_frames_removed
  File "/opt/airflow/dags/dbt.py", line 2, in <module>
    from airflow.providers.standard.operators.bash import BashOperator
ModuleNotFoundError: No module named 'airflow.providers.standard'
[2026-03-16T08:16:49.439+0000] {processor.py:842} WARNING - No viable dags retrieved from /opt/airflow/dags/dbt.py
[2026-03-16T08:16:49.468+0000] {processor.py:183} INFO - Processing /opt/airflow/dags/dbt.py took 0.062 seconds
[2026-03-16T08:17:19.876+0000] {processor.py:161} INFO - Started process (PID=5298) to work on /opt/airflow/dags/dbt.py
[2026-03-16T08:17:19.877+0000] {processor.py:830} INFO - Processing file /opt/airflow/dags/dbt.py for tasks to queue
[2026-03-16T08:17:19.882+0000] {logging_mixin.py:188} INFO - [2026-03-16T08:17:19.882+0000] {dagbag.py:545} INFO - Filling up the DagBag from /opt/airflow/dags/dbt.py
[2026-03-16T08:17:19.895+0000] {logging_mixin.py:188} INFO - [2026-03-16T08:17:19.892+0000] {dagbag.py:355} ERROR - Failed to import: /opt/airflow/dags/dbt.py
Traceback (most recent call last):
  File "/home/airflow/.local/lib/python3.12/site-packages/airflow/models/dagbag.py", line 351, in parse
    loader.exec_module(new_module)
  File "<frozen importlib._bootstrap_external>", line 995, in exec_module
  File "<frozen importlib._bootstrap>", line 488, in _call_with_frames_removed
  File "/opt/airflow/dags/dbt.py", line 2, in <module>
    from airflow.providers.standard.operators.bash import BashOperator
ModuleNotFoundError: No module named 'airflow.providers.standard'
[2026-03-16T08:17:19.895+0000] {processor.py:842} WARNING - No viable dags retrieved from /opt/airflow/dags/dbt.py
[2026-03-16T08:17:19.934+0000] {processor.py:183} INFO - Processing /opt/airflow/dags/dbt.py took 0.081 seconds
[2026-03-16T08:17:50.306+0000] {processor.py:161} INFO - Started process (PID=5300) to work on /opt/airflow/dags/dbt.py
[2026-03-16T08:17:50.307+0000] {processor.py:830} INFO - Processing file /opt/airflow/dags/dbt.py for tasks to queue
[2026-03-16T08:17:50.314+0000] {logging_mixin.py:188} INFO - [2026-03-16T08:17:50.314+0000] {dagbag.py:545} INFO - Filling up the DagBag from /opt/airflow/dags/dbt.py
[2026-03-16T08:17:50.322+0000] {logging_mixin.py:188} INFO - [2026-03-16T08:17:50.320+0000] {dagbag.py:355} ERROR - Failed to import: /opt/airflow/dags/dbt.py
Traceback (most recent call last):
  File "/home/airflow/.local/lib/python3.12/site-packages/airflow/models/dagbag.py", line 351, in parse
    loader.exec_module(new_module)
  File "<frozen importlib._bootstrap_external>", line 995, in exec_module
  File "<frozen importlib._bootstrap>", line 488, in _call_with_frames_removed
  File "/opt/airflow/dags/dbt.py", line 2, in <module>
    from airflow.providers.standard.operators.bash import BashOperator
ModuleNotFoundError: No module named 'airflow.providers.standard'
[2026-03-16T08:17:50.322+0000] {processor.py:842} WARNING - No viable dags retrieved from /opt/airflow/dags/dbt.py
[2026-03-16T08:17:50.350+0000] {processor.py:183} INFO - Processing /opt/airflow/dags/dbt.py took 0.070 seconds
[2026-03-16T08:18:20.681+0000] {processor.py:161} INFO - Started process (PID=5302) to work on /opt/airflow/dags/dbt.py
[2026-03-16T08:18:20.683+0000] {processor.py:830} INFO - Processing file /opt/airflow/dags/dbt.py for tasks to queue
[2026-03-16T08:18:20.686+0000] {logging_mixin.py:188} INFO - [2026-03-16T08:18:20.686+0000] {dagbag.py:545} INFO - Filling up the DagBag from /opt/airflow/dags/dbt.py
[2026-03-16T08:18:20.693+0000] {logging_mixin.py:188} INFO - [2026-03-16T08:18:20.691+0000] {dagbag.py:355} ERROR - Failed to import: /opt/airflow/dags/dbt.py
Traceback (most recent call last):
  File "/home/airflow/.local/lib/python3.12/site-packages/airflow/models/dagbag.py", line 351, in parse
    loader.exec_module(new_module)
  File "<frozen importlib._bootstrap_external>", line 995, in exec_module
  File "<frozen importlib._bootstrap>", line 488, in _call_with_frames_removed
  File "/opt/airflow/dags/dbt.py", line 2, in <module>
    from airflow.providers.standard.operators.bash import BashOperator
ModuleNotFoundError: No module named 'airflow.providers.standard'
[2026-03-16T08:18:20.695+0000] {processor.py:842} WARNING - No viable dags retrieved from /opt/airflow/dags/dbt.py
[2026-03-16T08:18:20.731+0000] {processor.py:183} INFO - Processing /opt/airflow/dags/dbt.py took 0.070 seconds
[2026-03-16T08:18:51.223+0000] {processor.py:161} INFO - Started process (PID=5304) to work on /opt/airflow/dags/dbt.py
[2026-03-16T08:18:51.225+0000] {processor.py:830} INFO - Processing file /opt/airflow/dags/dbt.py for tasks to queue
[2026-03-16T08:18:51.233+0000] {logging_mixin.py:188} INFO - [2026-03-16T08:18:51.231+0000] {dagbag.py:545} INFO - Filling up the DagBag from /opt/airflow/dags/dbt.py
[2026-03-16T08:18:51.245+0000] {logging_mixin.py:188} INFO - [2026-03-16T08:18:51.240+0000] {dagbag.py:355} ERROR - Failed to import: /opt/airflow/dags/dbt.py
Traceback (most recent call last):
  File "/home/airflow/.local/lib/python3.12/site-packages/airflow/models/dagbag.py", line 351, in parse
    loader.exec_module(new_module)
  File "<frozen importlib._bootstrap_external>", line 995, in exec_module
  File "<frozen importlib._bootstrap>", line 488, in _call_with_frames_removed
  File "/opt/airflow/dags/dbt.py", line 2, in <module>
    from airflow.providers.standard.operators.bash import BashOperator
ModuleNotFoundError: No module named 'airflow.providers.standard'
[2026-03-16T08:18:51.245+0000] {processor.py:842} WARNING - No viable dags retrieved from /opt/airflow/dags/dbt.py
[2026-03-16T08:18:51.277+0000] {processor.py:183} INFO - Processing /opt/airflow/dags/dbt.py took 0.086 seconds
[2026-03-16T08:19:21.846+0000] {processor.py:161} INFO - Started process (PID=5306) to work on /opt/airflow/dags/dbt.py
[2026-03-16T08:19:21.847+0000] {processor.py:830} INFO - Processing file /opt/airflow/dags/dbt.py for tasks to queue
[2026-03-16T08:19:21.853+0000] {logging_mixin.py:188} INFO - [2026-03-16T08:19:21.853+0000] {dagbag.py:545} INFO - Filling up the DagBag from /opt/airflow/dags/dbt.py
[2026-03-16T08:19:21.863+0000] {logging_mixin.py:188} INFO - [2026-03-16T08:19:21.858+0000] {dagbag.py:355} ERROR - Failed to import: /opt/airflow/dags/dbt.py
Traceback (most recent call last):
  File "/home/airflow/.local/lib/python3.12/site-packages/airflow/models/dagbag.py", line 351, in parse
    loader.exec_module(new_module)
  File "<frozen importlib._bootstrap_external>", line 995, in exec_module
  File "<frozen importlib._bootstrap>", line 488, in _call_with_frames_removed
  File "/opt/airflow/dags/dbt.py", line 2, in <module>
    from airflow.providers.standard.operators.bash import BashOperator
ModuleNotFoundError: No module named 'airflow.providers.standard'
[2026-03-16T08:19:21.863+0000] {processor.py:842} WARNING - No viable dags retrieved from /opt/airflow/dags/dbt.py
[2026-03-16T08:19:21.903+0000] {processor.py:183} INFO - Processing /opt/airflow/dags/dbt.py took 0.076 seconds
[2026-03-16T08:19:52.350+0000] {processor.py:161} INFO - Started process (PID=5308) to work on /opt/airflow/dags/dbt.py
[2026-03-16T08:19:52.354+0000] {processor.py:830} INFO - Processing file /opt/airflow/dags/dbt.py for tasks to queue
[2026-03-16T08:19:52.359+0000] {logging_mixin.py:188} INFO - [2026-03-16T08:19:52.358+0000] {dagbag.py:545} INFO - Filling up the DagBag from /opt/airflow/dags/dbt.py
[2026-03-16T08:19:52.369+0000] {logging_mixin.py:188} INFO - [2026-03-16T08:19:52.364+0000] {dagbag.py:355} ERROR - Failed to import: /opt/airflow/dags/dbt.py
Traceback (most recent call last):
  File "/home/airflow/.local/lib/python3.12/site-packages/airflow/models/dagbag.py", line 351, in parse
    loader.exec_module(new_module)
  File "<frozen importlib._bootstrap_external>", line 995, in exec_module
  File "<frozen importlib._bootstrap>", line 488, in _call_with_frames_removed
  File "/opt/airflow/dags/dbt.py", line 2, in <module>
    from airflow.providers.standard.operators.bash import BashOperator
ModuleNotFoundError: No module named 'airflow.providers.standard'
[2026-03-16T08:19:52.371+0000] {processor.py:842} WARNING - No viable dags retrieved from /opt/airflow/dags/dbt.py
[2026-03-16T08:19:52.403+0000] {processor.py:183} INFO - Processing /opt/airflow/dags/dbt.py took 0.076 seconds
[2026-03-16T08:20:22.897+0000] {processor.py:161} INFO - Started process (PID=5310) to work on /opt/airflow/dags/dbt.py
[2026-03-16T08:20:22.899+0000] {processor.py:830} INFO - Processing file /opt/airflow/dags/dbt.py for tasks to queue
[2026-03-16T08:20:22.907+0000] {logging_mixin.py:188} INFO - [2026-03-16T08:20:22.907+0000] {dagbag.py:545} INFO - Filling up the DagBag from /opt/airflow/dags/dbt.py
[2026-03-16T08:20:22.916+0000] {logging_mixin.py:188} INFO - [2026-03-16T08:20:22.912+0000] {dagbag.py:355} ERROR - Failed to import: /opt/airflow/dags/dbt.py
Traceback (most recent call last):
  File "/home/airflow/.local/lib/python3.12/site-packages/airflow/models/dagbag.py", line 351, in parse
    loader.exec_module(new_module)
  File "<frozen importlib._bootstrap_external>", line 995, in exec_module
  File "<frozen importlib._bootstrap>", line 488, in _call_with_frames_removed
  File "/opt/airflow/dags/dbt.py", line 2, in <module>
    from airflow.providers.standard.operators.bash import BashOperator
ModuleNotFoundError: No module named 'airflow.providers.standard'
[2026-03-16T08:20:22.917+0000] {processor.py:842} WARNING - No viable dags retrieved from /opt/airflow/dags/dbt.py
[2026-03-16T08:20:22.957+0000] {processor.py:183} INFO - Processing /opt/airflow/dags/dbt.py took 0.082 seconds
[2026-03-16T08:20:53.423+0000] {processor.py:161} INFO - Started process (PID=5312) to work on /opt/airflow/dags/dbt.py
[2026-03-16T08:20:53.425+0000] {processor.py:830} INFO - Processing file /opt/airflow/dags/dbt.py for tasks to queue
[2026-03-16T08:20:53.429+0000] {logging_mixin.py:188} INFO - [2026-03-16T08:20:53.428+0000] {dagbag.py:545} INFO - Filling up the DagBag from /opt/airflow/dags/dbt.py
[2026-03-16T08:20:53.438+0000] {logging_mixin.py:188} INFO - [2026-03-16T08:20:53.435+0000] {dagbag.py:355} ERROR - Failed to import: /opt/airflow/dags/dbt.py
Traceback (most recent call last):
  File "/home/airflow/.local/lib/python3.12/site-packages/airflow/models/dagbag.py", line 351, in parse
    loader.exec_module(new_module)
  File "<frozen importlib._bootstrap_external>", line 995, in exec_module
  File "<frozen importlib._bootstrap>", line 488, in _call_with_frames_removed
  File "/opt/airflow/dags/dbt.py", line 2, in <module>
    from airflow.providers.standard.operators.bash import BashOperator
ModuleNotFoundError: No module named 'airflow.providers.standard'
[2026-03-16T08:20:53.438+0000] {processor.py:842} WARNING - No viable dags retrieved from /opt/airflow/dags/dbt.py
[2026-03-16T08:20:53.468+0000] {processor.py:183} INFO - Processing /opt/airflow/dags/dbt.py took 0.067 seconds
[2026-03-16T08:21:23.865+0000] {processor.py:161} INFO - Started process (PID=5314) to work on /opt/airflow/dags/dbt.py
[2026-03-16T08:21:23.866+0000] {processor.py:830} INFO - Processing file /opt/airflow/dags/dbt.py for tasks to queue
[2026-03-16T08:21:23.870+0000] {logging_mixin.py:188} INFO - [2026-03-16T08:21:23.870+0000] {dagbag.py:545} INFO - Filling up the DagBag from /opt/airflow/dags/dbt.py
[2026-03-16T08:21:23.879+0000] {logging_mixin.py:188} INFO - [2026-03-16T08:21:23.876+0000] {dagbag.py:355} ERROR - Failed to import: /opt/airflow/dags/dbt.py
Traceback (most recent call last):
  File "/home/airflow/.local/lib/python3.12/site-packages/airflow/models/dagbag.py", line 351, in parse
    loader.exec_module(new_module)
  File "<frozen importlib._bootstrap_external>", line 995, in exec_module
  File "<frozen importlib._bootstrap>", line 488, in _call_with_frames_removed
  File "/opt/airflow/dags/dbt.py", line 2, in <module>
    from airflow.providers.standard.operators.bash import BashOperator
ModuleNotFoundError: No module named 'airflow.providers.standard'
[2026-03-16T08:21:23.879+0000] {processor.py:842} WARNING - No viable dags retrieved from /opt/airflow/dags/dbt.py
[2026-03-16T08:21:23.904+0000] {processor.py:183} INFO - Processing /opt/airflow/dags/dbt.py took 0.053 seconds
[2026-03-16T08:21:54.384+0000] {processor.py:161} INFO - Started process (PID=5316) to work on /opt/airflow/dags/dbt.py
[2026-03-16T08:21:54.386+0000] {processor.py:830} INFO - Processing file /opt/airflow/dags/dbt.py for tasks to queue
[2026-03-16T08:21:54.391+0000] {logging_mixin.py:188} INFO - [2026-03-16T08:21:54.390+0000] {dagbag.py:545} INFO - Filling up the DagBag from /opt/airflow/dags/dbt.py
[2026-03-16T08:21:54.399+0000] {logging_mixin.py:188} INFO - [2026-03-16T08:21:54.397+0000] {dagbag.py:355} ERROR - Failed to import: /opt/airflow/dags/dbt.py
Traceback (most recent call last):
  File "/home/airflow/.local/lib/python3.12/site-packages/airflow/models/dagbag.py", line 351, in parse
    loader.exec_module(new_module)
  File "<frozen importlib._bootstrap_external>", line 995, in exec_module
  File "<frozen importlib._bootstrap>", line 488, in _call_with_frames_removed
  File "/opt/airflow/dags/dbt.py", line 2, in <module>
    from airflow.providers.standard.operators.bash import BashOperator
ModuleNotFoundError: No module named 'airflow.providers.standard'
[2026-03-16T08:21:54.402+0000] {processor.py:842} WARNING - No viable dags retrieved from /opt/airflow/dags/dbt.py
[2026-03-16T08:21:54.430+0000] {processor.py:183} INFO - Processing /opt/airflow/dags/dbt.py took 0.066 seconds
[2026-03-16T08:22:24.831+0000] {processor.py:161} INFO - Started process (PID=5318) to work on /opt/airflow/dags/dbt.py
[2026-03-16T08:22:24.832+0000] {processor.py:830} INFO - Processing file /opt/airflow/dags/dbt.py for tasks to queue
[2026-03-16T08:22:24.837+0000] {logging_mixin.py:188} INFO - [2026-03-16T08:22:24.836+0000] {dagbag.py:545} INFO - Filling up the DagBag from /opt/airflow/dags/dbt.py
[2026-03-16T08:22:24.845+0000] {logging_mixin.py:188} INFO - [2026-03-16T08:22:24.843+0000] {dagbag.py:355} ERROR - Failed to import: /opt/airflow/dags/dbt.py
Traceback (most recent call last):
  File "/home/airflow/.local/lib/python3.12/site-packages/airflow/models/dagbag.py", line 351, in parse
    loader.exec_module(new_module)
  File "<frozen importlib._bootstrap_external>", line 995, in exec_module
  File "<frozen importlib._bootstrap>", line 488, in _call_with_frames_removed
  File "/opt/airflow/dags/dbt.py", line 2, in <module>
    from airflow.providers.standard.operators.bash import BashOperator
ModuleNotFoundError: No module named 'airflow.providers.standard'
[2026-03-16T08:22:24.847+0000] {processor.py:842} WARNING - No viable dags retrieved from /opt/airflow/dags/dbt.py
[2026-03-16T08:22:24.872+0000] {processor.py:183} INFO - Processing /opt/airflow/dags/dbt.py took 0.055 seconds
[2026-03-16T08:22:55.323+0000] {processor.py:161} INFO - Started process (PID=5320) to work on /opt/airflow/dags/dbt.py
[2026-03-16T08:22:55.325+0000] {processor.py:830} INFO - Processing file /opt/airflow/dags/dbt.py for tasks to queue
[2026-03-16T08:22:55.329+0000] {logging_mixin.py:188} INFO - [2026-03-16T08:22:55.329+0000] {dagbag.py:545} INFO - Filling up the DagBag from /opt/airflow/dags/dbt.py
[2026-03-16T08:22:55.341+0000] {logging_mixin.py:188} INFO - [2026-03-16T08:22:55.337+0000] {dagbag.py:355} ERROR - Failed to import: /opt/airflow/dags/dbt.py
Traceback (most recent call last):
  File "/home/airflow/.local/lib/python3.12/site-packages/airflow/models/dagbag.py", line 351, in parse
    loader.exec_module(new_module)
  File "<frozen importlib._bootstrap_external>", line 995, in exec_module
  File "<frozen importlib._bootstrap>", line 488, in _call_with_frames_removed
  File "/opt/airflow/dags/dbt.py", line 2, in <module>
    from airflow.providers.standard.operators.bash import BashOperator
ModuleNotFoundError: No module named 'airflow.providers.standard'
[2026-03-16T08:22:55.342+0000] {processor.py:842} WARNING - No viable dags retrieved from /opt/airflow/dags/dbt.py
[2026-03-16T08:22:55.378+0000] {processor.py:183} INFO - Processing /opt/airflow/dags/dbt.py took 0.074 seconds
[2026-03-16T08:23:25.773+0000] {processor.py:161} INFO - Started process (PID=5322) to work on /opt/airflow/dags/dbt.py
[2026-03-16T08:23:25.774+0000] {processor.py:830} INFO - Processing file /opt/airflow/dags/dbt.py for tasks to queue
[2026-03-16T08:23:25.777+0000] {logging_mixin.py:188} INFO - [2026-03-16T08:23:25.776+0000] {dagbag.py:545} INFO - Filling up the DagBag from /opt/airflow/dags/dbt.py
[2026-03-16T08:23:25.783+0000] {logging_mixin.py:188} INFO - [2026-03-16T08:23:25.780+0000] {dagbag.py:355} ERROR - Failed to import: /opt/airflow/dags/dbt.py
Traceback (most recent call last):
  File "/home/airflow/.local/lib/python3.12/site-packages/airflow/models/dagbag.py", line 351, in parse
    loader.exec_module(new_module)
  File "<frozen importlib._bootstrap_external>", line 995, in exec_module
  File "<frozen importlib._bootstrap>", line 488, in _call_with_frames_removed
  File "/opt/airflow/dags/dbt.py", line 2, in <module>
    from airflow.providers.standard.operators.bash import BashOperator
ModuleNotFoundError: No module named 'airflow.providers.standard'
[2026-03-16T08:23:25.784+0000] {processor.py:842} WARNING - No viable dags retrieved from /opt/airflow/dags/dbt.py
[2026-03-16T08:23:25.815+0000] {processor.py:183} INFO - Processing /opt/airflow/dags/dbt.py took 0.052 seconds
[2026-03-16T08:23:56.128+0000] {processor.py:161} INFO - Started process (PID=5324) to work on /opt/airflow/dags/dbt.py
[2026-03-16T08:23:56.130+0000] {processor.py:830} INFO - Processing file /opt/airflow/dags/dbt.py for tasks to queue
[2026-03-16T08:23:56.134+0000] {logging_mixin.py:188} INFO - [2026-03-16T08:23:56.134+0000] {dagbag.py:545} INFO - Filling up the DagBag from /opt/airflow/dags/dbt.py
[2026-03-16T08:23:56.144+0000] {logging_mixin.py:188} INFO - [2026-03-16T08:23:56.140+0000] {dagbag.py:355} ERROR - Failed to import: /opt/airflow/dags/dbt.py
Traceback (most recent call last):
  File "/home/airflow/.local/lib/python3.12/site-packages/airflow/models/dagbag.py", line 351, in parse
    loader.exec_module(new_module)
  File "<frozen importlib._bootstrap_external>", line 995, in exec_module
  File "<frozen importlib._bootstrap>", line 488, in _call_with_frames_removed
  File "/opt/airflow/dags/dbt.py", line 2, in <module>
    from airflow.providers.standard.operators.bash import BashOperator
ModuleNotFoundError: No module named 'airflow.providers.standard'
[2026-03-16T08:23:56.146+0000] {processor.py:842} WARNING - No viable dags retrieved from /opt/airflow/dags/dbt.py
[2026-03-16T08:23:56.172+0000] {processor.py:183} INFO - Processing /opt/airflow/dags/dbt.py took 0.065 seconds
[2026-03-16T08:24:26.573+0000] {processor.py:161} INFO - Started process (PID=5326) to work on /opt/airflow/dags/dbt.py
[2026-03-16T08:24:26.577+0000] {processor.py:830} INFO - Processing file /opt/airflow/dags/dbt.py for tasks to queue
[2026-03-16T08:24:26.741+0000] {logging_mixin.py:188} INFO - [2026-03-16T08:24:26.738+0000] {dagbag.py:545} INFO - Filling up the DagBag from /opt/airflow/dags/dbt.py
[2026-03-16T08:24:26.757+0000] {logging_mixin.py:188} INFO - [2026-03-16T08:24:26.752+0000] {dagbag.py:355} ERROR - Failed to import: /opt/airflow/dags/dbt.py
Traceback (most recent call last):
  File "/home/airflow/.local/lib/python3.12/site-packages/airflow/models/dagbag.py", line 351, in parse
    loader.exec_module(new_module)
  File "<frozen importlib._bootstrap_external>", line 995, in exec_module
  File "<frozen importlib._bootstrap>", line 488, in _call_with_frames_removed
  File "/opt/airflow/dags/dbt.py", line 2, in <module>
    from airflow.providers.standard.operators.bash import BashOperator
ModuleNotFoundError: No module named 'airflow.providers.standard'
[2026-03-16T08:24:26.758+0000] {processor.py:842} WARNING - No viable dags retrieved from /opt/airflow/dags/dbt.py
[2026-03-16T08:24:26.802+0000] {processor.py:183} INFO - Processing /opt/airflow/dags/dbt.py took 0.254 seconds
[2026-03-16T08:24:57.210+0000] {processor.py:161} INFO - Started process (PID=5328) to work on /opt/airflow/dags/dbt.py
[2026-03-16T08:24:57.211+0000] {processor.py:830} INFO - Processing file /opt/airflow/dags/dbt.py for tasks to queue
[2026-03-16T08:24:57.218+0000] {logging_mixin.py:188} INFO - [2026-03-16T08:24:57.218+0000] {dagbag.py:545} INFO - Filling up the DagBag from /opt/airflow/dags/dbt.py
[2026-03-16T08:24:57.228+0000] {logging_mixin.py:188} INFO - [2026-03-16T08:24:57.227+0000] {dagbag.py:355} ERROR - Failed to import: /opt/airflow/dags/dbt.py
Traceback (most recent call last):
  File "/home/airflow/.local/lib/python3.12/site-packages/airflow/models/dagbag.py", line 351, in parse
    loader.exec_module(new_module)
  File "<frozen importlib._bootstrap_external>", line 995, in exec_module
  File "<frozen importlib._bootstrap>", line 488, in _call_with_frames_removed
  File "/opt/airflow/dags/dbt.py", line 2, in <module>
    from airflow.providers.standard.operators.bash import BashOperator
ModuleNotFoundError: No module named 'airflow.providers.standard'
[2026-03-16T08:24:57.228+0000] {processor.py:842} WARNING - No viable dags retrieved from /opt/airflow/dags/dbt.py
[2026-03-16T08:24:57.258+0000] {processor.py:183} INFO - Processing /opt/airflow/dags/dbt.py took 0.074 seconds
[2026-03-16T08:25:27.698+0000] {processor.py:161} INFO - Started process (PID=5330) to work on /opt/airflow/dags/dbt.py
[2026-03-16T08:25:27.702+0000] {processor.py:830} INFO - Processing file /opt/airflow/dags/dbt.py for tasks to queue
[2026-03-16T08:25:27.709+0000] {logging_mixin.py:188} INFO - [2026-03-16T08:25:27.709+0000] {dagbag.py:545} INFO - Filling up the DagBag from /opt/airflow/dags/dbt.py
[2026-03-16T08:25:27.721+0000] {logging_mixin.py:188} INFO - [2026-03-16T08:25:27.714+0000] {dagbag.py:355} ERROR - Failed to import: /opt/airflow/dags/dbt.py
Traceback (most recent call last):
  File "/home/airflow/.local/lib/python3.12/site-packages/airflow/models/dagbag.py", line 351, in parse
    loader.exec_module(new_module)
  File "<frozen importlib._bootstrap_external>", line 995, in exec_module
  File "<frozen importlib._bootstrap>", line 488, in _call_with_frames_removed
  File "/opt/airflow/dags/dbt.py", line 2, in <module>
    from airflow.providers.standard.operators.bash import BashOperator
ModuleNotFoundError: No module named 'airflow.providers.standard'
[2026-03-16T08:25:27.725+0000] {processor.py:842} WARNING - No viable dags retrieved from /opt/airflow/dags/dbt.py
[2026-03-16T08:25:27.784+0000] {processor.py:183} INFO - Processing /opt/airflow/dags/dbt.py took 0.111 seconds
[2026-03-16T08:25:58.175+0000] {processor.py:161} INFO - Started process (PID=5332) to work on /opt/airflow/dags/dbt.py
[2026-03-16T08:25:58.176+0000] {processor.py:830} INFO - Processing file /opt/airflow/dags/dbt.py for tasks to queue
[2026-03-16T08:25:58.181+0000] {logging_mixin.py:188} INFO - [2026-03-16T08:25:58.180+0000] {dagbag.py:545} INFO - Filling up the DagBag from /opt/airflow/dags/dbt.py
[2026-03-16T08:25:58.189+0000] {logging_mixin.py:188} INFO - [2026-03-16T08:25:58.185+0000] {dagbag.py:355} ERROR - Failed to import: /opt/airflow/dags/dbt.py
Traceback (most recent call last):
  File "/home/airflow/.local/lib/python3.12/site-packages/airflow/models/dagbag.py", line 351, in parse
    loader.exec_module(new_module)
  File "<frozen importlib._bootstrap_external>", line 995, in exec_module
  File "<frozen importlib._bootstrap>", line 488, in _call_with_frames_removed
  File "/opt/airflow/dags/dbt.py", line 2, in <module>
    from airflow.providers.standard.operators.bash import BashOperator
ModuleNotFoundError: No module named 'airflow.providers.standard'
[2026-03-16T08:25:58.190+0000] {processor.py:842} WARNING - No viable dags retrieved from /opt/airflow/dags/dbt.py
[2026-03-16T08:25:58.214+0000] {processor.py:183} INFO - Processing /opt/airflow/dags/dbt.py took 0.050 seconds
[2026-03-16T08:26:28.620+0000] {processor.py:161} INFO - Started process (PID=5334) to work on /opt/airflow/dags/dbt.py
[2026-03-16T08:26:28.624+0000] {processor.py:830} INFO - Processing file /opt/airflow/dags/dbt.py for tasks to queue
[2026-03-16T08:26:28.627+0000] {logging_mixin.py:188} INFO - [2026-03-16T08:26:28.626+0000] {dagbag.py:545} INFO - Filling up the DagBag from /opt/airflow/dags/dbt.py
[2026-03-16T08:26:28.632+0000] {logging_mixin.py:188} INFO - [2026-03-16T08:26:28.631+0000] {dagbag.py:355} ERROR - Failed to import: /opt/airflow/dags/dbt.py
Traceback (most recent call last):
  File "/home/airflow/.local/lib/python3.12/site-packages/airflow/models/dagbag.py", line 351, in parse
    loader.exec_module(new_module)
  File "<frozen importlib._bootstrap_external>", line 995, in exec_module
  File "<frozen importlib._bootstrap>", line 488, in _call_with_frames_removed
  File "/opt/airflow/dags/dbt.py", line 2, in <module>
    from airflow.providers.standard.operators.bash import BashOperator
ModuleNotFoundError: No module named 'airflow.providers.standard'
[2026-03-16T08:26:28.633+0000] {processor.py:842} WARNING - No viable dags retrieved from /opt/airflow/dags/dbt.py
[2026-03-16T08:26:28.670+0000] {processor.py:183} INFO - Processing /opt/airflow/dags/dbt.py took 0.069 seconds
[2026-03-16T08:26:59.044+0000] {processor.py:161} INFO - Started process (PID=5336) to work on /opt/airflow/dags/dbt.py
[2026-03-16T08:26:59.047+0000] {processor.py:830} INFO - Processing file /opt/airflow/dags/dbt.py for tasks to queue
[2026-03-16T08:26:59.050+0000] {logging_mixin.py:188} INFO - [2026-03-16T08:26:59.050+0000] {dagbag.py:545} INFO - Filling up the DagBag from /opt/airflow/dags/dbt.py
[2026-03-16T08:26:59.064+0000] {logging_mixin.py:188} INFO - [2026-03-16T08:26:59.061+0000] {dagbag.py:355} ERROR - Failed to import: /opt/airflow/dags/dbt.py
Traceback (most recent call last):
  File "/home/airflow/.local/lib/python3.12/site-packages/airflow/models/dagbag.py", line 351, in parse
    loader.exec_module(new_module)
  File "<frozen importlib._bootstrap_external>", line 995, in exec_module
  File "<frozen importlib._bootstrap>", line 488, in _call_with_frames_removed
  File "/opt/airflow/dags/dbt.py", line 2, in <module>
    from airflow.providers.standard.operators.bash import BashOperator
ModuleNotFoundError: No module named 'airflow.providers.standard'
[2026-03-16T08:26:59.064+0000] {processor.py:842} WARNING - No viable dags retrieved from /opt/airflow/dags/dbt.py
[2026-03-16T08:26:59.091+0000] {processor.py:183} INFO - Processing /opt/airflow/dags/dbt.py took 0.061 seconds
[2026-03-16T08:27:29.461+0000] {processor.py:161} INFO - Started process (PID=5338) to work on /opt/airflow/dags/dbt.py
[2026-03-16T08:27:29.463+0000] {processor.py:830} INFO - Processing file /opt/airflow/dags/dbt.py for tasks to queue
[2026-03-16T08:27:29.467+0000] {logging_mixin.py:188} INFO - [2026-03-16T08:27:29.466+0000] {dagbag.py:545} INFO - Filling up the DagBag from /opt/airflow/dags/dbt.py
[2026-03-16T08:27:29.473+0000] {logging_mixin.py:188} INFO - [2026-03-16T08:27:29.471+0000] {dagbag.py:355} ERROR - Failed to import: /opt/airflow/dags/dbt.py
Traceback (most recent call last):
  File "/home/airflow/.local/lib/python3.12/site-packages/airflow/models/dagbag.py", line 351, in parse
    loader.exec_module(new_module)
  File "<frozen importlib._bootstrap_external>", line 995, in exec_module
  File "<frozen importlib._bootstrap>", line 488, in _call_with_frames_removed
  File "/opt/airflow/dags/dbt.py", line 2, in <module>
    from airflow.providers.standard.operators.bash import BashOperator
ModuleNotFoundError: No module named 'airflow.providers.standard'
[2026-03-16T08:27:29.473+0000] {processor.py:842} WARNING - No viable dags retrieved from /opt/airflow/dags/dbt.py
[2026-03-16T08:27:29.500+0000] {processor.py:183} INFO - Processing /opt/airflow/dags/dbt.py took 0.053 seconds
[2026-03-16T08:27:59.886+0000] {processor.py:161} INFO - Started process (PID=5340) to work on /opt/airflow/dags/dbt.py
[2026-03-16T08:27:59.887+0000] {processor.py:830} INFO - Processing file /opt/airflow/dags/dbt.py for tasks to queue
[2026-03-16T08:27:59.891+0000] {logging_mixin.py:188} INFO - [2026-03-16T08:27:59.891+0000] {dagbag.py:545} INFO - Filling up the DagBag from /opt/airflow/dags/dbt.py
[2026-03-16T08:27:59.900+0000] {logging_mixin.py:188} INFO - [2026-03-16T08:27:59.898+0000] {dagbag.py:355} ERROR - Failed to import: /opt/airflow/dags/dbt.py
Traceback (most recent call last):
  File "/home/airflow/.local/lib/python3.12/site-packages/airflow/models/dagbag.py", line 351, in parse
    loader.exec_module(new_module)
  File "<frozen importlib._bootstrap_external>", line 995, in exec_module
  File "<frozen importlib._bootstrap>", line 488, in _call_with_frames_removed
  File "/opt/airflow/dags/dbt.py", line 2, in <module>
    from airflow.providers.standard.operators.bash import BashOperator
ModuleNotFoundError: No module named 'airflow.providers.standard'
[2026-03-16T08:27:59.901+0000] {processor.py:842} WARNING - No viable dags retrieved from /opt/airflow/dags/dbt.py
[2026-03-16T08:27:59.929+0000] {processor.py:183} INFO - Processing /opt/airflow/dags/dbt.py took 0.057 seconds
[2026-03-16T08:28:30.353+0000] {processor.py:161} INFO - Started process (PID=5342) to work on /opt/airflow/dags/dbt.py
[2026-03-16T08:28:30.355+0000] {processor.py:830} INFO - Processing file /opt/airflow/dags/dbt.py for tasks to queue
[2026-03-16T08:28:30.364+0000] {logging_mixin.py:188} INFO - [2026-03-16T08:28:30.363+0000] {dagbag.py:545} INFO - Filling up the DagBag from /opt/airflow/dags/dbt.py
[2026-03-16T08:28:30.374+0000] {logging_mixin.py:188} INFO - [2026-03-16T08:28:30.369+0000] {dagbag.py:355} ERROR - Failed to import: /opt/airflow/dags/dbt.py
Traceback (most recent call last):
  File "/home/airflow/.local/lib/python3.12/site-packages/airflow/models/dagbag.py", line 351, in parse
    loader.exec_module(new_module)
  File "<frozen importlib._bootstrap_external>", line 995, in exec_module
  File "<frozen importlib._bootstrap>", line 488, in _call_with_frames_removed
  File "/opt/airflow/dags/dbt.py", line 2, in <module>
    from airflow.providers.standard.operators.bash import BashOperator
ModuleNotFoundError: No module named 'airflow.providers.standard'
[2026-03-16T08:28:30.375+0000] {processor.py:842} WARNING - No viable dags retrieved from /opt/airflow/dags/dbt.py
[2026-03-16T08:28:30.420+0000] {processor.py:183} INFO - Processing /opt/airflow/dags/dbt.py took 0.094 seconds
[2026-03-16T08:29:00.848+0000] {processor.py:161} INFO - Started process (PID=5344) to work on /opt/airflow/dags/dbt.py
[2026-03-16T08:29:00.850+0000] {processor.py:830} INFO - Processing file /opt/airflow/dags/dbt.py for tasks to queue
[2026-03-16T08:29:00.853+0000] {logging_mixin.py:188} INFO - [2026-03-16T08:29:00.853+0000] {dagbag.py:545} INFO - Filling up the DagBag from /opt/airflow/dags/dbt.py
[2026-03-16T08:29:00.864+0000] {logging_mixin.py:188} INFO - [2026-03-16T08:29:00.861+0000] {dagbag.py:355} ERROR - Failed to import: /opt/airflow/dags/dbt.py
Traceback (most recent call last):
  File "/home/airflow/.local/lib/python3.12/site-packages/airflow/models/dagbag.py", line 351, in parse
    loader.exec_module(new_module)
  File "<frozen importlib._bootstrap_external>", line 995, in exec_module
  File "<frozen importlib._bootstrap>", line 488, in _call_with_frames_removed
  File "/opt/airflow/dags/dbt.py", line 2, in <module>
    from airflow.providers.standard.operators.bash import BashOperator
ModuleNotFoundError: No module named 'airflow.providers.standard'
[2026-03-16T08:29:00.866+0000] {processor.py:842} WARNING - No viable dags retrieved from /opt/airflow/dags/dbt.py
[2026-03-16T08:29:00.905+0000] {processor.py:183} INFO - Processing /opt/airflow/dags/dbt.py took 0.077 seconds
[2026-03-16T08:29:31.340+0000] {processor.py:161} INFO - Started process (PID=5346) to work on /opt/airflow/dags/dbt.py
[2026-03-16T08:29:31.342+0000] {processor.py:830} INFO - Processing file /opt/airflow/dags/dbt.py for tasks to queue
[2026-03-16T08:29:31.350+0000] {logging_mixin.py:188} INFO - [2026-03-16T08:29:31.350+0000] {dagbag.py:545} INFO - Filling up the DagBag from /opt/airflow/dags/dbt.py
[2026-03-16T08:29:31.358+0000] {logging_mixin.py:188} INFO - [2026-03-16T08:29:31.356+0000] {dagbag.py:355} ERROR - Failed to import: /opt/airflow/dags/dbt.py
Traceback (most recent call last):
  File "/home/airflow/.local/lib/python3.12/site-packages/airflow/models/dagbag.py", line 351, in parse
    loader.exec_module(new_module)
  File "<frozen importlib._bootstrap_external>", line 995, in exec_module
  File "<frozen importlib._bootstrap>", line 488, in _call_with_frames_removed
  File "/opt/airflow/dags/dbt.py", line 2, in <module>
    from airflow.providers.standard.operators.bash import BashOperator
ModuleNotFoundError: No module named 'airflow.providers.standard'
[2026-03-16T08:29:31.360+0000] {processor.py:842} WARNING - No viable dags retrieved from /opt/airflow/dags/dbt.py
[2026-03-16T08:29:31.394+0000] {processor.py:183} INFO - Processing /opt/airflow/dags/dbt.py took 0.071 seconds
[2026-03-16T08:30:01.789+0000] {processor.py:161} INFO - Started process (PID=5348) to work on /opt/airflow/dags/dbt.py
[2026-03-16T08:30:01.790+0000] {processor.py:830} INFO - Processing file /opt/airflow/dags/dbt.py for tasks to queue
[2026-03-16T08:30:01.794+0000] {logging_mixin.py:188} INFO - [2026-03-16T08:30:01.793+0000] {dagbag.py:545} INFO - Filling up the DagBag from /opt/airflow/dags/dbt.py
[2026-03-16T08:30:01.803+0000] {logging_mixin.py:188} INFO - [2026-03-16T08:30:01.800+0000] {dagbag.py:355} ERROR - Failed to import: /opt/airflow/dags/dbt.py
Traceback (most recent call last):
  File "/home/airflow/.local/lib/python3.12/site-packages/airflow/models/dagbag.py", line 351, in parse
    loader.exec_module(new_module)
  File "<frozen importlib._bootstrap_external>", line 995, in exec_module
  File "<frozen importlib._bootstrap>", line 488, in _call_with_frames_removed
  File "/opt/airflow/dags/dbt.py", line 2, in <module>
    from airflow.providers.standard.operators.bash import BashOperator
ModuleNotFoundError: No module named 'airflow.providers.standard'
[2026-03-16T08:30:01.805+0000] {processor.py:842} WARNING - No viable dags retrieved from /opt/airflow/dags/dbt.py
[2026-03-16T08:30:01.831+0000] {processor.py:183} INFO - Processing /opt/airflow/dags/dbt.py took 0.056 seconds
[2026-03-16T08:30:32.338+0000] {processor.py:161} INFO - Started process (PID=5350) to work on /opt/airflow/dags/dbt.py
[2026-03-16T08:30:32.339+0000] {processor.py:830} INFO - Processing file /opt/airflow/dags/dbt.py for tasks to queue
[2026-03-16T08:30:32.344+0000] {logging_mixin.py:188} INFO - [2026-03-16T08:30:32.343+0000] {dagbag.py:545} INFO - Filling up the DagBag from /opt/airflow/dags/dbt.py
[2026-03-16T08:30:32.358+0000] {logging_mixin.py:188} INFO - [2026-03-16T08:30:32.353+0000] {dagbag.py:355} ERROR - Failed to import: /opt/airflow/dags/dbt.py
Traceback (most recent call last):
  File "/home/airflow/.local/lib/python3.12/site-packages/airflow/models/dagbag.py", line 351, in parse
    loader.exec_module(new_module)
  File "<frozen importlib._bootstrap_external>", line 995, in exec_module
  File "<frozen importlib._bootstrap>", line 488, in _call_with_frames_removed
  File "/opt/airflow/dags/dbt.py", line 2, in <module>
    from airflow.providers.standard.operators.bash import BashOperator
ModuleNotFoundError: No module named 'airflow.providers.standard'
[2026-03-16T08:30:32.359+0000] {processor.py:842} WARNING - No viable dags retrieved from /opt/airflow/dags/dbt.py
[2026-03-16T08:30:32.397+0000] {processor.py:183} INFO - Processing /opt/airflow/dags/dbt.py took 0.077 seconds
[2026-03-16T08:31:02.828+0000] {processor.py:161} INFO - Started process (PID=5352) to work on /opt/airflow/dags/dbt.py
[2026-03-16T08:31:02.830+0000] {processor.py:830} INFO - Processing file /opt/airflow/dags/dbt.py for tasks to queue
[2026-03-16T08:31:02.835+0000] {logging_mixin.py:188} INFO - [2026-03-16T08:31:02.835+0000] {dagbag.py:545} INFO - Filling up the DagBag from /opt/airflow/dags/dbt.py
[2026-03-16T08:31:02.844+0000] {logging_mixin.py:188} INFO - [2026-03-16T08:31:02.840+0000] {dagbag.py:355} ERROR - Failed to import: /opt/airflow/dags/dbt.py
Traceback (most recent call last):
  File "/home/airflow/.local/lib/python3.12/site-packages/airflow/models/dagbag.py", line 351, in parse
    loader.exec_module(new_module)
  File "<frozen importlib._bootstrap_external>", line 995, in exec_module
  File "<frozen importlib._bootstrap>", line 488, in _call_with_frames_removed
  File "/opt/airflow/dags/dbt.py", line 2, in <module>
    from airflow.providers.standard.operators.bash import BashOperator
ModuleNotFoundError: No module named 'airflow.providers.standard'
[2026-03-16T08:31:02.844+0000] {processor.py:842} WARNING - No viable dags retrieved from /opt/airflow/dags/dbt.py
[2026-03-16T08:31:02.871+0000] {processor.py:183} INFO - Processing /opt/airflow/dags/dbt.py took 0.059 seconds
[2026-03-16T08:31:33.310+0000] {processor.py:161} INFO - Started process (PID=5354) to work on /opt/airflow/dags/dbt.py
[2026-03-16T08:31:33.312+0000] {processor.py:830} INFO - Processing file /opt/airflow/dags/dbt.py for tasks to queue
[2026-03-16T08:31:33.320+0000] {logging_mixin.py:188} INFO - [2026-03-16T08:31:33.320+0000] {dagbag.py:545} INFO - Filling up the DagBag from /opt/airflow/dags/dbt.py
[2026-03-16T08:31:33.333+0000] {logging_mixin.py:188} INFO - [2026-03-16T08:31:33.327+0000] {dagbag.py:355} ERROR - Failed to import: /opt/airflow/dags/dbt.py
Traceback (most recent call last):
  File "/home/airflow/.local/lib/python3.12/site-packages/airflow/models/dagbag.py", line 351, in parse
    loader.exec_module(new_module)
  File "<frozen importlib._bootstrap_external>", line 995, in exec_module
  File "<frozen importlib._bootstrap>", line 488, in _call_with_frames_removed
  File "/opt/airflow/dags/dbt.py", line 2, in <module>
    from airflow.providers.standard.operators.bash import BashOperator
ModuleNotFoundError: No module named 'airflow.providers.standard'
[2026-03-16T08:31:33.334+0000] {processor.py:842} WARNING - No viable dags retrieved from /opt/airflow/dags/dbt.py
[2026-03-16T08:31:33.383+0000] {processor.py:183} INFO - Processing /opt/airflow/dags/dbt.py took 0.091 seconds
[2026-03-16T08:32:03.731+0000] {processor.py:161} INFO - Started process (PID=5356) to work on /opt/airflow/dags/dbt.py
[2026-03-16T08:32:03.733+0000] {processor.py:830} INFO - Processing file /opt/airflow/dags/dbt.py for tasks to queue
[2026-03-16T08:32:03.736+0000] {logging_mixin.py:188} INFO - [2026-03-16T08:32:03.736+0000] {dagbag.py:545} INFO - Filling up the DagBag from /opt/airflow/dags/dbt.py
[2026-03-16T08:32:03.745+0000] {logging_mixin.py:188} INFO - [2026-03-16T08:32:03.741+0000] {dagbag.py:355} ERROR - Failed to import: /opt/airflow/dags/dbt.py
Traceback (most recent call last):
  File "/home/airflow/.local/lib/python3.12/site-packages/airflow/models/dagbag.py", line 351, in parse
    loader.exec_module(new_module)
  File "<frozen importlib._bootstrap_external>", line 995, in exec_module
  File "<frozen importlib._bootstrap>", line 488, in _call_with_frames_removed
  File "/opt/airflow/dags/dbt.py", line 2, in <module>
    from airflow.providers.standard.operators.bash import BashOperator
ModuleNotFoundError: No module named 'airflow.providers.standard'
[2026-03-16T08:32:03.745+0000] {processor.py:842} WARNING - No viable dags retrieved from /opt/airflow/dags/dbt.py
[2026-03-16T08:32:03.778+0000] {processor.py:183} INFO - Processing /opt/airflow/dags/dbt.py took 0.058 seconds
[2026-03-16T08:32:34.197+0000] {processor.py:161} INFO - Started process (PID=5358) to work on /opt/airflow/dags/dbt.py
[2026-03-16T08:32:34.199+0000] {processor.py:830} INFO - Processing file /opt/airflow/dags/dbt.py for tasks to queue
[2026-03-16T08:32:34.207+0000] {logging_mixin.py:188} INFO - [2026-03-16T08:32:34.206+0000] {dagbag.py:545} INFO - Filling up the DagBag from /opt/airflow/dags/dbt.py
[2026-03-16T08:32:34.215+0000] {logging_mixin.py:188} INFO - [2026-03-16T08:32:34.214+0000] {dagbag.py:355} ERROR - Failed to import: /opt/airflow/dags/dbt.py
Traceback (most recent call last):
  File "/home/airflow/.local/lib/python3.12/site-packages/airflow/models/dagbag.py", line 351, in parse
    loader.exec_module(new_module)
  File "<frozen importlib._bootstrap_external>", line 995, in exec_module
  File "<frozen importlib._bootstrap>", line 488, in _call_with_frames_removed
  File "/opt/airflow/dags/dbt.py", line 2, in <module>
    from airflow.providers.standard.operators.bash import BashOperator
ModuleNotFoundError: No module named 'airflow.providers.standard'
[2026-03-16T08:32:34.216+0000] {processor.py:842} WARNING - No viable dags retrieved from /opt/airflow/dags/dbt.py
[2026-03-16T08:32:34.250+0000] {processor.py:183} INFO - Processing /opt/airflow/dags/dbt.py took 0.062 seconds
[2026-03-16T08:33:04.659+0000] {processor.py:161} INFO - Started process (PID=5360) to work on /opt/airflow/dags/dbt.py
[2026-03-16T08:33:04.662+0000] {processor.py:830} INFO - Processing file /opt/airflow/dags/dbt.py for tasks to queue
[2026-03-16T08:33:04.668+0000] {logging_mixin.py:188} INFO - [2026-03-16T08:33:04.667+0000] {dagbag.py:545} INFO - Filling up the DagBag from /opt/airflow/dags/dbt.py
[2026-03-16T08:33:04.678+0000] {logging_mixin.py:188} INFO - [2026-03-16T08:33:04.676+0000] {dagbag.py:355} ERROR - Failed to import: /opt/airflow/dags/dbt.py
Traceback (most recent call last):
  File "/home/airflow/.local/lib/python3.12/site-packages/airflow/models/dagbag.py", line 351, in parse
    loader.exec_module(new_module)
  File "<frozen importlib._bootstrap_external>", line 995, in exec_module
  File "<frozen importlib._bootstrap>", line 488, in _call_with_frames_removed
  File "/opt/airflow/dags/dbt.py", line 2, in <module>
    from airflow.providers.standard.operators.bash import BashOperator
ModuleNotFoundError: No module named 'airflow.providers.standard'
[2026-03-16T08:33:04.679+0000] {processor.py:842} WARNING - No viable dags retrieved from /opt/airflow/dags/dbt.py
[2026-03-16T08:33:04.722+0000] {processor.py:183} INFO - Processing /opt/airflow/dags/dbt.py took 0.078 seconds
[2026-03-16T08:33:35.155+0000] {processor.py:161} INFO - Started process (PID=5362) to work on /opt/airflow/dags/dbt.py
[2026-03-16T08:33:35.157+0000] {processor.py:830} INFO - Processing file /opt/airflow/dags/dbt.py for tasks to queue
[2026-03-16T08:33:35.160+0000] {logging_mixin.py:188} INFO - [2026-03-16T08:33:35.160+0000] {dagbag.py:545} INFO - Filling up the DagBag from /opt/airflow/dags/dbt.py
[2026-03-16T08:33:35.169+0000] {logging_mixin.py:188} INFO - [2026-03-16T08:33:35.165+0000] {dagbag.py:355} ERROR - Failed to import: /opt/airflow/dags/dbt.py
Traceback (most recent call last):
  File "/home/airflow/.local/lib/python3.12/site-packages/airflow/models/dagbag.py", line 351, in parse
    loader.exec_module(new_module)
  File "<frozen importlib._bootstrap_external>", line 995, in exec_module
  File "<frozen importlib._bootstrap>", line 488, in _call_with_frames_removed
  File "/opt/airflow/dags/dbt.py", line 2, in <module>
    from airflow.providers.standard.operators.bash import BashOperator
ModuleNotFoundError: No module named 'airflow.providers.standard'
[2026-03-16T08:33:35.169+0000] {processor.py:842} WARNING - No viable dags retrieved from /opt/airflow/dags/dbt.py
[2026-03-16T08:33:35.195+0000] {processor.py:183} INFO - Processing /opt/airflow/dags/dbt.py took 0.051 seconds
[2026-03-16T08:34:05.596+0000] {processor.py:161} INFO - Started process (PID=5364) to work on /opt/airflow/dags/dbt.py
[2026-03-16T08:34:05.598+0000] {processor.py:830} INFO - Processing file /opt/airflow/dags/dbt.py for tasks to queue
[2026-03-16T08:34:05.605+0000] {logging_mixin.py:188} INFO - [2026-03-16T08:34:05.603+0000] {dagbag.py:545} INFO - Filling up the DagBag from /opt/airflow/dags/dbt.py
[2026-03-16T08:34:05.616+0000] {logging_mixin.py:188} INFO - [2026-03-16T08:34:05.613+0000] {dagbag.py:355} ERROR - Failed to import: /opt/airflow/dags/dbt.py
Traceback (most recent call last):
  File "/home/airflow/.local/lib/python3.12/site-packages/airflow/models/dagbag.py", line 351, in parse
    loader.exec_module(new_module)
  File "<frozen importlib._bootstrap_external>", line 995, in exec_module
  File "<frozen importlib._bootstrap>", line 488, in _call_with_frames_removed
  File "/opt/airflow/dags/dbt.py", line 2, in <module>
    from airflow.providers.standard.operators.bash import BashOperator
ModuleNotFoundError: No module named 'airflow.providers.standard'
[2026-03-16T08:34:05.619+0000] {processor.py:842} WARNING - No viable dags retrieved from /opt/airflow/dags/dbt.py
[2026-03-16T08:34:05.654+0000] {processor.py:183} INFO - Processing /opt/airflow/dags/dbt.py took 0.070 seconds
[2026-03-16T08:34:36.099+0000] {processor.py:161} INFO - Started process (PID=5366) to work on /opt/airflow/dags/dbt.py
[2026-03-16T08:34:36.101+0000] {processor.py:830} INFO - Processing file /opt/airflow/dags/dbt.py for tasks to queue
[2026-03-16T08:34:36.106+0000] {logging_mixin.py:188} INFO - [2026-03-16T08:34:36.105+0000] {dagbag.py:545} INFO - Filling up the DagBag from /opt/airflow/dags/dbt.py
[2026-03-16T08:34:36.112+0000] {logging_mixin.py:188} INFO - [2026-03-16T08:34:36.111+0000] {dagbag.py:355} ERROR - Failed to import: /opt/airflow/dags/dbt.py
Traceback (most recent call last):
  File "/home/airflow/.local/lib/python3.12/site-packages/airflow/models/dagbag.py", line 351, in parse
    loader.exec_module(new_module)
  File "<frozen importlib._bootstrap_external>", line 995, in exec_module
  File "<frozen importlib._bootstrap>", line 488, in _call_with_frames_removed
  File "/opt/airflow/dags/dbt.py", line 2, in <module>
    from airflow.providers.standard.operators.bash import BashOperator
ModuleNotFoundError: No module named 'airflow.providers.standard'
[2026-03-16T08:34:36.112+0000] {processor.py:842} WARNING - No viable dags retrieved from /opt/airflow/dags/dbt.py
[2026-03-16T08:34:36.141+0000] {processor.py:183} INFO - Processing /opt/airflow/dags/dbt.py took 0.056 seconds
[2026-03-16T08:35:06.570+0000] {processor.py:161} INFO - Started process (PID=5368) to work on /opt/airflow/dags/dbt.py
[2026-03-16T08:35:06.573+0000] {processor.py:830} INFO - Processing file /opt/airflow/dags/dbt.py for tasks to queue
[2026-03-16T08:35:06.581+0000] {logging_mixin.py:188} INFO - [2026-03-16T08:35:06.580+0000] {dagbag.py:545} INFO - Filling up the DagBag from /opt/airflow/dags/dbt.py
[2026-03-16T08:35:06.591+0000] {logging_mixin.py:188} INFO - [2026-03-16T08:35:06.586+0000] {dagbag.py:355} ERROR - Failed to import: /opt/airflow/dags/dbt.py
Traceback (most recent call last):
  File "/home/airflow/.local/lib/python3.12/site-packages/airflow/models/dagbag.py", line 351, in parse
    loader.exec_module(new_module)
  File "<frozen importlib._bootstrap_external>", line 995, in exec_module
  File "<frozen importlib._bootstrap>", line 488, in _call_with_frames_removed
  File "/opt/airflow/dags/dbt.py", line 2, in <module>
    from airflow.providers.standard.operators.bash import BashOperator
ModuleNotFoundError: No module named 'airflow.providers.standard'
[2026-03-16T08:35:06.591+0000] {processor.py:842} WARNING - No viable dags retrieved from /opt/airflow/dags/dbt.py
[2026-03-16T08:35:06.634+0000] {processor.py:183} INFO - Processing /opt/airflow/dags/dbt.py took 0.080 seconds
[2026-03-16T08:35:37.139+0000] {processor.py:161} INFO - Started process (PID=5370) to work on /opt/airflow/dags/dbt.py
[2026-03-16T08:35:37.141+0000] {processor.py:830} INFO - Processing file /opt/airflow/dags/dbt.py for tasks to queue
[2026-03-16T08:35:37.149+0000] {logging_mixin.py:188} INFO - [2026-03-16T08:35:37.145+0000] {dagbag.py:545} INFO - Filling up the DagBag from /opt/airflow/dags/dbt.py
[2026-03-16T08:35:37.155+0000] {logging_mixin.py:188} INFO - [2026-03-16T08:35:37.154+0000] {dagbag.py:355} ERROR - Failed to import: /opt/airflow/dags/dbt.py
Traceback (most recent call last):
  File "/home/airflow/.local/lib/python3.12/site-packages/airflow/models/dagbag.py", line 351, in parse
    loader.exec_module(new_module)
  File "<frozen importlib._bootstrap_external>", line 995, in exec_module
  File "<frozen importlib._bootstrap>", line 488, in _call_with_frames_removed
  File "/opt/airflow/dags/dbt.py", line 2, in <module>
    from airflow.providers.standard.operators.bash import BashOperator
ModuleNotFoundError: No module named 'airflow.providers.standard'
[2026-03-16T08:35:37.156+0000] {processor.py:842} WARNING - No viable dags retrieved from /opt/airflow/dags/dbt.py
[2026-03-16T08:35:37.191+0000] {processor.py:183} INFO - Processing /opt/airflow/dags/dbt.py took 0.075 seconds
[2026-03-16T08:36:07.255+0000] {processor.py:161} INFO - Started process (PID=5372) to work on /opt/airflow/dags/dbt.py
[2026-03-16T08:36:07.258+0000] {processor.py:830} INFO - Processing file /opt/airflow/dags/dbt.py for tasks to queue
[2026-03-16T08:36:07.262+0000] {logging_mixin.py:188} INFO - [2026-03-16T08:36:07.262+0000] {dagbag.py:545} INFO - Filling up the DagBag from /opt/airflow/dags/dbt.py
[2026-03-16T08:36:07.267+0000] {logging_mixin.py:188} INFO - [2026-03-16T08:36:07.266+0000] {dagbag.py:355} ERROR - Failed to import: /opt/airflow/dags/dbt.py
Traceback (most recent call last):
  File "/home/airflow/.local/lib/python3.12/site-packages/airflow/models/dagbag.py", line 351, in parse
    loader.exec_module(new_module)
  File "<frozen importlib._bootstrap_external>", line 995, in exec_module
  File "<frozen importlib._bootstrap>", line 488, in _call_with_frames_removed
  File "/opt/airflow/dags/dbt.py", line 2, in <module>
    from airflow.providers.standard.operators.bash import BashOperator
ModuleNotFoundError: No module named 'airflow.providers.standard'
[2026-03-16T08:36:07.268+0000] {processor.py:842} WARNING - No viable dags retrieved from /opt/airflow/dags/dbt.py
[2026-03-16T08:36:07.290+0000] {processor.py:183} INFO - Processing /opt/airflow/dags/dbt.py took 0.041 seconds
[2026-03-16T08:51:09.122+0000] {processor.py:161} INFO - Started process (PID=5374) to work on /opt/airflow/dags/dbt.py
[2026-03-16T08:51:09.124+0000] {processor.py:830} INFO - Processing file /opt/airflow/dags/dbt.py for tasks to queue
[2026-03-16T08:51:09.129+0000] {logging_mixin.py:188} INFO - [2026-03-16T08:51:09.129+0000] {dagbag.py:545} INFO - Filling up the DagBag from /opt/airflow/dags/dbt.py
[2026-03-16T08:51:09.139+0000] {logging_mixin.py:188} INFO - [2026-03-16T08:51:09.137+0000] {dagbag.py:355} ERROR - Failed to import: /opt/airflow/dags/dbt.py
Traceback (most recent call last):
  File "/home/airflow/.local/lib/python3.12/site-packages/airflow/models/dagbag.py", line 351, in parse
    loader.exec_module(new_module)
  File "<frozen importlib._bootstrap_external>", line 995, in exec_module
  File "<frozen importlib._bootstrap>", line 488, in _call_with_frames_removed
  File "/opt/airflow/dags/dbt.py", line 2, in <module>
    from airflow.providers.standard.operators.bash import BashOperator
ModuleNotFoundError: No module named 'airflow.providers.standard'
[2026-03-16T08:51:09.140+0000] {processor.py:842} WARNING - No viable dags retrieved from /opt/airflow/dags/dbt.py
[2026-03-16T08:51:09.164+0000] {processor.py:183} INFO - Processing /opt/airflow/dags/dbt.py took 0.052 seconds
[2026-03-16T08:51:39.511+0000] {processor.py:161} INFO - Started process (PID=5376) to work on /opt/airflow/dags/dbt.py
[2026-03-16T08:51:39.513+0000] {processor.py:830} INFO - Processing file /opt/airflow/dags/dbt.py for tasks to queue
[2026-03-16T08:51:39.521+0000] {logging_mixin.py:188} INFO - [2026-03-16T08:51:39.520+0000] {dagbag.py:545} INFO - Filling up the DagBag from /opt/airflow/dags/dbt.py
[2026-03-16T08:51:39.529+0000] {logging_mixin.py:188} INFO - [2026-03-16T08:51:39.527+0000] {dagbag.py:355} ERROR - Failed to import: /opt/airflow/dags/dbt.py
Traceback (most recent call last):
  File "/home/airflow/.local/lib/python3.12/site-packages/airflow/models/dagbag.py", line 351, in parse
    loader.exec_module(new_module)
  File "<frozen importlib._bootstrap_external>", line 995, in exec_module
  File "<frozen importlib._bootstrap>", line 488, in _call_with_frames_removed
  File "/opt/airflow/dags/dbt.py", line 2, in <module>
    from airflow.providers.standard.operators.bash import BashOperator
ModuleNotFoundError: No module named 'airflow.providers.standard'
[2026-03-16T08:51:39.530+0000] {processor.py:842} WARNING - No viable dags retrieved from /opt/airflow/dags/dbt.py
[2026-03-16T08:51:39.563+0000] {processor.py:183} INFO - Processing /opt/airflow/dags/dbt.py took 0.069 seconds
[2026-03-16T08:52:09.909+0000] {processor.py:161} INFO - Started process (PID=5378) to work on /opt/airflow/dags/dbt.py
[2026-03-16T08:52:09.911+0000] {processor.py:830} INFO - Processing file /opt/airflow/dags/dbt.py for tasks to queue
[2026-03-16T08:52:09.916+0000] {logging_mixin.py:188} INFO - [2026-03-16T08:52:09.915+0000] {dagbag.py:545} INFO - Filling up the DagBag from /opt/airflow/dags/dbt.py
[2026-03-16T08:52:09.925+0000] {logging_mixin.py:188} INFO - [2026-03-16T08:52:09.923+0000] {dagbag.py:355} ERROR - Failed to import: /opt/airflow/dags/dbt.py
Traceback (most recent call last):
  File "/home/airflow/.local/lib/python3.12/site-packages/airflow/models/dagbag.py", line 351, in parse
    loader.exec_module(new_module)
  File "<frozen importlib._bootstrap_external>", line 995, in exec_module
  File "<frozen importlib._bootstrap>", line 488, in _call_with_frames_removed
  File "/opt/airflow/dags/dbt.py", line 2, in <module>
    from airflow.providers.standard.operators.bash import BashOperator
ModuleNotFoundError: No module named 'airflow.providers.standard'
[2026-03-16T08:52:09.926+0000] {processor.py:842} WARNING - No viable dags retrieved from /opt/airflow/dags/dbt.py
[2026-03-16T08:52:09.960+0000] {processor.py:183} INFO - Processing /opt/airflow/dags/dbt.py took 0.065 seconds
[2026-03-16T08:52:40.365+0000] {processor.py:161} INFO - Started process (PID=5380) to work on /opt/airflow/dags/dbt.py
[2026-03-16T08:52:40.370+0000] {processor.py:830} INFO - Processing file /opt/airflow/dags/dbt.py for tasks to queue
[2026-03-16T08:52:40.378+0000] {logging_mixin.py:188} INFO - [2026-03-16T08:52:40.377+0000] {dagbag.py:545} INFO - Filling up the DagBag from /opt/airflow/dags/dbt.py
[2026-03-16T08:52:40.387+0000] {logging_mixin.py:188} INFO - [2026-03-16T08:52:40.385+0000] {dagbag.py:355} ERROR - Failed to import: /opt/airflow/dags/dbt.py
Traceback (most recent call last):
  File "/home/airflow/.local/lib/python3.12/site-packages/airflow/models/dagbag.py", line 351, in parse
    loader.exec_module(new_module)
  File "<frozen importlib._bootstrap_external>", line 995, in exec_module
  File "<frozen importlib._bootstrap>", line 488, in _call_with_frames_removed
  File "/opt/airflow/dags/dbt.py", line 2, in <module>
    from airflow.providers.standard.operators.bash import BashOperator
ModuleNotFoundError: No module named 'airflow.providers.standard'
[2026-03-16T08:52:40.387+0000] {processor.py:842} WARNING - No viable dags retrieved from /opt/airflow/dags/dbt.py
[2026-03-16T08:52:40.422+0000] {processor.py:183} INFO - Processing /opt/airflow/dags/dbt.py took 0.070 seconds
[2026-03-16T08:53:10.834+0000] {processor.py:161} INFO - Started process (PID=5382) to work on /opt/airflow/dags/dbt.py
[2026-03-16T08:53:10.836+0000] {processor.py:830} INFO - Processing file /opt/airflow/dags/dbt.py for tasks to queue
[2026-03-16T08:53:10.841+0000] {logging_mixin.py:188} INFO - [2026-03-16T08:53:10.840+0000] {dagbag.py:545} INFO - Filling up the DagBag from /opt/airflow/dags/dbt.py
[2026-03-16T08:53:10.849+0000] {logging_mixin.py:188} INFO - [2026-03-16T08:53:10.846+0000] {dagbag.py:355} ERROR - Failed to import: /opt/airflow/dags/dbt.py
Traceback (most recent call last):
  File "/home/airflow/.local/lib/python3.12/site-packages/airflow/models/dagbag.py", line 351, in parse
    loader.exec_module(new_module)
  File "<frozen importlib._bootstrap_external>", line 995, in exec_module
  File "<frozen importlib._bootstrap>", line 488, in _call_with_frames_removed
  File "/opt/airflow/dags/dbt.py", line 2, in <module>
    from airflow.providers.standard.operators.bash import BashOperator
ModuleNotFoundError: No module named 'airflow.providers.standard'
[2026-03-16T08:53:10.850+0000] {processor.py:842} WARNING - No viable dags retrieved from /opt/airflow/dags/dbt.py
[2026-03-16T08:53:10.879+0000] {processor.py:183} INFO - Processing /opt/airflow/dags/dbt.py took 0.060 seconds
[2026-03-16T08:53:41.296+0000] {processor.py:161} INFO - Started process (PID=5384) to work on /opt/airflow/dags/dbt.py
[2026-03-16T08:53:41.297+0000] {processor.py:830} INFO - Processing file /opt/airflow/dags/dbt.py for tasks to queue
[2026-03-16T08:53:41.300+0000] {logging_mixin.py:188} INFO - [2026-03-16T08:53:41.300+0000] {dagbag.py:545} INFO - Filling up the DagBag from /opt/airflow/dags/dbt.py
[2026-03-16T08:53:41.310+0000] {logging_mixin.py:188} INFO - [2026-03-16T08:53:41.306+0000] {dagbag.py:355} ERROR - Failed to import: /opt/airflow/dags/dbt.py
Traceback (most recent call last):
  File "/home/airflow/.local/lib/python3.12/site-packages/airflow/models/dagbag.py", line 351, in parse
    loader.exec_module(new_module)
  File "<frozen importlib._bootstrap_external>", line 995, in exec_module
  File "<frozen importlib._bootstrap>", line 488, in _call_with_frames_removed
  File "/opt/airflow/dags/dbt.py", line 2, in <module>
    from airflow.providers.standard.operators.bash import BashOperator
ModuleNotFoundError: No module named 'airflow.providers.standard'
[2026-03-16T08:53:41.310+0000] {processor.py:842} WARNING - No viable dags retrieved from /opt/airflow/dags/dbt.py
[2026-03-16T08:53:41.339+0000] {processor.py:183} INFO - Processing /opt/airflow/dags/dbt.py took 0.065 seconds
[2026-03-16T08:54:11.785+0000] {processor.py:161} INFO - Started process (PID=5386) to work on /opt/airflow/dags/dbt.py
[2026-03-16T08:54:11.787+0000] {processor.py:830} INFO - Processing file /opt/airflow/dags/dbt.py for tasks to queue
[2026-03-16T08:54:11.793+0000] {logging_mixin.py:188} INFO - [2026-03-16T08:54:11.792+0000] {dagbag.py:545} INFO - Filling up the DagBag from /opt/airflow/dags/dbt.py
[2026-03-16T08:54:11.804+0000] {logging_mixin.py:188} INFO - [2026-03-16T08:54:11.799+0000] {dagbag.py:355} ERROR - Failed to import: /opt/airflow/dags/dbt.py
Traceback (most recent call last):
  File "/home/airflow/.local/lib/python3.12/site-packages/airflow/models/dagbag.py", line 351, in parse
    loader.exec_module(new_module)
  File "<frozen importlib._bootstrap_external>", line 995, in exec_module
  File "<frozen importlib._bootstrap>", line 488, in _call_with_frames_removed
  File "/opt/airflow/dags/dbt.py", line 2, in <module>
    from airflow.providers.standard.operators.bash import BashOperator
ModuleNotFoundError: No module named 'airflow.providers.standard'
[2026-03-16T08:54:11.804+0000] {processor.py:842} WARNING - No viable dags retrieved from /opt/airflow/dags/dbt.py
[2026-03-16T08:54:11.837+0000] {processor.py:183} INFO - Processing /opt/airflow/dags/dbt.py took 0.069 seconds
[2026-03-16T08:54:42.300+0000] {processor.py:161} INFO - Started process (PID=5388) to work on /opt/airflow/dags/dbt.py
[2026-03-16T08:54:42.301+0000] {processor.py:830} INFO - Processing file /opt/airflow/dags/dbt.py for tasks to queue
[2026-03-16T08:54:42.307+0000] {logging_mixin.py:188} INFO - [2026-03-16T08:54:42.306+0000] {dagbag.py:545} INFO - Filling up the DagBag from /opt/airflow/dags/dbt.py
[2026-03-16T08:54:42.315+0000] {logging_mixin.py:188} INFO - [2026-03-16T08:54:42.313+0000] {dagbag.py:355} ERROR - Failed to import: /opt/airflow/dags/dbt.py
Traceback (most recent call last):
  File "/home/airflow/.local/lib/python3.12/site-packages/airflow/models/dagbag.py", line 351, in parse
    loader.exec_module(new_module)
  File "<frozen importlib._bootstrap_external>", line 995, in exec_module
  File "<frozen importlib._bootstrap>", line 488, in _call_with_frames_removed
  File "/opt/airflow/dags/dbt.py", line 2, in <module>
    from airflow.providers.standard.operators.bash import BashOperator
ModuleNotFoundError: No module named 'airflow.providers.standard'
[2026-03-16T08:54:42.317+0000] {processor.py:842} WARNING - No viable dags retrieved from /opt/airflow/dags/dbt.py
[2026-03-16T08:54:42.356+0000] {processor.py:183} INFO - Processing /opt/airflow/dags/dbt.py took 0.077 seconds
[2026-03-16T08:55:12.708+0000] {processor.py:161} INFO - Started process (PID=5390) to work on /opt/airflow/dags/dbt.py
[2026-03-16T08:55:12.709+0000] {processor.py:830} INFO - Processing file /opt/airflow/dags/dbt.py for tasks to queue
[2026-03-16T08:55:12.711+0000] {logging_mixin.py:188} INFO - [2026-03-16T08:55:12.711+0000] {dagbag.py:545} INFO - Filling up the DagBag from /opt/airflow/dags/dbt.py
[2026-03-16T08:55:12.716+0000] {logging_mixin.py:188} INFO - [2026-03-16T08:55:12.715+0000] {dagbag.py:355} ERROR - Failed to import: /opt/airflow/dags/dbt.py
Traceback (most recent call last):
  File "/home/airflow/.local/lib/python3.12/site-packages/airflow/models/dagbag.py", line 351, in parse
    loader.exec_module(new_module)
  File "<frozen importlib._bootstrap_external>", line 995, in exec_module
  File "<frozen importlib._bootstrap>", line 488, in _call_with_frames_removed
  File "/opt/airflow/dags/dbt.py", line 2, in <module>
    from airflow.providers.standard.operators.bash import BashOperator
ModuleNotFoundError: No module named 'airflow.providers.standard'
[2026-03-16T08:55:12.718+0000] {processor.py:842} WARNING - No viable dags retrieved from /opt/airflow/dags/dbt.py
[2026-03-16T08:55:12.742+0000] {processor.py:183} INFO - Processing /opt/airflow/dags/dbt.py took 0.043 seconds
[2026-03-16T08:55:43.221+0000] {processor.py:161} INFO - Started process (PID=5392) to work on /opt/airflow/dags/dbt.py
[2026-03-16T08:55:43.225+0000] {processor.py:830} INFO - Processing file /opt/airflow/dags/dbt.py for tasks to queue
[2026-03-16T08:55:43.233+0000] {logging_mixin.py:188} INFO - [2026-03-16T08:55:43.233+0000] {dagbag.py:545} INFO - Filling up the DagBag from /opt/airflow/dags/dbt.py
[2026-03-16T08:55:43.243+0000] {logging_mixin.py:188} INFO - [2026-03-16T08:55:43.241+0000] {dagbag.py:355} ERROR - Failed to import: /opt/airflow/dags/dbt.py
Traceback (most recent call last):
  File "/home/airflow/.local/lib/python3.12/site-packages/airflow/models/dagbag.py", line 351, in parse
    loader.exec_module(new_module)
  File "<frozen importlib._bootstrap_external>", line 995, in exec_module
  File "<frozen importlib._bootstrap>", line 488, in _call_with_frames_removed
  File "/opt/airflow/dags/dbt.py", line 2, in <module>
    from airflow.providers.standard.operators.bash import BashOperator
ModuleNotFoundError: No module named 'airflow.providers.standard'
[2026-03-16T08:55:43.243+0000] {processor.py:842} WARNING - No viable dags retrieved from /opt/airflow/dags/dbt.py
[2026-03-16T08:55:43.278+0000] {processor.py:183} INFO - Processing /opt/airflow/dags/dbt.py took 0.090 seconds
[2026-03-16T08:56:13.730+0000] {processor.py:161} INFO - Started process (PID=5394) to work on /opt/airflow/dags/dbt.py
[2026-03-16T08:56:13.732+0000] {processor.py:830} INFO - Processing file /opt/airflow/dags/dbt.py for tasks to queue
[2026-03-16T08:56:13.736+0000] {logging_mixin.py:188} INFO - [2026-03-16T08:56:13.735+0000] {dagbag.py:545} INFO - Filling up the DagBag from /opt/airflow/dags/dbt.py
[2026-03-16T08:56:13.742+0000] {logging_mixin.py:188} INFO - [2026-03-16T08:56:13.741+0000] {dagbag.py:355} ERROR - Failed to import: /opt/airflow/dags/dbt.py
Traceback (most recent call last):
  File "/home/airflow/.local/lib/python3.12/site-packages/airflow/models/dagbag.py", line 351, in parse
    loader.exec_module(new_module)
  File "<frozen importlib._bootstrap_external>", line 995, in exec_module
  File "<frozen importlib._bootstrap>", line 488, in _call_with_frames_removed
  File "/opt/airflow/dags/dbt.py", line 2, in <module>
    from airflow.providers.standard.operators.bash import BashOperator
ModuleNotFoundError: No module named 'airflow.providers.standard'
[2026-03-16T08:56:13.743+0000] {processor.py:842} WARNING - No viable dags retrieved from /opt/airflow/dags/dbt.py
[2026-03-16T08:56:13.771+0000] {processor.py:183} INFO - Processing /opt/airflow/dags/dbt.py took 0.054 seconds
[2026-03-16T08:56:44.258+0000] {processor.py:161} INFO - Started process (PID=5396) to work on /opt/airflow/dags/dbt.py
[2026-03-16T08:56:44.261+0000] {processor.py:830} INFO - Processing file /opt/airflow/dags/dbt.py for tasks to queue
[2026-03-16T08:56:44.268+0000] {logging_mixin.py:188} INFO - [2026-03-16T08:56:44.267+0000] {dagbag.py:545} INFO - Filling up the DagBag from /opt/airflow/dags/dbt.py
[2026-03-16T08:56:44.280+0000] {logging_mixin.py:188} INFO - [2026-03-16T08:56:44.275+0000] {dagbag.py:355} ERROR - Failed to import: /opt/airflow/dags/dbt.py
Traceback (most recent call last):
  File "/home/airflow/.local/lib/python3.12/site-packages/airflow/models/dagbag.py", line 351, in parse
    loader.exec_module(new_module)
  File "<frozen importlib._bootstrap_external>", line 995, in exec_module
  File "<frozen importlib._bootstrap>", line 488, in _call_with_frames_removed
  File "/opt/airflow/dags/dbt.py", line 2, in <module>
    from airflow.providers.standard.operators.bash import BashOperator
ModuleNotFoundError: No module named 'airflow.providers.standard'
[2026-03-16T08:56:44.281+0000] {processor.py:842} WARNING - No viable dags retrieved from /opt/airflow/dags/dbt.py
[2026-03-16T08:56:44.320+0000] {processor.py:183} INFO - Processing /opt/airflow/dags/dbt.py took 0.090 seconds
[2026-03-16T08:57:14.698+0000] {processor.py:161} INFO - Started process (PID=5398) to work on /opt/airflow/dags/dbt.py
[2026-03-16T08:57:14.700+0000] {processor.py:830} INFO - Processing file /opt/airflow/dags/dbt.py for tasks to queue
[2026-03-16T08:57:14.704+0000] {logging_mixin.py:188} INFO - [2026-03-16T08:57:14.704+0000] {dagbag.py:545} INFO - Filling up the DagBag from /opt/airflow/dags/dbt.py
[2026-03-16T08:57:14.713+0000] {logging_mixin.py:188} INFO - [2026-03-16T08:57:14.711+0000] {dagbag.py:355} ERROR - Failed to import: /opt/airflow/dags/dbt.py
Traceback (most recent call last):
  File "/home/airflow/.local/lib/python3.12/site-packages/airflow/models/dagbag.py", line 351, in parse
    loader.exec_module(new_module)
  File "<frozen importlib._bootstrap_external>", line 995, in exec_module
  File "<frozen importlib._bootstrap>", line 488, in _call_with_frames_removed
  File "/opt/airflow/dags/dbt.py", line 2, in <module>
    from airflow.providers.standard.operators.bash import BashOperator
ModuleNotFoundError: No module named 'airflow.providers.standard'
[2026-03-16T08:57:14.715+0000] {processor.py:842} WARNING - No viable dags retrieved from /opt/airflow/dags/dbt.py
[2026-03-16T08:57:14.748+0000] {processor.py:183} INFO - Processing /opt/airflow/dags/dbt.py took 0.064 seconds
[2026-03-16T08:57:45.237+0000] {processor.py:161} INFO - Started process (PID=5400) to work on /opt/airflow/dags/dbt.py
[2026-03-16T08:57:45.239+0000] {processor.py:830} INFO - Processing file /opt/airflow/dags/dbt.py for tasks to queue
[2026-03-16T08:57:45.247+0000] {logging_mixin.py:188} INFO - [2026-03-16T08:57:45.243+0000] {dagbag.py:545} INFO - Filling up the DagBag from /opt/airflow/dags/dbt.py
[2026-03-16T08:57:45.254+0000] {logging_mixin.py:188} INFO - [2026-03-16T08:57:45.252+0000] {dagbag.py:355} ERROR - Failed to import: /opt/airflow/dags/dbt.py
Traceback (most recent call last):
  File "/home/airflow/.local/lib/python3.12/site-packages/airflow/models/dagbag.py", line 351, in parse
    loader.exec_module(new_module)
  File "<frozen importlib._bootstrap_external>", line 995, in exec_module
  File "<frozen importlib._bootstrap>", line 488, in _call_with_frames_removed
  File "/opt/airflow/dags/dbt.py", line 2, in <module>
    from airflow.providers.standard.operators.bash import BashOperator
ModuleNotFoundError: No module named 'airflow.providers.standard'
[2026-03-16T08:57:45.255+0000] {processor.py:842} WARNING - No viable dags retrieved from /opt/airflow/dags/dbt.py
[2026-03-16T08:57:45.293+0000] {processor.py:183} INFO - Processing /opt/airflow/dags/dbt.py took 0.080 seconds
[2026-03-16T08:58:15.735+0000] {processor.py:161} INFO - Started process (PID=5402) to work on /opt/airflow/dags/dbt.py
[2026-03-16T08:58:15.741+0000] {processor.py:830} INFO - Processing file /opt/airflow/dags/dbt.py for tasks to queue
[2026-03-16T08:58:15.747+0000] {logging_mixin.py:188} INFO - [2026-03-16T08:58:15.747+0000] {dagbag.py:545} INFO - Filling up the DagBag from /opt/airflow/dags/dbt.py
[2026-03-16T08:58:15.756+0000] {logging_mixin.py:188} INFO - [2026-03-16T08:58:15.752+0000] {dagbag.py:355} ERROR - Failed to import: /opt/airflow/dags/dbt.py
Traceback (most recent call last):
  File "/home/airflow/.local/lib/python3.12/site-packages/airflow/models/dagbag.py", line 351, in parse
    loader.exec_module(new_module)
  File "<frozen importlib._bootstrap_external>", line 995, in exec_module
  File "<frozen importlib._bootstrap>", line 488, in _call_with_frames_removed
  File "/opt/airflow/dags/dbt.py", line 2, in <module>
    from airflow.providers.standard.operators.bash import BashOperator
ModuleNotFoundError: No module named 'airflow.providers.standard'
[2026-03-16T08:58:15.756+0000] {processor.py:842} WARNING - No viable dags retrieved from /opt/airflow/dags/dbt.py
[2026-03-16T08:58:15.795+0000] {processor.py:183} INFO - Processing /opt/airflow/dags/dbt.py took 0.089 seconds
[2026-03-16T08:58:46.179+0000] {processor.py:161} INFO - Started process (PID=5404) to work on /opt/airflow/dags/dbt.py
[2026-03-16T08:58:46.181+0000] {processor.py:830} INFO - Processing file /opt/airflow/dags/dbt.py for tasks to queue
[2026-03-16T08:58:46.185+0000] {logging_mixin.py:188} INFO - [2026-03-16T08:58:46.184+0000] {dagbag.py:545} INFO - Filling up the DagBag from /opt/airflow/dags/dbt.py
[2026-03-16T08:58:46.191+0000] {logging_mixin.py:188} INFO - [2026-03-16T08:58:46.190+0000] {dagbag.py:355} ERROR - Failed to import: /opt/airflow/dags/dbt.py
Traceback (most recent call last):
  File "/home/airflow/.local/lib/python3.12/site-packages/airflow/models/dagbag.py", line 351, in parse
    loader.exec_module(new_module)
  File "<frozen importlib._bootstrap_external>", line 995, in exec_module
  File "<frozen importlib._bootstrap>", line 488, in _call_with_frames_removed
  File "/opt/airflow/dags/dbt.py", line 2, in <module>
    from airflow.providers.standard.operators.bash import BashOperator
ModuleNotFoundError: No module named 'airflow.providers.standard'
[2026-03-16T08:58:46.192+0000] {processor.py:842} WARNING - No viable dags retrieved from /opt/airflow/dags/dbt.py
[2026-03-16T08:58:46.218+0000] {processor.py:183} INFO - Processing /opt/airflow/dags/dbt.py took 0.052 seconds
[2026-03-16T08:59:16.652+0000] {processor.py:161} INFO - Started process (PID=5406) to work on /opt/airflow/dags/dbt.py
[2026-03-16T08:59:16.653+0000] {processor.py:830} INFO - Processing file /opt/airflow/dags/dbt.py for tasks to queue
[2026-03-16T08:59:16.655+0000] {logging_mixin.py:188} INFO - [2026-03-16T08:59:16.655+0000] {dagbag.py:545} INFO - Filling up the DagBag from /opt/airflow/dags/dbt.py
[2026-03-16T08:59:16.660+0000] {logging_mixin.py:188} INFO - [2026-03-16T08:59:16.658+0000] {dagbag.py:355} ERROR - Failed to import: /opt/airflow/dags/dbt.py
Traceback (most recent call last):
  File "/home/airflow/.local/lib/python3.12/site-packages/airflow/models/dagbag.py", line 351, in parse
    loader.exec_module(new_module)
  File "<frozen importlib._bootstrap_external>", line 995, in exec_module
  File "<frozen importlib._bootstrap>", line 488, in _call_with_frames_removed
  File "/opt/airflow/dags/dbt.py", line 2, in <module>
    from airflow.providers.standard.operators.bash import BashOperator
ModuleNotFoundError: No module named 'airflow.providers.standard'
[2026-03-16T08:59:16.661+0000] {processor.py:842} WARNING - No viable dags retrieved from /opt/airflow/dags/dbt.py
[2026-03-16T08:59:16.684+0000] {processor.py:183} INFO - Processing /opt/airflow/dags/dbt.py took 0.039 seconds
[2026-03-16T08:59:47.090+0000] {processor.py:161} INFO - Started process (PID=5408) to work on /opt/airflow/dags/dbt.py
[2026-03-16T08:59:47.093+0000] {processor.py:830} INFO - Processing file /opt/airflow/dags/dbt.py for tasks to queue
[2026-03-16T08:59:47.097+0000] {logging_mixin.py:188} INFO - [2026-03-16T08:59:47.096+0000] {dagbag.py:545} INFO - Filling up the DagBag from /opt/airflow/dags/dbt.py
[2026-03-16T08:59:47.107+0000] {logging_mixin.py:188} INFO - [2026-03-16T08:59:47.103+0000] {dagbag.py:355} ERROR - Failed to import: /opt/airflow/dags/dbt.py
Traceback (most recent call last):
  File "/home/airflow/.local/lib/python3.12/site-packages/airflow/models/dagbag.py", line 351, in parse
    loader.exec_module(new_module)
  File "<frozen importlib._bootstrap_external>", line 995, in exec_module
  File "<frozen importlib._bootstrap>", line 488, in _call_with_frames_removed
  File "/opt/airflow/dags/dbt.py", line 2, in <module>
    from airflow.providers.standard.operators.bash import BashOperator
ModuleNotFoundError: No module named 'airflow.providers.standard'
[2026-03-16T08:59:47.108+0000] {processor.py:842} WARNING - No viable dags retrieved from /opt/airflow/dags/dbt.py
[2026-03-16T08:59:47.135+0000] {processor.py:183} INFO - Processing /opt/airflow/dags/dbt.py took 0.064 seconds
[2026-03-16T09:00:17.523+0000] {processor.py:161} INFO - Started process (PID=5410) to work on /opt/airflow/dags/dbt.py
[2026-03-16T09:00:17.525+0000] {processor.py:830} INFO - Processing file /opt/airflow/dags/dbt.py for tasks to queue
[2026-03-16T09:00:17.528+0000] {logging_mixin.py:188} INFO - [2026-03-16T09:00:17.528+0000] {dagbag.py:545} INFO - Filling up the DagBag from /opt/airflow/dags/dbt.py
[2026-03-16T09:00:17.534+0000] {logging_mixin.py:188} INFO - [2026-03-16T09:00:17.531+0000] {dagbag.py:355} ERROR - Failed to import: /opt/airflow/dags/dbt.py
Traceback (most recent call last):
  File "/home/airflow/.local/lib/python3.12/site-packages/airflow/models/dagbag.py", line 351, in parse
    loader.exec_module(new_module)
  File "<frozen importlib._bootstrap_external>", line 995, in exec_module
  File "<frozen importlib._bootstrap>", line 488, in _call_with_frames_removed
  File "/opt/airflow/dags/dbt.py", line 2, in <module>
    from airflow.providers.standard.operators.bash import BashOperator
ModuleNotFoundError: No module named 'airflow.providers.standard'
[2026-03-16T09:00:17.534+0000] {processor.py:842} WARNING - No viable dags retrieved from /opt/airflow/dags/dbt.py
[2026-03-16T09:00:17.555+0000] {processor.py:183} INFO - Processing /opt/airflow/dags/dbt.py took 0.041 seconds
[2026-03-16T09:00:47.994+0000] {processor.py:161} INFO - Started process (PID=5412) to work on /opt/airflow/dags/dbt.py
[2026-03-16T09:00:47.995+0000] {processor.py:830} INFO - Processing file /opt/airflow/dags/dbt.py for tasks to queue
[2026-03-16T09:00:47.998+0000] {logging_mixin.py:188} INFO - [2026-03-16T09:00:47.998+0000] {dagbag.py:545} INFO - Filling up the DagBag from /opt/airflow/dags/dbt.py
[2026-03-16T09:00:48.004+0000] {logging_mixin.py:188} INFO - [2026-03-16T09:00:48.002+0000] {dagbag.py:355} ERROR - Failed to import: /opt/airflow/dags/dbt.py
Traceback (most recent call last):
  File "/home/airflow/.local/lib/python3.12/site-packages/airflow/models/dagbag.py", line 351, in parse
    loader.exec_module(new_module)
  File "<frozen importlib._bootstrap_external>", line 995, in exec_module
  File "<frozen importlib._bootstrap>", line 488, in _call_with_frames_removed
  File "/opt/airflow/dags/dbt.py", line 2, in <module>
    from airflow.providers.standard.operators.bash import BashOperator
ModuleNotFoundError: No module named 'airflow.providers.standard'
[2026-03-16T09:00:48.004+0000] {processor.py:842} WARNING - No viable dags retrieved from /opt/airflow/dags/dbt.py
[2026-03-16T09:00:48.024+0000] {processor.py:183} INFO - Processing /opt/airflow/dags/dbt.py took 0.041 seconds
[2026-03-16T09:01:18.514+0000] {processor.py:161} INFO - Started process (PID=5414) to work on /opt/airflow/dags/dbt.py
[2026-03-16T09:01:18.517+0000] {processor.py:830} INFO - Processing file /opt/airflow/dags/dbt.py for tasks to queue
[2026-03-16T09:01:18.525+0000] {logging_mixin.py:188} INFO - [2026-03-16T09:01:18.524+0000] {dagbag.py:545} INFO - Filling up the DagBag from /opt/airflow/dags/dbt.py
[2026-03-16T09:01:18.532+0000] {logging_mixin.py:188} INFO - [2026-03-16T09:01:18.531+0000] {dagbag.py:355} ERROR - Failed to import: /opt/airflow/dags/dbt.py
Traceback (most recent call last):
  File "/home/airflow/.local/lib/python3.12/site-packages/airflow/models/dagbag.py", line 351, in parse
    loader.exec_module(new_module)
  File "<frozen importlib._bootstrap_external>", line 995, in exec_module
  File "<frozen importlib._bootstrap>", line 488, in _call_with_frames_removed
  File "/opt/airflow/dags/dbt.py", line 2, in <module>
    from airflow.providers.standard.operators.bash import BashOperator
ModuleNotFoundError: No module named 'airflow.providers.standard'
[2026-03-16T09:01:18.533+0000] {processor.py:842} WARNING - No viable dags retrieved from /opt/airflow/dags/dbt.py
[2026-03-16T09:01:18.562+0000] {processor.py:183} INFO - Processing /opt/airflow/dags/dbt.py took 0.068 seconds
[2026-03-16T09:01:48.944+0000] {processor.py:161} INFO - Started process (PID=5416) to work on /opt/airflow/dags/dbt.py
[2026-03-16T09:01:48.945+0000] {processor.py:830} INFO - Processing file /opt/airflow/dags/dbt.py for tasks to queue
[2026-03-16T09:01:48.949+0000] {logging_mixin.py:188} INFO - [2026-03-16T09:01:48.949+0000] {dagbag.py:545} INFO - Filling up the DagBag from /opt/airflow/dags/dbt.py
[2026-03-16T09:01:48.958+0000] {logging_mixin.py:188} INFO - [2026-03-16T09:01:48.957+0000] {dagbag.py:355} ERROR - Failed to import: /opt/airflow/dags/dbt.py
Traceback (most recent call last):
  File "/home/airflow/.local/lib/python3.12/site-packages/airflow/models/dagbag.py", line 351, in parse
    loader.exec_module(new_module)
  File "<frozen importlib._bootstrap_external>", line 995, in exec_module
  File "<frozen importlib._bootstrap>", line 488, in _call_with_frames_removed
  File "/opt/airflow/dags/dbt.py", line 2, in <module>
    from airflow.providers.standard.operators.bash import BashOperator
ModuleNotFoundError: No module named 'airflow.providers.standard'
[2026-03-16T09:01:48.962+0000] {processor.py:842} WARNING - No viable dags retrieved from /opt/airflow/dags/dbt.py
[2026-03-16T09:01:48.989+0000] {processor.py:183} INFO - Processing /opt/airflow/dags/dbt.py took 0.058 seconds
[2026-03-16T09:02:19.478+0000] {processor.py:161} INFO - Started process (PID=5418) to work on /opt/airflow/dags/dbt.py
[2026-03-16T09:02:19.479+0000] {processor.py:830} INFO - Processing file /opt/airflow/dags/dbt.py for tasks to queue
[2026-03-16T09:02:19.485+0000] {logging_mixin.py:188} INFO - [2026-03-16T09:02:19.484+0000] {dagbag.py:545} INFO - Filling up the DagBag from /opt/airflow/dags/dbt.py
[2026-03-16T09:02:19.496+0000] {logging_mixin.py:188} INFO - [2026-03-16T09:02:19.493+0000] {dagbag.py:355} ERROR - Failed to import: /opt/airflow/dags/dbt.py
Traceback (most recent call last):
  File "/home/airflow/.local/lib/python3.12/site-packages/airflow/models/dagbag.py", line 351, in parse
    loader.exec_module(new_module)
  File "<frozen importlib._bootstrap_external>", line 995, in exec_module
  File "<frozen importlib._bootstrap>", line 488, in _call_with_frames_removed
  File "/opt/airflow/dags/dbt.py", line 2, in <module>
    from airflow.providers.standard.operators.bash import BashOperator
ModuleNotFoundError: No module named 'airflow.providers.standard'
[2026-03-16T09:02:19.497+0000] {processor.py:842} WARNING - No viable dags retrieved from /opt/airflow/dags/dbt.py
[2026-03-16T09:02:19.526+0000] {processor.py:183} INFO - Processing /opt/airflow/dags/dbt.py took 0.068 seconds
[2026-03-16T09:18:04.789+0000] {processor.py:161} INFO - Started process (PID=5420) to work on /opt/airflow/dags/dbt.py
[2026-03-16T09:18:04.790+0000] {processor.py:830} INFO - Processing file /opt/airflow/dags/dbt.py for tasks to queue
[2026-03-16T09:18:04.797+0000] {logging_mixin.py:188} INFO - [2026-03-16T09:18:04.796+0000] {dagbag.py:545} INFO - Filling up the DagBag from /opt/airflow/dags/dbt.py
[2026-03-16T09:18:04.807+0000] {logging_mixin.py:188} INFO - [2026-03-16T09:18:04.803+0000] {dagbag.py:355} ERROR - Failed to import: /opt/airflow/dags/dbt.py
Traceback (most recent call last):
  File "/home/airflow/.local/lib/python3.12/site-packages/airflow/models/dagbag.py", line 351, in parse
    loader.exec_module(new_module)
  File "<frozen importlib._bootstrap_external>", line 995, in exec_module
  File "<frozen importlib._bootstrap>", line 488, in _call_with_frames_removed
  File "/opt/airflow/dags/dbt.py", line 2, in <module>
    from airflow.providers.standard.operators.bash import BashOperator
ModuleNotFoundError: No module named 'airflow.providers.standard'
[2026-03-16T09:18:04.808+0000] {processor.py:842} WARNING - No viable dags retrieved from /opt/airflow/dags/dbt.py
[2026-03-16T09:18:04.832+0000] {processor.py:183} INFO - Processing /opt/airflow/dags/dbt.py took 0.058 seconds
[2026-03-16T09:18:35.308+0000] {processor.py:161} INFO - Started process (PID=5422) to work on /opt/airflow/dags/dbt.py
[2026-03-16T09:18:35.311+0000] {processor.py:830} INFO - Processing file /opt/airflow/dags/dbt.py for tasks to queue
[2026-03-16T09:18:35.317+0000] {logging_mixin.py:188} INFO - [2026-03-16T09:18:35.317+0000] {dagbag.py:545} INFO - Filling up the DagBag from /opt/airflow/dags/dbt.py
[2026-03-16T09:18:35.329+0000] {logging_mixin.py:188} INFO - [2026-03-16T09:18:35.328+0000] {dagbag.py:355} ERROR - Failed to import: /opt/airflow/dags/dbt.py
Traceback (most recent call last):
  File "/home/airflow/.local/lib/python3.12/site-packages/airflow/models/dagbag.py", line 351, in parse
    loader.exec_module(new_module)
  File "<frozen importlib._bootstrap_external>", line 995, in exec_module
  File "<frozen importlib._bootstrap>", line 488, in _call_with_frames_removed
  File "/opt/airflow/dags/dbt.py", line 2, in <module>
    from airflow.providers.standard.operators.bash import BashOperator
ModuleNotFoundError: No module named 'airflow.providers.standard'
[2026-03-16T09:18:35.330+0000] {processor.py:842} WARNING - No viable dags retrieved from /opt/airflow/dags/dbt.py
[2026-03-16T09:18:35.371+0000] {processor.py:183} INFO - Processing /opt/airflow/dags/dbt.py took 0.087 seconds
[2026-03-16T09:19:11.976+0000] {processor.py:161} INFO - Started process (PID=5424) to work on /opt/airflow/dags/dbt.py
[2026-03-16T09:19:11.978+0000] {processor.py:830} INFO - Processing file /opt/airflow/dags/dbt.py for tasks to queue
[2026-03-16T09:19:11.983+0000] {logging_mixin.py:188} INFO - [2026-03-16T09:19:11.982+0000] {dagbag.py:545} INFO - Filling up the DagBag from /opt/airflow/dags/dbt.py
[2026-03-16T09:19:11.991+0000] {logging_mixin.py:188} INFO - [2026-03-16T09:19:11.989+0000] {dagbag.py:355} ERROR - Failed to import: /opt/airflow/dags/dbt.py
Traceback (most recent call last):
  File "/home/airflow/.local/lib/python3.12/site-packages/airflow/models/dagbag.py", line 351, in parse
    loader.exec_module(new_module)
  File "<frozen importlib._bootstrap_external>", line 995, in exec_module
  File "<frozen importlib._bootstrap>", line 488, in _call_with_frames_removed
  File "/opt/airflow/dags/dbt.py", line 2, in <module>
    from airflow.providers.standard.operators.bash import BashOperator
ModuleNotFoundError: No module named 'airflow.providers.standard'
[2026-03-16T09:19:11.995+0000] {processor.py:842} WARNING - No viable dags retrieved from /opt/airflow/dags/dbt.py
[2026-03-16T09:19:12.017+0000] {processor.py:183} INFO - Processing /opt/airflow/dags/dbt.py took 0.054 seconds
[2026-03-16T09:19:42.331+0000] {processor.py:161} INFO - Started process (PID=5426) to work on /opt/airflow/dags/dbt.py
[2026-03-16T09:19:42.332+0000] {processor.py:830} INFO - Processing file /opt/airflow/dags/dbt.py for tasks to queue
[2026-03-16T09:19:42.335+0000] {logging_mixin.py:188} INFO - [2026-03-16T09:19:42.335+0000] {dagbag.py:545} INFO - Filling up the DagBag from /opt/airflow/dags/dbt.py
[2026-03-16T09:19:42.341+0000] {logging_mixin.py:188} INFO - [2026-03-16T09:19:42.340+0000] {dagbag.py:355} ERROR - Failed to import: /opt/airflow/dags/dbt.py
Traceback (most recent call last):
  File "/home/airflow/.local/lib/python3.12/site-packages/airflow/models/dagbag.py", line 351, in parse
    loader.exec_module(new_module)
  File "<frozen importlib._bootstrap_external>", line 995, in exec_module
  File "<frozen importlib._bootstrap>", line 488, in _call_with_frames_removed
  File "/opt/airflow/dags/dbt.py", line 2, in <module>
    from airflow.providers.standard.operators.bash import BashOperator
ModuleNotFoundError: No module named 'airflow.providers.standard'
[2026-03-16T09:19:42.342+0000] {processor.py:842} WARNING - No viable dags retrieved from /opt/airflow/dags/dbt.py
[2026-03-16T09:19:42.365+0000] {processor.py:183} INFO - Processing /opt/airflow/dags/dbt.py took 0.046 seconds
[2026-03-16T09:20:19.517+0000] {processor.py:161} INFO - Started process (PID=5428) to work on /opt/airflow/dags/dbt.py
[2026-03-16T09:20:19.524+0000] {processor.py:830} INFO - Processing file /opt/airflow/dags/dbt.py for tasks to queue
[2026-03-16T09:20:19.531+0000] {logging_mixin.py:188} INFO - [2026-03-16T09:20:19.530+0000] {dagbag.py:545} INFO - Filling up the DagBag from /opt/airflow/dags/dbt.py
[2026-03-16T09:20:19.552+0000] {logging_mixin.py:188} INFO - [2026-03-16T09:20:19.550+0000] {dagbag.py:355} ERROR - Failed to import: /opt/airflow/dags/dbt.py
Traceback (most recent call last):
  File "/home/airflow/.local/lib/python3.12/site-packages/airflow/models/dagbag.py", line 351, in parse
    loader.exec_module(new_module)
  File "<frozen importlib._bootstrap_external>", line 995, in exec_module
  File "<frozen importlib._bootstrap>", line 488, in _call_with_frames_removed
  File "/opt/airflow/dags/dbt.py", line 2, in <module>
    from airflow.providers.standard.operators.bash import BashOperator
ModuleNotFoundError: No module named 'airflow.providers.standard'
[2026-03-16T09:20:19.552+0000] {processor.py:842} WARNING - No viable dags retrieved from /opt/airflow/dags/dbt.py
[2026-03-16T09:20:19.584+0000] {processor.py:183} INFO - Processing /opt/airflow/dags/dbt.py took 0.091 seconds
[2026-03-16T09:36:14.839+0000] {processor.py:161} INFO - Started process (PID=5430) to work on /opt/airflow/dags/dbt.py
[2026-03-16T09:36:14.841+0000] {processor.py:830} INFO - Processing file /opt/airflow/dags/dbt.py for tasks to queue
[2026-03-16T09:36:14.845+0000] {logging_mixin.py:188} INFO - [2026-03-16T09:36:14.845+0000] {dagbag.py:545} INFO - Filling up the DagBag from /opt/airflow/dags/dbt.py
[2026-03-16T09:36:14.855+0000] {logging_mixin.py:188} INFO - [2026-03-16T09:36:14.851+0000] {dagbag.py:355} ERROR - Failed to import: /opt/airflow/dags/dbt.py
Traceback (most recent call last):
  File "/home/airflow/.local/lib/python3.12/site-packages/airflow/models/dagbag.py", line 351, in parse
    loader.exec_module(new_module)
  File "<frozen importlib._bootstrap_external>", line 995, in exec_module
  File "<frozen importlib._bootstrap>", line 488, in _call_with_frames_removed
  File "/opt/airflow/dags/dbt.py", line 2, in <module>
    from airflow.providers.standard.operators.bash import BashOperator
ModuleNotFoundError: No module named 'airflow.providers.standard'
[2026-03-16T09:36:14.856+0000] {processor.py:842} WARNING - No viable dags retrieved from /opt/airflow/dags/dbt.py
[2026-03-16T09:36:14.887+0000] {processor.py:183} INFO - Processing /opt/airflow/dags/dbt.py took 0.068 seconds
[2026-03-16T09:36:45.434+0000] {processor.py:161} INFO - Started process (PID=5432) to work on /opt/airflow/dags/dbt.py
[2026-03-16T09:36:45.436+0000] {processor.py:830} INFO - Processing file /opt/airflow/dags/dbt.py for tasks to queue
[2026-03-16T09:36:45.440+0000] {logging_mixin.py:188} INFO - [2026-03-16T09:36:45.439+0000] {dagbag.py:545} INFO - Filling up the DagBag from /opt/airflow/dags/dbt.py
[2026-03-16T09:36:45.455+0000] {logging_mixin.py:188} INFO - [2026-03-16T09:36:45.450+0000] {dagbag.py:355} ERROR - Failed to import: /opt/airflow/dags/dbt.py
Traceback (most recent call last):
  File "/home/airflow/.local/lib/python3.12/site-packages/airflow/models/dagbag.py", line 351, in parse
    loader.exec_module(new_module)
  File "<frozen importlib._bootstrap_external>", line 995, in exec_module
  File "<frozen importlib._bootstrap>", line 488, in _call_with_frames_removed
  File "/opt/airflow/dags/dbt.py", line 2, in <module>
    from airflow.providers.standard.operators.bash import BashOperator
ModuleNotFoundError: No module named 'airflow.providers.standard'
[2026-03-16T09:36:45.455+0000] {processor.py:842} WARNING - No viable dags retrieved from /opt/airflow/dags/dbt.py
[2026-03-16T09:36:45.485+0000] {processor.py:183} INFO - Processing /opt/airflow/dags/dbt.py took 0.071 seconds
[2026-03-16T09:40:41.018+0000] {processor.py:161} INFO - Started process (PID=5434) to work on /opt/airflow/dags/dbt.py
[2026-03-16T09:40:41.020+0000] {processor.py:830} INFO - Processing file /opt/airflow/dags/dbt.py for tasks to queue
[2026-03-16T09:40:41.025+0000] {logging_mixin.py:188} INFO - [2026-03-16T09:40:41.025+0000] {dagbag.py:545} INFO - Filling up the DagBag from /opt/airflow/dags/dbt.py
[2026-03-16T09:40:41.036+0000] {logging_mixin.py:188} INFO - [2026-03-16T09:40:41.031+0000] {dagbag.py:355} ERROR - Failed to import: /opt/airflow/dags/dbt.py
Traceback (most recent call last):
  File "/home/airflow/.local/lib/python3.12/site-packages/airflow/models/dagbag.py", line 351, in parse
    loader.exec_module(new_module)
  File "<frozen importlib._bootstrap_external>", line 995, in exec_module
  File "<frozen importlib._bootstrap>", line 488, in _call_with_frames_removed
  File "/opt/airflow/dags/dbt.py", line 2, in <module>
    from airflow.providers.standard.operators.bash import BashOperator
ModuleNotFoundError: No module named 'airflow.providers.standard'
[2026-03-16T09:40:41.037+0000] {processor.py:842} WARNING - No viable dags retrieved from /opt/airflow/dags/dbt.py
[2026-03-16T09:40:41.072+0000] {processor.py:183} INFO - Processing /opt/airflow/dags/dbt.py took 0.080 seconds
[2026-03-16T09:57:05.926+0000] {processor.py:161} INFO - Started process (PID=5436) to work on /opt/airflow/dags/dbt.py
[2026-03-16T09:57:05.927+0000] {processor.py:830} INFO - Processing file /opt/airflow/dags/dbt.py for tasks to queue
[2026-03-16T09:57:05.930+0000] {logging_mixin.py:188} INFO - [2026-03-16T09:57:05.930+0000] {dagbag.py:545} INFO - Filling up the DagBag from /opt/airflow/dags/dbt.py
[2026-03-16T09:57:05.937+0000] {logging_mixin.py:188} INFO - [2026-03-16T09:57:05.936+0000] {dagbag.py:355} ERROR - Failed to import: /opt/airflow/dags/dbt.py
Traceback (most recent call last):
  File "/home/airflow/.local/lib/python3.12/site-packages/airflow/models/dagbag.py", line 351, in parse
    loader.exec_module(new_module)
  File "<frozen importlib._bootstrap_external>", line 995, in exec_module
  File "<frozen importlib._bootstrap>", line 488, in _call_with_frames_removed
  File "/opt/airflow/dags/dbt.py", line 2, in <module>
    from airflow.providers.standard.operators.bash import BashOperator
ModuleNotFoundError: No module named 'airflow.providers.standard'
[2026-03-16T09:57:05.938+0000] {processor.py:842} WARNING - No viable dags retrieved from /opt/airflow/dags/dbt.py
[2026-03-16T09:57:05.959+0000] {processor.py:183} INFO - Processing /opt/airflow/dags/dbt.py took 0.047 seconds
[2026-03-16T09:57:36.456+0000] {processor.py:161} INFO - Started process (PID=5438) to work on /opt/airflow/dags/dbt.py
[2026-03-16T09:57:36.457+0000] {processor.py:830} INFO - Processing file /opt/airflow/dags/dbt.py for tasks to queue
[2026-03-16T09:57:36.462+0000] {logging_mixin.py:188} INFO - [2026-03-16T09:57:36.461+0000] {dagbag.py:545} INFO - Filling up the DagBag from /opt/airflow/dags/dbt.py
[2026-03-16T09:57:36.474+0000] {logging_mixin.py:188} INFO - [2026-03-16T09:57:36.469+0000] {dagbag.py:355} ERROR - Failed to import: /opt/airflow/dags/dbt.py
Traceback (most recent call last):
  File "/home/airflow/.local/lib/python3.12/site-packages/airflow/models/dagbag.py", line 351, in parse
    loader.exec_module(new_module)
  File "<frozen importlib._bootstrap_external>", line 995, in exec_module
  File "<frozen importlib._bootstrap>", line 488, in _call_with_frames_removed
  File "/opt/airflow/dags/dbt.py", line 2, in <module>
    from airflow.providers.standard.operators.bash import BashOperator
ModuleNotFoundError: No module named 'airflow.providers.standard'
[2026-03-16T09:57:36.474+0000] {processor.py:842} WARNING - No viable dags retrieved from /opt/airflow/dags/dbt.py
[2026-03-16T09:57:36.504+0000] {processor.py:183} INFO - Processing /opt/airflow/dags/dbt.py took 0.065 seconds
[2026-03-16T10:13:31.683+0000] {processor.py:161} INFO - Started process (PID=5440) to work on /opt/airflow/dags/dbt.py
[2026-03-16T10:13:31.684+0000] {processor.py:830} INFO - Processing file /opt/airflow/dags/dbt.py for tasks to queue
[2026-03-16T10:13:31.688+0000] {logging_mixin.py:188} INFO - [2026-03-16T10:13:31.688+0000] {dagbag.py:545} INFO - Filling up the DagBag from /opt/airflow/dags/dbt.py
[2026-03-16T10:13:31.699+0000] {logging_mixin.py:188} INFO - [2026-03-16T10:13:31.694+0000] {dagbag.py:355} ERROR - Failed to import: /opt/airflow/dags/dbt.py
Traceback (most recent call last):
  File "/home/airflow/.local/lib/python3.12/site-packages/airflow/models/dagbag.py", line 351, in parse
    loader.exec_module(new_module)
  File "<frozen importlib._bootstrap_external>", line 995, in exec_module
  File "<frozen importlib._bootstrap>", line 488, in _call_with_frames_removed
  File "/opt/airflow/dags/dbt.py", line 2, in <module>
    from airflow.providers.standard.operators.bash import BashOperator
ModuleNotFoundError: No module named 'airflow.providers.standard'
[2026-03-16T10:13:31.699+0000] {processor.py:842} WARNING - No viable dags retrieved from /opt/airflow/dags/dbt.py
[2026-03-16T10:13:31.730+0000] {processor.py:183} INFO - Processing /opt/airflow/dags/dbt.py took 0.068 seconds
[2026-03-16T10:14:02.302+0000] {processor.py:161} INFO - Started process (PID=5442) to work on /opt/airflow/dags/dbt.py
[2026-03-16T10:14:02.304+0000] {processor.py:830} INFO - Processing file /opt/airflow/dags/dbt.py for tasks to queue
[2026-03-16T10:14:02.308+0000] {logging_mixin.py:188} INFO - [2026-03-16T10:14:02.307+0000] {dagbag.py:545} INFO - Filling up the DagBag from /opt/airflow/dags/dbt.py
[2026-03-16T10:14:02.316+0000] {logging_mixin.py:188} INFO - [2026-03-16T10:14:02.314+0000] {dagbag.py:355} ERROR - Failed to import: /opt/airflow/dags/dbt.py
Traceback (most recent call last):
  File "/home/airflow/.local/lib/python3.12/site-packages/airflow/models/dagbag.py", line 351, in parse
    loader.exec_module(new_module)
  File "<frozen importlib._bootstrap_external>", line 995, in exec_module
  File "<frozen importlib._bootstrap>", line 488, in _call_with_frames_removed
  File "/opt/airflow/dags/dbt.py", line 2, in <module>
    from airflow.providers.standard.operators.bash import BashOperator
ModuleNotFoundError: No module named 'airflow.providers.standard'
[2026-03-16T10:14:02.318+0000] {processor.py:842} WARNING - No viable dags retrieved from /opt/airflow/dags/dbt.py
[2026-03-16T10:14:02.357+0000] {processor.py:183} INFO - Processing /opt/airflow/dags/dbt.py took 0.078 seconds
[2026-03-16T10:17:45.886+0000] {processor.py:161} INFO - Started process (PID=5444) to work on /opt/airflow/dags/dbt.py
[2026-03-16T10:17:45.888+0000] {processor.py:830} INFO - Processing file /opt/airflow/dags/dbt.py for tasks to queue
[2026-03-16T10:17:45.893+0000] {logging_mixin.py:188} INFO - [2026-03-16T10:17:45.892+0000] {dagbag.py:545} INFO - Filling up the DagBag from /opt/airflow/dags/dbt.py
[2026-03-16T10:17:45.901+0000] {logging_mixin.py:188} INFO - [2026-03-16T10:17:45.899+0000] {dagbag.py:355} ERROR - Failed to import: /opt/airflow/dags/dbt.py
Traceback (most recent call last):
  File "/home/airflow/.local/lib/python3.12/site-packages/airflow/models/dagbag.py", line 351, in parse
    loader.exec_module(new_module)
  File "<frozen importlib._bootstrap_external>", line 995, in exec_module
  File "<frozen importlib._bootstrap>", line 488, in _call_with_frames_removed
  File "/opt/airflow/dags/dbt.py", line 2, in <module>
    from airflow.providers.standard.operators.bash import BashOperator
ModuleNotFoundError: No module named 'airflow.providers.standard'
[2026-03-16T10:17:45.902+0000] {processor.py:842} WARNING - No viable dags retrieved from /opt/airflow/dags/dbt.py
[2026-03-16T10:17:45.969+0000] {processor.py:183} INFO - Processing /opt/airflow/dags/dbt.py took 0.091 seconds
[2026-03-16T10:28:08.000+0000] {processor.py:161} INFO - Started process (PID=5446) to work on /opt/airflow/dags/dbt.py
[2026-03-16T10:28:08.003+0000] {processor.py:830} INFO - Processing file /opt/airflow/dags/dbt.py for tasks to queue
[2026-03-16T10:28:08.012+0000] {logging_mixin.py:188} INFO - [2026-03-16T10:28:08.010+0000] {dagbag.py:545} INFO - Filling up the DagBag from /opt/airflow/dags/dbt.py
[2026-03-16T10:28:08.027+0000] {logging_mixin.py:188} INFO - [2026-03-16T10:28:08.025+0000] {dagbag.py:355} ERROR - Failed to import: /opt/airflow/dags/dbt.py
Traceback (most recent call last):
  File "/home/airflow/.local/lib/python3.12/site-packages/airflow/models/dagbag.py", line 351, in parse
    loader.exec_module(new_module)
  File "<frozen importlib._bootstrap_external>", line 995, in exec_module
  File "<frozen importlib._bootstrap>", line 488, in _call_with_frames_removed
  File "/opt/airflow/dags/dbt.py", line 2, in <module>
    from airflow.providers.standard.operators.bash import BashOperator
ModuleNotFoundError: No module named 'airflow.providers.standard'
[2026-03-16T10:28:08.028+0000] {processor.py:842} WARNING - No viable dags retrieved from /opt/airflow/dags/dbt.py
[2026-03-16T10:28:08.055+0000] {processor.py:183} INFO - Processing /opt/airflow/dags/dbt.py took 0.072 seconds
[2026-03-16T10:44:04.330+0000] {processor.py:161} INFO - Started process (PID=5448) to work on /opt/airflow/dags/dbt.py
[2026-03-16T10:44:04.331+0000] {processor.py:830} INFO - Processing file /opt/airflow/dags/dbt.py for tasks to queue
[2026-03-16T10:44:04.338+0000] {logging_mixin.py:188} INFO - [2026-03-16T10:44:04.337+0000] {dagbag.py:545} INFO - Filling up the DagBag from /opt/airflow/dags/dbt.py
[2026-03-16T10:44:04.345+0000] {logging_mixin.py:188} INFO - [2026-03-16T10:44:04.343+0000] {dagbag.py:355} ERROR - Failed to import: /opt/airflow/dags/dbt.py
Traceback (most recent call last):
  File "/home/airflow/.local/lib/python3.12/site-packages/airflow/models/dagbag.py", line 351, in parse
    loader.exec_module(new_module)
  File "<frozen importlib._bootstrap_external>", line 995, in exec_module
  File "<frozen importlib._bootstrap>", line 488, in _call_with_frames_removed
  File "/opt/airflow/dags/dbt.py", line 2, in <module>
    from airflow.providers.standard.operators.bash import BashOperator
ModuleNotFoundError: No module named 'airflow.providers.standard'
[2026-03-16T10:44:04.346+0000] {processor.py:842} WARNING - No viable dags retrieved from /opt/airflow/dags/dbt.py
[2026-03-16T10:44:04.373+0000] {processor.py:183} INFO - Processing /opt/airflow/dags/dbt.py took 0.062 seconds
[2026-03-16T10:44:34.823+0000] {processor.py:161} INFO - Started process (PID=5450) to work on /opt/airflow/dags/dbt.py
[2026-03-16T10:44:34.828+0000] {processor.py:830} INFO - Processing file /opt/airflow/dags/dbt.py for tasks to queue
[2026-03-16T10:44:34.832+0000] {logging_mixin.py:188} INFO - [2026-03-16T10:44:34.832+0000] {dagbag.py:545} INFO - Filling up the DagBag from /opt/airflow/dags/dbt.py
[2026-03-16T10:44:34.846+0000] {logging_mixin.py:188} INFO - [2026-03-16T10:44:34.842+0000] {dagbag.py:355} ERROR - Failed to import: /opt/airflow/dags/dbt.py
Traceback (most recent call last):
  File "/home/airflow/.local/lib/python3.12/site-packages/airflow/models/dagbag.py", line 351, in parse
    loader.exec_module(new_module)
  File "<frozen importlib._bootstrap_external>", line 995, in exec_module
  File "<frozen importlib._bootstrap>", line 488, in _call_with_frames_removed
  File "/opt/airflow/dags/dbt.py", line 2, in <module>
    from airflow.providers.standard.operators.bash import BashOperator
ModuleNotFoundError: No module named 'airflow.providers.standard'
[2026-03-16T10:44:34.846+0000] {processor.py:842} WARNING - No viable dags retrieved from /opt/airflow/dags/dbt.py
[2026-03-16T10:44:34.887+0000] {processor.py:183} INFO - Processing /opt/airflow/dags/dbt.py took 0.084 seconds
[2026-03-16T11:00:28.331+0000] {processor.py:161} INFO - Started process (PID=5452) to work on /opt/airflow/dags/dbt.py
[2026-03-16T11:00:28.333+0000] {processor.py:830} INFO - Processing file /opt/airflow/dags/dbt.py for tasks to queue
[2026-03-16T11:00:28.337+0000] {logging_mixin.py:188} INFO - [2026-03-16T11:00:28.337+0000] {dagbag.py:545} INFO - Filling up the DagBag from /opt/airflow/dags/dbt.py
[2026-03-16T11:00:28.345+0000] {logging_mixin.py:188} INFO - [2026-03-16T11:00:28.343+0000] {dagbag.py:355} ERROR - Failed to import: /opt/airflow/dags/dbt.py
Traceback (most recent call last):
  File "/home/airflow/.local/lib/python3.12/site-packages/airflow/models/dagbag.py", line 351, in parse
    loader.exec_module(new_module)
  File "<frozen importlib._bootstrap_external>", line 995, in exec_module
  File "<frozen importlib._bootstrap>", line 488, in _call_with_frames_removed
  File "/opt/airflow/dags/dbt.py", line 2, in <module>
    from airflow.providers.standard.operators.bash import BashOperator
ModuleNotFoundError: No module named 'airflow.providers.standard'
[2026-03-16T11:00:28.346+0000] {processor.py:842} WARNING - No viable dags retrieved from /opt/airflow/dags/dbt.py
[2026-03-16T11:00:28.373+0000] {processor.py:183} INFO - Processing /opt/airflow/dags/dbt.py took 0.060 seconds
[2026-03-16T11:00:58.874+0000] {processor.py:161} INFO - Started process (PID=5454) to work on /opt/airflow/dags/dbt.py
[2026-03-16T11:00:58.875+0000] {processor.py:830} INFO - Processing file /opt/airflow/dags/dbt.py for tasks to queue
[2026-03-16T11:00:58.881+0000] {logging_mixin.py:188} INFO - [2026-03-16T11:00:58.879+0000] {dagbag.py:545} INFO - Filling up the DagBag from /opt/airflow/dags/dbt.py
[2026-03-16T11:00:58.888+0000] {logging_mixin.py:188} INFO - [2026-03-16T11:00:58.887+0000] {dagbag.py:355} ERROR - Failed to import: /opt/airflow/dags/dbt.py
Traceback (most recent call last):
  File "/home/airflow/.local/lib/python3.12/site-packages/airflow/models/dagbag.py", line 351, in parse
    loader.exec_module(new_module)
  File "<frozen importlib._bootstrap_external>", line 995, in exec_module
  File "<frozen importlib._bootstrap>", line 488, in _call_with_frames_removed
  File "/opt/airflow/dags/dbt.py", line 2, in <module>
    from airflow.providers.standard.operators.bash import BashOperator
ModuleNotFoundError: No module named 'airflow.providers.standard'
[2026-03-16T11:00:58.889+0000] {processor.py:842} WARNING - No viable dags retrieved from /opt/airflow/dags/dbt.py
[2026-03-16T11:00:58.932+0000] {processor.py:183} INFO - Processing /opt/airflow/dags/dbt.py took 0.079 seconds
[2026-03-16T11:03:24.683+0000] {processor.py:161} INFO - Started process (PID=5456) to work on /opt/airflow/dags/dbt.py
[2026-03-16T11:03:24.684+0000] {processor.py:830} INFO - Processing file /opt/airflow/dags/dbt.py for tasks to queue
[2026-03-16T11:03:24.689+0000] {logging_mixin.py:188} INFO - [2026-03-16T11:03:24.688+0000] {dagbag.py:545} INFO - Filling up the DagBag from /opt/airflow/dags/dbt.py
[2026-03-16T11:03:24.697+0000] {logging_mixin.py:188} INFO - [2026-03-16T11:03:24.694+0000] {dagbag.py:355} ERROR - Failed to import: /opt/airflow/dags/dbt.py
Traceback (most recent call last):
  File "/home/airflow/.local/lib/python3.12/site-packages/airflow/models/dagbag.py", line 351, in parse
    loader.exec_module(new_module)
  File "<frozen importlib._bootstrap_external>", line 995, in exec_module
  File "<frozen importlib._bootstrap>", line 488, in _call_with_frames_removed
  File "/opt/airflow/dags/dbt.py", line 2, in <module>
    from airflow.providers.standard.operators.bash import BashOperator
ModuleNotFoundError: No module named 'airflow.providers.standard'
[2026-03-16T11:03:24.699+0000] {processor.py:842} WARNING - No viable dags retrieved from /opt/airflow/dags/dbt.py
[2026-03-16T11:03:24.726+0000] {processor.py:183} INFO - Processing /opt/airflow/dags/dbt.py took 0.061 seconds
[2026-03-16T11:12:03.703+0000] {processor.py:161} INFO - Started process (PID=5458) to work on /opt/airflow/dags/dbt.py
[2026-03-16T11:12:03.704+0000] {processor.py:830} INFO - Processing file /opt/airflow/dags/dbt.py for tasks to queue
[2026-03-16T11:12:03.709+0000] {logging_mixin.py:188} INFO - [2026-03-16T11:12:03.708+0000] {dagbag.py:545} INFO - Filling up the DagBag from /opt/airflow/dags/dbt.py
[2026-03-16T11:12:03.722+0000] {logging_mixin.py:188} INFO - [2026-03-16T11:12:03.719+0000] {dagbag.py:355} ERROR - Failed to import: /opt/airflow/dags/dbt.py
Traceback (most recent call last):
  File "/home/airflow/.local/lib/python3.12/site-packages/airflow/models/dagbag.py", line 351, in parse
    loader.exec_module(new_module)
  File "<frozen importlib._bootstrap_external>", line 995, in exec_module
  File "<frozen importlib._bootstrap>", line 488, in _call_with_frames_removed
  File "/opt/airflow/dags/dbt.py", line 2, in <module>
    from airflow.providers.standard.operators.bash import BashOperator
ModuleNotFoundError: No module named 'airflow.providers.standard'
[2026-03-16T11:12:03.723+0000] {processor.py:842} WARNING - No viable dags retrieved from /opt/airflow/dags/dbt.py
[2026-03-16T11:12:03.750+0000] {processor.py:183} INFO - Processing /opt/airflow/dags/dbt.py took 0.068 seconds
[2026-03-16T11:12:34.185+0000] {processor.py:161} INFO - Started process (PID=5460) to work on /opt/airflow/dags/dbt.py
[2026-03-16T11:12:34.188+0000] {processor.py:830} INFO - Processing file /opt/airflow/dags/dbt.py for tasks to queue
[2026-03-16T11:12:34.194+0000] {logging_mixin.py:188} INFO - [2026-03-16T11:12:34.193+0000] {dagbag.py:545} INFO - Filling up the DagBag from /opt/airflow/dags/dbt.py
[2026-03-16T11:12:34.206+0000] {logging_mixin.py:188} INFO - [2026-03-16T11:12:34.204+0000] {dagbag.py:355} ERROR - Failed to import: /opt/airflow/dags/dbt.py
Traceback (most recent call last):
  File "/home/airflow/.local/lib/python3.12/site-packages/airflow/models/dagbag.py", line 351, in parse
    loader.exec_module(new_module)
  File "<frozen importlib._bootstrap_external>", line 995, in exec_module
  File "<frozen importlib._bootstrap>", line 488, in _call_with_frames_removed
  File "/opt/airflow/dags/dbt.py", line 2, in <module>
    from airflow.providers.standard.operators.bash import BashOperator
ModuleNotFoundError: No module named 'airflow.providers.standard'
[2026-03-16T11:12:34.210+0000] {processor.py:842} WARNING - No viable dags retrieved from /opt/airflow/dags/dbt.py
[2026-03-16T11:12:34.249+0000] {processor.py:183} INFO - Processing /opt/airflow/dags/dbt.py took 0.085 seconds
[2026-03-16T11:14:47.031+0000] {processor.py:161} INFO - Started process (PID=5462) to work on /opt/airflow/dags/dbt.py
[2026-03-16T11:14:47.033+0000] {processor.py:830} INFO - Processing file /opt/airflow/dags/dbt.py for tasks to queue
[2026-03-16T11:14:47.040+0000] {logging_mixin.py:188} INFO - [2026-03-16T11:14:47.040+0000] {dagbag.py:545} INFO - Filling up the DagBag from /opt/airflow/dags/dbt.py
[2026-03-16T11:14:47.050+0000] {logging_mixin.py:188} INFO - [2026-03-16T11:14:47.047+0000] {dagbag.py:355} ERROR - Failed to import: /opt/airflow/dags/dbt.py
Traceback (most recent call last):
  File "/home/airflow/.local/lib/python3.12/site-packages/airflow/models/dagbag.py", line 351, in parse
    loader.exec_module(new_module)
  File "<frozen importlib._bootstrap_external>", line 995, in exec_module
  File "<frozen importlib._bootstrap>", line 488, in _call_with_frames_removed
  File "/opt/airflow/dags/dbt.py", line 2, in <module>
    from airflow.providers.standard.operators.bash import BashOperator
ModuleNotFoundError: No module named 'airflow.providers.standard'
[2026-03-16T11:14:47.050+0000] {processor.py:842} WARNING - No viable dags retrieved from /opt/airflow/dags/dbt.py
[2026-03-16T11:14:47.084+0000] {processor.py:183} INFO - Processing /opt/airflow/dags/dbt.py took 0.077 seconds
[2026-03-16T11:30:42.292+0000] {processor.py:161} INFO - Started process (PID=5464) to work on /opt/airflow/dags/dbt.py
[2026-03-16T11:30:42.293+0000] {processor.py:830} INFO - Processing file /opt/airflow/dags/dbt.py for tasks to queue
[2026-03-16T11:30:42.302+0000] {logging_mixin.py:188} INFO - [2026-03-16T11:30:42.301+0000] {dagbag.py:545} INFO - Filling up the DagBag from /opt/airflow/dags/dbt.py
[2026-03-16T11:30:42.310+0000] {logging_mixin.py:188} INFO - [2026-03-16T11:30:42.307+0000] {dagbag.py:355} ERROR - Failed to import: /opt/airflow/dags/dbt.py
Traceback (most recent call last):
  File "/home/airflow/.local/lib/python3.12/site-packages/airflow/models/dagbag.py", line 351, in parse
    loader.exec_module(new_module)
  File "<frozen importlib._bootstrap_external>", line 995, in exec_module
  File "<frozen importlib._bootstrap>", line 488, in _call_with_frames_removed
  File "/opt/airflow/dags/dbt.py", line 2, in <module>
    from airflow.providers.standard.operators.bash import BashOperator
ModuleNotFoundError: No module named 'airflow.providers.standard'
[2026-03-16T11:30:42.310+0000] {processor.py:842} WARNING - No viable dags retrieved from /opt/airflow/dags/dbt.py
[2026-03-16T11:30:42.334+0000] {processor.py:183} INFO - Processing /opt/airflow/dags/dbt.py took 0.061 seconds
[2026-03-16T11:34:27.834+0000] {processor.py:161} INFO - Started process (PID=5466) to work on /opt/airflow/dags/dbt.py
[2026-03-16T11:34:27.835+0000] {processor.py:830} INFO - Processing file /opt/airflow/dags/dbt.py for tasks to queue
[2026-03-16T11:34:27.839+0000] {logging_mixin.py:188} INFO - [2026-03-16T11:34:27.839+0000] {dagbag.py:545} INFO - Filling up the DagBag from /opt/airflow/dags/dbt.py
[2026-03-16T11:34:27.851+0000] {logging_mixin.py:188} INFO - [2026-03-16T11:34:27.844+0000] {dagbag.py:355} ERROR - Failed to import: /opt/airflow/dags/dbt.py
Traceback (most recent call last):
  File "/home/airflow/.local/lib/python3.12/site-packages/airflow/models/dagbag.py", line 351, in parse
    loader.exec_module(new_module)
  File "<frozen importlib._bootstrap_external>", line 995, in exec_module
  File "<frozen importlib._bootstrap>", line 488, in _call_with_frames_removed
  File "/opt/airflow/dags/dbt.py", line 2, in <module>
    from airflow.providers.standard.operators.bash import BashOperator
ModuleNotFoundError: No module named 'airflow.providers.standard'
[2026-03-16T11:34:27.856+0000] {processor.py:842} WARNING - No viable dags retrieved from /opt/airflow/dags/dbt.py
[2026-03-16T11:34:27.891+0000] {processor.py:183} INFO - Processing /opt/airflow/dags/dbt.py took 0.076 seconds
[2026-03-16T11:34:58.386+0000] {processor.py:161} INFO - Started process (PID=5468) to work on /opt/airflow/dags/dbt.py
[2026-03-16T11:34:58.392+0000] {processor.py:830} INFO - Processing file /opt/airflow/dags/dbt.py for tasks to queue
[2026-03-16T11:34:58.397+0000] {logging_mixin.py:188} INFO - [2026-03-16T11:34:58.396+0000] {dagbag.py:545} INFO - Filling up the DagBag from /opt/airflow/dags/dbt.py
[2026-03-16T11:34:58.412+0000] {logging_mixin.py:188} INFO - [2026-03-16T11:34:58.407+0000] {dagbag.py:355} ERROR - Failed to import: /opt/airflow/dags/dbt.py
Traceback (most recent call last):
  File "/home/airflow/.local/lib/python3.12/site-packages/airflow/models/dagbag.py", line 351, in parse
    loader.exec_module(new_module)
  File "<frozen importlib._bootstrap_external>", line 995, in exec_module
  File "<frozen importlib._bootstrap>", line 488, in _call_with_frames_removed
  File "/opt/airflow/dags/dbt.py", line 2, in <module>
    from airflow.providers.standard.operators.bash import BashOperator
ModuleNotFoundError: No module named 'airflow.providers.standard'
[2026-03-16T11:34:58.412+0000] {processor.py:842} WARNING - No viable dags retrieved from /opt/airflow/dags/dbt.py
[2026-03-16T11:34:58.442+0000] {processor.py:183} INFO - Processing /opt/airflow/dags/dbt.py took 0.075 seconds
[2026-03-16T11:35:28.952+0000] {processor.py:161} INFO - Started process (PID=5470) to work on /opt/airflow/dags/dbt.py
[2026-03-16T11:35:28.954+0000] {processor.py:830} INFO - Processing file /opt/airflow/dags/dbt.py for tasks to queue
[2026-03-16T11:35:28.959+0000] {logging_mixin.py:188} INFO - [2026-03-16T11:35:28.958+0000] {dagbag.py:545} INFO - Filling up the DagBag from /opt/airflow/dags/dbt.py
[2026-03-16T11:35:28.970+0000] {logging_mixin.py:188} INFO - [2026-03-16T11:35:28.965+0000] {dagbag.py:355} ERROR - Failed to import: /opt/airflow/dags/dbt.py
Traceback (most recent call last):
  File "/home/airflow/.local/lib/python3.12/site-packages/airflow/models/dagbag.py", line 351, in parse
    loader.exec_module(new_module)
  File "<frozen importlib._bootstrap_external>", line 995, in exec_module
  File "<frozen importlib._bootstrap>", line 488, in _call_with_frames_removed
  File "/opt/airflow/dags/dbt.py", line 2, in <module>
    from airflow.providers.standard.operators.bash import BashOperator
ModuleNotFoundError: No module named 'airflow.providers.standard'
[2026-03-16T11:35:28.970+0000] {processor.py:842} WARNING - No viable dags retrieved from /opt/airflow/dags/dbt.py
[2026-03-16T11:35:28.996+0000] {processor.py:183} INFO - Processing /opt/airflow/dags/dbt.py took 0.061 seconds
[2026-03-16T11:51:33.608+0000] {processor.py:161} INFO - Started process (PID=5472) to work on /opt/airflow/dags/dbt.py
[2026-03-16T11:51:33.611+0000] {processor.py:830} INFO - Processing file /opt/airflow/dags/dbt.py for tasks to queue
[2026-03-16T11:51:33.615+0000] {logging_mixin.py:188} INFO - [2026-03-16T11:51:33.615+0000] {dagbag.py:545} INFO - Filling up the DagBag from /opt/airflow/dags/dbt.py
[2026-03-16T11:51:33.625+0000] {logging_mixin.py:188} INFO - [2026-03-16T11:51:33.622+0000] {dagbag.py:355} ERROR - Failed to import: /opt/airflow/dags/dbt.py
Traceback (most recent call last):
  File "/home/airflow/.local/lib/python3.12/site-packages/airflow/models/dagbag.py", line 351, in parse
    loader.exec_module(new_module)
  File "<frozen importlib._bootstrap_external>", line 995, in exec_module
  File "<frozen importlib._bootstrap>", line 488, in _call_with_frames_removed
  File "/opt/airflow/dags/dbt.py", line 2, in <module>
    from airflow.providers.standard.operators.bash import BashOperator
ModuleNotFoundError: No module named 'airflow.providers.standard'
[2026-03-16T11:51:33.629+0000] {processor.py:842} WARNING - No viable dags retrieved from /opt/airflow/dags/dbt.py
[2026-03-16T11:51:33.665+0000] {processor.py:183} INFO - Processing /opt/airflow/dags/dbt.py took 0.071 seconds
[2026-03-16T11:52:04.140+0000] {processor.py:161} INFO - Started process (PID=5474) to work on /opt/airflow/dags/dbt.py
[2026-03-16T11:52:04.143+0000] {processor.py:830} INFO - Processing file /opt/airflow/dags/dbt.py for tasks to queue
[2026-03-16T11:52:04.147+0000] {logging_mixin.py:188} INFO - [2026-03-16T11:52:04.147+0000] {dagbag.py:545} INFO - Filling up the DagBag from /opt/airflow/dags/dbt.py
[2026-03-16T11:52:04.159+0000] {logging_mixin.py:188} INFO - [2026-03-16T11:52:04.157+0000] {dagbag.py:355} ERROR - Failed to import: /opt/airflow/dags/dbt.py
Traceback (most recent call last):
  File "/home/airflow/.local/lib/python3.12/site-packages/airflow/models/dagbag.py", line 351, in parse
    loader.exec_module(new_module)
  File "<frozen importlib._bootstrap_external>", line 995, in exec_module
  File "<frozen importlib._bootstrap>", line 488, in _call_with_frames_removed
  File "/opt/airflow/dags/dbt.py", line 2, in <module>
    from airflow.providers.standard.operators.bash import BashOperator
ModuleNotFoundError: No module named 'airflow.providers.standard'
[2026-03-16T11:52:04.159+0000] {processor.py:842} WARNING - No viable dags retrieved from /opt/airflow/dags/dbt.py
[2026-03-16T11:52:04.190+0000] {processor.py:183} INFO - Processing /opt/airflow/dags/dbt.py took 0.063 seconds
[2026-03-16T12:04:11.195+0000] {processor.py:161} INFO - Started process (PID=5476) to work on /opt/airflow/dags/dbt.py
[2026-03-16T12:04:11.197+0000] {processor.py:830} INFO - Processing file /opt/airflow/dags/dbt.py for tasks to queue
[2026-03-16T12:04:11.204+0000] {logging_mixin.py:188} INFO - [2026-03-16T12:04:11.204+0000] {dagbag.py:545} INFO - Filling up the DagBag from /opt/airflow/dags/dbt.py
[2026-03-16T12:04:11.214+0000] {logging_mixin.py:188} INFO - [2026-03-16T12:04:11.213+0000] {dagbag.py:355} ERROR - Failed to import: /opt/airflow/dags/dbt.py
Traceback (most recent call last):
  File "/home/airflow/.local/lib/python3.12/site-packages/airflow/models/dagbag.py", line 351, in parse
    loader.exec_module(new_module)
  File "<frozen importlib._bootstrap_external>", line 995, in exec_module
  File "<frozen importlib._bootstrap>", line 488, in _call_with_frames_removed
  File "/opt/airflow/dags/dbt.py", line 2, in <module>
    from airflow.providers.standard.operators.bash import BashOperator
ModuleNotFoundError: No module named 'airflow.providers.standard'
[2026-03-16T12:04:11.215+0000] {processor.py:842} WARNING - No viable dags retrieved from /opt/airflow/dags/dbt.py
[2026-03-16T12:04:11.240+0000] {processor.py:183} INFO - Processing /opt/airflow/dags/dbt.py took 0.059 seconds
[2026-03-16T12:04:43.337+0000] {processor.py:161} INFO - Started process (PID=5478) to work on /opt/airflow/dags/dbt.py
[2026-03-16T12:04:43.340+0000] {processor.py:830} INFO - Processing file /opt/airflow/dags/dbt.py for tasks to queue
[2026-03-16T12:04:43.351+0000] {logging_mixin.py:188} INFO - [2026-03-16T12:04:43.350+0000] {dagbag.py:545} INFO - Filling up the DagBag from /opt/airflow/dags/dbt.py
[2026-03-16T12:04:43.362+0000] {logging_mixin.py:188} INFO - [2026-03-16T12:04:43.357+0000] {dagbag.py:355} ERROR - Failed to import: /opt/airflow/dags/dbt.py
Traceback (most recent call last):
  File "/home/airflow/.local/lib/python3.12/site-packages/airflow/models/dagbag.py", line 351, in parse
    loader.exec_module(new_module)
  File "<frozen importlib._bootstrap_external>", line 995, in exec_module
  File "<frozen importlib._bootstrap>", line 488, in _call_with_frames_removed
  File "/opt/airflow/dags/dbt.py", line 2, in <module>
    from airflow.providers.standard.operators.bash import BashOperator
ModuleNotFoundError: No module named 'airflow.providers.standard'
[2026-03-16T12:04:43.363+0000] {processor.py:842} WARNING - No viable dags retrieved from /opt/airflow/dags/dbt.py
[2026-03-16T12:04:43.403+0000] {processor.py:183} INFO - Processing /opt/airflow/dags/dbt.py took 0.089 seconds
[2026-03-16T12:05:13.943+0000] {processor.py:161} INFO - Started process (PID=5480) to work on /opt/airflow/dags/dbt.py
[2026-03-16T12:05:13.944+0000] {processor.py:830} INFO - Processing file /opt/airflow/dags/dbt.py for tasks to queue
[2026-03-16T12:05:13.949+0000] {logging_mixin.py:188} INFO - [2026-03-16T12:05:13.948+0000] {dagbag.py:545} INFO - Filling up the DagBag from /opt/airflow/dags/dbt.py
[2026-03-16T12:05:13.959+0000] {logging_mixin.py:188} INFO - [2026-03-16T12:05:13.955+0000] {dagbag.py:355} ERROR - Failed to import: /opt/airflow/dags/dbt.py
Traceback (most recent call last):
  File "/home/airflow/.local/lib/python3.12/site-packages/airflow/models/dagbag.py", line 351, in parse
    loader.exec_module(new_module)
  File "<frozen importlib._bootstrap_external>", line 995, in exec_module
  File "<frozen importlib._bootstrap>", line 488, in _call_with_frames_removed
  File "/opt/airflow/dags/dbt.py", line 2, in <module>
    from airflow.providers.standard.operators.bash import BashOperator
ModuleNotFoundError: No module named 'airflow.providers.standard'
[2026-03-16T12:05:13.959+0000] {processor.py:842} WARNING - No viable dags retrieved from /opt/airflow/dags/dbt.py
[2026-03-16T12:05:13.989+0000] {processor.py:183} INFO - Processing /opt/airflow/dags/dbt.py took 0.064 seconds
[2026-03-16T12:21:09.028+0000] {processor.py:161} INFO - Started process (PID=5482) to work on /opt/airflow/dags/dbt.py
[2026-03-16T12:21:09.030+0000] {processor.py:830} INFO - Processing file /opt/airflow/dags/dbt.py for tasks to queue
[2026-03-16T12:21:09.035+0000] {logging_mixin.py:188} INFO - [2026-03-16T12:21:09.035+0000] {dagbag.py:545} INFO - Filling up the DagBag from /opt/airflow/dags/dbt.py
[2026-03-16T12:21:09.044+0000] {logging_mixin.py:188} INFO - [2026-03-16T12:21:09.040+0000] {dagbag.py:355} ERROR - Failed to import: /opt/airflow/dags/dbt.py
Traceback (most recent call last):
  File "/home/airflow/.local/lib/python3.12/site-packages/airflow/models/dagbag.py", line 351, in parse
    loader.exec_module(new_module)
  File "<frozen importlib._bootstrap_external>", line 995, in exec_module
  File "<frozen importlib._bootstrap>", line 488, in _call_with_frames_removed
  File "/opt/airflow/dags/dbt.py", line 2, in <module>
    from airflow.providers.standard.operators.bash import BashOperator
ModuleNotFoundError: No module named 'airflow.providers.standard'
[2026-03-16T12:21:09.044+0000] {processor.py:842} WARNING - No viable dags retrieved from /opt/airflow/dags/dbt.py
[2026-03-16T12:21:09.081+0000] {processor.py:183} INFO - Processing /opt/airflow/dags/dbt.py took 0.068 seconds
[2026-03-16T12:21:39.605+0000] {processor.py:161} INFO - Started process (PID=5484) to work on /opt/airflow/dags/dbt.py
[2026-03-16T12:21:39.608+0000] {processor.py:830} INFO - Processing file /opt/airflow/dags/dbt.py for tasks to queue
[2026-03-16T12:21:39.616+0000] {logging_mixin.py:188} INFO - [2026-03-16T12:21:39.613+0000] {dagbag.py:545} INFO - Filling up the DagBag from /opt/airflow/dags/dbt.py
[2026-03-16T12:21:39.627+0000] {logging_mixin.py:188} INFO - [2026-03-16T12:21:39.622+0000] {dagbag.py:355} ERROR - Failed to import: /opt/airflow/dags/dbt.py
Traceback (most recent call last):
  File "/home/airflow/.local/lib/python3.12/site-packages/airflow/models/dagbag.py", line 351, in parse
    loader.exec_module(new_module)
  File "<frozen importlib._bootstrap_external>", line 995, in exec_module
  File "<frozen importlib._bootstrap>", line 488, in _call_with_frames_removed
  File "/opt/airflow/dags/dbt.py", line 2, in <module>
    from airflow.providers.standard.operators.bash import BashOperator
ModuleNotFoundError: No module named 'airflow.providers.standard'
[2026-03-16T12:21:39.627+0000] {processor.py:842} WARNING - No viable dags retrieved from /opt/airflow/dags/dbt.py
[2026-03-16T12:21:39.661+0000] {processor.py:183} INFO - Processing /opt/airflow/dags/dbt.py took 0.083 seconds
[2026-03-16T12:28:25.141+0000] {processor.py:161} INFO - Started process (PID=5486) to work on /opt/airflow/dags/dbt.py
[2026-03-16T12:28:25.143+0000] {processor.py:830} INFO - Processing file /opt/airflow/dags/dbt.py for tasks to queue
[2026-03-16T12:28:25.146+0000] {logging_mixin.py:188} INFO - [2026-03-16T12:28:25.146+0000] {dagbag.py:545} INFO - Filling up the DagBag from /opt/airflow/dags/dbt.py
[2026-03-16T12:28:25.153+0000] {logging_mixin.py:188} INFO - [2026-03-16T12:28:25.152+0000] {dagbag.py:355} ERROR - Failed to import: /opt/airflow/dags/dbt.py
Traceback (most recent call last):
  File "/home/airflow/.local/lib/python3.12/site-packages/airflow/models/dagbag.py", line 351, in parse
    loader.exec_module(new_module)
  File "<frozen importlib._bootstrap_external>", line 995, in exec_module
  File "<frozen importlib._bootstrap>", line 488, in _call_with_frames_removed
  File "/opt/airflow/dags/dbt.py", line 2, in <module>
    from airflow.providers.standard.operators.bash import BashOperator
ModuleNotFoundError: No module named 'airflow.providers.standard'
[2026-03-16T12:28:25.155+0000] {processor.py:842} WARNING - No viable dags retrieved from /opt/airflow/dags/dbt.py
[2026-03-16T12:28:25.193+0000] {processor.py:183} INFO - Processing /opt/airflow/dags/dbt.py took 0.069 seconds
[2026-03-16T12:29:10.240+0000] {processor.py:161} INFO - Started process (PID=5488) to work on /opt/airflow/dags/dbt.py
[2026-03-16T12:29:10.242+0000] {processor.py:830} INFO - Processing file /opt/airflow/dags/dbt.py for tasks to queue
[2026-03-16T12:29:10.249+0000] {logging_mixin.py:188} INFO - [2026-03-16T12:29:10.249+0000] {dagbag.py:545} INFO - Filling up the DagBag from /opt/airflow/dags/dbt.py
[2026-03-16T12:29:10.256+0000] {logging_mixin.py:188} INFO - [2026-03-16T12:29:10.254+0000] {dagbag.py:355} ERROR - Failed to import: /opt/airflow/dags/dbt.py
Traceback (most recent call last):
  File "/home/airflow/.local/lib/python3.12/site-packages/airflow/models/dagbag.py", line 351, in parse
    loader.exec_module(new_module)
  File "<frozen importlib._bootstrap_external>", line 995, in exec_module
  File "<frozen importlib._bootstrap>", line 488, in _call_with_frames_removed
  File "/opt/airflow/dags/dbt.py", line 2, in <module>
    from airflow.providers.standard.operators.bash import BashOperator
ModuleNotFoundError: No module named 'airflow.providers.standard'
[2026-03-16T12:29:10.256+0000] {processor.py:842} WARNING - No viable dags retrieved from /opt/airflow/dags/dbt.py
[2026-03-16T12:29:10.287+0000] {processor.py:183} INFO - Processing /opt/airflow/dags/dbt.py took 0.064 seconds
[2026-03-16T12:29:40.792+0000] {processor.py:161} INFO - Started process (PID=5490) to work on /opt/airflow/dags/dbt.py
[2026-03-16T12:29:40.793+0000] {processor.py:830} INFO - Processing file /opt/airflow/dags/dbt.py for tasks to queue
[2026-03-16T12:29:40.800+0000] {logging_mixin.py:188} INFO - [2026-03-16T12:29:40.798+0000] {dagbag.py:545} INFO - Filling up the DagBag from /opt/airflow/dags/dbt.py
[2026-03-16T12:29:40.810+0000] {logging_mixin.py:188} INFO - [2026-03-16T12:29:40.805+0000] {dagbag.py:355} ERROR - Failed to import: /opt/airflow/dags/dbt.py
Traceback (most recent call last):
  File "/home/airflow/.local/lib/python3.12/site-packages/airflow/models/dagbag.py", line 351, in parse
    loader.exec_module(new_module)
  File "<frozen importlib._bootstrap_external>", line 995, in exec_module
  File "<frozen importlib._bootstrap>", line 488, in _call_with_frames_removed
  File "/opt/airflow/dags/dbt.py", line 2, in <module>
    from airflow.providers.standard.operators.bash import BashOperator
ModuleNotFoundError: No module named 'airflow.providers.standard'
[2026-03-16T12:29:40.810+0000] {processor.py:842} WARNING - No viable dags retrieved from /opt/airflow/dags/dbt.py
[2026-03-16T12:29:40.846+0000] {processor.py:183} INFO - Processing /opt/airflow/dags/dbt.py took 0.072 seconds
[2026-03-16T12:30:19.264+0000] {processor.py:161} INFO - Started process (PID=5492) to work on /opt/airflow/dags/dbt.py
[2026-03-16T12:30:19.266+0000] {processor.py:830} INFO - Processing file /opt/airflow/dags/dbt.py for tasks to queue
[2026-03-16T12:30:19.271+0000] {logging_mixin.py:188} INFO - [2026-03-16T12:30:19.270+0000] {dagbag.py:545} INFO - Filling up the DagBag from /opt/airflow/dags/dbt.py
[2026-03-16T12:30:19.282+0000] {logging_mixin.py:188} INFO - [2026-03-16T12:30:19.280+0000] {dagbag.py:355} ERROR - Failed to import: /opt/airflow/dags/dbt.py
Traceback (most recent call last):
  File "/home/airflow/.local/lib/python3.12/site-packages/airflow/models/dagbag.py", line 351, in parse
    loader.exec_module(new_module)
  File "<frozen importlib._bootstrap_external>", line 995, in exec_module
  File "<frozen importlib._bootstrap>", line 488, in _call_with_frames_removed
  File "/opt/airflow/dags/dbt.py", line 2, in <module>
    from airflow.providers.standard.operators.bash import BashOperator
ModuleNotFoundError: No module named 'airflow.providers.standard'
[2026-03-16T12:30:19.283+0000] {processor.py:842} WARNING - No viable dags retrieved from /opt/airflow/dags/dbt.py
[2026-03-16T12:30:19.314+0000] {processor.py:183} INFO - Processing /opt/airflow/dags/dbt.py took 0.083 seconds
[2026-03-16T12:31:06.216+0000] {processor.py:161} INFO - Started process (PID=5494) to work on /opt/airflow/dags/dbt.py
[2026-03-16T12:31:06.218+0000] {processor.py:830} INFO - Processing file /opt/airflow/dags/dbt.py for tasks to queue
[2026-03-16T12:31:06.224+0000] {logging_mixin.py:188} INFO - [2026-03-16T12:31:06.223+0000] {dagbag.py:545} INFO - Filling up the DagBag from /opt/airflow/dags/dbt.py
[2026-03-16T12:31:06.234+0000] {logging_mixin.py:188} INFO - [2026-03-16T12:31:06.229+0000] {dagbag.py:355} ERROR - Failed to import: /opt/airflow/dags/dbt.py
Traceback (most recent call last):
  File "/home/airflow/.local/lib/python3.12/site-packages/airflow/models/dagbag.py", line 351, in parse
    loader.exec_module(new_module)
  File "<frozen importlib._bootstrap_external>", line 995, in exec_module
  File "<frozen importlib._bootstrap>", line 488, in _call_with_frames_removed
  File "/opt/airflow/dags/dbt.py", line 2, in <module>
    from airflow.providers.standard.operators.bash import BashOperator
ModuleNotFoundError: No module named 'airflow.providers.standard'
[2026-03-16T12:31:06.235+0000] {processor.py:842} WARNING - No viable dags retrieved from /opt/airflow/dags/dbt.py
[2026-03-16T12:31:06.269+0000] {processor.py:183} INFO - Processing /opt/airflow/dags/dbt.py took 0.072 seconds
[2026-03-16T12:31:36.761+0000] {processor.py:161} INFO - Started process (PID=5496) to work on /opt/airflow/dags/dbt.py
[2026-03-16T12:31:36.763+0000] {processor.py:830} INFO - Processing file /opt/airflow/dags/dbt.py for tasks to queue
[2026-03-16T12:31:36.768+0000] {logging_mixin.py:188} INFO - [2026-03-16T12:31:36.768+0000] {dagbag.py:545} INFO - Filling up the DagBag from /opt/airflow/dags/dbt.py
[2026-03-16T12:31:36.779+0000] {logging_mixin.py:188} INFO - [2026-03-16T12:31:36.774+0000] {dagbag.py:355} ERROR - Failed to import: /opt/airflow/dags/dbt.py
Traceback (most recent call last):
  File "/home/airflow/.local/lib/python3.12/site-packages/airflow/models/dagbag.py", line 351, in parse
    loader.exec_module(new_module)
  File "<frozen importlib._bootstrap_external>", line 995, in exec_module
  File "<frozen importlib._bootstrap>", line 488, in _call_with_frames_removed
  File "/opt/airflow/dags/dbt.py", line 2, in <module>
    from airflow.providers.standard.operators.bash import BashOperator
ModuleNotFoundError: No module named 'airflow.providers.standard'
[2026-03-16T12:31:36.779+0000] {processor.py:842} WARNING - No viable dags retrieved from /opt/airflow/dags/dbt.py
[2026-03-16T12:31:36.807+0000] {processor.py:183} INFO - Processing /opt/airflow/dags/dbt.py took 0.069 seconds
[2026-03-16T12:32:06.914+0000] {processor.py:161} INFO - Started process (PID=5498) to work on /opt/airflow/dags/dbt.py
[2026-03-16T12:32:06.915+0000] {processor.py:830} INFO - Processing file /opt/airflow/dags/dbt.py for tasks to queue
[2026-03-16T12:32:06.918+0000] {logging_mixin.py:188} INFO - [2026-03-16T12:32:06.918+0000] {dagbag.py:545} INFO - Filling up the DagBag from /opt/airflow/dags/dbt.py
[2026-03-16T12:32:06.926+0000] {logging_mixin.py:188} INFO - [2026-03-16T12:32:06.924+0000] {dagbag.py:355} ERROR - Failed to import: /opt/airflow/dags/dbt.py
Traceback (most recent call last):
  File "/home/airflow/.local/lib/python3.12/site-packages/airflow/models/dagbag.py", line 351, in parse
    loader.exec_module(new_module)
  File "<frozen importlib._bootstrap_external>", line 995, in exec_module
  File "<frozen importlib._bootstrap>", line 488, in _call_with_frames_removed
  File "/opt/airflow/dags/dbt.py", line 2, in <module>
    from airflow.providers.standard.operators.bash import BashOperator
ModuleNotFoundError: No module named 'airflow.providers.standard'
[2026-03-16T12:32:06.928+0000] {processor.py:842} WARNING - No viable dags retrieved from /opt/airflow/dags/dbt.py
[2026-03-16T12:32:06.952+0000] {processor.py:183} INFO - Processing /opt/airflow/dags/dbt.py took 0.055 seconds
[2026-03-16T12:48:02.133+0000] {processor.py:161} INFO - Started process (PID=5500) to work on /opt/airflow/dags/dbt.py
[2026-03-16T12:48:02.137+0000] {processor.py:830} INFO - Processing file /opt/airflow/dags/dbt.py for tasks to queue
[2026-03-16T12:48:02.138+0000] {logging_mixin.py:188} INFO - [2026-03-16T12:48:02.138+0000] {dagbag.py:545} INFO - Filling up the DagBag from /opt/airflow/dags/dbt.py
[2026-03-16T12:48:02.144+0000] {logging_mixin.py:188} INFO - [2026-03-16T12:48:02.142+0000] {dagbag.py:355} ERROR - Failed to import: /opt/airflow/dags/dbt.py
Traceback (most recent call last):
  File "/home/airflow/.local/lib/python3.12/site-packages/airflow/models/dagbag.py", line 351, in parse
    loader.exec_module(new_module)
  File "<frozen importlib._bootstrap_external>", line 995, in exec_module
  File "<frozen importlib._bootstrap>", line 488, in _call_with_frames_removed
  File "/opt/airflow/dags/dbt.py", line 2, in <module>
    from airflow.providers.standard.operators.bash import BashOperator
ModuleNotFoundError: No module named 'airflow.providers.standard'
[2026-03-16T12:48:02.144+0000] {processor.py:842} WARNING - No viable dags retrieved from /opt/airflow/dags/dbt.py
[2026-03-16T12:48:02.167+0000] {processor.py:183} INFO - Processing /opt/airflow/dags/dbt.py took 0.053 seconds
[2026-03-16T12:48:32.641+0000] {processor.py:161} INFO - Started process (PID=5502) to work on /opt/airflow/dags/dbt.py
[2026-03-16T12:48:32.642+0000] {processor.py:830} INFO - Processing file /opt/airflow/dags/dbt.py for tasks to queue
[2026-03-16T12:48:32.647+0000] {logging_mixin.py:188} INFO - [2026-03-16T12:48:32.646+0000] {dagbag.py:545} INFO - Filling up the DagBag from /opt/airflow/dags/dbt.py
[2026-03-16T12:48:32.660+0000] {logging_mixin.py:188} INFO - [2026-03-16T12:48:32.655+0000] {dagbag.py:355} ERROR - Failed to import: /opt/airflow/dags/dbt.py
Traceback (most recent call last):
  File "/home/airflow/.local/lib/python3.12/site-packages/airflow/models/dagbag.py", line 351, in parse
    loader.exec_module(new_module)
  File "<frozen importlib._bootstrap_external>", line 995, in exec_module
  File "<frozen importlib._bootstrap>", line 488, in _call_with_frames_removed
  File "/opt/airflow/dags/dbt.py", line 2, in <module>
    from airflow.providers.standard.operators.bash import BashOperator
ModuleNotFoundError: No module named 'airflow.providers.standard'
[2026-03-16T12:48:32.660+0000] {processor.py:842} WARNING - No viable dags retrieved from /opt/airflow/dags/dbt.py
[2026-03-16T12:48:32.694+0000] {processor.py:183} INFO - Processing /opt/airflow/dags/dbt.py took 0.076 seconds
[2026-03-16T13:04:27.806+0000] {processor.py:161} INFO - Started process (PID=5504) to work on /opt/airflow/dags/dbt.py
[2026-03-16T13:04:27.809+0000] {processor.py:830} INFO - Processing file /opt/airflow/dags/dbt.py for tasks to queue
[2026-03-16T13:04:27.816+0000] {logging_mixin.py:188} INFO - [2026-03-16T13:04:27.816+0000] {dagbag.py:545} INFO - Filling up the DagBag from /opt/airflow/dags/dbt.py
[2026-03-16T13:04:27.825+0000] {logging_mixin.py:188} INFO - [2026-03-16T13:04:27.820+0000] {dagbag.py:355} ERROR - Failed to import: /opt/airflow/dags/dbt.py
Traceback (most recent call last):
  File "/home/airflow/.local/lib/python3.12/site-packages/airflow/models/dagbag.py", line 351, in parse
    loader.exec_module(new_module)
  File "<frozen importlib._bootstrap_external>", line 995, in exec_module
  File "<frozen importlib._bootstrap>", line 488, in _call_with_frames_removed
  File "/opt/airflow/dags/dbt.py", line 2, in <module>
    from airflow.providers.standard.operators.bash import BashOperator
ModuleNotFoundError: No module named 'airflow.providers.standard'
[2026-03-16T13:04:27.825+0000] {processor.py:842} WARNING - No viable dags retrieved from /opt/airflow/dags/dbt.py
[2026-03-16T13:04:27.848+0000] {processor.py:183} INFO - Processing /opt/airflow/dags/dbt.py took 0.059 seconds
[2026-03-16T13:04:58.244+0000] {processor.py:161} INFO - Started process (PID=5506) to work on /opt/airflow/dags/dbt.py
[2026-03-16T13:04:58.246+0000] {processor.py:830} INFO - Processing file /opt/airflow/dags/dbt.py for tasks to queue
[2026-03-16T13:04:58.248+0000] {logging_mixin.py:188} INFO - [2026-03-16T13:04:58.248+0000] {dagbag.py:545} INFO - Filling up the DagBag from /opt/airflow/dags/dbt.py
[2026-03-16T13:04:58.255+0000] {logging_mixin.py:188} INFO - [2026-03-16T13:04:58.252+0000] {dagbag.py:355} ERROR - Failed to import: /opt/airflow/dags/dbt.py
Traceback (most recent call last):
  File "/home/airflow/.local/lib/python3.12/site-packages/airflow/models/dagbag.py", line 351, in parse
    loader.exec_module(new_module)
  File "<frozen importlib._bootstrap_external>", line 995, in exec_module
  File "<frozen importlib._bootstrap>", line 488, in _call_with_frames_removed
  File "/opt/airflow/dags/dbt.py", line 2, in <module>
    from airflow.providers.standard.operators.bash import BashOperator
ModuleNotFoundError: No module named 'airflow.providers.standard'
[2026-03-16T13:04:58.256+0000] {processor.py:842} WARNING - No viable dags retrieved from /opt/airflow/dags/dbt.py
[2026-03-16T13:04:58.281+0000] {processor.py:183} INFO - Processing /opt/airflow/dags/dbt.py took 0.047 seconds
[2026-03-16T13:06:14.072+0000] {processor.py:161} INFO - Started process (PID=5508) to work on /opt/airflow/dags/dbt.py
[2026-03-16T13:06:14.077+0000] {processor.py:830} INFO - Processing file /opt/airflow/dags/dbt.py for tasks to queue
[2026-03-16T13:06:14.080+0000] {logging_mixin.py:188} INFO - [2026-03-16T13:06:14.079+0000] {dagbag.py:545} INFO - Filling up the DagBag from /opt/airflow/dags/dbt.py
[2026-03-16T13:06:14.089+0000] {logging_mixin.py:188} INFO - [2026-03-16T13:06:14.086+0000] {dagbag.py:355} ERROR - Failed to import: /opt/airflow/dags/dbt.py
Traceback (most recent call last):
  File "/home/airflow/.local/lib/python3.12/site-packages/airflow/models/dagbag.py", line 351, in parse
    loader.exec_module(new_module)
  File "<frozen importlib._bootstrap_external>", line 995, in exec_module
  File "<frozen importlib._bootstrap>", line 488, in _call_with_frames_removed
  File "/opt/airflow/dags/dbt.py", line 2, in <module>
    from airflow.providers.standard.operators.bash import BashOperator
ModuleNotFoundError: No module named 'airflow.providers.standard'
[2026-03-16T13:06:14.089+0000] {processor.py:842} WARNING - No viable dags retrieved from /opt/airflow/dags/dbt.py
[2026-03-16T13:06:14.125+0000] {processor.py:183} INFO - Processing /opt/airflow/dags/dbt.py took 0.074 seconds
[2026-03-16T13:15:27.461+0000] {processor.py:161} INFO - Started process (PID=5510) to work on /opt/airflow/dags/dbt.py
[2026-03-16T13:15:27.463+0000] {processor.py:830} INFO - Processing file /opt/airflow/dags/dbt.py for tasks to queue
[2026-03-16T13:15:27.470+0000] {logging_mixin.py:188} INFO - [2026-03-16T13:15:27.469+0000] {dagbag.py:545} INFO - Filling up the DagBag from /opt/airflow/dags/dbt.py
[2026-03-16T13:15:27.478+0000] {logging_mixin.py:188} INFO - [2026-03-16T13:15:27.476+0000] {dagbag.py:355} ERROR - Failed to import: /opt/airflow/dags/dbt.py
Traceback (most recent call last):
  File "/home/airflow/.local/lib/python3.12/site-packages/airflow/models/dagbag.py", line 351, in parse
    loader.exec_module(new_module)
  File "<frozen importlib._bootstrap_external>", line 995, in exec_module
  File "<frozen importlib._bootstrap>", line 488, in _call_with_frames_removed
  File "/opt/airflow/dags/dbt.py", line 2, in <module>
    from airflow.providers.standard.operators.bash import BashOperator
ModuleNotFoundError: No module named 'airflow.providers.standard'
[2026-03-16T13:15:27.479+0000] {processor.py:842} WARNING - No viable dags retrieved from /opt/airflow/dags/dbt.py
[2026-03-16T13:15:27.517+0000] {processor.py:183} INFO - Processing /opt/airflow/dags/dbt.py took 0.072 seconds
[2026-03-16T13:15:57.935+0000] {processor.py:161} INFO - Started process (PID=5512) to work on /opt/airflow/dags/dbt.py
[2026-03-16T13:15:57.937+0000] {processor.py:830} INFO - Processing file /opt/airflow/dags/dbt.py for tasks to queue
[2026-03-16T13:15:57.941+0000] {logging_mixin.py:188} INFO - [2026-03-16T13:15:57.941+0000] {dagbag.py:545} INFO - Filling up the DagBag from /opt/airflow/dags/dbt.py
[2026-03-16T13:15:57.949+0000] {logging_mixin.py:188} INFO - [2026-03-16T13:15:57.946+0000] {dagbag.py:355} ERROR - Failed to import: /opt/airflow/dags/dbt.py
Traceback (most recent call last):
  File "/home/airflow/.local/lib/python3.12/site-packages/airflow/models/dagbag.py", line 351, in parse
    loader.exec_module(new_module)
  File "<frozen importlib._bootstrap_external>", line 995, in exec_module
  File "<frozen importlib._bootstrap>", line 488, in _call_with_frames_removed
  File "/opt/airflow/dags/dbt.py", line 2, in <module>
    from airflow.providers.standard.operators.bash import BashOperator
ModuleNotFoundError: No module named 'airflow.providers.standard'
[2026-03-16T13:15:57.950+0000] {processor.py:842} WARNING - No viable dags retrieved from /opt/airflow/dags/dbt.py
[2026-03-16T13:15:57.980+0000] {processor.py:183} INFO - Processing /opt/airflow/dags/dbt.py took 0.061 seconds
[2026-03-16T13:22:55.026+0000] {processor.py:161} INFO - Started process (PID=5514) to work on /opt/airflow/dags/dbt.py
[2026-03-16T13:22:55.027+0000] {processor.py:830} INFO - Processing file /opt/airflow/dags/dbt.py for tasks to queue
[2026-03-16T13:22:55.030+0000] {logging_mixin.py:188} INFO - [2026-03-16T13:22:55.029+0000] {dagbag.py:545} INFO - Filling up the DagBag from /opt/airflow/dags/dbt.py
[2026-03-16T13:22:55.037+0000] {logging_mixin.py:188} INFO - [2026-03-16T13:22:55.034+0000] {dagbag.py:355} ERROR - Failed to import: /opt/airflow/dags/dbt.py
Traceback (most recent call last):
  File "/home/airflow/.local/lib/python3.12/site-packages/airflow/models/dagbag.py", line 351, in parse
    loader.exec_module(new_module)
  File "<frozen importlib._bootstrap_external>", line 995, in exec_module
  File "<frozen importlib._bootstrap>", line 488, in _call_with_frames_removed
  File "/opt/airflow/dags/dbt.py", line 2, in <module>
    from airflow.providers.standard.operators.bash import BashOperator
ModuleNotFoundError: No module named 'airflow.providers.standard'
[2026-03-16T13:22:55.037+0000] {processor.py:842} WARNING - No viable dags retrieved from /opt/airflow/dags/dbt.py
[2026-03-16T13:22:55.058+0000] {processor.py:183} INFO - Processing /opt/airflow/dags/dbt.py took 0.045 seconds
[2026-03-16T13:26:20.447+0000] {processor.py:161} INFO - Started process (PID=5516) to work on /opt/airflow/dags/dbt.py
[2026-03-16T13:26:20.449+0000] {processor.py:830} INFO - Processing file /opt/airflow/dags/dbt.py for tasks to queue
[2026-03-16T13:26:20.453+0000] {logging_mixin.py:188} INFO - [2026-03-16T13:26:20.452+0000] {dagbag.py:545} INFO - Filling up the DagBag from /opt/airflow/dags/dbt.py
[2026-03-16T13:26:20.462+0000] {logging_mixin.py:188} INFO - [2026-03-16T13:26:20.460+0000] {dagbag.py:355} ERROR - Failed to import: /opt/airflow/dags/dbt.py
Traceback (most recent call last):
  File "/home/airflow/.local/lib/python3.12/site-packages/airflow/models/dagbag.py", line 351, in parse
    loader.exec_module(new_module)
  File "<frozen importlib._bootstrap_external>", line 995, in exec_module
  File "<frozen importlib._bootstrap>", line 488, in _call_with_frames_removed
  File "/opt/airflow/dags/dbt.py", line 2, in <module>
    from airflow.providers.standard.operators.bash import BashOperator
ModuleNotFoundError: No module named 'airflow.providers.standard'
[2026-03-16T13:26:20.465+0000] {processor.py:842} WARNING - No viable dags retrieved from /opt/airflow/dags/dbt.py
[2026-03-16T13:26:20.487+0000] {processor.py:183} INFO - Processing /opt/airflow/dags/dbt.py took 0.056 seconds
[2026-03-16T13:26:50.803+0000] {processor.py:161} INFO - Started process (PID=5518) to work on /opt/airflow/dags/dbt.py
[2026-03-16T13:26:50.805+0000] {processor.py:830} INFO - Processing file /opt/airflow/dags/dbt.py for tasks to queue
[2026-03-16T13:26:50.807+0000] {logging_mixin.py:188} INFO - [2026-03-16T13:26:50.806+0000] {dagbag.py:545} INFO - Filling up the DagBag from /opt/airflow/dags/dbt.py
[2026-03-16T13:26:50.811+0000] {logging_mixin.py:188} INFO - [2026-03-16T13:26:50.810+0000] {dagbag.py:355} ERROR - Failed to import: /opt/airflow/dags/dbt.py
Traceback (most recent call last):
  File "/home/airflow/.local/lib/python3.12/site-packages/airflow/models/dagbag.py", line 351, in parse
    loader.exec_module(new_module)
  File "<frozen importlib._bootstrap_external>", line 995, in exec_module
  File "<frozen importlib._bootstrap>", line 488, in _call_with_frames_removed
  File "/opt/airflow/dags/dbt.py", line 2, in <module>
    from airflow.providers.standard.operators.bash import BashOperator
ModuleNotFoundError: No module named 'airflow.providers.standard'
[2026-03-16T13:26:50.813+0000] {processor.py:842} WARNING - No viable dags retrieved from /opt/airflow/dags/dbt.py
[2026-03-16T13:26:50.830+0000] {processor.py:183} INFO - Processing /opt/airflow/dags/dbt.py took 0.033 seconds
[2026-03-16T13:28:12.593+0000] {processor.py:161} INFO - Started process (PID=5520) to work on /opt/airflow/dags/dbt.py
[2026-03-16T13:28:12.594+0000] {processor.py:830} INFO - Processing file /opt/airflow/dags/dbt.py for tasks to queue
[2026-03-16T13:28:12.599+0000] {logging_mixin.py:188} INFO - [2026-03-16T13:28:12.598+0000] {dagbag.py:545} INFO - Filling up the DagBag from /opt/airflow/dags/dbt.py
[2026-03-16T13:28:12.607+0000] {logging_mixin.py:188} INFO - [2026-03-16T13:28:12.603+0000] {dagbag.py:355} ERROR - Failed to import: /opt/airflow/dags/dbt.py
Traceback (most recent call last):
  File "/home/airflow/.local/lib/python3.12/site-packages/airflow/models/dagbag.py", line 351, in parse
    loader.exec_module(new_module)
  File "<frozen importlib._bootstrap_external>", line 995, in exec_module
  File "<frozen importlib._bootstrap>", line 488, in _call_with_frames_removed
  File "/opt/airflow/dags/dbt.py", line 2, in <module>
    from airflow.providers.standard.operators.bash import BashOperator
ModuleNotFoundError: No module named 'airflow.providers.standard'
[2026-03-16T13:28:12.611+0000] {processor.py:842} WARNING - No viable dags retrieved from /opt/airflow/dags/dbt.py
[2026-03-16T13:28:12.637+0000] {processor.py:183} INFO - Processing /opt/airflow/dags/dbt.py took 0.058 seconds
[2026-03-16T13:28:50.345+0000] {processor.py:161} INFO - Started process (PID=5522) to work on /opt/airflow/dags/dbt.py
[2026-03-16T13:28:50.347+0000] {processor.py:830} INFO - Processing file /opt/airflow/dags/dbt.py for tasks to queue
[2026-03-16T13:28:50.351+0000] {logging_mixin.py:188} INFO - [2026-03-16T13:28:50.350+0000] {dagbag.py:545} INFO - Filling up the DagBag from /opt/airflow/dags/dbt.py
[2026-03-16T13:28:50.357+0000] {logging_mixin.py:188} INFO - [2026-03-16T13:28:50.355+0000] {dagbag.py:355} ERROR - Failed to import: /opt/airflow/dags/dbt.py
Traceback (most recent call last):
  File "/home/airflow/.local/lib/python3.12/site-packages/airflow/models/dagbag.py", line 351, in parse
    loader.exec_module(new_module)
  File "<frozen importlib._bootstrap_external>", line 995, in exec_module
  File "<frozen importlib._bootstrap>", line 488, in _call_with_frames_removed
  File "/opt/airflow/dags/dbt.py", line 2, in <module>
    from airflow.providers.standard.operators.bash import BashOperator
ModuleNotFoundError: No module named 'airflow.providers.standard'
[2026-03-16T13:28:50.358+0000] {processor.py:842} WARNING - No viable dags retrieved from /opt/airflow/dags/dbt.py
[2026-03-16T13:28:50.382+0000] {processor.py:183} INFO - Processing /opt/airflow/dags/dbt.py took 0.047 seconds
[2026-03-16T13:29:20.851+0000] {processor.py:161} INFO - Started process (PID=5524) to work on /opt/airflow/dags/dbt.py
[2026-03-16T13:29:20.854+0000] {processor.py:830} INFO - Processing file /opt/airflow/dags/dbt.py for tasks to queue
[2026-03-16T13:29:20.859+0000] {logging_mixin.py:188} INFO - [2026-03-16T13:29:20.858+0000] {dagbag.py:545} INFO - Filling up the DagBag from /opt/airflow/dags/dbt.py
[2026-03-16T13:29:20.870+0000] {logging_mixin.py:188} INFO - [2026-03-16T13:29:20.867+0000] {dagbag.py:355} ERROR - Failed to import: /opt/airflow/dags/dbt.py
Traceback (most recent call last):
  File "/home/airflow/.local/lib/python3.12/site-packages/airflow/models/dagbag.py", line 351, in parse
    loader.exec_module(new_module)
  File "<frozen importlib._bootstrap_external>", line 995, in exec_module
  File "<frozen importlib._bootstrap>", line 488, in _call_with_frames_removed
  File "/opt/airflow/dags/dbt.py", line 2, in <module>
    from airflow.providers.standard.operators.bash import BashOperator
ModuleNotFoundError: No module named 'airflow.providers.standard'
[2026-03-16T13:29:20.871+0000] {processor.py:842} WARNING - No viable dags retrieved from /opt/airflow/dags/dbt.py
[2026-03-16T13:29:20.911+0000] {processor.py:183} INFO - Processing /opt/airflow/dags/dbt.py took 0.094 seconds
[2026-03-16T13:45:16.126+0000] {processor.py:161} INFO - Started process (PID=5526) to work on /opt/airflow/dags/dbt.py
[2026-03-16T13:45:16.129+0000] {processor.py:830} INFO - Processing file /opt/airflow/dags/dbt.py for tasks to queue
[2026-03-16T13:45:16.133+0000] {logging_mixin.py:188} INFO - [2026-03-16T13:45:16.133+0000] {dagbag.py:545} INFO - Filling up the DagBag from /opt/airflow/dags/dbt.py
[2026-03-16T13:45:16.144+0000] {logging_mixin.py:188} INFO - [2026-03-16T13:45:16.140+0000] {dagbag.py:355} ERROR - Failed to import: /opt/airflow/dags/dbt.py
Traceback (most recent call last):
  File "/home/airflow/.local/lib/python3.12/site-packages/airflow/models/dagbag.py", line 351, in parse
    loader.exec_module(new_module)
  File "<frozen importlib._bootstrap_external>", line 995, in exec_module
  File "<frozen importlib._bootstrap>", line 488, in _call_with_frames_removed
  File "/opt/airflow/dags/dbt.py", line 2, in <module>
    from airflow.providers.standard.operators.bash import BashOperator
ModuleNotFoundError: No module named 'airflow.providers.standard'
[2026-03-16T13:45:16.146+0000] {processor.py:842} WARNING - No viable dags retrieved from /opt/airflow/dags/dbt.py
[2026-03-16T13:45:16.189+0000] {processor.py:183} INFO - Processing /opt/airflow/dags/dbt.py took 0.080 seconds
[2026-03-16T14:01:10.610+0000] {processor.py:161} INFO - Started process (PID=5528) to work on /opt/airflow/dags/dbt.py
[2026-03-16T14:01:10.612+0000] {processor.py:830} INFO - Processing file /opt/airflow/dags/dbt.py for tasks to queue
[2026-03-16T14:01:10.616+0000] {logging_mixin.py:188} INFO - [2026-03-16T14:01:10.615+0000] {dagbag.py:545} INFO - Filling up the DagBag from /opt/airflow/dags/dbt.py
[2026-03-16T14:01:10.623+0000] {logging_mixin.py:188} INFO - [2026-03-16T14:01:10.621+0000] {dagbag.py:355} ERROR - Failed to import: /opt/airflow/dags/dbt.py
Traceback (most recent call last):
  File "/home/airflow/.local/lib/python3.12/site-packages/airflow/models/dagbag.py", line 351, in parse
    loader.exec_module(new_module)
  File "<frozen importlib._bootstrap_external>", line 995, in exec_module
  File "<frozen importlib._bootstrap>", line 488, in _call_with_frames_removed
  File "/opt/airflow/dags/dbt.py", line 2, in <module>
    from airflow.providers.standard.operators.bash import BashOperator
ModuleNotFoundError: No module named 'airflow.providers.standard'
[2026-03-16T14:01:10.624+0000] {processor.py:842} WARNING - No viable dags retrieved from /opt/airflow/dags/dbt.py
[2026-03-16T14:01:10.652+0000] {processor.py:183} INFO - Processing /opt/airflow/dags/dbt.py took 0.053 seconds
[2026-03-16T14:01:41.136+0000] {processor.py:161} INFO - Started process (PID=5530) to work on /opt/airflow/dags/dbt.py
[2026-03-16T14:01:41.138+0000] {processor.py:830} INFO - Processing file /opt/airflow/dags/dbt.py for tasks to queue
[2026-03-16T14:01:41.144+0000] {logging_mixin.py:188} INFO - [2026-03-16T14:01:41.143+0000] {dagbag.py:545} INFO - Filling up the DagBag from /opt/airflow/dags/dbt.py
[2026-03-16T14:01:41.154+0000] {logging_mixin.py:188} INFO - [2026-03-16T14:01:41.149+0000] {dagbag.py:355} ERROR - Failed to import: /opt/airflow/dags/dbt.py
Traceback (most recent call last):
  File "/home/airflow/.local/lib/python3.12/site-packages/airflow/models/dagbag.py", line 351, in parse
    loader.exec_module(new_module)
  File "<frozen importlib._bootstrap_external>", line 995, in exec_module
  File "<frozen importlib._bootstrap>", line 488, in _call_with_frames_removed
  File "/opt/airflow/dags/dbt.py", line 2, in <module>
    from airflow.providers.standard.operators.bash import BashOperator
ModuleNotFoundError: No module named 'airflow.providers.standard'
[2026-03-16T14:01:41.156+0000] {processor.py:842} WARNING - No viable dags retrieved from /opt/airflow/dags/dbt.py
[2026-03-16T14:01:41.196+0000] {processor.py:183} INFO - Processing /opt/airflow/dags/dbt.py took 0.083 seconds
[2026-03-16T14:05:27.663+0000] {processor.py:161} INFO - Started process (PID=5532) to work on /opt/airflow/dags/dbt.py
[2026-03-16T14:05:27.665+0000] {processor.py:830} INFO - Processing file /opt/airflow/dags/dbt.py for tasks to queue
[2026-03-16T14:05:27.670+0000] {logging_mixin.py:188} INFO - [2026-03-16T14:05:27.669+0000] {dagbag.py:545} INFO - Filling up the DagBag from /opt/airflow/dags/dbt.py
[2026-03-16T14:05:27.678+0000] {logging_mixin.py:188} INFO - [2026-03-16T14:05:27.676+0000] {dagbag.py:355} ERROR - Failed to import: /opt/airflow/dags/dbt.py
Traceback (most recent call last):
  File "/home/airflow/.local/lib/python3.12/site-packages/airflow/models/dagbag.py", line 351, in parse
    loader.exec_module(new_module)
  File "<frozen importlib._bootstrap_external>", line 995, in exec_module
  File "<frozen importlib._bootstrap>", line 488, in _call_with_frames_removed
  File "/opt/airflow/dags/dbt.py", line 2, in <module>
    from airflow.providers.standard.operators.bash import BashOperator
ModuleNotFoundError: No module named 'airflow.providers.standard'
[2026-03-16T14:05:27.679+0000] {processor.py:842} WARNING - No viable dags retrieved from /opt/airflow/dags/dbt.py
[2026-03-16T14:05:27.705+0000] {processor.py:183} INFO - Processing /opt/airflow/dags/dbt.py took 0.057 seconds
[2026-03-16T14:05:58.080+0000] {processor.py:161} INFO - Started process (PID=5534) to work on /opt/airflow/dags/dbt.py
[2026-03-16T14:05:58.081+0000] {processor.py:830} INFO - Processing file /opt/airflow/dags/dbt.py for tasks to queue
[2026-03-16T14:05:58.084+0000] {logging_mixin.py:188} INFO - [2026-03-16T14:05:58.083+0000] {dagbag.py:545} INFO - Filling up the DagBag from /opt/airflow/dags/dbt.py
[2026-03-16T14:05:58.088+0000] {logging_mixin.py:188} INFO - [2026-03-16T14:05:58.087+0000] {dagbag.py:355} ERROR - Failed to import: /opt/airflow/dags/dbt.py
Traceback (most recent call last):
  File "/home/airflow/.local/lib/python3.12/site-packages/airflow/models/dagbag.py", line 351, in parse
    loader.exec_module(new_module)
  File "<frozen importlib._bootstrap_external>", line 995, in exec_module
  File "<frozen importlib._bootstrap>", line 488, in _call_with_frames_removed
  File "/opt/airflow/dags/dbt.py", line 2, in <module>
    from airflow.providers.standard.operators.bash import BashOperator
ModuleNotFoundError: No module named 'airflow.providers.standard'
[2026-03-16T14:05:58.089+0000] {processor.py:842} WARNING - No viable dags retrieved from /opt/airflow/dags/dbt.py
[2026-03-16T14:05:58.108+0000] {processor.py:183} INFO - Processing /opt/airflow/dags/dbt.py took 0.035 seconds
[2026-03-16T14:21:54.203+0000] {processor.py:161} INFO - Started process (PID=5536) to work on /opt/airflow/dags/dbt.py
[2026-03-16T14:21:54.206+0000] {processor.py:830} INFO - Processing file /opt/airflow/dags/dbt.py for tasks to queue
[2026-03-16T14:21:54.210+0000] {logging_mixin.py:188} INFO - [2026-03-16T14:21:54.210+0000] {dagbag.py:545} INFO - Filling up the DagBag from /opt/airflow/dags/dbt.py
[2026-03-16T14:21:54.219+0000] {logging_mixin.py:188} INFO - [2026-03-16T14:21:54.215+0000] {dagbag.py:355} ERROR - Failed to import: /opt/airflow/dags/dbt.py
Traceback (most recent call last):
  File "/home/airflow/.local/lib/python3.12/site-packages/airflow/models/dagbag.py", line 351, in parse
    loader.exec_module(new_module)
  File "<frozen importlib._bootstrap_external>", line 995, in exec_module
  File "<frozen importlib._bootstrap>", line 488, in _call_with_frames_removed
  File "/opt/airflow/dags/dbt.py", line 2, in <module>
    from airflow.providers.standard.operators.bash import BashOperator
ModuleNotFoundError: No module named 'airflow.providers.standard'
[2026-03-16T14:21:54.225+0000] {processor.py:842} WARNING - No viable dags retrieved from /opt/airflow/dags/dbt.py
[2026-03-16T14:21:54.253+0000] {processor.py:183} INFO - Processing /opt/airflow/dags/dbt.py took 0.071 seconds
[2026-03-16T14:37:48.805+0000] {processor.py:161} INFO - Started process (PID=5538) to work on /opt/airflow/dags/dbt.py
[2026-03-16T14:37:48.807+0000] {processor.py:830} INFO - Processing file /opt/airflow/dags/dbt.py for tasks to queue
[2026-03-16T14:37:48.810+0000] {logging_mixin.py:188} INFO - [2026-03-16T14:37:48.810+0000] {dagbag.py:545} INFO - Filling up the DagBag from /opt/airflow/dags/dbt.py
[2026-03-16T14:37:48.819+0000] {logging_mixin.py:188} INFO - [2026-03-16T14:37:48.817+0000] {dagbag.py:355} ERROR - Failed to import: /opt/airflow/dags/dbt.py
Traceback (most recent call last):
  File "/home/airflow/.local/lib/python3.12/site-packages/airflow/models/dagbag.py", line 351, in parse
    loader.exec_module(new_module)
  File "<frozen importlib._bootstrap_external>", line 995, in exec_module
  File "<frozen importlib._bootstrap>", line 488, in _call_with_frames_removed
  File "/opt/airflow/dags/dbt.py", line 2, in <module>
    from airflow.providers.standard.operators.bash import BashOperator
ModuleNotFoundError: No module named 'airflow.providers.standard'
[2026-03-16T14:37:48.819+0000] {processor.py:842} WARNING - No viable dags retrieved from /opt/airflow/dags/dbt.py
[2026-03-16T14:37:48.843+0000] {processor.py:183} INFO - Processing /opt/airflow/dags/dbt.py took 0.050 seconds
[2026-03-16T14:38:19.313+0000] {processor.py:161} INFO - Started process (PID=5540) to work on /opt/airflow/dags/dbt.py
[2026-03-16T14:38:19.316+0000] {processor.py:830} INFO - Processing file /opt/airflow/dags/dbt.py for tasks to queue
[2026-03-16T14:38:19.320+0000] {logging_mixin.py:188} INFO - [2026-03-16T14:38:19.319+0000] {dagbag.py:545} INFO - Filling up the DagBag from /opt/airflow/dags/dbt.py
[2026-03-16T14:38:19.330+0000] {logging_mixin.py:188} INFO - [2026-03-16T14:38:19.326+0000] {dagbag.py:355} ERROR - Failed to import: /opt/airflow/dags/dbt.py
Traceback (most recent call last):
  File "/home/airflow/.local/lib/python3.12/site-packages/airflow/models/dagbag.py", line 351, in parse
    loader.exec_module(new_module)
  File "<frozen importlib._bootstrap_external>", line 995, in exec_module
  File "<frozen importlib._bootstrap>", line 488, in _call_with_frames_removed
  File "/opt/airflow/dags/dbt.py", line 2, in <module>
    from airflow.providers.standard.operators.bash import BashOperator
ModuleNotFoundError: No module named 'airflow.providers.standard'
[2026-03-16T14:38:19.331+0000] {processor.py:842} WARNING - No viable dags retrieved from /opt/airflow/dags/dbt.py
[2026-03-16T14:38:19.359+0000] {processor.py:183} INFO - Processing /opt/airflow/dags/dbt.py took 0.073 seconds
[2026-03-16T14:54:23.328+0000] {processor.py:161} INFO - Started process (PID=5542) to work on /opt/airflow/dags/dbt.py
[2026-03-16T14:54:23.329+0000] {processor.py:830} INFO - Processing file /opt/airflow/dags/dbt.py for tasks to queue
[2026-03-16T14:54:23.334+0000] {logging_mixin.py:188} INFO - [2026-03-16T14:54:23.333+0000] {dagbag.py:545} INFO - Filling up the DagBag from /opt/airflow/dags/dbt.py
[2026-03-16T14:54:23.340+0000] {logging_mixin.py:188} INFO - [2026-03-16T14:54:23.338+0000] {dagbag.py:355} ERROR - Failed to import: /opt/airflow/dags/dbt.py
Traceback (most recent call last):
  File "/home/airflow/.local/lib/python3.12/site-packages/airflow/models/dagbag.py", line 351, in parse
    loader.exec_module(new_module)
  File "<frozen importlib._bootstrap_external>", line 995, in exec_module
  File "<frozen importlib._bootstrap>", line 488, in _call_with_frames_removed
  File "/opt/airflow/dags/dbt.py", line 2, in <module>
    from airflow.providers.standard.operators.bash import BashOperator
ModuleNotFoundError: No module named 'airflow.providers.standard'
[2026-03-16T14:54:23.340+0000] {processor.py:842} WARNING - No viable dags retrieved from /opt/airflow/dags/dbt.py
[2026-03-16T14:54:23.370+0000] {processor.py:183} INFO - Processing /opt/airflow/dags/dbt.py took 0.055 seconds
[2026-03-16T15:06:13.720+0000] {processor.py:161} INFO - Started process (PID=5544) to work on /opt/airflow/dags/dbt.py
[2026-03-16T15:06:13.722+0000] {processor.py:830} INFO - Processing file /opt/airflow/dags/dbt.py for tasks to queue
[2026-03-16T15:06:13.727+0000] {logging_mixin.py:188} INFO - [2026-03-16T15:06:13.727+0000] {dagbag.py:545} INFO - Filling up the DagBag from /opt/airflow/dags/dbt.py
[2026-03-16T15:06:13.738+0000] {logging_mixin.py:188} INFO - [2026-03-16T15:06:13.737+0000] {dagbag.py:355} ERROR - Failed to import: /opt/airflow/dags/dbt.py
Traceback (most recent call last):
  File "/home/airflow/.local/lib/python3.12/site-packages/airflow/models/dagbag.py", line 351, in parse
    loader.exec_module(new_module)
  File "<frozen importlib._bootstrap_external>", line 995, in exec_module
  File "<frozen importlib._bootstrap>", line 488, in _call_with_frames_removed
  File "/opt/airflow/dags/dbt.py", line 2, in <module>
    from airflow.providers.standard.operators.bash import BashOperator
ModuleNotFoundError: No module named 'airflow.providers.standard'
[2026-03-16T15:06:13.738+0000] {processor.py:842} WARNING - No viable dags retrieved from /opt/airflow/dags/dbt.py
[2026-03-16T15:06:13.768+0000] {processor.py:183} INFO - Processing /opt/airflow/dags/dbt.py took 0.072 seconds
[2026-03-16T15:06:44.207+0000] {processor.py:161} INFO - Started process (PID=5546) to work on /opt/airflow/dags/dbt.py
[2026-03-16T15:06:44.209+0000] {processor.py:830} INFO - Processing file /opt/airflow/dags/dbt.py for tasks to queue
[2026-03-16T15:06:44.215+0000] {logging_mixin.py:188} INFO - [2026-03-16T15:06:44.215+0000] {dagbag.py:545} INFO - Filling up the DagBag from /opt/airflow/dags/dbt.py
[2026-03-16T15:06:44.222+0000] {logging_mixin.py:188} INFO - [2026-03-16T15:06:44.220+0000] {dagbag.py:355} ERROR - Failed to import: /opt/airflow/dags/dbt.py
Traceback (most recent call last):
  File "/home/airflow/.local/lib/python3.12/site-packages/airflow/models/dagbag.py", line 351, in parse
    loader.exec_module(new_module)
  File "<frozen importlib._bootstrap_external>", line 995, in exec_module
  File "<frozen importlib._bootstrap>", line 488, in _call_with_frames_removed
  File "/opt/airflow/dags/dbt.py", line 2, in <module>
    from airflow.providers.standard.operators.bash import BashOperator
ModuleNotFoundError: No module named 'airflow.providers.standard'
[2026-03-16T15:06:44.223+0000] {processor.py:842} WARNING - No viable dags retrieved from /opt/airflow/dags/dbt.py
[2026-03-16T15:06:44.257+0000] {processor.py:183} INFO - Processing /opt/airflow/dags/dbt.py took 0.071 seconds
[2026-03-16T15:22:39.446+0000] {processor.py:161} INFO - Started process (PID=5548) to work on /opt/airflow/dags/dbt.py
[2026-03-16T15:22:39.447+0000] {processor.py:830} INFO - Processing file /opt/airflow/dags/dbt.py for tasks to queue
[2026-03-16T15:22:39.452+0000] {logging_mixin.py:188} INFO - [2026-03-16T15:22:39.451+0000] {dagbag.py:545} INFO - Filling up the DagBag from /opt/airflow/dags/dbt.py
[2026-03-16T15:22:39.461+0000] {logging_mixin.py:188} INFO - [2026-03-16T15:22:39.457+0000] {dagbag.py:355} ERROR - Failed to import: /opt/airflow/dags/dbt.py
Traceback (most recent call last):
  File "/home/airflow/.local/lib/python3.12/site-packages/airflow/models/dagbag.py", line 351, in parse
    loader.exec_module(new_module)
  File "<frozen importlib._bootstrap_external>", line 995, in exec_module
  File "<frozen importlib._bootstrap>", line 488, in _call_with_frames_removed
  File "/opt/airflow/dags/dbt.py", line 2, in <module>
    from airflow.providers.standard.operators.bash import BashOperator
ModuleNotFoundError: No module named 'airflow.providers.standard'
[2026-03-16T15:22:39.464+0000] {processor.py:842} WARNING - No viable dags retrieved from /opt/airflow/dags/dbt.py
[2026-03-16T15:22:39.485+0000] {processor.py:183} INFO - Processing /opt/airflow/dags/dbt.py took 0.056 seconds
[2026-03-16T15:38:35.584+0000] {processor.py:161} INFO - Started process (PID=5550) to work on /opt/airflow/dags/dbt.py
[2026-03-16T15:38:35.585+0000] {processor.py:830} INFO - Processing file /opt/airflow/dags/dbt.py for tasks to queue
[2026-03-16T15:38:35.592+0000] {logging_mixin.py:188} INFO - [2026-03-16T15:38:35.592+0000] {dagbag.py:545} INFO - Filling up the DagBag from /opt/airflow/dags/dbt.py
[2026-03-16T15:38:35.600+0000] {logging_mixin.py:188} INFO - [2026-03-16T15:38:35.598+0000] {dagbag.py:355} ERROR - Failed to import: /opt/airflow/dags/dbt.py
Traceback (most recent call last):
  File "/home/airflow/.local/lib/python3.12/site-packages/airflow/models/dagbag.py", line 351, in parse
    loader.exec_module(new_module)
  File "<frozen importlib._bootstrap_external>", line 995, in exec_module
  File "<frozen importlib._bootstrap>", line 488, in _call_with_frames_removed
  File "/opt/airflow/dags/dbt.py", line 2, in <module>
    from airflow.providers.standard.operators.bash import BashOperator
ModuleNotFoundError: No module named 'airflow.providers.standard'
[2026-03-16T15:38:35.601+0000] {processor.py:842} WARNING - No viable dags retrieved from /opt/airflow/dags/dbt.py
[2026-03-16T15:38:35.627+0000] {processor.py:183} INFO - Processing /opt/airflow/dags/dbt.py took 0.062 seconds
[2026-03-16T15:54:31.761+0000] {processor.py:161} INFO - Started process (PID=5552) to work on /opt/airflow/dags/dbt.py
[2026-03-16T15:54:31.762+0000] {processor.py:830} INFO - Processing file /opt/airflow/dags/dbt.py for tasks to queue
[2026-03-16T15:54:31.768+0000] {logging_mixin.py:188} INFO - [2026-03-16T15:54:31.766+0000] {dagbag.py:545} INFO - Filling up the DagBag from /opt/airflow/dags/dbt.py
[2026-03-16T15:54:31.777+0000] {logging_mixin.py:188} INFO - [2026-03-16T15:54:31.774+0000] {dagbag.py:355} ERROR - Failed to import: /opt/airflow/dags/dbt.py
Traceback (most recent call last):
  File "/home/airflow/.local/lib/python3.12/site-packages/airflow/models/dagbag.py", line 351, in parse
    loader.exec_module(new_module)
  File "<frozen importlib._bootstrap_external>", line 995, in exec_module
  File "<frozen importlib._bootstrap>", line 488, in _call_with_frames_removed
  File "/opt/airflow/dags/dbt.py", line 2, in <module>
    from airflow.providers.standard.operators.bash import BashOperator
ModuleNotFoundError: No module named 'airflow.providers.standard'
[2026-03-16T15:54:31.778+0000] {processor.py:842} WARNING - No viable dags retrieved from /opt/airflow/dags/dbt.py
[2026-03-16T15:54:31.806+0000] {processor.py:183} INFO - Processing /opt/airflow/dags/dbt.py took 0.066 seconds
[2026-03-16T15:55:02.287+0000] {processor.py:161} INFO - Started process (PID=5554) to work on /opt/airflow/dags/dbt.py
[2026-03-16T15:55:02.288+0000] {processor.py:830} INFO - Processing file /opt/airflow/dags/dbt.py for tasks to queue
[2026-03-16T15:55:02.293+0000] {logging_mixin.py:188} INFO - [2026-03-16T15:55:02.292+0000] {dagbag.py:545} INFO - Filling up the DagBag from /opt/airflow/dags/dbt.py
[2026-03-16T15:55:02.301+0000] {logging_mixin.py:188} INFO - [2026-03-16T15:55:02.300+0000] {dagbag.py:355} ERROR - Failed to import: /opt/airflow/dags/dbt.py
Traceback (most recent call last):
  File "/home/airflow/.local/lib/python3.12/site-packages/airflow/models/dagbag.py", line 351, in parse
    loader.exec_module(new_module)
  File "<frozen importlib._bootstrap_external>", line 995, in exec_module
  File "<frozen importlib._bootstrap>", line 488, in _call_with_frames_removed
  File "/opt/airflow/dags/dbt.py", line 2, in <module>
    from airflow.providers.standard.operators.bash import BashOperator
ModuleNotFoundError: No module named 'airflow.providers.standard'
[2026-03-16T15:55:02.302+0000] {processor.py:842} WARNING - No viable dags retrieved from /opt/airflow/dags/dbt.py
[2026-03-16T15:55:02.340+0000] {processor.py:183} INFO - Processing /opt/airflow/dags/dbt.py took 0.079 seconds
[2026-03-16T16:07:29.856+0000] {processor.py:161} INFO - Started process (PID=5556) to work on /opt/airflow/dags/dbt.py
[2026-03-16T16:07:29.857+0000] {processor.py:830} INFO - Processing file /opt/airflow/dags/dbt.py for tasks to queue
[2026-03-16T16:07:29.861+0000] {logging_mixin.py:188} INFO - [2026-03-16T16:07:29.860+0000] {dagbag.py:545} INFO - Filling up the DagBag from /opt/airflow/dags/dbt.py
[2026-03-16T16:07:29.870+0000] {logging_mixin.py:188} INFO - [2026-03-16T16:07:29.866+0000] {dagbag.py:355} ERROR - Failed to import: /opt/airflow/dags/dbt.py
Traceback (most recent call last):
  File "/home/airflow/.local/lib/python3.12/site-packages/airflow/models/dagbag.py", line 351, in parse
    loader.exec_module(new_module)
  File "<frozen importlib._bootstrap_external>", line 995, in exec_module
  File "<frozen importlib._bootstrap>", line 488, in _call_with_frames_removed
  File "/opt/airflow/dags/dbt.py", line 2, in <module>
    from airflow.providers.standard.operators.bash import BashOperator
ModuleNotFoundError: No module named 'airflow.providers.standard'
[2026-03-16T16:07:29.872+0000] {processor.py:842} WARNING - No viable dags retrieved from /opt/airflow/dags/dbt.py
[2026-03-16T16:07:29.900+0000] {processor.py:183} INFO - Processing /opt/airflow/dags/dbt.py took 0.063 seconds
[2026-03-16T16:08:00.351+0000] {processor.py:161} INFO - Started process (PID=5558) to work on /opt/airflow/dags/dbt.py
[2026-03-16T16:08:00.352+0000] {processor.py:830} INFO - Processing file /opt/airflow/dags/dbt.py for tasks to queue
[2026-03-16T16:08:00.356+0000] {logging_mixin.py:188} INFO - [2026-03-16T16:08:00.356+0000] {dagbag.py:545} INFO - Filling up the DagBag from /opt/airflow/dags/dbt.py
[2026-03-16T16:08:00.366+0000] {logging_mixin.py:188} INFO - [2026-03-16T16:08:00.364+0000] {dagbag.py:355} ERROR - Failed to import: /opt/airflow/dags/dbt.py
Traceback (most recent call last):
  File "/home/airflow/.local/lib/python3.12/site-packages/airflow/models/dagbag.py", line 351, in parse
    loader.exec_module(new_module)
  File "<frozen importlib._bootstrap_external>", line 995, in exec_module
  File "<frozen importlib._bootstrap>", line 488, in _call_with_frames_removed
  File "/opt/airflow/dags/dbt.py", line 2, in <module>
    from airflow.providers.standard.operators.bash import BashOperator
ModuleNotFoundError: No module named 'airflow.providers.standard'
[2026-03-16T16:08:00.368+0000] {processor.py:842} WARNING - No viable dags retrieved from /opt/airflow/dags/dbt.py
[2026-03-16T16:08:00.587+0000] {processor.py:183} INFO - Processing /opt/airflow/dags/dbt.py took 0.260 seconds
[2026-03-16T16:23:53.905+0000] {processor.py:161} INFO - Started process (PID=5560) to work on /opt/airflow/dags/dbt.py
[2026-03-16T16:23:53.907+0000] {processor.py:830} INFO - Processing file /opt/airflow/dags/dbt.py for tasks to queue
[2026-03-16T16:23:53.913+0000] {logging_mixin.py:188} INFO - [2026-03-16T16:23:53.912+0000] {dagbag.py:545} INFO - Filling up the DagBag from /opt/airflow/dags/dbt.py
[2026-03-16T16:23:53.923+0000] {logging_mixin.py:188} INFO - [2026-03-16T16:23:53.918+0000] {dagbag.py:355} ERROR - Failed to import: /opt/airflow/dags/dbt.py
Traceback (most recent call last):
  File "/home/airflow/.local/lib/python3.12/site-packages/airflow/models/dagbag.py", line 351, in parse
    loader.exec_module(new_module)
  File "<frozen importlib._bootstrap_external>", line 995, in exec_module
  File "<frozen importlib._bootstrap>", line 488, in _call_with_frames_removed
  File "/opt/airflow/dags/dbt.py", line 2, in <module>
    from airflow.providers.standard.operators.bash import BashOperator
ModuleNotFoundError: No module named 'airflow.providers.standard'
[2026-03-16T16:23:53.923+0000] {processor.py:842} WARNING - No viable dags retrieved from /opt/airflow/dags/dbt.py
[2026-03-16T16:23:53.947+0000] {processor.py:183} INFO - Processing /opt/airflow/dags/dbt.py took 0.058 seconds
[2026-03-16T16:39:50.131+0000] {processor.py:161} INFO - Started process (PID=5562) to work on /opt/airflow/dags/dbt.py
[2026-03-16T16:39:50.132+0000] {processor.py:830} INFO - Processing file /opt/airflow/dags/dbt.py for tasks to queue
[2026-03-16T16:39:50.137+0000] {logging_mixin.py:188} INFO - [2026-03-16T16:39:50.136+0000] {dagbag.py:545} INFO - Filling up the DagBag from /opt/airflow/dags/dbt.py
[2026-03-16T16:39:50.142+0000] {logging_mixin.py:188} INFO - [2026-03-16T16:39:50.141+0000] {dagbag.py:355} ERROR - Failed to import: /opt/airflow/dags/dbt.py
Traceback (most recent call last):
  File "/home/airflow/.local/lib/python3.12/site-packages/airflow/models/dagbag.py", line 351, in parse
    loader.exec_module(new_module)
  File "<frozen importlib._bootstrap_external>", line 995, in exec_module
  File "<frozen importlib._bootstrap>", line 488, in _call_with_frames_removed
  File "/opt/airflow/dags/dbt.py", line 2, in <module>
    from airflow.providers.standard.operators.bash import BashOperator
ModuleNotFoundError: No module named 'airflow.providers.standard'
[2026-03-16T16:39:50.143+0000] {processor.py:842} WARNING - No viable dags retrieved from /opt/airflow/dags/dbt.py
[2026-03-16T16:39:50.161+0000] {processor.py:183} INFO - Processing /opt/airflow/dags/dbt.py took 0.044 seconds
[2026-03-16T16:40:20.621+0000] {processor.py:161} INFO - Started process (PID=5564) to work on /opt/airflow/dags/dbt.py
[2026-03-16T16:40:20.624+0000] {processor.py:830} INFO - Processing file /opt/airflow/dags/dbt.py for tasks to queue
[2026-03-16T16:40:20.627+0000] {logging_mixin.py:188} INFO - [2026-03-16T16:40:20.626+0000] {dagbag.py:545} INFO - Filling up the DagBag from /opt/airflow/dags/dbt.py
[2026-03-16T16:40:20.635+0000] {logging_mixin.py:188} INFO - [2026-03-16T16:40:20.633+0000] {dagbag.py:355} ERROR - Failed to import: /opt/airflow/dags/dbt.py
Traceback (most recent call last):
  File "/home/airflow/.local/lib/python3.12/site-packages/airflow/models/dagbag.py", line 351, in parse
    loader.exec_module(new_module)
  File "<frozen importlib._bootstrap_external>", line 995, in exec_module
  File "<frozen importlib._bootstrap>", line 488, in _call_with_frames_removed
  File "/opt/airflow/dags/dbt.py", line 2, in <module>
    from airflow.providers.standard.operators.bash import BashOperator
ModuleNotFoundError: No module named 'airflow.providers.standard'
[2026-03-16T16:40:20.637+0000] {processor.py:842} WARNING - No viable dags retrieved from /opt/airflow/dags/dbt.py
[2026-03-16T16:40:20.660+0000] {processor.py:183} INFO - Processing /opt/airflow/dags/dbt.py took 0.051 seconds
[2026-03-16T16:56:15.838+0000] {processor.py:161} INFO - Started process (PID=5566) to work on /opt/airflow/dags/dbt.py
[2026-03-16T16:56:15.839+0000] {processor.py:830} INFO - Processing file /opt/airflow/dags/dbt.py for tasks to queue
[2026-03-16T16:56:15.844+0000] {logging_mixin.py:188} INFO - [2026-03-16T16:56:15.843+0000] {dagbag.py:545} INFO - Filling up the DagBag from /opt/airflow/dags/dbt.py
[2026-03-16T16:56:15.853+0000] {logging_mixin.py:188} INFO - [2026-03-16T16:56:15.848+0000] {dagbag.py:355} ERROR - Failed to import: /opt/airflow/dags/dbt.py
Traceback (most recent call last):
  File "/home/airflow/.local/lib/python3.12/site-packages/airflow/models/dagbag.py", line 351, in parse
    loader.exec_module(new_module)
  File "<frozen importlib._bootstrap_external>", line 995, in exec_module
  File "<frozen importlib._bootstrap>", line 488, in _call_with_frames_removed
  File "/opt/airflow/dags/dbt.py", line 2, in <module>
    from airflow.providers.standard.operators.bash import BashOperator
ModuleNotFoundError: No module named 'airflow.providers.standard'
[2026-03-16T16:56:15.856+0000] {processor.py:842} WARNING - No viable dags retrieved from /opt/airflow/dags/dbt.py
[2026-03-16T16:56:15.879+0000] {processor.py:183} INFO - Processing /opt/airflow/dags/dbt.py took 0.056 seconds
[2026-03-16T16:58:42.953+0000] {processor.py:161} INFO - Started process (PID=5568) to work on /opt/airflow/dags/dbt.py
[2026-03-16T16:58:42.955+0000] {processor.py:830} INFO - Processing file /opt/airflow/dags/dbt.py for tasks to queue
[2026-03-16T16:58:42.961+0000] {logging_mixin.py:188} INFO - [2026-03-16T16:58:42.959+0000] {dagbag.py:545} INFO - Filling up the DagBag from /opt/airflow/dags/dbt.py
[2026-03-16T16:58:42.972+0000] {logging_mixin.py:188} INFO - [2026-03-16T16:58:42.970+0000] {dagbag.py:355} ERROR - Failed to import: /opt/airflow/dags/dbt.py
Traceback (most recent call last):
  File "/home/airflow/.local/lib/python3.12/site-packages/airflow/models/dagbag.py", line 351, in parse
    loader.exec_module(new_module)
  File "<frozen importlib._bootstrap_external>", line 995, in exec_module
  File "<frozen importlib._bootstrap>", line 488, in _call_with_frames_removed
  File "/opt/airflow/dags/dbt.py", line 2, in <module>
    from airflow.providers.standard.operators.bash import BashOperator
ModuleNotFoundError: No module named 'airflow.providers.standard'
[2026-03-16T16:58:42.972+0000] {processor.py:842} WARNING - No viable dags retrieved from /opt/airflow/dags/dbt.py
[2026-03-16T16:58:42.999+0000] {processor.py:183} INFO - Processing /opt/airflow/dags/dbt.py took 0.068 seconds
[2026-03-16T17:08:21.647+0000] {processor.py:161} INFO - Started process (PID=5570) to work on /opt/airflow/dags/dbt.py
[2026-03-16T17:08:21.648+0000] {processor.py:830} INFO - Processing file /opt/airflow/dags/dbt.py for tasks to queue
[2026-03-16T17:08:21.651+0000] {logging_mixin.py:188} INFO - [2026-03-16T17:08:21.651+0000] {dagbag.py:545} INFO - Filling up the DagBag from /opt/airflow/dags/dbt.py
[2026-03-16T17:08:21.663+0000] {logging_mixin.py:188} INFO - [2026-03-16T17:08:21.661+0000] {dagbag.py:355} ERROR - Failed to import: /opt/airflow/dags/dbt.py
Traceback (most recent call last):
  File "/home/airflow/.local/lib/python3.12/site-packages/airflow/models/dagbag.py", line 351, in parse
    loader.exec_module(new_module)
  File "<frozen importlib._bootstrap_external>", line 995, in exec_module
  File "<frozen importlib._bootstrap>", line 488, in _call_with_frames_removed
  File "/opt/airflow/dags/dbt.py", line 2, in <module>
    from airflow.providers.standard.operators.bash import BashOperator
ModuleNotFoundError: No module named 'airflow.providers.standard'
[2026-03-16T17:08:21.663+0000] {processor.py:842} WARNING - No viable dags retrieved from /opt/airflow/dags/dbt.py
[2026-03-16T17:08:21.691+0000] {processor.py:183} INFO - Processing /opt/airflow/dags/dbt.py took 0.062 seconds
[2026-03-16T17:08:52.159+0000] {processor.py:161} INFO - Started process (PID=5572) to work on /opt/airflow/dags/dbt.py
[2026-03-16T17:08:52.160+0000] {processor.py:830} INFO - Processing file /opt/airflow/dags/dbt.py for tasks to queue
[2026-03-16T17:08:52.162+0000] {logging_mixin.py:188} INFO - [2026-03-16T17:08:52.162+0000] {dagbag.py:545} INFO - Filling up the DagBag from /opt/airflow/dags/dbt.py
[2026-03-16T17:08:52.168+0000] {logging_mixin.py:188} INFO - [2026-03-16T17:08:52.166+0000] {dagbag.py:355} ERROR - Failed to import: /opt/airflow/dags/dbt.py
Traceback (most recent call last):
  File "/home/airflow/.local/lib/python3.12/site-packages/airflow/models/dagbag.py", line 351, in parse
    loader.exec_module(new_module)
  File "<frozen importlib._bootstrap_external>", line 995, in exec_module
  File "<frozen importlib._bootstrap>", line 488, in _call_with_frames_removed
  File "/opt/airflow/dags/dbt.py", line 2, in <module>
    from airflow.providers.standard.operators.bash import BashOperator
ModuleNotFoundError: No module named 'airflow.providers.standard'
[2026-03-16T17:08:52.169+0000] {processor.py:842} WARNING - No viable dags retrieved from /opt/airflow/dags/dbt.py
[2026-03-16T17:08:52.192+0000] {processor.py:183} INFO - Processing /opt/airflow/dags/dbt.py took 0.044 seconds
[2026-03-16T17:09:24.227+0000] {processor.py:161} INFO - Started process (PID=5574) to work on /opt/airflow/dags/dbt.py
[2026-03-16T17:09:24.229+0000] {processor.py:830} INFO - Processing file /opt/airflow/dags/dbt.py for tasks to queue
[2026-03-16T17:09:24.236+0000] {logging_mixin.py:188} INFO - [2026-03-16T17:09:24.234+0000] {dagbag.py:545} INFO - Filling up the DagBag from /opt/airflow/dags/dbt.py
[2026-03-16T17:09:24.246+0000] {logging_mixin.py:188} INFO - [2026-03-16T17:09:24.243+0000] {dagbag.py:355} ERROR - Failed to import: /opt/airflow/dags/dbt.py
Traceback (most recent call last):
  File "/home/airflow/.local/lib/python3.12/site-packages/airflow/models/dagbag.py", line 351, in parse
    loader.exec_module(new_module)
  File "<frozen importlib._bootstrap_external>", line 995, in exec_module
  File "<frozen importlib._bootstrap>", line 488, in _call_with_frames_removed
  File "/opt/airflow/dags/dbt.py", line 2, in <module>
    from airflow.providers.standard.operators.bash import BashOperator
ModuleNotFoundError: No module named 'airflow.providers.standard'
[2026-03-16T17:09:24.246+0000] {processor.py:842} WARNING - No viable dags retrieved from /opt/airflow/dags/dbt.py
[2026-03-16T17:09:24.275+0000] {processor.py:183} INFO - Processing /opt/airflow/dags/dbt.py took 0.067 seconds
[2026-03-16T17:25:19.489+0000] {processor.py:161} INFO - Started process (PID=5576) to work on /opt/airflow/dags/dbt.py
[2026-03-16T17:25:19.490+0000] {processor.py:830} INFO - Processing file /opt/airflow/dags/dbt.py for tasks to queue
[2026-03-16T17:25:19.494+0000] {logging_mixin.py:188} INFO - [2026-03-16T17:25:19.494+0000] {dagbag.py:545} INFO - Filling up the DagBag from /opt/airflow/dags/dbt.py
[2026-03-16T17:25:19.503+0000] {logging_mixin.py:188} INFO - [2026-03-16T17:25:19.498+0000] {dagbag.py:355} ERROR - Failed to import: /opt/airflow/dags/dbt.py
Traceback (most recent call last):
  File "/home/airflow/.local/lib/python3.12/site-packages/airflow/models/dagbag.py", line 351, in parse
    loader.exec_module(new_module)
  File "<frozen importlib._bootstrap_external>", line 995, in exec_module
  File "<frozen importlib._bootstrap>", line 488, in _call_with_frames_removed
  File "/opt/airflow/dags/dbt.py", line 2, in <module>
    from airflow.providers.standard.operators.bash import BashOperator
ModuleNotFoundError: No module named 'airflow.providers.standard'
[2026-03-16T17:25:19.505+0000] {processor.py:842} WARNING - No viable dags retrieved from /opt/airflow/dags/dbt.py
[2026-03-16T17:25:19.526+0000] {processor.py:183} INFO - Processing /opt/airflow/dags/dbt.py took 0.056 seconds
[2026-03-16T17:35:04.873+0000] {processor.py:161} INFO - Started process (PID=5578) to work on /opt/airflow/dags/dbt.py
[2026-03-16T17:35:04.874+0000] {processor.py:830} INFO - Processing file /opt/airflow/dags/dbt.py for tasks to queue
[2026-03-16T17:35:04.882+0000] {logging_mixin.py:188} INFO - [2026-03-16T17:35:04.881+0000] {dagbag.py:545} INFO - Filling up the DagBag from /opt/airflow/dags/dbt.py
[2026-03-16T17:35:04.889+0000] {logging_mixin.py:188} INFO - [2026-03-16T17:35:04.885+0000] {dagbag.py:355} ERROR - Failed to import: /opt/airflow/dags/dbt.py
Traceback (most recent call last):
  File "/home/airflow/.local/lib/python3.12/site-packages/airflow/models/dagbag.py", line 351, in parse
    loader.exec_module(new_module)
  File "<frozen importlib._bootstrap_external>", line 995, in exec_module
  File "<frozen importlib._bootstrap>", line 488, in _call_with_frames_removed
  File "/opt/airflow/dags/dbt.py", line 2, in <module>
    from airflow.providers.standard.operators.bash import BashOperator
ModuleNotFoundError: No module named 'airflow.providers.standard'
[2026-03-16T17:35:04.890+0000] {processor.py:842} WARNING - No viable dags retrieved from /opt/airflow/dags/dbt.py
[2026-03-16T17:35:04.917+0000] {processor.py:183} INFO - Processing /opt/airflow/dags/dbt.py took 0.055 seconds
[2026-03-16T17:35:35.488+0000] {processor.py:161} INFO - Started process (PID=5580) to work on /opt/airflow/dags/dbt.py
[2026-03-16T17:35:35.490+0000] {processor.py:830} INFO - Processing file /opt/airflow/dags/dbt.py for tasks to queue
[2026-03-16T17:35:35.498+0000] {logging_mixin.py:188} INFO - [2026-03-16T17:35:35.497+0000] {dagbag.py:545} INFO - Filling up the DagBag from /opt/airflow/dags/dbt.py
[2026-03-16T17:35:35.509+0000] {logging_mixin.py:188} INFO - [2026-03-16T17:35:35.505+0000] {dagbag.py:355} ERROR - Failed to import: /opt/airflow/dags/dbt.py
Traceback (most recent call last):
  File "/home/airflow/.local/lib/python3.12/site-packages/airflow/models/dagbag.py", line 351, in parse
    loader.exec_module(new_module)
  File "<frozen importlib._bootstrap_external>", line 995, in exec_module
  File "<frozen importlib._bootstrap>", line 488, in _call_with_frames_removed
  File "/opt/airflow/dags/dbt.py", line 2, in <module>
    from airflow.providers.standard.operators.bash import BashOperator
ModuleNotFoundError: No module named 'airflow.providers.standard'
[2026-03-16T17:35:35.509+0000] {processor.py:842} WARNING - No viable dags retrieved from /opt/airflow/dags/dbt.py
[2026-03-16T17:35:35.548+0000] {processor.py:183} INFO - Processing /opt/airflow/dags/dbt.py took 0.088 seconds
[2026-03-16T17:51:29.884+0000] {processor.py:161} INFO - Started process (PID=5582) to work on /opt/airflow/dags/dbt.py
[2026-03-16T17:51:29.887+0000] {processor.py:830} INFO - Processing file /opt/airflow/dags/dbt.py for tasks to queue
[2026-03-16T17:51:29.892+0000] {logging_mixin.py:188} INFO - [2026-03-16T17:51:29.891+0000] {dagbag.py:545} INFO - Filling up the DagBag from /opt/airflow/dags/dbt.py
[2026-03-16T17:51:29.902+0000] {logging_mixin.py:188} INFO - [2026-03-16T17:51:29.897+0000] {dagbag.py:355} ERROR - Failed to import: /opt/airflow/dags/dbt.py
Traceback (most recent call last):
  File "/home/airflow/.local/lib/python3.12/site-packages/airflow/models/dagbag.py", line 351, in parse
    loader.exec_module(new_module)
  File "<frozen importlib._bootstrap_external>", line 995, in exec_module
  File "<frozen importlib._bootstrap>", line 488, in _call_with_frames_removed
  File "/opt/airflow/dags/dbt.py", line 2, in <module>
    from airflow.providers.standard.operators.bash import BashOperator
ModuleNotFoundError: No module named 'airflow.providers.standard'
[2026-03-16T17:51:29.904+0000] {processor.py:842} WARNING - No viable dags retrieved from /opt/airflow/dags/dbt.py
[2026-03-16T17:51:29.925+0000] {processor.py:183} INFO - Processing /opt/airflow/dags/dbt.py took 0.058 seconds
[2026-03-16T18:07:25.059+0000] {processor.py:161} INFO - Started process (PID=5584) to work on /opt/airflow/dags/dbt.py
[2026-03-16T18:07:25.060+0000] {processor.py:830} INFO - Processing file /opt/airflow/dags/dbt.py for tasks to queue
[2026-03-16T18:07:25.067+0000] {logging_mixin.py:188} INFO - [2026-03-16T18:07:25.066+0000] {dagbag.py:545} INFO - Filling up the DagBag from /opt/airflow/dags/dbt.py
[2026-03-16T18:07:25.073+0000] {logging_mixin.py:188} INFO - [2026-03-16T18:07:25.071+0000] {dagbag.py:355} ERROR - Failed to import: /opt/airflow/dags/dbt.py
Traceback (most recent call last):
  File "/home/airflow/.local/lib/python3.12/site-packages/airflow/models/dagbag.py", line 351, in parse
    loader.exec_module(new_module)
  File "<frozen importlib._bootstrap_external>", line 995, in exec_module
  File "<frozen importlib._bootstrap>", line 488, in _call_with_frames_removed
  File "/opt/airflow/dags/dbt.py", line 2, in <module>
    from airflow.providers.standard.operators.bash import BashOperator
ModuleNotFoundError: No module named 'airflow.providers.standard'
[2026-03-16T18:07:25.074+0000] {processor.py:842} WARNING - No viable dags retrieved from /opt/airflow/dags/dbt.py
[2026-03-16T18:07:25.108+0000] {processor.py:183} INFO - Processing /opt/airflow/dags/dbt.py took 0.069 seconds
[2026-03-16T18:07:55.599+0000] {processor.py:161} INFO - Started process (PID=5586) to work on /opt/airflow/dags/dbt.py
[2026-03-16T18:07:55.601+0000] {processor.py:830} INFO - Processing file /opt/airflow/dags/dbt.py for tasks to queue
[2026-03-16T18:07:55.609+0000] {logging_mixin.py:188} INFO - [2026-03-16T18:07:55.608+0000] {dagbag.py:545} INFO - Filling up the DagBag from /opt/airflow/dags/dbt.py
[2026-03-16T18:07:55.616+0000] {logging_mixin.py:188} INFO - [2026-03-16T18:07:55.615+0000] {dagbag.py:355} ERROR - Failed to import: /opt/airflow/dags/dbt.py
Traceback (most recent call last):
  File "/home/airflow/.local/lib/python3.12/site-packages/airflow/models/dagbag.py", line 351, in parse
    loader.exec_module(new_module)
  File "<frozen importlib._bootstrap_external>", line 995, in exec_module
  File "<frozen importlib._bootstrap>", line 488, in _call_with_frames_removed
  File "/opt/airflow/dags/dbt.py", line 2, in <module>
    from airflow.providers.standard.operators.bash import BashOperator
ModuleNotFoundError: No module named 'airflow.providers.standard'
[2026-03-16T18:07:55.618+0000] {processor.py:842} WARNING - No viable dags retrieved from /opt/airflow/dags/dbt.py
[2026-03-16T18:07:55.657+0000] {processor.py:183} INFO - Processing /opt/airflow/dags/dbt.py took 0.078 seconds
[2026-03-16T18:09:33.851+0000] {processor.py:161} INFO - Started process (PID=5588) to work on /opt/airflow/dags/dbt.py
[2026-03-16T18:09:33.856+0000] {processor.py:830} INFO - Processing file /opt/airflow/dags/dbt.py for tasks to queue
[2026-03-16T18:09:33.860+0000] {logging_mixin.py:188} INFO - [2026-03-16T18:09:33.859+0000] {dagbag.py:545} INFO - Filling up the DagBag from /opt/airflow/dags/dbt.py
[2026-03-16T18:09:33.870+0000] {logging_mixin.py:188} INFO - [2026-03-16T18:09:33.865+0000] {dagbag.py:355} ERROR - Failed to import: /opt/airflow/dags/dbt.py
Traceback (most recent call last):
  File "/home/airflow/.local/lib/python3.12/site-packages/airflow/models/dagbag.py", line 351, in parse
    loader.exec_module(new_module)
  File "<frozen importlib._bootstrap_external>", line 995, in exec_module
  File "<frozen importlib._bootstrap>", line 488, in _call_with_frames_removed
  File "/opt/airflow/dags/dbt.py", line 2, in <module>
    from airflow.providers.standard.operators.bash import BashOperator
ModuleNotFoundError: No module named 'airflow.providers.standard'
[2026-03-16T18:09:33.871+0000] {processor.py:842} WARNING - No viable dags retrieved from /opt/airflow/dags/dbt.py
[2026-03-16T18:09:33.913+0000] {processor.py:183} INFO - Processing /opt/airflow/dags/dbt.py took 0.091 seconds
[2026-03-16T18:10:28.587+0000] {processor.py:161} INFO - Started process (PID=5590) to work on /opt/airflow/dags/dbt.py
[2026-03-16T18:10:28.589+0000] {processor.py:830} INFO - Processing file /opt/airflow/dags/dbt.py for tasks to queue
[2026-03-16T18:10:28.600+0000] {logging_mixin.py:188} INFO - [2026-03-16T18:10:28.600+0000] {dagbag.py:545} INFO - Filling up the DagBag from /opt/airflow/dags/dbt.py
[2026-03-16T18:10:28.620+0000] {logging_mixin.py:188} INFO - [2026-03-16T18:10:28.616+0000] {dagbag.py:355} ERROR - Failed to import: /opt/airflow/dags/dbt.py
Traceback (most recent call last):
  File "/home/airflow/.local/lib/python3.12/site-packages/airflow/models/dagbag.py", line 351, in parse
    loader.exec_module(new_module)
  File "<frozen importlib._bootstrap_external>", line 995, in exec_module
  File "<frozen importlib._bootstrap>", line 488, in _call_with_frames_removed
  File "/opt/airflow/dags/dbt.py", line 2, in <module>
    from airflow.providers.standard.operators.bash import BashOperator
ModuleNotFoundError: No module named 'airflow.providers.standard'
[2026-03-16T18:10:28.621+0000] {processor.py:842} WARNING - No viable dags retrieved from /opt/airflow/dags/dbt.py
[2026-03-16T18:10:28.668+0000] {processor.py:183} INFO - Processing /opt/airflow/dags/dbt.py took 0.099 seconds
[2026-03-16T18:10:59.206+0000] {processor.py:161} INFO - Started process (PID=5592) to work on /opt/airflow/dags/dbt.py
[2026-03-16T18:10:59.209+0000] {processor.py:830} INFO - Processing file /opt/airflow/dags/dbt.py for tasks to queue
[2026-03-16T18:10:59.214+0000] {logging_mixin.py:188} INFO - [2026-03-16T18:10:59.214+0000] {dagbag.py:545} INFO - Filling up the DagBag from /opt/airflow/dags/dbt.py
[2026-03-16T18:10:59.226+0000] {logging_mixin.py:188} INFO - [2026-03-16T18:10:59.224+0000] {dagbag.py:355} ERROR - Failed to import: /opt/airflow/dags/dbt.py
Traceback (most recent call last):
  File "/home/airflow/.local/lib/python3.12/site-packages/airflow/models/dagbag.py", line 351, in parse
    loader.exec_module(new_module)
  File "<frozen importlib._bootstrap_external>", line 995, in exec_module
  File "<frozen importlib._bootstrap>", line 488, in _call_with_frames_removed
  File "/opt/airflow/dags/dbt.py", line 2, in <module>
    from airflow.providers.standard.operators.bash import BashOperator
ModuleNotFoundError: No module named 'airflow.providers.standard'
[2026-03-16T18:10:59.227+0000] {processor.py:842} WARNING - No viable dags retrieved from /opt/airflow/dags/dbt.py
[2026-03-16T18:10:59.262+0000] {processor.py:183} INFO - Processing /opt/airflow/dags/dbt.py took 0.078 seconds
[2026-03-16T18:11:29.665+0000] {processor.py:161} INFO - Started process (PID=5594) to work on /opt/airflow/dags/dbt.py
[2026-03-16T18:11:29.667+0000] {processor.py:830} INFO - Processing file /opt/airflow/dags/dbt.py for tasks to queue
[2026-03-16T18:11:29.675+0000] {logging_mixin.py:188} INFO - [2026-03-16T18:11:29.674+0000] {dagbag.py:545} INFO - Filling up the DagBag from /opt/airflow/dags/dbt.py
[2026-03-16T18:11:29.682+0000] {logging_mixin.py:188} INFO - [2026-03-16T18:11:29.680+0000] {dagbag.py:355} ERROR - Failed to import: /opt/airflow/dags/dbt.py
Traceback (most recent call last):
  File "/home/airflow/.local/lib/python3.12/site-packages/airflow/models/dagbag.py", line 351, in parse
    loader.exec_module(new_module)
  File "<frozen importlib._bootstrap_external>", line 995, in exec_module
  File "<frozen importlib._bootstrap>", line 488, in _call_with_frames_removed
  File "/opt/airflow/dags/dbt.py", line 2, in <module>
    from airflow.providers.standard.operators.bash import BashOperator
ModuleNotFoundError: No module named 'airflow.providers.standard'
[2026-03-16T18:11:29.684+0000] {processor.py:842} WARNING - No viable dags retrieved from /opt/airflow/dags/dbt.py
[2026-03-16T18:11:29.715+0000] {processor.py:183} INFO - Processing /opt/airflow/dags/dbt.py took 0.071 seconds
[2026-03-16T18:12:00.147+0000] {processor.py:161} INFO - Started process (PID=5596) to work on /opt/airflow/dags/dbt.py
[2026-03-16T18:12:00.149+0000] {processor.py:830} INFO - Processing file /opt/airflow/dags/dbt.py for tasks to queue
[2026-03-16T18:12:00.156+0000] {logging_mixin.py:188} INFO - [2026-03-16T18:12:00.153+0000] {dagbag.py:545} INFO - Filling up the DagBag from /opt/airflow/dags/dbt.py
[2026-03-16T18:12:00.165+0000] {logging_mixin.py:188} INFO - [2026-03-16T18:12:00.163+0000] {dagbag.py:355} ERROR - Failed to import: /opt/airflow/dags/dbt.py
Traceback (most recent call last):
  File "/home/airflow/.local/lib/python3.12/site-packages/airflow/models/dagbag.py", line 351, in parse
    loader.exec_module(new_module)
  File "<frozen importlib._bootstrap_external>", line 995, in exec_module
  File "<frozen importlib._bootstrap>", line 488, in _call_with_frames_removed
  File "/opt/airflow/dags/dbt.py", line 2, in <module>
    from airflow.providers.standard.operators.bash import BashOperator
ModuleNotFoundError: No module named 'airflow.providers.standard'
[2026-03-16T18:12:00.166+0000] {processor.py:842} WARNING - No viable dags retrieved from /opt/airflow/dags/dbt.py
[2026-03-16T18:12:00.200+0000] {processor.py:183} INFO - Processing /opt/airflow/dags/dbt.py took 0.072 seconds
[2026-03-16T18:12:30.671+0000] {processor.py:161} INFO - Started process (PID=5598) to work on /opt/airflow/dags/dbt.py
[2026-03-16T18:12:30.674+0000] {processor.py:830} INFO - Processing file /opt/airflow/dags/dbt.py for tasks to queue
[2026-03-16T18:12:30.683+0000] {logging_mixin.py:188} INFO - [2026-03-16T18:12:30.682+0000] {dagbag.py:545} INFO - Filling up the DagBag from /opt/airflow/dags/dbt.py
[2026-03-16T18:12:30.692+0000] {logging_mixin.py:188} INFO - [2026-03-16T18:12:30.689+0000] {dagbag.py:355} ERROR - Failed to import: /opt/airflow/dags/dbt.py
Traceback (most recent call last):
  File "/home/airflow/.local/lib/python3.12/site-packages/airflow/models/dagbag.py", line 351, in parse
    loader.exec_module(new_module)
  File "<frozen importlib._bootstrap_external>", line 995, in exec_module
  File "<frozen importlib._bootstrap>", line 488, in _call_with_frames_removed
  File "/opt/airflow/dags/dbt.py", line 2, in <module>
    from airflow.providers.standard.operators.bash import BashOperator
ModuleNotFoundError: No module named 'airflow.providers.standard'
[2026-03-16T18:12:30.693+0000] {processor.py:842} WARNING - No viable dags retrieved from /opt/airflow/dags/dbt.py
[2026-03-16T18:12:30.723+0000] {processor.py:183} INFO - Processing /opt/airflow/dags/dbt.py took 0.069 seconds
[2026-03-16T18:13:01.152+0000] {processor.py:161} INFO - Started process (PID=5600) to work on /opt/airflow/dags/dbt.py
[2026-03-16T18:13:01.154+0000] {processor.py:830} INFO - Processing file /opt/airflow/dags/dbt.py for tasks to queue
[2026-03-16T18:13:01.160+0000] {logging_mixin.py:188} INFO - [2026-03-16T18:13:01.159+0000] {dagbag.py:545} INFO - Filling up the DagBag from /opt/airflow/dags/dbt.py
[2026-03-16T18:13:01.169+0000] {logging_mixin.py:188} INFO - [2026-03-16T18:13:01.165+0000] {dagbag.py:355} ERROR - Failed to import: /opt/airflow/dags/dbt.py
Traceback (most recent call last):
  File "/home/airflow/.local/lib/python3.12/site-packages/airflow/models/dagbag.py", line 351, in parse
    loader.exec_module(new_module)
  File "<frozen importlib._bootstrap_external>", line 995, in exec_module
  File "<frozen importlib._bootstrap>", line 488, in _call_with_frames_removed
  File "/opt/airflow/dags/dbt.py", line 2, in <module>
    from airflow.providers.standard.operators.bash import BashOperator
ModuleNotFoundError: No module named 'airflow.providers.standard'
[2026-03-16T18:13:01.169+0000] {processor.py:842} WARNING - No viable dags retrieved from /opt/airflow/dags/dbt.py
[2026-03-16T18:13:01.201+0000] {processor.py:183} INFO - Processing /opt/airflow/dags/dbt.py took 0.072 seconds
[2026-03-16T18:13:31.596+0000] {processor.py:161} INFO - Started process (PID=5602) to work on /opt/airflow/dags/dbt.py
[2026-03-16T18:13:31.599+0000] {processor.py:830} INFO - Processing file /opt/airflow/dags/dbt.py for tasks to queue
[2026-03-16T18:13:31.622+0000] {logging_mixin.py:188} INFO - [2026-03-16T18:13:31.621+0000] {dagbag.py:545} INFO - Filling up the DagBag from /opt/airflow/dags/dbt.py
[2026-03-16T18:13:31.632+0000] {logging_mixin.py:188} INFO - [2026-03-16T18:13:31.629+0000] {dagbag.py:355} ERROR - Failed to import: /opt/airflow/dags/dbt.py
Traceback (most recent call last):
  File "/home/airflow/.local/lib/python3.12/site-packages/airflow/models/dagbag.py", line 351, in parse
    loader.exec_module(new_module)
  File "<frozen importlib._bootstrap_external>", line 995, in exec_module
  File "<frozen importlib._bootstrap>", line 488, in _call_with_frames_removed
  File "/opt/airflow/dags/dbt.py", line 2, in <module>
    from airflow.providers.standard.operators.bash import BashOperator
ModuleNotFoundError: No module named 'airflow.providers.standard'
[2026-03-16T18:13:31.633+0000] {processor.py:842} WARNING - No viable dags retrieved from /opt/airflow/dags/dbt.py
[2026-03-16T18:13:31.666+0000] {processor.py:183} INFO - Processing /opt/airflow/dags/dbt.py took 0.084 seconds
[2026-03-16T18:14:02.086+0000] {processor.py:161} INFO - Started process (PID=5604) to work on /opt/airflow/dags/dbt.py
[2026-03-16T18:14:02.088+0000] {processor.py:830} INFO - Processing file /opt/airflow/dags/dbt.py for tasks to queue
[2026-03-16T18:14:02.095+0000] {logging_mixin.py:188} INFO - [2026-03-16T18:14:02.094+0000] {dagbag.py:545} INFO - Filling up the DagBag from /opt/airflow/dags/dbt.py
[2026-03-16T18:14:02.106+0000] {logging_mixin.py:188} INFO - [2026-03-16T18:14:02.103+0000] {dagbag.py:355} ERROR - Failed to import: /opt/airflow/dags/dbt.py
Traceback (most recent call last):
  File "/home/airflow/.local/lib/python3.12/site-packages/airflow/models/dagbag.py", line 351, in parse
    loader.exec_module(new_module)
  File "<frozen importlib._bootstrap_external>", line 995, in exec_module
  File "<frozen importlib._bootstrap>", line 488, in _call_with_frames_removed
  File "/opt/airflow/dags/dbt.py", line 2, in <module>
    from airflow.providers.standard.operators.bash import BashOperator
ModuleNotFoundError: No module named 'airflow.providers.standard'
[2026-03-16T18:14:02.107+0000] {processor.py:842} WARNING - No viable dags retrieved from /opt/airflow/dags/dbt.py
[2026-03-16T18:14:02.140+0000] {processor.py:183} INFO - Processing /opt/airflow/dags/dbt.py took 0.072 seconds
[2026-03-16T18:14:32.572+0000] {processor.py:161} INFO - Started process (PID=5606) to work on /opt/airflow/dags/dbt.py
[2026-03-16T18:14:32.574+0000] {processor.py:830} INFO - Processing file /opt/airflow/dags/dbt.py for tasks to queue
[2026-03-16T18:14:32.580+0000] {logging_mixin.py:188} INFO - [2026-03-16T18:14:32.579+0000] {dagbag.py:545} INFO - Filling up the DagBag from /opt/airflow/dags/dbt.py
[2026-03-16T18:14:32.594+0000] {logging_mixin.py:188} INFO - [2026-03-16T18:14:32.591+0000] {dagbag.py:355} ERROR - Failed to import: /opt/airflow/dags/dbt.py
Traceback (most recent call last):
  File "/home/airflow/.local/lib/python3.12/site-packages/airflow/models/dagbag.py", line 351, in parse
    loader.exec_module(new_module)
  File "<frozen importlib._bootstrap_external>", line 995, in exec_module
  File "<frozen importlib._bootstrap>", line 488, in _call_with_frames_removed
  File "/opt/airflow/dags/dbt.py", line 2, in <module>
    from airflow.providers.standard.operators.bash import BashOperator
ModuleNotFoundError: No module named 'airflow.providers.standard'
[2026-03-16T18:14:32.594+0000] {processor.py:842} WARNING - No viable dags retrieved from /opt/airflow/dags/dbt.py
[2026-03-16T18:14:32.632+0000] {processor.py:183} INFO - Processing /opt/airflow/dags/dbt.py took 0.081 seconds
[2026-03-16T18:15:03.063+0000] {processor.py:161} INFO - Started process (PID=5608) to work on /opt/airflow/dags/dbt.py
[2026-03-16T18:15:03.064+0000] {processor.py:830} INFO - Processing file /opt/airflow/dags/dbt.py for tasks to queue
[2026-03-16T18:15:03.068+0000] {logging_mixin.py:188} INFO - [2026-03-16T18:15:03.068+0000] {dagbag.py:545} INFO - Filling up the DagBag from /opt/airflow/dags/dbt.py
[2026-03-16T18:15:03.078+0000] {logging_mixin.py:188} INFO - [2026-03-16T18:15:03.076+0000] {dagbag.py:355} ERROR - Failed to import: /opt/airflow/dags/dbt.py
Traceback (most recent call last):
  File "/home/airflow/.local/lib/python3.12/site-packages/airflow/models/dagbag.py", line 351, in parse
    loader.exec_module(new_module)
  File "<frozen importlib._bootstrap_external>", line 995, in exec_module
  File "<frozen importlib._bootstrap>", line 488, in _call_with_frames_removed
  File "/opt/airflow/dags/dbt.py", line 2, in <module>
    from airflow.providers.standard.operators.bash import BashOperator
ModuleNotFoundError: No module named 'airflow.providers.standard'
[2026-03-16T18:15:03.080+0000] {processor.py:842} WARNING - No viable dags retrieved from /opt/airflow/dags/dbt.py
[2026-03-16T18:15:03.109+0000] {processor.py:183} INFO - Processing /opt/airflow/dags/dbt.py took 0.068 seconds
[2026-03-16T18:15:33.523+0000] {processor.py:161} INFO - Started process (PID=5610) to work on /opt/airflow/dags/dbt.py
[2026-03-16T18:15:33.525+0000] {processor.py:830} INFO - Processing file /opt/airflow/dags/dbt.py for tasks to queue
[2026-03-16T18:15:33.535+0000] {logging_mixin.py:188} INFO - [2026-03-16T18:15:33.534+0000] {dagbag.py:545} INFO - Filling up the DagBag from /opt/airflow/dags/dbt.py
[2026-03-16T18:15:33.545+0000] {logging_mixin.py:188} INFO - [2026-03-16T18:15:33.542+0000] {dagbag.py:355} ERROR - Failed to import: /opt/airflow/dags/dbt.py
Traceback (most recent call last):
  File "/home/airflow/.local/lib/python3.12/site-packages/airflow/models/dagbag.py", line 351, in parse
    loader.exec_module(new_module)
  File "<frozen importlib._bootstrap_external>", line 995, in exec_module
  File "<frozen importlib._bootstrap>", line 488, in _call_with_frames_removed
  File "/opt/airflow/dags/dbt.py", line 2, in <module>
    from airflow.providers.standard.operators.bash import BashOperator
ModuleNotFoundError: No module named 'airflow.providers.standard'
[2026-03-16T18:15:33.546+0000] {processor.py:842} WARNING - No viable dags retrieved from /opt/airflow/dags/dbt.py
[2026-03-16T18:15:33.583+0000] {processor.py:183} INFO - Processing /opt/airflow/dags/dbt.py took 0.081 seconds
[2026-03-16T18:16:04.015+0000] {processor.py:161} INFO - Started process (PID=5612) to work on /opt/airflow/dags/dbt.py
[2026-03-16T18:16:04.019+0000] {processor.py:830} INFO - Processing file /opt/airflow/dags/dbt.py for tasks to queue
[2026-03-16T18:16:04.026+0000] {logging_mixin.py:188} INFO - [2026-03-16T18:16:04.025+0000] {dagbag.py:545} INFO - Filling up the DagBag from /opt/airflow/dags/dbt.py
[2026-03-16T18:16:04.033+0000] {logging_mixin.py:188} INFO - [2026-03-16T18:16:04.031+0000] {dagbag.py:355} ERROR - Failed to import: /opt/airflow/dags/dbt.py
Traceback (most recent call last):
  File "/home/airflow/.local/lib/python3.12/site-packages/airflow/models/dagbag.py", line 351, in parse
    loader.exec_module(new_module)
  File "<frozen importlib._bootstrap_external>", line 995, in exec_module
  File "<frozen importlib._bootstrap>", line 488, in _call_with_frames_removed
  File "/opt/airflow/dags/dbt.py", line 2, in <module>
    from airflow.providers.standard.operators.bash import BashOperator
ModuleNotFoundError: No module named 'airflow.providers.standard'
[2026-03-16T18:16:04.035+0000] {processor.py:842} WARNING - No viable dags retrieved from /opt/airflow/dags/dbt.py
[2026-03-16T18:16:04.075+0000] {processor.py:183} INFO - Processing /opt/airflow/dags/dbt.py took 0.081 seconds
[2026-03-16T18:16:34.473+0000] {processor.py:161} INFO - Started process (PID=5614) to work on /opt/airflow/dags/dbt.py
[2026-03-16T18:16:34.474+0000] {processor.py:830} INFO - Processing file /opt/airflow/dags/dbt.py for tasks to queue
[2026-03-16T18:16:34.480+0000] {logging_mixin.py:188} INFO - [2026-03-16T18:16:34.479+0000] {dagbag.py:545} INFO - Filling up the DagBag from /opt/airflow/dags/dbt.py
[2026-03-16T18:16:34.490+0000] {logging_mixin.py:188} INFO - [2026-03-16T18:16:34.485+0000] {dagbag.py:355} ERROR - Failed to import: /opt/airflow/dags/dbt.py
Traceback (most recent call last):
  File "/home/airflow/.local/lib/python3.12/site-packages/airflow/models/dagbag.py", line 351, in parse
    loader.exec_module(new_module)
  File "<frozen importlib._bootstrap_external>", line 995, in exec_module
  File "<frozen importlib._bootstrap>", line 488, in _call_with_frames_removed
  File "/opt/airflow/dags/dbt.py", line 2, in <module>
    from airflow.providers.standard.operators.bash import BashOperator
ModuleNotFoundError: No module named 'airflow.providers.standard'
[2026-03-16T18:16:34.492+0000] {processor.py:842} WARNING - No viable dags retrieved from /opt/airflow/dags/dbt.py
[2026-03-16T18:16:34.517+0000] {processor.py:183} INFO - Processing /opt/airflow/dags/dbt.py took 0.067 seconds
[2026-03-16T18:17:04.937+0000] {processor.py:161} INFO - Started process (PID=5616) to work on /opt/airflow/dags/dbt.py
[2026-03-16T18:17:04.940+0000] {processor.py:830} INFO - Processing file /opt/airflow/dags/dbt.py for tasks to queue
[2026-03-16T18:17:04.944+0000] {logging_mixin.py:188} INFO - [2026-03-16T18:17:04.944+0000] {dagbag.py:545} INFO - Filling up the DagBag from /opt/airflow/dags/dbt.py
[2026-03-16T18:17:04.954+0000] {logging_mixin.py:188} INFO - [2026-03-16T18:17:04.951+0000] {dagbag.py:355} ERROR - Failed to import: /opt/airflow/dags/dbt.py
Traceback (most recent call last):
  File "/home/airflow/.local/lib/python3.12/site-packages/airflow/models/dagbag.py", line 351, in parse
    loader.exec_module(new_module)
  File "<frozen importlib._bootstrap_external>", line 995, in exec_module
  File "<frozen importlib._bootstrap>", line 488, in _call_with_frames_removed
  File "/opt/airflow/dags/dbt.py", line 2, in <module>
    from airflow.providers.standard.operators.bash import BashOperator
ModuleNotFoundError: No module named 'airflow.providers.standard'
[2026-03-16T18:17:04.954+0000] {processor.py:842} WARNING - No viable dags retrieved from /opt/airflow/dags/dbt.py
[2026-03-16T18:17:04.989+0000] {processor.py:183} INFO - Processing /opt/airflow/dags/dbt.py took 0.078 seconds
[2026-03-16T18:17:35.438+0000] {processor.py:161} INFO - Started process (PID=5618) to work on /opt/airflow/dags/dbt.py
[2026-03-16T18:17:35.441+0000] {processor.py:830} INFO - Processing file /opt/airflow/dags/dbt.py for tasks to queue
[2026-03-16T18:17:35.452+0000] {logging_mixin.py:188} INFO - [2026-03-16T18:17:35.451+0000] {dagbag.py:545} INFO - Filling up the DagBag from /opt/airflow/dags/dbt.py
[2026-03-16T18:17:35.470+0000] {logging_mixin.py:188} INFO - [2026-03-16T18:17:35.466+0000] {dagbag.py:355} ERROR - Failed to import: /opt/airflow/dags/dbt.py
Traceback (most recent call last):
  File "/home/airflow/.local/lib/python3.12/site-packages/airflow/models/dagbag.py", line 351, in parse
    loader.exec_module(new_module)
  File "<frozen importlib._bootstrap_external>", line 995, in exec_module
  File "<frozen importlib._bootstrap>", line 488, in _call_with_frames_removed
  File "/opt/airflow/dags/dbt.py", line 2, in <module>
    from airflow.providers.standard.operators.bash import BashOperator
ModuleNotFoundError: No module named 'airflow.providers.standard'
[2026-03-16T18:17:35.473+0000] {processor.py:842} WARNING - No viable dags retrieved from /opt/airflow/dags/dbt.py
[2026-03-16T18:17:35.512+0000] {processor.py:183} INFO - Processing /opt/airflow/dags/dbt.py took 0.102 seconds
[2026-03-16T18:18:05.949+0000] {processor.py:161} INFO - Started process (PID=5620) to work on /opt/airflow/dags/dbt.py
[2026-03-16T18:18:05.951+0000] {processor.py:830} INFO - Processing file /opt/airflow/dags/dbt.py for tasks to queue
[2026-03-16T18:18:05.957+0000] {logging_mixin.py:188} INFO - [2026-03-16T18:18:05.956+0000] {dagbag.py:545} INFO - Filling up the DagBag from /opt/airflow/dags/dbt.py
[2026-03-16T18:18:05.967+0000] {logging_mixin.py:188} INFO - [2026-03-16T18:18:05.965+0000] {dagbag.py:355} ERROR - Failed to import: /opt/airflow/dags/dbt.py
Traceback (most recent call last):
  File "/home/airflow/.local/lib/python3.12/site-packages/airflow/models/dagbag.py", line 351, in parse
    loader.exec_module(new_module)
  File "<frozen importlib._bootstrap_external>", line 995, in exec_module
  File "<frozen importlib._bootstrap>", line 488, in _call_with_frames_removed
  File "/opt/airflow/dags/dbt.py", line 2, in <module>
    from airflow.providers.standard.operators.bash import BashOperator
ModuleNotFoundError: No module named 'airflow.providers.standard'
[2026-03-16T18:18:05.968+0000] {processor.py:842} WARNING - No viable dags retrieved from /opt/airflow/dags/dbt.py
[2026-03-16T18:18:06.014+0000] {processor.py:183} INFO - Processing /opt/airflow/dags/dbt.py took 0.095 seconds
[2026-03-16T18:18:36.402+0000] {processor.py:161} INFO - Started process (PID=5622) to work on /opt/airflow/dags/dbt.py
[2026-03-16T18:18:36.405+0000] {processor.py:830} INFO - Processing file /opt/airflow/dags/dbt.py for tasks to queue
[2026-03-16T18:18:36.410+0000] {logging_mixin.py:188} INFO - [2026-03-16T18:18:36.410+0000] {dagbag.py:545} INFO - Filling up the DagBag from /opt/airflow/dags/dbt.py
[2026-03-16T18:18:36.418+0000] {logging_mixin.py:188} INFO - [2026-03-16T18:18:36.414+0000] {dagbag.py:355} ERROR - Failed to import: /opt/airflow/dags/dbt.py
Traceback (most recent call last):
  File "/home/airflow/.local/lib/python3.12/site-packages/airflow/models/dagbag.py", line 351, in parse
    loader.exec_module(new_module)
  File "<frozen importlib._bootstrap_external>", line 995, in exec_module
  File "<frozen importlib._bootstrap>", line 488, in _call_with_frames_removed
  File "/opt/airflow/dags/dbt.py", line 2, in <module>
    from airflow.providers.standard.operators.bash import BashOperator
ModuleNotFoundError: No module named 'airflow.providers.standard'
[2026-03-16T18:18:36.420+0000] {processor.py:842} WARNING - No viable dags retrieved from /opt/airflow/dags/dbt.py
[2026-03-16T18:18:36.459+0000] {processor.py:183} INFO - Processing /opt/airflow/dags/dbt.py took 0.077 seconds
[2026-03-16T18:19:06.904+0000] {processor.py:161} INFO - Started process (PID=5624) to work on /opt/airflow/dags/dbt.py
[2026-03-16T18:19:06.907+0000] {processor.py:830} INFO - Processing file /opt/airflow/dags/dbt.py for tasks to queue
[2026-03-16T18:19:06.911+0000] {logging_mixin.py:188} INFO - [2026-03-16T18:19:06.910+0000] {dagbag.py:545} INFO - Filling up the DagBag from /opt/airflow/dags/dbt.py
[2026-03-16T18:19:06.920+0000] {logging_mixin.py:188} INFO - [2026-03-16T18:19:06.918+0000] {dagbag.py:355} ERROR - Failed to import: /opt/airflow/dags/dbt.py
Traceback (most recent call last):
  File "/home/airflow/.local/lib/python3.12/site-packages/airflow/models/dagbag.py", line 351, in parse
    loader.exec_module(new_module)
  File "<frozen importlib._bootstrap_external>", line 995, in exec_module
  File "<frozen importlib._bootstrap>", line 488, in _call_with_frames_removed
  File "/opt/airflow/dags/dbt.py", line 2, in <module>
    from airflow.providers.standard.operators.bash import BashOperator
ModuleNotFoundError: No module named 'airflow.providers.standard'
[2026-03-16T18:19:06.921+0000] {processor.py:842} WARNING - No viable dags retrieved from /opt/airflow/dags/dbt.py
[2026-03-16T18:19:06.954+0000] {processor.py:183} INFO - Processing /opt/airflow/dags/dbt.py took 0.068 seconds
[2026-03-16T18:19:37.343+0000] {processor.py:161} INFO - Started process (PID=5626) to work on /opt/airflow/dags/dbt.py
[2026-03-16T18:19:37.346+0000] {processor.py:830} INFO - Processing file /opt/airflow/dags/dbt.py for tasks to queue
[2026-03-16T18:19:37.351+0000] {logging_mixin.py:188} INFO - [2026-03-16T18:19:37.350+0000] {dagbag.py:545} INFO - Filling up the DagBag from /opt/airflow/dags/dbt.py
[2026-03-16T18:19:37.359+0000] {logging_mixin.py:188} INFO - [2026-03-16T18:19:37.357+0000] {dagbag.py:355} ERROR - Failed to import: /opt/airflow/dags/dbt.py
Traceback (most recent call last):
  File "/home/airflow/.local/lib/python3.12/site-packages/airflow/models/dagbag.py", line 351, in parse
    loader.exec_module(new_module)
  File "<frozen importlib._bootstrap_external>", line 995, in exec_module
  File "<frozen importlib._bootstrap>", line 488, in _call_with_frames_removed
  File "/opt/airflow/dags/dbt.py", line 2, in <module>
    from airflow.providers.standard.operators.bash import BashOperator
ModuleNotFoundError: No module named 'airflow.providers.standard'
[2026-03-16T18:19:37.359+0000] {processor.py:842} WARNING - No viable dags retrieved from /opt/airflow/dags/dbt.py
[2026-03-16T18:19:37.408+0000] {processor.py:183} INFO - Processing /opt/airflow/dags/dbt.py took 0.081 seconds
[2026-03-16T18:20:07.838+0000] {processor.py:161} INFO - Started process (PID=5628) to work on /opt/airflow/dags/dbt.py
[2026-03-16T18:20:07.841+0000] {processor.py:830} INFO - Processing file /opt/airflow/dags/dbt.py for tasks to queue
[2026-03-16T18:20:07.846+0000] {logging_mixin.py:188} INFO - [2026-03-16T18:20:07.845+0000] {dagbag.py:545} INFO - Filling up the DagBag from /opt/airflow/dags/dbt.py
[2026-03-16T18:20:07.856+0000] {logging_mixin.py:188} INFO - [2026-03-16T18:20:07.855+0000] {dagbag.py:355} ERROR - Failed to import: /opt/airflow/dags/dbt.py
Traceback (most recent call last):
  File "/home/airflow/.local/lib/python3.12/site-packages/airflow/models/dagbag.py", line 351, in parse
    loader.exec_module(new_module)
  File "<frozen importlib._bootstrap_external>", line 995, in exec_module
  File "<frozen importlib._bootstrap>", line 488, in _call_with_frames_removed
  File "/opt/airflow/dags/dbt.py", line 2, in <module>
    from airflow.providers.standard.operators.bash import BashOperator
ModuleNotFoundError: No module named 'airflow.providers.standard'
[2026-03-16T18:20:07.857+0000] {processor.py:842} WARNING - No viable dags retrieved from /opt/airflow/dags/dbt.py
[2026-03-16T18:20:07.888+0000] {processor.py:183} INFO - Processing /opt/airflow/dags/dbt.py took 0.078 seconds
[2026-03-16T18:20:38.353+0000] {processor.py:161} INFO - Started process (PID=5630) to work on /opt/airflow/dags/dbt.py
[2026-03-16T18:20:38.355+0000] {processor.py:830} INFO - Processing file /opt/airflow/dags/dbt.py for tasks to queue
[2026-03-16T18:20:38.362+0000] {logging_mixin.py:188} INFO - [2026-03-16T18:20:38.360+0000] {dagbag.py:545} INFO - Filling up the DagBag from /opt/airflow/dags/dbt.py
[2026-03-16T18:20:38.375+0000] {logging_mixin.py:188} INFO - [2026-03-16T18:20:38.373+0000] {dagbag.py:355} ERROR - Failed to import: /opt/airflow/dags/dbt.py
Traceback (most recent call last):
  File "/home/airflow/.local/lib/python3.12/site-packages/airflow/models/dagbag.py", line 351, in parse
    loader.exec_module(new_module)
  File "<frozen importlib._bootstrap_external>", line 995, in exec_module
  File "<frozen importlib._bootstrap>", line 488, in _call_with_frames_removed
  File "/opt/airflow/dags/dbt.py", line 2, in <module>
    from airflow.providers.standard.operators.bash import BashOperator
ModuleNotFoundError: No module named 'airflow.providers.standard'
[2026-03-16T18:20:38.376+0000] {processor.py:842} WARNING - No viable dags retrieved from /opt/airflow/dags/dbt.py
[2026-03-16T18:20:38.429+0000] {processor.py:183} INFO - Processing /opt/airflow/dags/dbt.py took 0.114 seconds
[2026-03-16T18:21:08.874+0000] {processor.py:161} INFO - Started process (PID=5632) to work on /opt/airflow/dags/dbt.py
[2026-03-16T18:21:08.876+0000] {processor.py:830} INFO - Processing file /opt/airflow/dags/dbt.py for tasks to queue
[2026-03-16T18:21:08.880+0000] {logging_mixin.py:188} INFO - [2026-03-16T18:21:08.879+0000] {dagbag.py:545} INFO - Filling up the DagBag from /opt/airflow/dags/dbt.py
[2026-03-16T18:21:08.889+0000] {logging_mixin.py:188} INFO - [2026-03-16T18:21:08.888+0000] {dagbag.py:355} ERROR - Failed to import: /opt/airflow/dags/dbt.py
Traceback (most recent call last):
  File "/home/airflow/.local/lib/python3.12/site-packages/airflow/models/dagbag.py", line 351, in parse
    loader.exec_module(new_module)
  File "<frozen importlib._bootstrap_external>", line 995, in exec_module
  File "<frozen importlib._bootstrap>", line 488, in _call_with_frames_removed
  File "/opt/airflow/dags/dbt.py", line 2, in <module>
    from airflow.providers.standard.operators.bash import BashOperator
ModuleNotFoundError: No module named 'airflow.providers.standard'
[2026-03-16T18:21:08.890+0000] {processor.py:842} WARNING - No viable dags retrieved from /opt/airflow/dags/dbt.py
[2026-03-16T18:21:08.927+0000] {processor.py:183} INFO - Processing /opt/airflow/dags/dbt.py took 0.070 seconds
[2026-03-16T18:21:39.327+0000] {processor.py:161} INFO - Started process (PID=5634) to work on /opt/airflow/dags/dbt.py
[2026-03-16T18:21:39.329+0000] {processor.py:830} INFO - Processing file /opt/airflow/dags/dbt.py for tasks to queue
[2026-03-16T18:21:39.335+0000] {logging_mixin.py:188} INFO - [2026-03-16T18:21:39.334+0000] {dagbag.py:545} INFO - Filling up the DagBag from /opt/airflow/dags/dbt.py
[2026-03-16T18:21:39.344+0000] {logging_mixin.py:188} INFO - [2026-03-16T18:21:39.340+0000] {dagbag.py:355} ERROR - Failed to import: /opt/airflow/dags/dbt.py
Traceback (most recent call last):
  File "/home/airflow/.local/lib/python3.12/site-packages/airflow/models/dagbag.py", line 351, in parse
    loader.exec_module(new_module)
  File "<frozen importlib._bootstrap_external>", line 995, in exec_module
  File "<frozen importlib._bootstrap>", line 488, in _call_with_frames_removed
  File "/opt/airflow/dags/dbt.py", line 2, in <module>
    from airflow.providers.standard.operators.bash import BashOperator
ModuleNotFoundError: No module named 'airflow.providers.standard'
[2026-03-16T18:21:39.345+0000] {processor.py:842} WARNING - No viable dags retrieved from /opt/airflow/dags/dbt.py
[2026-03-16T18:21:39.368+0000] {processor.py:183} INFO - Processing /opt/airflow/dags/dbt.py took 0.054 seconds
[2026-03-16T18:22:09.772+0000] {processor.py:161} INFO - Started process (PID=5636) to work on /opt/airflow/dags/dbt.py
[2026-03-16T18:22:09.775+0000] {processor.py:830} INFO - Processing file /opt/airflow/dags/dbt.py for tasks to queue
[2026-03-16T18:22:09.781+0000] {logging_mixin.py:188} INFO - [2026-03-16T18:22:09.781+0000] {dagbag.py:545} INFO - Filling up the DagBag from /opt/airflow/dags/dbt.py
[2026-03-16T18:22:09.791+0000] {logging_mixin.py:188} INFO - [2026-03-16T18:22:09.789+0000] {dagbag.py:355} ERROR - Failed to import: /opt/airflow/dags/dbt.py
Traceback (most recent call last):
  File "/home/airflow/.local/lib/python3.12/site-packages/airflow/models/dagbag.py", line 351, in parse
    loader.exec_module(new_module)
  File "<frozen importlib._bootstrap_external>", line 995, in exec_module
  File "<frozen importlib._bootstrap>", line 488, in _call_with_frames_removed
  File "/opt/airflow/dags/dbt.py", line 2, in <module>
    from airflow.providers.standard.operators.bash import BashOperator
ModuleNotFoundError: No module named 'airflow.providers.standard'
[2026-03-16T18:22:09.792+0000] {processor.py:842} WARNING - No viable dags retrieved from /opt/airflow/dags/dbt.py
[2026-03-16T18:22:09.824+0000] {processor.py:183} INFO - Processing /opt/airflow/dags/dbt.py took 0.070 seconds
[2026-03-16T18:22:40.296+0000] {processor.py:161} INFO - Started process (PID=5638) to work on /opt/airflow/dags/dbt.py
[2026-03-16T18:22:40.298+0000] {processor.py:830} INFO - Processing file /opt/airflow/dags/dbt.py for tasks to queue
[2026-03-16T18:22:40.312+0000] {logging_mixin.py:188} INFO - [2026-03-16T18:22:40.312+0000] {dagbag.py:545} INFO - Filling up the DagBag from /opt/airflow/dags/dbt.py
[2026-03-16T18:22:40.323+0000] {logging_mixin.py:188} INFO - [2026-03-16T18:22:40.322+0000] {dagbag.py:355} ERROR - Failed to import: /opt/airflow/dags/dbt.py
Traceback (most recent call last):
  File "/home/airflow/.local/lib/python3.12/site-packages/airflow/models/dagbag.py", line 351, in parse
    loader.exec_module(new_module)
  File "<frozen importlib._bootstrap_external>", line 995, in exec_module
  File "<frozen importlib._bootstrap>", line 488, in _call_with_frames_removed
  File "/opt/airflow/dags/dbt.py", line 2, in <module>
    from airflow.providers.standard.operators.bash import BashOperator
ModuleNotFoundError: No module named 'airflow.providers.standard'
[2026-03-16T18:22:40.323+0000] {processor.py:842} WARNING - No viable dags retrieved from /opt/airflow/dags/dbt.py
[2026-03-16T18:22:40.360+0000] {processor.py:183} INFO - Processing /opt/airflow/dags/dbt.py took 0.087 seconds
[2026-03-16T18:23:10.853+0000] {processor.py:161} INFO - Started process (PID=5640) to work on /opt/airflow/dags/dbt.py
[2026-03-16T18:23:10.854+0000] {processor.py:830} INFO - Processing file /opt/airflow/dags/dbt.py for tasks to queue
[2026-03-16T18:23:10.859+0000] {logging_mixin.py:188} INFO - [2026-03-16T18:23:10.858+0000] {dagbag.py:545} INFO - Filling up the DagBag from /opt/airflow/dags/dbt.py
[2026-03-16T18:23:10.868+0000] {logging_mixin.py:188} INFO - [2026-03-16T18:23:10.866+0000] {dagbag.py:355} ERROR - Failed to import: /opt/airflow/dags/dbt.py
Traceback (most recent call last):
  File "/home/airflow/.local/lib/python3.12/site-packages/airflow/models/dagbag.py", line 351, in parse
    loader.exec_module(new_module)
  File "<frozen importlib._bootstrap_external>", line 995, in exec_module
  File "<frozen importlib._bootstrap>", line 488, in _call_with_frames_removed
  File "/opt/airflow/dags/dbt.py", line 2, in <module>
    from airflow.providers.standard.operators.bash import BashOperator
ModuleNotFoundError: No module named 'airflow.providers.standard'
[2026-03-16T18:23:10.871+0000] {processor.py:842} WARNING - No viable dags retrieved from /opt/airflow/dags/dbt.py
[2026-03-16T18:23:10.908+0000] {processor.py:183} INFO - Processing /opt/airflow/dags/dbt.py took 0.080 seconds
[2026-03-16T18:23:41.311+0000] {processor.py:161} INFO - Started process (PID=5642) to work on /opt/airflow/dags/dbt.py
[2026-03-16T18:23:41.313+0000] {processor.py:830} INFO - Processing file /opt/airflow/dags/dbt.py for tasks to queue
[2026-03-16T18:23:41.318+0000] {logging_mixin.py:188} INFO - [2026-03-16T18:23:41.317+0000] {dagbag.py:545} INFO - Filling up the DagBag from /opt/airflow/dags/dbt.py
[2026-03-16T18:23:41.329+0000] {logging_mixin.py:188} INFO - [2026-03-16T18:23:41.327+0000] {dagbag.py:355} ERROR - Failed to import: /opt/airflow/dags/dbt.py
Traceback (most recent call last):
  File "/home/airflow/.local/lib/python3.12/site-packages/airflow/models/dagbag.py", line 351, in parse
    loader.exec_module(new_module)
  File "<frozen importlib._bootstrap_external>", line 995, in exec_module
  File "<frozen importlib._bootstrap>", line 488, in _call_with_frames_removed
  File "/opt/airflow/dags/dbt.py", line 2, in <module>
    from airflow.providers.standard.operators.bash import BashOperator
ModuleNotFoundError: No module named 'airflow.providers.standard'
[2026-03-16T18:23:41.329+0000] {processor.py:842} WARNING - No viable dags retrieved from /opt/airflow/dags/dbt.py
[2026-03-16T18:23:41.360+0000] {processor.py:183} INFO - Processing /opt/airflow/dags/dbt.py took 0.061 seconds
[2026-03-16T18:24:11.849+0000] {processor.py:161} INFO - Started process (PID=5644) to work on /opt/airflow/dags/dbt.py
[2026-03-16T18:24:11.852+0000] {processor.py:830} INFO - Processing file /opt/airflow/dags/dbt.py for tasks to queue
[2026-03-16T18:24:11.859+0000] {logging_mixin.py:188} INFO - [2026-03-16T18:24:11.859+0000] {dagbag.py:545} INFO - Filling up the DagBag from /opt/airflow/dags/dbt.py
[2026-03-16T18:24:11.871+0000] {logging_mixin.py:188} INFO - [2026-03-16T18:24:11.867+0000] {dagbag.py:355} ERROR - Failed to import: /opt/airflow/dags/dbt.py
Traceback (most recent call last):
  File "/home/airflow/.local/lib/python3.12/site-packages/airflow/models/dagbag.py", line 351, in parse
    loader.exec_module(new_module)
  File "<frozen importlib._bootstrap_external>", line 995, in exec_module
  File "<frozen importlib._bootstrap>", line 488, in _call_with_frames_removed
  File "/opt/airflow/dags/dbt.py", line 2, in <module>
    from airflow.providers.standard.operators.bash import BashOperator
ModuleNotFoundError: No module named 'airflow.providers.standard'
[2026-03-16T18:24:11.872+0000] {processor.py:842} WARNING - No viable dags retrieved from /opt/airflow/dags/dbt.py
[2026-03-16T18:24:11.908+0000] {processor.py:183} INFO - Processing /opt/airflow/dags/dbt.py took 0.080 seconds
[2026-03-16T18:24:42.324+0000] {processor.py:161} INFO - Started process (PID=5646) to work on /opt/airflow/dags/dbt.py
[2026-03-16T18:24:42.326+0000] {processor.py:830} INFO - Processing file /opt/airflow/dags/dbt.py for tasks to queue
[2026-03-16T18:24:42.332+0000] {logging_mixin.py:188} INFO - [2026-03-16T18:24:42.331+0000] {dagbag.py:545} INFO - Filling up the DagBag from /opt/airflow/dags/dbt.py
[2026-03-16T18:24:42.348+0000] {logging_mixin.py:188} INFO - [2026-03-16T18:24:42.343+0000] {dagbag.py:355} ERROR - Failed to import: /opt/airflow/dags/dbt.py
Traceback (most recent call last):
  File "/home/airflow/.local/lib/python3.12/site-packages/airflow/models/dagbag.py", line 351, in parse
    loader.exec_module(new_module)
  File "<frozen importlib._bootstrap_external>", line 995, in exec_module
  File "<frozen importlib._bootstrap>", line 488, in _call_with_frames_removed
  File "/opt/airflow/dags/dbt.py", line 2, in <module>
    from airflow.providers.standard.operators.bash import BashOperator
ModuleNotFoundError: No module named 'airflow.providers.standard'
[2026-03-16T18:24:42.349+0000] {processor.py:842} WARNING - No viable dags retrieved from /opt/airflow/dags/dbt.py
[2026-03-16T18:24:42.380+0000] {processor.py:183} INFO - Processing /opt/airflow/dags/dbt.py took 0.080 seconds
[2026-03-16T18:25:12.800+0000] {processor.py:161} INFO - Started process (PID=5648) to work on /opt/airflow/dags/dbt.py
[2026-03-16T18:25:12.803+0000] {processor.py:830} INFO - Processing file /opt/airflow/dags/dbt.py for tasks to queue
[2026-03-16T18:25:12.805+0000] {logging_mixin.py:188} INFO - [2026-03-16T18:25:12.805+0000] {dagbag.py:545} INFO - Filling up the DagBag from /opt/airflow/dags/dbt.py
[2026-03-16T18:25:12.811+0000] {logging_mixin.py:188} INFO - [2026-03-16T18:25:12.809+0000] {dagbag.py:355} ERROR - Failed to import: /opt/airflow/dags/dbt.py
Traceback (most recent call last):
  File "/home/airflow/.local/lib/python3.12/site-packages/airflow/models/dagbag.py", line 351, in parse
    loader.exec_module(new_module)
  File "<frozen importlib._bootstrap_external>", line 995, in exec_module
  File "<frozen importlib._bootstrap>", line 488, in _call_with_frames_removed
  File "/opt/airflow/dags/dbt.py", line 2, in <module>
    from airflow.providers.standard.operators.bash import BashOperator
ModuleNotFoundError: No module named 'airflow.providers.standard'
[2026-03-16T18:25:12.812+0000] {processor.py:842} WARNING - No viable dags retrieved from /opt/airflow/dags/dbt.py
[2026-03-16T18:25:12.853+0000] {processor.py:183} INFO - Processing /opt/airflow/dags/dbt.py took 0.071 seconds
[2026-03-16T18:25:43.261+0000] {processor.py:161} INFO - Started process (PID=5650) to work on /opt/airflow/dags/dbt.py
[2026-03-16T18:25:43.264+0000] {processor.py:830} INFO - Processing file /opt/airflow/dags/dbt.py for tasks to queue
[2026-03-16T18:25:43.272+0000] {logging_mixin.py:188} INFO - [2026-03-16T18:25:43.271+0000] {dagbag.py:545} INFO - Filling up the DagBag from /opt/airflow/dags/dbt.py
[2026-03-16T18:25:43.281+0000] {logging_mixin.py:188} INFO - [2026-03-16T18:25:43.278+0000] {dagbag.py:355} ERROR - Failed to import: /opt/airflow/dags/dbt.py
Traceback (most recent call last):
  File "/home/airflow/.local/lib/python3.12/site-packages/airflow/models/dagbag.py", line 351, in parse
    loader.exec_module(new_module)
  File "<frozen importlib._bootstrap_external>", line 995, in exec_module
  File "<frozen importlib._bootstrap>", line 488, in _call_with_frames_removed
  File "/opt/airflow/dags/dbt.py", line 2, in <module>
    from airflow.providers.standard.operators.bash import BashOperator
ModuleNotFoundError: No module named 'airflow.providers.standard'
[2026-03-16T18:25:43.283+0000] {processor.py:842} WARNING - No viable dags retrieved from /opt/airflow/dags/dbt.py
[2026-03-16T18:25:43.315+0000] {processor.py:183} INFO - Processing /opt/airflow/dags/dbt.py took 0.073 seconds
[2026-03-16T18:26:13.741+0000] {processor.py:161} INFO - Started process (PID=5652) to work on /opt/airflow/dags/dbt.py
[2026-03-16T18:26:13.743+0000] {processor.py:830} INFO - Processing file /opt/airflow/dags/dbt.py for tasks to queue
[2026-03-16T18:26:13.747+0000] {logging_mixin.py:188} INFO - [2026-03-16T18:26:13.747+0000] {dagbag.py:545} INFO - Filling up the DagBag from /opt/airflow/dags/dbt.py
[2026-03-16T18:26:13.759+0000] {logging_mixin.py:188} INFO - [2026-03-16T18:26:13.756+0000] {dagbag.py:355} ERROR - Failed to import: /opt/airflow/dags/dbt.py
Traceback (most recent call last):
  File "/home/airflow/.local/lib/python3.12/site-packages/airflow/models/dagbag.py", line 351, in parse
    loader.exec_module(new_module)
  File "<frozen importlib._bootstrap_external>", line 995, in exec_module
  File "<frozen importlib._bootstrap>", line 488, in _call_with_frames_removed
  File "/opt/airflow/dags/dbt.py", line 2, in <module>
    from airflow.providers.standard.operators.bash import BashOperator
ModuleNotFoundError: No module named 'airflow.providers.standard'
[2026-03-16T18:26:13.761+0000] {processor.py:842} WARNING - No viable dags retrieved from /opt/airflow/dags/dbt.py
[2026-03-16T18:26:13.797+0000] {processor.py:183} INFO - Processing /opt/airflow/dags/dbt.py took 0.073 seconds
[2026-03-16T18:26:44.188+0000] {processor.py:161} INFO - Started process (PID=5654) to work on /opt/airflow/dags/dbt.py
[2026-03-16T18:26:44.190+0000] {processor.py:830} INFO - Processing file /opt/airflow/dags/dbt.py for tasks to queue
[2026-03-16T18:26:44.199+0000] {logging_mixin.py:188} INFO - [2026-03-16T18:26:44.198+0000] {dagbag.py:545} INFO - Filling up the DagBag from /opt/airflow/dags/dbt.py
[2026-03-16T18:26:44.206+0000] {logging_mixin.py:188} INFO - [2026-03-16T18:26:44.204+0000] {dagbag.py:355} ERROR - Failed to import: /opt/airflow/dags/dbt.py
Traceback (most recent call last):
  File "/home/airflow/.local/lib/python3.12/site-packages/airflow/models/dagbag.py", line 351, in parse
    loader.exec_module(new_module)
  File "<frozen importlib._bootstrap_external>", line 995, in exec_module
  File "<frozen importlib._bootstrap>", line 488, in _call_with_frames_removed
  File "/opt/airflow/dags/dbt.py", line 2, in <module>
    from airflow.providers.standard.operators.bash import BashOperator
ModuleNotFoundError: No module named 'airflow.providers.standard'
[2026-03-16T18:26:44.209+0000] {processor.py:842} WARNING - No viable dags retrieved from /opt/airflow/dags/dbt.py
[2026-03-16T18:26:44.242+0000] {processor.py:183} INFO - Processing /opt/airflow/dags/dbt.py took 0.075 seconds
[2026-03-16T18:27:14.661+0000] {processor.py:161} INFO - Started process (PID=5656) to work on /opt/airflow/dags/dbt.py
[2026-03-16T18:27:14.663+0000] {processor.py:830} INFO - Processing file /opt/airflow/dags/dbt.py for tasks to queue
[2026-03-16T18:27:14.668+0000] {logging_mixin.py:188} INFO - [2026-03-16T18:27:14.667+0000] {dagbag.py:545} INFO - Filling up the DagBag from /opt/airflow/dags/dbt.py
[2026-03-16T18:27:14.681+0000] {logging_mixin.py:188} INFO - [2026-03-16T18:27:14.675+0000] {dagbag.py:355} ERROR - Failed to import: /opt/airflow/dags/dbt.py
Traceback (most recent call last):
  File "/home/airflow/.local/lib/python3.12/site-packages/airflow/models/dagbag.py", line 351, in parse
    loader.exec_module(new_module)
  File "<frozen importlib._bootstrap_external>", line 995, in exec_module
  File "<frozen importlib._bootstrap>", line 488, in _call_with_frames_removed
  File "/opt/airflow/dags/dbt.py", line 2, in <module>
    from airflow.providers.standard.operators.bash import BashOperator
ModuleNotFoundError: No module named 'airflow.providers.standard'
[2026-03-16T18:27:14.682+0000] {processor.py:842} WARNING - No viable dags retrieved from /opt/airflow/dags/dbt.py
[2026-03-16T18:27:14.721+0000] {processor.py:183} INFO - Processing /opt/airflow/dags/dbt.py took 0.084 seconds
[2026-03-16T18:27:45.201+0000] {processor.py:161} INFO - Started process (PID=5658) to work on /opt/airflow/dags/dbt.py
[2026-03-16T18:27:45.203+0000] {processor.py:830} INFO - Processing file /opt/airflow/dags/dbt.py for tasks to queue
[2026-03-16T18:27:45.210+0000] {logging_mixin.py:188} INFO - [2026-03-16T18:27:45.210+0000] {dagbag.py:545} INFO - Filling up the DagBag from /opt/airflow/dags/dbt.py
[2026-03-16T18:27:45.218+0000] {logging_mixin.py:188} INFO - [2026-03-16T18:27:45.215+0000] {dagbag.py:355} ERROR - Failed to import: /opt/airflow/dags/dbt.py
Traceback (most recent call last):
  File "/home/airflow/.local/lib/python3.12/site-packages/airflow/models/dagbag.py", line 351, in parse
    loader.exec_module(new_module)
  File "<frozen importlib._bootstrap_external>", line 995, in exec_module
  File "<frozen importlib._bootstrap>", line 488, in _call_with_frames_removed
  File "/opt/airflow/dags/dbt.py", line 2, in <module>
    from airflow.providers.standard.operators.bash import BashOperator
ModuleNotFoundError: No module named 'airflow.providers.standard'
[2026-03-16T18:27:45.220+0000] {processor.py:842} WARNING - No viable dags retrieved from /opt/airflow/dags/dbt.py
[2026-03-16T18:27:45.252+0000] {processor.py:183} INFO - Processing /opt/airflow/dags/dbt.py took 0.070 seconds
[2026-03-16T18:28:15.627+0000] {processor.py:161} INFO - Started process (PID=5660) to work on /opt/airflow/dags/dbt.py
[2026-03-16T18:28:15.629+0000] {processor.py:830} INFO - Processing file /opt/airflow/dags/dbt.py for tasks to queue
[2026-03-16T18:28:15.633+0000] {logging_mixin.py:188} INFO - [2026-03-16T18:28:15.633+0000] {dagbag.py:545} INFO - Filling up the DagBag from /opt/airflow/dags/dbt.py
[2026-03-16T18:28:15.646+0000] {logging_mixin.py:188} INFO - [2026-03-16T18:28:15.639+0000] {dagbag.py:355} ERROR - Failed to import: /opt/airflow/dags/dbt.py
Traceback (most recent call last):
  File "/home/airflow/.local/lib/python3.12/site-packages/airflow/models/dagbag.py", line 351, in parse
    loader.exec_module(new_module)
  File "<frozen importlib._bootstrap_external>", line 995, in exec_module
  File "<frozen importlib._bootstrap>", line 488, in _call_with_frames_removed
  File "/opt/airflow/dags/dbt.py", line 2, in <module>
    from airflow.providers.standard.operators.bash import BashOperator
ModuleNotFoundError: No module named 'airflow.providers.standard'
[2026-03-16T18:28:15.647+0000] {processor.py:842} WARNING - No viable dags retrieved from /opt/airflow/dags/dbt.py
[2026-03-16T18:28:15.687+0000] {processor.py:183} INFO - Processing /opt/airflow/dags/dbt.py took 0.087 seconds
[2026-03-16T18:28:46.250+0000] {processor.py:161} INFO - Started process (PID=5662) to work on /opt/airflow/dags/dbt.py
[2026-03-16T18:28:46.252+0000] {processor.py:830} INFO - Processing file /opt/airflow/dags/dbt.py for tasks to queue
[2026-03-16T18:28:46.256+0000] {logging_mixin.py:188} INFO - [2026-03-16T18:28:46.255+0000] {dagbag.py:545} INFO - Filling up the DagBag from /opt/airflow/dags/dbt.py
[2026-03-16T18:28:46.267+0000] {logging_mixin.py:188} INFO - [2026-03-16T18:28:46.263+0000] {dagbag.py:355} ERROR - Failed to import: /opt/airflow/dags/dbt.py
Traceback (most recent call last):
  File "/home/airflow/.local/lib/python3.12/site-packages/airflow/models/dagbag.py", line 351, in parse
    loader.exec_module(new_module)
  File "<frozen importlib._bootstrap_external>", line 995, in exec_module
  File "<frozen importlib._bootstrap>", line 488, in _call_with_frames_removed
  File "/opt/airflow/dags/dbt.py", line 2, in <module>
    from airflow.providers.standard.operators.bash import BashOperator
ModuleNotFoundError: No module named 'airflow.providers.standard'
[2026-03-16T18:28:46.267+0000] {processor.py:842} WARNING - No viable dags retrieved from /opt/airflow/dags/dbt.py
[2026-03-16T18:28:46.304+0000] {processor.py:183} INFO - Processing /opt/airflow/dags/dbt.py took 0.079 seconds
[2026-03-16T18:29:16.671+0000] {processor.py:161} INFO - Started process (PID=5664) to work on /opt/airflow/dags/dbt.py
[2026-03-16T18:29:16.672+0000] {processor.py:830} INFO - Processing file /opt/airflow/dags/dbt.py for tasks to queue
[2026-03-16T18:29:16.681+0000] {logging_mixin.py:188} INFO - [2026-03-16T18:29:16.681+0000] {dagbag.py:545} INFO - Filling up the DagBag from /opt/airflow/dags/dbt.py
[2026-03-16T18:29:16.689+0000] {logging_mixin.py:188} INFO - [2026-03-16T18:29:16.686+0000] {dagbag.py:355} ERROR - Failed to import: /opt/airflow/dags/dbt.py
Traceback (most recent call last):
  File "/home/airflow/.local/lib/python3.12/site-packages/airflow/models/dagbag.py", line 351, in parse
    loader.exec_module(new_module)
  File "<frozen importlib._bootstrap_external>", line 995, in exec_module
  File "<frozen importlib._bootstrap>", line 488, in _call_with_frames_removed
  File "/opt/airflow/dags/dbt.py", line 2, in <module>
    from airflow.providers.standard.operators.bash import BashOperator
ModuleNotFoundError: No module named 'airflow.providers.standard'
[2026-03-16T18:29:16.689+0000] {processor.py:842} WARNING - No viable dags retrieved from /opt/airflow/dags/dbt.py
[2026-03-16T18:29:16.722+0000] {processor.py:183} INFO - Processing /opt/airflow/dags/dbt.py took 0.072 seconds
[2026-03-16T18:29:47.213+0000] {processor.py:161} INFO - Started process (PID=5666) to work on /opt/airflow/dags/dbt.py
[2026-03-16T18:29:47.214+0000] {processor.py:830} INFO - Processing file /opt/airflow/dags/dbt.py for tasks to queue
[2026-03-16T18:29:47.221+0000] {logging_mixin.py:188} INFO - [2026-03-16T18:29:47.221+0000] {dagbag.py:545} INFO - Filling up the DagBag from /opt/airflow/dags/dbt.py
[2026-03-16T18:29:47.229+0000] {logging_mixin.py:188} INFO - [2026-03-16T18:29:47.226+0000] {dagbag.py:355} ERROR - Failed to import: /opt/airflow/dags/dbt.py
Traceback (most recent call last):
  File "/home/airflow/.local/lib/python3.12/site-packages/airflow/models/dagbag.py", line 351, in parse
    loader.exec_module(new_module)
  File "<frozen importlib._bootstrap_external>", line 995, in exec_module
  File "<frozen importlib._bootstrap>", line 488, in _call_with_frames_removed
  File "/opt/airflow/dags/dbt.py", line 2, in <module>
    from airflow.providers.standard.operators.bash import BashOperator
ModuleNotFoundError: No module named 'airflow.providers.standard'
[2026-03-16T18:29:47.230+0000] {processor.py:842} WARNING - No viable dags retrieved from /opt/airflow/dags/dbt.py
[2026-03-16T18:29:47.271+0000] {processor.py:183} INFO - Processing /opt/airflow/dags/dbt.py took 0.083 seconds
[2026-03-16T18:30:17.651+0000] {processor.py:161} INFO - Started process (PID=5668) to work on /opt/airflow/dags/dbt.py
[2026-03-16T18:30:17.653+0000] {processor.py:830} INFO - Processing file /opt/airflow/dags/dbt.py for tasks to queue
[2026-03-16T18:30:17.658+0000] {logging_mixin.py:188} INFO - [2026-03-16T18:30:17.658+0000] {dagbag.py:545} INFO - Filling up the DagBag from /opt/airflow/dags/dbt.py
[2026-03-16T18:30:17.664+0000] {logging_mixin.py:188} INFO - [2026-03-16T18:30:17.663+0000] {dagbag.py:355} ERROR - Failed to import: /opt/airflow/dags/dbt.py
Traceback (most recent call last):
  File "/home/airflow/.local/lib/python3.12/site-packages/airflow/models/dagbag.py", line 351, in parse
    loader.exec_module(new_module)
  File "<frozen importlib._bootstrap_external>", line 995, in exec_module
  File "<frozen importlib._bootstrap>", line 488, in _call_with_frames_removed
  File "/opt/airflow/dags/dbt.py", line 2, in <module>
    from airflow.providers.standard.operators.bash import BashOperator
ModuleNotFoundError: No module named 'airflow.providers.standard'
[2026-03-16T18:30:17.664+0000] {processor.py:842} WARNING - No viable dags retrieved from /opt/airflow/dags/dbt.py
[2026-03-16T18:30:17.701+0000] {processor.py:183} INFO - Processing /opt/airflow/dags/dbt.py took 0.072 seconds
[2026-03-16T18:30:48.074+0000] {processor.py:161} INFO - Started process (PID=5670) to work on /opt/airflow/dags/dbt.py
[2026-03-16T18:30:48.075+0000] {processor.py:830} INFO - Processing file /opt/airflow/dags/dbt.py for tasks to queue
[2026-03-16T18:30:48.084+0000] {logging_mixin.py:188} INFO - [2026-03-16T18:30:48.083+0000] {dagbag.py:545} INFO - Filling up the DagBag from /opt/airflow/dags/dbt.py
[2026-03-16T18:30:48.093+0000] {logging_mixin.py:188} INFO - [2026-03-16T18:30:48.091+0000] {dagbag.py:355} ERROR - Failed to import: /opt/airflow/dags/dbt.py
Traceback (most recent call last):
  File "/home/airflow/.local/lib/python3.12/site-packages/airflow/models/dagbag.py", line 351, in parse
    loader.exec_module(new_module)
  File "<frozen importlib._bootstrap_external>", line 995, in exec_module
  File "<frozen importlib._bootstrap>", line 488, in _call_with_frames_removed
  File "/opt/airflow/dags/dbt.py", line 2, in <module>
    from airflow.providers.standard.operators.bash import BashOperator
ModuleNotFoundError: No module named 'airflow.providers.standard'
[2026-03-16T18:30:48.093+0000] {processor.py:842} WARNING - No viable dags retrieved from /opt/airflow/dags/dbt.py
[2026-03-16T18:30:48.147+0000] {processor.py:183} INFO - Processing /opt/airflow/dags/dbt.py took 0.093 seconds
[2026-03-16T18:31:18.571+0000] {processor.py:161} INFO - Started process (PID=5672) to work on /opt/airflow/dags/dbt.py
[2026-03-16T18:31:18.572+0000] {processor.py:830} INFO - Processing file /opt/airflow/dags/dbt.py for tasks to queue
[2026-03-16T18:31:18.579+0000] {logging_mixin.py:188} INFO - [2026-03-16T18:31:18.578+0000] {dagbag.py:545} INFO - Filling up the DagBag from /opt/airflow/dags/dbt.py
[2026-03-16T18:31:18.590+0000] {logging_mixin.py:188} INFO - [2026-03-16T18:31:18.587+0000] {dagbag.py:355} ERROR - Failed to import: /opt/airflow/dags/dbt.py
Traceback (most recent call last):
  File "/home/airflow/.local/lib/python3.12/site-packages/airflow/models/dagbag.py", line 351, in parse
    loader.exec_module(new_module)
  File "<frozen importlib._bootstrap_external>", line 995, in exec_module
  File "<frozen importlib._bootstrap>", line 488, in _call_with_frames_removed
  File "/opt/airflow/dags/dbt.py", line 2, in <module>
    from airflow.providers.standard.operators.bash import BashOperator
ModuleNotFoundError: No module named 'airflow.providers.standard'
[2026-03-16T18:31:18.591+0000] {processor.py:842} WARNING - No viable dags retrieved from /opt/airflow/dags/dbt.py
[2026-03-16T18:31:18.624+0000] {processor.py:183} INFO - Processing /opt/airflow/dags/dbt.py took 0.074 seconds
[2026-03-16T18:31:48.998+0000] {processor.py:161} INFO - Started process (PID=5674) to work on /opt/airflow/dags/dbt.py
[2026-03-16T18:31:49.001+0000] {processor.py:830} INFO - Processing file /opt/airflow/dags/dbt.py for tasks to queue
[2026-03-16T18:31:49.004+0000] {logging_mixin.py:188} INFO - [2026-03-16T18:31:49.003+0000] {dagbag.py:545} INFO - Filling up the DagBag from /opt/airflow/dags/dbt.py
[2026-03-16T18:31:49.015+0000] {logging_mixin.py:188} INFO - [2026-03-16T18:31:49.011+0000] {dagbag.py:355} ERROR - Failed to import: /opt/airflow/dags/dbt.py
Traceback (most recent call last):
  File "/home/airflow/.local/lib/python3.12/site-packages/airflow/models/dagbag.py", line 351, in parse
    loader.exec_module(new_module)
  File "<frozen importlib._bootstrap_external>", line 995, in exec_module
  File "<frozen importlib._bootstrap>", line 488, in _call_with_frames_removed
  File "/opt/airflow/dags/dbt.py", line 2, in <module>
    from airflow.providers.standard.operators.bash import BashOperator
ModuleNotFoundError: No module named 'airflow.providers.standard'
[2026-03-16T18:31:49.016+0000] {processor.py:842} WARNING - No viable dags retrieved from /opt/airflow/dags/dbt.py
[2026-03-16T18:31:49.057+0000] {processor.py:183} INFO - Processing /opt/airflow/dags/dbt.py took 0.078 seconds
[2026-03-16T18:32:19.407+0000] {processor.py:161} INFO - Started process (PID=5676) to work on /opt/airflow/dags/dbt.py
[2026-03-16T18:32:19.409+0000] {processor.py:830} INFO - Processing file /opt/airflow/dags/dbt.py for tasks to queue
[2026-03-16T18:32:19.416+0000] {logging_mixin.py:188} INFO - [2026-03-16T18:32:19.415+0000] {dagbag.py:545} INFO - Filling up the DagBag from /opt/airflow/dags/dbt.py
[2026-03-16T18:32:19.425+0000] {logging_mixin.py:188} INFO - [2026-03-16T18:32:19.423+0000] {dagbag.py:355} ERROR - Failed to import: /opt/airflow/dags/dbt.py
Traceback (most recent call last):
  File "/home/airflow/.local/lib/python3.12/site-packages/airflow/models/dagbag.py", line 351, in parse
    loader.exec_module(new_module)
  File "<frozen importlib._bootstrap_external>", line 995, in exec_module
  File "<frozen importlib._bootstrap>", line 488, in _call_with_frames_removed
  File "/opt/airflow/dags/dbt.py", line 2, in <module>
    from airflow.providers.standard.operators.bash import BashOperator
ModuleNotFoundError: No module named 'airflow.providers.standard'
[2026-03-16T18:32:19.426+0000] {processor.py:842} WARNING - No viable dags retrieved from /opt/airflow/dags/dbt.py
[2026-03-16T18:32:19.459+0000] {processor.py:183} INFO - Processing /opt/airflow/dags/dbt.py took 0.067 seconds
[2026-03-16T18:32:49.897+0000] {processor.py:161} INFO - Started process (PID=5678) to work on /opt/airflow/dags/dbt.py
[2026-03-16T18:32:49.899+0000] {processor.py:830} INFO - Processing file /opt/airflow/dags/dbt.py for tasks to queue
[2026-03-16T18:32:49.904+0000] {logging_mixin.py:188} INFO - [2026-03-16T18:32:49.904+0000] {dagbag.py:545} INFO - Filling up the DagBag from /opt/airflow/dags/dbt.py
[2026-03-16T18:32:49.913+0000] {logging_mixin.py:188} INFO - [2026-03-16T18:32:49.911+0000] {dagbag.py:355} ERROR - Failed to import: /opt/airflow/dags/dbt.py
Traceback (most recent call last):
  File "/home/airflow/.local/lib/python3.12/site-packages/airflow/models/dagbag.py", line 351, in parse
    loader.exec_module(new_module)
  File "<frozen importlib._bootstrap_external>", line 995, in exec_module
  File "<frozen importlib._bootstrap>", line 488, in _call_with_frames_removed
  File "/opt/airflow/dags/dbt.py", line 2, in <module>
    from airflow.providers.standard.operators.bash import BashOperator
ModuleNotFoundError: No module named 'airflow.providers.standard'
[2026-03-16T18:32:49.913+0000] {processor.py:842} WARNING - No viable dags retrieved from /opt/airflow/dags/dbt.py
[2026-03-16T18:32:49.946+0000] {processor.py:183} INFO - Processing /opt/airflow/dags/dbt.py took 0.068 seconds
[2026-03-16T18:33:20.428+0000] {processor.py:161} INFO - Started process (PID=5680) to work on /opt/airflow/dags/dbt.py
[2026-03-16T18:33:20.431+0000] {processor.py:830} INFO - Processing file /opt/airflow/dags/dbt.py for tasks to queue
[2026-03-16T18:33:20.437+0000] {logging_mixin.py:188} INFO - [2026-03-16T18:33:20.436+0000] {dagbag.py:545} INFO - Filling up the DagBag from /opt/airflow/dags/dbt.py
[2026-03-16T18:33:20.447+0000] {logging_mixin.py:188} INFO - [2026-03-16T18:33:20.442+0000] {dagbag.py:355} ERROR - Failed to import: /opt/airflow/dags/dbt.py
Traceback (most recent call last):
  File "/home/airflow/.local/lib/python3.12/site-packages/airflow/models/dagbag.py", line 351, in parse
    loader.exec_module(new_module)
  File "<frozen importlib._bootstrap_external>", line 995, in exec_module
  File "<frozen importlib._bootstrap>", line 488, in _call_with_frames_removed
  File "/opt/airflow/dags/dbt.py", line 2, in <module>
    from airflow.providers.standard.operators.bash import BashOperator
ModuleNotFoundError: No module named 'airflow.providers.standard'
[2026-03-16T18:33:20.448+0000] {processor.py:842} WARNING - No viable dags retrieved from /opt/airflow/dags/dbt.py
[2026-03-16T18:33:20.483+0000] {processor.py:183} INFO - Processing /opt/airflow/dags/dbt.py took 0.086 seconds
[2026-03-16T18:33:50.912+0000] {processor.py:161} INFO - Started process (PID=5682) to work on /opt/airflow/dags/dbt.py
[2026-03-16T18:33:50.914+0000] {processor.py:830} INFO - Processing file /opt/airflow/dags/dbt.py for tasks to queue
[2026-03-16T18:33:50.918+0000] {logging_mixin.py:188} INFO - [2026-03-16T18:33:50.918+0000] {dagbag.py:545} INFO - Filling up the DagBag from /opt/airflow/dags/dbt.py
[2026-03-16T18:33:50.931+0000] {logging_mixin.py:188} INFO - [2026-03-16T18:33:50.929+0000] {dagbag.py:355} ERROR - Failed to import: /opt/airflow/dags/dbt.py
Traceback (most recent call last):
  File "/home/airflow/.local/lib/python3.12/site-packages/airflow/models/dagbag.py", line 351, in parse
    loader.exec_module(new_module)
  File "<frozen importlib._bootstrap_external>", line 995, in exec_module
  File "<frozen importlib._bootstrap>", line 488, in _call_with_frames_removed
  File "/opt/airflow/dags/dbt.py", line 2, in <module>
    from airflow.providers.standard.operators.bash import BashOperator
ModuleNotFoundError: No module named 'airflow.providers.standard'
[2026-03-16T18:33:50.933+0000] {processor.py:842} WARNING - No viable dags retrieved from /opt/airflow/dags/dbt.py
[2026-03-16T18:33:50.971+0000] {processor.py:183} INFO - Processing /opt/airflow/dags/dbt.py took 0.073 seconds
[2026-03-16T18:34:21.378+0000] {processor.py:161} INFO - Started process (PID=5684) to work on /opt/airflow/dags/dbt.py
[2026-03-16T18:34:21.381+0000] {processor.py:830} INFO - Processing file /opt/airflow/dags/dbt.py for tasks to queue
[2026-03-16T18:34:21.384+0000] {logging_mixin.py:188} INFO - [2026-03-16T18:34:21.384+0000] {dagbag.py:545} INFO - Filling up the DagBag from /opt/airflow/dags/dbt.py
[2026-03-16T18:34:21.395+0000] {logging_mixin.py:188} INFO - [2026-03-16T18:34:21.391+0000] {dagbag.py:355} ERROR - Failed to import: /opt/airflow/dags/dbt.py
Traceback (most recent call last):
  File "/home/airflow/.local/lib/python3.12/site-packages/airflow/models/dagbag.py", line 351, in parse
    loader.exec_module(new_module)
  File "<frozen importlib._bootstrap_external>", line 995, in exec_module
  File "<frozen importlib._bootstrap>", line 488, in _call_with_frames_removed
  File "/opt/airflow/dags/dbt.py", line 2, in <module>
    from airflow.providers.standard.operators.bash import BashOperator
ModuleNotFoundError: No module named 'airflow.providers.standard'
[2026-03-16T18:34:21.396+0000] {processor.py:842} WARNING - No viable dags retrieved from /opt/airflow/dags/dbt.py
[2026-03-16T18:34:21.424+0000] {processor.py:183} INFO - Processing /opt/airflow/dags/dbt.py took 0.059 seconds
[2026-03-16T18:34:51.836+0000] {processor.py:161} INFO - Started process (PID=5686) to work on /opt/airflow/dags/dbt.py
[2026-03-16T18:34:51.838+0000] {processor.py:830} INFO - Processing file /opt/airflow/dags/dbt.py for tasks to queue
[2026-03-16T18:34:51.844+0000] {logging_mixin.py:188} INFO - [2026-03-16T18:34:51.844+0000] {dagbag.py:545} INFO - Filling up the DagBag from /opt/airflow/dags/dbt.py
[2026-03-16T18:34:51.854+0000] {logging_mixin.py:188} INFO - [2026-03-16T18:34:51.850+0000] {dagbag.py:355} ERROR - Failed to import: /opt/airflow/dags/dbt.py
Traceback (most recent call last):
  File "/home/airflow/.local/lib/python3.12/site-packages/airflow/models/dagbag.py", line 351, in parse
    loader.exec_module(new_module)
  File "<frozen importlib._bootstrap_external>", line 995, in exec_module
  File "<frozen importlib._bootstrap>", line 488, in _call_with_frames_removed
  File "/opt/airflow/dags/dbt.py", line 2, in <module>
    from airflow.providers.standard.operators.bash import BashOperator
ModuleNotFoundError: No module named 'airflow.providers.standard'
[2026-03-16T18:34:51.855+0000] {processor.py:842} WARNING - No viable dags retrieved from /opt/airflow/dags/dbt.py
[2026-03-16T18:34:51.887+0000] {processor.py:183} INFO - Processing /opt/airflow/dags/dbt.py took 0.070 seconds
[2026-03-16T18:35:22.331+0000] {processor.py:161} INFO - Started process (PID=5688) to work on /opt/airflow/dags/dbt.py
[2026-03-16T18:35:22.334+0000] {processor.py:830} INFO - Processing file /opt/airflow/dags/dbt.py for tasks to queue
[2026-03-16T18:35:22.340+0000] {logging_mixin.py:188} INFO - [2026-03-16T18:35:22.339+0000] {dagbag.py:545} INFO - Filling up the DagBag from /opt/airflow/dags/dbt.py
[2026-03-16T18:35:22.351+0000] {logging_mixin.py:188} INFO - [2026-03-16T18:35:22.348+0000] {dagbag.py:355} ERROR - Failed to import: /opt/airflow/dags/dbt.py
Traceback (most recent call last):
  File "/home/airflow/.local/lib/python3.12/site-packages/airflow/models/dagbag.py", line 351, in parse
    loader.exec_module(new_module)
  File "<frozen importlib._bootstrap_external>", line 995, in exec_module
  File "<frozen importlib._bootstrap>", line 488, in _call_with_frames_removed
  File "/opt/airflow/dags/dbt.py", line 2, in <module>
    from airflow.providers.standard.operators.bash import BashOperator
ModuleNotFoundError: No module named 'airflow.providers.standard'
[2026-03-16T18:35:22.352+0000] {processor.py:842} WARNING - No viable dags retrieved from /opt/airflow/dags/dbt.py
[2026-03-16T18:35:22.381+0000] {processor.py:183} INFO - Processing /opt/airflow/dags/dbt.py took 0.071 seconds
[2026-03-16T18:35:52.849+0000] {processor.py:161} INFO - Started process (PID=5690) to work on /opt/airflow/dags/dbt.py
[2026-03-16T18:35:52.851+0000] {processor.py:830} INFO - Processing file /opt/airflow/dags/dbt.py for tasks to queue
[2026-03-16T18:35:52.856+0000] {logging_mixin.py:188} INFO - [2026-03-16T18:35:52.855+0000] {dagbag.py:545} INFO - Filling up the DagBag from /opt/airflow/dags/dbt.py
[2026-03-16T18:35:52.869+0000] {logging_mixin.py:188} INFO - [2026-03-16T18:35:52.865+0000] {dagbag.py:355} ERROR - Failed to import: /opt/airflow/dags/dbt.py
Traceback (most recent call last):
  File "/home/airflow/.local/lib/python3.12/site-packages/airflow/models/dagbag.py", line 351, in parse
    loader.exec_module(new_module)
  File "<frozen importlib._bootstrap_external>", line 995, in exec_module
  File "<frozen importlib._bootstrap>", line 488, in _call_with_frames_removed
  File "/opt/airflow/dags/dbt.py", line 2, in <module>
    from airflow.providers.standard.operators.bash import BashOperator
ModuleNotFoundError: No module named 'airflow.providers.standard'
[2026-03-16T18:35:52.869+0000] {processor.py:842} WARNING - No viable dags retrieved from /opt/airflow/dags/dbt.py
[2026-03-16T18:35:52.906+0000] {processor.py:183} INFO - Processing /opt/airflow/dags/dbt.py took 0.083 seconds
[2026-03-16T18:36:23.323+0000] {processor.py:161} INFO - Started process (PID=5692) to work on /opt/airflow/dags/dbt.py
[2026-03-16T18:36:23.326+0000] {processor.py:830} INFO - Processing file /opt/airflow/dags/dbt.py for tasks to queue
[2026-03-16T18:36:23.331+0000] {logging_mixin.py:188} INFO - [2026-03-16T18:36:23.331+0000] {dagbag.py:545} INFO - Filling up the DagBag from /opt/airflow/dags/dbt.py
[2026-03-16T18:36:23.340+0000] {logging_mixin.py:188} INFO - [2026-03-16T18:36:23.336+0000] {dagbag.py:355} ERROR - Failed to import: /opt/airflow/dags/dbt.py
Traceback (most recent call last):
  File "/home/airflow/.local/lib/python3.12/site-packages/airflow/models/dagbag.py", line 351, in parse
    loader.exec_module(new_module)
  File "<frozen importlib._bootstrap_external>", line 995, in exec_module
  File "<frozen importlib._bootstrap>", line 488, in _call_with_frames_removed
  File "/opt/airflow/dags/dbt.py", line 2, in <module>
    from airflow.providers.standard.operators.bash import BashOperator
ModuleNotFoundError: No module named 'airflow.providers.standard'
[2026-03-16T18:36:23.340+0000] {processor.py:842} WARNING - No viable dags retrieved from /opt/airflow/dags/dbt.py
[2026-03-16T18:36:23.371+0000] {processor.py:183} INFO - Processing /opt/airflow/dags/dbt.py took 0.075 seconds
[2026-03-16T18:36:53.808+0000] {processor.py:161} INFO - Started process (PID=5694) to work on /opt/airflow/dags/dbt.py
[2026-03-16T18:36:53.809+0000] {processor.py:830} INFO - Processing file /opt/airflow/dags/dbt.py for tasks to queue
[2026-03-16T18:36:53.814+0000] {logging_mixin.py:188} INFO - [2026-03-16T18:36:53.813+0000] {dagbag.py:545} INFO - Filling up the DagBag from /opt/airflow/dags/dbt.py
[2026-03-16T18:36:53.823+0000] {logging_mixin.py:188} INFO - [2026-03-16T18:36:53.821+0000] {dagbag.py:355} ERROR - Failed to import: /opt/airflow/dags/dbt.py
Traceback (most recent call last):
  File "/home/airflow/.local/lib/python3.12/site-packages/airflow/models/dagbag.py", line 351, in parse
    loader.exec_module(new_module)
  File "<frozen importlib._bootstrap_external>", line 995, in exec_module
  File "<frozen importlib._bootstrap>", line 488, in _call_with_frames_removed
  File "/opt/airflow/dags/dbt.py", line 2, in <module>
    from airflow.providers.standard.operators.bash import BashOperator
ModuleNotFoundError: No module named 'airflow.providers.standard'
[2026-03-16T18:36:53.823+0000] {processor.py:842} WARNING - No viable dags retrieved from /opt/airflow/dags/dbt.py
[2026-03-16T18:36:53.864+0000] {processor.py:183} INFO - Processing /opt/airflow/dags/dbt.py took 0.076 seconds
[2026-03-16T18:37:24.312+0000] {processor.py:161} INFO - Started process (PID=5696) to work on /opt/airflow/dags/dbt.py
[2026-03-16T18:37:24.314+0000] {processor.py:830} INFO - Processing file /opt/airflow/dags/dbt.py for tasks to queue
[2026-03-16T18:37:24.317+0000] {logging_mixin.py:188} INFO - [2026-03-16T18:37:24.317+0000] {dagbag.py:545} INFO - Filling up the DagBag from /opt/airflow/dags/dbt.py
[2026-03-16T18:37:24.332+0000] {logging_mixin.py:188} INFO - [2026-03-16T18:37:24.330+0000] {dagbag.py:355} ERROR - Failed to import: /opt/airflow/dags/dbt.py
Traceback (most recent call last):
  File "/home/airflow/.local/lib/python3.12/site-packages/airflow/models/dagbag.py", line 351, in parse
    loader.exec_module(new_module)
  File "<frozen importlib._bootstrap_external>", line 995, in exec_module
  File "<frozen importlib._bootstrap>", line 488, in _call_with_frames_removed
  File "/opt/airflow/dags/dbt.py", line 2, in <module>
    from airflow.providers.standard.operators.bash import BashOperator
ModuleNotFoundError: No module named 'airflow.providers.standard'
[2026-03-16T18:37:24.332+0000] {processor.py:842} WARNING - No viable dags retrieved from /opt/airflow/dags/dbt.py
[2026-03-16T18:37:24.363+0000] {processor.py:183} INFO - Processing /opt/airflow/dags/dbt.py took 0.069 seconds
[2026-03-16T18:37:54.805+0000] {processor.py:161} INFO - Started process (PID=5698) to work on /opt/airflow/dags/dbt.py
[2026-03-16T18:37:54.808+0000] {processor.py:830} INFO - Processing file /opt/airflow/dags/dbt.py for tasks to queue
[2026-03-16T18:37:54.815+0000] {logging_mixin.py:188} INFO - [2026-03-16T18:37:54.814+0000] {dagbag.py:545} INFO - Filling up the DagBag from /opt/airflow/dags/dbt.py
[2026-03-16T18:37:54.827+0000] {logging_mixin.py:188} INFO - [2026-03-16T18:37:54.826+0000] {dagbag.py:355} ERROR - Failed to import: /opt/airflow/dags/dbt.py
Traceback (most recent call last):
  File "/home/airflow/.local/lib/python3.12/site-packages/airflow/models/dagbag.py", line 351, in parse
    loader.exec_module(new_module)
  File "<frozen importlib._bootstrap_external>", line 995, in exec_module
  File "<frozen importlib._bootstrap>", line 488, in _call_with_frames_removed
  File "/opt/airflow/dags/dbt.py", line 2, in <module>
    from airflow.providers.standard.operators.bash import BashOperator
ModuleNotFoundError: No module named 'airflow.providers.standard'
[2026-03-16T18:37:54.828+0000] {processor.py:842} WARNING - No viable dags retrieved from /opt/airflow/dags/dbt.py
[2026-03-16T18:37:54.862+0000] {processor.py:183} INFO - Processing /opt/airflow/dags/dbt.py took 0.071 seconds
[2026-03-16T18:38:25.261+0000] {processor.py:161} INFO - Started process (PID=5700) to work on /opt/airflow/dags/dbt.py
[2026-03-16T18:38:25.263+0000] {processor.py:830} INFO - Processing file /opt/airflow/dags/dbt.py for tasks to queue
[2026-03-16T18:38:25.269+0000] {logging_mixin.py:188} INFO - [2026-03-16T18:38:25.268+0000] {dagbag.py:545} INFO - Filling up the DagBag from /opt/airflow/dags/dbt.py
[2026-03-16T18:38:25.277+0000] {logging_mixin.py:188} INFO - [2026-03-16T18:38:25.275+0000] {dagbag.py:355} ERROR - Failed to import: /opt/airflow/dags/dbt.py
Traceback (most recent call last):
  File "/home/airflow/.local/lib/python3.12/site-packages/airflow/models/dagbag.py", line 351, in parse
    loader.exec_module(new_module)
  File "<frozen importlib._bootstrap_external>", line 995, in exec_module
  File "<frozen importlib._bootstrap>", line 488, in _call_with_frames_removed
  File "/opt/airflow/dags/dbt.py", line 2, in <module>
    from airflow.providers.standard.operators.bash import BashOperator
ModuleNotFoundError: No module named 'airflow.providers.standard'
[2026-03-16T18:38:25.278+0000] {processor.py:842} WARNING - No viable dags retrieved from /opt/airflow/dags/dbt.py
[2026-03-16T18:38:25.312+0000] {processor.py:183} INFO - Processing /opt/airflow/dags/dbt.py took 0.066 seconds
[2026-03-16T18:38:55.774+0000] {processor.py:161} INFO - Started process (PID=5702) to work on /opt/airflow/dags/dbt.py
[2026-03-16T18:38:55.778+0000] {processor.py:830} INFO - Processing file /opt/airflow/dags/dbt.py for tasks to queue
[2026-03-16T18:38:55.783+0000] {logging_mixin.py:188} INFO - [2026-03-16T18:38:55.782+0000] {dagbag.py:545} INFO - Filling up the DagBag from /opt/airflow/dags/dbt.py
[2026-03-16T18:38:55.790+0000] {logging_mixin.py:188} INFO - [2026-03-16T18:38:55.789+0000] {dagbag.py:355} ERROR - Failed to import: /opt/airflow/dags/dbt.py
Traceback (most recent call last):
  File "/home/airflow/.local/lib/python3.12/site-packages/airflow/models/dagbag.py", line 351, in parse
    loader.exec_module(new_module)
  File "<frozen importlib._bootstrap_external>", line 995, in exec_module
  File "<frozen importlib._bootstrap>", line 488, in _call_with_frames_removed
  File "/opt/airflow/dags/dbt.py", line 2, in <module>
    from airflow.providers.standard.operators.bash import BashOperator
ModuleNotFoundError: No module named 'airflow.providers.standard'
[2026-03-16T18:38:55.791+0000] {processor.py:842} WARNING - No viable dags retrieved from /opt/airflow/dags/dbt.py
[2026-03-16T18:38:55.822+0000] {processor.py:183} INFO - Processing /opt/airflow/dags/dbt.py took 0.062 seconds
[2026-03-16T18:39:26.252+0000] {processor.py:161} INFO - Started process (PID=5704) to work on /opt/airflow/dags/dbt.py
[2026-03-16T18:39:26.254+0000] {processor.py:830} INFO - Processing file /opt/airflow/dags/dbt.py for tasks to queue
[2026-03-16T18:39:26.266+0000] {logging_mixin.py:188} INFO - [2026-03-16T18:39:26.265+0000] {dagbag.py:545} INFO - Filling up the DagBag from /opt/airflow/dags/dbt.py
[2026-03-16T18:39:26.272+0000] {logging_mixin.py:188} INFO - [2026-03-16T18:39:26.270+0000] {dagbag.py:355} ERROR - Failed to import: /opt/airflow/dags/dbt.py
Traceback (most recent call last):
  File "/home/airflow/.local/lib/python3.12/site-packages/airflow/models/dagbag.py", line 351, in parse
    loader.exec_module(new_module)
  File "<frozen importlib._bootstrap_external>", line 995, in exec_module
  File "<frozen importlib._bootstrap>", line 488, in _call_with_frames_removed
  File "/opt/airflow/dags/dbt.py", line 2, in <module>
    from airflow.providers.standard.operators.bash import BashOperator
ModuleNotFoundError: No module named 'airflow.providers.standard'
[2026-03-16T18:39:26.272+0000] {processor.py:842} WARNING - No viable dags retrieved from /opt/airflow/dags/dbt.py
[2026-03-16T18:39:26.317+0000] {processor.py:183} INFO - Processing /opt/airflow/dags/dbt.py took 0.094 seconds
[2026-03-16T18:39:56.794+0000] {processor.py:161} INFO - Started process (PID=5706) to work on /opt/airflow/dags/dbt.py
[2026-03-16T18:39:56.797+0000] {processor.py:830} INFO - Processing file /opt/airflow/dags/dbt.py for tasks to queue
[2026-03-16T18:39:56.804+0000] {logging_mixin.py:188} INFO - [2026-03-16T18:39:56.804+0000] {dagbag.py:545} INFO - Filling up the DagBag from /opt/airflow/dags/dbt.py
[2026-03-16T18:39:56.811+0000] {logging_mixin.py:188} INFO - [2026-03-16T18:39:56.809+0000] {dagbag.py:355} ERROR - Failed to import: /opt/airflow/dags/dbt.py
Traceback (most recent call last):
  File "/home/airflow/.local/lib/python3.12/site-packages/airflow/models/dagbag.py", line 351, in parse
    loader.exec_module(new_module)
  File "<frozen importlib._bootstrap_external>", line 995, in exec_module
  File "<frozen importlib._bootstrap>", line 488, in _call_with_frames_removed
  File "/opt/airflow/dags/dbt.py", line 2, in <module>
    from airflow.providers.standard.operators.bash import BashOperator
ModuleNotFoundError: No module named 'airflow.providers.standard'
[2026-03-16T18:39:56.813+0000] {processor.py:842} WARNING - No viable dags retrieved from /opt/airflow/dags/dbt.py
[2026-03-16T18:39:56.853+0000] {processor.py:183} INFO - Processing /opt/airflow/dags/dbt.py took 0.077 seconds
[2026-03-16T18:40:27.257+0000] {processor.py:161} INFO - Started process (PID=5708) to work on /opt/airflow/dags/dbt.py
[2026-03-16T18:40:27.260+0000] {processor.py:830} INFO - Processing file /opt/airflow/dags/dbt.py for tasks to queue
[2026-03-16T18:40:27.266+0000] {logging_mixin.py:188} INFO - [2026-03-16T18:40:27.265+0000] {dagbag.py:545} INFO - Filling up the DagBag from /opt/airflow/dags/dbt.py
[2026-03-16T18:40:27.280+0000] {logging_mixin.py:188} INFO - [2026-03-16T18:40:27.275+0000] {dagbag.py:355} ERROR - Failed to import: /opt/airflow/dags/dbt.py
Traceback (most recent call last):
  File "/home/airflow/.local/lib/python3.12/site-packages/airflow/models/dagbag.py", line 351, in parse
    loader.exec_module(new_module)
  File "<frozen importlib._bootstrap_external>", line 995, in exec_module
  File "<frozen importlib._bootstrap>", line 488, in _call_with_frames_removed
  File "/opt/airflow/dags/dbt.py", line 2, in <module>
    from airflow.providers.standard.operators.bash import BashOperator
ModuleNotFoundError: No module named 'airflow.providers.standard'
[2026-03-16T18:40:27.281+0000] {processor.py:842} WARNING - No viable dags retrieved from /opt/airflow/dags/dbt.py
[2026-03-16T18:40:27.311+0000] {processor.py:183} INFO - Processing /opt/airflow/dags/dbt.py took 0.077 seconds
[2026-03-16T18:40:57.769+0000] {processor.py:161} INFO - Started process (PID=5710) to work on /opt/airflow/dags/dbt.py
[2026-03-16T18:40:57.770+0000] {processor.py:830} INFO - Processing file /opt/airflow/dags/dbt.py for tasks to queue
[2026-03-16T18:40:57.775+0000] {logging_mixin.py:188} INFO - [2026-03-16T18:40:57.774+0000] {dagbag.py:545} INFO - Filling up the DagBag from /opt/airflow/dags/dbt.py
[2026-03-16T18:40:57.782+0000] {logging_mixin.py:188} INFO - [2026-03-16T18:40:57.781+0000] {dagbag.py:355} ERROR - Failed to import: /opt/airflow/dags/dbt.py
Traceback (most recent call last):
  File "/home/airflow/.local/lib/python3.12/site-packages/airflow/models/dagbag.py", line 351, in parse
    loader.exec_module(new_module)
  File "<frozen importlib._bootstrap_external>", line 995, in exec_module
  File "<frozen importlib._bootstrap>", line 488, in _call_with_frames_removed
  File "/opt/airflow/dags/dbt.py", line 2, in <module>
    from airflow.providers.standard.operators.bash import BashOperator
ModuleNotFoundError: No module named 'airflow.providers.standard'
[2026-03-16T18:40:57.785+0000] {processor.py:842} WARNING - No viable dags retrieved from /opt/airflow/dags/dbt.py
[2026-03-16T18:40:57.814+0000] {processor.py:183} INFO - Processing /opt/airflow/dags/dbt.py took 0.068 seconds
[2026-03-16T18:41:28.256+0000] {processor.py:161} INFO - Started process (PID=5712) to work on /opt/airflow/dags/dbt.py
[2026-03-16T18:41:28.261+0000] {processor.py:830} INFO - Processing file /opt/airflow/dags/dbt.py for tasks to queue
[2026-03-16T18:41:28.268+0000] {logging_mixin.py:188} INFO - [2026-03-16T18:41:28.267+0000] {dagbag.py:545} INFO - Filling up the DagBag from /opt/airflow/dags/dbt.py
[2026-03-16T18:41:28.283+0000] {logging_mixin.py:188} INFO - [2026-03-16T18:41:28.279+0000] {dagbag.py:355} ERROR - Failed to import: /opt/airflow/dags/dbt.py
Traceback (most recent call last):
  File "/home/airflow/.local/lib/python3.12/site-packages/airflow/models/dagbag.py", line 351, in parse
    loader.exec_module(new_module)
  File "<frozen importlib._bootstrap_external>", line 995, in exec_module
  File "<frozen importlib._bootstrap>", line 488, in _call_with_frames_removed
  File "/opt/airflow/dags/dbt.py", line 2, in <module>
    from airflow.providers.standard.operators.bash import BashOperator
ModuleNotFoundError: No module named 'airflow.providers.standard'
[2026-03-16T18:41:28.284+0000] {processor.py:842} WARNING - No viable dags retrieved from /opt/airflow/dags/dbt.py
[2026-03-16T18:41:28.320+0000] {processor.py:183} INFO - Processing /opt/airflow/dags/dbt.py took 0.080 seconds
[2026-03-16T18:41:58.780+0000] {processor.py:161} INFO - Started process (PID=5714) to work on /opt/airflow/dags/dbt.py
[2026-03-16T18:41:58.785+0000] {processor.py:830} INFO - Processing file /opt/airflow/dags/dbt.py for tasks to queue
[2026-03-16T18:41:58.795+0000] {logging_mixin.py:188} INFO - [2026-03-16T18:41:58.794+0000] {dagbag.py:545} INFO - Filling up the DagBag from /opt/airflow/dags/dbt.py
[2026-03-16T18:41:58.803+0000] {logging_mixin.py:188} INFO - [2026-03-16T18:41:58.801+0000] {dagbag.py:355} ERROR - Failed to import: /opt/airflow/dags/dbt.py
Traceback (most recent call last):
  File "/home/airflow/.local/lib/python3.12/site-packages/airflow/models/dagbag.py", line 351, in parse
    loader.exec_module(new_module)
  File "<frozen importlib._bootstrap_external>", line 995, in exec_module
  File "<frozen importlib._bootstrap>", line 488, in _call_with_frames_removed
  File "/opt/airflow/dags/dbt.py", line 2, in <module>
    from airflow.providers.standard.operators.bash import BashOperator
ModuleNotFoundError: No module named 'airflow.providers.standard'
[2026-03-16T18:41:58.803+0000] {processor.py:842} WARNING - No viable dags retrieved from /opt/airflow/dags/dbt.py
[2026-03-16T18:41:58.840+0000] {processor.py:183} INFO - Processing /opt/airflow/dags/dbt.py took 0.082 seconds
[2026-03-16T18:42:29.241+0000] {processor.py:161} INFO - Started process (PID=5716) to work on /opt/airflow/dags/dbt.py
[2026-03-16T18:42:29.243+0000] {processor.py:830} INFO - Processing file /opt/airflow/dags/dbt.py for tasks to queue
[2026-03-16T18:42:29.248+0000] {logging_mixin.py:188} INFO - [2026-03-16T18:42:29.247+0000] {dagbag.py:545} INFO - Filling up the DagBag from /opt/airflow/dags/dbt.py
[2026-03-16T18:42:29.259+0000] {logging_mixin.py:188} INFO - [2026-03-16T18:42:29.254+0000] {dagbag.py:355} ERROR - Failed to import: /opt/airflow/dags/dbt.py
Traceback (most recent call last):
  File "/home/airflow/.local/lib/python3.12/site-packages/airflow/models/dagbag.py", line 351, in parse
    loader.exec_module(new_module)
  File "<frozen importlib._bootstrap_external>", line 995, in exec_module
  File "<frozen importlib._bootstrap>", line 488, in _call_with_frames_removed
  File "/opt/airflow/dags/dbt.py", line 2, in <module>
    from airflow.providers.standard.operators.bash import BashOperator
ModuleNotFoundError: No module named 'airflow.providers.standard'
[2026-03-16T18:42:29.259+0000] {processor.py:842} WARNING - No viable dags retrieved from /opt/airflow/dags/dbt.py
[2026-03-16T18:42:29.292+0000] {processor.py:183} INFO - Processing /opt/airflow/dags/dbt.py took 0.079 seconds
[2026-03-16T18:42:59.721+0000] {processor.py:161} INFO - Started process (PID=5718) to work on /opt/airflow/dags/dbt.py
[2026-03-16T18:42:59.724+0000] {processor.py:830} INFO - Processing file /opt/airflow/dags/dbt.py for tasks to queue
[2026-03-16T18:42:59.730+0000] {logging_mixin.py:188} INFO - [2026-03-16T18:42:59.729+0000] {dagbag.py:545} INFO - Filling up the DagBag from /opt/airflow/dags/dbt.py
[2026-03-16T18:42:59.742+0000] {logging_mixin.py:188} INFO - [2026-03-16T18:42:59.739+0000] {dagbag.py:355} ERROR - Failed to import: /opt/airflow/dags/dbt.py
Traceback (most recent call last):
  File "/home/airflow/.local/lib/python3.12/site-packages/airflow/models/dagbag.py", line 351, in parse
    loader.exec_module(new_module)
  File "<frozen importlib._bootstrap_external>", line 995, in exec_module
  File "<frozen importlib._bootstrap>", line 488, in _call_with_frames_removed
  File "/opt/airflow/dags/dbt.py", line 2, in <module>
    from airflow.providers.standard.operators.bash import BashOperator
ModuleNotFoundError: No module named 'airflow.providers.standard'
[2026-03-16T18:42:59.743+0000] {processor.py:842} WARNING - No viable dags retrieved from /opt/airflow/dags/dbt.py
[2026-03-16T18:42:59.772+0000] {processor.py:183} INFO - Processing /opt/airflow/dags/dbt.py took 0.064 seconds
[2026-03-16T18:43:30.210+0000] {processor.py:161} INFO - Started process (PID=5720) to work on /opt/airflow/dags/dbt.py
[2026-03-16T18:43:30.212+0000] {processor.py:830} INFO - Processing file /opt/airflow/dags/dbt.py for tasks to queue
[2026-03-16T18:43:30.224+0000] {logging_mixin.py:188} INFO - [2026-03-16T18:43:30.223+0000] {dagbag.py:545} INFO - Filling up the DagBag from /opt/airflow/dags/dbt.py
[2026-03-16T18:43:30.231+0000] {logging_mixin.py:188} INFO - [2026-03-16T18:43:30.229+0000] {dagbag.py:355} ERROR - Failed to import: /opt/airflow/dags/dbt.py
Traceback (most recent call last):
  File "/home/airflow/.local/lib/python3.12/site-packages/airflow/models/dagbag.py", line 351, in parse
    loader.exec_module(new_module)
  File "<frozen importlib._bootstrap_external>", line 995, in exec_module
  File "<frozen importlib._bootstrap>", line 488, in _call_with_frames_removed
  File "/opt/airflow/dags/dbt.py", line 2, in <module>
    from airflow.providers.standard.operators.bash import BashOperator
ModuleNotFoundError: No module named 'airflow.providers.standard'
[2026-03-16T18:43:30.232+0000] {processor.py:842} WARNING - No viable dags retrieved from /opt/airflow/dags/dbt.py
[2026-03-16T18:43:30.268+0000] {processor.py:183} INFO - Processing /opt/airflow/dags/dbt.py took 0.075 seconds
[2026-03-16T18:44:00.708+0000] {processor.py:161} INFO - Started process (PID=5722) to work on /opt/airflow/dags/dbt.py
[2026-03-16T18:44:00.710+0000] {processor.py:830} INFO - Processing file /opt/airflow/dags/dbt.py for tasks to queue
[2026-03-16T18:44:00.716+0000] {logging_mixin.py:188} INFO - [2026-03-16T18:44:00.716+0000] {dagbag.py:545} INFO - Filling up the DagBag from /opt/airflow/dags/dbt.py
[2026-03-16T18:44:00.728+0000] {logging_mixin.py:188} INFO - [2026-03-16T18:44:00.724+0000] {dagbag.py:355} ERROR - Failed to import: /opt/airflow/dags/dbt.py
Traceback (most recent call last):
  File "/home/airflow/.local/lib/python3.12/site-packages/airflow/models/dagbag.py", line 351, in parse
    loader.exec_module(new_module)
  File "<frozen importlib._bootstrap_external>", line 995, in exec_module
  File "<frozen importlib._bootstrap>", line 488, in _call_with_frames_removed
  File "/opt/airflow/dags/dbt.py", line 2, in <module>
    from airflow.providers.standard.operators.bash import BashOperator
ModuleNotFoundError: No module named 'airflow.providers.standard'
[2026-03-16T18:44:00.733+0000] {processor.py:842} WARNING - No viable dags retrieved from /opt/airflow/dags/dbt.py
[2026-03-16T18:44:00.761+0000] {processor.py:183} INFO - Processing /opt/airflow/dags/dbt.py took 0.074 seconds
[2026-03-16T18:44:31.182+0000] {processor.py:161} INFO - Started process (PID=5724) to work on /opt/airflow/dags/dbt.py
[2026-03-16T18:44:31.184+0000] {processor.py:830} INFO - Processing file /opt/airflow/dags/dbt.py for tasks to queue
[2026-03-16T18:44:31.190+0000] {logging_mixin.py:188} INFO - [2026-03-16T18:44:31.189+0000] {dagbag.py:545} INFO - Filling up the DagBag from /opt/airflow/dags/dbt.py
[2026-03-16T18:44:31.198+0000] {logging_mixin.py:188} INFO - [2026-03-16T18:44:31.196+0000] {dagbag.py:355} ERROR - Failed to import: /opt/airflow/dags/dbt.py
Traceback (most recent call last):
  File "/home/airflow/.local/lib/python3.12/site-packages/airflow/models/dagbag.py", line 351, in parse
    loader.exec_module(new_module)
  File "<frozen importlib._bootstrap_external>", line 995, in exec_module
  File "<frozen importlib._bootstrap>", line 488, in _call_with_frames_removed
  File "/opt/airflow/dags/dbt.py", line 2, in <module>
    from airflow.providers.standard.operators.bash import BashOperator
ModuleNotFoundError: No module named 'airflow.providers.standard'
[2026-03-16T18:44:31.199+0000] {processor.py:842} WARNING - No viable dags retrieved from /opt/airflow/dags/dbt.py
[2026-03-16T18:44:31.232+0000] {processor.py:183} INFO - Processing /opt/airflow/dags/dbt.py took 0.064 seconds
[2026-03-16T18:45:01.662+0000] {processor.py:161} INFO - Started process (PID=5726) to work on /opt/airflow/dags/dbt.py
[2026-03-16T18:45:01.663+0000] {processor.py:830} INFO - Processing file /opt/airflow/dags/dbt.py for tasks to queue
[2026-03-16T18:45:01.673+0000] {logging_mixin.py:188} INFO - [2026-03-16T18:45:01.672+0000] {dagbag.py:545} INFO - Filling up the DagBag from /opt/airflow/dags/dbt.py
[2026-03-16T18:45:01.681+0000] {logging_mixin.py:188} INFO - [2026-03-16T18:45:01.679+0000] {dagbag.py:355} ERROR - Failed to import: /opt/airflow/dags/dbt.py
Traceback (most recent call last):
  File "/home/airflow/.local/lib/python3.12/site-packages/airflow/models/dagbag.py", line 351, in parse
    loader.exec_module(new_module)
  File "<frozen importlib._bootstrap_external>", line 995, in exec_module
  File "<frozen importlib._bootstrap>", line 488, in _call_with_frames_removed
  File "/opt/airflow/dags/dbt.py", line 2, in <module>
    from airflow.providers.standard.operators.bash import BashOperator
ModuleNotFoundError: No module named 'airflow.providers.standard'
[2026-03-16T18:45:01.682+0000] {processor.py:842} WARNING - No viable dags retrieved from /opt/airflow/dags/dbt.py
[2026-03-16T18:45:01.716+0000] {processor.py:183} INFO - Processing /opt/airflow/dags/dbt.py took 0.074 seconds
[2026-03-16T18:45:32.055+0000] {processor.py:161} INFO - Started process (PID=5728) to work on /opt/airflow/dags/dbt.py
[2026-03-16T18:45:32.057+0000] {processor.py:830} INFO - Processing file /opt/airflow/dags/dbt.py for tasks to queue
[2026-03-16T18:45:32.061+0000] {logging_mixin.py:188} INFO - [2026-03-16T18:45:32.061+0000] {dagbag.py:545} INFO - Filling up the DagBag from /opt/airflow/dags/dbt.py
[2026-03-16T18:45:32.073+0000] {logging_mixin.py:188} INFO - [2026-03-16T18:45:32.071+0000] {dagbag.py:355} ERROR - Failed to import: /opt/airflow/dags/dbt.py
Traceback (most recent call last):
  File "/home/airflow/.local/lib/python3.12/site-packages/airflow/models/dagbag.py", line 351, in parse
    loader.exec_module(new_module)
  File "<frozen importlib._bootstrap_external>", line 995, in exec_module
  File "<frozen importlib._bootstrap>", line 488, in _call_with_frames_removed
  File "/opt/airflow/dags/dbt.py", line 2, in <module>
    from airflow.providers.standard.operators.bash import BashOperator
ModuleNotFoundError: No module named 'airflow.providers.standard'
[2026-03-16T18:45:32.074+0000] {processor.py:842} WARNING - No viable dags retrieved from /opt/airflow/dags/dbt.py
[2026-03-16T18:45:32.104+0000] {processor.py:183} INFO - Processing /opt/airflow/dags/dbt.py took 0.071 seconds
[2026-03-16T18:46:02.560+0000] {processor.py:161} INFO - Started process (PID=5730) to work on /opt/airflow/dags/dbt.py
[2026-03-16T18:46:02.564+0000] {processor.py:830} INFO - Processing file /opt/airflow/dags/dbt.py for tasks to queue
[2026-03-16T18:46:02.569+0000] {logging_mixin.py:188} INFO - [2026-03-16T18:46:02.568+0000] {dagbag.py:545} INFO - Filling up the DagBag from /opt/airflow/dags/dbt.py
[2026-03-16T18:46:02.578+0000] {logging_mixin.py:188} INFO - [2026-03-16T18:46:02.575+0000] {dagbag.py:355} ERROR - Failed to import: /opt/airflow/dags/dbt.py
Traceback (most recent call last):
  File "/home/airflow/.local/lib/python3.12/site-packages/airflow/models/dagbag.py", line 351, in parse
    loader.exec_module(new_module)
  File "<frozen importlib._bootstrap_external>", line 995, in exec_module
  File "<frozen importlib._bootstrap>", line 488, in _call_with_frames_removed
  File "/opt/airflow/dags/dbt.py", line 2, in <module>
    from airflow.providers.standard.operators.bash import BashOperator
ModuleNotFoundError: No module named 'airflow.providers.standard'
[2026-03-16T18:46:02.578+0000] {processor.py:842} WARNING - No viable dags retrieved from /opt/airflow/dags/dbt.py
[2026-03-16T18:46:02.611+0000] {processor.py:183} INFO - Processing /opt/airflow/dags/dbt.py took 0.072 seconds
[2026-03-16T18:46:33.014+0000] {processor.py:161} INFO - Started process (PID=5732) to work on /opt/airflow/dags/dbt.py
[2026-03-16T18:46:33.016+0000] {processor.py:830} INFO - Processing file /opt/airflow/dags/dbt.py for tasks to queue
[2026-03-16T18:46:33.020+0000] {logging_mixin.py:188} INFO - [2026-03-16T18:46:33.020+0000] {dagbag.py:545} INFO - Filling up the DagBag from /opt/airflow/dags/dbt.py
[2026-03-16T18:46:33.031+0000] {logging_mixin.py:188} INFO - [2026-03-16T18:46:33.027+0000] {dagbag.py:355} ERROR - Failed to import: /opt/airflow/dags/dbt.py
Traceback (most recent call last):
  File "/home/airflow/.local/lib/python3.12/site-packages/airflow/models/dagbag.py", line 351, in parse
    loader.exec_module(new_module)
  File "<frozen importlib._bootstrap_external>", line 995, in exec_module
  File "<frozen importlib._bootstrap>", line 488, in _call_with_frames_removed
  File "/opt/airflow/dags/dbt.py", line 2, in <module>
    from airflow.providers.standard.operators.bash import BashOperator
ModuleNotFoundError: No module named 'airflow.providers.standard'
[2026-03-16T18:46:33.032+0000] {processor.py:842} WARNING - No viable dags retrieved from /opt/airflow/dags/dbt.py
[2026-03-16T18:46:33.056+0000] {processor.py:183} INFO - Processing /opt/airflow/dags/dbt.py took 0.055 seconds
[2026-03-16T18:47:03.457+0000] {processor.py:161} INFO - Started process (PID=5734) to work on /opt/airflow/dags/dbt.py
[2026-03-16T18:47:03.459+0000] {processor.py:830} INFO - Processing file /opt/airflow/dags/dbt.py for tasks to queue
[2026-03-16T18:47:03.469+0000] {logging_mixin.py:188} INFO - [2026-03-16T18:47:03.468+0000] {dagbag.py:545} INFO - Filling up the DagBag from /opt/airflow/dags/dbt.py
[2026-03-16T18:47:03.477+0000] {logging_mixin.py:188} INFO - [2026-03-16T18:47:03.475+0000] {dagbag.py:355} ERROR - Failed to import: /opt/airflow/dags/dbt.py
Traceback (most recent call last):
  File "/home/airflow/.local/lib/python3.12/site-packages/airflow/models/dagbag.py", line 351, in parse
    loader.exec_module(new_module)
  File "<frozen importlib._bootstrap_external>", line 995, in exec_module
  File "<frozen importlib._bootstrap>", line 488, in _call_with_frames_removed
  File "/opt/airflow/dags/dbt.py", line 2, in <module>
    from airflow.providers.standard.operators.bash import BashOperator
ModuleNotFoundError: No module named 'airflow.providers.standard'
[2026-03-16T18:47:03.479+0000] {processor.py:842} WARNING - No viable dags retrieved from /opt/airflow/dags/dbt.py
[2026-03-16T18:47:03.512+0000] {processor.py:183} INFO - Processing /opt/airflow/dags/dbt.py took 0.070 seconds
[2026-03-16T18:47:33.966+0000] {processor.py:161} INFO - Started process (PID=5736) to work on /opt/airflow/dags/dbt.py
[2026-03-16T18:47:33.968+0000] {processor.py:830} INFO - Processing file /opt/airflow/dags/dbt.py for tasks to queue
[2026-03-16T18:47:33.977+0000] {logging_mixin.py:188} INFO - [2026-03-16T18:47:33.976+0000] {dagbag.py:545} INFO - Filling up the DagBag from /opt/airflow/dags/dbt.py
[2026-03-16T18:47:33.982+0000] {logging_mixin.py:188} INFO - [2026-03-16T18:47:33.981+0000] {dagbag.py:355} ERROR - Failed to import: /opt/airflow/dags/dbt.py
Traceback (most recent call last):
  File "/home/airflow/.local/lib/python3.12/site-packages/airflow/models/dagbag.py", line 351, in parse
    loader.exec_module(new_module)
  File "<frozen importlib._bootstrap_external>", line 995, in exec_module
  File "<frozen importlib._bootstrap>", line 488, in _call_with_frames_removed
  File "/opt/airflow/dags/dbt.py", line 2, in <module>
    from airflow.providers.standard.operators.bash import BashOperator
ModuleNotFoundError: No module named 'airflow.providers.standard'
[2026-03-16T18:47:33.984+0000] {processor.py:842} WARNING - No viable dags retrieved from /opt/airflow/dags/dbt.py
[2026-03-16T18:47:34.016+0000] {processor.py:183} INFO - Processing /opt/airflow/dags/dbt.py took 0.070 seconds
[2026-03-16T18:48:04.392+0000] {processor.py:161} INFO - Started process (PID=5738) to work on /opt/airflow/dags/dbt.py
[2026-03-16T18:48:04.397+0000] {processor.py:830} INFO - Processing file /opt/airflow/dags/dbt.py for tasks to queue
[2026-03-16T18:48:04.402+0000] {logging_mixin.py:188} INFO - [2026-03-16T18:48:04.402+0000] {dagbag.py:545} INFO - Filling up the DagBag from /opt/airflow/dags/dbt.py
[2026-03-16T18:48:04.414+0000] {logging_mixin.py:188} INFO - [2026-03-16T18:48:04.411+0000] {dagbag.py:355} ERROR - Failed to import: /opt/airflow/dags/dbt.py
Traceback (most recent call last):
  File "/home/airflow/.local/lib/python3.12/site-packages/airflow/models/dagbag.py", line 351, in parse
    loader.exec_module(new_module)
  File "<frozen importlib._bootstrap_external>", line 995, in exec_module
  File "<frozen importlib._bootstrap>", line 488, in _call_with_frames_removed
  File "/opt/airflow/dags/dbt.py", line 2, in <module>
    from airflow.providers.standard.operators.bash import BashOperator
ModuleNotFoundError: No module named 'airflow.providers.standard'
[2026-03-16T18:48:04.414+0000] {processor.py:842} WARNING - No viable dags retrieved from /opt/airflow/dags/dbt.py
[2026-03-16T18:48:04.443+0000] {processor.py:183} INFO - Processing /opt/airflow/dags/dbt.py took 0.064 seconds
[2026-03-16T18:48:34.770+0000] {processor.py:161} INFO - Started process (PID=5740) to work on /opt/airflow/dags/dbt.py
[2026-03-16T18:48:34.772+0000] {processor.py:830} INFO - Processing file /opt/airflow/dags/dbt.py for tasks to queue
[2026-03-16T18:48:34.777+0000] {logging_mixin.py:188} INFO - [2026-03-16T18:48:34.777+0000] {dagbag.py:545} INFO - Filling up the DagBag from /opt/airflow/dags/dbt.py
[2026-03-16T18:48:34.787+0000] {logging_mixin.py:188} INFO - [2026-03-16T18:48:34.782+0000] {dagbag.py:355} ERROR - Failed to import: /opt/airflow/dags/dbt.py
Traceback (most recent call last):
  File "/home/airflow/.local/lib/python3.12/site-packages/airflow/models/dagbag.py", line 351, in parse
    loader.exec_module(new_module)
  File "<frozen importlib._bootstrap_external>", line 995, in exec_module
  File "<frozen importlib._bootstrap>", line 488, in _call_with_frames_removed
  File "/opt/airflow/dags/dbt.py", line 2, in <module>
    from airflow.providers.standard.operators.bash import BashOperator
ModuleNotFoundError: No module named 'airflow.providers.standard'
[2026-03-16T18:48:34.787+0000] {processor.py:842} WARNING - No viable dags retrieved from /opt/airflow/dags/dbt.py
[2026-03-16T18:48:34.818+0000] {processor.py:183} INFO - Processing /opt/airflow/dags/dbt.py took 0.069 seconds
[2026-03-16T18:49:05.346+0000] {processor.py:161} INFO - Started process (PID=5742) to work on /opt/airflow/dags/dbt.py
[2026-03-16T18:49:05.347+0000] {processor.py:830} INFO - Processing file /opt/airflow/dags/dbt.py for tasks to queue
[2026-03-16T18:49:05.352+0000] {logging_mixin.py:188} INFO - [2026-03-16T18:49:05.352+0000] {dagbag.py:545} INFO - Filling up the DagBag from /opt/airflow/dags/dbt.py
[2026-03-16T18:49:05.361+0000] {logging_mixin.py:188} INFO - [2026-03-16T18:49:05.358+0000] {dagbag.py:355} ERROR - Failed to import: /opt/airflow/dags/dbt.py
Traceback (most recent call last):
  File "/home/airflow/.local/lib/python3.12/site-packages/airflow/models/dagbag.py", line 351, in parse
    loader.exec_module(new_module)
  File "<frozen importlib._bootstrap_external>", line 995, in exec_module
  File "<frozen importlib._bootstrap>", line 488, in _call_with_frames_removed
  File "/opt/airflow/dags/dbt.py", line 2, in <module>
    from airflow.providers.standard.operators.bash import BashOperator
ModuleNotFoundError: No module named 'airflow.providers.standard'
[2026-03-16T18:49:05.362+0000] {processor.py:842} WARNING - No viable dags retrieved from /opt/airflow/dags/dbt.py
[2026-03-16T18:49:05.394+0000] {processor.py:183} INFO - Processing /opt/airflow/dags/dbt.py took 0.068 seconds
[2026-03-16T18:49:35.839+0000] {processor.py:161} INFO - Started process (PID=5744) to work on /opt/airflow/dags/dbt.py
[2026-03-16T18:49:35.840+0000] {processor.py:830} INFO - Processing file /opt/airflow/dags/dbt.py for tasks to queue
[2026-03-16T18:49:35.847+0000] {logging_mixin.py:188} INFO - [2026-03-16T18:49:35.847+0000] {dagbag.py:545} INFO - Filling up the DagBag from /opt/airflow/dags/dbt.py
[2026-03-16T18:49:35.855+0000] {logging_mixin.py:188} INFO - [2026-03-16T18:49:35.852+0000] {dagbag.py:355} ERROR - Failed to import: /opt/airflow/dags/dbt.py
Traceback (most recent call last):
  File "/home/airflow/.local/lib/python3.12/site-packages/airflow/models/dagbag.py", line 351, in parse
    loader.exec_module(new_module)
  File "<frozen importlib._bootstrap_external>", line 995, in exec_module
  File "<frozen importlib._bootstrap>", line 488, in _call_with_frames_removed
  File "/opt/airflow/dags/dbt.py", line 2, in <module>
    from airflow.providers.standard.operators.bash import BashOperator
ModuleNotFoundError: No module named 'airflow.providers.standard'
[2026-03-16T18:49:35.856+0000] {processor.py:842} WARNING - No viable dags retrieved from /opt/airflow/dags/dbt.py
[2026-03-16T18:49:35.887+0000] {processor.py:183} INFO - Processing /opt/airflow/dags/dbt.py took 0.067 seconds
[2026-03-16T18:50:06.265+0000] {processor.py:161} INFO - Started process (PID=5746) to work on /opt/airflow/dags/dbt.py
[2026-03-16T18:50:06.266+0000] {processor.py:830} INFO - Processing file /opt/airflow/dags/dbt.py for tasks to queue
[2026-03-16T18:50:06.271+0000] {logging_mixin.py:188} INFO - [2026-03-16T18:50:06.271+0000] {dagbag.py:545} INFO - Filling up the DagBag from /opt/airflow/dags/dbt.py
[2026-03-16T18:50:06.279+0000] {logging_mixin.py:188} INFO - [2026-03-16T18:50:06.277+0000] {dagbag.py:355} ERROR - Failed to import: /opt/airflow/dags/dbt.py
Traceback (most recent call last):
  File "/home/airflow/.local/lib/python3.12/site-packages/airflow/models/dagbag.py", line 351, in parse
    loader.exec_module(new_module)
  File "<frozen importlib._bootstrap_external>", line 995, in exec_module
  File "<frozen importlib._bootstrap>", line 488, in _call_with_frames_removed
  File "/opt/airflow/dags/dbt.py", line 2, in <module>
    from airflow.providers.standard.operators.bash import BashOperator
ModuleNotFoundError: No module named 'airflow.providers.standard'
[2026-03-16T18:50:06.279+0000] {processor.py:842} WARNING - No viable dags retrieved from /opt/airflow/dags/dbt.py
[2026-03-16T18:50:06.314+0000] {processor.py:183} INFO - Processing /opt/airflow/dags/dbt.py took 0.061 seconds
[2026-03-16T18:50:36.851+0000] {processor.py:161} INFO - Started process (PID=5748) to work on /opt/airflow/dags/dbt.py
[2026-03-16T18:50:36.852+0000] {processor.py:830} INFO - Processing file /opt/airflow/dags/dbt.py for tasks to queue
[2026-03-16T18:50:36.856+0000] {logging_mixin.py:188} INFO - [2026-03-16T18:50:36.856+0000] {dagbag.py:545} INFO - Filling up the DagBag from /opt/airflow/dags/dbt.py
[2026-03-16T18:50:36.867+0000] {logging_mixin.py:188} INFO - [2026-03-16T18:50:36.863+0000] {dagbag.py:355} ERROR - Failed to import: /opt/airflow/dags/dbt.py
Traceback (most recent call last):
  File "/home/airflow/.local/lib/python3.12/site-packages/airflow/models/dagbag.py", line 351, in parse
    loader.exec_module(new_module)
  File "<frozen importlib._bootstrap_external>", line 995, in exec_module
  File "<frozen importlib._bootstrap>", line 488, in _call_with_frames_removed
  File "/opt/airflow/dags/dbt.py", line 2, in <module>
    from airflow.providers.standard.operators.bash import BashOperator
ModuleNotFoundError: No module named 'airflow.providers.standard'
[2026-03-16T18:50:36.870+0000] {processor.py:842} WARNING - No viable dags retrieved from /opt/airflow/dags/dbt.py
[2026-03-16T18:50:36.900+0000] {processor.py:183} INFO - Processing /opt/airflow/dags/dbt.py took 0.068 seconds
[2026-03-16T18:51:07.404+0000] {processor.py:161} INFO - Started process (PID=5750) to work on /opt/airflow/dags/dbt.py
[2026-03-16T18:51:07.407+0000] {processor.py:830} INFO - Processing file /opt/airflow/dags/dbt.py for tasks to queue
[2026-03-16T18:51:07.409+0000] {logging_mixin.py:188} INFO - [2026-03-16T18:51:07.409+0000] {dagbag.py:545} INFO - Filling up the DagBag from /opt/airflow/dags/dbt.py
[2026-03-16T18:51:07.421+0000] {logging_mixin.py:188} INFO - [2026-03-16T18:51:07.417+0000] {dagbag.py:355} ERROR - Failed to import: /opt/airflow/dags/dbt.py
Traceback (most recent call last):
  File "/home/airflow/.local/lib/python3.12/site-packages/airflow/models/dagbag.py", line 351, in parse
    loader.exec_module(new_module)
  File "<frozen importlib._bootstrap_external>", line 995, in exec_module
  File "<frozen importlib._bootstrap>", line 488, in _call_with_frames_removed
  File "/opt/airflow/dags/dbt.py", line 2, in <module>
    from airflow.providers.standard.operators.bash import BashOperator
ModuleNotFoundError: No module named 'airflow.providers.standard'
[2026-03-16T18:51:07.421+0000] {processor.py:842} WARNING - No viable dags retrieved from /opt/airflow/dags/dbt.py
[2026-03-16T18:51:07.456+0000] {processor.py:183} INFO - Processing /opt/airflow/dags/dbt.py took 0.072 seconds
[2026-03-16T18:51:37.974+0000] {processor.py:161} INFO - Started process (PID=5752) to work on /opt/airflow/dags/dbt.py
[2026-03-16T18:51:37.978+0000] {processor.py:830} INFO - Processing file /opt/airflow/dags/dbt.py for tasks to queue
[2026-03-16T18:51:37.982+0000] {logging_mixin.py:188} INFO - [2026-03-16T18:51:37.982+0000] {dagbag.py:545} INFO - Filling up the DagBag from /opt/airflow/dags/dbt.py
[2026-03-16T18:51:37.999+0000] {logging_mixin.py:188} INFO - [2026-03-16T18:51:37.995+0000] {dagbag.py:355} ERROR - Failed to import: /opt/airflow/dags/dbt.py
Traceback (most recent call last):
  File "/home/airflow/.local/lib/python3.12/site-packages/airflow/models/dagbag.py", line 351, in parse
    loader.exec_module(new_module)
  File "<frozen importlib._bootstrap_external>", line 995, in exec_module
  File "<frozen importlib._bootstrap>", line 488, in _call_with_frames_removed
  File "/opt/airflow/dags/dbt.py", line 2, in <module>
    from airflow.providers.standard.operators.bash import BashOperator
ModuleNotFoundError: No module named 'airflow.providers.standard'
[2026-03-16T18:51:38.000+0000] {processor.py:842} WARNING - No viable dags retrieved from /opt/airflow/dags/dbt.py
[2026-03-16T18:51:38.025+0000] {processor.py:183} INFO - Processing /opt/airflow/dags/dbt.py took 0.071 seconds
[2026-03-16T18:52:08.563+0000] {processor.py:161} INFO - Started process (PID=5754) to work on /opt/airflow/dags/dbt.py
[2026-03-16T18:52:08.565+0000] {processor.py:830} INFO - Processing file /opt/airflow/dags/dbt.py for tasks to queue
[2026-03-16T18:52:08.573+0000] {logging_mixin.py:188} INFO - [2026-03-16T18:52:08.572+0000] {dagbag.py:545} INFO - Filling up the DagBag from /opt/airflow/dags/dbt.py
[2026-03-16T18:52:08.585+0000] {logging_mixin.py:188} INFO - [2026-03-16T18:52:08.583+0000] {dagbag.py:355} ERROR - Failed to import: /opt/airflow/dags/dbt.py
Traceback (most recent call last):
  File "/home/airflow/.local/lib/python3.12/site-packages/airflow/models/dagbag.py", line 351, in parse
    loader.exec_module(new_module)
  File "<frozen importlib._bootstrap_external>", line 995, in exec_module
  File "<frozen importlib._bootstrap>", line 488, in _call_with_frames_removed
  File "/opt/airflow/dags/dbt.py", line 2, in <module>
    from airflow.providers.standard.operators.bash import BashOperator
ModuleNotFoundError: No module named 'airflow.providers.standard'
[2026-03-16T18:52:08.585+0000] {processor.py:842} WARNING - No viable dags retrieved from /opt/airflow/dags/dbt.py
[2026-03-16T18:52:08.633+0000] {processor.py:183} INFO - Processing /opt/airflow/dags/dbt.py took 0.093 seconds
[2026-03-16T18:52:39.146+0000] {processor.py:161} INFO - Started process (PID=5756) to work on /opt/airflow/dags/dbt.py
[2026-03-16T18:52:39.150+0000] {processor.py:830} INFO - Processing file /opt/airflow/dags/dbt.py for tasks to queue
[2026-03-16T18:52:39.154+0000] {logging_mixin.py:188} INFO - [2026-03-16T18:52:39.154+0000] {dagbag.py:545} INFO - Filling up the DagBag from /opt/airflow/dags/dbt.py
[2026-03-16T18:52:39.165+0000] {logging_mixin.py:188} INFO - [2026-03-16T18:52:39.163+0000] {dagbag.py:355} ERROR - Failed to import: /opt/airflow/dags/dbt.py
Traceback (most recent call last):
  File "/home/airflow/.local/lib/python3.12/site-packages/airflow/models/dagbag.py", line 351, in parse
    loader.exec_module(new_module)
  File "<frozen importlib._bootstrap_external>", line 995, in exec_module
  File "<frozen importlib._bootstrap>", line 488, in _call_with_frames_removed
  File "/opt/airflow/dags/dbt.py", line 2, in <module>
    from airflow.providers.standard.operators.bash import BashOperator
ModuleNotFoundError: No module named 'airflow.providers.standard'
[2026-03-16T18:52:39.166+0000] {processor.py:842} WARNING - No viable dags retrieved from /opt/airflow/dags/dbt.py
[2026-03-16T18:52:39.199+0000] {processor.py:183} INFO - Processing /opt/airflow/dags/dbt.py took 0.068 seconds
[2026-03-16T18:53:09.697+0000] {processor.py:161} INFO - Started process (PID=5758) to work on /opt/airflow/dags/dbt.py
[2026-03-16T18:53:09.698+0000] {processor.py:830} INFO - Processing file /opt/airflow/dags/dbt.py for tasks to queue
[2026-03-16T18:53:09.705+0000] {logging_mixin.py:188} INFO - [2026-03-16T18:53:09.704+0000] {dagbag.py:545} INFO - Filling up the DagBag from /opt/airflow/dags/dbt.py
[2026-03-16T18:53:09.715+0000] {logging_mixin.py:188} INFO - [2026-03-16T18:53:09.710+0000] {dagbag.py:355} ERROR - Failed to import: /opt/airflow/dags/dbt.py
Traceback (most recent call last):
  File "/home/airflow/.local/lib/python3.12/site-packages/airflow/models/dagbag.py", line 351, in parse
    loader.exec_module(new_module)
  File "<frozen importlib._bootstrap_external>", line 995, in exec_module
  File "<frozen importlib._bootstrap>", line 488, in _call_with_frames_removed
  File "/opt/airflow/dags/dbt.py", line 2, in <module>
    from airflow.providers.standard.operators.bash import BashOperator
ModuleNotFoundError: No module named 'airflow.providers.standard'
[2026-03-16T18:53:09.716+0000] {processor.py:842} WARNING - No viable dags retrieved from /opt/airflow/dags/dbt.py
[2026-03-16T18:53:09.748+0000] {processor.py:183} INFO - Processing /opt/airflow/dags/dbt.py took 0.068 seconds
[2026-03-16T18:53:40.274+0000] {processor.py:161} INFO - Started process (PID=5760) to work on /opt/airflow/dags/dbt.py
[2026-03-16T18:53:40.278+0000] {processor.py:830} INFO - Processing file /opt/airflow/dags/dbt.py for tasks to queue
[2026-03-16T18:53:40.282+0000] {logging_mixin.py:188} INFO - [2026-03-16T18:53:40.282+0000] {dagbag.py:545} INFO - Filling up the DagBag from /opt/airflow/dags/dbt.py
[2026-03-16T18:53:40.296+0000] {logging_mixin.py:188} INFO - [2026-03-16T18:53:40.290+0000] {dagbag.py:355} ERROR - Failed to import: /opt/airflow/dags/dbt.py
Traceback (most recent call last):
  File "/home/airflow/.local/lib/python3.12/site-packages/airflow/models/dagbag.py", line 351, in parse
    loader.exec_module(new_module)
  File "<frozen importlib._bootstrap_external>", line 995, in exec_module
  File "<frozen importlib._bootstrap>", line 488, in _call_with_frames_removed
  File "/opt/airflow/dags/dbt.py", line 2, in <module>
    from airflow.providers.standard.operators.bash import BashOperator
ModuleNotFoundError: No module named 'airflow.providers.standard'
[2026-03-16T18:53:40.299+0000] {processor.py:842} WARNING - No viable dags retrieved from /opt/airflow/dags/dbt.py
[2026-03-16T18:53:40.338+0000] {processor.py:183} INFO - Processing /opt/airflow/dags/dbt.py took 0.083 seconds
[2026-03-16T18:54:10.888+0000] {processor.py:161} INFO - Started process (PID=5762) to work on /opt/airflow/dags/dbt.py
[2026-03-16T18:54:10.891+0000] {processor.py:830} INFO - Processing file /opt/airflow/dags/dbt.py for tasks to queue
[2026-03-16T18:54:10.897+0000] {logging_mixin.py:188} INFO - [2026-03-16T18:54:10.897+0000] {dagbag.py:545} INFO - Filling up the DagBag from /opt/airflow/dags/dbt.py
[2026-03-16T18:54:10.905+0000] {logging_mixin.py:188} INFO - [2026-03-16T18:54:10.902+0000] {dagbag.py:355} ERROR - Failed to import: /opt/airflow/dags/dbt.py
Traceback (most recent call last):
  File "/home/airflow/.local/lib/python3.12/site-packages/airflow/models/dagbag.py", line 351, in parse
    loader.exec_module(new_module)
  File "<frozen importlib._bootstrap_external>", line 995, in exec_module
  File "<frozen importlib._bootstrap>", line 488, in _call_with_frames_removed
  File "/opt/airflow/dags/dbt.py", line 2, in <module>
    from airflow.providers.standard.operators.bash import BashOperator
ModuleNotFoundError: No module named 'airflow.providers.standard'
[2026-03-16T18:54:10.905+0000] {processor.py:842} WARNING - No viable dags retrieved from /opt/airflow/dags/dbt.py
[2026-03-16T18:54:10.937+0000] {processor.py:183} INFO - Processing /opt/airflow/dags/dbt.py took 0.063 seconds
[2026-03-16T18:54:41.315+0000] {processor.py:161} INFO - Started process (PID=5764) to work on /opt/airflow/dags/dbt.py
[2026-03-16T18:54:41.317+0000] {processor.py:830} INFO - Processing file /opt/airflow/dags/dbt.py for tasks to queue
[2026-03-16T18:54:41.324+0000] {logging_mixin.py:188} INFO - [2026-03-16T18:54:41.324+0000] {dagbag.py:545} INFO - Filling up the DagBag from /opt/airflow/dags/dbt.py
[2026-03-16T18:54:41.333+0000] {logging_mixin.py:188} INFO - [2026-03-16T18:54:41.330+0000] {dagbag.py:355} ERROR - Failed to import: /opt/airflow/dags/dbt.py
Traceback (most recent call last):
  File "/home/airflow/.local/lib/python3.12/site-packages/airflow/models/dagbag.py", line 351, in parse
    loader.exec_module(new_module)
  File "<frozen importlib._bootstrap_external>", line 995, in exec_module
  File "<frozen importlib._bootstrap>", line 488, in _call_with_frames_removed
  File "/opt/airflow/dags/dbt.py", line 2, in <module>
    from airflow.providers.standard.operators.bash import BashOperator
ModuleNotFoundError: No module named 'airflow.providers.standard'
[2026-03-16T18:54:41.334+0000] {processor.py:842} WARNING - No viable dags retrieved from /opt/airflow/dags/dbt.py
[2026-03-16T18:54:41.364+0000] {processor.py:183} INFO - Processing /opt/airflow/dags/dbt.py took 0.061 seconds
[2026-03-16T18:55:11.713+0000] {processor.py:161} INFO - Started process (PID=5766) to work on /opt/airflow/dags/dbt.py
[2026-03-16T18:55:11.714+0000] {processor.py:830} INFO - Processing file /opt/airflow/dags/dbt.py for tasks to queue
[2026-03-16T18:55:11.718+0000] {logging_mixin.py:188} INFO - [2026-03-16T18:55:11.717+0000] {dagbag.py:545} INFO - Filling up the DagBag from /opt/airflow/dags/dbt.py
[2026-03-16T18:55:11.722+0000] {logging_mixin.py:188} INFO - [2026-03-16T18:55:11.721+0000] {dagbag.py:355} ERROR - Failed to import: /opt/airflow/dags/dbt.py
Traceback (most recent call last):
  File "/home/airflow/.local/lib/python3.12/site-packages/airflow/models/dagbag.py", line 351, in parse
    loader.exec_module(new_module)
  File "<frozen importlib._bootstrap_external>", line 995, in exec_module
  File "<frozen importlib._bootstrap>", line 488, in _call_with_frames_removed
  File "/opt/airflow/dags/dbt.py", line 2, in <module>
    from airflow.providers.standard.operators.bash import BashOperator
ModuleNotFoundError: No module named 'airflow.providers.standard'
[2026-03-16T18:55:11.723+0000] {processor.py:842} WARNING - No viable dags retrieved from /opt/airflow/dags/dbt.py
[2026-03-16T18:55:11.749+0000] {processor.py:183} INFO - Processing /opt/airflow/dags/dbt.py took 0.044 seconds
[2026-03-16T18:55:42.027+0000] {processor.py:161} INFO - Started process (PID=5768) to work on /opt/airflow/dags/dbt.py
[2026-03-16T18:55:42.029+0000] {processor.py:830} INFO - Processing file /opt/airflow/dags/dbt.py for tasks to queue
[2026-03-16T18:55:42.032+0000] {logging_mixin.py:188} INFO - [2026-03-16T18:55:42.032+0000] {dagbag.py:545} INFO - Filling up the DagBag from /opt/airflow/dags/dbt.py
[2026-03-16T18:55:42.040+0000] {logging_mixin.py:188} INFO - [2026-03-16T18:55:42.038+0000] {dagbag.py:355} ERROR - Failed to import: /opt/airflow/dags/dbt.py
Traceback (most recent call last):
  File "/home/airflow/.local/lib/python3.12/site-packages/airflow/models/dagbag.py", line 351, in parse
    loader.exec_module(new_module)
  File "<frozen importlib._bootstrap_external>", line 995, in exec_module
  File "<frozen importlib._bootstrap>", line 488, in _call_with_frames_removed
  File "/opt/airflow/dags/dbt.py", line 2, in <module>
    from airflow.providers.standard.operators.bash import BashOperator
ModuleNotFoundError: No module named 'airflow.providers.standard'
[2026-03-16T18:55:42.042+0000] {processor.py:842} WARNING - No viable dags retrieved from /opt/airflow/dags/dbt.py
[2026-03-16T18:55:42.061+0000] {processor.py:183} INFO - Processing /opt/airflow/dags/dbt.py took 0.041 seconds
[2026-03-16T18:56:12.390+0000] {processor.py:161} INFO - Started process (PID=5770) to work on /opt/airflow/dags/dbt.py
[2026-03-16T18:56:12.392+0000] {processor.py:830} INFO - Processing file /opt/airflow/dags/dbt.py for tasks to queue
[2026-03-16T18:56:12.395+0000] {logging_mixin.py:188} INFO - [2026-03-16T18:56:12.394+0000] {dagbag.py:545} INFO - Filling up the DagBag from /opt/airflow/dags/dbt.py
[2026-03-16T18:56:12.405+0000] {logging_mixin.py:188} INFO - [2026-03-16T18:56:12.402+0000] {dagbag.py:355} ERROR - Failed to import: /opt/airflow/dags/dbt.py
Traceback (most recent call last):
  File "/home/airflow/.local/lib/python3.12/site-packages/airflow/models/dagbag.py", line 351, in parse
    loader.exec_module(new_module)
  File "<frozen importlib._bootstrap_external>", line 995, in exec_module
  File "<frozen importlib._bootstrap>", line 488, in _call_with_frames_removed
  File "/opt/airflow/dags/dbt.py", line 2, in <module>
    from airflow.providers.standard.operators.bash import BashOperator
ModuleNotFoundError: No module named 'airflow.providers.standard'
[2026-03-16T18:56:12.405+0000] {processor.py:842} WARNING - No viable dags retrieved from /opt/airflow/dags/dbt.py
[2026-03-16T18:56:12.428+0000] {processor.py:183} INFO - Processing /opt/airflow/dags/dbt.py took 0.045 seconds
[2026-03-16T18:56:42.836+0000] {processor.py:161} INFO - Started process (PID=5772) to work on /opt/airflow/dags/dbt.py
[2026-03-16T18:56:42.838+0000] {processor.py:830} INFO - Processing file /opt/airflow/dags/dbt.py for tasks to queue
[2026-03-16T18:56:42.843+0000] {logging_mixin.py:188} INFO - [2026-03-16T18:56:42.842+0000] {dagbag.py:545} INFO - Filling up the DagBag from /opt/airflow/dags/dbt.py
[2026-03-16T18:56:42.848+0000] {logging_mixin.py:188} INFO - [2026-03-16T18:56:42.846+0000] {dagbag.py:355} ERROR - Failed to import: /opt/airflow/dags/dbt.py
Traceback (most recent call last):
  File "/home/airflow/.local/lib/python3.12/site-packages/airflow/models/dagbag.py", line 351, in parse
    loader.exec_module(new_module)
  File "<frozen importlib._bootstrap_external>", line 995, in exec_module
  File "<frozen importlib._bootstrap>", line 488, in _call_with_frames_removed
  File "/opt/airflow/dags/dbt.py", line 2, in <module>
    from airflow.providers.standard.operators.bash import BashOperator
ModuleNotFoundError: No module named 'airflow.providers.standard'
[2026-03-16T18:56:42.849+0000] {processor.py:842} WARNING - No viable dags retrieved from /opt/airflow/dags/dbt.py
[2026-03-16T18:56:42.883+0000] {processor.py:183} INFO - Processing /opt/airflow/dags/dbt.py took 0.064 seconds
[2026-03-16T18:57:13.217+0000] {processor.py:161} INFO - Started process (PID=5774) to work on /opt/airflow/dags/dbt.py
[2026-03-16T18:57:13.218+0000] {processor.py:830} INFO - Processing file /opt/airflow/dags/dbt.py for tasks to queue
[2026-03-16T18:57:13.221+0000] {logging_mixin.py:188} INFO - [2026-03-16T18:57:13.221+0000] {dagbag.py:545} INFO - Filling up the DagBag from /opt/airflow/dags/dbt.py
[2026-03-16T18:57:13.226+0000] {logging_mixin.py:188} INFO - [2026-03-16T18:57:13.225+0000] {dagbag.py:355} ERROR - Failed to import: /opt/airflow/dags/dbt.py
Traceback (most recent call last):
  File "/home/airflow/.local/lib/python3.12/site-packages/airflow/models/dagbag.py", line 351, in parse
    loader.exec_module(new_module)
  File "<frozen importlib._bootstrap_external>", line 995, in exec_module
  File "<frozen importlib._bootstrap>", line 488, in _call_with_frames_removed
  File "/opt/airflow/dags/dbt.py", line 2, in <module>
    from airflow.providers.standard.operators.bash import BashOperator
ModuleNotFoundError: No module named 'airflow.providers.standard'
[2026-03-16T18:57:13.227+0000] {processor.py:842} WARNING - No viable dags retrieved from /opt/airflow/dags/dbt.py
[2026-03-16T18:57:13.260+0000] {processor.py:183} INFO - Processing /opt/airflow/dags/dbt.py took 0.052 seconds
[2026-03-16T18:57:43.651+0000] {processor.py:161} INFO - Started process (PID=5776) to work on /opt/airflow/dags/dbt.py
[2026-03-16T18:57:43.653+0000] {processor.py:830} INFO - Processing file /opt/airflow/dags/dbt.py for tasks to queue
[2026-03-16T18:57:43.659+0000] {logging_mixin.py:188} INFO - [2026-03-16T18:57:43.659+0000] {dagbag.py:545} INFO - Filling up the DagBag from /opt/airflow/dags/dbt.py
[2026-03-16T18:57:43.669+0000] {logging_mixin.py:188} INFO - [2026-03-16T18:57:43.665+0000] {dagbag.py:355} ERROR - Failed to import: /opt/airflow/dags/dbt.py
Traceback (most recent call last):
  File "/home/airflow/.local/lib/python3.12/site-packages/airflow/models/dagbag.py", line 351, in parse
    loader.exec_module(new_module)
  File "<frozen importlib._bootstrap_external>", line 995, in exec_module
  File "<frozen importlib._bootstrap>", line 488, in _call_with_frames_removed
  File "/opt/airflow/dags/dbt.py", line 2, in <module>
    from airflow.providers.standard.operators.bash import BashOperator
ModuleNotFoundError: No module named 'airflow.providers.standard'
[2026-03-16T18:57:43.670+0000] {processor.py:842} WARNING - No viable dags retrieved from /opt/airflow/dags/dbt.py
[2026-03-16T18:57:43.698+0000] {processor.py:183} INFO - Processing /opt/airflow/dags/dbt.py took 0.065 seconds
[2026-03-16T18:58:14.071+0000] {processor.py:161} INFO - Started process (PID=5778) to work on /opt/airflow/dags/dbt.py
[2026-03-16T18:58:14.072+0000] {processor.py:830} INFO - Processing file /opt/airflow/dags/dbt.py for tasks to queue
[2026-03-16T18:58:14.075+0000] {logging_mixin.py:188} INFO - [2026-03-16T18:58:14.075+0000] {dagbag.py:545} INFO - Filling up the DagBag from /opt/airflow/dags/dbt.py
[2026-03-16T18:58:14.080+0000] {logging_mixin.py:188} INFO - [2026-03-16T18:58:14.079+0000] {dagbag.py:355} ERROR - Failed to import: /opt/airflow/dags/dbt.py
Traceback (most recent call last):
  File "/home/airflow/.local/lib/python3.12/site-packages/airflow/models/dagbag.py", line 351, in parse
    loader.exec_module(new_module)
  File "<frozen importlib._bootstrap_external>", line 995, in exec_module
  File "<frozen importlib._bootstrap>", line 488, in _call_with_frames_removed
  File "/opt/airflow/dags/dbt.py", line 2, in <module>
    from airflow.providers.standard.operators.bash import BashOperator
ModuleNotFoundError: No module named 'airflow.providers.standard'
[2026-03-16T18:58:14.083+0000] {processor.py:842} WARNING - No viable dags retrieved from /opt/airflow/dags/dbt.py
[2026-03-16T18:58:14.103+0000] {processor.py:183} INFO - Processing /opt/airflow/dags/dbt.py took 0.041 seconds
[2026-03-16T18:58:44.503+0000] {processor.py:161} INFO - Started process (PID=5780) to work on /opt/airflow/dags/dbt.py
[2026-03-16T18:58:44.507+0000] {processor.py:830} INFO - Processing file /opt/airflow/dags/dbt.py for tasks to queue
[2026-03-16T18:58:44.513+0000] {logging_mixin.py:188} INFO - [2026-03-16T18:58:44.513+0000] {dagbag.py:545} INFO - Filling up the DagBag from /opt/airflow/dags/dbt.py
[2026-03-16T18:58:44.522+0000] {logging_mixin.py:188} INFO - [2026-03-16T18:58:44.519+0000] {dagbag.py:355} ERROR - Failed to import: /opt/airflow/dags/dbt.py
Traceback (most recent call last):
  File "/home/airflow/.local/lib/python3.12/site-packages/airflow/models/dagbag.py", line 351, in parse
    loader.exec_module(new_module)
  File "<frozen importlib._bootstrap_external>", line 995, in exec_module
  File "<frozen importlib._bootstrap>", line 488, in _call_with_frames_removed
  File "/opt/airflow/dags/dbt.py", line 2, in <module>
    from airflow.providers.standard.operators.bash import BashOperator
ModuleNotFoundError: No module named 'airflow.providers.standard'
[2026-03-16T18:58:44.523+0000] {processor.py:842} WARNING - No viable dags retrieved from /opt/airflow/dags/dbt.py
[2026-03-16T18:58:44.550+0000] {processor.py:183} INFO - Processing /opt/airflow/dags/dbt.py took 0.061 seconds
[2026-03-16T18:59:14.936+0000] {processor.py:161} INFO - Started process (PID=5782) to work on /opt/airflow/dags/dbt.py
[2026-03-16T18:59:14.937+0000] {processor.py:830} INFO - Processing file /opt/airflow/dags/dbt.py for tasks to queue
[2026-03-16T18:59:14.941+0000] {logging_mixin.py:188} INFO - [2026-03-16T18:59:14.941+0000] {dagbag.py:545} INFO - Filling up the DagBag from /opt/airflow/dags/dbt.py
[2026-03-16T18:59:14.953+0000] {logging_mixin.py:188} INFO - [2026-03-16T18:59:14.948+0000] {dagbag.py:355} ERROR - Failed to import: /opt/airflow/dags/dbt.py
Traceback (most recent call last):
  File "/home/airflow/.local/lib/python3.12/site-packages/airflow/models/dagbag.py", line 351, in parse
    loader.exec_module(new_module)
  File "<frozen importlib._bootstrap_external>", line 995, in exec_module
  File "<frozen importlib._bootstrap>", line 488, in _call_with_frames_removed
  File "/opt/airflow/dags/dbt.py", line 2, in <module>
    from airflow.providers.standard.operators.bash import BashOperator
ModuleNotFoundError: No module named 'airflow.providers.standard'
[2026-03-16T18:59:14.953+0000] {processor.py:842} WARNING - No viable dags retrieved from /opt/airflow/dags/dbt.py
[2026-03-16T18:59:14.978+0000] {processor.py:183} INFO - Processing /opt/airflow/dags/dbt.py took 0.058 seconds
[2026-03-16T18:59:45.337+0000] {processor.py:161} INFO - Started process (PID=5784) to work on /opt/airflow/dags/dbt.py
[2026-03-16T18:59:45.339+0000] {processor.py:830} INFO - Processing file /opt/airflow/dags/dbt.py for tasks to queue
[2026-03-16T18:59:45.342+0000] {logging_mixin.py:188} INFO - [2026-03-16T18:59:45.341+0000] {dagbag.py:545} INFO - Filling up the DagBag from /opt/airflow/dags/dbt.py
[2026-03-16T18:59:45.350+0000] {logging_mixin.py:188} INFO - [2026-03-16T18:59:45.348+0000] {dagbag.py:355} ERROR - Failed to import: /opt/airflow/dags/dbt.py
Traceback (most recent call last):
  File "/home/airflow/.local/lib/python3.12/site-packages/airflow/models/dagbag.py", line 351, in parse
    loader.exec_module(new_module)
  File "<frozen importlib._bootstrap_external>", line 995, in exec_module
  File "<frozen importlib._bootstrap>", line 488, in _call_with_frames_removed
  File "/opt/airflow/dags/dbt.py", line 2, in <module>
    from airflow.providers.standard.operators.bash import BashOperator
ModuleNotFoundError: No module named 'airflow.providers.standard'
[2026-03-16T18:59:45.351+0000] {processor.py:842} WARNING - No viable dags retrieved from /opt/airflow/dags/dbt.py
[2026-03-16T18:59:45.375+0000] {processor.py:183} INFO - Processing /opt/airflow/dags/dbt.py took 0.051 seconds
[2026-03-16T19:00:15.715+0000] {processor.py:161} INFO - Started process (PID=5786) to work on /opt/airflow/dags/dbt.py
[2026-03-16T19:00:15.716+0000] {processor.py:830} INFO - Processing file /opt/airflow/dags/dbt.py for tasks to queue
[2026-03-16T19:00:15.718+0000] {logging_mixin.py:188} INFO - [2026-03-16T19:00:15.717+0000] {dagbag.py:545} INFO - Filling up the DagBag from /opt/airflow/dags/dbt.py
[2026-03-16T19:00:15.721+0000] {logging_mixin.py:188} INFO - [2026-03-16T19:00:15.720+0000] {dagbag.py:355} ERROR - Failed to import: /opt/airflow/dags/dbt.py
Traceback (most recent call last):
  File "/home/airflow/.local/lib/python3.12/site-packages/airflow/models/dagbag.py", line 351, in parse
    loader.exec_module(new_module)
  File "<frozen importlib._bootstrap_external>", line 995, in exec_module
  File "<frozen importlib._bootstrap>", line 488, in _call_with_frames_removed
  File "/opt/airflow/dags/dbt.py", line 2, in <module>
    from airflow.providers.standard.operators.bash import BashOperator
ModuleNotFoundError: No module named 'airflow.providers.standard'
[2026-03-16T19:00:15.722+0000] {processor.py:842} WARNING - No viable dags retrieved from /opt/airflow/dags/dbt.py
[2026-03-16T19:00:15.742+0000] {processor.py:183} INFO - Processing /opt/airflow/dags/dbt.py took 0.033 seconds
[2026-03-16T19:00:46.108+0000] {processor.py:161} INFO - Started process (PID=5788) to work on /opt/airflow/dags/dbt.py
[2026-03-16T19:00:46.109+0000] {processor.py:830} INFO - Processing file /opt/airflow/dags/dbt.py for tasks to queue
[2026-03-16T19:00:46.112+0000] {logging_mixin.py:188} INFO - [2026-03-16T19:00:46.112+0000] {dagbag.py:545} INFO - Filling up the DagBag from /opt/airflow/dags/dbt.py
[2026-03-16T19:00:46.118+0000] {logging_mixin.py:188} INFO - [2026-03-16T19:00:46.116+0000] {dagbag.py:355} ERROR - Failed to import: /opt/airflow/dags/dbt.py
Traceback (most recent call last):
  File "/home/airflow/.local/lib/python3.12/site-packages/airflow/models/dagbag.py", line 351, in parse
    loader.exec_module(new_module)
  File "<frozen importlib._bootstrap_external>", line 995, in exec_module
  File "<frozen importlib._bootstrap>", line 488, in _call_with_frames_removed
  File "/opt/airflow/dags/dbt.py", line 2, in <module>
    from airflow.providers.standard.operators.bash import BashOperator
ModuleNotFoundError: No module named 'airflow.providers.standard'
[2026-03-16T19:00:46.119+0000] {processor.py:842} WARNING - No viable dags retrieved from /opt/airflow/dags/dbt.py
[2026-03-16T19:00:46.142+0000] {processor.py:183} INFO - Processing /opt/airflow/dags/dbt.py took 0.048 seconds
[2026-03-16T19:01:16.574+0000] {processor.py:161} INFO - Started process (PID=5790) to work on /opt/airflow/dags/dbt.py
[2026-03-16T19:01:16.576+0000] {processor.py:830} INFO - Processing file /opt/airflow/dags/dbt.py for tasks to queue
[2026-03-16T19:01:16.581+0000] {logging_mixin.py:188} INFO - [2026-03-16T19:01:16.581+0000] {dagbag.py:545} INFO - Filling up the DagBag from /opt/airflow/dags/dbt.py
[2026-03-16T19:01:16.592+0000] {logging_mixin.py:188} INFO - [2026-03-16T19:01:16.589+0000] {dagbag.py:355} ERROR - Failed to import: /opt/airflow/dags/dbt.py
Traceback (most recent call last):
  File "/home/airflow/.local/lib/python3.12/site-packages/airflow/models/dagbag.py", line 351, in parse
    loader.exec_module(new_module)
  File "<frozen importlib._bootstrap_external>", line 995, in exec_module
  File "<frozen importlib._bootstrap>", line 488, in _call_with_frames_removed
  File "/opt/airflow/dags/dbt.py", line 2, in <module>
    from airflow.providers.standard.operators.bash import BashOperator
ModuleNotFoundError: No module named 'airflow.providers.standard'
[2026-03-16T19:01:16.594+0000] {processor.py:842} WARNING - No viable dags retrieved from /opt/airflow/dags/dbt.py
[2026-03-16T19:01:16.623+0000] {processor.py:183} INFO - Processing /opt/airflow/dags/dbt.py took 0.070 seconds
[2026-03-16T19:01:47.042+0000] {processor.py:161} INFO - Started process (PID=5792) to work on /opt/airflow/dags/dbt.py
[2026-03-16T19:01:47.045+0000] {processor.py:830} INFO - Processing file /opt/airflow/dags/dbt.py for tasks to queue
[2026-03-16T19:01:47.054+0000] {logging_mixin.py:188} INFO - [2026-03-16T19:01:47.053+0000] {dagbag.py:545} INFO - Filling up the DagBag from /opt/airflow/dags/dbt.py
[2026-03-16T19:01:47.069+0000] {logging_mixin.py:188} INFO - [2026-03-16T19:01:47.067+0000] {dagbag.py:355} ERROR - Failed to import: /opt/airflow/dags/dbt.py
Traceback (most recent call last):
  File "/home/airflow/.local/lib/python3.12/site-packages/airflow/models/dagbag.py", line 351, in parse
    loader.exec_module(new_module)
  File "<frozen importlib._bootstrap_external>", line 995, in exec_module
  File "<frozen importlib._bootstrap>", line 488, in _call_with_frames_removed
  File "/opt/airflow/dags/dbt.py", line 2, in <module>
    from airflow.providers.standard.operators.bash import BashOperator
ModuleNotFoundError: No module named 'airflow.providers.standard'
[2026-03-16T19:01:47.072+0000] {processor.py:842} WARNING - No viable dags retrieved from /opt/airflow/dags/dbt.py
[2026-03-16T19:01:47.107+0000] {processor.py:183} INFO - Processing /opt/airflow/dags/dbt.py took 0.091 seconds
[2026-03-16T19:02:17.467+0000] {processor.py:161} INFO - Started process (PID=5794) to work on /opt/airflow/dags/dbt.py
[2026-03-16T19:02:17.468+0000] {processor.py:830} INFO - Processing file /opt/airflow/dags/dbt.py for tasks to queue
[2026-03-16T19:02:17.470+0000] {logging_mixin.py:188} INFO - [2026-03-16T19:02:17.469+0000] {dagbag.py:545} INFO - Filling up the DagBag from /opt/airflow/dags/dbt.py
[2026-03-16T19:02:17.473+0000] {logging_mixin.py:188} INFO - [2026-03-16T19:02:17.472+0000] {dagbag.py:355} ERROR - Failed to import: /opt/airflow/dags/dbt.py
Traceback (most recent call last):
  File "/home/airflow/.local/lib/python3.12/site-packages/airflow/models/dagbag.py", line 351, in parse
    loader.exec_module(new_module)
  File "<frozen importlib._bootstrap_external>", line 995, in exec_module
  File "<frozen importlib._bootstrap>", line 488, in _call_with_frames_removed
  File "/opt/airflow/dags/dbt.py", line 2, in <module>
    from airflow.providers.standard.operators.bash import BashOperator
ModuleNotFoundError: No module named 'airflow.providers.standard'
[2026-03-16T19:02:17.473+0000] {processor.py:842} WARNING - No viable dags retrieved from /opt/airflow/dags/dbt.py
[2026-03-16T19:02:17.493+0000] {processor.py:183} INFO - Processing /opt/airflow/dags/dbt.py took 0.031 seconds
[2026-03-16T19:02:47.898+0000] {processor.py:161} INFO - Started process (PID=5796) to work on /opt/airflow/dags/dbt.py
[2026-03-16T19:02:47.901+0000] {processor.py:830} INFO - Processing file /opt/airflow/dags/dbt.py for tasks to queue
[2026-03-16T19:02:47.909+0000] {logging_mixin.py:188} INFO - [2026-03-16T19:02:47.909+0000] {dagbag.py:545} INFO - Filling up the DagBag from /opt/airflow/dags/dbt.py
[2026-03-16T19:02:47.919+0000] {logging_mixin.py:188} INFO - [2026-03-16T19:02:47.914+0000] {dagbag.py:355} ERROR - Failed to import: /opt/airflow/dags/dbt.py
Traceback (most recent call last):
  File "/home/airflow/.local/lib/python3.12/site-packages/airflow/models/dagbag.py", line 351, in parse
    loader.exec_module(new_module)
  File "<frozen importlib._bootstrap_external>", line 995, in exec_module
  File "<frozen importlib._bootstrap>", line 488, in _call_with_frames_removed
  File "/opt/airflow/dags/dbt.py", line 2, in <module>
    from airflow.providers.standard.operators.bash import BashOperator
ModuleNotFoundError: No module named 'airflow.providers.standard'
[2026-03-16T19:02:47.919+0000] {processor.py:842} WARNING - No viable dags retrieved from /opt/airflow/dags/dbt.py
[2026-03-16T19:02:47.952+0000] {processor.py:183} INFO - Processing /opt/airflow/dags/dbt.py took 0.076 seconds
[2026-03-16T19:03:18.378+0000] {processor.py:161} INFO - Started process (PID=5798) to work on /opt/airflow/dags/dbt.py
[2026-03-16T19:03:18.379+0000] {processor.py:830} INFO - Processing file /opt/airflow/dags/dbt.py for tasks to queue
[2026-03-16T19:03:18.383+0000] {logging_mixin.py:188} INFO - [2026-03-16T19:03:18.382+0000] {dagbag.py:545} INFO - Filling up the DagBag from /opt/airflow/dags/dbt.py
[2026-03-16T19:03:18.394+0000] {logging_mixin.py:188} INFO - [2026-03-16T19:03:18.391+0000] {dagbag.py:355} ERROR - Failed to import: /opt/airflow/dags/dbt.py
Traceback (most recent call last):
  File "/home/airflow/.local/lib/python3.12/site-packages/airflow/models/dagbag.py", line 351, in parse
    loader.exec_module(new_module)
  File "<frozen importlib._bootstrap_external>", line 995, in exec_module
  File "<frozen importlib._bootstrap>", line 488, in _call_with_frames_removed
  File "/opt/airflow/dags/dbt.py", line 2, in <module>
    from airflow.providers.standard.operators.bash import BashOperator
ModuleNotFoundError: No module named 'airflow.providers.standard'
[2026-03-16T19:03:18.395+0000] {processor.py:842} WARNING - No viable dags retrieved from /opt/airflow/dags/dbt.py
[2026-03-16T19:03:18.427+0000] {processor.py:183} INFO - Processing /opt/airflow/dags/dbt.py took 0.067 seconds
[2026-03-16T19:03:48.842+0000] {processor.py:161} INFO - Started process (PID=5800) to work on /opt/airflow/dags/dbt.py
[2026-03-16T19:03:48.844+0000] {processor.py:830} INFO - Processing file /opt/airflow/dags/dbt.py for tasks to queue
[2026-03-16T19:03:48.850+0000] {logging_mixin.py:188} INFO - [2026-03-16T19:03:48.850+0000] {dagbag.py:545} INFO - Filling up the DagBag from /opt/airflow/dags/dbt.py
[2026-03-16T19:03:48.858+0000] {logging_mixin.py:188} INFO - [2026-03-16T19:03:48.856+0000] {dagbag.py:355} ERROR - Failed to import: /opt/airflow/dags/dbt.py
Traceback (most recent call last):
  File "/home/airflow/.local/lib/python3.12/site-packages/airflow/models/dagbag.py", line 351, in parse
    loader.exec_module(new_module)
  File "<frozen importlib._bootstrap_external>", line 995, in exec_module
  File "<frozen importlib._bootstrap>", line 488, in _call_with_frames_removed
  File "/opt/airflow/dags/dbt.py", line 2, in <module>
    from airflow.providers.standard.operators.bash import BashOperator
ModuleNotFoundError: No module named 'airflow.providers.standard'
[2026-03-16T19:03:48.859+0000] {processor.py:842} WARNING - No viable dags retrieved from /opt/airflow/dags/dbt.py
[2026-03-16T19:03:48.893+0000] {processor.py:183} INFO - Processing /opt/airflow/dags/dbt.py took 0.068 seconds
[2026-03-16T19:04:19.338+0000] {processor.py:161} INFO - Started process (PID=5802) to work on /opt/airflow/dags/dbt.py
[2026-03-16T19:04:19.340+0000] {processor.py:830} INFO - Processing file /opt/airflow/dags/dbt.py for tasks to queue
[2026-03-16T19:04:19.345+0000] {logging_mixin.py:188} INFO - [2026-03-16T19:04:19.344+0000] {dagbag.py:545} INFO - Filling up the DagBag from /opt/airflow/dags/dbt.py
[2026-03-16T19:04:19.357+0000] {logging_mixin.py:188} INFO - [2026-03-16T19:04:19.356+0000] {dagbag.py:355} ERROR - Failed to import: /opt/airflow/dags/dbt.py
Traceback (most recent call last):
  File "/home/airflow/.local/lib/python3.12/site-packages/airflow/models/dagbag.py", line 351, in parse
    loader.exec_module(new_module)
  File "<frozen importlib._bootstrap_external>", line 995, in exec_module
  File "<frozen importlib._bootstrap>", line 488, in _call_with_frames_removed
  File "/opt/airflow/dags/dbt.py", line 2, in <module>
    from airflow.providers.standard.operators.bash import BashOperator
ModuleNotFoundError: No module named 'airflow.providers.standard'
[2026-03-16T19:04:19.357+0000] {processor.py:842} WARNING - No viable dags retrieved from /opt/airflow/dags/dbt.py
[2026-03-16T19:04:19.388+0000] {processor.py:183} INFO - Processing /opt/airflow/dags/dbt.py took 0.071 seconds
[2026-03-16T19:04:49.882+0000] {processor.py:161} INFO - Started process (PID=5804) to work on /opt/airflow/dags/dbt.py
[2026-03-16T19:04:49.883+0000] {processor.py:830} INFO - Processing file /opt/airflow/dags/dbt.py for tasks to queue
[2026-03-16T19:04:49.890+0000] {logging_mixin.py:188} INFO - [2026-03-16T19:04:49.889+0000] {dagbag.py:545} INFO - Filling up the DagBag from /opt/airflow/dags/dbt.py
[2026-03-16T19:04:49.900+0000] {logging_mixin.py:188} INFO - [2026-03-16T19:04:49.895+0000] {dagbag.py:355} ERROR - Failed to import: /opt/airflow/dags/dbt.py
Traceback (most recent call last):
  File "/home/airflow/.local/lib/python3.12/site-packages/airflow/models/dagbag.py", line 351, in parse
    loader.exec_module(new_module)
  File "<frozen importlib._bootstrap_external>", line 995, in exec_module
  File "<frozen importlib._bootstrap>", line 488, in _call_with_frames_removed
  File "/opt/airflow/dags/dbt.py", line 2, in <module>
    from airflow.providers.standard.operators.bash import BashOperator
ModuleNotFoundError: No module named 'airflow.providers.standard'
[2026-03-16T19:04:49.901+0000] {processor.py:842} WARNING - No viable dags retrieved from /opt/airflow/dags/dbt.py
[2026-03-16T19:04:49.937+0000] {processor.py:183} INFO - Processing /opt/airflow/dags/dbt.py took 0.078 seconds
[2026-03-16T19:05:20.288+0000] {processor.py:161} INFO - Started process (PID=5806) to work on /opt/airflow/dags/dbt.py
[2026-03-16T19:05:20.289+0000] {processor.py:830} INFO - Processing file /opt/airflow/dags/dbt.py for tasks to queue
[2026-03-16T19:05:20.292+0000] {logging_mixin.py:188} INFO - [2026-03-16T19:05:20.291+0000] {dagbag.py:545} INFO - Filling up the DagBag from /opt/airflow/dags/dbt.py
[2026-03-16T19:05:20.297+0000] {logging_mixin.py:188} INFO - [2026-03-16T19:05:20.295+0000] {dagbag.py:355} ERROR - Failed to import: /opt/airflow/dags/dbt.py
Traceback (most recent call last):
  File "/home/airflow/.local/lib/python3.12/site-packages/airflow/models/dagbag.py", line 351, in parse
    loader.exec_module(new_module)
  File "<frozen importlib._bootstrap_external>", line 995, in exec_module
  File "<frozen importlib._bootstrap>", line 488, in _call_with_frames_removed
  File "/opt/airflow/dags/dbt.py", line 2, in <module>
    from airflow.providers.standard.operators.bash import BashOperator
ModuleNotFoundError: No module named 'airflow.providers.standard'
[2026-03-16T19:05:20.298+0000] {processor.py:842} WARNING - No viable dags retrieved from /opt/airflow/dags/dbt.py
[2026-03-16T19:05:20.317+0000] {processor.py:183} INFO - Processing /opt/airflow/dags/dbt.py took 0.038 seconds
[2026-03-16T19:05:50.673+0000] {processor.py:161} INFO - Started process (PID=5808) to work on /opt/airflow/dags/dbt.py
[2026-03-16T19:05:50.675+0000] {processor.py:830} INFO - Processing file /opt/airflow/dags/dbt.py for tasks to queue
[2026-03-16T19:05:50.685+0000] {logging_mixin.py:188} INFO - [2026-03-16T19:05:50.685+0000] {dagbag.py:545} INFO - Filling up the DagBag from /opt/airflow/dags/dbt.py
[2026-03-16T19:05:50.694+0000] {logging_mixin.py:188} INFO - [2026-03-16T19:05:50.690+0000] {dagbag.py:355} ERROR - Failed to import: /opt/airflow/dags/dbt.py
Traceback (most recent call last):
  File "/home/airflow/.local/lib/python3.12/site-packages/airflow/models/dagbag.py", line 351, in parse
    loader.exec_module(new_module)
  File "<frozen importlib._bootstrap_external>", line 995, in exec_module
  File "<frozen importlib._bootstrap>", line 488, in _call_with_frames_removed
  File "/opt/airflow/dags/dbt.py", line 2, in <module>
    from airflow.providers.standard.operators.bash import BashOperator
ModuleNotFoundError: No module named 'airflow.providers.standard'
[2026-03-16T19:05:50.694+0000] {processor.py:842} WARNING - No viable dags retrieved from /opt/airflow/dags/dbt.py
[2026-03-16T19:05:50.733+0000] {processor.py:183} INFO - Processing /opt/airflow/dags/dbt.py took 0.082 seconds
[2026-03-16T19:06:21.097+0000] {processor.py:161} INFO - Started process (PID=5810) to work on /opt/airflow/dags/dbt.py
[2026-03-16T19:06:21.099+0000] {processor.py:830} INFO - Processing file /opt/airflow/dags/dbt.py for tasks to queue
[2026-03-16T19:06:21.101+0000] {logging_mixin.py:188} INFO - [2026-03-16T19:06:21.101+0000] {dagbag.py:545} INFO - Filling up the DagBag from /opt/airflow/dags/dbt.py
[2026-03-16T19:06:21.108+0000] {logging_mixin.py:188} INFO - [2026-03-16T19:06:21.105+0000] {dagbag.py:355} ERROR - Failed to import: /opt/airflow/dags/dbt.py
Traceback (most recent call last):
  File "/home/airflow/.local/lib/python3.12/site-packages/airflow/models/dagbag.py", line 351, in parse
    loader.exec_module(new_module)
  File "<frozen importlib._bootstrap_external>", line 995, in exec_module
  File "<frozen importlib._bootstrap>", line 488, in _call_with_frames_removed
  File "/opt/airflow/dags/dbt.py", line 2, in <module>
    from airflow.providers.standard.operators.bash import BashOperator
ModuleNotFoundError: No module named 'airflow.providers.standard'
[2026-03-16T19:06:21.108+0000] {processor.py:842} WARNING - No viable dags retrieved from /opt/airflow/dags/dbt.py
[2026-03-16T19:06:21.134+0000] {processor.py:183} INFO - Processing /opt/airflow/dags/dbt.py took 0.047 seconds
[2026-03-16T19:06:51.578+0000] {processor.py:161} INFO - Started process (PID=5812) to work on /opt/airflow/dags/dbt.py
[2026-03-16T19:06:51.579+0000] {processor.py:830} INFO - Processing file /opt/airflow/dags/dbt.py for tasks to queue
[2026-03-16T19:06:51.584+0000] {logging_mixin.py:188} INFO - [2026-03-16T19:06:51.583+0000] {dagbag.py:545} INFO - Filling up the DagBag from /opt/airflow/dags/dbt.py
[2026-03-16T19:06:51.598+0000] {logging_mixin.py:188} INFO - [2026-03-16T19:06:51.596+0000] {dagbag.py:355} ERROR - Failed to import: /opt/airflow/dags/dbt.py
Traceback (most recent call last):
  File "/home/airflow/.local/lib/python3.12/site-packages/airflow/models/dagbag.py", line 351, in parse
    loader.exec_module(new_module)
  File "<frozen importlib._bootstrap_external>", line 995, in exec_module
  File "<frozen importlib._bootstrap>", line 488, in _call_with_frames_removed
  File "/opt/airflow/dags/dbt.py", line 2, in <module>
    from airflow.providers.standard.operators.bash import BashOperator
ModuleNotFoundError: No module named 'airflow.providers.standard'
[2026-03-16T19:06:51.598+0000] {processor.py:842} WARNING - No viable dags retrieved from /opt/airflow/dags/dbt.py
[2026-03-16T19:06:51.641+0000] {processor.py:183} INFO - Processing /opt/airflow/dags/dbt.py took 0.086 seconds
[2026-03-16T19:07:22.010+0000] {processor.py:161} INFO - Started process (PID=5814) to work on /opt/airflow/dags/dbt.py
[2026-03-16T19:07:22.012+0000] {processor.py:830} INFO - Processing file /opt/airflow/dags/dbt.py for tasks to queue
[2026-03-16T19:07:22.016+0000] {logging_mixin.py:188} INFO - [2026-03-16T19:07:22.015+0000] {dagbag.py:545} INFO - Filling up the DagBag from /opt/airflow/dags/dbt.py
[2026-03-16T19:07:22.025+0000] {logging_mixin.py:188} INFO - [2026-03-16T19:07:22.022+0000] {dagbag.py:355} ERROR - Failed to import: /opt/airflow/dags/dbt.py
Traceback (most recent call last):
  File "/home/airflow/.local/lib/python3.12/site-packages/airflow/models/dagbag.py", line 351, in parse
    loader.exec_module(new_module)
  File "<frozen importlib._bootstrap_external>", line 995, in exec_module
  File "<frozen importlib._bootstrap>", line 488, in _call_with_frames_removed
  File "/opt/airflow/dags/dbt.py", line 2, in <module>
    from airflow.providers.standard.operators.bash import BashOperator
ModuleNotFoundError: No module named 'airflow.providers.standard'
[2026-03-16T19:07:22.027+0000] {processor.py:842} WARNING - No viable dags retrieved from /opt/airflow/dags/dbt.py
[2026-03-16T19:07:22.047+0000] {processor.py:183} INFO - Processing /opt/airflow/dags/dbt.py took 0.053 seconds
[2026-03-16T19:07:52.489+0000] {processor.py:161} INFO - Started process (PID=5816) to work on /opt/airflow/dags/dbt.py
[2026-03-16T19:07:52.491+0000] {processor.py:830} INFO - Processing file /opt/airflow/dags/dbt.py for tasks to queue
[2026-03-16T19:07:52.500+0000] {logging_mixin.py:188} INFO - [2026-03-16T19:07:52.499+0000] {dagbag.py:545} INFO - Filling up the DagBag from /opt/airflow/dags/dbt.py
[2026-03-16T19:07:52.508+0000] {logging_mixin.py:188} INFO - [2026-03-16T19:07:52.506+0000] {dagbag.py:355} ERROR - Failed to import: /opt/airflow/dags/dbt.py
Traceback (most recent call last):
  File "/home/airflow/.local/lib/python3.12/site-packages/airflow/models/dagbag.py", line 351, in parse
    loader.exec_module(new_module)
  File "<frozen importlib._bootstrap_external>", line 995, in exec_module
  File "<frozen importlib._bootstrap>", line 488, in _call_with_frames_removed
  File "/opt/airflow/dags/dbt.py", line 2, in <module>
    from airflow.providers.standard.operators.bash import BashOperator
ModuleNotFoundError: No module named 'airflow.providers.standard'
[2026-03-16T19:07:52.510+0000] {processor.py:842} WARNING - No viable dags retrieved from /opt/airflow/dags/dbt.py
[2026-03-16T19:07:52.548+0000] {processor.py:183} INFO - Processing /opt/airflow/dags/dbt.py took 0.088 seconds
[2026-03-16T19:08:22.919+0000] {processor.py:161} INFO - Started process (PID=5818) to work on /opt/airflow/dags/dbt.py
[2026-03-16T19:08:22.920+0000] {processor.py:830} INFO - Processing file /opt/airflow/dags/dbt.py for tasks to queue
[2026-03-16T19:08:22.925+0000] {logging_mixin.py:188} INFO - [2026-03-16T19:08:22.924+0000] {dagbag.py:545} INFO - Filling up the DagBag from /opt/airflow/dags/dbt.py
[2026-03-16T19:08:22.932+0000] {logging_mixin.py:188} INFO - [2026-03-16T19:08:22.930+0000] {dagbag.py:355} ERROR - Failed to import: /opt/airflow/dags/dbt.py
Traceback (most recent call last):
  File "/home/airflow/.local/lib/python3.12/site-packages/airflow/models/dagbag.py", line 351, in parse
    loader.exec_module(new_module)
  File "<frozen importlib._bootstrap_external>", line 995, in exec_module
  File "<frozen importlib._bootstrap>", line 488, in _call_with_frames_removed
  File "/opt/airflow/dags/dbt.py", line 2, in <module>
    from airflow.providers.standard.operators.bash import BashOperator
ModuleNotFoundError: No module named 'airflow.providers.standard'
[2026-03-16T19:08:22.933+0000] {processor.py:842} WARNING - No viable dags retrieved from /opt/airflow/dags/dbt.py
[2026-03-16T19:08:22.960+0000] {processor.py:183} INFO - Processing /opt/airflow/dags/dbt.py took 0.055 seconds
[2026-03-16T19:08:53.335+0000] {processor.py:161} INFO - Started process (PID=5820) to work on /opt/airflow/dags/dbt.py
[2026-03-16T19:08:53.337+0000] {processor.py:830} INFO - Processing file /opt/airflow/dags/dbt.py for tasks to queue
[2026-03-16T19:08:53.343+0000] {logging_mixin.py:188} INFO - [2026-03-16T19:08:53.343+0000] {dagbag.py:545} INFO - Filling up the DagBag from /opt/airflow/dags/dbt.py
[2026-03-16T19:08:53.354+0000] {logging_mixin.py:188} INFO - [2026-03-16T19:08:53.350+0000] {dagbag.py:355} ERROR - Failed to import: /opt/airflow/dags/dbt.py
Traceback (most recent call last):
  File "/home/airflow/.local/lib/python3.12/site-packages/airflow/models/dagbag.py", line 351, in parse
    loader.exec_module(new_module)
  File "<frozen importlib._bootstrap_external>", line 995, in exec_module
  File "<frozen importlib._bootstrap>", line 488, in _call_with_frames_removed
  File "/opt/airflow/dags/dbt.py", line 2, in <module>
    from airflow.providers.standard.operators.bash import BashOperator
ModuleNotFoundError: No module named 'airflow.providers.standard'
[2026-03-16T19:08:53.354+0000] {processor.py:842} WARNING - No viable dags retrieved from /opt/airflow/dags/dbt.py
[2026-03-16T19:08:53.384+0000] {processor.py:183} INFO - Processing /opt/airflow/dags/dbt.py took 0.066 seconds
[2026-03-16T19:09:23.831+0000] {processor.py:161} INFO - Started process (PID=5822) to work on /opt/airflow/dags/dbt.py
[2026-03-16T19:09:23.833+0000] {processor.py:830} INFO - Processing file /opt/airflow/dags/dbt.py for tasks to queue
[2026-03-16T19:09:23.840+0000] {logging_mixin.py:188} INFO - [2026-03-16T19:09:23.838+0000] {dagbag.py:545} INFO - Filling up the DagBag from /opt/airflow/dags/dbt.py
[2026-03-16T19:09:23.848+0000] {logging_mixin.py:188} INFO - [2026-03-16T19:09:23.846+0000] {dagbag.py:355} ERROR - Failed to import: /opt/airflow/dags/dbt.py
Traceback (most recent call last):
  File "/home/airflow/.local/lib/python3.12/site-packages/airflow/models/dagbag.py", line 351, in parse
    loader.exec_module(new_module)
  File "<frozen importlib._bootstrap_external>", line 995, in exec_module
  File "<frozen importlib._bootstrap>", line 488, in _call_with_frames_removed
  File "/opt/airflow/dags/dbt.py", line 2, in <module>
    from airflow.providers.standard.operators.bash import BashOperator
ModuleNotFoundError: No module named 'airflow.providers.standard'
[2026-03-16T19:09:23.850+0000] {processor.py:842} WARNING - No viable dags retrieved from /opt/airflow/dags/dbt.py
[2026-03-16T19:09:23.885+0000] {processor.py:183} INFO - Processing /opt/airflow/dags/dbt.py took 0.083 seconds
[2026-03-16T19:09:54.328+0000] {processor.py:161} INFO - Started process (PID=5824) to work on /opt/airflow/dags/dbt.py
[2026-03-16T19:09:54.331+0000] {processor.py:830} INFO - Processing file /opt/airflow/dags/dbt.py for tasks to queue
[2026-03-16T19:09:54.339+0000] {logging_mixin.py:188} INFO - [2026-03-16T19:09:54.339+0000] {dagbag.py:545} INFO - Filling up the DagBag from /opt/airflow/dags/dbt.py
[2026-03-16T19:09:54.350+0000] {logging_mixin.py:188} INFO - [2026-03-16T19:09:54.346+0000] {dagbag.py:355} ERROR - Failed to import: /opt/airflow/dags/dbt.py
Traceback (most recent call last):
  File "/home/airflow/.local/lib/python3.12/site-packages/airflow/models/dagbag.py", line 351, in parse
    loader.exec_module(new_module)
  File "<frozen importlib._bootstrap_external>", line 995, in exec_module
  File "<frozen importlib._bootstrap>", line 488, in _call_with_frames_removed
  File "/opt/airflow/dags/dbt.py", line 2, in <module>
    from airflow.providers.standard.operators.bash import BashOperator
ModuleNotFoundError: No module named 'airflow.providers.standard'
[2026-03-16T19:09:54.350+0000] {processor.py:842} WARNING - No viable dags retrieved from /opt/airflow/dags/dbt.py
[2026-03-16T19:09:54.385+0000] {processor.py:183} INFO - Processing /opt/airflow/dags/dbt.py took 0.085 seconds
[2026-03-16T19:10:24.747+0000] {processor.py:161} INFO - Started process (PID=5826) to work on /opt/airflow/dags/dbt.py
[2026-03-16T19:10:24.748+0000] {processor.py:830} INFO - Processing file /opt/airflow/dags/dbt.py for tasks to queue
[2026-03-16T19:10:24.753+0000] {logging_mixin.py:188} INFO - [2026-03-16T19:10:24.752+0000] {dagbag.py:545} INFO - Filling up the DagBag from /opt/airflow/dags/dbt.py
[2026-03-16T19:10:24.761+0000] {logging_mixin.py:188} INFO - [2026-03-16T19:10:24.760+0000] {dagbag.py:355} ERROR - Failed to import: /opt/airflow/dags/dbt.py
Traceback (most recent call last):
  File "/home/airflow/.local/lib/python3.12/site-packages/airflow/models/dagbag.py", line 351, in parse
    loader.exec_module(new_module)
  File "<frozen importlib._bootstrap_external>", line 995, in exec_module
  File "<frozen importlib._bootstrap>", line 488, in _call_with_frames_removed
  File "/opt/airflow/dags/dbt.py", line 2, in <module>
    from airflow.providers.standard.operators.bash import BashOperator
ModuleNotFoundError: No module named 'airflow.providers.standard'
[2026-03-16T19:10:24.763+0000] {processor.py:842} WARNING - No viable dags retrieved from /opt/airflow/dags/dbt.py
[2026-03-16T19:10:24.794+0000] {processor.py:183} INFO - Processing /opt/airflow/dags/dbt.py took 0.060 seconds
[2026-03-16T19:10:55.270+0000] {processor.py:161} INFO - Started process (PID=5828) to work on /opt/airflow/dags/dbt.py
[2026-03-16T19:10:55.271+0000] {processor.py:830} INFO - Processing file /opt/airflow/dags/dbt.py for tasks to queue
[2026-03-16T19:10:55.277+0000] {logging_mixin.py:188} INFO - [2026-03-16T19:10:55.275+0000] {dagbag.py:545} INFO - Filling up the DagBag from /opt/airflow/dags/dbt.py
[2026-03-16T19:10:55.284+0000] {logging_mixin.py:188} INFO - [2026-03-16T19:10:55.282+0000] {dagbag.py:355} ERROR - Failed to import: /opt/airflow/dags/dbt.py
Traceback (most recent call last):
  File "/home/airflow/.local/lib/python3.12/site-packages/airflow/models/dagbag.py", line 351, in parse
    loader.exec_module(new_module)
  File "<frozen importlib._bootstrap_external>", line 995, in exec_module
  File "<frozen importlib._bootstrap>", line 488, in _call_with_frames_removed
  File "/opt/airflow/dags/dbt.py", line 2, in <module>
    from airflow.providers.standard.operators.bash import BashOperator
ModuleNotFoundError: No module named 'airflow.providers.standard'
[2026-03-16T19:10:55.285+0000] {processor.py:842} WARNING - No viable dags retrieved from /opt/airflow/dags/dbt.py
[2026-03-16T19:10:55.316+0000] {processor.py:183} INFO - Processing /opt/airflow/dags/dbt.py took 0.069 seconds
[2026-03-16T19:11:25.680+0000] {processor.py:161} INFO - Started process (PID=5830) to work on /opt/airflow/dags/dbt.py
[2026-03-16T19:11:25.681+0000] {processor.py:830} INFO - Processing file /opt/airflow/dags/dbt.py for tasks to queue
[2026-03-16T19:11:25.685+0000] {logging_mixin.py:188} INFO - [2026-03-16T19:11:25.685+0000] {dagbag.py:545} INFO - Filling up the DagBag from /opt/airflow/dags/dbt.py
[2026-03-16T19:11:25.696+0000] {logging_mixin.py:188} INFO - [2026-03-16T19:11:25.694+0000] {dagbag.py:355} ERROR - Failed to import: /opt/airflow/dags/dbt.py
Traceback (most recent call last):
  File "/home/airflow/.local/lib/python3.12/site-packages/airflow/models/dagbag.py", line 351, in parse
    loader.exec_module(new_module)
  File "<frozen importlib._bootstrap_external>", line 995, in exec_module
  File "<frozen importlib._bootstrap>", line 488, in _call_with_frames_removed
  File "/opt/airflow/dags/dbt.py", line 2, in <module>
    from airflow.providers.standard.operators.bash import BashOperator
ModuleNotFoundError: No module named 'airflow.providers.standard'
[2026-03-16T19:11:25.698+0000] {processor.py:842} WARNING - No viable dags retrieved from /opt/airflow/dags/dbt.py
[2026-03-16T19:11:25.731+0000] {processor.py:183} INFO - Processing /opt/airflow/dags/dbt.py took 0.073 seconds
[2026-03-16T19:11:56.153+0000] {processor.py:161} INFO - Started process (PID=5832) to work on /opt/airflow/dags/dbt.py
[2026-03-16T19:11:56.156+0000] {processor.py:830} INFO - Processing file /opt/airflow/dags/dbt.py for tasks to queue
[2026-03-16T19:11:56.162+0000] {logging_mixin.py:188} INFO - [2026-03-16T19:11:56.161+0000] {dagbag.py:545} INFO - Filling up the DagBag from /opt/airflow/dags/dbt.py
[2026-03-16T19:11:56.169+0000] {logging_mixin.py:188} INFO - [2026-03-16T19:11:56.167+0000] {dagbag.py:355} ERROR - Failed to import: /opt/airflow/dags/dbt.py
Traceback (most recent call last):
  File "/home/airflow/.local/lib/python3.12/site-packages/airflow/models/dagbag.py", line 351, in parse
    loader.exec_module(new_module)
  File "<frozen importlib._bootstrap_external>", line 995, in exec_module
  File "<frozen importlib._bootstrap>", line 488, in _call_with_frames_removed
  File "/opt/airflow/dags/dbt.py", line 2, in <module>
    from airflow.providers.standard.operators.bash import BashOperator
ModuleNotFoundError: No module named 'airflow.providers.standard'
[2026-03-16T19:11:56.170+0000] {processor.py:842} WARNING - No viable dags retrieved from /opt/airflow/dags/dbt.py
[2026-03-16T19:11:56.199+0000] {processor.py:183} INFO - Processing /opt/airflow/dags/dbt.py took 0.069 seconds
[2026-03-16T19:12:26.589+0000] {processor.py:161} INFO - Started process (PID=5834) to work on /opt/airflow/dags/dbt.py
[2026-03-16T19:12:26.590+0000] {processor.py:830} INFO - Processing file /opt/airflow/dags/dbt.py for tasks to queue
[2026-03-16T19:12:26.594+0000] {logging_mixin.py:188} INFO - [2026-03-16T19:12:26.594+0000] {dagbag.py:545} INFO - Filling up the DagBag from /opt/airflow/dags/dbt.py
[2026-03-16T19:12:26.604+0000] {logging_mixin.py:188} INFO - [2026-03-16T19:12:26.600+0000] {dagbag.py:355} ERROR - Failed to import: /opt/airflow/dags/dbt.py
Traceback (most recent call last):
  File "/home/airflow/.local/lib/python3.12/site-packages/airflow/models/dagbag.py", line 351, in parse
    loader.exec_module(new_module)
  File "<frozen importlib._bootstrap_external>", line 995, in exec_module
  File "<frozen importlib._bootstrap>", line 488, in _call_with_frames_removed
  File "/opt/airflow/dags/dbt.py", line 2, in <module>
    from airflow.providers.standard.operators.bash import BashOperator
ModuleNotFoundError: No module named 'airflow.providers.standard'
[2026-03-16T19:12:26.604+0000] {processor.py:842} WARNING - No viable dags retrieved from /opt/airflow/dags/dbt.py
[2026-03-16T19:12:26.628+0000] {processor.py:183} INFO - Processing /opt/airflow/dags/dbt.py took 0.053 seconds
[2026-03-16T19:12:57.077+0000] {processor.py:161} INFO - Started process (PID=5836) to work on /opt/airflow/dags/dbt.py
[2026-03-16T19:12:57.079+0000] {processor.py:830} INFO - Processing file /opt/airflow/dags/dbt.py for tasks to queue
[2026-03-16T19:12:57.085+0000] {logging_mixin.py:188} INFO - [2026-03-16T19:12:57.084+0000] {dagbag.py:545} INFO - Filling up the DagBag from /opt/airflow/dags/dbt.py
[2026-03-16T19:12:57.096+0000] {logging_mixin.py:188} INFO - [2026-03-16T19:12:57.091+0000] {dagbag.py:355} ERROR - Failed to import: /opt/airflow/dags/dbt.py
Traceback (most recent call last):
  File "/home/airflow/.local/lib/python3.12/site-packages/airflow/models/dagbag.py", line 351, in parse
    loader.exec_module(new_module)
  File "<frozen importlib._bootstrap_external>", line 995, in exec_module
  File "<frozen importlib._bootstrap>", line 488, in _call_with_frames_removed
  File "/opt/airflow/dags/dbt.py", line 2, in <module>
    from airflow.providers.standard.operators.bash import BashOperator
ModuleNotFoundError: No module named 'airflow.providers.standard'
[2026-03-16T19:12:57.096+0000] {processor.py:842} WARNING - No viable dags retrieved from /opt/airflow/dags/dbt.py
[2026-03-16T19:12:57.125+0000] {processor.py:183} INFO - Processing /opt/airflow/dags/dbt.py took 0.063 seconds
[2026-03-16T19:13:27.549+0000] {processor.py:161} INFO - Started process (PID=5838) to work on /opt/airflow/dags/dbt.py
[2026-03-16T19:13:27.551+0000] {processor.py:830} INFO - Processing file /opt/airflow/dags/dbt.py for tasks to queue
[2026-03-16T19:13:27.557+0000] {logging_mixin.py:188} INFO - [2026-03-16T19:13:27.557+0000] {dagbag.py:545} INFO - Filling up the DagBag from /opt/airflow/dags/dbt.py
[2026-03-16T19:13:27.566+0000] {logging_mixin.py:188} INFO - [2026-03-16T19:13:27.563+0000] {dagbag.py:355} ERROR - Failed to import: /opt/airflow/dags/dbt.py
Traceback (most recent call last):
  File "/home/airflow/.local/lib/python3.12/site-packages/airflow/models/dagbag.py", line 351, in parse
    loader.exec_module(new_module)
  File "<frozen importlib._bootstrap_external>", line 995, in exec_module
  File "<frozen importlib._bootstrap>", line 488, in _call_with_frames_removed
  File "/opt/airflow/dags/dbt.py", line 2, in <module>
    from airflow.providers.standard.operators.bash import BashOperator
ModuleNotFoundError: No module named 'airflow.providers.standard'
[2026-03-16T19:13:27.568+0000] {processor.py:842} WARNING - No viable dags retrieved from /opt/airflow/dags/dbt.py
[2026-03-16T19:13:27.610+0000] {processor.py:183} INFO - Processing /opt/airflow/dags/dbt.py took 0.082 seconds
[2026-03-16T19:13:58.002+0000] {processor.py:161} INFO - Started process (PID=5840) to work on /opt/airflow/dags/dbt.py
[2026-03-16T19:13:58.004+0000] {processor.py:830} INFO - Processing file /opt/airflow/dags/dbt.py for tasks to queue
[2026-03-16T19:13:58.008+0000] {logging_mixin.py:188} INFO - [2026-03-16T19:13:58.008+0000] {dagbag.py:545} INFO - Filling up the DagBag from /opt/airflow/dags/dbt.py
[2026-03-16T19:13:58.020+0000] {logging_mixin.py:188} INFO - [2026-03-16T19:13:58.017+0000] {dagbag.py:355} ERROR - Failed to import: /opt/airflow/dags/dbt.py
Traceback (most recent call last):
  File "/home/airflow/.local/lib/python3.12/site-packages/airflow/models/dagbag.py", line 351, in parse
    loader.exec_module(new_module)
  File "<frozen importlib._bootstrap_external>", line 995, in exec_module
  File "<frozen importlib._bootstrap>", line 488, in _call_with_frames_removed
  File "/opt/airflow/dags/dbt.py", line 2, in <module>
    from airflow.providers.standard.operators.bash import BashOperator
ModuleNotFoundError: No module named 'airflow.providers.standard'
[2026-03-16T19:13:58.021+0000] {processor.py:842} WARNING - No viable dags retrieved from /opt/airflow/dags/dbt.py
[2026-03-16T19:13:58.059+0000] {processor.py:183} INFO - Processing /opt/airflow/dags/dbt.py took 0.080 seconds
[2026-03-16T19:14:28.461+0000] {processor.py:161} INFO - Started process (PID=5842) to work on /opt/airflow/dags/dbt.py
[2026-03-16T19:14:28.464+0000] {processor.py:830} INFO - Processing file /opt/airflow/dags/dbt.py for tasks to queue
[2026-03-16T19:14:28.469+0000] {logging_mixin.py:188} INFO - [2026-03-16T19:14:28.469+0000] {dagbag.py:545} INFO - Filling up the DagBag from /opt/airflow/dags/dbt.py
[2026-03-16T19:14:28.483+0000] {logging_mixin.py:188} INFO - [2026-03-16T19:14:28.478+0000] {dagbag.py:355} ERROR - Failed to import: /opt/airflow/dags/dbt.py
Traceback (most recent call last):
  File "/home/airflow/.local/lib/python3.12/site-packages/airflow/models/dagbag.py", line 351, in parse
    loader.exec_module(new_module)
  File "<frozen importlib._bootstrap_external>", line 995, in exec_module
  File "<frozen importlib._bootstrap>", line 488, in _call_with_frames_removed
  File "/opt/airflow/dags/dbt.py", line 2, in <module>
    from airflow.providers.standard.operators.bash import BashOperator
ModuleNotFoundError: No module named 'airflow.providers.standard'
[2026-03-16T19:14:28.483+0000] {processor.py:842} WARNING - No viable dags retrieved from /opt/airflow/dags/dbt.py
[2026-03-16T19:14:28.529+0000] {processor.py:183} INFO - Processing /opt/airflow/dags/dbt.py took 0.098 seconds
[2026-03-16T19:14:58.943+0000] {processor.py:161} INFO - Started process (PID=5844) to work on /opt/airflow/dags/dbt.py
[2026-03-16T19:14:58.946+0000] {processor.py:830} INFO - Processing file /opt/airflow/dags/dbt.py for tasks to queue
[2026-03-16T19:14:58.952+0000] {logging_mixin.py:188} INFO - [2026-03-16T19:14:58.951+0000] {dagbag.py:545} INFO - Filling up the DagBag from /opt/airflow/dags/dbt.py
[2026-03-16T19:14:58.968+0000] {logging_mixin.py:188} INFO - [2026-03-16T19:14:58.966+0000] {dagbag.py:355} ERROR - Failed to import: /opt/airflow/dags/dbt.py
Traceback (most recent call last):
  File "/home/airflow/.local/lib/python3.12/site-packages/airflow/models/dagbag.py", line 351, in parse
    loader.exec_module(new_module)
  File "<frozen importlib._bootstrap_external>", line 995, in exec_module
  File "<frozen importlib._bootstrap>", line 488, in _call_with_frames_removed
  File "/opt/airflow/dags/dbt.py", line 2, in <module>
    from airflow.providers.standard.operators.bash import BashOperator
ModuleNotFoundError: No module named 'airflow.providers.standard'
[2026-03-16T19:14:58.968+0000] {processor.py:842} WARNING - No viable dags retrieved from /opt/airflow/dags/dbt.py
[2026-03-16T19:14:59.006+0000] {processor.py:183} INFO - Processing /opt/airflow/dags/dbt.py took 0.085 seconds
[2026-03-16T19:15:29.390+0000] {processor.py:161} INFO - Started process (PID=5846) to work on /opt/airflow/dags/dbt.py
[2026-03-16T19:15:29.392+0000] {processor.py:830} INFO - Processing file /opt/airflow/dags/dbt.py for tasks to queue
[2026-03-16T19:15:29.396+0000] {logging_mixin.py:188} INFO - [2026-03-16T19:15:29.396+0000] {dagbag.py:545} INFO - Filling up the DagBag from /opt/airflow/dags/dbt.py
[2026-03-16T19:15:29.405+0000] {logging_mixin.py:188} INFO - [2026-03-16T19:15:29.404+0000] {dagbag.py:355} ERROR - Failed to import: /opt/airflow/dags/dbt.py
Traceback (most recent call last):
  File "/home/airflow/.local/lib/python3.12/site-packages/airflow/models/dagbag.py", line 351, in parse
    loader.exec_module(new_module)
  File "<frozen importlib._bootstrap_external>", line 995, in exec_module
  File "<frozen importlib._bootstrap>", line 488, in _call_with_frames_removed
  File "/opt/airflow/dags/dbt.py", line 2, in <module>
    from airflow.providers.standard.operators.bash import BashOperator
ModuleNotFoundError: No module named 'airflow.providers.standard'
[2026-03-16T19:15:29.406+0000] {processor.py:842} WARNING - No viable dags retrieved from /opt/airflow/dags/dbt.py
[2026-03-16T19:15:29.435+0000] {processor.py:183} INFO - Processing /opt/airflow/dags/dbt.py took 0.060 seconds
[2026-03-16T19:15:59.873+0000] {processor.py:161} INFO - Started process (PID=5848) to work on /opt/airflow/dags/dbt.py
[2026-03-16T19:15:59.874+0000] {processor.py:830} INFO - Processing file /opt/airflow/dags/dbt.py for tasks to queue
[2026-03-16T19:15:59.878+0000] {logging_mixin.py:188} INFO - [2026-03-16T19:15:59.877+0000] {dagbag.py:545} INFO - Filling up the DagBag from /opt/airflow/dags/dbt.py
[2026-03-16T19:15:59.887+0000] {logging_mixin.py:188} INFO - [2026-03-16T19:15:59.885+0000] {dagbag.py:355} ERROR - Failed to import: /opt/airflow/dags/dbt.py
Traceback (most recent call last):
  File "/home/airflow/.local/lib/python3.12/site-packages/airflow/models/dagbag.py", line 351, in parse
    loader.exec_module(new_module)
  File "<frozen importlib._bootstrap_external>", line 995, in exec_module
  File "<frozen importlib._bootstrap>", line 488, in _call_with_frames_removed
  File "/opt/airflow/dags/dbt.py", line 2, in <module>
    from airflow.providers.standard.operators.bash import BashOperator
ModuleNotFoundError: No module named 'airflow.providers.standard'
[2026-03-16T19:15:59.887+0000] {processor.py:842} WARNING - No viable dags retrieved from /opt/airflow/dags/dbt.py
[2026-03-16T19:15:59.916+0000] {processor.py:183} INFO - Processing /opt/airflow/dags/dbt.py took 0.066 seconds
[2026-03-16T19:16:30.313+0000] {processor.py:161} INFO - Started process (PID=5850) to work on /opt/airflow/dags/dbt.py
[2026-03-16T19:16:30.315+0000] {processor.py:830} INFO - Processing file /opt/airflow/dags/dbt.py for tasks to queue
[2026-03-16T19:16:30.324+0000] {logging_mixin.py:188} INFO - [2026-03-16T19:16:30.323+0000] {dagbag.py:545} INFO - Filling up the DagBag from /opt/airflow/dags/dbt.py
[2026-03-16T19:16:30.335+0000] {logging_mixin.py:188} INFO - [2026-03-16T19:16:30.331+0000] {dagbag.py:355} ERROR - Failed to import: /opt/airflow/dags/dbt.py
Traceback (most recent call last):
  File "/home/airflow/.local/lib/python3.12/site-packages/airflow/models/dagbag.py", line 351, in parse
    loader.exec_module(new_module)
  File "<frozen importlib._bootstrap_external>", line 995, in exec_module
  File "<frozen importlib._bootstrap>", line 488, in _call_with_frames_removed
  File "/opt/airflow/dags/dbt.py", line 2, in <module>
    from airflow.providers.standard.operators.bash import BashOperator
ModuleNotFoundError: No module named 'airflow.providers.standard'
[2026-03-16T19:16:30.336+0000] {processor.py:842} WARNING - No viable dags retrieved from /opt/airflow/dags/dbt.py
[2026-03-16T19:16:30.368+0000] {processor.py:183} INFO - Processing /opt/airflow/dags/dbt.py took 0.071 seconds
[2026-03-16T19:17:00.787+0000] {processor.py:161} INFO - Started process (PID=5852) to work on /opt/airflow/dags/dbt.py
[2026-03-16T19:17:00.789+0000] {processor.py:830} INFO - Processing file /opt/airflow/dags/dbt.py for tasks to queue
[2026-03-16T19:17:00.796+0000] {logging_mixin.py:188} INFO - [2026-03-16T19:17:00.795+0000] {dagbag.py:545} INFO - Filling up the DagBag from /opt/airflow/dags/dbt.py
[2026-03-16T19:17:00.805+0000] {logging_mixin.py:188} INFO - [2026-03-16T19:17:00.804+0000] {dagbag.py:355} ERROR - Failed to import: /opt/airflow/dags/dbt.py
Traceback (most recent call last):
  File "/home/airflow/.local/lib/python3.12/site-packages/airflow/models/dagbag.py", line 351, in parse
    loader.exec_module(new_module)
  File "<frozen importlib._bootstrap_external>", line 995, in exec_module
  File "<frozen importlib._bootstrap>", line 488, in _call_with_frames_removed
  File "/opt/airflow/dags/dbt.py", line 2, in <module>
    from airflow.providers.standard.operators.bash import BashOperator
ModuleNotFoundError: No module named 'airflow.providers.standard'
[2026-03-16T19:17:00.805+0000] {processor.py:842} WARNING - No viable dags retrieved from /opt/airflow/dags/dbt.py
[2026-03-16T19:17:00.843+0000] {processor.py:183} INFO - Processing /opt/airflow/dags/dbt.py took 0.080 seconds
[2026-03-16T19:17:31.226+0000] {processor.py:161} INFO - Started process (PID=5854) to work on /opt/airflow/dags/dbt.py
[2026-03-16T19:17:31.228+0000] {processor.py:830} INFO - Processing file /opt/airflow/dags/dbt.py for tasks to queue
[2026-03-16T19:17:31.234+0000] {logging_mixin.py:188} INFO - [2026-03-16T19:17:31.233+0000] {dagbag.py:545} INFO - Filling up the DagBag from /opt/airflow/dags/dbt.py
[2026-03-16T19:17:31.246+0000] {logging_mixin.py:188} INFO - [2026-03-16T19:17:31.243+0000] {dagbag.py:355} ERROR - Failed to import: /opt/airflow/dags/dbt.py
Traceback (most recent call last):
  File "/home/airflow/.local/lib/python3.12/site-packages/airflow/models/dagbag.py", line 351, in parse
    loader.exec_module(new_module)
  File "<frozen importlib._bootstrap_external>", line 995, in exec_module
  File "<frozen importlib._bootstrap>", line 488, in _call_with_frames_removed
  File "/opt/airflow/dags/dbt.py", line 2, in <module>
    from airflow.providers.standard.operators.bash import BashOperator
ModuleNotFoundError: No module named 'airflow.providers.standard'
[2026-03-16T19:17:31.246+0000] {processor.py:842} WARNING - No viable dags retrieved from /opt/airflow/dags/dbt.py
[2026-03-16T19:17:31.280+0000] {processor.py:183} INFO - Processing /opt/airflow/dags/dbt.py took 0.075 seconds
[2026-03-16T19:18:01.700+0000] {processor.py:161} INFO - Started process (PID=5856) to work on /opt/airflow/dags/dbt.py
[2026-03-16T19:18:01.704+0000] {processor.py:830} INFO - Processing file /opt/airflow/dags/dbt.py for tasks to queue
[2026-03-16T19:18:01.709+0000] {logging_mixin.py:188} INFO - [2026-03-16T19:18:01.708+0000] {dagbag.py:545} INFO - Filling up the DagBag from /opt/airflow/dags/dbt.py
[2026-03-16T19:18:01.716+0000] {logging_mixin.py:188} INFO - [2026-03-16T19:18:01.715+0000] {dagbag.py:355} ERROR - Failed to import: /opt/airflow/dags/dbt.py
Traceback (most recent call last):
  File "/home/airflow/.local/lib/python3.12/site-packages/airflow/models/dagbag.py", line 351, in parse
    loader.exec_module(new_module)
  File "<frozen importlib._bootstrap_external>", line 995, in exec_module
  File "<frozen importlib._bootstrap>", line 488, in _call_with_frames_removed
  File "/opt/airflow/dags/dbt.py", line 2, in <module>
    from airflow.providers.standard.operators.bash import BashOperator
ModuleNotFoundError: No module named 'airflow.providers.standard'
[2026-03-16T19:18:01.717+0000] {processor.py:842} WARNING - No viable dags retrieved from /opt/airflow/dags/dbt.py
[2026-03-16T19:18:01.755+0000] {processor.py:183} INFO - Processing /opt/airflow/dags/dbt.py took 0.075 seconds
[2026-03-16T19:18:32.187+0000] {processor.py:161} INFO - Started process (PID=5858) to work on /opt/airflow/dags/dbt.py
[2026-03-16T19:18:32.189+0000] {processor.py:830} INFO - Processing file /opt/airflow/dags/dbt.py for tasks to queue
[2026-03-16T19:18:32.193+0000] {logging_mixin.py:188} INFO - [2026-03-16T19:18:32.193+0000] {dagbag.py:545} INFO - Filling up the DagBag from /opt/airflow/dags/dbt.py
[2026-03-16T19:18:32.203+0000] {logging_mixin.py:188} INFO - [2026-03-16T19:18:32.199+0000] {dagbag.py:355} ERROR - Failed to import: /opt/airflow/dags/dbt.py
Traceback (most recent call last):
  File "/home/airflow/.local/lib/python3.12/site-packages/airflow/models/dagbag.py", line 351, in parse
    loader.exec_module(new_module)
  File "<frozen importlib._bootstrap_external>", line 995, in exec_module
  File "<frozen importlib._bootstrap>", line 488, in _call_with_frames_removed
  File "/opt/airflow/dags/dbt.py", line 2, in <module>
    from airflow.providers.standard.operators.bash import BashOperator
ModuleNotFoundError: No module named 'airflow.providers.standard'
[2026-03-16T19:18:32.203+0000] {processor.py:842} WARNING - No viable dags retrieved from /opt/airflow/dags/dbt.py
[2026-03-16T19:18:32.233+0000] {processor.py:183} INFO - Processing /opt/airflow/dags/dbt.py took 0.071 seconds
[2026-03-16T19:19:02.680+0000] {processor.py:161} INFO - Started process (PID=5860) to work on /opt/airflow/dags/dbt.py
[2026-03-16T19:19:02.685+0000] {processor.py:830} INFO - Processing file /opt/airflow/dags/dbt.py for tasks to queue
[2026-03-16T19:19:02.691+0000] {logging_mixin.py:188} INFO - [2026-03-16T19:19:02.690+0000] {dagbag.py:545} INFO - Filling up the DagBag from /opt/airflow/dags/dbt.py
[2026-03-16T19:19:02.707+0000] {logging_mixin.py:188} INFO - [2026-03-16T19:19:02.706+0000] {dagbag.py:355} ERROR - Failed to import: /opt/airflow/dags/dbt.py
Traceback (most recent call last):
  File "/home/airflow/.local/lib/python3.12/site-packages/airflow/models/dagbag.py", line 351, in parse
    loader.exec_module(new_module)
  File "<frozen importlib._bootstrap_external>", line 995, in exec_module
  File "<frozen importlib._bootstrap>", line 488, in _call_with_frames_removed
  File "/opt/airflow/dags/dbt.py", line 2, in <module>
    from airflow.providers.standard.operators.bash import BashOperator
ModuleNotFoundError: No module named 'airflow.providers.standard'
[2026-03-16T19:19:02.710+0000] {processor.py:842} WARNING - No viable dags retrieved from /opt/airflow/dags/dbt.py
[2026-03-16T19:19:02.749+0000] {processor.py:183} INFO - Processing /opt/airflow/dags/dbt.py took 0.094 seconds
[2026-03-16T19:19:33.242+0000] {processor.py:161} INFO - Started process (PID=5862) to work on /opt/airflow/dags/dbt.py
[2026-03-16T19:19:33.244+0000] {processor.py:830} INFO - Processing file /opt/airflow/dags/dbt.py for tasks to queue
[2026-03-16T19:19:33.253+0000] {logging_mixin.py:188} INFO - [2026-03-16T19:19:33.252+0000] {dagbag.py:545} INFO - Filling up the DagBag from /opt/airflow/dags/dbt.py
[2026-03-16T19:19:33.259+0000] {logging_mixin.py:188} INFO - [2026-03-16T19:19:33.257+0000] {dagbag.py:355} ERROR - Failed to import: /opt/airflow/dags/dbt.py
Traceback (most recent call last):
  File "/home/airflow/.local/lib/python3.12/site-packages/airflow/models/dagbag.py", line 351, in parse
    loader.exec_module(new_module)
  File "<frozen importlib._bootstrap_external>", line 995, in exec_module
  File "<frozen importlib._bootstrap>", line 488, in _call_with_frames_removed
  File "/opt/airflow/dags/dbt.py", line 2, in <module>
    from airflow.providers.standard.operators.bash import BashOperator
ModuleNotFoundError: No module named 'airflow.providers.standard'
[2026-03-16T19:19:33.261+0000] {processor.py:842} WARNING - No viable dags retrieved from /opt/airflow/dags/dbt.py
[2026-03-16T19:19:33.287+0000] {processor.py:183} INFO - Processing /opt/airflow/dags/dbt.py took 0.065 seconds
[2026-03-16T19:20:03.683+0000] {processor.py:161} INFO - Started process (PID=5864) to work on /opt/airflow/dags/dbt.py
[2026-03-16T19:20:03.685+0000] {processor.py:830} INFO - Processing file /opt/airflow/dags/dbt.py for tasks to queue
[2026-03-16T19:20:03.689+0000] {logging_mixin.py:188} INFO - [2026-03-16T19:20:03.688+0000] {dagbag.py:545} INFO - Filling up the DagBag from /opt/airflow/dags/dbt.py
[2026-03-16T19:20:03.702+0000] {logging_mixin.py:188} INFO - [2026-03-16T19:20:03.697+0000] {dagbag.py:355} ERROR - Failed to import: /opt/airflow/dags/dbt.py
Traceback (most recent call last):
  File "/home/airflow/.local/lib/python3.12/site-packages/airflow/models/dagbag.py", line 351, in parse
    loader.exec_module(new_module)
  File "<frozen importlib._bootstrap_external>", line 995, in exec_module
  File "<frozen importlib._bootstrap>", line 488, in _call_with_frames_removed
  File "/opt/airflow/dags/dbt.py", line 2, in <module>
    from airflow.providers.standard.operators.bash import BashOperator
ModuleNotFoundError: No module named 'airflow.providers.standard'
[2026-03-16T19:20:03.702+0000] {processor.py:842} WARNING - No viable dags retrieved from /opt/airflow/dags/dbt.py
[2026-03-16T19:20:03.737+0000] {processor.py:183} INFO - Processing /opt/airflow/dags/dbt.py took 0.073 seconds
[2026-03-16T19:20:34.146+0000] {processor.py:161} INFO - Started process (PID=5866) to work on /opt/airflow/dags/dbt.py
[2026-03-16T19:20:34.149+0000] {processor.py:830} INFO - Processing file /opt/airflow/dags/dbt.py for tasks to queue
[2026-03-16T19:20:34.160+0000] {logging_mixin.py:188} INFO - [2026-03-16T19:20:34.159+0000] {dagbag.py:545} INFO - Filling up the DagBag from /opt/airflow/dags/dbt.py
[2026-03-16T19:20:34.168+0000] {logging_mixin.py:188} INFO - [2026-03-16T19:20:34.166+0000] {dagbag.py:355} ERROR - Failed to import: /opt/airflow/dags/dbt.py
Traceback (most recent call last):
  File "/home/airflow/.local/lib/python3.12/site-packages/airflow/models/dagbag.py", line 351, in parse
    loader.exec_module(new_module)
  File "<frozen importlib._bootstrap_external>", line 995, in exec_module
  File "<frozen importlib._bootstrap>", line 488, in _call_with_frames_removed
  File "/opt/airflow/dags/dbt.py", line 2, in <module>
    from airflow.providers.standard.operators.bash import BashOperator
ModuleNotFoundError: No module named 'airflow.providers.standard'
[2026-03-16T19:20:34.171+0000] {processor.py:842} WARNING - No viable dags retrieved from /opt/airflow/dags/dbt.py
[2026-03-16T19:20:34.206+0000] {processor.py:183} INFO - Processing /opt/airflow/dags/dbt.py took 0.081 seconds
[2026-03-16T19:21:04.628+0000] {processor.py:161} INFO - Started process (PID=5868) to work on /opt/airflow/dags/dbt.py
[2026-03-16T19:21:04.629+0000] {processor.py:830} INFO - Processing file /opt/airflow/dags/dbt.py for tasks to queue
[2026-03-16T19:21:04.634+0000] {logging_mixin.py:188} INFO - [2026-03-16T19:21:04.633+0000] {dagbag.py:545} INFO - Filling up the DagBag from /opt/airflow/dags/dbt.py
[2026-03-16T19:21:04.651+0000] {logging_mixin.py:188} INFO - [2026-03-16T19:21:04.647+0000] {dagbag.py:355} ERROR - Failed to import: /opt/airflow/dags/dbt.py
Traceback (most recent call last):
  File "/home/airflow/.local/lib/python3.12/site-packages/airflow/models/dagbag.py", line 351, in parse
    loader.exec_module(new_module)
  File "<frozen importlib._bootstrap_external>", line 995, in exec_module
  File "<frozen importlib._bootstrap>", line 488, in _call_with_frames_removed
  File "/opt/airflow/dags/dbt.py", line 2, in <module>
    from airflow.providers.standard.operators.bash import BashOperator
ModuleNotFoundError: No module named 'airflow.providers.standard'
[2026-03-16T19:21:04.651+0000] {processor.py:842} WARNING - No viable dags retrieved from /opt/airflow/dags/dbt.py
[2026-03-16T19:21:04.681+0000] {processor.py:183} INFO - Processing /opt/airflow/dags/dbt.py took 0.070 seconds
[2026-03-16T19:21:35.108+0000] {processor.py:161} INFO - Started process (PID=5870) to work on /opt/airflow/dags/dbt.py
[2026-03-16T19:21:35.110+0000] {processor.py:830} INFO - Processing file /opt/airflow/dags/dbt.py for tasks to queue
[2026-03-16T19:21:35.114+0000] {logging_mixin.py:188} INFO - [2026-03-16T19:21:35.114+0000] {dagbag.py:545} INFO - Filling up the DagBag from /opt/airflow/dags/dbt.py
[2026-03-16T19:21:35.125+0000] {logging_mixin.py:188} INFO - [2026-03-16T19:21:35.122+0000] {dagbag.py:355} ERROR - Failed to import: /opt/airflow/dags/dbt.py
Traceback (most recent call last):
  File "/home/airflow/.local/lib/python3.12/site-packages/airflow/models/dagbag.py", line 351, in parse
    loader.exec_module(new_module)
  File "<frozen importlib._bootstrap_external>", line 995, in exec_module
  File "<frozen importlib._bootstrap>", line 488, in _call_with_frames_removed
  File "/opt/airflow/dags/dbt.py", line 2, in <module>
    from airflow.providers.standard.operators.bash import BashOperator
ModuleNotFoundError: No module named 'airflow.providers.standard'
[2026-03-16T19:21:35.126+0000] {processor.py:842} WARNING - No viable dags retrieved from /opt/airflow/dags/dbt.py
[2026-03-16T19:21:35.151+0000] {processor.py:183} INFO - Processing /opt/airflow/dags/dbt.py took 0.055 seconds
[2026-03-16T19:22:05.538+0000] {processor.py:161} INFO - Started process (PID=5872) to work on /opt/airflow/dags/dbt.py
[2026-03-16T19:22:05.539+0000] {processor.py:830} INFO - Processing file /opt/airflow/dags/dbt.py for tasks to queue
[2026-03-16T19:22:05.543+0000] {logging_mixin.py:188} INFO - [2026-03-16T19:22:05.543+0000] {dagbag.py:545} INFO - Filling up the DagBag from /opt/airflow/dags/dbt.py
[2026-03-16T19:22:05.553+0000] {logging_mixin.py:188} INFO - [2026-03-16T19:22:05.550+0000] {dagbag.py:355} ERROR - Failed to import: /opt/airflow/dags/dbt.py
Traceback (most recent call last):
  File "/home/airflow/.local/lib/python3.12/site-packages/airflow/models/dagbag.py", line 351, in parse
    loader.exec_module(new_module)
  File "<frozen importlib._bootstrap_external>", line 995, in exec_module
  File "<frozen importlib._bootstrap>", line 488, in _call_with_frames_removed
  File "/opt/airflow/dags/dbt.py", line 2, in <module>
    from airflow.providers.standard.operators.bash import BashOperator
ModuleNotFoundError: No module named 'airflow.providers.standard'
[2026-03-16T19:22:05.554+0000] {processor.py:842} WARNING - No viable dags retrieved from /opt/airflow/dags/dbt.py
[2026-03-16T19:22:05.582+0000] {processor.py:183} INFO - Processing /opt/airflow/dags/dbt.py took 0.058 seconds
[2026-03-16T19:22:35.922+0000] {processor.py:161} INFO - Started process (PID=5874) to work on /opt/airflow/dags/dbt.py
[2026-03-16T19:22:35.923+0000] {processor.py:830} INFO - Processing file /opt/airflow/dags/dbt.py for tasks to queue
[2026-03-16T19:22:35.927+0000] {logging_mixin.py:188} INFO - [2026-03-16T19:22:35.927+0000] {dagbag.py:545} INFO - Filling up the DagBag from /opt/airflow/dags/dbt.py
[2026-03-16T19:22:35.934+0000] {logging_mixin.py:188} INFO - [2026-03-16T19:22:35.931+0000] {dagbag.py:355} ERROR - Failed to import: /opt/airflow/dags/dbt.py
Traceback (most recent call last):
  File "/home/airflow/.local/lib/python3.12/site-packages/airflow/models/dagbag.py", line 351, in parse
    loader.exec_module(new_module)
  File "<frozen importlib._bootstrap_external>", line 995, in exec_module
  File "<frozen importlib._bootstrap>", line 488, in _call_with_frames_removed
  File "/opt/airflow/dags/dbt.py", line 2, in <module>
    from airflow.providers.standard.operators.bash import BashOperator
ModuleNotFoundError: No module named 'airflow.providers.standard'
[2026-03-16T19:22:35.935+0000] {processor.py:842} WARNING - No viable dags retrieved from /opt/airflow/dags/dbt.py
[2026-03-16T19:22:35.965+0000] {processor.py:183} INFO - Processing /opt/airflow/dags/dbt.py took 0.052 seconds
[2026-03-16T19:23:06.346+0000] {processor.py:161} INFO - Started process (PID=5876) to work on /opt/airflow/dags/dbt.py
[2026-03-16T19:23:06.347+0000] {processor.py:830} INFO - Processing file /opt/airflow/dags/dbt.py for tasks to queue
[2026-03-16T19:23:06.350+0000] {logging_mixin.py:188} INFO - [2026-03-16T19:23:06.350+0000] {dagbag.py:545} INFO - Filling up the DagBag from /opt/airflow/dags/dbt.py
[2026-03-16T19:23:06.358+0000] {logging_mixin.py:188} INFO - [2026-03-16T19:23:06.356+0000] {dagbag.py:355} ERROR - Failed to import: /opt/airflow/dags/dbt.py
Traceback (most recent call last):
  File "/home/airflow/.local/lib/python3.12/site-packages/airflow/models/dagbag.py", line 351, in parse
    loader.exec_module(new_module)
  File "<frozen importlib._bootstrap_external>", line 995, in exec_module
  File "<frozen importlib._bootstrap>", line 488, in _call_with_frames_removed
  File "/opt/airflow/dags/dbt.py", line 2, in <module>
    from airflow.providers.standard.operators.bash import BashOperator
ModuleNotFoundError: No module named 'airflow.providers.standard'
[2026-03-16T19:23:06.359+0000] {processor.py:842} WARNING - No viable dags retrieved from /opt/airflow/dags/dbt.py
[2026-03-16T19:23:06.395+0000] {processor.py:183} INFO - Processing /opt/airflow/dags/dbt.py took 0.069 seconds
[2026-03-16T19:23:36.799+0000] {processor.py:161} INFO - Started process (PID=5878) to work on /opt/airflow/dags/dbt.py
[2026-03-16T19:23:36.801+0000] {processor.py:830} INFO - Processing file /opt/airflow/dags/dbt.py for tasks to queue
[2026-03-16T19:23:36.805+0000] {logging_mixin.py:188} INFO - [2026-03-16T19:23:36.804+0000] {dagbag.py:545} INFO - Filling up the DagBag from /opt/airflow/dags/dbt.py
[2026-03-16T19:23:36.817+0000] {logging_mixin.py:188} INFO - [2026-03-16T19:23:36.812+0000] {dagbag.py:355} ERROR - Failed to import: /opt/airflow/dags/dbt.py
Traceback (most recent call last):
  File "/home/airflow/.local/lib/python3.12/site-packages/airflow/models/dagbag.py", line 351, in parse
    loader.exec_module(new_module)
  File "<frozen importlib._bootstrap_external>", line 995, in exec_module
  File "<frozen importlib._bootstrap>", line 488, in _call_with_frames_removed
  File "/opt/airflow/dags/dbt.py", line 2, in <module>
    from airflow.providers.standard.operators.bash import BashOperator
ModuleNotFoundError: No module named 'airflow.providers.standard'
[2026-03-16T19:23:36.818+0000] {processor.py:842} WARNING - No viable dags retrieved from /opt/airflow/dags/dbt.py
[2026-03-16T19:23:36.855+0000] {processor.py:183} INFO - Processing /opt/airflow/dags/dbt.py took 0.076 seconds
[2026-03-16T19:24:07.281+0000] {processor.py:161} INFO - Started process (PID=5880) to work on /opt/airflow/dags/dbt.py
[2026-03-16T19:24:07.285+0000] {processor.py:830} INFO - Processing file /opt/airflow/dags/dbt.py for tasks to queue
[2026-03-16T19:24:07.291+0000] {logging_mixin.py:188} INFO - [2026-03-16T19:24:07.291+0000] {dagbag.py:545} INFO - Filling up the DagBag from /opt/airflow/dags/dbt.py
[2026-03-16T19:24:07.304+0000] {logging_mixin.py:188} INFO - [2026-03-16T19:24:07.298+0000] {dagbag.py:355} ERROR - Failed to import: /opt/airflow/dags/dbt.py
Traceback (most recent call last):
  File "/home/airflow/.local/lib/python3.12/site-packages/airflow/models/dagbag.py", line 351, in parse
    loader.exec_module(new_module)
  File "<frozen importlib._bootstrap_external>", line 995, in exec_module
  File "<frozen importlib._bootstrap>", line 488, in _call_with_frames_removed
  File "/opt/airflow/dags/dbt.py", line 2, in <module>
    from airflow.providers.standard.operators.bash import BashOperator
ModuleNotFoundError: No module named 'airflow.providers.standard'
[2026-03-16T19:24:07.305+0000] {processor.py:842} WARNING - No viable dags retrieved from /opt/airflow/dags/dbt.py
[2026-03-16T19:24:07.332+0000] {processor.py:183} INFO - Processing /opt/airflow/dags/dbt.py took 0.072 seconds
[2026-03-16T19:24:37.734+0000] {processor.py:161} INFO - Started process (PID=5882) to work on /opt/airflow/dags/dbt.py
[2026-03-16T19:24:37.736+0000] {processor.py:830} INFO - Processing file /opt/airflow/dags/dbt.py for tasks to queue
[2026-03-16T19:24:37.741+0000] {logging_mixin.py:188} INFO - [2026-03-16T19:24:37.740+0000] {dagbag.py:545} INFO - Filling up the DagBag from /opt/airflow/dags/dbt.py
[2026-03-16T19:24:37.752+0000] {logging_mixin.py:188} INFO - [2026-03-16T19:24:37.747+0000] {dagbag.py:355} ERROR - Failed to import: /opt/airflow/dags/dbt.py
Traceback (most recent call last):
  File "/home/airflow/.local/lib/python3.12/site-packages/airflow/models/dagbag.py", line 351, in parse
    loader.exec_module(new_module)
  File "<frozen importlib._bootstrap_external>", line 995, in exec_module
  File "<frozen importlib._bootstrap>", line 488, in _call_with_frames_removed
  File "/opt/airflow/dags/dbt.py", line 2, in <module>
    from airflow.providers.standard.operators.bash import BashOperator
ModuleNotFoundError: No module named 'airflow.providers.standard'
[2026-03-16T19:24:37.753+0000] {processor.py:842} WARNING - No viable dags retrieved from /opt/airflow/dags/dbt.py
[2026-03-16T19:24:37.781+0000] {processor.py:183} INFO - Processing /opt/airflow/dags/dbt.py took 0.062 seconds
[2026-03-16T19:25:08.153+0000] {processor.py:161} INFO - Started process (PID=5884) to work on /opt/airflow/dags/dbt.py
[2026-03-16T19:25:08.155+0000] {processor.py:830} INFO - Processing file /opt/airflow/dags/dbt.py for tasks to queue
[2026-03-16T19:25:08.160+0000] {logging_mixin.py:188} INFO - [2026-03-16T19:25:08.159+0000] {dagbag.py:545} INFO - Filling up the DagBag from /opt/airflow/dags/dbt.py
[2026-03-16T19:25:08.169+0000] {logging_mixin.py:188} INFO - [2026-03-16T19:25:08.166+0000] {dagbag.py:355} ERROR - Failed to import: /opt/airflow/dags/dbt.py
Traceback (most recent call last):
  File "/home/airflow/.local/lib/python3.12/site-packages/airflow/models/dagbag.py", line 351, in parse
    loader.exec_module(new_module)
  File "<frozen importlib._bootstrap_external>", line 995, in exec_module
  File "<frozen importlib._bootstrap>", line 488, in _call_with_frames_removed
  File "/opt/airflow/dags/dbt.py", line 2, in <module>
    from airflow.providers.standard.operators.bash import BashOperator
ModuleNotFoundError: No module named 'airflow.providers.standard'
[2026-03-16T19:25:08.170+0000] {processor.py:842} WARNING - No viable dags retrieved from /opt/airflow/dags/dbt.py
[2026-03-16T19:25:08.222+0000] {processor.py:183} INFO - Processing /opt/airflow/dags/dbt.py took 0.078 seconds
[2026-03-16T19:25:38.596+0000] {processor.py:161} INFO - Started process (PID=5886) to work on /opt/airflow/dags/dbt.py
[2026-03-16T19:25:38.598+0000] {processor.py:830} INFO - Processing file /opt/airflow/dags/dbt.py for tasks to queue
[2026-03-16T19:25:38.603+0000] {logging_mixin.py:188} INFO - [2026-03-16T19:25:38.603+0000] {dagbag.py:545} INFO - Filling up the DagBag from /opt/airflow/dags/dbt.py
[2026-03-16T19:25:38.612+0000] {logging_mixin.py:188} INFO - [2026-03-16T19:25:38.609+0000] {dagbag.py:355} ERROR - Failed to import: /opt/airflow/dags/dbt.py
Traceback (most recent call last):
  File "/home/airflow/.local/lib/python3.12/site-packages/airflow/models/dagbag.py", line 351, in parse
    loader.exec_module(new_module)
  File "<frozen importlib._bootstrap_external>", line 995, in exec_module
  File "<frozen importlib._bootstrap>", line 488, in _call_with_frames_removed
  File "/opt/airflow/dags/dbt.py", line 2, in <module>
    from airflow.providers.standard.operators.bash import BashOperator
ModuleNotFoundError: No module named 'airflow.providers.standard'
[2026-03-16T19:25:38.614+0000] {processor.py:842} WARNING - No viable dags retrieved from /opt/airflow/dags/dbt.py
[2026-03-16T19:25:38.635+0000] {processor.py:183} INFO - Processing /opt/airflow/dags/dbt.py took 0.051 seconds
[2026-03-16T19:26:09.012+0000] {processor.py:161} INFO - Started process (PID=5888) to work on /opt/airflow/dags/dbt.py
[2026-03-16T19:26:09.014+0000] {processor.py:830} INFO - Processing file /opt/airflow/dags/dbt.py for tasks to queue
[2026-03-16T19:26:09.020+0000] {logging_mixin.py:188} INFO - [2026-03-16T19:26:09.019+0000] {dagbag.py:545} INFO - Filling up the DagBag from /opt/airflow/dags/dbt.py
[2026-03-16T19:26:09.028+0000] {logging_mixin.py:188} INFO - [2026-03-16T19:26:09.025+0000] {dagbag.py:355} ERROR - Failed to import: /opt/airflow/dags/dbt.py
Traceback (most recent call last):
  File "/home/airflow/.local/lib/python3.12/site-packages/airflow/models/dagbag.py", line 351, in parse
    loader.exec_module(new_module)
  File "<frozen importlib._bootstrap_external>", line 995, in exec_module
  File "<frozen importlib._bootstrap>", line 488, in _call_with_frames_removed
  File "/opt/airflow/dags/dbt.py", line 2, in <module>
    from airflow.providers.standard.operators.bash import BashOperator
ModuleNotFoundError: No module named 'airflow.providers.standard'
[2026-03-16T19:26:09.030+0000] {processor.py:842} WARNING - No viable dags retrieved from /opt/airflow/dags/dbt.py
[2026-03-16T19:26:09.053+0000] {processor.py:183} INFO - Processing /opt/airflow/dags/dbt.py took 0.056 seconds
[2026-03-16T19:41:56.101+0000] {processor.py:161} INFO - Started process (PID=5890) to work on /opt/airflow/dags/dbt.py
[2026-03-16T19:41:56.200+0000] {processor.py:830} INFO - Processing file /opt/airflow/dags/dbt.py for tasks to queue
[2026-03-16T19:41:56.207+0000] {logging_mixin.py:188} INFO - [2026-03-16T19:41:56.205+0000] {dagbag.py:545} INFO - Filling up the DagBag from /opt/airflow/dags/dbt.py
[2026-03-16T19:41:56.224+0000] {logging_mixin.py:188} INFO - [2026-03-16T19:41:56.219+0000] {dagbag.py:355} ERROR - Failed to import: /opt/airflow/dags/dbt.py
Traceback (most recent call last):
  File "/home/airflow/.local/lib/python3.12/site-packages/airflow/models/dagbag.py", line 351, in parse
    loader.exec_module(new_module)
  File "<frozen importlib._bootstrap_external>", line 995, in exec_module
  File "<frozen importlib._bootstrap>", line 488, in _call_with_frames_removed
  File "/opt/airflow/dags/dbt.py", line 2, in <module>
    from airflow.providers.standard.operators.bash import BashOperator
ModuleNotFoundError: No module named 'airflow.providers.standard'
[2026-03-16T19:41:56.695+0000] {processor.py:842} WARNING - No viable dags retrieved from /opt/airflow/dags/dbt.py
[2026-03-16T19:41:56.921+0000] {processor.py:183} INFO - Processing /opt/airflow/dags/dbt.py took 0.835 seconds
[2026-03-16T19:42:27.423+0000] {processor.py:161} INFO - Started process (PID=5892) to work on /opt/airflow/dags/dbt.py
[2026-03-16T19:42:27.424+0000] {processor.py:830} INFO - Processing file /opt/airflow/dags/dbt.py for tasks to queue
[2026-03-16T19:42:27.429+0000] {logging_mixin.py:188} INFO - [2026-03-16T19:42:27.428+0000] {dagbag.py:545} INFO - Filling up the DagBag from /opt/airflow/dags/dbt.py
[2026-03-16T19:42:27.437+0000] {logging_mixin.py:188} INFO - [2026-03-16T19:42:27.435+0000] {dagbag.py:355} ERROR - Failed to import: /opt/airflow/dags/dbt.py
Traceback (most recent call last):
  File "/home/airflow/.local/lib/python3.12/site-packages/airflow/models/dagbag.py", line 351, in parse
    loader.exec_module(new_module)
  File "<frozen importlib._bootstrap_external>", line 995, in exec_module
  File "<frozen importlib._bootstrap>", line 488, in _call_with_frames_removed
  File "/opt/airflow/dags/dbt.py", line 2, in <module>
    from airflow.providers.standard.operators.bash import BashOperator
ModuleNotFoundError: No module named 'airflow.providers.standard'
[2026-03-16T19:42:27.438+0000] {processor.py:842} WARNING - No viable dags retrieved from /opt/airflow/dags/dbt.py
[2026-03-16T19:42:27.472+0000] {processor.py:183} INFO - Processing /opt/airflow/dags/dbt.py took 0.068 seconds
[2026-03-16T19:58:22.605+0000] {processor.py:161} INFO - Started process (PID=5894) to work on /opt/airflow/dags/dbt.py
[2026-03-16T19:58:22.608+0000] {processor.py:830} INFO - Processing file /opt/airflow/dags/dbt.py for tasks to queue
[2026-03-16T19:58:22.614+0000] {logging_mixin.py:188} INFO - [2026-03-16T19:58:22.614+0000] {dagbag.py:545} INFO - Filling up the DagBag from /opt/airflow/dags/dbt.py
[2026-03-16T19:58:22.620+0000] {logging_mixin.py:188} INFO - [2026-03-16T19:58:22.619+0000] {dagbag.py:355} ERROR - Failed to import: /opt/airflow/dags/dbt.py
Traceback (most recent call last):
  File "/home/airflow/.local/lib/python3.12/site-packages/airflow/models/dagbag.py", line 351, in parse
    loader.exec_module(new_module)
  File "<frozen importlib._bootstrap_external>", line 995, in exec_module
  File "<frozen importlib._bootstrap>", line 488, in _call_with_frames_removed
  File "/opt/airflow/dags/dbt.py", line 2, in <module>
    from airflow.providers.standard.operators.bash import BashOperator
ModuleNotFoundError: No module named 'airflow.providers.standard'
[2026-03-16T19:58:22.621+0000] {processor.py:842} WARNING - No viable dags retrieved from /opt/airflow/dags/dbt.py
[2026-03-16T19:58:22.643+0000] {processor.py:183} INFO - Processing /opt/airflow/dags/dbt.py took 0.050 seconds
[2026-03-16T20:14:17.795+0000] {processor.py:161} INFO - Started process (PID=5896) to work on /opt/airflow/dags/dbt.py
[2026-03-16T20:14:17.798+0000] {processor.py:830} INFO - Processing file /opt/airflow/dags/dbt.py for tasks to queue
[2026-03-16T20:14:17.807+0000] {logging_mixin.py:188} INFO - [2026-03-16T20:14:17.806+0000] {dagbag.py:545} INFO - Filling up the DagBag from /opt/airflow/dags/dbt.py
[2026-03-16T20:14:17.824+0000] {logging_mixin.py:188} INFO - [2026-03-16T20:14:17.820+0000] {dagbag.py:355} ERROR - Failed to import: /opt/airflow/dags/dbt.py
Traceback (most recent call last):
  File "/home/airflow/.local/lib/python3.12/site-packages/airflow/models/dagbag.py", line 351, in parse
    loader.exec_module(new_module)
  File "<frozen importlib._bootstrap_external>", line 995, in exec_module
  File "<frozen importlib._bootstrap>", line 488, in _call_with_frames_removed
  File "/opt/airflow/dags/dbt.py", line 2, in <module>
    from airflow.providers.standard.operators.bash import BashOperator
ModuleNotFoundError: No module named 'airflow.providers.standard'
[2026-03-16T20:14:17.825+0000] {processor.py:842} WARNING - No viable dags retrieved from /opt/airflow/dags/dbt.py
[2026-03-16T20:14:17.862+0000] {processor.py:183} INFO - Processing /opt/airflow/dags/dbt.py took 0.096 seconds
[2026-03-16T20:14:48.385+0000] {processor.py:161} INFO - Started process (PID=5898) to work on /opt/airflow/dags/dbt.py
[2026-03-16T20:14:48.387+0000] {processor.py:830} INFO - Processing file /opt/airflow/dags/dbt.py for tasks to queue
[2026-03-16T20:14:48.395+0000] {logging_mixin.py:188} INFO - [2026-03-16T20:14:48.394+0000] {dagbag.py:545} INFO - Filling up the DagBag from /opt/airflow/dags/dbt.py
[2026-03-16T20:14:48.403+0000] {logging_mixin.py:188} INFO - [2026-03-16T20:14:48.399+0000] {dagbag.py:355} ERROR - Failed to import: /opt/airflow/dags/dbt.py
Traceback (most recent call last):
  File "/home/airflow/.local/lib/python3.12/site-packages/airflow/models/dagbag.py", line 351, in parse
    loader.exec_module(new_module)
  File "<frozen importlib._bootstrap_external>", line 995, in exec_module
  File "<frozen importlib._bootstrap>", line 488, in _call_with_frames_removed
  File "/opt/airflow/dags/dbt.py", line 2, in <module>
    from airflow.providers.standard.operators.bash import BashOperator
ModuleNotFoundError: No module named 'airflow.providers.standard'
[2026-03-16T20:14:48.403+0000] {processor.py:842} WARNING - No viable dags retrieved from /opt/airflow/dags/dbt.py
[2026-03-16T20:14:48.442+0000] {processor.py:183} INFO - Processing /opt/airflow/dags/dbt.py took 0.075 seconds
[2026-03-16T20:30:43.527+0000] {processor.py:161} INFO - Started process (PID=5900) to work on /opt/airflow/dags/dbt.py
[2026-03-16T20:30:43.528+0000] {processor.py:830} INFO - Processing file /opt/airflow/dags/dbt.py for tasks to queue
[2026-03-16T20:30:43.532+0000] {logging_mixin.py:188} INFO - [2026-03-16T20:30:43.532+0000] {dagbag.py:545} INFO - Filling up the DagBag from /opt/airflow/dags/dbt.py
[2026-03-16T20:30:43.544+0000] {logging_mixin.py:188} INFO - [2026-03-16T20:30:43.542+0000] {dagbag.py:355} ERROR - Failed to import: /opt/airflow/dags/dbt.py
Traceback (most recent call last):
  File "/home/airflow/.local/lib/python3.12/site-packages/airflow/models/dagbag.py", line 351, in parse
    loader.exec_module(new_module)
  File "<frozen importlib._bootstrap_external>", line 995, in exec_module
  File "<frozen importlib._bootstrap>", line 488, in _call_with_frames_removed
  File "/opt/airflow/dags/dbt.py", line 2, in <module>
    from airflow.providers.standard.operators.bash import BashOperator
ModuleNotFoundError: No module named 'airflow.providers.standard'
[2026-03-16T20:30:43.544+0000] {processor.py:842} WARNING - No viable dags retrieved from /opt/airflow/dags/dbt.py
[2026-03-16T20:30:43.570+0000] {processor.py:183} INFO - Processing /opt/airflow/dags/dbt.py took 0.059 seconds
[2026-03-16T20:31:14.091+0000] {processor.py:161} INFO - Started process (PID=5902) to work on /opt/airflow/dags/dbt.py
[2026-03-16T20:31:14.094+0000] {processor.py:830} INFO - Processing file /opt/airflow/dags/dbt.py for tasks to queue
[2026-03-16T20:31:14.100+0000] {logging_mixin.py:188} INFO - [2026-03-16T20:31:14.100+0000] {dagbag.py:545} INFO - Filling up the DagBag from /opt/airflow/dags/dbt.py
[2026-03-16T20:31:14.114+0000] {logging_mixin.py:188} INFO - [2026-03-16T20:31:14.112+0000] {dagbag.py:355} ERROR - Failed to import: /opt/airflow/dags/dbt.py
Traceback (most recent call last):
  File "/home/airflow/.local/lib/python3.12/site-packages/airflow/models/dagbag.py", line 351, in parse
    loader.exec_module(new_module)
  File "<frozen importlib._bootstrap_external>", line 995, in exec_module
  File "<frozen importlib._bootstrap>", line 488, in _call_with_frames_removed
  File "/opt/airflow/dags/dbt.py", line 2, in <module>
    from airflow.providers.standard.operators.bash import BashOperator
ModuleNotFoundError: No module named 'airflow.providers.standard'
[2026-03-16T20:31:14.117+0000] {processor.py:842} WARNING - No viable dags retrieved from /opt/airflow/dags/dbt.py
[2026-03-16T20:31:14.153+0000] {processor.py:183} INFO - Processing /opt/airflow/dags/dbt.py took 0.080 seconds
[2026-03-16T20:47:09.310+0000] {processor.py:161} INFO - Started process (PID=5904) to work on /opt/airflow/dags/dbt.py
[2026-03-16T20:47:09.311+0000] {processor.py:830} INFO - Processing file /opt/airflow/dags/dbt.py for tasks to queue
[2026-03-16T20:47:09.315+0000] {logging_mixin.py:188} INFO - [2026-03-16T20:47:09.314+0000] {dagbag.py:545} INFO - Filling up the DagBag from /opt/airflow/dags/dbt.py
[2026-03-16T20:47:09.326+0000] {logging_mixin.py:188} INFO - [2026-03-16T20:47:09.323+0000] {dagbag.py:355} ERROR - Failed to import: /opt/airflow/dags/dbt.py
Traceback (most recent call last):
  File "/home/airflow/.local/lib/python3.12/site-packages/airflow/models/dagbag.py", line 351, in parse
    loader.exec_module(new_module)
  File "<frozen importlib._bootstrap_external>", line 995, in exec_module
  File "<frozen importlib._bootstrap>", line 488, in _call_with_frames_removed
  File "/opt/airflow/dags/dbt.py", line 2, in <module>
    from airflow.providers.standard.operators.bash import BashOperator
ModuleNotFoundError: No module named 'airflow.providers.standard'
[2026-03-16T20:47:09.327+0000] {processor.py:842} WARNING - No viable dags retrieved from /opt/airflow/dags/dbt.py
[2026-03-16T20:47:09.358+0000] {processor.py:183} INFO - Processing /opt/airflow/dags/dbt.py took 0.073 seconds
[2026-03-16T21:03:03.770+0000] {processor.py:161} INFO - Started process (PID=5906) to work on /opt/airflow/dags/dbt.py
[2026-03-16T21:03:03.771+0000] {processor.py:830} INFO - Processing file /opt/airflow/dags/dbt.py for tasks to queue
[2026-03-16T21:03:03.779+0000] {logging_mixin.py:188} INFO - [2026-03-16T21:03:03.778+0000] {dagbag.py:545} INFO - Filling up the DagBag from /opt/airflow/dags/dbt.py
[2026-03-16T21:03:03.787+0000] {logging_mixin.py:188} INFO - [2026-03-16T21:03:03.782+0000] {dagbag.py:355} ERROR - Failed to import: /opt/airflow/dags/dbt.py
Traceback (most recent call last):
  File "/home/airflow/.local/lib/python3.12/site-packages/airflow/models/dagbag.py", line 351, in parse
    loader.exec_module(new_module)
  File "<frozen importlib._bootstrap_external>", line 995, in exec_module
  File "<frozen importlib._bootstrap>", line 488, in _call_with_frames_removed
  File "/opt/airflow/dags/dbt.py", line 2, in <module>
    from airflow.providers.standard.operators.bash import BashOperator
ModuleNotFoundError: No module named 'airflow.providers.standard'
[2026-03-16T21:03:03.787+0000] {processor.py:842} WARNING - No viable dags retrieved from /opt/airflow/dags/dbt.py
[2026-03-16T21:03:03.813+0000] {processor.py:183} INFO - Processing /opt/airflow/dags/dbt.py took 0.054 seconds
[2026-03-16T21:03:34.900+0000] {processor.py:161} INFO - Started process (PID=5908) to work on /opt/airflow/dags/dbt.py
[2026-03-16T21:03:34.902+0000] {processor.py:830} INFO - Processing file /opt/airflow/dags/dbt.py for tasks to queue
[2026-03-16T21:03:34.908+0000] {logging_mixin.py:188} INFO - [2026-03-16T21:03:34.908+0000] {dagbag.py:545} INFO - Filling up the DagBag from /opt/airflow/dags/dbt.py
[2026-03-16T21:03:34.918+0000] {logging_mixin.py:188} INFO - [2026-03-16T21:03:34.914+0000] {dagbag.py:355} ERROR - Failed to import: /opt/airflow/dags/dbt.py
Traceback (most recent call last):
  File "/home/airflow/.local/lib/python3.12/site-packages/airflow/models/dagbag.py", line 351, in parse
    loader.exec_module(new_module)
  File "<frozen importlib._bootstrap_external>", line 995, in exec_module
  File "<frozen importlib._bootstrap>", line 488, in _call_with_frames_removed
  File "/opt/airflow/dags/dbt.py", line 2, in <module>
    from airflow.providers.standard.operators.bash import BashOperator
ModuleNotFoundError: No module named 'airflow.providers.standard'
[2026-03-16T21:03:34.919+0000] {processor.py:842} WARNING - No viable dags retrieved from /opt/airflow/dags/dbt.py
[2026-03-16T21:03:34.951+0000] {processor.py:183} INFO - Processing /opt/airflow/dags/dbt.py took 0.076 seconds
[2026-03-16T21:04:05.372+0000] {processor.py:161} INFO - Started process (PID=5910) to work on /opt/airflow/dags/dbt.py
[2026-03-16T21:04:05.373+0000] {processor.py:830} INFO - Processing file /opt/airflow/dags/dbt.py for tasks to queue
[2026-03-16T21:04:05.378+0000] {logging_mixin.py:188} INFO - [2026-03-16T21:04:05.377+0000] {dagbag.py:545} INFO - Filling up the DagBag from /opt/airflow/dags/dbt.py
[2026-03-16T21:04:05.385+0000] {logging_mixin.py:188} INFO - [2026-03-16T21:04:05.383+0000] {dagbag.py:355} ERROR - Failed to import: /opt/airflow/dags/dbt.py
Traceback (most recent call last):
  File "/home/airflow/.local/lib/python3.12/site-packages/airflow/models/dagbag.py", line 351, in parse
    loader.exec_module(new_module)
  File "<frozen importlib._bootstrap_external>", line 995, in exec_module
  File "<frozen importlib._bootstrap>", line 488, in _call_with_frames_removed
  File "/opt/airflow/dags/dbt.py", line 2, in <module>
    from airflow.providers.standard.operators.bash import BashOperator
ModuleNotFoundError: No module named 'airflow.providers.standard'
[2026-03-16T21:04:05.386+0000] {processor.py:842} WARNING - No viable dags retrieved from /opt/airflow/dags/dbt.py
[2026-03-16T21:04:05.414+0000] {processor.py:183} INFO - Processing /opt/airflow/dags/dbt.py took 0.056 seconds
[2026-03-16T21:04:35.582+0000] {processor.py:161} INFO - Started process (PID=5912) to work on /opt/airflow/dags/dbt.py
[2026-03-16T21:04:35.583+0000] {processor.py:830} INFO - Processing file /opt/airflow/dags/dbt.py for tasks to queue
[2026-03-16T21:04:35.591+0000] {logging_mixin.py:188} INFO - [2026-03-16T21:04:35.588+0000] {dagbag.py:545} INFO - Filling up the DagBag from /opt/airflow/dags/dbt.py
[2026-03-16T21:04:35.600+0000] {logging_mixin.py:188} INFO - [2026-03-16T21:04:35.599+0000] {dagbag.py:355} ERROR - Failed to import: /opt/airflow/dags/dbt.py
Traceback (most recent call last):
  File "/home/airflow/.local/lib/python3.12/site-packages/airflow/models/dagbag.py", line 351, in parse
    loader.exec_module(new_module)
  File "<frozen importlib._bootstrap_external>", line 995, in exec_module
  File "<frozen importlib._bootstrap>", line 488, in _call_with_frames_removed
  File "/opt/airflow/dags/dbt.py", line 2, in <module>
    from airflow.providers.standard.operators.bash import BashOperator
ModuleNotFoundError: No module named 'airflow.providers.standard'
[2026-03-16T21:04:35.601+0000] {processor.py:842} WARNING - No viable dags retrieved from /opt/airflow/dags/dbt.py
[2026-03-16T21:04:35.634+0000] {processor.py:183} INFO - Processing /opt/airflow/dags/dbt.py took 0.074 seconds
[2026-03-16T21:05:05.765+0000] {processor.py:161} INFO - Started process (PID=5914) to work on /opt/airflow/dags/dbt.py
[2026-03-16T21:05:05.766+0000] {processor.py:830} INFO - Processing file /opt/airflow/dags/dbt.py for tasks to queue
[2026-03-16T21:05:05.770+0000] {logging_mixin.py:188} INFO - [2026-03-16T21:05:05.770+0000] {dagbag.py:545} INFO - Filling up the DagBag from /opt/airflow/dags/dbt.py
[2026-03-16T21:05:05.777+0000] {logging_mixin.py:188} INFO - [2026-03-16T21:05:05.775+0000] {dagbag.py:355} ERROR - Failed to import: /opt/airflow/dags/dbt.py
Traceback (most recent call last):
  File "/home/airflow/.local/lib/python3.12/site-packages/airflow/models/dagbag.py", line 351, in parse
    loader.exec_module(new_module)
  File "<frozen importlib._bootstrap_external>", line 995, in exec_module
  File "<frozen importlib._bootstrap>", line 488, in _call_with_frames_removed
  File "/opt/airflow/dags/dbt.py", line 2, in <module>
    from airflow.providers.standard.operators.bash import BashOperator
ModuleNotFoundError: No module named 'airflow.providers.standard'
[2026-03-16T21:05:05.778+0000] {processor.py:842} WARNING - No viable dags retrieved from /opt/airflow/dags/dbt.py
[2026-03-16T21:05:05.803+0000] {processor.py:183} INFO - Processing /opt/airflow/dags/dbt.py took 0.050 seconds
[2026-03-16T21:05:36.222+0000] {processor.py:161} INFO - Started process (PID=5916) to work on /opt/airflow/dags/dbt.py
[2026-03-16T21:05:36.224+0000] {processor.py:830} INFO - Processing file /opt/airflow/dags/dbt.py for tasks to queue
[2026-03-16T21:05:36.230+0000] {logging_mixin.py:188} INFO - [2026-03-16T21:05:36.230+0000] {dagbag.py:545} INFO - Filling up the DagBag from /opt/airflow/dags/dbt.py
[2026-03-16T21:05:36.236+0000] {logging_mixin.py:188} INFO - [2026-03-16T21:05:36.235+0000] {dagbag.py:355} ERROR - Failed to import: /opt/airflow/dags/dbt.py
Traceback (most recent call last):
  File "/home/airflow/.local/lib/python3.12/site-packages/airflow/models/dagbag.py", line 351, in parse
    loader.exec_module(new_module)
  File "<frozen importlib._bootstrap_external>", line 995, in exec_module
  File "<frozen importlib._bootstrap>", line 488, in _call_with_frames_removed
  File "/opt/airflow/dags/dbt.py", line 2, in <module>
    from airflow.providers.standard.operators.bash import BashOperator
ModuleNotFoundError: No module named 'airflow.providers.standard'
[2026-03-16T21:05:36.236+0000] {processor.py:842} WARNING - No viable dags retrieved from /opt/airflow/dags/dbt.py
[2026-03-16T21:05:36.261+0000] {processor.py:183} INFO - Processing /opt/airflow/dags/dbt.py took 0.048 seconds
[2026-03-16T21:06:06.367+0000] {processor.py:161} INFO - Started process (PID=5918) to work on /opt/airflow/dags/dbt.py
[2026-03-16T21:06:06.372+0000] {processor.py:830} INFO - Processing file /opt/airflow/dags/dbt.py for tasks to queue
[2026-03-16T21:06:06.382+0000] {logging_mixin.py:188} INFO - [2026-03-16T21:06:06.381+0000] {dagbag.py:545} INFO - Filling up the DagBag from /opt/airflow/dags/dbt.py
[2026-03-16T21:06:06.393+0000] {logging_mixin.py:188} INFO - [2026-03-16T21:06:06.390+0000] {dagbag.py:355} ERROR - Failed to import: /opt/airflow/dags/dbt.py
Traceback (most recent call last):
  File "/home/airflow/.local/lib/python3.12/site-packages/airflow/models/dagbag.py", line 351, in parse
    loader.exec_module(new_module)
  File "<frozen importlib._bootstrap_external>", line 995, in exec_module
  File "<frozen importlib._bootstrap>", line 488, in _call_with_frames_removed
  File "/opt/airflow/dags/dbt.py", line 2, in <module>
    from airflow.providers.standard.operators.bash import BashOperator
ModuleNotFoundError: No module named 'airflow.providers.standard'
[2026-03-16T21:06:06.394+0000] {processor.py:842} WARNING - No viable dags retrieved from /opt/airflow/dags/dbt.py
[2026-03-16T21:06:06.427+0000] {processor.py:183} INFO - Processing /opt/airflow/dags/dbt.py took 0.078 seconds
[2026-03-16T21:06:37.484+0000] {processor.py:161} INFO - Started process (PID=5920) to work on /opt/airflow/dags/dbt.py
[2026-03-16T21:06:37.485+0000] {processor.py:830} INFO - Processing file /opt/airflow/dags/dbt.py for tasks to queue
[2026-03-16T21:06:37.490+0000] {logging_mixin.py:188} INFO - [2026-03-16T21:06:37.489+0000] {dagbag.py:545} INFO - Filling up the DagBag from /opt/airflow/dags/dbt.py
[2026-03-16T21:06:37.510+0000] {logging_mixin.py:188} INFO - [2026-03-16T21:06:37.498+0000] {dagbag.py:355} ERROR - Failed to import: /opt/airflow/dags/dbt.py
Traceback (most recent call last):
  File "/home/airflow/.local/lib/python3.12/site-packages/airflow/models/dagbag.py", line 351, in parse
    loader.exec_module(new_module)
  File "<frozen importlib._bootstrap_external>", line 995, in exec_module
  File "<frozen importlib._bootstrap>", line 488, in _call_with_frames_removed
  File "/opt/airflow/dags/dbt.py", line 2, in <module>
    from airflow.providers.standard.operators.bash import BashOperator
ModuleNotFoundError: No module named 'airflow.providers.standard'
[2026-03-16T21:06:37.511+0000] {processor.py:842} WARNING - No viable dags retrieved from /opt/airflow/dags/dbt.py
[2026-03-16T21:06:37.537+0000] {processor.py:183} INFO - Processing /opt/airflow/dags/dbt.py took 0.071 seconds
[2026-03-16T21:07:07.994+0000] {processor.py:161} INFO - Started process (PID=5922) to work on /opt/airflow/dags/dbt.py
[2026-03-16T21:07:07.996+0000] {processor.py:830} INFO - Processing file /opt/airflow/dags/dbt.py for tasks to queue
[2026-03-16T21:07:08.000+0000] {logging_mixin.py:188} INFO - [2026-03-16T21:07:07.999+0000] {dagbag.py:545} INFO - Filling up the DagBag from /opt/airflow/dags/dbt.py
[2026-03-16T21:07:08.005+0000] {logging_mixin.py:188} INFO - [2026-03-16T21:07:08.003+0000] {dagbag.py:355} ERROR - Failed to import: /opt/airflow/dags/dbt.py
Traceback (most recent call last):
  File "/home/airflow/.local/lib/python3.12/site-packages/airflow/models/dagbag.py", line 351, in parse
    loader.exec_module(new_module)
  File "<frozen importlib._bootstrap_external>", line 995, in exec_module
  File "<frozen importlib._bootstrap>", line 488, in _call_with_frames_removed
  File "/opt/airflow/dags/dbt.py", line 2, in <module>
    from airflow.providers.standard.operators.bash import BashOperator
ModuleNotFoundError: No module named 'airflow.providers.standard'
[2026-03-16T21:07:08.007+0000] {processor.py:842} WARNING - No viable dags retrieved from /opt/airflow/dags/dbt.py
[2026-03-16T21:07:08.033+0000] {processor.py:183} INFO - Processing /opt/airflow/dags/dbt.py took 0.050 seconds
[2026-03-16T21:07:38.884+0000] {processor.py:161} INFO - Started process (PID=5924) to work on /opt/airflow/dags/dbt.py
[2026-03-16T21:07:38.887+0000] {processor.py:830} INFO - Processing file /opt/airflow/dags/dbt.py for tasks to queue
[2026-03-16T21:07:38.894+0000] {logging_mixin.py:188} INFO - [2026-03-16T21:07:38.893+0000] {dagbag.py:545} INFO - Filling up the DagBag from /opt/airflow/dags/dbt.py
[2026-03-16T21:07:38.909+0000] {logging_mixin.py:188} INFO - [2026-03-16T21:07:38.905+0000] {dagbag.py:355} ERROR - Failed to import: /opt/airflow/dags/dbt.py
Traceback (most recent call last):
  File "/home/airflow/.local/lib/python3.12/site-packages/airflow/models/dagbag.py", line 351, in parse
    loader.exec_module(new_module)
  File "<frozen importlib._bootstrap_external>", line 995, in exec_module
  File "<frozen importlib._bootstrap>", line 488, in _call_with_frames_removed
  File "/opt/airflow/dags/dbt.py", line 2, in <module>
    from airflow.providers.standard.operators.bash import BashOperator
ModuleNotFoundError: No module named 'airflow.providers.standard'
[2026-03-16T21:07:38.910+0000] {processor.py:842} WARNING - No viable dags retrieved from /opt/airflow/dags/dbt.py
[2026-03-16T21:07:38.945+0000] {processor.py:183} INFO - Processing /opt/airflow/dags/dbt.py took 0.088 seconds
[2026-03-16T21:08:09.425+0000] {processor.py:161} INFO - Started process (PID=5926) to work on /opt/airflow/dags/dbt.py
[2026-03-16T21:08:09.427+0000] {processor.py:830} INFO - Processing file /opt/airflow/dags/dbt.py for tasks to queue
[2026-03-16T21:08:09.431+0000] {logging_mixin.py:188} INFO - [2026-03-16T21:08:09.431+0000] {dagbag.py:545} INFO - Filling up the DagBag from /opt/airflow/dags/dbt.py
[2026-03-16T21:08:09.443+0000] {logging_mixin.py:188} INFO - [2026-03-16T21:08:09.439+0000] {dagbag.py:355} ERROR - Failed to import: /opt/airflow/dags/dbt.py
Traceback (most recent call last):
  File "/home/airflow/.local/lib/python3.12/site-packages/airflow/models/dagbag.py", line 351, in parse
    loader.exec_module(new_module)
  File "<frozen importlib._bootstrap_external>", line 995, in exec_module
  File "<frozen importlib._bootstrap>", line 488, in _call_with_frames_removed
  File "/opt/airflow/dags/dbt.py", line 2, in <module>
    from airflow.providers.standard.operators.bash import BashOperator
ModuleNotFoundError: No module named 'airflow.providers.standard'
[2026-03-16T21:08:09.443+0000] {processor.py:842} WARNING - No viable dags retrieved from /opt/airflow/dags/dbt.py
[2026-03-16T21:08:09.475+0000] {processor.py:183} INFO - Processing /opt/airflow/dags/dbt.py took 0.073 seconds
[2026-03-16T21:12:14.498+0000] {processor.py:161} INFO - Started process (PID=5928) to work on /opt/airflow/dags/dbt.py
[2026-03-16T21:12:14.499+0000] {processor.py:830} INFO - Processing file /opt/airflow/dags/dbt.py for tasks to queue
[2026-03-16T21:12:14.504+0000] {logging_mixin.py:188} INFO - [2026-03-16T21:12:14.504+0000] {dagbag.py:545} INFO - Filling up the DagBag from /opt/airflow/dags/dbt.py
[2026-03-16T21:12:14.513+0000] {logging_mixin.py:188} INFO - [2026-03-16T21:12:14.510+0000] {dagbag.py:355} ERROR - Failed to import: /opt/airflow/dags/dbt.py
Traceback (most recent call last):
  File "/home/airflow/.local/lib/python3.12/site-packages/airflow/models/dagbag.py", line 351, in parse
    loader.exec_module(new_module)
  File "<frozen importlib._bootstrap_external>", line 995, in exec_module
  File "<frozen importlib._bootstrap>", line 488, in _call_with_frames_removed
  File "/opt/airflow/dags/dbt.py", line 2, in <module>
    from airflow.providers.standard.operators.bash import BashOperator
ModuleNotFoundError: No module named 'airflow.providers.standard'
[2026-03-16T21:12:14.516+0000] {processor.py:842} WARNING - No viable dags retrieved from /opt/airflow/dags/dbt.py
[2026-03-16T21:12:14.544+0000] {processor.py:183} INFO - Processing /opt/airflow/dags/dbt.py took 0.060 seconds
[2026-03-16T21:12:45.630+0000] {processor.py:161} INFO - Started process (PID=5930) to work on /opt/airflow/dags/dbt.py
[2026-03-16T21:12:45.632+0000] {processor.py:830} INFO - Processing file /opt/airflow/dags/dbt.py for tasks to queue
[2026-03-16T21:12:45.636+0000] {logging_mixin.py:188} INFO - [2026-03-16T21:12:45.636+0000] {dagbag.py:545} INFO - Filling up the DagBag from /opt/airflow/dags/dbt.py
[2026-03-16T21:12:45.648+0000] {logging_mixin.py:188} INFO - [2026-03-16T21:12:45.647+0000] {dagbag.py:355} ERROR - Failed to import: /opt/airflow/dags/dbt.py
Traceback (most recent call last):
  File "/home/airflow/.local/lib/python3.12/site-packages/airflow/models/dagbag.py", line 351, in parse
    loader.exec_module(new_module)
  File "<frozen importlib._bootstrap_external>", line 995, in exec_module
  File "<frozen importlib._bootstrap>", line 488, in _call_with_frames_removed
  File "/opt/airflow/dags/dbt.py", line 2, in <module>
    from airflow.providers.standard.operators.bash import BashOperator
ModuleNotFoundError: No module named 'airflow.providers.standard'
[2026-03-16T21:12:45.649+0000] {processor.py:842} WARNING - No viable dags retrieved from /opt/airflow/dags/dbt.py
[2026-03-16T21:12:45.689+0000] {processor.py:183} INFO - Processing /opt/airflow/dags/dbt.py took 0.088 seconds
[2026-03-16T21:13:16.206+0000] {processor.py:161} INFO - Started process (PID=5932) to work on /opt/airflow/dags/dbt.py
[2026-03-16T21:13:16.208+0000] {processor.py:830} INFO - Processing file /opt/airflow/dags/dbt.py for tasks to queue
[2026-03-16T21:13:16.215+0000] {logging_mixin.py:188} INFO - [2026-03-16T21:13:16.215+0000] {dagbag.py:545} INFO - Filling up the DagBag from /opt/airflow/dags/dbt.py
[2026-03-16T21:13:16.227+0000] {logging_mixin.py:188} INFO - [2026-03-16T21:13:16.223+0000] {dagbag.py:355} ERROR - Failed to import: /opt/airflow/dags/dbt.py
Traceback (most recent call last):
  File "/home/airflow/.local/lib/python3.12/site-packages/airflow/models/dagbag.py", line 351, in parse
    loader.exec_module(new_module)
  File "<frozen importlib._bootstrap_external>", line 995, in exec_module
  File "<frozen importlib._bootstrap>", line 488, in _call_with_frames_removed
  File "/opt/airflow/dags/dbt.py", line 2, in <module>
    from airflow.providers.standard.operators.bash import BashOperator
ModuleNotFoundError: No module named 'airflow.providers.standard'
[2026-03-16T21:13:16.228+0000] {processor.py:842} WARNING - No viable dags retrieved from /opt/airflow/dags/dbt.py
[2026-03-16T21:13:16.258+0000] {processor.py:183} INFO - Processing /opt/airflow/dags/dbt.py took 0.073 seconds
[2026-03-16T21:13:46.390+0000] {processor.py:161} INFO - Started process (PID=5934) to work on /opt/airflow/dags/dbt.py
[2026-03-16T21:13:46.391+0000] {processor.py:830} INFO - Processing file /opt/airflow/dags/dbt.py for tasks to queue
[2026-03-16T21:13:46.396+0000] {logging_mixin.py:188} INFO - [2026-03-16T21:13:46.395+0000] {dagbag.py:545} INFO - Filling up the DagBag from /opt/airflow/dags/dbt.py
[2026-03-16T21:13:46.403+0000] {logging_mixin.py:188} INFO - [2026-03-16T21:13:46.401+0000] {dagbag.py:355} ERROR - Failed to import: /opt/airflow/dags/dbt.py
Traceback (most recent call last):
  File "/home/airflow/.local/lib/python3.12/site-packages/airflow/models/dagbag.py", line 351, in parse
    loader.exec_module(new_module)
  File "<frozen importlib._bootstrap_external>", line 995, in exec_module
  File "<frozen importlib._bootstrap>", line 488, in _call_with_frames_removed
  File "/opt/airflow/dags/dbt.py", line 2, in <module>
    from airflow.providers.standard.operators.bash import BashOperator
ModuleNotFoundError: No module named 'airflow.providers.standard'
[2026-03-16T21:13:46.405+0000] {processor.py:842} WARNING - No viable dags retrieved from /opt/airflow/dags/dbt.py
[2026-03-16T21:13:46.431+0000] {processor.py:183} INFO - Processing /opt/airflow/dags/dbt.py took 0.057 seconds
[2026-03-16T21:14:16.916+0000] {processor.py:161} INFO - Started process (PID=5936) to work on /opt/airflow/dags/dbt.py
[2026-03-16T21:14:16.919+0000] {processor.py:830} INFO - Processing file /opt/airflow/dags/dbt.py for tasks to queue
[2026-03-16T21:14:16.927+0000] {logging_mixin.py:188} INFO - [2026-03-16T21:14:16.926+0000] {dagbag.py:545} INFO - Filling up the DagBag from /opt/airflow/dags/dbt.py
[2026-03-16T21:14:16.942+0000] {logging_mixin.py:188} INFO - [2026-03-16T21:14:16.936+0000] {dagbag.py:355} ERROR - Failed to import: /opt/airflow/dags/dbt.py
Traceback (most recent call last):
  File "/home/airflow/.local/lib/python3.12/site-packages/airflow/models/dagbag.py", line 351, in parse
    loader.exec_module(new_module)
  File "<frozen importlib._bootstrap_external>", line 995, in exec_module
  File "<frozen importlib._bootstrap>", line 488, in _call_with_frames_removed
  File "/opt/airflow/dags/dbt.py", line 2, in <module>
    from airflow.providers.standard.operators.bash import BashOperator
ModuleNotFoundError: No module named 'airflow.providers.standard'
[2026-03-16T21:14:16.942+0000] {processor.py:842} WARNING - No viable dags retrieved from /opt/airflow/dags/dbt.py
[2026-03-16T21:14:16.970+0000] {processor.py:183} INFO - Processing /opt/airflow/dags/dbt.py took 0.073 seconds
[2026-03-16T21:27:42.462+0000] {processor.py:161} INFO - Started process (PID=5938) to work on /opt/airflow/dags/dbt.py
[2026-03-16T21:27:42.463+0000] {processor.py:830} INFO - Processing file /opt/airflow/dags/dbt.py for tasks to queue
[2026-03-16T21:27:42.468+0000] {logging_mixin.py:188} INFO - [2026-03-16T21:27:42.467+0000] {dagbag.py:545} INFO - Filling up the DagBag from /opt/airflow/dags/dbt.py
[2026-03-16T21:27:42.474+0000] {logging_mixin.py:188} INFO - [2026-03-16T21:27:42.472+0000] {dagbag.py:355} ERROR - Failed to import: /opt/airflow/dags/dbt.py
Traceback (most recent call last):
  File "/home/airflow/.local/lib/python3.12/site-packages/airflow/models/dagbag.py", line 351, in parse
    loader.exec_module(new_module)
  File "<frozen importlib._bootstrap_external>", line 995, in exec_module
  File "<frozen importlib._bootstrap>", line 488, in _call_with_frames_removed
  File "/opt/airflow/dags/dbt.py", line 2, in <module>
    from airflow.providers.standard.operators.bash import BashOperator
ModuleNotFoundError: No module named 'airflow.providers.standard'
[2026-03-16T21:27:42.474+0000] {processor.py:842} WARNING - No viable dags retrieved from /opt/airflow/dags/dbt.py
[2026-03-16T21:27:42.499+0000] {processor.py:183} INFO - Processing /opt/airflow/dags/dbt.py took 0.048 seconds
[2026-03-16T21:43:38.661+0000] {processor.py:161} INFO - Started process (PID=5940) to work on /opt/airflow/dags/dbt.py
[2026-03-16T21:43:38.664+0000] {processor.py:830} INFO - Processing file /opt/airflow/dags/dbt.py for tasks to queue
[2026-03-16T21:43:38.670+0000] {logging_mixin.py:188} INFO - [2026-03-16T21:43:38.669+0000] {dagbag.py:545} INFO - Filling up the DagBag from /opt/airflow/dags/dbt.py
[2026-03-16T21:43:38.677+0000] {logging_mixin.py:188} INFO - [2026-03-16T21:43:38.676+0000] {dagbag.py:355} ERROR - Failed to import: /opt/airflow/dags/dbt.py
Traceback (most recent call last):
  File "/home/airflow/.local/lib/python3.12/site-packages/airflow/models/dagbag.py", line 351, in parse
    loader.exec_module(new_module)
  File "<frozen importlib._bootstrap_external>", line 995, in exec_module
  File "<frozen importlib._bootstrap>", line 488, in _call_with_frames_removed
  File "/opt/airflow/dags/dbt.py", line 2, in <module>
    from airflow.providers.standard.operators.bash import BashOperator
ModuleNotFoundError: No module named 'airflow.providers.standard'
[2026-03-16T21:43:38.678+0000] {processor.py:842} WARNING - No viable dags retrieved from /opt/airflow/dags/dbt.py
[2026-03-16T21:43:38.703+0000] {processor.py:183} INFO - Processing /opt/airflow/dags/dbt.py took 0.058 seconds
[2026-03-16T21:44:09.178+0000] {processor.py:161} INFO - Started process (PID=5942) to work on /opt/airflow/dags/dbt.py
[2026-03-16T21:44:09.180+0000] {processor.py:830} INFO - Processing file /opt/airflow/dags/dbt.py for tasks to queue
[2026-03-16T21:44:09.190+0000] {logging_mixin.py:188} INFO - [2026-03-16T21:44:09.189+0000] {dagbag.py:545} INFO - Filling up the DagBag from /opt/airflow/dags/dbt.py
[2026-03-16T21:44:09.198+0000] {logging_mixin.py:188} INFO - [2026-03-16T21:44:09.196+0000] {dagbag.py:355} ERROR - Failed to import: /opt/airflow/dags/dbt.py
Traceback (most recent call last):
  File "/home/airflow/.local/lib/python3.12/site-packages/airflow/models/dagbag.py", line 351, in parse
    loader.exec_module(new_module)
  File "<frozen importlib._bootstrap_external>", line 995, in exec_module
  File "<frozen importlib._bootstrap>", line 488, in _call_with_frames_removed
  File "/opt/airflow/dags/dbt.py", line 2, in <module>
    from airflow.providers.standard.operators.bash import BashOperator
ModuleNotFoundError: No module named 'airflow.providers.standard'
[2026-03-16T21:44:09.198+0000] {processor.py:842} WARNING - No viable dags retrieved from /opt/airflow/dags/dbt.py
[2026-03-16T21:44:09.238+0000] {processor.py:183} INFO - Processing /opt/airflow/dags/dbt.py took 0.079 seconds
[2026-03-16T22:00:04.499+0000] {processor.py:161} INFO - Started process (PID=5944) to work on /opt/airflow/dags/dbt.py
[2026-03-16T22:00:04.501+0000] {processor.py:830} INFO - Processing file /opt/airflow/dags/dbt.py for tasks to queue
[2026-03-16T22:00:04.506+0000] {logging_mixin.py:188} INFO - [2026-03-16T22:00:04.505+0000] {dagbag.py:545} INFO - Filling up the DagBag from /opt/airflow/dags/dbt.py
[2026-03-16T22:00:04.514+0000] {logging_mixin.py:188} INFO - [2026-03-16T22:00:04.511+0000] {dagbag.py:355} ERROR - Failed to import: /opt/airflow/dags/dbt.py
Traceback (most recent call last):
  File "/home/airflow/.local/lib/python3.12/site-packages/airflow/models/dagbag.py", line 351, in parse
    loader.exec_module(new_module)
  File "<frozen importlib._bootstrap_external>", line 995, in exec_module
  File "<frozen importlib._bootstrap>", line 488, in _call_with_frames_removed
  File "/opt/airflow/dags/dbt.py", line 2, in <module>
    from airflow.providers.standard.operators.bash import BashOperator
ModuleNotFoundError: No module named 'airflow.providers.standard'
[2026-03-16T22:00:04.514+0000] {processor.py:842} WARNING - No viable dags retrieved from /opt/airflow/dags/dbt.py
[2026-03-16T22:00:04.540+0000] {processor.py:183} INFO - Processing /opt/airflow/dags/dbt.py took 0.058 seconds
[2026-03-16T22:00:34.664+0000] {processor.py:161} INFO - Started process (PID=5946) to work on /opt/airflow/dags/dbt.py
[2026-03-16T22:00:34.666+0000] {processor.py:830} INFO - Processing file /opt/airflow/dags/dbt.py for tasks to queue
[2026-03-16T22:00:34.671+0000] {logging_mixin.py:188} INFO - [2026-03-16T22:00:34.670+0000] {dagbag.py:545} INFO - Filling up the DagBag from /opt/airflow/dags/dbt.py
[2026-03-16T22:00:34.678+0000] {logging_mixin.py:188} INFO - [2026-03-16T22:00:34.676+0000] {dagbag.py:355} ERROR - Failed to import: /opt/airflow/dags/dbt.py
Traceback (most recent call last):
  File "/home/airflow/.local/lib/python3.12/site-packages/airflow/models/dagbag.py", line 351, in parse
    loader.exec_module(new_module)
  File "<frozen importlib._bootstrap_external>", line 995, in exec_module
  File "<frozen importlib._bootstrap>", line 488, in _call_with_frames_removed
  File "/opt/airflow/dags/dbt.py", line 2, in <module>
    from airflow.providers.standard.operators.bash import BashOperator
ModuleNotFoundError: No module named 'airflow.providers.standard'
[2026-03-16T22:00:34.679+0000] {processor.py:842} WARNING - No viable dags retrieved from /opt/airflow/dags/dbt.py
[2026-03-16T22:00:34.713+0000] {processor.py:183} INFO - Processing /opt/airflow/dags/dbt.py took 0.065 seconds
[2026-03-16T22:01:05.145+0000] {processor.py:161} INFO - Started process (PID=5948) to work on /opt/airflow/dags/dbt.py
[2026-03-16T22:01:05.148+0000] {processor.py:830} INFO - Processing file /opt/airflow/dags/dbt.py for tasks to queue
[2026-03-16T22:01:05.153+0000] {logging_mixin.py:188} INFO - [2026-03-16T22:01:05.153+0000] {dagbag.py:545} INFO - Filling up the DagBag from /opt/airflow/dags/dbt.py
[2026-03-16T22:01:05.162+0000] {logging_mixin.py:188} INFO - [2026-03-16T22:01:05.160+0000] {dagbag.py:355} ERROR - Failed to import: /opt/airflow/dags/dbt.py
Traceback (most recent call last):
  File "/home/airflow/.local/lib/python3.12/site-packages/airflow/models/dagbag.py", line 351, in parse
    loader.exec_module(new_module)
  File "<frozen importlib._bootstrap_external>", line 995, in exec_module
  File "<frozen importlib._bootstrap>", line 488, in _call_with_frames_removed
  File "/opt/airflow/dags/dbt.py", line 2, in <module>
    from airflow.providers.standard.operators.bash import BashOperator
ModuleNotFoundError: No module named 'airflow.providers.standard'
[2026-03-16T22:01:05.163+0000] {processor.py:842} WARNING - No viable dags retrieved from /opt/airflow/dags/dbt.py
[2026-03-16T22:01:05.193+0000] {processor.py:183} INFO - Processing /opt/airflow/dags/dbt.py took 0.062 seconds
[2026-03-16T22:01:36.287+0000] {processor.py:161} INFO - Started process (PID=5950) to work on /opt/airflow/dags/dbt.py
[2026-03-16T22:01:36.289+0000] {processor.py:830} INFO - Processing file /opt/airflow/dags/dbt.py for tasks to queue
[2026-03-16T22:01:36.293+0000] {logging_mixin.py:188} INFO - [2026-03-16T22:01:36.292+0000] {dagbag.py:545} INFO - Filling up the DagBag from /opt/airflow/dags/dbt.py
[2026-03-16T22:01:36.300+0000] {logging_mixin.py:188} INFO - [2026-03-16T22:01:36.298+0000] {dagbag.py:355} ERROR - Failed to import: /opt/airflow/dags/dbt.py
Traceback (most recent call last):
  File "/home/airflow/.local/lib/python3.12/site-packages/airflow/models/dagbag.py", line 351, in parse
    loader.exec_module(new_module)
  File "<frozen importlib._bootstrap_external>", line 995, in exec_module
  File "<frozen importlib._bootstrap>", line 488, in _call_with_frames_removed
  File "/opt/airflow/dags/dbt.py", line 2, in <module>
    from airflow.providers.standard.operators.bash import BashOperator
ModuleNotFoundError: No module named 'airflow.providers.standard'
[2026-03-16T22:01:36.300+0000] {processor.py:842} WARNING - No viable dags retrieved from /opt/airflow/dags/dbt.py
[2026-03-16T22:01:36.326+0000] {processor.py:183} INFO - Processing /opt/airflow/dags/dbt.py took 0.054 seconds
[2026-03-16T22:02:06.425+0000] {processor.py:161} INFO - Started process (PID=5952) to work on /opt/airflow/dags/dbt.py
[2026-03-16T22:02:06.427+0000] {processor.py:830} INFO - Processing file /opt/airflow/dags/dbt.py for tasks to queue
[2026-03-16T22:02:06.432+0000] {logging_mixin.py:188} INFO - [2026-03-16T22:02:06.432+0000] {dagbag.py:545} INFO - Filling up the DagBag from /opt/airflow/dags/dbt.py
[2026-03-16T22:02:06.441+0000] {logging_mixin.py:188} INFO - [2026-03-16T22:02:06.438+0000] {dagbag.py:355} ERROR - Failed to import: /opt/airflow/dags/dbt.py
Traceback (most recent call last):
  File "/home/airflow/.local/lib/python3.12/site-packages/airflow/models/dagbag.py", line 351, in parse
    loader.exec_module(new_module)
  File "<frozen importlib._bootstrap_external>", line 995, in exec_module
  File "<frozen importlib._bootstrap>", line 488, in _call_with_frames_removed
  File "/opt/airflow/dags/dbt.py", line 2, in <module>
    from airflow.providers.standard.operators.bash import BashOperator
ModuleNotFoundError: No module named 'airflow.providers.standard'
[2026-03-16T22:02:06.441+0000] {processor.py:842} WARNING - No viable dags retrieved from /opt/airflow/dags/dbt.py
[2026-03-16T22:02:06.465+0000] {processor.py:183} INFO - Processing /opt/airflow/dags/dbt.py took 0.053 seconds
[2026-03-16T22:02:36.875+0000] {processor.py:161} INFO - Started process (PID=5954) to work on /opt/airflow/dags/dbt.py
[2026-03-16T22:02:36.876+0000] {processor.py:830} INFO - Processing file /opt/airflow/dags/dbt.py for tasks to queue
[2026-03-16T22:02:36.878+0000] {logging_mixin.py:188} INFO - [2026-03-16T22:02:36.878+0000] {dagbag.py:545} INFO - Filling up the DagBag from /opt/airflow/dags/dbt.py
[2026-03-16T22:02:36.885+0000] {logging_mixin.py:188} INFO - [2026-03-16T22:02:36.884+0000] {dagbag.py:355} ERROR - Failed to import: /opt/airflow/dags/dbt.py
Traceback (most recent call last):
  File "/home/airflow/.local/lib/python3.12/site-packages/airflow/models/dagbag.py", line 351, in parse
    loader.exec_module(new_module)
  File "<frozen importlib._bootstrap_external>", line 995, in exec_module
  File "<frozen importlib._bootstrap>", line 488, in _call_with_frames_removed
  File "/opt/airflow/dags/dbt.py", line 2, in <module>
    from airflow.providers.standard.operators.bash import BashOperator
ModuleNotFoundError: No module named 'airflow.providers.standard'
[2026-03-16T22:02:36.886+0000] {processor.py:842} WARNING - No viable dags retrieved from /opt/airflow/dags/dbt.py
[2026-03-16T22:02:36.907+0000] {processor.py:183} INFO - Processing /opt/airflow/dags/dbt.py took 0.046 seconds
[2026-03-16T22:19:38.937+0000] {processor.py:161} INFO - Started process (PID=5956) to work on /opt/airflow/dags/dbt.py
[2026-03-16T22:19:38.939+0000] {processor.py:830} INFO - Processing file /opt/airflow/dags/dbt.py for tasks to queue
[2026-03-16T22:19:38.944+0000] {logging_mixin.py:188} INFO - [2026-03-16T22:19:38.943+0000] {dagbag.py:545} INFO - Filling up the DagBag from /opt/airflow/dags/dbt.py
[2026-03-16T22:19:38.955+0000] {logging_mixin.py:188} INFO - [2026-03-16T22:19:38.953+0000] {dagbag.py:355} ERROR - Failed to import: /opt/airflow/dags/dbt.py
Traceback (most recent call last):
  File "/home/airflow/.local/lib/python3.12/site-packages/airflow/models/dagbag.py", line 351, in parse
    loader.exec_module(new_module)
  File "<frozen importlib._bootstrap_external>", line 995, in exec_module
  File "<frozen importlib._bootstrap>", line 488, in _call_with_frames_removed
  File "/opt/airflow/dags/dbt.py", line 2, in <module>
    from airflow.providers.standard.operators.bash import BashOperator
ModuleNotFoundError: No module named 'airflow.providers.standard'
[2026-03-16T22:19:38.956+0000] {processor.py:842} WARNING - No viable dags retrieved from /opt/airflow/dags/dbt.py
[2026-03-16T22:19:38.984+0000] {processor.py:183} INFO - Processing /opt/airflow/dags/dbt.py took 0.062 seconds
[2026-03-16T22:20:09.451+0000] {processor.py:161} INFO - Started process (PID=5958) to work on /opt/airflow/dags/dbt.py
[2026-03-16T22:20:09.456+0000] {processor.py:830} INFO - Processing file /opt/airflow/dags/dbt.py for tasks to queue
[2026-03-16T22:20:09.463+0000] {logging_mixin.py:188} INFO - [2026-03-16T22:20:09.462+0000] {dagbag.py:545} INFO - Filling up the DagBag from /opt/airflow/dags/dbt.py
[2026-03-16T22:20:09.473+0000] {logging_mixin.py:188} INFO - [2026-03-16T22:20:09.471+0000] {dagbag.py:355} ERROR - Failed to import: /opt/airflow/dags/dbt.py
Traceback (most recent call last):
  File "/home/airflow/.local/lib/python3.12/site-packages/airflow/models/dagbag.py", line 351, in parse
    loader.exec_module(new_module)
  File "<frozen importlib._bootstrap_external>", line 995, in exec_module
  File "<frozen importlib._bootstrap>", line 488, in _call_with_frames_removed
  File "/opt/airflow/dags/dbt.py", line 2, in <module>
    from airflow.providers.standard.operators.bash import BashOperator
ModuleNotFoundError: No module named 'airflow.providers.standard'
[2026-03-16T22:20:09.474+0000] {processor.py:842} WARNING - No viable dags retrieved from /opt/airflow/dags/dbt.py
[2026-03-16T22:20:09.511+0000] {processor.py:183} INFO - Processing /opt/airflow/dags/dbt.py took 0.078 seconds
[2026-03-16T22:28:38.784+0000] {processor.py:161} INFO - Started process (PID=5960) to work on /opt/airflow/dags/dbt.py
[2026-03-16T22:28:38.785+0000] {processor.py:830} INFO - Processing file /opt/airflow/dags/dbt.py for tasks to queue
[2026-03-16T22:28:38.790+0000] {logging_mixin.py:188} INFO - [2026-03-16T22:28:38.790+0000] {dagbag.py:545} INFO - Filling up the DagBag from /opt/airflow/dags/dbt.py
[2026-03-16T22:28:38.798+0000] {logging_mixin.py:188} INFO - [2026-03-16T22:28:38.795+0000] {dagbag.py:355} ERROR - Failed to import: /opt/airflow/dags/dbt.py
Traceback (most recent call last):
  File "/home/airflow/.local/lib/python3.12/site-packages/airflow/models/dagbag.py", line 351, in parse
    loader.exec_module(new_module)
  File "<frozen importlib._bootstrap_external>", line 995, in exec_module
  File "<frozen importlib._bootstrap>", line 488, in _call_with_frames_removed
  File "/opt/airflow/dags/dbt.py", line 2, in <module>
    from airflow.providers.standard.operators.bash import BashOperator
ModuleNotFoundError: No module named 'airflow.providers.standard'
[2026-03-16T22:28:38.798+0000] {processor.py:842} WARNING - No viable dags retrieved from /opt/airflow/dags/dbt.py
[2026-03-16T22:28:38.829+0000] {processor.py:183} INFO - Processing /opt/airflow/dags/dbt.py took 0.060 seconds
[2026-03-16T22:44:42.980+0000] {processor.py:161} INFO - Started process (PID=5962) to work on /opt/airflow/dags/dbt.py
[2026-03-16T22:44:42.984+0000] {processor.py:830} INFO - Processing file /opt/airflow/dags/dbt.py for tasks to queue
[2026-03-16T22:44:42.988+0000] {logging_mixin.py:188} INFO - [2026-03-16T22:44:42.987+0000] {dagbag.py:545} INFO - Filling up the DagBag from /opt/airflow/dags/dbt.py
[2026-03-16T22:44:42.995+0000] {logging_mixin.py:188} INFO - [2026-03-16T22:44:42.992+0000] {dagbag.py:355} ERROR - Failed to import: /opt/airflow/dags/dbt.py
Traceback (most recent call last):
  File "/home/airflow/.local/lib/python3.12/site-packages/airflow/models/dagbag.py", line 351, in parse
    loader.exec_module(new_module)
  File "<frozen importlib._bootstrap_external>", line 995, in exec_module
  File "<frozen importlib._bootstrap>", line 488, in _call_with_frames_removed
  File "/opt/airflow/dags/dbt.py", line 2, in <module>
    from airflow.providers.standard.operators.bash import BashOperator
ModuleNotFoundError: No module named 'airflow.providers.standard'
[2026-03-16T22:44:42.996+0000] {processor.py:842} WARNING - No viable dags retrieved from /opt/airflow/dags/dbt.py
[2026-03-16T22:44:43.021+0000] {processor.py:183} INFO - Processing /opt/airflow/dags/dbt.py took 0.056 seconds
[2026-03-16T22:45:13.454+0000] {processor.py:161} INFO - Started process (PID=5964) to work on /opt/airflow/dags/dbt.py
[2026-03-16T22:45:13.456+0000] {processor.py:830} INFO - Processing file /opt/airflow/dags/dbt.py for tasks to queue
[2026-03-16T22:45:13.460+0000] {logging_mixin.py:188} INFO - [2026-03-16T22:45:13.459+0000] {dagbag.py:545} INFO - Filling up the DagBag from /opt/airflow/dags/dbt.py
[2026-03-16T22:45:13.468+0000] {logging_mixin.py:188} INFO - [2026-03-16T22:45:13.466+0000] {dagbag.py:355} ERROR - Failed to import: /opt/airflow/dags/dbt.py
Traceback (most recent call last):
  File "/home/airflow/.local/lib/python3.12/site-packages/airflow/models/dagbag.py", line 351, in parse
    loader.exec_module(new_module)
  File "<frozen importlib._bootstrap_external>", line 995, in exec_module
  File "<frozen importlib._bootstrap>", line 488, in _call_with_frames_removed
  File "/opt/airflow/dags/dbt.py", line 2, in <module>
    from airflow.providers.standard.operators.bash import BashOperator
ModuleNotFoundError: No module named 'airflow.providers.standard'
[2026-03-16T22:45:13.469+0000] {processor.py:842} WARNING - No viable dags retrieved from /opt/airflow/dags/dbt.py
[2026-03-16T22:45:13.494+0000] {processor.py:183} INFO - Processing /opt/airflow/dags/dbt.py took 0.054 seconds
[2026-03-16T23:01:08.713+0000] {processor.py:161} INFO - Started process (PID=5966) to work on /opt/airflow/dags/dbt.py
[2026-03-16T23:01:08.716+0000] {processor.py:830} INFO - Processing file /opt/airflow/dags/dbt.py for tasks to queue
[2026-03-16T23:01:08.721+0000] {logging_mixin.py:188} INFO - [2026-03-16T23:01:08.720+0000] {dagbag.py:545} INFO - Filling up the DagBag from /opt/airflow/dags/dbt.py
[2026-03-16T23:01:08.726+0000] {logging_mixin.py:188} INFO - [2026-03-16T23:01:08.725+0000] {dagbag.py:355} ERROR - Failed to import: /opt/airflow/dags/dbt.py
Traceback (most recent call last):
  File "/home/airflow/.local/lib/python3.12/site-packages/airflow/models/dagbag.py", line 351, in parse
    loader.exec_module(new_module)
  File "<frozen importlib._bootstrap_external>", line 995, in exec_module
  File "<frozen importlib._bootstrap>", line 488, in _call_with_frames_removed
  File "/opt/airflow/dags/dbt.py", line 2, in <module>
    from airflow.providers.standard.operators.bash import BashOperator
ModuleNotFoundError: No module named 'airflow.providers.standard'
[2026-03-16T23:01:08.727+0000] {processor.py:842} WARNING - No viable dags retrieved from /opt/airflow/dags/dbt.py
[2026-03-16T23:01:08.749+0000] {processor.py:183} INFO - Processing /opt/airflow/dags/dbt.py took 0.050 seconds
[2026-03-16T23:01:39.225+0000] {processor.py:161} INFO - Started process (PID=5968) to work on /opt/airflow/dags/dbt.py
[2026-03-16T23:01:39.226+0000] {processor.py:830} INFO - Processing file /opt/airflow/dags/dbt.py for tasks to queue
[2026-03-16T23:01:39.230+0000] {logging_mixin.py:188} INFO - [2026-03-16T23:01:39.230+0000] {dagbag.py:545} INFO - Filling up the DagBag from /opt/airflow/dags/dbt.py
[2026-03-16T23:01:39.238+0000] {logging_mixin.py:188} INFO - [2026-03-16T23:01:39.236+0000] {dagbag.py:355} ERROR - Failed to import: /opt/airflow/dags/dbt.py
Traceback (most recent call last):
  File "/home/airflow/.local/lib/python3.12/site-packages/airflow/models/dagbag.py", line 351, in parse
    loader.exec_module(new_module)
  File "<frozen importlib._bootstrap_external>", line 995, in exec_module
  File "<frozen importlib._bootstrap>", line 488, in _call_with_frames_removed
  File "/opt/airflow/dags/dbt.py", line 2, in <module>
    from airflow.providers.standard.operators.bash import BashOperator
ModuleNotFoundError: No module named 'airflow.providers.standard'
[2026-03-16T23:01:39.239+0000] {processor.py:842} WARNING - No viable dags retrieved from /opt/airflow/dags/dbt.py
[2026-03-16T23:01:39.272+0000] {processor.py:183} INFO - Processing /opt/airflow/dags/dbt.py took 0.061 seconds
[2026-03-16T23:17:34.368+0000] {processor.py:161} INFO - Started process (PID=5970) to work on /opt/airflow/dags/dbt.py
[2026-03-16T23:17:34.369+0000] {processor.py:830} INFO - Processing file /opt/airflow/dags/dbt.py for tasks to queue
[2026-03-16T23:17:34.375+0000] {logging_mixin.py:188} INFO - [2026-03-16T23:17:34.374+0000] {dagbag.py:545} INFO - Filling up the DagBag from /opt/airflow/dags/dbt.py
[2026-03-16T23:17:34.383+0000] {logging_mixin.py:188} INFO - [2026-03-16T23:17:34.382+0000] {dagbag.py:355} ERROR - Failed to import: /opt/airflow/dags/dbt.py
Traceback (most recent call last):
  File "/home/airflow/.local/lib/python3.12/site-packages/airflow/models/dagbag.py", line 351, in parse
    loader.exec_module(new_module)
  File "<frozen importlib._bootstrap_external>", line 995, in exec_module
  File "<frozen importlib._bootstrap>", line 488, in _call_with_frames_removed
  File "/opt/airflow/dags/dbt.py", line 2, in <module>
    from airflow.providers.standard.operators.bash import BashOperator
ModuleNotFoundError: No module named 'airflow.providers.standard'
[2026-03-16T23:17:34.384+0000] {processor.py:842} WARNING - No viable dags retrieved from /opt/airflow/dags/dbt.py
[2026-03-16T23:17:34.426+0000] {processor.py:183} INFO - Processing /opt/airflow/dags/dbt.py took 0.074 seconds
[2026-03-16T23:29:25.766+0000] {processor.py:161} INFO - Started process (PID=5972) to work on /opt/airflow/dags/dbt.py
[2026-03-16T23:29:25.773+0000] {processor.py:830} INFO - Processing file /opt/airflow/dags/dbt.py for tasks to queue
[2026-03-16T23:29:25.776+0000] {logging_mixin.py:188} INFO - [2026-03-16T23:29:25.776+0000] {dagbag.py:545} INFO - Filling up the DagBag from /opt/airflow/dags/dbt.py
[2026-03-16T23:29:25.787+0000] {logging_mixin.py:188} INFO - [2026-03-16T23:29:25.782+0000] {dagbag.py:355} ERROR - Failed to import: /opt/airflow/dags/dbt.py
Traceback (most recent call last):
  File "/home/airflow/.local/lib/python3.12/site-packages/airflow/models/dagbag.py", line 351, in parse
    loader.exec_module(new_module)
  File "<frozen importlib._bootstrap_external>", line 995, in exec_module
  File "<frozen importlib._bootstrap>", line 488, in _call_with_frames_removed
  File "/opt/airflow/dags/dbt.py", line 2, in <module>
    from airflow.providers.standard.operators.bash import BashOperator
ModuleNotFoundError: No module named 'airflow.providers.standard'
[2026-03-16T23:29:25.787+0000] {processor.py:842} WARNING - No viable dags retrieved from /opt/airflow/dags/dbt.py
[2026-03-16T23:29:25.811+0000] {processor.py:183} INFO - Processing /opt/airflow/dags/dbt.py took 0.062 seconds
[2026-03-16T23:29:56.224+0000] {processor.py:161} INFO - Started process (PID=5974) to work on /opt/airflow/dags/dbt.py
[2026-03-16T23:29:56.227+0000] {processor.py:830} INFO - Processing file /opt/airflow/dags/dbt.py for tasks to queue
[2026-03-16T23:29:56.232+0000] {logging_mixin.py:188} INFO - [2026-03-16T23:29:56.231+0000] {dagbag.py:545} INFO - Filling up the DagBag from /opt/airflow/dags/dbt.py
[2026-03-16T23:29:56.242+0000] {logging_mixin.py:188} INFO - [2026-03-16T23:29:56.239+0000] {dagbag.py:355} ERROR - Failed to import: /opt/airflow/dags/dbt.py
Traceback (most recent call last):
  File "/home/airflow/.local/lib/python3.12/site-packages/airflow/models/dagbag.py", line 351, in parse
    loader.exec_module(new_module)
  File "<frozen importlib._bootstrap_external>", line 995, in exec_module
  File "<frozen importlib._bootstrap>", line 488, in _call_with_frames_removed
  File "/opt/airflow/dags/dbt.py", line 2, in <module>
    from airflow.providers.standard.operators.bash import BashOperator
ModuleNotFoundError: No module named 'airflow.providers.standard'
[2026-03-16T23:29:56.242+0000] {processor.py:842} WARNING - No viable dags retrieved from /opt/airflow/dags/dbt.py
[2026-03-16T23:29:56.280+0000] {processor.py:183} INFO - Processing /opt/airflow/dags/dbt.py took 0.074 seconds
[2026-03-16T23:30:31.085+0000] {processor.py:161} INFO - Started process (PID=5976) to work on /opt/airflow/dags/dbt.py
[2026-03-16T23:30:31.087+0000] {processor.py:830} INFO - Processing file /opt/airflow/dags/dbt.py for tasks to queue
[2026-03-16T23:30:31.094+0000] {logging_mixin.py:188} INFO - [2026-03-16T23:30:31.094+0000] {dagbag.py:545} INFO - Filling up the DagBag from /opt/airflow/dags/dbt.py
[2026-03-16T23:30:31.100+0000] {logging_mixin.py:188} INFO - [2026-03-16T23:30:31.099+0000] {dagbag.py:355} ERROR - Failed to import: /opt/airflow/dags/dbt.py
Traceback (most recent call last):
  File "/home/airflow/.local/lib/python3.12/site-packages/airflow/models/dagbag.py", line 351, in parse
    loader.exec_module(new_module)
  File "<frozen importlib._bootstrap_external>", line 995, in exec_module
  File "<frozen importlib._bootstrap>", line 488, in _call_with_frames_removed
  File "/opt/airflow/dags/dbt.py", line 2, in <module>
    from airflow.providers.standard.operators.bash import BashOperator
ModuleNotFoundError: No module named 'airflow.providers.standard'
[2026-03-16T23:30:31.101+0000] {processor.py:842} WARNING - No viable dags retrieved from /opt/airflow/dags/dbt.py
[2026-03-16T23:30:31.126+0000] {processor.py:183} INFO - Processing /opt/airflow/dags/dbt.py took 0.058 seconds
[2026-03-16T23:46:26.383+0000] {processor.py:161} INFO - Started process (PID=5978) to work on /opt/airflow/dags/dbt.py
[2026-03-16T23:46:26.384+0000] {processor.py:830} INFO - Processing file /opt/airflow/dags/dbt.py for tasks to queue
[2026-03-16T23:46:26.390+0000] {logging_mixin.py:188} INFO - [2026-03-16T23:46:26.389+0000] {dagbag.py:545} INFO - Filling up the DagBag from /opt/airflow/dags/dbt.py
[2026-03-16T23:46:26.396+0000] {logging_mixin.py:188} INFO - [2026-03-16T23:46:26.394+0000] {dagbag.py:355} ERROR - Failed to import: /opt/airflow/dags/dbt.py
Traceback (most recent call last):
  File "/home/airflow/.local/lib/python3.12/site-packages/airflow/models/dagbag.py", line 351, in parse
    loader.exec_module(new_module)
  File "<frozen importlib._bootstrap_external>", line 995, in exec_module
  File "<frozen importlib._bootstrap>", line 488, in _call_with_frames_removed
  File "/opt/airflow/dags/dbt.py", line 2, in <module>
    from airflow.providers.standard.operators.bash import BashOperator
ModuleNotFoundError: No module named 'airflow.providers.standard'
[2026-03-16T23:46:26.396+0000] {processor.py:842} WARNING - No viable dags retrieved from /opt/airflow/dags/dbt.py
[2026-03-16T23:46:26.421+0000] {processor.py:183} INFO - Processing /opt/airflow/dags/dbt.py took 0.053 seconds
[2026-03-16T23:46:56.919+0000] {processor.py:161} INFO - Started process (PID=5980) to work on /opt/airflow/dags/dbt.py
[2026-03-16T23:46:56.923+0000] {processor.py:830} INFO - Processing file /opt/airflow/dags/dbt.py for tasks to queue
[2026-03-16T23:46:56.928+0000] {logging_mixin.py:188} INFO - [2026-03-16T23:46:56.927+0000] {dagbag.py:545} INFO - Filling up the DagBag from /opt/airflow/dags/dbt.py
[2026-03-16T23:46:56.937+0000] {logging_mixin.py:188} INFO - [2026-03-16T23:46:56.935+0000] {dagbag.py:355} ERROR - Failed to import: /opt/airflow/dags/dbt.py
Traceback (most recent call last):
  File "/home/airflow/.local/lib/python3.12/site-packages/airflow/models/dagbag.py", line 351, in parse
    loader.exec_module(new_module)
  File "<frozen importlib._bootstrap_external>", line 995, in exec_module
  File "<frozen importlib._bootstrap>", line 488, in _call_with_frames_removed
  File "/opt/airflow/dags/dbt.py", line 2, in <module>
    from airflow.providers.standard.operators.bash import BashOperator
ModuleNotFoundError: No module named 'airflow.providers.standard'
[2026-03-16T23:46:56.937+0000] {processor.py:842} WARNING - No viable dags retrieved from /opt/airflow/dags/dbt.py
[2026-03-16T23:46:56.967+0000] {processor.py:183} INFO - Processing /opt/airflow/dags/dbt.py took 0.069 seconds
