[2026-03-19T00:00:07.062+0000] {processor.py:161} INFO - Started process (PID=9460) to work on /opt/airflow/dags/dbt.py
[2026-03-19T00:00:07.062+0000] {processor.py:830} INFO - Processing file /opt/airflow/dags/dbt.py for tasks to queue
[2026-03-19T00:00:07.068+0000] {logging_mixin.py:188} INFO - [2026-03-19T00:00:07.068+0000] {dagbag.py:545} INFO - Filling up the DagBag from /opt/airflow/dags/dbt.py
[2026-03-19T00:00:07.079+0000] {logging_mixin.py:188} INFO - [2026-03-19T00:00:07.075+0000] {dagbag.py:355} ERROR - Failed to import: /opt/airflow/dags/dbt.py
Traceback (most recent call last):
  File "/home/airflow/.local/lib/python3.12/site-packages/airflow/models/dagbag.py", line 351, in parse
    loader.exec_module(new_module)
  File "<frozen importlib._bootstrap_external>", line 995, in exec_module
  File "<frozen importlib._bootstrap>", line 488, in _call_with_frames_removed
  File "/opt/airflow/dags/dbt.py", line 2, in <module>
    from airflow.providers.standard.operators.bash import BashOperator
ModuleNotFoundError: No module named 'airflow.providers.standard'
[2026-03-19T00:00:07.081+0000] {processor.py:842} WARNING - No viable dags retrieved from /opt/airflow/dags/dbt.py
[2026-03-19T00:00:07.145+0000] {processor.py:183} INFO - Processing /opt/airflow/dags/dbt.py took 0.090 seconds
[2026-03-19T00:00:37.698+0000] {processor.py:161} INFO - Started process (PID=9462) to work on /opt/airflow/dags/dbt.py
[2026-03-19T00:00:37.700+0000] {processor.py:830} INFO - Processing file /opt/airflow/dags/dbt.py for tasks to queue
[2026-03-19T00:00:37.709+0000] {logging_mixin.py:188} INFO - [2026-03-19T00:00:37.708+0000] {dagbag.py:545} INFO - Filling up the DagBag from /opt/airflow/dags/dbt.py
[2026-03-19T00:00:37.716+0000] {logging_mixin.py:188} INFO - [2026-03-19T00:00:37.715+0000] {dagbag.py:355} ERROR - Failed to import: /opt/airflow/dags/dbt.py
Traceback (most recent call last):
  File "/home/airflow/.local/lib/python3.12/site-packages/airflow/models/dagbag.py", line 351, in parse
    loader.exec_module(new_module)
  File "<frozen importlib._bootstrap_external>", line 995, in exec_module
  File "<frozen importlib._bootstrap>", line 488, in _call_with_frames_removed
  File "/opt/airflow/dags/dbt.py", line 2, in <module>
    from airflow.providers.standard.operators.bash import BashOperator
ModuleNotFoundError: No module named 'airflow.providers.standard'
[2026-03-19T00:00:37.716+0000] {processor.py:842} WARNING - No viable dags retrieved from /opt/airflow/dags/dbt.py
[2026-03-19T00:00:37.753+0000] {processor.py:183} INFO - Processing /opt/airflow/dags/dbt.py took 0.081 seconds
[2026-03-19T00:01:08.208+0000] {processor.py:161} INFO - Started process (PID=9464) to work on /opt/airflow/dags/dbt.py
[2026-03-19T00:01:08.211+0000] {processor.py:830} INFO - Processing file /opt/airflow/dags/dbt.py for tasks to queue
[2026-03-19T00:01:08.221+0000] {logging_mixin.py:188} INFO - [2026-03-19T00:01:08.220+0000] {dagbag.py:545} INFO - Filling up the DagBag from /opt/airflow/dags/dbt.py
[2026-03-19T00:01:08.234+0000] {logging_mixin.py:188} INFO - [2026-03-19T00:01:08.231+0000] {dagbag.py:355} ERROR - Failed to import: /opt/airflow/dags/dbt.py
Traceback (most recent call last):
  File "/home/airflow/.local/lib/python3.12/site-packages/airflow/models/dagbag.py", line 351, in parse
    loader.exec_module(new_module)
  File "<frozen importlib._bootstrap_external>", line 995, in exec_module
  File "<frozen importlib._bootstrap>", line 488, in _call_with_frames_removed
  File "/opt/airflow/dags/dbt.py", line 2, in <module>
    from airflow.providers.standard.operators.bash import BashOperator
ModuleNotFoundError: No module named 'airflow.providers.standard'
[2026-03-19T00:01:08.235+0000] {processor.py:842} WARNING - No viable dags retrieved from /opt/airflow/dags/dbt.py
[2026-03-19T00:01:08.277+0000] {processor.py:183} INFO - Processing /opt/airflow/dags/dbt.py took 0.092 seconds
[2026-03-19T00:01:38.752+0000] {processor.py:161} INFO - Started process (PID=9466) to work on /opt/airflow/dags/dbt.py
[2026-03-19T00:01:38.757+0000] {processor.py:830} INFO - Processing file /opt/airflow/dags/dbt.py for tasks to queue
[2026-03-19T00:01:38.771+0000] {logging_mixin.py:188} INFO - [2026-03-19T00:01:38.770+0000] {dagbag.py:545} INFO - Filling up the DagBag from /opt/airflow/dags/dbt.py
[2026-03-19T00:01:38.781+0000] {logging_mixin.py:188} INFO - [2026-03-19T00:01:38.778+0000] {dagbag.py:355} ERROR - Failed to import: /opt/airflow/dags/dbt.py
Traceback (most recent call last):
  File "/home/airflow/.local/lib/python3.12/site-packages/airflow/models/dagbag.py", line 351, in parse
    loader.exec_module(new_module)
  File "<frozen importlib._bootstrap_external>", line 995, in exec_module
  File "<frozen importlib._bootstrap>", line 488, in _call_with_frames_removed
  File "/opt/airflow/dags/dbt.py", line 2, in <module>
    from airflow.providers.standard.operators.bash import BashOperator
ModuleNotFoundError: No module named 'airflow.providers.standard'
[2026-03-19T00:01:38.782+0000] {processor.py:842} WARNING - No viable dags retrieved from /opt/airflow/dags/dbt.py
[2026-03-19T00:01:38.839+0000] {processor.py:183} INFO - Processing /opt/airflow/dags/dbt.py took 0.106 seconds
[2026-03-19T00:02:09.250+0000] {processor.py:161} INFO - Started process (PID=9468) to work on /opt/airflow/dags/dbt.py
[2026-03-19T00:02:09.256+0000] {processor.py:830} INFO - Processing file /opt/airflow/dags/dbt.py for tasks to queue
[2026-03-19T00:02:09.264+0000] {logging_mixin.py:188} INFO - [2026-03-19T00:02:09.263+0000] {dagbag.py:545} INFO - Filling up the DagBag from /opt/airflow/dags/dbt.py
[2026-03-19T00:02:09.277+0000] {logging_mixin.py:188} INFO - [2026-03-19T00:02:09.271+0000] {dagbag.py:355} ERROR - Failed to import: /opt/airflow/dags/dbt.py
Traceback (most recent call last):
  File "/home/airflow/.local/lib/python3.12/site-packages/airflow/models/dagbag.py", line 351, in parse
    loader.exec_module(new_module)
  File "<frozen importlib._bootstrap_external>", line 995, in exec_module
  File "<frozen importlib._bootstrap>", line 488, in _call_with_frames_removed
  File "/opt/airflow/dags/dbt.py", line 2, in <module>
    from airflow.providers.standard.operators.bash import BashOperator
ModuleNotFoundError: No module named 'airflow.providers.standard'
[2026-03-19T00:02:09.278+0000] {processor.py:842} WARNING - No viable dags retrieved from /opt/airflow/dags/dbt.py
[2026-03-19T00:02:09.308+0000] {processor.py:183} INFO - Processing /opt/airflow/dags/dbt.py took 0.078 seconds
[2026-03-19T00:02:39.768+0000] {processor.py:161} INFO - Started process (PID=9470) to work on /opt/airflow/dags/dbt.py
[2026-03-19T00:02:39.773+0000] {processor.py:830} INFO - Processing file /opt/airflow/dags/dbt.py for tasks to queue
[2026-03-19T00:02:39.779+0000] {logging_mixin.py:188} INFO - [2026-03-19T00:02:39.779+0000] {dagbag.py:545} INFO - Filling up the DagBag from /opt/airflow/dags/dbt.py
[2026-03-19T00:02:39.792+0000] {logging_mixin.py:188} INFO - [2026-03-19T00:02:39.789+0000] {dagbag.py:355} ERROR - Failed to import: /opt/airflow/dags/dbt.py
Traceback (most recent call last):
  File "/home/airflow/.local/lib/python3.12/site-packages/airflow/models/dagbag.py", line 351, in parse
    loader.exec_module(new_module)
  File "<frozen importlib._bootstrap_external>", line 995, in exec_module
  File "<frozen importlib._bootstrap>", line 488, in _call_with_frames_removed
  File "/opt/airflow/dags/dbt.py", line 2, in <module>
    from airflow.providers.standard.operators.bash import BashOperator
ModuleNotFoundError: No module named 'airflow.providers.standard'
[2026-03-19T00:02:39.793+0000] {processor.py:842} WARNING - No viable dags retrieved from /opt/airflow/dags/dbt.py
[2026-03-19T00:02:39.839+0000] {processor.py:183} INFO - Processing /opt/airflow/dags/dbt.py took 0.092 seconds
[2026-03-19T00:03:10.295+0000] {processor.py:161} INFO - Started process (PID=9472) to work on /opt/airflow/dags/dbt.py
[2026-03-19T00:03:10.296+0000] {processor.py:830} INFO - Processing file /opt/airflow/dags/dbt.py for tasks to queue
[2026-03-19T00:03:10.302+0000] {logging_mixin.py:188} INFO - [2026-03-19T00:03:10.301+0000] {dagbag.py:545} INFO - Filling up the DagBag from /opt/airflow/dags/dbt.py
[2026-03-19T00:03:10.311+0000] {logging_mixin.py:188} INFO - [2026-03-19T00:03:10.307+0000] {dagbag.py:355} ERROR - Failed to import: /opt/airflow/dags/dbt.py
Traceback (most recent call last):
  File "/home/airflow/.local/lib/python3.12/site-packages/airflow/models/dagbag.py", line 351, in parse
    loader.exec_module(new_module)
  File "<frozen importlib._bootstrap_external>", line 995, in exec_module
  File "<frozen importlib._bootstrap>", line 488, in _call_with_frames_removed
  File "/opt/airflow/dags/dbt.py", line 2, in <module>
    from airflow.providers.standard.operators.bash import BashOperator
ModuleNotFoundError: No module named 'airflow.providers.standard'
[2026-03-19T00:03:10.311+0000] {processor.py:842} WARNING - No viable dags retrieved from /opt/airflow/dags/dbt.py
[2026-03-19T00:03:10.340+0000] {processor.py:183} INFO - Processing /opt/airflow/dags/dbt.py took 0.073 seconds
[2026-03-19T00:03:40.780+0000] {processor.py:161} INFO - Started process (PID=9474) to work on /opt/airflow/dags/dbt.py
[2026-03-19T00:03:40.782+0000] {processor.py:830} INFO - Processing file /opt/airflow/dags/dbt.py for tasks to queue
[2026-03-19T00:03:40.788+0000] {logging_mixin.py:188} INFO - [2026-03-19T00:03:40.786+0000] {dagbag.py:545} INFO - Filling up the DagBag from /opt/airflow/dags/dbt.py
[2026-03-19T00:03:40.797+0000] {logging_mixin.py:188} INFO - [2026-03-19T00:03:40.796+0000] {dagbag.py:355} ERROR - Failed to import: /opt/airflow/dags/dbt.py
Traceback (most recent call last):
  File "/home/airflow/.local/lib/python3.12/site-packages/airflow/models/dagbag.py", line 351, in parse
    loader.exec_module(new_module)
  File "<frozen importlib._bootstrap_external>", line 995, in exec_module
  File "<frozen importlib._bootstrap>", line 488, in _call_with_frames_removed
  File "/opt/airflow/dags/dbt.py", line 2, in <module>
    from airflow.providers.standard.operators.bash import BashOperator
ModuleNotFoundError: No module named 'airflow.providers.standard'
[2026-03-19T00:03:40.798+0000] {processor.py:842} WARNING - No viable dags retrieved from /opt/airflow/dags/dbt.py
[2026-03-19T00:03:40.848+0000] {processor.py:183} INFO - Processing /opt/airflow/dags/dbt.py took 0.095 seconds
[2026-03-19T00:04:11.342+0000] {processor.py:161} INFO - Started process (PID=9476) to work on /opt/airflow/dags/dbt.py
[2026-03-19T00:04:11.348+0000] {processor.py:830} INFO - Processing file /opt/airflow/dags/dbt.py for tasks to queue
[2026-03-19T00:04:11.355+0000] {logging_mixin.py:188} INFO - [2026-03-19T00:04:11.355+0000] {dagbag.py:545} INFO - Filling up the DagBag from /opt/airflow/dags/dbt.py
[2026-03-19T00:04:11.369+0000] {logging_mixin.py:188} INFO - [2026-03-19T00:04:11.363+0000] {dagbag.py:355} ERROR - Failed to import: /opt/airflow/dags/dbt.py
Traceback (most recent call last):
  File "/home/airflow/.local/lib/python3.12/site-packages/airflow/models/dagbag.py", line 351, in parse
    loader.exec_module(new_module)
  File "<frozen importlib._bootstrap_external>", line 995, in exec_module
  File "<frozen importlib._bootstrap>", line 488, in _call_with_frames_removed
  File "/opt/airflow/dags/dbt.py", line 2, in <module>
    from airflow.providers.standard.operators.bash import BashOperator
ModuleNotFoundError: No module named 'airflow.providers.standard'
[2026-03-19T00:04:11.372+0000] {processor.py:842} WARNING - No viable dags retrieved from /opt/airflow/dags/dbt.py
[2026-03-19T00:04:11.417+0000] {processor.py:183} INFO - Processing /opt/airflow/dags/dbt.py took 0.091 seconds
[2026-03-19T00:04:41.541+0000] {processor.py:161} INFO - Started process (PID=9478) to work on /opt/airflow/dags/dbt.py
[2026-03-19T00:04:41.548+0000] {processor.py:830} INFO - Processing file /opt/airflow/dags/dbt.py for tasks to queue
[2026-03-19T00:04:41.556+0000] {logging_mixin.py:188} INFO - [2026-03-19T00:04:41.555+0000] {dagbag.py:545} INFO - Filling up the DagBag from /opt/airflow/dags/dbt.py
[2026-03-19T00:04:41.567+0000] {logging_mixin.py:188} INFO - [2026-03-19T00:04:41.565+0000] {dagbag.py:355} ERROR - Failed to import: /opt/airflow/dags/dbt.py
Traceback (most recent call last):
  File "/home/airflow/.local/lib/python3.12/site-packages/airflow/models/dagbag.py", line 351, in parse
    loader.exec_module(new_module)
  File "<frozen importlib._bootstrap_external>", line 995, in exec_module
  File "<frozen importlib._bootstrap>", line 488, in _call_with_frames_removed
  File "/opt/airflow/dags/dbt.py", line 2, in <module>
    from airflow.providers.standard.operators.bash import BashOperator
ModuleNotFoundError: No module named 'airflow.providers.standard'
[2026-03-19T00:04:41.568+0000] {processor.py:842} WARNING - No viable dags retrieved from /opt/airflow/dags/dbt.py
[2026-03-19T00:04:41.620+0000] {processor.py:183} INFO - Processing /opt/airflow/dags/dbt.py took 0.103 seconds
[2026-03-19T00:05:12.175+0000] {processor.py:161} INFO - Started process (PID=9480) to work on /opt/airflow/dags/dbt.py
[2026-03-19T00:05:12.178+0000] {processor.py:830} INFO - Processing file /opt/airflow/dags/dbt.py for tasks to queue
[2026-03-19T00:05:12.188+0000] {logging_mixin.py:188} INFO - [2026-03-19T00:05:12.187+0000] {dagbag.py:545} INFO - Filling up the DagBag from /opt/airflow/dags/dbt.py
[2026-03-19T00:05:12.198+0000] {logging_mixin.py:188} INFO - [2026-03-19T00:05:12.196+0000] {dagbag.py:355} ERROR - Failed to import: /opt/airflow/dags/dbt.py
Traceback (most recent call last):
  File "/home/airflow/.local/lib/python3.12/site-packages/airflow/models/dagbag.py", line 351, in parse
    loader.exec_module(new_module)
  File "<frozen importlib._bootstrap_external>", line 995, in exec_module
  File "<frozen importlib._bootstrap>", line 488, in _call_with_frames_removed
  File "/opt/airflow/dags/dbt.py", line 2, in <module>
    from airflow.providers.standard.operators.bash import BashOperator
ModuleNotFoundError: No module named 'airflow.providers.standard'
[2026-03-19T00:05:12.200+0000] {processor.py:842} WARNING - No viable dags retrieved from /opt/airflow/dags/dbt.py
[2026-03-19T00:05:12.237+0000] {processor.py:183} INFO - Processing /opt/airflow/dags/dbt.py took 0.083 seconds
[2026-03-19T00:05:42.754+0000] {processor.py:161} INFO - Started process (PID=9482) to work on /opt/airflow/dags/dbt.py
[2026-03-19T00:05:42.756+0000] {processor.py:830} INFO - Processing file /opt/airflow/dags/dbt.py for tasks to queue
[2026-03-19T00:05:42.762+0000] {logging_mixin.py:188} INFO - [2026-03-19T00:05:42.761+0000] {dagbag.py:545} INFO - Filling up the DagBag from /opt/airflow/dags/dbt.py
[2026-03-19T00:05:42.777+0000] {logging_mixin.py:188} INFO - [2026-03-19T00:05:42.774+0000] {dagbag.py:355} ERROR - Failed to import: /opt/airflow/dags/dbt.py
Traceback (most recent call last):
  File "/home/airflow/.local/lib/python3.12/site-packages/airflow/models/dagbag.py", line 351, in parse
    loader.exec_module(new_module)
  File "<frozen importlib._bootstrap_external>", line 995, in exec_module
  File "<frozen importlib._bootstrap>", line 488, in _call_with_frames_removed
  File "/opt/airflow/dags/dbt.py", line 2, in <module>
    from airflow.providers.standard.operators.bash import BashOperator
ModuleNotFoundError: No module named 'airflow.providers.standard'
[2026-03-19T00:05:42.779+0000] {processor.py:842} WARNING - No viable dags retrieved from /opt/airflow/dags/dbt.py
[2026-03-19T00:05:42.814+0000] {processor.py:183} INFO - Processing /opt/airflow/dags/dbt.py took 0.082 seconds
[2026-03-19T00:06:13.313+0000] {processor.py:161} INFO - Started process (PID=9484) to work on /opt/airflow/dags/dbt.py
[2026-03-19T00:06:13.316+0000] {processor.py:830} INFO - Processing file /opt/airflow/dags/dbt.py for tasks to queue
[2026-03-19T00:06:13.322+0000] {logging_mixin.py:188} INFO - [2026-03-19T00:06:13.321+0000] {dagbag.py:545} INFO - Filling up the DagBag from /opt/airflow/dags/dbt.py
[2026-03-19T00:06:13.336+0000] {logging_mixin.py:188} INFO - [2026-03-19T00:06:13.334+0000] {dagbag.py:355} ERROR - Failed to import: /opt/airflow/dags/dbt.py
Traceback (most recent call last):
  File "/home/airflow/.local/lib/python3.12/site-packages/airflow/models/dagbag.py", line 351, in parse
    loader.exec_module(new_module)
  File "<frozen importlib._bootstrap_external>", line 995, in exec_module
  File "<frozen importlib._bootstrap>", line 488, in _call_with_frames_removed
  File "/opt/airflow/dags/dbt.py", line 2, in <module>
    from airflow.providers.standard.operators.bash import BashOperator
ModuleNotFoundError: No module named 'airflow.providers.standard'
[2026-03-19T00:06:13.336+0000] {processor.py:842} WARNING - No viable dags retrieved from /opt/airflow/dags/dbt.py
[2026-03-19T00:06:13.372+0000] {processor.py:183} INFO - Processing /opt/airflow/dags/dbt.py took 0.079 seconds
[2026-03-19T00:06:43.909+0000] {processor.py:161} INFO - Started process (PID=9486) to work on /opt/airflow/dags/dbt.py
[2026-03-19T00:06:43.911+0000] {processor.py:830} INFO - Processing file /opt/airflow/dags/dbt.py for tasks to queue
[2026-03-19T00:06:43.919+0000] {logging_mixin.py:188} INFO - [2026-03-19T00:06:43.918+0000] {dagbag.py:545} INFO - Filling up the DagBag from /opt/airflow/dags/dbt.py
[2026-03-19T00:06:43.928+0000] {logging_mixin.py:188} INFO - [2026-03-19T00:06:43.924+0000] {dagbag.py:355} ERROR - Failed to import: /opt/airflow/dags/dbt.py
Traceback (most recent call last):
  File "/home/airflow/.local/lib/python3.12/site-packages/airflow/models/dagbag.py", line 351, in parse
    loader.exec_module(new_module)
  File "<frozen importlib._bootstrap_external>", line 995, in exec_module
  File "<frozen importlib._bootstrap>", line 488, in _call_with_frames_removed
  File "/opt/airflow/dags/dbt.py", line 2, in <module>
    from airflow.providers.standard.operators.bash import BashOperator
ModuleNotFoundError: No module named 'airflow.providers.standard'
[2026-03-19T00:06:43.928+0000] {processor.py:842} WARNING - No viable dags retrieved from /opt/airflow/dags/dbt.py
[2026-03-19T00:06:43.975+0000] {processor.py:183} INFO - Processing /opt/airflow/dags/dbt.py took 0.089 seconds
[2026-03-19T00:07:14.509+0000] {processor.py:161} INFO - Started process (PID=9488) to work on /opt/airflow/dags/dbt.py
[2026-03-19T00:07:14.511+0000] {processor.py:830} INFO - Processing file /opt/airflow/dags/dbt.py for tasks to queue
[2026-03-19T00:07:14.521+0000] {logging_mixin.py:188} INFO - [2026-03-19T00:07:14.520+0000] {dagbag.py:545} INFO - Filling up the DagBag from /opt/airflow/dags/dbt.py
[2026-03-19T00:07:14.535+0000] {logging_mixin.py:188} INFO - [2026-03-19T00:07:14.529+0000] {dagbag.py:355} ERROR - Failed to import: /opt/airflow/dags/dbt.py
Traceback (most recent call last):
  File "/home/airflow/.local/lib/python3.12/site-packages/airflow/models/dagbag.py", line 351, in parse
    loader.exec_module(new_module)
  File "<frozen importlib._bootstrap_external>", line 995, in exec_module
  File "<frozen importlib._bootstrap>", line 488, in _call_with_frames_removed
  File "/opt/airflow/dags/dbt.py", line 2, in <module>
    from airflow.providers.standard.operators.bash import BashOperator
ModuleNotFoundError: No module named 'airflow.providers.standard'
[2026-03-19T00:07:14.536+0000] {processor.py:842} WARNING - No viable dags retrieved from /opt/airflow/dags/dbt.py
[2026-03-19T00:07:14.571+0000] {processor.py:183} INFO - Processing /opt/airflow/dags/dbt.py took 0.094 seconds
[2026-03-19T00:07:45.066+0000] {processor.py:161} INFO - Started process (PID=9490) to work on /opt/airflow/dags/dbt.py
[2026-03-19T00:07:45.069+0000] {processor.py:830} INFO - Processing file /opt/airflow/dags/dbt.py for tasks to queue
[2026-03-19T00:07:45.078+0000] {logging_mixin.py:188} INFO - [2026-03-19T00:07:45.077+0000] {dagbag.py:545} INFO - Filling up the DagBag from /opt/airflow/dags/dbt.py
[2026-03-19T00:07:45.092+0000] {logging_mixin.py:188} INFO - [2026-03-19T00:07:45.087+0000] {dagbag.py:355} ERROR - Failed to import: /opt/airflow/dags/dbt.py
Traceback (most recent call last):
  File "/home/airflow/.local/lib/python3.12/site-packages/airflow/models/dagbag.py", line 351, in parse
    loader.exec_module(new_module)
  File "<frozen importlib._bootstrap_external>", line 995, in exec_module
  File "<frozen importlib._bootstrap>", line 488, in _call_with_frames_removed
  File "/opt/airflow/dags/dbt.py", line 2, in <module>
    from airflow.providers.standard.operators.bash import BashOperator
ModuleNotFoundError: No module named 'airflow.providers.standard'
[2026-03-19T00:07:45.095+0000] {processor.py:842} WARNING - No viable dags retrieved from /opt/airflow/dags/dbt.py
[2026-03-19T00:07:45.138+0000] {processor.py:183} INFO - Processing /opt/airflow/dags/dbt.py took 0.097 seconds
[2026-03-19T00:08:15.704+0000] {processor.py:161} INFO - Started process (PID=9492) to work on /opt/airflow/dags/dbt.py
[2026-03-19T00:08:15.707+0000] {processor.py:830} INFO - Processing file /opt/airflow/dags/dbt.py for tasks to queue
[2026-03-19T00:08:15.747+0000] {logging_mixin.py:188} INFO - [2026-03-19T00:08:15.735+0000] {dagbag.py:545} INFO - Filling up the DagBag from /opt/airflow/dags/dbt.py
[2026-03-19T00:08:15.884+0000] {logging_mixin.py:188} INFO - [2026-03-19T00:08:15.862+0000] {dagbag.py:355} ERROR - Failed to import: /opt/airflow/dags/dbt.py
Traceback (most recent call last):
  File "/home/airflow/.local/lib/python3.12/site-packages/airflow/models/dagbag.py", line 351, in parse
    loader.exec_module(new_module)
  File "<frozen importlib._bootstrap_external>", line 995, in exec_module
  File "<frozen importlib._bootstrap>", line 488, in _call_with_frames_removed
  File "/opt/airflow/dags/dbt.py", line 2, in <module>
    from airflow.providers.standard.operators.bash import BashOperator
ModuleNotFoundError: No module named 'airflow.providers.standard'
[2026-03-19T00:08:15.907+0000] {processor.py:842} WARNING - No viable dags retrieved from /opt/airflow/dags/dbt.py
[2026-03-19T00:08:16.008+0000] {processor.py:183} INFO - Processing /opt/airflow/dags/dbt.py took 0.343 seconds
[2026-03-19T00:08:46.463+0000] {processor.py:161} INFO - Started process (PID=9494) to work on /opt/airflow/dags/dbt.py
[2026-03-19T00:08:46.466+0000] {processor.py:830} INFO - Processing file /opt/airflow/dags/dbt.py for tasks to queue
[2026-03-19T00:08:46.475+0000] {logging_mixin.py:188} INFO - [2026-03-19T00:08:46.474+0000] {dagbag.py:545} INFO - Filling up the DagBag from /opt/airflow/dags/dbt.py
[2026-03-19T00:08:46.499+0000] {logging_mixin.py:188} INFO - [2026-03-19T00:08:46.492+0000] {dagbag.py:355} ERROR - Failed to import: /opt/airflow/dags/dbt.py
Traceback (most recent call last):
  File "/home/airflow/.local/lib/python3.12/site-packages/airflow/models/dagbag.py", line 351, in parse
    loader.exec_module(new_module)
  File "<frozen importlib._bootstrap_external>", line 995, in exec_module
  File "<frozen importlib._bootstrap>", line 488, in _call_with_frames_removed
  File "/opt/airflow/dags/dbt.py", line 2, in <module>
    from airflow.providers.standard.operators.bash import BashOperator
ModuleNotFoundError: No module named 'airflow.providers.standard'
[2026-03-19T00:08:46.500+0000] {processor.py:842} WARNING - No viable dags retrieved from /opt/airflow/dags/dbt.py
[2026-03-19T00:08:46.545+0000] {processor.py:183} INFO - Processing /opt/airflow/dags/dbt.py took 0.100 seconds
[2026-03-19T00:09:17.038+0000] {processor.py:161} INFO - Started process (PID=9496) to work on /opt/airflow/dags/dbt.py
[2026-03-19T00:09:17.040+0000] {processor.py:830} INFO - Processing file /opt/airflow/dags/dbt.py for tasks to queue
[2026-03-19T00:09:17.046+0000] {logging_mixin.py:188} INFO - [2026-03-19T00:09:17.045+0000] {dagbag.py:545} INFO - Filling up the DagBag from /opt/airflow/dags/dbt.py
[2026-03-19T00:09:17.052+0000] {logging_mixin.py:188} INFO - [2026-03-19T00:09:17.051+0000] {dagbag.py:355} ERROR - Failed to import: /opt/airflow/dags/dbt.py
Traceback (most recent call last):
  File "/home/airflow/.local/lib/python3.12/site-packages/airflow/models/dagbag.py", line 351, in parse
    loader.exec_module(new_module)
  File "<frozen importlib._bootstrap_external>", line 995, in exec_module
  File "<frozen importlib._bootstrap>", line 488, in _call_with_frames_removed
  File "/opt/airflow/dags/dbt.py", line 2, in <module>
    from airflow.providers.standard.operators.bash import BashOperator
ModuleNotFoundError: No module named 'airflow.providers.standard'
[2026-03-19T00:09:17.052+0000] {processor.py:842} WARNING - No viable dags retrieved from /opt/airflow/dags/dbt.py
[2026-03-19T00:09:17.092+0000] {processor.py:183} INFO - Processing /opt/airflow/dags/dbt.py took 0.069 seconds
[2026-03-19T00:09:47.792+0000] {processor.py:161} INFO - Started process (PID=9498) to work on /opt/airflow/dags/dbt.py
[2026-03-19T00:09:47.797+0000] {processor.py:830} INFO - Processing file /opt/airflow/dags/dbt.py for tasks to queue
[2026-03-19T00:09:47.803+0000] {logging_mixin.py:188} INFO - [2026-03-19T00:09:47.803+0000] {dagbag.py:545} INFO - Filling up the DagBag from /opt/airflow/dags/dbt.py
[2026-03-19T00:09:47.813+0000] {logging_mixin.py:188} INFO - [2026-03-19T00:09:47.810+0000] {dagbag.py:355} ERROR - Failed to import: /opt/airflow/dags/dbt.py
Traceback (most recent call last):
  File "/home/airflow/.local/lib/python3.12/site-packages/airflow/models/dagbag.py", line 351, in parse
    loader.exec_module(new_module)
  File "<frozen importlib._bootstrap_external>", line 995, in exec_module
  File "<frozen importlib._bootstrap>", line 488, in _call_with_frames_removed
  File "/opt/airflow/dags/dbt.py", line 2, in <module>
    from airflow.providers.standard.operators.bash import BashOperator
ModuleNotFoundError: No module named 'airflow.providers.standard'
[2026-03-19T00:09:47.814+0000] {processor.py:842} WARNING - No viable dags retrieved from /opt/airflow/dags/dbt.py
[2026-03-19T00:09:47.858+0000] {processor.py:183} INFO - Processing /opt/airflow/dags/dbt.py took 0.082 seconds
[2026-03-19T00:10:18.446+0000] {processor.py:161} INFO - Started process (PID=9500) to work on /opt/airflow/dags/dbt.py
[2026-03-19T00:10:18.449+0000] {processor.py:830} INFO - Processing file /opt/airflow/dags/dbt.py for tasks to queue
[2026-03-19T00:10:18.455+0000] {logging_mixin.py:188} INFO - [2026-03-19T00:10:18.454+0000] {dagbag.py:545} INFO - Filling up the DagBag from /opt/airflow/dags/dbt.py
[2026-03-19T00:10:18.467+0000] {logging_mixin.py:188} INFO - [2026-03-19T00:10:18.464+0000] {dagbag.py:355} ERROR - Failed to import: /opt/airflow/dags/dbt.py
Traceback (most recent call last):
  File "/home/airflow/.local/lib/python3.12/site-packages/airflow/models/dagbag.py", line 351, in parse
    loader.exec_module(new_module)
  File "<frozen importlib._bootstrap_external>", line 995, in exec_module
  File "<frozen importlib._bootstrap>", line 488, in _call_with_frames_removed
  File "/opt/airflow/dags/dbt.py", line 2, in <module>
    from airflow.providers.standard.operators.bash import BashOperator
ModuleNotFoundError: No module named 'airflow.providers.standard'
[2026-03-19T00:10:18.468+0000] {processor.py:842} WARNING - No viable dags retrieved from /opt/airflow/dags/dbt.py
[2026-03-19T00:10:18.515+0000] {processor.py:183} INFO - Processing /opt/airflow/dags/dbt.py took 0.092 seconds
[2026-03-19T00:10:49.058+0000] {processor.py:161} INFO - Started process (PID=9502) to work on /opt/airflow/dags/dbt.py
[2026-03-19T00:10:49.060+0000] {processor.py:830} INFO - Processing file /opt/airflow/dags/dbt.py for tasks to queue
[2026-03-19T00:10:49.069+0000] {logging_mixin.py:188} INFO - [2026-03-19T00:10:49.068+0000] {dagbag.py:545} INFO - Filling up the DagBag from /opt/airflow/dags/dbt.py
[2026-03-19T00:10:49.077+0000] {logging_mixin.py:188} INFO - [2026-03-19T00:10:49.074+0000] {dagbag.py:355} ERROR - Failed to import: /opt/airflow/dags/dbt.py
Traceback (most recent call last):
  File "/home/airflow/.local/lib/python3.12/site-packages/airflow/models/dagbag.py", line 351, in parse
    loader.exec_module(new_module)
  File "<frozen importlib._bootstrap_external>", line 995, in exec_module
  File "<frozen importlib._bootstrap>", line 488, in _call_with_frames_removed
  File "/opt/airflow/dags/dbt.py", line 2, in <module>
    from airflow.providers.standard.operators.bash import BashOperator
ModuleNotFoundError: No module named 'airflow.providers.standard'
[2026-03-19T00:10:49.077+0000] {processor.py:842} WARNING - No viable dags retrieved from /opt/airflow/dags/dbt.py
[2026-03-19T00:10:49.119+0000] {processor.py:183} INFO - Processing /opt/airflow/dags/dbt.py took 0.081 seconds
[2026-03-19T00:11:19.771+0000] {processor.py:161} INFO - Started process (PID=9504) to work on /opt/airflow/dags/dbt.py
[2026-03-19T00:11:19.772+0000] {processor.py:830} INFO - Processing file /opt/airflow/dags/dbt.py for tasks to queue
[2026-03-19T00:11:19.777+0000] {logging_mixin.py:188} INFO - [2026-03-19T00:11:19.776+0000] {dagbag.py:545} INFO - Filling up the DagBag from /opt/airflow/dags/dbt.py
[2026-03-19T00:11:19.794+0000] {logging_mixin.py:188} INFO - [2026-03-19T00:11:19.789+0000] {dagbag.py:355} ERROR - Failed to import: /opt/airflow/dags/dbt.py
Traceback (most recent call last):
  File "/home/airflow/.local/lib/python3.12/site-packages/airflow/models/dagbag.py", line 351, in parse
    loader.exec_module(new_module)
  File "<frozen importlib._bootstrap_external>", line 995, in exec_module
  File "<frozen importlib._bootstrap>", line 488, in _call_with_frames_removed
  File "/opt/airflow/dags/dbt.py", line 2, in <module>
    from airflow.providers.standard.operators.bash import BashOperator
ModuleNotFoundError: No module named 'airflow.providers.standard'
[2026-03-19T00:11:19.795+0000] {processor.py:842} WARNING - No viable dags retrieved from /opt/airflow/dags/dbt.py
[2026-03-19T00:11:19.844+0000] {processor.py:183} INFO - Processing /opt/airflow/dags/dbt.py took 0.106 seconds
[2026-03-19T00:11:50.409+0000] {processor.py:161} INFO - Started process (PID=9506) to work on /opt/airflow/dags/dbt.py
[2026-03-19T00:11:50.412+0000] {processor.py:830} INFO - Processing file /opt/airflow/dags/dbt.py for tasks to queue
[2026-03-19T00:11:50.424+0000] {logging_mixin.py:188} INFO - [2026-03-19T00:11:50.422+0000] {dagbag.py:545} INFO - Filling up the DagBag from /opt/airflow/dags/dbt.py
[2026-03-19T00:11:50.438+0000] {logging_mixin.py:188} INFO - [2026-03-19T00:11:50.431+0000] {dagbag.py:355} ERROR - Failed to import: /opt/airflow/dags/dbt.py
Traceback (most recent call last):
  File "/home/airflow/.local/lib/python3.12/site-packages/airflow/models/dagbag.py", line 351, in parse
    loader.exec_module(new_module)
  File "<frozen importlib._bootstrap_external>", line 995, in exec_module
  File "<frozen importlib._bootstrap>", line 488, in _call_with_frames_removed
  File "/opt/airflow/dags/dbt.py", line 2, in <module>
    from airflow.providers.standard.operators.bash import BashOperator
ModuleNotFoundError: No module named 'airflow.providers.standard'
[2026-03-19T00:11:50.439+0000] {processor.py:842} WARNING - No viable dags retrieved from /opt/airflow/dags/dbt.py
[2026-03-19T00:11:50.489+0000] {processor.py:183} INFO - Processing /opt/airflow/dags/dbt.py took 0.112 seconds
[2026-03-19T00:12:21.032+0000] {processor.py:161} INFO - Started process (PID=9508) to work on /opt/airflow/dags/dbt.py
[2026-03-19T00:12:21.034+0000] {processor.py:830} INFO - Processing file /opt/airflow/dags/dbt.py for tasks to queue
[2026-03-19T00:12:21.041+0000] {logging_mixin.py:188} INFO - [2026-03-19T00:12:21.041+0000] {dagbag.py:545} INFO - Filling up the DagBag from /opt/airflow/dags/dbt.py
[2026-03-19T00:12:21.049+0000] {logging_mixin.py:188} INFO - [2026-03-19T00:12:21.047+0000] {dagbag.py:355} ERROR - Failed to import: /opt/airflow/dags/dbt.py
Traceback (most recent call last):
  File "/home/airflow/.local/lib/python3.12/site-packages/airflow/models/dagbag.py", line 351, in parse
    loader.exec_module(new_module)
  File "<frozen importlib._bootstrap_external>", line 995, in exec_module
  File "<frozen importlib._bootstrap>", line 488, in _call_with_frames_removed
  File "/opt/airflow/dags/dbt.py", line 2, in <module>
    from airflow.providers.standard.operators.bash import BashOperator
ModuleNotFoundError: No module named 'airflow.providers.standard'
[2026-03-19T00:12:21.049+0000] {processor.py:842} WARNING - No viable dags retrieved from /opt/airflow/dags/dbt.py
[2026-03-19T00:12:21.096+0000] {processor.py:183} INFO - Processing /opt/airflow/dags/dbt.py took 0.087 seconds
[2026-03-19T00:12:51.652+0000] {processor.py:161} INFO - Started process (PID=9510) to work on /opt/airflow/dags/dbt.py
[2026-03-19T00:12:51.655+0000] {processor.py:830} INFO - Processing file /opt/airflow/dags/dbt.py for tasks to queue
[2026-03-19T00:12:51.663+0000] {logging_mixin.py:188} INFO - [2026-03-19T00:12:51.663+0000] {dagbag.py:545} INFO - Filling up the DagBag from /opt/airflow/dags/dbt.py
[2026-03-19T00:12:51.673+0000] {logging_mixin.py:188} INFO - [2026-03-19T00:12:51.671+0000] {dagbag.py:355} ERROR - Failed to import: /opt/airflow/dags/dbt.py
Traceback (most recent call last):
  File "/home/airflow/.local/lib/python3.12/site-packages/airflow/models/dagbag.py", line 351, in parse
    loader.exec_module(new_module)
  File "<frozen importlib._bootstrap_external>", line 995, in exec_module
  File "<frozen importlib._bootstrap>", line 488, in _call_with_frames_removed
  File "/opt/airflow/dags/dbt.py", line 2, in <module>
    from airflow.providers.standard.operators.bash import BashOperator
ModuleNotFoundError: No module named 'airflow.providers.standard'
[2026-03-19T00:12:51.674+0000] {processor.py:842} WARNING - No viable dags retrieved from /opt/airflow/dags/dbt.py
[2026-03-19T00:12:51.705+0000] {processor.py:183} INFO - Processing /opt/airflow/dags/dbt.py took 0.074 seconds
[2026-03-19T00:13:22.229+0000] {processor.py:161} INFO - Started process (PID=9512) to work on /opt/airflow/dags/dbt.py
[2026-03-19T00:13:22.230+0000] {processor.py:830} INFO - Processing file /opt/airflow/dags/dbt.py for tasks to queue
[2026-03-19T00:13:22.240+0000] {logging_mixin.py:188} INFO - [2026-03-19T00:13:22.240+0000] {dagbag.py:545} INFO - Filling up the DagBag from /opt/airflow/dags/dbt.py
[2026-03-19T00:13:22.250+0000] {logging_mixin.py:188} INFO - [2026-03-19T00:13:22.246+0000] {dagbag.py:355} ERROR - Failed to import: /opt/airflow/dags/dbt.py
Traceback (most recent call last):
  File "/home/airflow/.local/lib/python3.12/site-packages/airflow/models/dagbag.py", line 351, in parse
    loader.exec_module(new_module)
  File "<frozen importlib._bootstrap_external>", line 995, in exec_module
  File "<frozen importlib._bootstrap>", line 488, in _call_with_frames_removed
  File "/opt/airflow/dags/dbt.py", line 2, in <module>
    from airflow.providers.standard.operators.bash import BashOperator
ModuleNotFoundError: No module named 'airflow.providers.standard'
[2026-03-19T00:13:22.251+0000] {processor.py:842} WARNING - No viable dags retrieved from /opt/airflow/dags/dbt.py
[2026-03-19T00:13:22.291+0000] {processor.py:183} INFO - Processing /opt/airflow/dags/dbt.py took 0.090 seconds
[2026-03-19T00:13:52.839+0000] {processor.py:161} INFO - Started process (PID=9514) to work on /opt/airflow/dags/dbt.py
[2026-03-19T00:13:52.841+0000] {processor.py:830} INFO - Processing file /opt/airflow/dags/dbt.py for tasks to queue
[2026-03-19T00:13:52.850+0000] {logging_mixin.py:188} INFO - [2026-03-19T00:13:52.849+0000] {dagbag.py:545} INFO - Filling up the DagBag from /opt/airflow/dags/dbt.py
[2026-03-19T00:13:52.856+0000] {logging_mixin.py:188} INFO - [2026-03-19T00:13:52.854+0000] {dagbag.py:355} ERROR - Failed to import: /opt/airflow/dags/dbt.py
Traceback (most recent call last):
  File "/home/airflow/.local/lib/python3.12/site-packages/airflow/models/dagbag.py", line 351, in parse
    loader.exec_module(new_module)
  File "<frozen importlib._bootstrap_external>", line 995, in exec_module
  File "<frozen importlib._bootstrap>", line 488, in _call_with_frames_removed
  File "/opt/airflow/dags/dbt.py", line 2, in <module>
    from airflow.providers.standard.operators.bash import BashOperator
ModuleNotFoundError: No module named 'airflow.providers.standard'
[2026-03-19T00:13:52.858+0000] {processor.py:842} WARNING - No viable dags retrieved from /opt/airflow/dags/dbt.py
[2026-03-19T00:13:52.889+0000] {processor.py:183} INFO - Processing /opt/airflow/dags/dbt.py took 0.063 seconds
[2026-03-19T00:14:23.399+0000] {processor.py:161} INFO - Started process (PID=9516) to work on /opt/airflow/dags/dbt.py
[2026-03-19T00:14:23.402+0000] {processor.py:830} INFO - Processing file /opt/airflow/dags/dbt.py for tasks to queue
[2026-03-19T00:14:23.412+0000] {logging_mixin.py:188} INFO - [2026-03-19T00:14:23.411+0000] {dagbag.py:545} INFO - Filling up the DagBag from /opt/airflow/dags/dbt.py
[2026-03-19T00:14:23.422+0000] {logging_mixin.py:188} INFO - [2026-03-19T00:14:23.420+0000] {dagbag.py:355} ERROR - Failed to import: /opt/airflow/dags/dbt.py
Traceback (most recent call last):
  File "/home/airflow/.local/lib/python3.12/site-packages/airflow/models/dagbag.py", line 351, in parse
    loader.exec_module(new_module)
  File "<frozen importlib._bootstrap_external>", line 995, in exec_module
  File "<frozen importlib._bootstrap>", line 488, in _call_with_frames_removed
  File "/opt/airflow/dags/dbt.py", line 2, in <module>
    from airflow.providers.standard.operators.bash import BashOperator
ModuleNotFoundError: No module named 'airflow.providers.standard'
[2026-03-19T00:14:23.422+0000] {processor.py:842} WARNING - No viable dags retrieved from /opt/airflow/dags/dbt.py
[2026-03-19T00:14:23.466+0000] {processor.py:183} INFO - Processing /opt/airflow/dags/dbt.py took 0.079 seconds
[2026-03-19T00:14:54.057+0000] {processor.py:161} INFO - Started process (PID=9518) to work on /opt/airflow/dags/dbt.py
[2026-03-19T00:14:54.059+0000] {processor.py:830} INFO - Processing file /opt/airflow/dags/dbt.py for tasks to queue
[2026-03-19T00:14:54.067+0000] {logging_mixin.py:188} INFO - [2026-03-19T00:14:54.066+0000] {dagbag.py:545} INFO - Filling up the DagBag from /opt/airflow/dags/dbt.py
[2026-03-19T00:14:54.077+0000] {logging_mixin.py:188} INFO - [2026-03-19T00:14:54.076+0000] {dagbag.py:355} ERROR - Failed to import: /opt/airflow/dags/dbt.py
Traceback (most recent call last):
  File "/home/airflow/.local/lib/python3.12/site-packages/airflow/models/dagbag.py", line 351, in parse
    loader.exec_module(new_module)
  File "<frozen importlib._bootstrap_external>", line 995, in exec_module
  File "<frozen importlib._bootstrap>", line 488, in _call_with_frames_removed
  File "/opt/airflow/dags/dbt.py", line 2, in <module>
    from airflow.providers.standard.operators.bash import BashOperator
ModuleNotFoundError: No module named 'airflow.providers.standard'
[2026-03-19T00:14:54.077+0000] {processor.py:842} WARNING - No viable dags retrieved from /opt/airflow/dags/dbt.py
[2026-03-19T00:14:54.115+0000] {processor.py:183} INFO - Processing /opt/airflow/dags/dbt.py took 0.074 seconds
[2026-03-19T00:15:24.650+0000] {processor.py:161} INFO - Started process (PID=9520) to work on /opt/airflow/dags/dbt.py
[2026-03-19T00:15:24.653+0000] {processor.py:830} INFO - Processing file /opt/airflow/dags/dbt.py for tasks to queue
[2026-03-19T00:15:24.662+0000] {logging_mixin.py:188} INFO - [2026-03-19T00:15:24.661+0000] {dagbag.py:545} INFO - Filling up the DagBag from /opt/airflow/dags/dbt.py
[2026-03-19T00:15:24.675+0000] {logging_mixin.py:188} INFO - [2026-03-19T00:15:24.673+0000] {dagbag.py:355} ERROR - Failed to import: /opt/airflow/dags/dbt.py
Traceback (most recent call last):
  File "/home/airflow/.local/lib/python3.12/site-packages/airflow/models/dagbag.py", line 351, in parse
    loader.exec_module(new_module)
  File "<frozen importlib._bootstrap_external>", line 995, in exec_module
  File "<frozen importlib._bootstrap>", line 488, in _call_with_frames_removed
  File "/opt/airflow/dags/dbt.py", line 2, in <module>
    from airflow.providers.standard.operators.bash import BashOperator
ModuleNotFoundError: No module named 'airflow.providers.standard'
[2026-03-19T00:15:24.675+0000] {processor.py:842} WARNING - No viable dags retrieved from /opt/airflow/dags/dbt.py
[2026-03-19T00:15:24.718+0000] {processor.py:183} INFO - Processing /opt/airflow/dags/dbt.py took 0.106 seconds
[2026-03-19T00:15:55.427+0000] {processor.py:161} INFO - Started process (PID=9522) to work on /opt/airflow/dags/dbt.py
[2026-03-19T00:15:55.432+0000] {processor.py:830} INFO - Processing file /opt/airflow/dags/dbt.py for tasks to queue
[2026-03-19T00:15:55.436+0000] {logging_mixin.py:188} INFO - [2026-03-19T00:15:55.436+0000] {dagbag.py:545} INFO - Filling up the DagBag from /opt/airflow/dags/dbt.py
[2026-03-19T00:15:55.447+0000] {logging_mixin.py:188} INFO - [2026-03-19T00:15:55.444+0000] {dagbag.py:355} ERROR - Failed to import: /opt/airflow/dags/dbt.py
Traceback (most recent call last):
  File "/home/airflow/.local/lib/python3.12/site-packages/airflow/models/dagbag.py", line 351, in parse
    loader.exec_module(new_module)
  File "<frozen importlib._bootstrap_external>", line 995, in exec_module
  File "<frozen importlib._bootstrap>", line 488, in _call_with_frames_removed
  File "/opt/airflow/dags/dbt.py", line 2, in <module>
    from airflow.providers.standard.operators.bash import BashOperator
ModuleNotFoundError: No module named 'airflow.providers.standard'
[2026-03-19T00:15:55.447+0000] {processor.py:842} WARNING - No viable dags retrieved from /opt/airflow/dags/dbt.py
[2026-03-19T00:15:55.491+0000] {processor.py:183} INFO - Processing /opt/airflow/dags/dbt.py took 0.079 seconds
[2026-03-19T00:16:26.170+0000] {processor.py:161} INFO - Started process (PID=9524) to work on /opt/airflow/dags/dbt.py
[2026-03-19T00:16:26.172+0000] {processor.py:830} INFO - Processing file /opt/airflow/dags/dbt.py for tasks to queue
[2026-03-19T00:16:26.182+0000] {logging_mixin.py:188} INFO - [2026-03-19T00:16:26.179+0000] {dagbag.py:545} INFO - Filling up the DagBag from /opt/airflow/dags/dbt.py
[2026-03-19T00:16:26.188+0000] {logging_mixin.py:188} INFO - [2026-03-19T00:16:26.187+0000] {dagbag.py:355} ERROR - Failed to import: /opt/airflow/dags/dbt.py
Traceback (most recent call last):
  File "/home/airflow/.local/lib/python3.12/site-packages/airflow/models/dagbag.py", line 351, in parse
    loader.exec_module(new_module)
  File "<frozen importlib._bootstrap_external>", line 995, in exec_module
  File "<frozen importlib._bootstrap>", line 488, in _call_with_frames_removed
  File "/opt/airflow/dags/dbt.py", line 2, in <module>
    from airflow.providers.standard.operators.bash import BashOperator
ModuleNotFoundError: No module named 'airflow.providers.standard'
[2026-03-19T00:16:26.188+0000] {processor.py:842} WARNING - No viable dags retrieved from /opt/airflow/dags/dbt.py
[2026-03-19T00:16:26.227+0000] {processor.py:183} INFO - Processing /opt/airflow/dags/dbt.py took 0.078 seconds
[2026-03-19T00:16:56.764+0000] {processor.py:161} INFO - Started process (PID=9526) to work on /opt/airflow/dags/dbt.py
[2026-03-19T00:16:56.768+0000] {processor.py:830} INFO - Processing file /opt/airflow/dags/dbt.py for tasks to queue
[2026-03-19T00:16:56.773+0000] {logging_mixin.py:188} INFO - [2026-03-19T00:16:56.772+0000] {dagbag.py:545} INFO - Filling up the DagBag from /opt/airflow/dags/dbt.py
[2026-03-19T00:16:56.784+0000] {logging_mixin.py:188} INFO - [2026-03-19T00:16:56.783+0000] {dagbag.py:355} ERROR - Failed to import: /opt/airflow/dags/dbt.py
Traceback (most recent call last):
  File "/home/airflow/.local/lib/python3.12/site-packages/airflow/models/dagbag.py", line 351, in parse
    loader.exec_module(new_module)
  File "<frozen importlib._bootstrap_external>", line 995, in exec_module
  File "<frozen importlib._bootstrap>", line 488, in _call_with_frames_removed
  File "/opt/airflow/dags/dbt.py", line 2, in <module>
    from airflow.providers.standard.operators.bash import BashOperator
ModuleNotFoundError: No module named 'airflow.providers.standard'
[2026-03-19T00:16:56.784+0000] {processor.py:842} WARNING - No viable dags retrieved from /opt/airflow/dags/dbt.py
[2026-03-19T00:16:56.845+0000] {processor.py:183} INFO - Processing /opt/airflow/dags/dbt.py took 0.100 seconds
[2026-03-19T00:17:27.378+0000] {processor.py:161} INFO - Started process (PID=9528) to work on /opt/airflow/dags/dbt.py
[2026-03-19T00:17:27.382+0000] {processor.py:830} INFO - Processing file /opt/airflow/dags/dbt.py for tasks to queue
[2026-03-19T00:17:27.392+0000] {logging_mixin.py:188} INFO - [2026-03-19T00:17:27.390+0000] {dagbag.py:545} INFO - Filling up the DagBag from /opt/airflow/dags/dbt.py
[2026-03-19T00:17:27.405+0000] {logging_mixin.py:188} INFO - [2026-03-19T00:17:27.402+0000] {dagbag.py:355} ERROR - Failed to import: /opt/airflow/dags/dbt.py
Traceback (most recent call last):
  File "/home/airflow/.local/lib/python3.12/site-packages/airflow/models/dagbag.py", line 351, in parse
    loader.exec_module(new_module)
  File "<frozen importlib._bootstrap_external>", line 995, in exec_module
  File "<frozen importlib._bootstrap>", line 488, in _call_with_frames_removed
  File "/opt/airflow/dags/dbt.py", line 2, in <module>
    from airflow.providers.standard.operators.bash import BashOperator
ModuleNotFoundError: No module named 'airflow.providers.standard'
[2026-03-19T00:17:27.406+0000] {processor.py:842} WARNING - No viable dags retrieved from /opt/airflow/dags/dbt.py
[2026-03-19T00:17:27.440+0000] {processor.py:183} INFO - Processing /opt/airflow/dags/dbt.py took 0.094 seconds
[2026-03-19T00:17:58.197+0000] {processor.py:161} INFO - Started process (PID=9530) to work on /opt/airflow/dags/dbt.py
[2026-03-19T00:17:58.199+0000] {processor.py:830} INFO - Processing file /opt/airflow/dags/dbt.py for tasks to queue
[2026-03-19T00:17:58.206+0000] {logging_mixin.py:188} INFO - [2026-03-19T00:17:58.205+0000] {dagbag.py:545} INFO - Filling up the DagBag from /opt/airflow/dags/dbt.py
[2026-03-19T00:17:58.214+0000] {logging_mixin.py:188} INFO - [2026-03-19T00:17:58.213+0000] {dagbag.py:355} ERROR - Failed to import: /opt/airflow/dags/dbt.py
Traceback (most recent call last):
  File "/home/airflow/.local/lib/python3.12/site-packages/airflow/models/dagbag.py", line 351, in parse
    loader.exec_module(new_module)
  File "<frozen importlib._bootstrap_external>", line 995, in exec_module
  File "<frozen importlib._bootstrap>", line 488, in _call_with_frames_removed
  File "/opt/airflow/dags/dbt.py", line 2, in <module>
    from airflow.providers.standard.operators.bash import BashOperator
ModuleNotFoundError: No module named 'airflow.providers.standard'
[2026-03-19T00:17:58.216+0000] {processor.py:842} WARNING - No viable dags retrieved from /opt/airflow/dags/dbt.py
[2026-03-19T00:17:58.262+0000] {processor.py:183} INFO - Processing /opt/airflow/dags/dbt.py took 0.096 seconds
[2026-03-19T00:18:28.978+0000] {processor.py:161} INFO - Started process (PID=9532) to work on /opt/airflow/dags/dbt.py
[2026-03-19T00:18:28.980+0000] {processor.py:830} INFO - Processing file /opt/airflow/dags/dbt.py for tasks to queue
[2026-03-19T00:18:28.984+0000] {logging_mixin.py:188} INFO - [2026-03-19T00:18:28.983+0000] {dagbag.py:545} INFO - Filling up the DagBag from /opt/airflow/dags/dbt.py
[2026-03-19T00:18:28.996+0000] {logging_mixin.py:188} INFO - [2026-03-19T00:18:28.993+0000] {dagbag.py:355} ERROR - Failed to import: /opt/airflow/dags/dbt.py
Traceback (most recent call last):
  File "/home/airflow/.local/lib/python3.12/site-packages/airflow/models/dagbag.py", line 351, in parse
    loader.exec_module(new_module)
  File "<frozen importlib._bootstrap_external>", line 995, in exec_module
  File "<frozen importlib._bootstrap>", line 488, in _call_with_frames_removed
  File "/opt/airflow/dags/dbt.py", line 2, in <module>
    from airflow.providers.standard.operators.bash import BashOperator
ModuleNotFoundError: No module named 'airflow.providers.standard'
[2026-03-19T00:18:28.998+0000] {processor.py:842} WARNING - No viable dags retrieved from /opt/airflow/dags/dbt.py
[2026-03-19T00:18:29.046+0000] {processor.py:183} INFO - Processing /opt/airflow/dags/dbt.py took 0.094 seconds
[2026-03-19T00:18:59.501+0000] {processor.py:161} INFO - Started process (PID=9534) to work on /opt/airflow/dags/dbt.py
[2026-03-19T00:18:59.503+0000] {processor.py:830} INFO - Processing file /opt/airflow/dags/dbt.py for tasks to queue
[2026-03-19T00:18:59.512+0000] {logging_mixin.py:188} INFO - [2026-03-19T00:18:59.511+0000] {dagbag.py:545} INFO - Filling up the DagBag from /opt/airflow/dags/dbt.py
[2026-03-19T00:18:59.522+0000] {logging_mixin.py:188} INFO - [2026-03-19T00:18:59.519+0000] {dagbag.py:355} ERROR - Failed to import: /opt/airflow/dags/dbt.py
Traceback (most recent call last):
  File "/home/airflow/.local/lib/python3.12/site-packages/airflow/models/dagbag.py", line 351, in parse
    loader.exec_module(new_module)
  File "<frozen importlib._bootstrap_external>", line 995, in exec_module
  File "<frozen importlib._bootstrap>", line 488, in _call_with_frames_removed
  File "/opt/airflow/dags/dbt.py", line 2, in <module>
    from airflow.providers.standard.operators.bash import BashOperator
ModuleNotFoundError: No module named 'airflow.providers.standard'
[2026-03-19T00:18:59.525+0000] {processor.py:842} WARNING - No viable dags retrieved from /opt/airflow/dags/dbt.py
[2026-03-19T00:18:59.568+0000] {processor.py:183} INFO - Processing /opt/airflow/dags/dbt.py took 0.088 seconds
[2026-03-19T00:19:30.135+0000] {processor.py:161} INFO - Started process (PID=9536) to work on /opt/airflow/dags/dbt.py
[2026-03-19T00:19:30.136+0000] {processor.py:830} INFO - Processing file /opt/airflow/dags/dbt.py for tasks to queue
[2026-03-19T00:19:30.142+0000] {logging_mixin.py:188} INFO - [2026-03-19T00:19:30.141+0000] {dagbag.py:545} INFO - Filling up the DagBag from /opt/airflow/dags/dbt.py
[2026-03-19T00:19:30.155+0000] {logging_mixin.py:188} INFO - [2026-03-19T00:19:30.153+0000] {dagbag.py:355} ERROR - Failed to import: /opt/airflow/dags/dbt.py
Traceback (most recent call last):
  File "/home/airflow/.local/lib/python3.12/site-packages/airflow/models/dagbag.py", line 351, in parse
    loader.exec_module(new_module)
  File "<frozen importlib._bootstrap_external>", line 995, in exec_module
  File "<frozen importlib._bootstrap>", line 488, in _call_with_frames_removed
  File "/opt/airflow/dags/dbt.py", line 2, in <module>
    from airflow.providers.standard.operators.bash import BashOperator
ModuleNotFoundError: No module named 'airflow.providers.standard'
[2026-03-19T00:19:30.156+0000] {processor.py:842} WARNING - No viable dags retrieved from /opt/airflow/dags/dbt.py
[2026-03-19T00:19:30.202+0000] {processor.py:183} INFO - Processing /opt/airflow/dags/dbt.py took 0.095 seconds
[2026-03-19T00:20:00.794+0000] {processor.py:161} INFO - Started process (PID=9538) to work on /opt/airflow/dags/dbt.py
[2026-03-19T00:20:00.796+0000] {processor.py:830} INFO - Processing file /opt/airflow/dags/dbt.py for tasks to queue
[2026-03-19T00:20:00.802+0000] {logging_mixin.py:188} INFO - [2026-03-19T00:20:00.801+0000] {dagbag.py:545} INFO - Filling up the DagBag from /opt/airflow/dags/dbt.py
[2026-03-19T00:20:00.816+0000] {logging_mixin.py:188} INFO - [2026-03-19T00:20:00.812+0000] {dagbag.py:355} ERROR - Failed to import: /opt/airflow/dags/dbt.py
Traceback (most recent call last):
  File "/home/airflow/.local/lib/python3.12/site-packages/airflow/models/dagbag.py", line 351, in parse
    loader.exec_module(new_module)
  File "<frozen importlib._bootstrap_external>", line 995, in exec_module
  File "<frozen importlib._bootstrap>", line 488, in _call_with_frames_removed
  File "/opt/airflow/dags/dbt.py", line 2, in <module>
    from airflow.providers.standard.operators.bash import BashOperator
ModuleNotFoundError: No module named 'airflow.providers.standard'
[2026-03-19T00:20:00.817+0000] {processor.py:842} WARNING - No viable dags retrieved from /opt/airflow/dags/dbt.py
[2026-03-19T00:20:00.906+0000] {processor.py:183} INFO - Processing /opt/airflow/dags/dbt.py took 0.191 seconds
[2026-03-19T00:20:31.486+0000] {processor.py:161} INFO - Started process (PID=9540) to work on /opt/airflow/dags/dbt.py
[2026-03-19T00:20:31.491+0000] {processor.py:830} INFO - Processing file /opt/airflow/dags/dbt.py for tasks to queue
[2026-03-19T00:20:31.497+0000] {logging_mixin.py:188} INFO - [2026-03-19T00:20:31.496+0000] {dagbag.py:545} INFO - Filling up the DagBag from /opt/airflow/dags/dbt.py
[2026-03-19T00:20:31.508+0000] {logging_mixin.py:188} INFO - [2026-03-19T00:20:31.505+0000] {dagbag.py:355} ERROR - Failed to import: /opt/airflow/dags/dbt.py
Traceback (most recent call last):
  File "/home/airflow/.local/lib/python3.12/site-packages/airflow/models/dagbag.py", line 351, in parse
    loader.exec_module(new_module)
  File "<frozen importlib._bootstrap_external>", line 995, in exec_module
  File "<frozen importlib._bootstrap>", line 488, in _call_with_frames_removed
  File "/opt/airflow/dags/dbt.py", line 2, in <module>
    from airflow.providers.standard.operators.bash import BashOperator
ModuleNotFoundError: No module named 'airflow.providers.standard'
[2026-03-19T00:20:31.510+0000] {processor.py:842} WARNING - No viable dags retrieved from /opt/airflow/dags/dbt.py
[2026-03-19T00:20:31.553+0000] {processor.py:183} INFO - Processing /opt/airflow/dags/dbt.py took 0.092 seconds
[2026-03-19T00:21:02.131+0000] {processor.py:161} INFO - Started process (PID=9542) to work on /opt/airflow/dags/dbt.py
[2026-03-19T00:21:02.134+0000] {processor.py:830} INFO - Processing file /opt/airflow/dags/dbt.py for tasks to queue
[2026-03-19T00:21:02.144+0000] {logging_mixin.py:188} INFO - [2026-03-19T00:21:02.139+0000] {dagbag.py:545} INFO - Filling up the DagBag from /opt/airflow/dags/dbt.py
[2026-03-19T00:21:02.157+0000] {logging_mixin.py:188} INFO - [2026-03-19T00:21:02.153+0000] {dagbag.py:355} ERROR - Failed to import: /opt/airflow/dags/dbt.py
Traceback (most recent call last):
  File "/home/airflow/.local/lib/python3.12/site-packages/airflow/models/dagbag.py", line 351, in parse
    loader.exec_module(new_module)
  File "<frozen importlib._bootstrap_external>", line 995, in exec_module
  File "<frozen importlib._bootstrap>", line 488, in _call_with_frames_removed
  File "/opt/airflow/dags/dbt.py", line 2, in <module>
    from airflow.providers.standard.operators.bash import BashOperator
ModuleNotFoundError: No module named 'airflow.providers.standard'
[2026-03-19T00:21:02.158+0000] {processor.py:842} WARNING - No viable dags retrieved from /opt/airflow/dags/dbt.py
[2026-03-19T00:21:02.196+0000] {processor.py:183} INFO - Processing /opt/airflow/dags/dbt.py took 0.088 seconds
[2026-03-19T00:21:32.836+0000] {processor.py:161} INFO - Started process (PID=9544) to work on /opt/airflow/dags/dbt.py
[2026-03-19T00:21:32.838+0000] {processor.py:830} INFO - Processing file /opt/airflow/dags/dbt.py for tasks to queue
[2026-03-19T00:21:32.847+0000] {logging_mixin.py:188} INFO - [2026-03-19T00:21:32.846+0000] {dagbag.py:545} INFO - Filling up the DagBag from /opt/airflow/dags/dbt.py
[2026-03-19T00:21:32.857+0000] {logging_mixin.py:188} INFO - [2026-03-19T00:21:32.854+0000] {dagbag.py:355} ERROR - Failed to import: /opt/airflow/dags/dbt.py
Traceback (most recent call last):
  File "/home/airflow/.local/lib/python3.12/site-packages/airflow/models/dagbag.py", line 351, in parse
    loader.exec_module(new_module)
  File "<frozen importlib._bootstrap_external>", line 995, in exec_module
  File "<frozen importlib._bootstrap>", line 488, in _call_with_frames_removed
  File "/opt/airflow/dags/dbt.py", line 2, in <module>
    from airflow.providers.standard.operators.bash import BashOperator
ModuleNotFoundError: No module named 'airflow.providers.standard'
[2026-03-19T00:21:32.857+0000] {processor.py:842} WARNING - No viable dags retrieved from /opt/airflow/dags/dbt.py
[2026-03-19T00:21:32.901+0000] {processor.py:183} INFO - Processing /opt/airflow/dags/dbt.py took 0.094 seconds
[2026-03-19T00:22:03.585+0000] {processor.py:161} INFO - Started process (PID=9546) to work on /opt/airflow/dags/dbt.py
[2026-03-19T00:22:03.587+0000] {processor.py:830} INFO - Processing file /opt/airflow/dags/dbt.py for tasks to queue
[2026-03-19T00:22:03.599+0000] {logging_mixin.py:188} INFO - [2026-03-19T00:22:03.597+0000] {dagbag.py:545} INFO - Filling up the DagBag from /opt/airflow/dags/dbt.py
[2026-03-19T00:22:03.615+0000] {logging_mixin.py:188} INFO - [2026-03-19T00:22:03.612+0000] {dagbag.py:355} ERROR - Failed to import: /opt/airflow/dags/dbt.py
Traceback (most recent call last):
  File "/home/airflow/.local/lib/python3.12/site-packages/airflow/models/dagbag.py", line 351, in parse
    loader.exec_module(new_module)
  File "<frozen importlib._bootstrap_external>", line 995, in exec_module
  File "<frozen importlib._bootstrap>", line 488, in _call_with_frames_removed
  File "/opt/airflow/dags/dbt.py", line 2, in <module>
    from airflow.providers.standard.operators.bash import BashOperator
ModuleNotFoundError: No module named 'airflow.providers.standard'
[2026-03-19T00:22:03.615+0000] {processor.py:842} WARNING - No viable dags retrieved from /opt/airflow/dags/dbt.py
[2026-03-19T00:22:03.667+0000] {processor.py:183} INFO - Processing /opt/airflow/dags/dbt.py took 0.090 seconds
[2026-03-19T00:22:34.180+0000] {processor.py:161} INFO - Started process (PID=9548) to work on /opt/airflow/dags/dbt.py
[2026-03-19T00:22:34.182+0000] {processor.py:830} INFO - Processing file /opt/airflow/dags/dbt.py for tasks to queue
[2026-03-19T00:22:34.194+0000] {logging_mixin.py:188} INFO - [2026-03-19T00:22:34.190+0000] {dagbag.py:545} INFO - Filling up the DagBag from /opt/airflow/dags/dbt.py
[2026-03-19T00:22:34.207+0000] {logging_mixin.py:188} INFO - [2026-03-19T00:22:34.204+0000] {dagbag.py:355} ERROR - Failed to import: /opt/airflow/dags/dbt.py
Traceback (most recent call last):
  File "/home/airflow/.local/lib/python3.12/site-packages/airflow/models/dagbag.py", line 351, in parse
    loader.exec_module(new_module)
  File "<frozen importlib._bootstrap_external>", line 995, in exec_module
  File "<frozen importlib._bootstrap>", line 488, in _call_with_frames_removed
  File "/opt/airflow/dags/dbt.py", line 2, in <module>
    from airflow.providers.standard.operators.bash import BashOperator
ModuleNotFoundError: No module named 'airflow.providers.standard'
[2026-03-19T00:22:34.208+0000] {processor.py:842} WARNING - No viable dags retrieved from /opt/airflow/dags/dbt.py
[2026-03-19T00:22:34.255+0000] {processor.py:183} INFO - Processing /opt/airflow/dags/dbt.py took 0.100 seconds
[2026-03-19T00:23:04.839+0000] {processor.py:161} INFO - Started process (PID=9550) to work on /opt/airflow/dags/dbt.py
[2026-03-19T00:23:04.843+0000] {processor.py:830} INFO - Processing file /opt/airflow/dags/dbt.py for tasks to queue
[2026-03-19T00:23:04.850+0000] {logging_mixin.py:188} INFO - [2026-03-19T00:23:04.849+0000] {dagbag.py:545} INFO - Filling up the DagBag from /opt/airflow/dags/dbt.py
[2026-03-19T00:23:04.864+0000] {logging_mixin.py:188} INFO - [2026-03-19T00:23:04.861+0000] {dagbag.py:355} ERROR - Failed to import: /opt/airflow/dags/dbt.py
Traceback (most recent call last):
  File "/home/airflow/.local/lib/python3.12/site-packages/airflow/models/dagbag.py", line 351, in parse
    loader.exec_module(new_module)
  File "<frozen importlib._bootstrap_external>", line 995, in exec_module
  File "<frozen importlib._bootstrap>", line 488, in _call_with_frames_removed
  File "/opt/airflow/dags/dbt.py", line 2, in <module>
    from airflow.providers.standard.operators.bash import BashOperator
ModuleNotFoundError: No module named 'airflow.providers.standard'
[2026-03-19T00:23:04.867+0000] {processor.py:842} WARNING - No viable dags retrieved from /opt/airflow/dags/dbt.py
[2026-03-19T00:23:04.907+0000] {processor.py:183} INFO - Processing /opt/airflow/dags/dbt.py took 0.087 seconds
[2026-03-19T00:23:35.386+0000] {processor.py:161} INFO - Started process (PID=9552) to work on /opt/airflow/dags/dbt.py
[2026-03-19T00:23:35.388+0000] {processor.py:830} INFO - Processing file /opt/airflow/dags/dbt.py for tasks to queue
[2026-03-19T00:23:35.397+0000] {logging_mixin.py:188} INFO - [2026-03-19T00:23:35.396+0000] {dagbag.py:545} INFO - Filling up the DagBag from /opt/airflow/dags/dbt.py
[2026-03-19T00:23:35.410+0000] {logging_mixin.py:188} INFO - [2026-03-19T00:23:35.407+0000] {dagbag.py:355} ERROR - Failed to import: /opt/airflow/dags/dbt.py
Traceback (most recent call last):
  File "/home/airflow/.local/lib/python3.12/site-packages/airflow/models/dagbag.py", line 351, in parse
    loader.exec_module(new_module)
  File "<frozen importlib._bootstrap_external>", line 995, in exec_module
  File "<frozen importlib._bootstrap>", line 488, in _call_with_frames_removed
  File "/opt/airflow/dags/dbt.py", line 2, in <module>
    from airflow.providers.standard.operators.bash import BashOperator
ModuleNotFoundError: No module named 'airflow.providers.standard'
[2026-03-19T00:23:35.412+0000] {processor.py:842} WARNING - No viable dags retrieved from /opt/airflow/dags/dbt.py
[2026-03-19T00:23:35.454+0000] {processor.py:183} INFO - Processing /opt/airflow/dags/dbt.py took 0.089 seconds
[2026-03-19T00:24:06.006+0000] {processor.py:161} INFO - Started process (PID=9554) to work on /opt/airflow/dags/dbt.py
[2026-03-19T00:24:06.009+0000] {processor.py:830} INFO - Processing file /opt/airflow/dags/dbt.py for tasks to queue
[2026-03-19T00:24:06.015+0000] {logging_mixin.py:188} INFO - [2026-03-19T00:24:06.014+0000] {dagbag.py:545} INFO - Filling up the DagBag from /opt/airflow/dags/dbt.py
[2026-03-19T00:24:06.023+0000] {logging_mixin.py:188} INFO - [2026-03-19T00:24:06.021+0000] {dagbag.py:355} ERROR - Failed to import: /opt/airflow/dags/dbt.py
Traceback (most recent call last):
  File "/home/airflow/.local/lib/python3.12/site-packages/airflow/models/dagbag.py", line 351, in parse
    loader.exec_module(new_module)
  File "<frozen importlib._bootstrap_external>", line 995, in exec_module
  File "<frozen importlib._bootstrap>", line 488, in _call_with_frames_removed
  File "/opt/airflow/dags/dbt.py", line 2, in <module>
    from airflow.providers.standard.operators.bash import BashOperator
ModuleNotFoundError: No module named 'airflow.providers.standard'
[2026-03-19T00:24:06.024+0000] {processor.py:842} WARNING - No viable dags retrieved from /opt/airflow/dags/dbt.py
[2026-03-19T00:24:06.066+0000] {processor.py:183} INFO - Processing /opt/airflow/dags/dbt.py took 0.087 seconds
[2026-03-19T00:24:36.652+0000] {processor.py:161} INFO - Started process (PID=9556) to work on /opt/airflow/dags/dbt.py
[2026-03-19T00:24:36.654+0000] {processor.py:830} INFO - Processing file /opt/airflow/dags/dbt.py for tasks to queue
[2026-03-19T00:24:36.664+0000] {logging_mixin.py:188} INFO - [2026-03-19T00:24:36.663+0000] {dagbag.py:545} INFO - Filling up the DagBag from /opt/airflow/dags/dbt.py
[2026-03-19T00:24:36.672+0000] {logging_mixin.py:188} INFO - [2026-03-19T00:24:36.670+0000] {dagbag.py:355} ERROR - Failed to import: /opt/airflow/dags/dbt.py
Traceback (most recent call last):
  File "/home/airflow/.local/lib/python3.12/site-packages/airflow/models/dagbag.py", line 351, in parse
    loader.exec_module(new_module)
  File "<frozen importlib._bootstrap_external>", line 995, in exec_module
  File "<frozen importlib._bootstrap>", line 488, in _call_with_frames_removed
  File "/opt/airflow/dags/dbt.py", line 2, in <module>
    from airflow.providers.standard.operators.bash import BashOperator
ModuleNotFoundError: No module named 'airflow.providers.standard'
[2026-03-19T00:24:36.672+0000] {processor.py:842} WARNING - No viable dags retrieved from /opt/airflow/dags/dbt.py
[2026-03-19T00:24:36.721+0000] {processor.py:183} INFO - Processing /opt/airflow/dags/dbt.py took 0.100 seconds
[2026-03-19T00:25:07.290+0000] {processor.py:161} INFO - Started process (PID=9558) to work on /opt/airflow/dags/dbt.py
[2026-03-19T00:25:07.293+0000] {processor.py:830} INFO - Processing file /opt/airflow/dags/dbt.py for tasks to queue
[2026-03-19T00:25:07.304+0000] {logging_mixin.py:188} INFO - [2026-03-19T00:25:07.303+0000] {dagbag.py:545} INFO - Filling up the DagBag from /opt/airflow/dags/dbt.py
[2026-03-19T00:25:07.320+0000] {logging_mixin.py:188} INFO - [2026-03-19T00:25:07.318+0000] {dagbag.py:355} ERROR - Failed to import: /opt/airflow/dags/dbt.py
Traceback (most recent call last):
  File "/home/airflow/.local/lib/python3.12/site-packages/airflow/models/dagbag.py", line 351, in parse
    loader.exec_module(new_module)
  File "<frozen importlib._bootstrap_external>", line 995, in exec_module
  File "<frozen importlib._bootstrap>", line 488, in _call_with_frames_removed
  File "/opt/airflow/dags/dbt.py", line 2, in <module>
    from airflow.providers.standard.operators.bash import BashOperator
ModuleNotFoundError: No module named 'airflow.providers.standard'
[2026-03-19T00:25:07.322+0000] {processor.py:842} WARNING - No viable dags retrieved from /opt/airflow/dags/dbt.py
[2026-03-19T00:25:07.368+0000] {processor.py:183} INFO - Processing /opt/airflow/dags/dbt.py took 0.098 seconds
[2026-03-19T00:25:37.923+0000] {processor.py:161} INFO - Started process (PID=9560) to work on /opt/airflow/dags/dbt.py
[2026-03-19T00:25:37.925+0000] {processor.py:830} INFO - Processing file /opt/airflow/dags/dbt.py for tasks to queue
[2026-03-19T00:25:37.933+0000] {logging_mixin.py:188} INFO - [2026-03-19T00:25:37.932+0000] {dagbag.py:545} INFO - Filling up the DagBag from /opt/airflow/dags/dbt.py
[2026-03-19T00:25:37.945+0000] {logging_mixin.py:188} INFO - [2026-03-19T00:25:37.940+0000] {dagbag.py:355} ERROR - Failed to import: /opt/airflow/dags/dbt.py
Traceback (most recent call last):
  File "/home/airflow/.local/lib/python3.12/site-packages/airflow/models/dagbag.py", line 351, in parse
    loader.exec_module(new_module)
  File "<frozen importlib._bootstrap_external>", line 995, in exec_module
  File "<frozen importlib._bootstrap>", line 488, in _call_with_frames_removed
  File "/opt/airflow/dags/dbt.py", line 2, in <module>
    from airflow.providers.standard.operators.bash import BashOperator
ModuleNotFoundError: No module named 'airflow.providers.standard'
[2026-03-19T00:25:37.946+0000] {processor.py:842} WARNING - No viable dags retrieved from /opt/airflow/dags/dbt.py
[2026-03-19T00:25:37.995+0000] {processor.py:183} INFO - Processing /opt/airflow/dags/dbt.py took 0.102 seconds
[2026-03-19T00:26:08.575+0000] {processor.py:161} INFO - Started process (PID=9562) to work on /opt/airflow/dags/dbt.py
[2026-03-19T00:26:08.577+0000] {processor.py:830} INFO - Processing file /opt/airflow/dags/dbt.py for tasks to queue
[2026-03-19T00:26:08.586+0000] {logging_mixin.py:188} INFO - [2026-03-19T00:26:08.584+0000] {dagbag.py:545} INFO - Filling up the DagBag from /opt/airflow/dags/dbt.py
[2026-03-19T00:26:08.595+0000] {logging_mixin.py:188} INFO - [2026-03-19T00:26:08.593+0000] {dagbag.py:355} ERROR - Failed to import: /opt/airflow/dags/dbt.py
Traceback (most recent call last):
  File "/home/airflow/.local/lib/python3.12/site-packages/airflow/models/dagbag.py", line 351, in parse
    loader.exec_module(new_module)
  File "<frozen importlib._bootstrap_external>", line 995, in exec_module
  File "<frozen importlib._bootstrap>", line 488, in _call_with_frames_removed
  File "/opt/airflow/dags/dbt.py", line 2, in <module>
    from airflow.providers.standard.operators.bash import BashOperator
ModuleNotFoundError: No module named 'airflow.providers.standard'
[2026-03-19T00:26:08.595+0000] {processor.py:842} WARNING - No viable dags retrieved from /opt/airflow/dags/dbt.py
[2026-03-19T00:26:08.630+0000] {processor.py:183} INFO - Processing /opt/airflow/dags/dbt.py took 0.085 seconds
[2026-03-19T00:26:39.219+0000] {processor.py:161} INFO - Started process (PID=9564) to work on /opt/airflow/dags/dbt.py
[2026-03-19T00:26:39.222+0000] {processor.py:830} INFO - Processing file /opt/airflow/dags/dbt.py for tasks to queue
[2026-03-19T00:26:39.229+0000] {logging_mixin.py:188} INFO - [2026-03-19T00:26:39.228+0000] {dagbag.py:545} INFO - Filling up the DagBag from /opt/airflow/dags/dbt.py
[2026-03-19T00:26:39.241+0000] {logging_mixin.py:188} INFO - [2026-03-19T00:26:39.235+0000] {dagbag.py:355} ERROR - Failed to import: /opt/airflow/dags/dbt.py
Traceback (most recent call last):
  File "/home/airflow/.local/lib/python3.12/site-packages/airflow/models/dagbag.py", line 351, in parse
    loader.exec_module(new_module)
  File "<frozen importlib._bootstrap_external>", line 995, in exec_module
  File "<frozen importlib._bootstrap>", line 488, in _call_with_frames_removed
  File "/opt/airflow/dags/dbt.py", line 2, in <module>
    from airflow.providers.standard.operators.bash import BashOperator
ModuleNotFoundError: No module named 'airflow.providers.standard'
[2026-03-19T00:26:39.242+0000] {processor.py:842} WARNING - No viable dags retrieved from /opt/airflow/dags/dbt.py
[2026-03-19T00:26:39.288+0000] {processor.py:183} INFO - Processing /opt/airflow/dags/dbt.py took 0.085 seconds
[2026-03-19T00:27:10.089+0000] {processor.py:161} INFO - Started process (PID=9566) to work on /opt/airflow/dags/dbt.py
[2026-03-19T00:27:10.097+0000] {processor.py:830} INFO - Processing file /opt/airflow/dags/dbt.py for tasks to queue
[2026-03-19T00:27:10.109+0000] {logging_mixin.py:188} INFO - [2026-03-19T00:27:10.107+0000] {dagbag.py:545} INFO - Filling up the DagBag from /opt/airflow/dags/dbt.py
[2026-03-19T00:27:10.133+0000] {logging_mixin.py:188} INFO - [2026-03-19T00:27:10.130+0000] {dagbag.py:355} ERROR - Failed to import: /opt/airflow/dags/dbt.py
Traceback (most recent call last):
  File "/home/airflow/.local/lib/python3.12/site-packages/airflow/models/dagbag.py", line 351, in parse
    loader.exec_module(new_module)
  File "<frozen importlib._bootstrap_external>", line 995, in exec_module
  File "<frozen importlib._bootstrap>", line 488, in _call_with_frames_removed
  File "/opt/airflow/dags/dbt.py", line 2, in <module>
    from airflow.providers.standard.operators.bash import BashOperator
ModuleNotFoundError: No module named 'airflow.providers.standard'
[2026-03-19T00:27:10.133+0000] {processor.py:842} WARNING - No viable dags retrieved from /opt/airflow/dags/dbt.py
[2026-03-19T00:27:10.177+0000] {processor.py:183} INFO - Processing /opt/airflow/dags/dbt.py took 0.168 seconds
[2026-03-19T00:27:40.676+0000] {processor.py:161} INFO - Started process (PID=9568) to work on /opt/airflow/dags/dbt.py
[2026-03-19T00:27:40.677+0000] {processor.py:830} INFO - Processing file /opt/airflow/dags/dbt.py for tasks to queue
[2026-03-19T00:27:40.683+0000] {logging_mixin.py:188} INFO - [2026-03-19T00:27:40.682+0000] {dagbag.py:545} INFO - Filling up the DagBag from /opt/airflow/dags/dbt.py
[2026-03-19T00:27:40.697+0000] {logging_mixin.py:188} INFO - [2026-03-19T00:27:40.691+0000] {dagbag.py:355} ERROR - Failed to import: /opt/airflow/dags/dbt.py
Traceback (most recent call last):
  File "/home/airflow/.local/lib/python3.12/site-packages/airflow/models/dagbag.py", line 351, in parse
    loader.exec_module(new_module)
  File "<frozen importlib._bootstrap_external>", line 995, in exec_module
  File "<frozen importlib._bootstrap>", line 488, in _call_with_frames_removed
  File "/opt/airflow/dags/dbt.py", line 2, in <module>
    from airflow.providers.standard.operators.bash import BashOperator
ModuleNotFoundError: No module named 'airflow.providers.standard'
[2026-03-19T00:27:40.698+0000] {processor.py:842} WARNING - No viable dags retrieved from /opt/airflow/dags/dbt.py
[2026-03-19T00:27:40.736+0000] {processor.py:183} INFO - Processing /opt/airflow/dags/dbt.py took 0.082 seconds
[2026-03-19T00:28:11.691+0000] {processor.py:161} INFO - Started process (PID=9570) to work on /opt/airflow/dags/dbt.py
[2026-03-19T00:28:11.696+0000] {processor.py:830} INFO - Processing file /opt/airflow/dags/dbt.py for tasks to queue
[2026-03-19T00:28:11.704+0000] {logging_mixin.py:188} INFO - [2026-03-19T00:28:11.702+0000] {dagbag.py:545} INFO - Filling up the DagBag from /opt/airflow/dags/dbt.py
[2026-03-19T00:28:11.714+0000] {logging_mixin.py:188} INFO - [2026-03-19T00:28:11.709+0000] {dagbag.py:355} ERROR - Failed to import: /opt/airflow/dags/dbt.py
Traceback (most recent call last):
  File "/home/airflow/.local/lib/python3.12/site-packages/airflow/models/dagbag.py", line 351, in parse
    loader.exec_module(new_module)
  File "<frozen importlib._bootstrap_external>", line 995, in exec_module
  File "<frozen importlib._bootstrap>", line 488, in _call_with_frames_removed
  File "/opt/airflow/dags/dbt.py", line 2, in <module>
    from airflow.providers.standard.operators.bash import BashOperator
ModuleNotFoundError: No module named 'airflow.providers.standard'
[2026-03-19T00:28:11.715+0000] {processor.py:842} WARNING - No viable dags retrieved from /opt/airflow/dags/dbt.py
[2026-03-19T00:28:11.761+0000] {processor.py:183} INFO - Processing /opt/airflow/dags/dbt.py took 0.085 seconds
[2026-03-19T00:28:42.399+0000] {processor.py:161} INFO - Started process (PID=9572) to work on /opt/airflow/dags/dbt.py
[2026-03-19T00:28:42.401+0000] {processor.py:830} INFO - Processing file /opt/airflow/dags/dbt.py for tasks to queue
[2026-03-19T00:28:42.408+0000] {logging_mixin.py:188} INFO - [2026-03-19T00:28:42.405+0000] {dagbag.py:545} INFO - Filling up the DagBag from /opt/airflow/dags/dbt.py
[2026-03-19T00:28:42.416+0000] {logging_mixin.py:188} INFO - [2026-03-19T00:28:42.414+0000] {dagbag.py:355} ERROR - Failed to import: /opt/airflow/dags/dbt.py
Traceback (most recent call last):
  File "/home/airflow/.local/lib/python3.12/site-packages/airflow/models/dagbag.py", line 351, in parse
    loader.exec_module(new_module)
  File "<frozen importlib._bootstrap_external>", line 995, in exec_module
  File "<frozen importlib._bootstrap>", line 488, in _call_with_frames_removed
  File "/opt/airflow/dags/dbt.py", line 2, in <module>
    from airflow.providers.standard.operators.bash import BashOperator
ModuleNotFoundError: No module named 'airflow.providers.standard'
[2026-03-19T00:28:42.416+0000] {processor.py:842} WARNING - No viable dags retrieved from /opt/airflow/dags/dbt.py
[2026-03-19T00:28:42.458+0000] {processor.py:183} INFO - Processing /opt/airflow/dags/dbt.py took 0.088 seconds
[2026-03-19T00:29:12.992+0000] {processor.py:161} INFO - Started process (PID=9574) to work on /opt/airflow/dags/dbt.py
[2026-03-19T00:29:12.998+0000] {processor.py:830} INFO - Processing file /opt/airflow/dags/dbt.py for tasks to queue
[2026-03-19T00:29:13.012+0000] {logging_mixin.py:188} INFO - [2026-03-19T00:29:13.011+0000] {dagbag.py:545} INFO - Filling up the DagBag from /opt/airflow/dags/dbt.py
[2026-03-19T00:29:13.028+0000] {logging_mixin.py:188} INFO - [2026-03-19T00:29:13.023+0000] {dagbag.py:355} ERROR - Failed to import: /opt/airflow/dags/dbt.py
Traceback (most recent call last):
  File "/home/airflow/.local/lib/python3.12/site-packages/airflow/models/dagbag.py", line 351, in parse
    loader.exec_module(new_module)
  File "<frozen importlib._bootstrap_external>", line 995, in exec_module
  File "<frozen importlib._bootstrap>", line 488, in _call_with_frames_removed
  File "/opt/airflow/dags/dbt.py", line 2, in <module>
    from airflow.providers.standard.operators.bash import BashOperator
ModuleNotFoundError: No module named 'airflow.providers.standard'
[2026-03-19T00:29:13.029+0000] {processor.py:842} WARNING - No viable dags retrieved from /opt/airflow/dags/dbt.py
[2026-03-19T00:29:13.095+0000] {processor.py:183} INFO - Processing /opt/airflow/dags/dbt.py took 0.121 seconds
[2026-03-19T00:29:43.554+0000] {processor.py:161} INFO - Started process (PID=9576) to work on /opt/airflow/dags/dbt.py
[2026-03-19T00:29:43.556+0000] {processor.py:830} INFO - Processing file /opt/airflow/dags/dbt.py for tasks to queue
[2026-03-19T00:29:43.564+0000] {logging_mixin.py:188} INFO - [2026-03-19T00:29:43.564+0000] {dagbag.py:545} INFO - Filling up the DagBag from /opt/airflow/dags/dbt.py
[2026-03-19T00:29:43.577+0000] {logging_mixin.py:188} INFO - [2026-03-19T00:29:43.573+0000] {dagbag.py:355} ERROR - Failed to import: /opt/airflow/dags/dbt.py
Traceback (most recent call last):
  File "/home/airflow/.local/lib/python3.12/site-packages/airflow/models/dagbag.py", line 351, in parse
    loader.exec_module(new_module)
  File "<frozen importlib._bootstrap_external>", line 995, in exec_module
  File "<frozen importlib._bootstrap>", line 488, in _call_with_frames_removed
  File "/opt/airflow/dags/dbt.py", line 2, in <module>
    from airflow.providers.standard.operators.bash import BashOperator
ModuleNotFoundError: No module named 'airflow.providers.standard'
[2026-03-19T00:29:43.577+0000] {processor.py:842} WARNING - No viable dags retrieved from /opt/airflow/dags/dbt.py
[2026-03-19T00:29:43.623+0000] {processor.py:183} INFO - Processing /opt/airflow/dags/dbt.py took 0.099 seconds
[2026-03-19T00:30:14.049+0000] {processor.py:161} INFO - Started process (PID=9578) to work on /opt/airflow/dags/dbt.py
[2026-03-19T00:30:14.054+0000] {processor.py:830} INFO - Processing file /opt/airflow/dags/dbt.py for tasks to queue
[2026-03-19T00:30:14.066+0000] {logging_mixin.py:188} INFO - [2026-03-19T00:30:14.065+0000] {dagbag.py:545} INFO - Filling up the DagBag from /opt/airflow/dags/dbt.py
[2026-03-19T00:30:14.092+0000] {logging_mixin.py:188} INFO - [2026-03-19T00:30:14.088+0000] {dagbag.py:355} ERROR - Failed to import: /opt/airflow/dags/dbt.py
Traceback (most recent call last):
  File "/home/airflow/.local/lib/python3.12/site-packages/airflow/models/dagbag.py", line 351, in parse
    loader.exec_module(new_module)
  File "<frozen importlib._bootstrap_external>", line 995, in exec_module
  File "<frozen importlib._bootstrap>", line 488, in _call_with_frames_removed
  File "/opt/airflow/dags/dbt.py", line 2, in <module>
    from airflow.providers.standard.operators.bash import BashOperator
ModuleNotFoundError: No module named 'airflow.providers.standard'
[2026-03-19T00:30:14.094+0000] {processor.py:842} WARNING - No viable dags retrieved from /opt/airflow/dags/dbt.py
[2026-03-19T00:30:14.146+0000] {processor.py:183} INFO - Processing /opt/airflow/dags/dbt.py took 0.115 seconds
[2026-03-19T00:30:44.625+0000] {processor.py:161} INFO - Started process (PID=9580) to work on /opt/airflow/dags/dbt.py
[2026-03-19T00:30:44.628+0000] {processor.py:830} INFO - Processing file /opt/airflow/dags/dbt.py for tasks to queue
[2026-03-19T00:30:44.637+0000] {logging_mixin.py:188} INFO - [2026-03-19T00:30:44.636+0000] {dagbag.py:545} INFO - Filling up the DagBag from /opt/airflow/dags/dbt.py
[2026-03-19T00:30:44.649+0000] {logging_mixin.py:188} INFO - [2026-03-19T00:30:44.647+0000] {dagbag.py:355} ERROR - Failed to import: /opt/airflow/dags/dbt.py
Traceback (most recent call last):
  File "/home/airflow/.local/lib/python3.12/site-packages/airflow/models/dagbag.py", line 351, in parse
    loader.exec_module(new_module)
  File "<frozen importlib._bootstrap_external>", line 995, in exec_module
  File "<frozen importlib._bootstrap>", line 488, in _call_with_frames_removed
  File "/opt/airflow/dags/dbt.py", line 2, in <module>
    from airflow.providers.standard.operators.bash import BashOperator
ModuleNotFoundError: No module named 'airflow.providers.standard'
[2026-03-19T00:30:44.649+0000] {processor.py:842} WARNING - No viable dags retrieved from /opt/airflow/dags/dbt.py
[2026-03-19T00:30:44.691+0000] {processor.py:183} INFO - Processing /opt/airflow/dags/dbt.py took 0.091 seconds
[2026-03-19T00:31:15.156+0000] {processor.py:161} INFO - Started process (PID=9582) to work on /opt/airflow/dags/dbt.py
[2026-03-19T00:31:15.163+0000] {processor.py:830} INFO - Processing file /opt/airflow/dags/dbt.py for tasks to queue
[2026-03-19T00:31:15.170+0000] {logging_mixin.py:188} INFO - [2026-03-19T00:31:15.170+0000] {dagbag.py:545} INFO - Filling up the DagBag from /opt/airflow/dags/dbt.py
[2026-03-19T00:31:15.176+0000] {logging_mixin.py:188} INFO - [2026-03-19T00:31:15.175+0000] {dagbag.py:355} ERROR - Failed to import: /opt/airflow/dags/dbt.py
Traceback (most recent call last):
  File "/home/airflow/.local/lib/python3.12/site-packages/airflow/models/dagbag.py", line 351, in parse
    loader.exec_module(new_module)
  File "<frozen importlib._bootstrap_external>", line 995, in exec_module
  File "<frozen importlib._bootstrap>", line 488, in _call_with_frames_removed
  File "/opt/airflow/dags/dbt.py", line 2, in <module>
    from airflow.providers.standard.operators.bash import BashOperator
ModuleNotFoundError: No module named 'airflow.providers.standard'
[2026-03-19T00:31:15.176+0000] {processor.py:842} WARNING - No viable dags retrieved from /opt/airflow/dags/dbt.py
[2026-03-19T00:31:15.222+0000] {processor.py:183} INFO - Processing /opt/airflow/dags/dbt.py took 0.087 seconds
[2026-03-19T00:31:45.643+0000] {processor.py:161} INFO - Started process (PID=9584) to work on /opt/airflow/dags/dbt.py
[2026-03-19T00:31:45.645+0000] {processor.py:830} INFO - Processing file /opt/airflow/dags/dbt.py for tasks to queue
[2026-03-19T00:31:45.652+0000] {logging_mixin.py:188} INFO - [2026-03-19T00:31:45.651+0000] {dagbag.py:545} INFO - Filling up the DagBag from /opt/airflow/dags/dbt.py
[2026-03-19T00:31:45.664+0000] {logging_mixin.py:188} INFO - [2026-03-19T00:31:45.658+0000] {dagbag.py:355} ERROR - Failed to import: /opt/airflow/dags/dbt.py
Traceback (most recent call last):
  File "/home/airflow/.local/lib/python3.12/site-packages/airflow/models/dagbag.py", line 351, in parse
    loader.exec_module(new_module)
  File "<frozen importlib._bootstrap_external>", line 995, in exec_module
  File "<frozen importlib._bootstrap>", line 488, in _call_with_frames_removed
  File "/opt/airflow/dags/dbt.py", line 2, in <module>
    from airflow.providers.standard.operators.bash import BashOperator
ModuleNotFoundError: No module named 'airflow.providers.standard'
[2026-03-19T00:31:45.668+0000] {processor.py:842} WARNING - No viable dags retrieved from /opt/airflow/dags/dbt.py
[2026-03-19T00:31:45.713+0000] {processor.py:183} INFO - Processing /opt/airflow/dags/dbt.py took 0.098 seconds
[2026-03-19T00:32:16.125+0000] {processor.py:161} INFO - Started process (PID=9586) to work on /opt/airflow/dags/dbt.py
[2026-03-19T00:32:16.128+0000] {processor.py:830} INFO - Processing file /opt/airflow/dags/dbt.py for tasks to queue
[2026-03-19T00:32:16.138+0000] {logging_mixin.py:188} INFO - [2026-03-19T00:32:16.137+0000] {dagbag.py:545} INFO - Filling up the DagBag from /opt/airflow/dags/dbt.py
[2026-03-19T00:32:16.146+0000] {logging_mixin.py:188} INFO - [2026-03-19T00:32:16.143+0000] {dagbag.py:355} ERROR - Failed to import: /opt/airflow/dags/dbt.py
Traceback (most recent call last):
  File "/home/airflow/.local/lib/python3.12/site-packages/airflow/models/dagbag.py", line 351, in parse
    loader.exec_module(new_module)
  File "<frozen importlib._bootstrap_external>", line 995, in exec_module
  File "<frozen importlib._bootstrap>", line 488, in _call_with_frames_removed
  File "/opt/airflow/dags/dbt.py", line 2, in <module>
    from airflow.providers.standard.operators.bash import BashOperator
ModuleNotFoundError: No module named 'airflow.providers.standard'
[2026-03-19T00:32:16.147+0000] {processor.py:842} WARNING - No viable dags retrieved from /opt/airflow/dags/dbt.py
[2026-03-19T00:32:16.187+0000] {processor.py:183} INFO - Processing /opt/airflow/dags/dbt.py took 0.080 seconds
[2026-03-19T00:32:46.664+0000] {processor.py:161} INFO - Started process (PID=9588) to work on /opt/airflow/dags/dbt.py
[2026-03-19T00:32:46.667+0000] {processor.py:830} INFO - Processing file /opt/airflow/dags/dbt.py for tasks to queue
[2026-03-19T00:32:46.675+0000] {logging_mixin.py:188} INFO - [2026-03-19T00:32:46.674+0000] {dagbag.py:545} INFO - Filling up the DagBag from /opt/airflow/dags/dbt.py
[2026-03-19T00:32:46.682+0000] {logging_mixin.py:188} INFO - [2026-03-19T00:32:46.680+0000] {dagbag.py:355} ERROR - Failed to import: /opt/airflow/dags/dbt.py
Traceback (most recent call last):
  File "/home/airflow/.local/lib/python3.12/site-packages/airflow/models/dagbag.py", line 351, in parse
    loader.exec_module(new_module)
  File "<frozen importlib._bootstrap_external>", line 995, in exec_module
  File "<frozen importlib._bootstrap>", line 488, in _call_with_frames_removed
  File "/opt/airflow/dags/dbt.py", line 2, in <module>
    from airflow.providers.standard.operators.bash import BashOperator
ModuleNotFoundError: No module named 'airflow.providers.standard'
[2026-03-19T00:32:46.683+0000] {processor.py:842} WARNING - No viable dags retrieved from /opt/airflow/dags/dbt.py
[2026-03-19T00:32:46.763+0000] {processor.py:183} INFO - Processing /opt/airflow/dags/dbt.py took 0.134 seconds
[2026-03-19T00:33:17.244+0000] {processor.py:161} INFO - Started process (PID=9590) to work on /opt/airflow/dags/dbt.py
[2026-03-19T00:33:17.246+0000] {processor.py:830} INFO - Processing file /opt/airflow/dags/dbt.py for tasks to queue
[2026-03-19T00:33:17.248+0000] {logging_mixin.py:188} INFO - [2026-03-19T00:33:17.248+0000] {dagbag.py:545} INFO - Filling up the DagBag from /opt/airflow/dags/dbt.py
[2026-03-19T00:33:17.258+0000] {logging_mixin.py:188} INFO - [2026-03-19T00:33:17.256+0000] {dagbag.py:355} ERROR - Failed to import: /opt/airflow/dags/dbt.py
Traceback (most recent call last):
  File "/home/airflow/.local/lib/python3.12/site-packages/airflow/models/dagbag.py", line 351, in parse
    loader.exec_module(new_module)
  File "<frozen importlib._bootstrap_external>", line 995, in exec_module
  File "<frozen importlib._bootstrap>", line 488, in _call_with_frames_removed
  File "/opt/airflow/dags/dbt.py", line 2, in <module>
    from airflow.providers.standard.operators.bash import BashOperator
ModuleNotFoundError: No module named 'airflow.providers.standard'
[2026-03-19T00:33:17.259+0000] {processor.py:842} WARNING - No viable dags retrieved from /opt/airflow/dags/dbt.py
[2026-03-19T00:33:17.295+0000] {processor.py:183} INFO - Processing /opt/airflow/dags/dbt.py took 0.070 seconds
[2026-03-19T00:33:47.724+0000] {processor.py:161} INFO - Started process (PID=9592) to work on /opt/airflow/dags/dbt.py
[2026-03-19T00:33:47.725+0000] {processor.py:830} INFO - Processing file /opt/airflow/dags/dbt.py for tasks to queue
[2026-03-19T00:33:47.732+0000] {logging_mixin.py:188} INFO - [2026-03-19T00:33:47.730+0000] {dagbag.py:545} INFO - Filling up the DagBag from /opt/airflow/dags/dbt.py
[2026-03-19T00:33:47.744+0000] {logging_mixin.py:188} INFO - [2026-03-19T00:33:47.740+0000] {dagbag.py:355} ERROR - Failed to import: /opt/airflow/dags/dbt.py
Traceback (most recent call last):
  File "/home/airflow/.local/lib/python3.12/site-packages/airflow/models/dagbag.py", line 351, in parse
    loader.exec_module(new_module)
  File "<frozen importlib._bootstrap_external>", line 995, in exec_module
  File "<frozen importlib._bootstrap>", line 488, in _call_with_frames_removed
  File "/opt/airflow/dags/dbt.py", line 2, in <module>
    from airflow.providers.standard.operators.bash import BashOperator
ModuleNotFoundError: No module named 'airflow.providers.standard'
[2026-03-19T00:33:47.744+0000] {processor.py:842} WARNING - No viable dags retrieved from /opt/airflow/dags/dbt.py
[2026-03-19T00:33:47.786+0000] {processor.py:183} INFO - Processing /opt/airflow/dags/dbt.py took 0.086 seconds
[2026-03-19T00:34:18.267+0000] {processor.py:161} INFO - Started process (PID=9594) to work on /opt/airflow/dags/dbt.py
[2026-03-19T00:34:18.268+0000] {processor.py:830} INFO - Processing file /opt/airflow/dags/dbt.py for tasks to queue
[2026-03-19T00:34:18.273+0000] {logging_mixin.py:188} INFO - [2026-03-19T00:34:18.272+0000] {dagbag.py:545} INFO - Filling up the DagBag from /opt/airflow/dags/dbt.py
[2026-03-19T00:34:18.282+0000] {logging_mixin.py:188} INFO - [2026-03-19T00:34:18.279+0000] {dagbag.py:355} ERROR - Failed to import: /opt/airflow/dags/dbt.py
Traceback (most recent call last):
  File "/home/airflow/.local/lib/python3.12/site-packages/airflow/models/dagbag.py", line 351, in parse
    loader.exec_module(new_module)
  File "<frozen importlib._bootstrap_external>", line 995, in exec_module
  File "<frozen importlib._bootstrap>", line 488, in _call_with_frames_removed
  File "/opt/airflow/dags/dbt.py", line 2, in <module>
    from airflow.providers.standard.operators.bash import BashOperator
ModuleNotFoundError: No module named 'airflow.providers.standard'
[2026-03-19T00:34:18.282+0000] {processor.py:842} WARNING - No viable dags retrieved from /opt/airflow/dags/dbt.py
[2026-03-19T00:34:18.324+0000] {processor.py:183} INFO - Processing /opt/airflow/dags/dbt.py took 0.072 seconds
[2026-03-19T00:34:48.743+0000] {processor.py:161} INFO - Started process (PID=9596) to work on /opt/airflow/dags/dbt.py
[2026-03-19T00:34:48.745+0000] {processor.py:830} INFO - Processing file /opt/airflow/dags/dbt.py for tasks to queue
[2026-03-19T00:34:48.752+0000] {logging_mixin.py:188} INFO - [2026-03-19T00:34:48.752+0000] {dagbag.py:545} INFO - Filling up the DagBag from /opt/airflow/dags/dbt.py
[2026-03-19T00:34:48.761+0000] {logging_mixin.py:188} INFO - [2026-03-19T00:34:48.758+0000] {dagbag.py:355} ERROR - Failed to import: /opt/airflow/dags/dbt.py
Traceback (most recent call last):
  File "/home/airflow/.local/lib/python3.12/site-packages/airflow/models/dagbag.py", line 351, in parse
    loader.exec_module(new_module)
  File "<frozen importlib._bootstrap_external>", line 995, in exec_module
  File "<frozen importlib._bootstrap>", line 488, in _call_with_frames_removed
  File "/opt/airflow/dags/dbt.py", line 2, in <module>
    from airflow.providers.standard.operators.bash import BashOperator
ModuleNotFoundError: No module named 'airflow.providers.standard'
[2026-03-19T00:34:48.763+0000] {processor.py:842} WARNING - No viable dags retrieved from /opt/airflow/dags/dbt.py
[2026-03-19T00:34:48.796+0000] {processor.py:183} INFO - Processing /opt/airflow/dags/dbt.py took 0.069 seconds
[2026-03-19T00:35:19.261+0000] {processor.py:161} INFO - Started process (PID=9598) to work on /opt/airflow/dags/dbt.py
[2026-03-19T00:35:19.263+0000] {processor.py:830} INFO - Processing file /opt/airflow/dags/dbt.py for tasks to queue
[2026-03-19T00:35:19.271+0000] {logging_mixin.py:188} INFO - [2026-03-19T00:35:19.271+0000] {dagbag.py:545} INFO - Filling up the DagBag from /opt/airflow/dags/dbt.py
[2026-03-19T00:35:19.291+0000] {logging_mixin.py:188} INFO - [2026-03-19T00:35:19.283+0000] {dagbag.py:355} ERROR - Failed to import: /opt/airflow/dags/dbt.py
Traceback (most recent call last):
  File "/home/airflow/.local/lib/python3.12/site-packages/airflow/models/dagbag.py", line 351, in parse
    loader.exec_module(new_module)
  File "<frozen importlib._bootstrap_external>", line 995, in exec_module
  File "<frozen importlib._bootstrap>", line 488, in _call_with_frames_removed
  File "/opt/airflow/dags/dbt.py", line 2, in <module>
    from airflow.providers.standard.operators.bash import BashOperator
ModuleNotFoundError: No module named 'airflow.providers.standard'
[2026-03-19T00:35:19.292+0000] {processor.py:842} WARNING - No viable dags retrieved from /opt/airflow/dags/dbt.py
[2026-03-19T00:35:19.325+0000] {processor.py:183} INFO - Processing /opt/airflow/dags/dbt.py took 0.098 seconds
[2026-03-19T00:35:49.758+0000] {processor.py:161} INFO - Started process (PID=9600) to work on /opt/airflow/dags/dbt.py
[2026-03-19T00:35:49.764+0000] {processor.py:830} INFO - Processing file /opt/airflow/dags/dbt.py for tasks to queue
[2026-03-19T00:35:49.769+0000] {logging_mixin.py:188} INFO - [2026-03-19T00:35:49.768+0000] {dagbag.py:545} INFO - Filling up the DagBag from /opt/airflow/dags/dbt.py
[2026-03-19T00:35:49.786+0000] {logging_mixin.py:188} INFO - [2026-03-19T00:35:49.783+0000] {dagbag.py:355} ERROR - Failed to import: /opt/airflow/dags/dbt.py
Traceback (most recent call last):
  File "/home/airflow/.local/lib/python3.12/site-packages/airflow/models/dagbag.py", line 351, in parse
    loader.exec_module(new_module)
  File "<frozen importlib._bootstrap_external>", line 995, in exec_module
  File "<frozen importlib._bootstrap>", line 488, in _call_with_frames_removed
  File "/opt/airflow/dags/dbt.py", line 2, in <module>
    from airflow.providers.standard.operators.bash import BashOperator
ModuleNotFoundError: No module named 'airflow.providers.standard'
[2026-03-19T00:35:49.787+0000] {processor.py:842} WARNING - No viable dags retrieved from /opt/airflow/dags/dbt.py
[2026-03-19T00:35:49.822+0000] {processor.py:183} INFO - Processing /opt/airflow/dags/dbt.py took 0.086 seconds
[2026-03-19T00:36:20.269+0000] {processor.py:161} INFO - Started process (PID=9602) to work on /opt/airflow/dags/dbt.py
[2026-03-19T00:36:20.271+0000] {processor.py:830} INFO - Processing file /opt/airflow/dags/dbt.py for tasks to queue
[2026-03-19T00:36:20.281+0000] {logging_mixin.py:188} INFO - [2026-03-19T00:36:20.280+0000] {dagbag.py:545} INFO - Filling up the DagBag from /opt/airflow/dags/dbt.py
[2026-03-19T00:36:20.288+0000] {logging_mixin.py:188} INFO - [2026-03-19T00:36:20.287+0000] {dagbag.py:355} ERROR - Failed to import: /opt/airflow/dags/dbt.py
Traceback (most recent call last):
  File "/home/airflow/.local/lib/python3.12/site-packages/airflow/models/dagbag.py", line 351, in parse
    loader.exec_module(new_module)
  File "<frozen importlib._bootstrap_external>", line 995, in exec_module
  File "<frozen importlib._bootstrap>", line 488, in _call_with_frames_removed
  File "/opt/airflow/dags/dbt.py", line 2, in <module>
    from airflow.providers.standard.operators.bash import BashOperator
ModuleNotFoundError: No module named 'airflow.providers.standard'
[2026-03-19T00:36:20.289+0000] {processor.py:842} WARNING - No viable dags retrieved from /opt/airflow/dags/dbt.py
[2026-03-19T00:36:20.335+0000] {processor.py:183} INFO - Processing /opt/airflow/dags/dbt.py took 0.089 seconds
[2026-03-19T00:36:50.805+0000] {processor.py:161} INFO - Started process (PID=9604) to work on /opt/airflow/dags/dbt.py
[2026-03-19T00:36:50.807+0000] {processor.py:830} INFO - Processing file /opt/airflow/dags/dbt.py for tasks to queue
[2026-03-19T00:36:50.814+0000] {logging_mixin.py:188} INFO - [2026-03-19T00:36:50.813+0000] {dagbag.py:545} INFO - Filling up the DagBag from /opt/airflow/dags/dbt.py
[2026-03-19T00:36:50.824+0000] {logging_mixin.py:188} INFO - [2026-03-19T00:36:50.822+0000] {dagbag.py:355} ERROR - Failed to import: /opt/airflow/dags/dbt.py
Traceback (most recent call last):
  File "/home/airflow/.local/lib/python3.12/site-packages/airflow/models/dagbag.py", line 351, in parse
    loader.exec_module(new_module)
  File "<frozen importlib._bootstrap_external>", line 995, in exec_module
  File "<frozen importlib._bootstrap>", line 488, in _call_with_frames_removed
  File "/opt/airflow/dags/dbt.py", line 2, in <module>
    from airflow.providers.standard.operators.bash import BashOperator
ModuleNotFoundError: No module named 'airflow.providers.standard'
[2026-03-19T00:36:50.826+0000] {processor.py:842} WARNING - No viable dags retrieved from /opt/airflow/dags/dbt.py
[2026-03-19T00:36:50.871+0000] {processor.py:183} INFO - Processing /opt/airflow/dags/dbt.py took 0.096 seconds
[2026-03-19T00:37:21.306+0000] {processor.py:161} INFO - Started process (PID=9606) to work on /opt/airflow/dags/dbt.py
[2026-03-19T00:37:21.309+0000] {processor.py:830} INFO - Processing file /opt/airflow/dags/dbt.py for tasks to queue
[2026-03-19T00:37:21.314+0000] {logging_mixin.py:188} INFO - [2026-03-19T00:37:21.313+0000] {dagbag.py:545} INFO - Filling up the DagBag from /opt/airflow/dags/dbt.py
[2026-03-19T00:37:21.328+0000] {logging_mixin.py:188} INFO - [2026-03-19T00:37:21.326+0000] {dagbag.py:355} ERROR - Failed to import: /opt/airflow/dags/dbt.py
Traceback (most recent call last):
  File "/home/airflow/.local/lib/python3.12/site-packages/airflow/models/dagbag.py", line 351, in parse
    loader.exec_module(new_module)
  File "<frozen importlib._bootstrap_external>", line 995, in exec_module
  File "<frozen importlib._bootstrap>", line 488, in _call_with_frames_removed
  File "/opt/airflow/dags/dbt.py", line 2, in <module>
    from airflow.providers.standard.operators.bash import BashOperator
ModuleNotFoundError: No module named 'airflow.providers.standard'
[2026-03-19T00:37:21.328+0000] {processor.py:842} WARNING - No viable dags retrieved from /opt/airflow/dags/dbt.py
[2026-03-19T00:37:21.379+0000] {processor.py:183} INFO - Processing /opt/airflow/dags/dbt.py took 0.100 seconds
[2026-03-19T00:37:51.822+0000] {processor.py:161} INFO - Started process (PID=9608) to work on /opt/airflow/dags/dbt.py
[2026-03-19T00:37:51.824+0000] {processor.py:830} INFO - Processing file /opt/airflow/dags/dbt.py for tasks to queue
[2026-03-19T00:37:51.831+0000] {logging_mixin.py:188} INFO - [2026-03-19T00:37:51.830+0000] {dagbag.py:545} INFO - Filling up the DagBag from /opt/airflow/dags/dbt.py
[2026-03-19T00:37:51.840+0000] {logging_mixin.py:188} INFO - [2026-03-19T00:37:51.837+0000] {dagbag.py:355} ERROR - Failed to import: /opt/airflow/dags/dbt.py
Traceback (most recent call last):
  File "/home/airflow/.local/lib/python3.12/site-packages/airflow/models/dagbag.py", line 351, in parse
    loader.exec_module(new_module)
  File "<frozen importlib._bootstrap_external>", line 995, in exec_module
  File "<frozen importlib._bootstrap>", line 488, in _call_with_frames_removed
  File "/opt/airflow/dags/dbt.py", line 2, in <module>
    from airflow.providers.standard.operators.bash import BashOperator
ModuleNotFoundError: No module named 'airflow.providers.standard'
[2026-03-19T00:37:51.843+0000] {processor.py:842} WARNING - No viable dags retrieved from /opt/airflow/dags/dbt.py
[2026-03-19T00:37:51.886+0000] {processor.py:183} INFO - Processing /opt/airflow/dags/dbt.py took 0.089 seconds
[2026-03-19T00:38:22.355+0000] {processor.py:161} INFO - Started process (PID=9610) to work on /opt/airflow/dags/dbt.py
[2026-03-19T00:38:22.356+0000] {processor.py:830} INFO - Processing file /opt/airflow/dags/dbt.py for tasks to queue
[2026-03-19T00:38:22.366+0000] {logging_mixin.py:188} INFO - [2026-03-19T00:38:22.365+0000] {dagbag.py:545} INFO - Filling up the DagBag from /opt/airflow/dags/dbt.py
[2026-03-19T00:38:22.378+0000] {logging_mixin.py:188} INFO - [2026-03-19T00:38:22.376+0000] {dagbag.py:355} ERROR - Failed to import: /opt/airflow/dags/dbt.py
Traceback (most recent call last):
  File "/home/airflow/.local/lib/python3.12/site-packages/airflow/models/dagbag.py", line 351, in parse
    loader.exec_module(new_module)
  File "<frozen importlib._bootstrap_external>", line 995, in exec_module
  File "<frozen importlib._bootstrap>", line 488, in _call_with_frames_removed
  File "/opt/airflow/dags/dbt.py", line 2, in <module>
    from airflow.providers.standard.operators.bash import BashOperator
ModuleNotFoundError: No module named 'airflow.providers.standard'
[2026-03-19T00:38:22.379+0000] {processor.py:842} WARNING - No viable dags retrieved from /opt/airflow/dags/dbt.py
[2026-03-19T00:38:22.423+0000] {processor.py:183} INFO - Processing /opt/airflow/dags/dbt.py took 0.087 seconds
[2026-03-19T00:38:52.858+0000] {processor.py:161} INFO - Started process (PID=9612) to work on /opt/airflow/dags/dbt.py
[2026-03-19T00:38:52.860+0000] {processor.py:830} INFO - Processing file /opt/airflow/dags/dbt.py for tasks to queue
[2026-03-19T00:38:52.870+0000] {logging_mixin.py:188} INFO - [2026-03-19T00:38:52.869+0000] {dagbag.py:545} INFO - Filling up the DagBag from /opt/airflow/dags/dbt.py
[2026-03-19T00:38:52.878+0000] {logging_mixin.py:188} INFO - [2026-03-19T00:38:52.875+0000] {dagbag.py:355} ERROR - Failed to import: /opt/airflow/dags/dbt.py
Traceback (most recent call last):
  File "/home/airflow/.local/lib/python3.12/site-packages/airflow/models/dagbag.py", line 351, in parse
    loader.exec_module(new_module)
  File "<frozen importlib._bootstrap_external>", line 995, in exec_module
  File "<frozen importlib._bootstrap>", line 488, in _call_with_frames_removed
  File "/opt/airflow/dags/dbt.py", line 2, in <module>
    from airflow.providers.standard.operators.bash import BashOperator
ModuleNotFoundError: No module named 'airflow.providers.standard'
[2026-03-19T00:38:52.881+0000] {processor.py:842} WARNING - No viable dags retrieved from /opt/airflow/dags/dbt.py
[2026-03-19T00:38:52.920+0000] {processor.py:183} INFO - Processing /opt/airflow/dags/dbt.py took 0.079 seconds
[2026-03-19T00:39:23.349+0000] {processor.py:161} INFO - Started process (PID=9614) to work on /opt/airflow/dags/dbt.py
[2026-03-19T00:39:23.352+0000] {processor.py:830} INFO - Processing file /opt/airflow/dags/dbt.py for tasks to queue
[2026-03-19T00:39:23.357+0000] {logging_mixin.py:188} INFO - [2026-03-19T00:39:23.357+0000] {dagbag.py:545} INFO - Filling up the DagBag from /opt/airflow/dags/dbt.py
[2026-03-19T00:39:23.367+0000] {logging_mixin.py:188} INFO - [2026-03-19T00:39:23.365+0000] {dagbag.py:355} ERROR - Failed to import: /opt/airflow/dags/dbt.py
Traceback (most recent call last):
  File "/home/airflow/.local/lib/python3.12/site-packages/airflow/models/dagbag.py", line 351, in parse
    loader.exec_module(new_module)
  File "<frozen importlib._bootstrap_external>", line 995, in exec_module
  File "<frozen importlib._bootstrap>", line 488, in _call_with_frames_removed
  File "/opt/airflow/dags/dbt.py", line 2, in <module>
    from airflow.providers.standard.operators.bash import BashOperator
ModuleNotFoundError: No module named 'airflow.providers.standard'
[2026-03-19T00:39:23.367+0000] {processor.py:842} WARNING - No viable dags retrieved from /opt/airflow/dags/dbt.py
[2026-03-19T00:39:23.409+0000] {processor.py:183} INFO - Processing /opt/airflow/dags/dbt.py took 0.081 seconds
[2026-03-19T00:39:53.899+0000] {processor.py:161} INFO - Started process (PID=9616) to work on /opt/airflow/dags/dbt.py
[2026-03-19T00:39:53.901+0000] {processor.py:830} INFO - Processing file /opt/airflow/dags/dbt.py for tasks to queue
[2026-03-19T00:39:53.906+0000] {logging_mixin.py:188} INFO - [2026-03-19T00:39:53.906+0000] {dagbag.py:545} INFO - Filling up the DagBag from /opt/airflow/dags/dbt.py
[2026-03-19T00:39:53.921+0000] {logging_mixin.py:188} INFO - [2026-03-19T00:39:53.916+0000] {dagbag.py:355} ERROR - Failed to import: /opt/airflow/dags/dbt.py
Traceback (most recent call last):
  File "/home/airflow/.local/lib/python3.12/site-packages/airflow/models/dagbag.py", line 351, in parse
    loader.exec_module(new_module)
  File "<frozen importlib._bootstrap_external>", line 995, in exec_module
  File "<frozen importlib._bootstrap>", line 488, in _call_with_frames_removed
  File "/opt/airflow/dags/dbt.py", line 2, in <module>
    from airflow.providers.standard.operators.bash import BashOperator
ModuleNotFoundError: No module named 'airflow.providers.standard'
[2026-03-19T00:39:53.922+0000] {processor.py:842} WARNING - No viable dags retrieved from /opt/airflow/dags/dbt.py
[2026-03-19T00:39:53.966+0000] {processor.py:183} INFO - Processing /opt/airflow/dags/dbt.py took 0.103 seconds
[2026-03-19T00:40:24.420+0000] {processor.py:161} INFO - Started process (PID=9618) to work on /opt/airflow/dags/dbt.py
[2026-03-19T00:40:24.422+0000] {processor.py:830} INFO - Processing file /opt/airflow/dags/dbt.py for tasks to queue
[2026-03-19T00:40:24.426+0000] {logging_mixin.py:188} INFO - [2026-03-19T00:40:24.425+0000] {dagbag.py:545} INFO - Filling up the DagBag from /opt/airflow/dags/dbt.py
[2026-03-19T00:40:24.438+0000] {logging_mixin.py:188} INFO - [2026-03-19T00:40:24.435+0000] {dagbag.py:355} ERROR - Failed to import: /opt/airflow/dags/dbt.py
Traceback (most recent call last):
  File "/home/airflow/.local/lib/python3.12/site-packages/airflow/models/dagbag.py", line 351, in parse
    loader.exec_module(new_module)
  File "<frozen importlib._bootstrap_external>", line 995, in exec_module
  File "<frozen importlib._bootstrap>", line 488, in _call_with_frames_removed
  File "/opt/airflow/dags/dbt.py", line 2, in <module>
    from airflow.providers.standard.operators.bash import BashOperator
ModuleNotFoundError: No module named 'airflow.providers.standard'
[2026-03-19T00:40:24.439+0000] {processor.py:842} WARNING - No viable dags retrieved from /opt/airflow/dags/dbt.py
[2026-03-19T00:40:24.480+0000] {processor.py:183} INFO - Processing /opt/airflow/dags/dbt.py took 0.090 seconds
[2026-03-19T00:40:54.886+0000] {processor.py:161} INFO - Started process (PID=9620) to work on /opt/airflow/dags/dbt.py
[2026-03-19T00:40:54.888+0000] {processor.py:830} INFO - Processing file /opt/airflow/dags/dbt.py for tasks to queue
[2026-03-19T00:40:54.897+0000] {logging_mixin.py:188} INFO - [2026-03-19T00:40:54.897+0000] {dagbag.py:545} INFO - Filling up the DagBag from /opt/airflow/dags/dbt.py
[2026-03-19T00:40:54.906+0000] {logging_mixin.py:188} INFO - [2026-03-19T00:40:54.903+0000] {dagbag.py:355} ERROR - Failed to import: /opt/airflow/dags/dbt.py
Traceback (most recent call last):
  File "/home/airflow/.local/lib/python3.12/site-packages/airflow/models/dagbag.py", line 351, in parse
    loader.exec_module(new_module)
  File "<frozen importlib._bootstrap_external>", line 995, in exec_module
  File "<frozen importlib._bootstrap>", line 488, in _call_with_frames_removed
  File "/opt/airflow/dags/dbt.py", line 2, in <module>
    from airflow.providers.standard.operators.bash import BashOperator
ModuleNotFoundError: No module named 'airflow.providers.standard'
[2026-03-19T00:40:54.908+0000] {processor.py:842} WARNING - No viable dags retrieved from /opt/airflow/dags/dbt.py
[2026-03-19T00:40:54.955+0000] {processor.py:183} INFO - Processing /opt/airflow/dags/dbt.py took 0.085 seconds
[2026-03-19T00:41:25.728+0000] {processor.py:161} INFO - Started process (PID=9622) to work on /opt/airflow/dags/dbt.py
[2026-03-19T00:41:25.735+0000] {processor.py:830} INFO - Processing file /opt/airflow/dags/dbt.py for tasks to queue
[2026-03-19T00:41:25.755+0000] {logging_mixin.py:188} INFO - [2026-03-19T00:41:25.755+0000] {dagbag.py:545} INFO - Filling up the DagBag from /opt/airflow/dags/dbt.py
[2026-03-19T00:41:25.769+0000] {logging_mixin.py:188} INFO - [2026-03-19T00:41:25.766+0000] {dagbag.py:355} ERROR - Failed to import: /opt/airflow/dags/dbt.py
Traceback (most recent call last):
  File "/home/airflow/.local/lib/python3.12/site-packages/airflow/models/dagbag.py", line 351, in parse
    loader.exec_module(new_module)
  File "<frozen importlib._bootstrap_external>", line 995, in exec_module
  File "<frozen importlib._bootstrap>", line 488, in _call_with_frames_removed
  File "/opt/airflow/dags/dbt.py", line 2, in <module>
    from airflow.providers.standard.operators.bash import BashOperator
ModuleNotFoundError: No module named 'airflow.providers.standard'
[2026-03-19T00:41:25.771+0000] {processor.py:842} WARNING - No viable dags retrieved from /opt/airflow/dags/dbt.py
[2026-03-19T00:41:25.839+0000] {processor.py:183} INFO - Processing /opt/airflow/dags/dbt.py took 0.181 seconds
[2026-03-19T00:41:56.330+0000] {processor.py:161} INFO - Started process (PID=9624) to work on /opt/airflow/dags/dbt.py
[2026-03-19T00:41:56.334+0000] {processor.py:830} INFO - Processing file /opt/airflow/dags/dbt.py for tasks to queue
[2026-03-19T00:41:56.339+0000] {logging_mixin.py:188} INFO - [2026-03-19T00:41:56.337+0000] {dagbag.py:545} INFO - Filling up the DagBag from /opt/airflow/dags/dbt.py
[2026-03-19T00:41:56.353+0000] {logging_mixin.py:188} INFO - [2026-03-19T00:41:56.351+0000] {dagbag.py:355} ERROR - Failed to import: /opt/airflow/dags/dbt.py
Traceback (most recent call last):
  File "/home/airflow/.local/lib/python3.12/site-packages/airflow/models/dagbag.py", line 351, in parse
    loader.exec_module(new_module)
  File "<frozen importlib._bootstrap_external>", line 995, in exec_module
  File "<frozen importlib._bootstrap>", line 488, in _call_with_frames_removed
  File "/opt/airflow/dags/dbt.py", line 2, in <module>
    from airflow.providers.standard.operators.bash import BashOperator
ModuleNotFoundError: No module named 'airflow.providers.standard'
[2026-03-19T00:41:56.354+0000] {processor.py:842} WARNING - No viable dags retrieved from /opt/airflow/dags/dbt.py
[2026-03-19T00:41:56.399+0000] {processor.py:183} INFO - Processing /opt/airflow/dags/dbt.py took 0.083 seconds
[2026-03-19T00:42:26.889+0000] {processor.py:161} INFO - Started process (PID=9626) to work on /opt/airflow/dags/dbt.py
[2026-03-19T00:42:26.890+0000] {processor.py:830} INFO - Processing file /opt/airflow/dags/dbt.py for tasks to queue
[2026-03-19T00:42:26.898+0000] {logging_mixin.py:188} INFO - [2026-03-19T00:42:26.897+0000] {dagbag.py:545} INFO - Filling up the DagBag from /opt/airflow/dags/dbt.py
[2026-03-19T00:42:26.908+0000] {logging_mixin.py:188} INFO - [2026-03-19T00:42:26.905+0000] {dagbag.py:355} ERROR - Failed to import: /opt/airflow/dags/dbt.py
Traceback (most recent call last):
  File "/home/airflow/.local/lib/python3.12/site-packages/airflow/models/dagbag.py", line 351, in parse
    loader.exec_module(new_module)
  File "<frozen importlib._bootstrap_external>", line 995, in exec_module
  File "<frozen importlib._bootstrap>", line 488, in _call_with_frames_removed
  File "/opt/airflow/dags/dbt.py", line 2, in <module>
    from airflow.providers.standard.operators.bash import BashOperator
ModuleNotFoundError: No module named 'airflow.providers.standard'
[2026-03-19T00:42:26.911+0000] {processor.py:842} WARNING - No viable dags retrieved from /opt/airflow/dags/dbt.py
[2026-03-19T00:42:26.956+0000] {processor.py:183} INFO - Processing /opt/airflow/dags/dbt.py took 0.082 seconds
[2026-03-19T00:42:57.360+0000] {processor.py:161} INFO - Started process (PID=9628) to work on /opt/airflow/dags/dbt.py
[2026-03-19T00:42:57.362+0000] {processor.py:830} INFO - Processing file /opt/airflow/dags/dbt.py for tasks to queue
[2026-03-19T00:42:57.373+0000] {logging_mixin.py:188} INFO - [2026-03-19T00:42:57.372+0000] {dagbag.py:545} INFO - Filling up the DagBag from /opt/airflow/dags/dbt.py
[2026-03-19T00:42:57.383+0000] {logging_mixin.py:188} INFO - [2026-03-19T00:42:57.381+0000] {dagbag.py:355} ERROR - Failed to import: /opt/airflow/dags/dbt.py
Traceback (most recent call last):
  File "/home/airflow/.local/lib/python3.12/site-packages/airflow/models/dagbag.py", line 351, in parse
    loader.exec_module(new_module)
  File "<frozen importlib._bootstrap_external>", line 995, in exec_module
  File "<frozen importlib._bootstrap>", line 488, in _call_with_frames_removed
  File "/opt/airflow/dags/dbt.py", line 2, in <module>
    from airflow.providers.standard.operators.bash import BashOperator
ModuleNotFoundError: No module named 'airflow.providers.standard'
[2026-03-19T00:42:57.386+0000] {processor.py:842} WARNING - No viable dags retrieved from /opt/airflow/dags/dbt.py
[2026-03-19T00:42:57.434+0000] {processor.py:183} INFO - Processing /opt/airflow/dags/dbt.py took 0.096 seconds
[2026-03-19T00:43:27.951+0000] {processor.py:161} INFO - Started process (PID=9630) to work on /opt/airflow/dags/dbt.py
[2026-03-19T00:43:27.953+0000] {processor.py:830} INFO - Processing file /opt/airflow/dags/dbt.py for tasks to queue
[2026-03-19T00:43:27.962+0000] {logging_mixin.py:188} INFO - [2026-03-19T00:43:27.958+0000] {dagbag.py:545} INFO - Filling up the DagBag from /opt/airflow/dags/dbt.py
[2026-03-19T00:43:27.982+0000] {logging_mixin.py:188} INFO - [2026-03-19T00:43:27.980+0000] {dagbag.py:355} ERROR - Failed to import: /opt/airflow/dags/dbt.py
Traceback (most recent call last):
  File "/home/airflow/.local/lib/python3.12/site-packages/airflow/models/dagbag.py", line 351, in parse
    loader.exec_module(new_module)
  File "<frozen importlib._bootstrap_external>", line 995, in exec_module
  File "<frozen importlib._bootstrap>", line 488, in _call_with_frames_removed
  File "/opt/airflow/dags/dbt.py", line 2, in <module>
    from airflow.providers.standard.operators.bash import BashOperator
ModuleNotFoundError: No module named 'airflow.providers.standard'
[2026-03-19T00:43:27.983+0000] {processor.py:842} WARNING - No viable dags retrieved from /opt/airflow/dags/dbt.py
[2026-03-19T00:43:28.019+0000] {processor.py:183} INFO - Processing /opt/airflow/dags/dbt.py took 0.098 seconds
[2026-03-19T00:43:58.485+0000] {processor.py:161} INFO - Started process (PID=9632) to work on /opt/airflow/dags/dbt.py
[2026-03-19T00:43:58.487+0000] {processor.py:830} INFO - Processing file /opt/airflow/dags/dbt.py for tasks to queue
[2026-03-19T00:43:58.494+0000] {logging_mixin.py:188} INFO - [2026-03-19T00:43:58.493+0000] {dagbag.py:545} INFO - Filling up the DagBag from /opt/airflow/dags/dbt.py
[2026-03-19T00:43:58.503+0000] {logging_mixin.py:188} INFO - [2026-03-19T00:43:58.501+0000] {dagbag.py:355} ERROR - Failed to import: /opt/airflow/dags/dbt.py
Traceback (most recent call last):
  File "/home/airflow/.local/lib/python3.12/site-packages/airflow/models/dagbag.py", line 351, in parse
    loader.exec_module(new_module)
  File "<frozen importlib._bootstrap_external>", line 995, in exec_module
  File "<frozen importlib._bootstrap>", line 488, in _call_with_frames_removed
  File "/opt/airflow/dags/dbt.py", line 2, in <module>
    from airflow.providers.standard.operators.bash import BashOperator
ModuleNotFoundError: No module named 'airflow.providers.standard'
[2026-03-19T00:43:58.504+0000] {processor.py:842} WARNING - No viable dags retrieved from /opt/airflow/dags/dbt.py
[2026-03-19T00:43:58.542+0000] {processor.py:183} INFO - Processing /opt/airflow/dags/dbt.py took 0.076 seconds
[2026-03-19T00:44:28.980+0000] {processor.py:161} INFO - Started process (PID=9634) to work on /opt/airflow/dags/dbt.py
[2026-03-19T00:44:28.983+0000] {processor.py:830} INFO - Processing file /opt/airflow/dags/dbt.py for tasks to queue
[2026-03-19T00:44:28.987+0000] {logging_mixin.py:188} INFO - [2026-03-19T00:44:28.987+0000] {dagbag.py:545} INFO - Filling up the DagBag from /opt/airflow/dags/dbt.py
[2026-03-19T00:44:29.000+0000] {logging_mixin.py:188} INFO - [2026-03-19T00:44:28.995+0000] {dagbag.py:355} ERROR - Failed to import: /opt/airflow/dags/dbt.py
Traceback (most recent call last):
  File "/home/airflow/.local/lib/python3.12/site-packages/airflow/models/dagbag.py", line 351, in parse
    loader.exec_module(new_module)
  File "<frozen importlib._bootstrap_external>", line 995, in exec_module
  File "<frozen importlib._bootstrap>", line 488, in _call_with_frames_removed
  File "/opt/airflow/dags/dbt.py", line 2, in <module>
    from airflow.providers.standard.operators.bash import BashOperator
ModuleNotFoundError: No module named 'airflow.providers.standard'
[2026-03-19T00:44:29.004+0000] {processor.py:842} WARNING - No viable dags retrieved from /opt/airflow/dags/dbt.py
[2026-03-19T00:44:29.038+0000] {processor.py:183} INFO - Processing /opt/airflow/dags/dbt.py took 0.076 seconds
[2026-03-19T00:44:59.555+0000] {processor.py:161} INFO - Started process (PID=9636) to work on /opt/airflow/dags/dbt.py
[2026-03-19T00:44:59.557+0000] {processor.py:830} INFO - Processing file /opt/airflow/dags/dbt.py for tasks to queue
[2026-03-19T00:44:59.566+0000] {logging_mixin.py:188} INFO - [2026-03-19T00:44:59.565+0000] {dagbag.py:545} INFO - Filling up the DagBag from /opt/airflow/dags/dbt.py
[2026-03-19T00:44:59.577+0000] {logging_mixin.py:188} INFO - [2026-03-19T00:44:59.574+0000] {dagbag.py:355} ERROR - Failed to import: /opt/airflow/dags/dbt.py
Traceback (most recent call last):
  File "/home/airflow/.local/lib/python3.12/site-packages/airflow/models/dagbag.py", line 351, in parse
    loader.exec_module(new_module)
  File "<frozen importlib._bootstrap_external>", line 995, in exec_module
  File "<frozen importlib._bootstrap>", line 488, in _call_with_frames_removed
  File "/opt/airflow/dags/dbt.py", line 2, in <module>
    from airflow.providers.standard.operators.bash import BashOperator
ModuleNotFoundError: No module named 'airflow.providers.standard'
[2026-03-19T00:44:59.578+0000] {processor.py:842} WARNING - No viable dags retrieved from /opt/airflow/dags/dbt.py
[2026-03-19T00:44:59.618+0000] {processor.py:183} INFO - Processing /opt/airflow/dags/dbt.py took 0.085 seconds
[2026-03-19T00:45:30.205+0000] {processor.py:161} INFO - Started process (PID=9638) to work on /opt/airflow/dags/dbt.py
[2026-03-19T00:45:30.207+0000] {processor.py:830} INFO - Processing file /opt/airflow/dags/dbt.py for tasks to queue
[2026-03-19T00:45:30.215+0000] {logging_mixin.py:188} INFO - [2026-03-19T00:45:30.214+0000] {dagbag.py:545} INFO - Filling up the DagBag from /opt/airflow/dags/dbt.py
[2026-03-19T00:45:30.228+0000] {logging_mixin.py:188} INFO - [2026-03-19T00:45:30.227+0000] {dagbag.py:355} ERROR - Failed to import: /opt/airflow/dags/dbt.py
Traceback (most recent call last):
  File "/home/airflow/.local/lib/python3.12/site-packages/airflow/models/dagbag.py", line 351, in parse
    loader.exec_module(new_module)
  File "<frozen importlib._bootstrap_external>", line 995, in exec_module
  File "<frozen importlib._bootstrap>", line 488, in _call_with_frames_removed
  File "/opt/airflow/dags/dbt.py", line 2, in <module>
    from airflow.providers.standard.operators.bash import BashOperator
ModuleNotFoundError: No module named 'airflow.providers.standard'
[2026-03-19T00:45:30.230+0000] {processor.py:842} WARNING - No viable dags retrieved from /opt/airflow/dags/dbt.py
[2026-03-19T00:45:30.268+0000] {processor.py:183} INFO - Processing /opt/airflow/dags/dbt.py took 0.089 seconds
[2026-03-19T00:46:00.727+0000] {processor.py:161} INFO - Started process (PID=9640) to work on /opt/airflow/dags/dbt.py
[2026-03-19T00:46:00.732+0000] {processor.py:830} INFO - Processing file /opt/airflow/dags/dbt.py for tasks to queue
[2026-03-19T00:46:00.738+0000] {logging_mixin.py:188} INFO - [2026-03-19T00:46:00.737+0000] {dagbag.py:545} INFO - Filling up the DagBag from /opt/airflow/dags/dbt.py
[2026-03-19T00:46:00.747+0000] {logging_mixin.py:188} INFO - [2026-03-19T00:46:00.743+0000] {dagbag.py:355} ERROR - Failed to import: /opt/airflow/dags/dbt.py
Traceback (most recent call last):
  File "/home/airflow/.local/lib/python3.12/site-packages/airflow/models/dagbag.py", line 351, in parse
    loader.exec_module(new_module)
  File "<frozen importlib._bootstrap_external>", line 995, in exec_module
  File "<frozen importlib._bootstrap>", line 488, in _call_with_frames_removed
  File "/opt/airflow/dags/dbt.py", line 2, in <module>
    from airflow.providers.standard.operators.bash import BashOperator
ModuleNotFoundError: No module named 'airflow.providers.standard'
[2026-03-19T00:46:00.748+0000] {processor.py:842} WARNING - No viable dags retrieved from /opt/airflow/dags/dbt.py
[2026-03-19T00:46:00.797+0000] {processor.py:183} INFO - Processing /opt/airflow/dags/dbt.py took 0.084 seconds
[2026-03-19T00:46:31.215+0000] {processor.py:161} INFO - Started process (PID=9642) to work on /opt/airflow/dags/dbt.py
[2026-03-19T00:46:31.221+0000] {processor.py:830} INFO - Processing file /opt/airflow/dags/dbt.py for tasks to queue
[2026-03-19T00:46:31.229+0000] {logging_mixin.py:188} INFO - [2026-03-19T00:46:31.228+0000] {dagbag.py:545} INFO - Filling up the DagBag from /opt/airflow/dags/dbt.py
[2026-03-19T00:46:31.237+0000] {logging_mixin.py:188} INFO - [2026-03-19T00:46:31.234+0000] {dagbag.py:355} ERROR - Failed to import: /opt/airflow/dags/dbt.py
Traceback (most recent call last):
  File "/home/airflow/.local/lib/python3.12/site-packages/airflow/models/dagbag.py", line 351, in parse
    loader.exec_module(new_module)
  File "<frozen importlib._bootstrap_external>", line 995, in exec_module
  File "<frozen importlib._bootstrap>", line 488, in _call_with_frames_removed
  File "/opt/airflow/dags/dbt.py", line 2, in <module>
    from airflow.providers.standard.operators.bash import BashOperator
ModuleNotFoundError: No module named 'airflow.providers.standard'
[2026-03-19T00:46:31.238+0000] {processor.py:842} WARNING - No viable dags retrieved from /opt/airflow/dags/dbt.py
[2026-03-19T00:46:31.289+0000] {processor.py:183} INFO - Processing /opt/airflow/dags/dbt.py took 0.089 seconds
[2026-03-19T00:47:01.823+0000] {processor.py:161} INFO - Started process (PID=9644) to work on /opt/airflow/dags/dbt.py
[2026-03-19T00:47:01.825+0000] {processor.py:830} INFO - Processing file /opt/airflow/dags/dbt.py for tasks to queue
[2026-03-19T00:47:01.841+0000] {logging_mixin.py:188} INFO - [2026-03-19T00:47:01.840+0000] {dagbag.py:545} INFO - Filling up the DagBag from /opt/airflow/dags/dbt.py
[2026-03-19T00:47:01.849+0000] {logging_mixin.py:188} INFO - [2026-03-19T00:47:01.847+0000] {dagbag.py:355} ERROR - Failed to import: /opt/airflow/dags/dbt.py
Traceback (most recent call last):
  File "/home/airflow/.local/lib/python3.12/site-packages/airflow/models/dagbag.py", line 351, in parse
    loader.exec_module(new_module)
  File "<frozen importlib._bootstrap_external>", line 995, in exec_module
  File "<frozen importlib._bootstrap>", line 488, in _call_with_frames_removed
  File "/opt/airflow/dags/dbt.py", line 2, in <module>
    from airflow.providers.standard.operators.bash import BashOperator
ModuleNotFoundError: No module named 'airflow.providers.standard'
[2026-03-19T00:47:01.852+0000] {processor.py:842} WARNING - No viable dags retrieved from /opt/airflow/dags/dbt.py
[2026-03-19T00:47:01.905+0000] {processor.py:183} INFO - Processing /opt/airflow/dags/dbt.py took 0.108 seconds
[2026-03-19T00:47:32.447+0000] {processor.py:161} INFO - Started process (PID=9646) to work on /opt/airflow/dags/dbt.py
[2026-03-19T00:47:32.449+0000] {processor.py:830} INFO - Processing file /opt/airflow/dags/dbt.py for tasks to queue
[2026-03-19T00:47:32.453+0000] {logging_mixin.py:188} INFO - [2026-03-19T00:47:32.453+0000] {dagbag.py:545} INFO - Filling up the DagBag from /opt/airflow/dags/dbt.py
[2026-03-19T00:47:32.466+0000] {logging_mixin.py:188} INFO - [2026-03-19T00:47:32.463+0000] {dagbag.py:355} ERROR - Failed to import: /opt/airflow/dags/dbt.py
Traceback (most recent call last):
  File "/home/airflow/.local/lib/python3.12/site-packages/airflow/models/dagbag.py", line 351, in parse
    loader.exec_module(new_module)
  File "<frozen importlib._bootstrap_external>", line 995, in exec_module
  File "<frozen importlib._bootstrap>", line 488, in _call_with_frames_removed
  File "/opt/airflow/dags/dbt.py", line 2, in <module>
    from airflow.providers.standard.operators.bash import BashOperator
ModuleNotFoundError: No module named 'airflow.providers.standard'
[2026-03-19T00:47:32.468+0000] {processor.py:842} WARNING - No viable dags retrieved from /opt/airflow/dags/dbt.py
[2026-03-19T00:47:32.513+0000] {processor.py:183} INFO - Processing /opt/airflow/dags/dbt.py took 0.093 seconds
[2026-03-19T00:48:03.056+0000] {processor.py:161} INFO - Started process (PID=9648) to work on /opt/airflow/dags/dbt.py
[2026-03-19T00:48:03.063+0000] {processor.py:830} INFO - Processing file /opt/airflow/dags/dbt.py for tasks to queue
[2026-03-19T00:48:03.067+0000] {logging_mixin.py:188} INFO - [2026-03-19T00:48:03.066+0000] {dagbag.py:545} INFO - Filling up the DagBag from /opt/airflow/dags/dbt.py
[2026-03-19T00:48:03.077+0000] {logging_mixin.py:188} INFO - [2026-03-19T00:48:03.076+0000] {dagbag.py:355} ERROR - Failed to import: /opt/airflow/dags/dbt.py
Traceback (most recent call last):
  File "/home/airflow/.local/lib/python3.12/site-packages/airflow/models/dagbag.py", line 351, in parse
    loader.exec_module(new_module)
  File "<frozen importlib._bootstrap_external>", line 995, in exec_module
  File "<frozen importlib._bootstrap>", line 488, in _call_with_frames_removed
  File "/opt/airflow/dags/dbt.py", line 2, in <module>
    from airflow.providers.standard.operators.bash import BashOperator
ModuleNotFoundError: No module named 'airflow.providers.standard'
[2026-03-19T00:48:03.077+0000] {processor.py:842} WARNING - No viable dags retrieved from /opt/airflow/dags/dbt.py
[2026-03-19T00:48:03.128+0000] {processor.py:183} INFO - Processing /opt/airflow/dags/dbt.py took 0.100 seconds
[2026-03-19T00:48:33.696+0000] {processor.py:161} INFO - Started process (PID=9650) to work on /opt/airflow/dags/dbt.py
[2026-03-19T00:48:33.700+0000] {processor.py:830} INFO - Processing file /opt/airflow/dags/dbt.py for tasks to queue
[2026-03-19T00:48:33.704+0000] {logging_mixin.py:188} INFO - [2026-03-19T00:48:33.704+0000] {dagbag.py:545} INFO - Filling up the DagBag from /opt/airflow/dags/dbt.py
[2026-03-19T00:48:33.716+0000] {logging_mixin.py:188} INFO - [2026-03-19T00:48:33.714+0000] {dagbag.py:355} ERROR - Failed to import: /opt/airflow/dags/dbt.py
Traceback (most recent call last):
  File "/home/airflow/.local/lib/python3.12/site-packages/airflow/models/dagbag.py", line 351, in parse
    loader.exec_module(new_module)
  File "<frozen importlib._bootstrap_external>", line 995, in exec_module
  File "<frozen importlib._bootstrap>", line 488, in _call_with_frames_removed
  File "/opt/airflow/dags/dbt.py", line 2, in <module>
    from airflow.providers.standard.operators.bash import BashOperator
ModuleNotFoundError: No module named 'airflow.providers.standard'
[2026-03-19T00:48:33.718+0000] {processor.py:842} WARNING - No viable dags retrieved from /opt/airflow/dags/dbt.py
[2026-03-19T00:48:33.753+0000] {processor.py:183} INFO - Processing /opt/airflow/dags/dbt.py took 0.079 seconds
[2026-03-19T00:49:04.357+0000] {processor.py:161} INFO - Started process (PID=9652) to work on /opt/airflow/dags/dbt.py
[2026-03-19T00:49:04.359+0000] {processor.py:830} INFO - Processing file /opt/airflow/dags/dbt.py for tasks to queue
[2026-03-19T00:49:04.369+0000] {logging_mixin.py:188} INFO - [2026-03-19T00:49:04.368+0000] {dagbag.py:545} INFO - Filling up the DagBag from /opt/airflow/dags/dbt.py
[2026-03-19T00:49:04.376+0000] {logging_mixin.py:188} INFO - [2026-03-19T00:49:04.374+0000] {dagbag.py:355} ERROR - Failed to import: /opt/airflow/dags/dbt.py
Traceback (most recent call last):
  File "/home/airflow/.local/lib/python3.12/site-packages/airflow/models/dagbag.py", line 351, in parse
    loader.exec_module(new_module)
  File "<frozen importlib._bootstrap_external>", line 995, in exec_module
  File "<frozen importlib._bootstrap>", line 488, in _call_with_frames_removed
  File "/opt/airflow/dags/dbt.py", line 2, in <module>
    from airflow.providers.standard.operators.bash import BashOperator
ModuleNotFoundError: No module named 'airflow.providers.standard'
[2026-03-19T00:49:04.377+0000] {processor.py:842} WARNING - No viable dags retrieved from /opt/airflow/dags/dbt.py
[2026-03-19T00:49:04.420+0000] {processor.py:183} INFO - Processing /opt/airflow/dags/dbt.py took 0.083 seconds
[2026-03-19T00:49:35.031+0000] {processor.py:161} INFO - Started process (PID=9654) to work on /opt/airflow/dags/dbt.py
[2026-03-19T00:49:35.034+0000] {processor.py:830} INFO - Processing file /opt/airflow/dags/dbt.py for tasks to queue
[2026-03-19T00:49:35.044+0000] {logging_mixin.py:188} INFO - [2026-03-19T00:49:35.043+0000] {dagbag.py:545} INFO - Filling up the DagBag from /opt/airflow/dags/dbt.py
[2026-03-19T00:49:35.053+0000] {logging_mixin.py:188} INFO - [2026-03-19T00:49:35.051+0000] {dagbag.py:355} ERROR - Failed to import: /opt/airflow/dags/dbt.py
Traceback (most recent call last):
  File "/home/airflow/.local/lib/python3.12/site-packages/airflow/models/dagbag.py", line 351, in parse
    loader.exec_module(new_module)
  File "<frozen importlib._bootstrap_external>", line 995, in exec_module
  File "<frozen importlib._bootstrap>", line 488, in _call_with_frames_removed
  File "/opt/airflow/dags/dbt.py", line 2, in <module>
    from airflow.providers.standard.operators.bash import BashOperator
ModuleNotFoundError: No module named 'airflow.providers.standard'
[2026-03-19T00:49:35.053+0000] {processor.py:842} WARNING - No viable dags retrieved from /opt/airflow/dags/dbt.py
[2026-03-19T00:49:35.109+0000] {processor.py:183} INFO - Processing /opt/airflow/dags/dbt.py took 0.106 seconds
[2026-03-19T00:50:05.620+0000] {processor.py:161} INFO - Started process (PID=9656) to work on /opt/airflow/dags/dbt.py
[2026-03-19T00:50:05.622+0000] {processor.py:830} INFO - Processing file /opt/airflow/dags/dbt.py for tasks to queue
[2026-03-19T00:50:05.629+0000] {logging_mixin.py:188} INFO - [2026-03-19T00:50:05.627+0000] {dagbag.py:545} INFO - Filling up the DagBag from /opt/airflow/dags/dbt.py
[2026-03-19T00:50:05.640+0000] {logging_mixin.py:188} INFO - [2026-03-19T00:50:05.638+0000] {dagbag.py:355} ERROR - Failed to import: /opt/airflow/dags/dbt.py
Traceback (most recent call last):
  File "/home/airflow/.local/lib/python3.12/site-packages/airflow/models/dagbag.py", line 351, in parse
    loader.exec_module(new_module)
  File "<frozen importlib._bootstrap_external>", line 995, in exec_module
  File "<frozen importlib._bootstrap>", line 488, in _call_with_frames_removed
  File "/opt/airflow/dags/dbt.py", line 2, in <module>
    from airflow.providers.standard.operators.bash import BashOperator
ModuleNotFoundError: No module named 'airflow.providers.standard'
[2026-03-19T00:50:05.641+0000] {processor.py:842} WARNING - No viable dags retrieved from /opt/airflow/dags/dbt.py
[2026-03-19T00:50:05.683+0000] {processor.py:183} INFO - Processing /opt/airflow/dags/dbt.py took 0.090 seconds
[2026-03-19T00:50:36.261+0000] {processor.py:161} INFO - Started process (PID=9658) to work on /opt/airflow/dags/dbt.py
[2026-03-19T00:50:36.269+0000] {processor.py:830} INFO - Processing file /opt/airflow/dags/dbt.py for tasks to queue
[2026-03-19T00:50:36.274+0000] {logging_mixin.py:188} INFO - [2026-03-19T00:50:36.274+0000] {dagbag.py:545} INFO - Filling up the DagBag from /opt/airflow/dags/dbt.py
[2026-03-19T00:50:36.289+0000] {logging_mixin.py:188} INFO - [2026-03-19T00:50:36.282+0000] {dagbag.py:355} ERROR - Failed to import: /opt/airflow/dags/dbt.py
Traceback (most recent call last):
  File "/home/airflow/.local/lib/python3.12/site-packages/airflow/models/dagbag.py", line 351, in parse
    loader.exec_module(new_module)
  File "<frozen importlib._bootstrap_external>", line 995, in exec_module
  File "<frozen importlib._bootstrap>", line 488, in _call_with_frames_removed
  File "/opt/airflow/dags/dbt.py", line 2, in <module>
    from airflow.providers.standard.operators.bash import BashOperator
ModuleNotFoundError: No module named 'airflow.providers.standard'
[2026-03-19T00:50:36.290+0000] {processor.py:842} WARNING - No viable dags retrieved from /opt/airflow/dags/dbt.py
[2026-03-19T00:50:36.326+0000] {processor.py:183} INFO - Processing /opt/airflow/dags/dbt.py took 0.091 seconds
[2026-03-19T00:51:06.890+0000] {processor.py:161} INFO - Started process (PID=9660) to work on /opt/airflow/dags/dbt.py
[2026-03-19T00:51:06.893+0000] {processor.py:830} INFO - Processing file /opt/airflow/dags/dbt.py for tasks to queue
[2026-03-19T00:51:06.903+0000] {logging_mixin.py:188} INFO - [2026-03-19T00:51:06.903+0000] {dagbag.py:545} INFO - Filling up the DagBag from /opt/airflow/dags/dbt.py
[2026-03-19T00:51:06.911+0000] {logging_mixin.py:188} INFO - [2026-03-19T00:51:06.909+0000] {dagbag.py:355} ERROR - Failed to import: /opt/airflow/dags/dbt.py
Traceback (most recent call last):
  File "/home/airflow/.local/lib/python3.12/site-packages/airflow/models/dagbag.py", line 351, in parse
    loader.exec_module(new_module)
  File "<frozen importlib._bootstrap_external>", line 995, in exec_module
  File "<frozen importlib._bootstrap>", line 488, in _call_with_frames_removed
  File "/opt/airflow/dags/dbt.py", line 2, in <module>
    from airflow.providers.standard.operators.bash import BashOperator
ModuleNotFoundError: No module named 'airflow.providers.standard'
[2026-03-19T00:51:06.913+0000] {processor.py:842} WARNING - No viable dags retrieved from /opt/airflow/dags/dbt.py
[2026-03-19T00:51:06.961+0000] {processor.py:183} INFO - Processing /opt/airflow/dags/dbt.py took 0.089 seconds
[2026-03-19T00:51:37.457+0000] {processor.py:161} INFO - Started process (PID=9662) to work on /opt/airflow/dags/dbt.py
[2026-03-19T00:51:37.463+0000] {processor.py:830} INFO - Processing file /opt/airflow/dags/dbt.py for tasks to queue
[2026-03-19T00:51:37.469+0000] {logging_mixin.py:188} INFO - [2026-03-19T00:51:37.468+0000] {dagbag.py:545} INFO - Filling up the DagBag from /opt/airflow/dags/dbt.py
[2026-03-19T00:51:37.480+0000] {logging_mixin.py:188} INFO - [2026-03-19T00:51:37.477+0000] {dagbag.py:355} ERROR - Failed to import: /opt/airflow/dags/dbt.py
Traceback (most recent call last):
  File "/home/airflow/.local/lib/python3.12/site-packages/airflow/models/dagbag.py", line 351, in parse
    loader.exec_module(new_module)
  File "<frozen importlib._bootstrap_external>", line 995, in exec_module
  File "<frozen importlib._bootstrap>", line 488, in _call_with_frames_removed
  File "/opt/airflow/dags/dbt.py", line 2, in <module>
    from airflow.providers.standard.operators.bash import BashOperator
ModuleNotFoundError: No module named 'airflow.providers.standard'
[2026-03-19T00:51:37.480+0000] {processor.py:842} WARNING - No viable dags retrieved from /opt/airflow/dags/dbt.py
[2026-03-19T00:51:37.526+0000] {processor.py:183} INFO - Processing /opt/airflow/dags/dbt.py took 0.089 seconds
[2026-03-19T00:52:08.102+0000] {processor.py:161} INFO - Started process (PID=9664) to work on /opt/airflow/dags/dbt.py
[2026-03-19T00:52:08.104+0000] {processor.py:830} INFO - Processing file /opt/airflow/dags/dbt.py for tasks to queue
[2026-03-19T00:52:08.116+0000] {logging_mixin.py:188} INFO - [2026-03-19T00:52:08.115+0000] {dagbag.py:545} INFO - Filling up the DagBag from /opt/airflow/dags/dbt.py
[2026-03-19T00:52:08.125+0000] {logging_mixin.py:188} INFO - [2026-03-19T00:52:08.123+0000] {dagbag.py:355} ERROR - Failed to import: /opt/airflow/dags/dbt.py
Traceback (most recent call last):
  File "/home/airflow/.local/lib/python3.12/site-packages/airflow/models/dagbag.py", line 351, in parse
    loader.exec_module(new_module)
  File "<frozen importlib._bootstrap_external>", line 995, in exec_module
  File "<frozen importlib._bootstrap>", line 488, in _call_with_frames_removed
  File "/opt/airflow/dags/dbt.py", line 2, in <module>
    from airflow.providers.standard.operators.bash import BashOperator
ModuleNotFoundError: No module named 'airflow.providers.standard'
[2026-03-19T00:52:08.127+0000] {processor.py:842} WARNING - No viable dags retrieved from /opt/airflow/dags/dbt.py
[2026-03-19T00:52:08.167+0000] {processor.py:183} INFO - Processing /opt/airflow/dags/dbt.py took 0.088 seconds
[2026-03-19T00:52:38.700+0000] {processor.py:161} INFO - Started process (PID=9666) to work on /opt/airflow/dags/dbt.py
[2026-03-19T00:52:38.702+0000] {processor.py:830} INFO - Processing file /opt/airflow/dags/dbt.py for tasks to queue
[2026-03-19T00:52:38.706+0000] {logging_mixin.py:188} INFO - [2026-03-19T00:52:38.706+0000] {dagbag.py:545} INFO - Filling up the DagBag from /opt/airflow/dags/dbt.py
[2026-03-19T00:52:38.716+0000] {logging_mixin.py:188} INFO - [2026-03-19T00:52:38.714+0000] {dagbag.py:355} ERROR - Failed to import: /opt/airflow/dags/dbt.py
Traceback (most recent call last):
  File "/home/airflow/.local/lib/python3.12/site-packages/airflow/models/dagbag.py", line 351, in parse
    loader.exec_module(new_module)
  File "<frozen importlib._bootstrap_external>", line 995, in exec_module
  File "<frozen importlib._bootstrap>", line 488, in _call_with_frames_removed
  File "/opt/airflow/dags/dbt.py", line 2, in <module>
    from airflow.providers.standard.operators.bash import BashOperator
ModuleNotFoundError: No module named 'airflow.providers.standard'
[2026-03-19T00:52:38.717+0000] {processor.py:842} WARNING - No viable dags retrieved from /opt/airflow/dags/dbt.py
[2026-03-19T00:52:38.758+0000] {processor.py:183} INFO - Processing /opt/airflow/dags/dbt.py took 0.091 seconds
[2026-03-19T00:53:09.380+0000] {processor.py:161} INFO - Started process (PID=9668) to work on /opt/airflow/dags/dbt.py
[2026-03-19T00:53:09.383+0000] {processor.py:830} INFO - Processing file /opt/airflow/dags/dbt.py for tasks to queue
[2026-03-19T00:53:09.388+0000] {logging_mixin.py:188} INFO - [2026-03-19T00:53:09.387+0000] {dagbag.py:545} INFO - Filling up the DagBag from /opt/airflow/dags/dbt.py
[2026-03-19T00:53:09.406+0000] {logging_mixin.py:188} INFO - [2026-03-19T00:53:09.402+0000] {dagbag.py:355} ERROR - Failed to import: /opt/airflow/dags/dbt.py
Traceback (most recent call last):
  File "/home/airflow/.local/lib/python3.12/site-packages/airflow/models/dagbag.py", line 351, in parse
    loader.exec_module(new_module)
  File "<frozen importlib._bootstrap_external>", line 995, in exec_module
  File "<frozen importlib._bootstrap>", line 488, in _call_with_frames_removed
  File "/opt/airflow/dags/dbt.py", line 2, in <module>
    from airflow.providers.standard.operators.bash import BashOperator
ModuleNotFoundError: No module named 'airflow.providers.standard'
[2026-03-19T00:53:09.406+0000] {processor.py:842} WARNING - No viable dags retrieved from /opt/airflow/dags/dbt.py
[2026-03-19T00:53:09.439+0000] {processor.py:183} INFO - Processing /opt/airflow/dags/dbt.py took 0.082 seconds
[2026-03-19T00:53:39.988+0000] {processor.py:161} INFO - Started process (PID=9670) to work on /opt/airflow/dags/dbt.py
[2026-03-19T00:53:39.992+0000] {processor.py:830} INFO - Processing file /opt/airflow/dags/dbt.py for tasks to queue
[2026-03-19T00:53:39.996+0000] {logging_mixin.py:188} INFO - [2026-03-19T00:53:39.996+0000] {dagbag.py:545} INFO - Filling up the DagBag from /opt/airflow/dags/dbt.py
[2026-03-19T00:53:40.008+0000] {logging_mixin.py:188} INFO - [2026-03-19T00:53:40.006+0000] {dagbag.py:355} ERROR - Failed to import: /opt/airflow/dags/dbt.py
Traceback (most recent call last):
  File "/home/airflow/.local/lib/python3.12/site-packages/airflow/models/dagbag.py", line 351, in parse
    loader.exec_module(new_module)
  File "<frozen importlib._bootstrap_external>", line 995, in exec_module
  File "<frozen importlib._bootstrap>", line 488, in _call_with_frames_removed
  File "/opt/airflow/dags/dbt.py", line 2, in <module>
    from airflow.providers.standard.operators.bash import BashOperator
ModuleNotFoundError: No module named 'airflow.providers.standard'
[2026-03-19T00:53:40.009+0000] {processor.py:842} WARNING - No viable dags retrieved from /opt/airflow/dags/dbt.py
[2026-03-19T00:53:40.052+0000] {processor.py:183} INFO - Processing /opt/airflow/dags/dbt.py took 0.087 seconds
[2026-03-19T00:54:10.602+0000] {processor.py:161} INFO - Started process (PID=9672) to work on /opt/airflow/dags/dbt.py
[2026-03-19T00:54:10.604+0000] {processor.py:830} INFO - Processing file /opt/airflow/dags/dbt.py for tasks to queue
[2026-03-19T00:54:10.616+0000] {logging_mixin.py:188} INFO - [2026-03-19T00:54:10.613+0000] {dagbag.py:545} INFO - Filling up the DagBag from /opt/airflow/dags/dbt.py
[2026-03-19T00:54:10.633+0000] {logging_mixin.py:188} INFO - [2026-03-19T00:54:10.626+0000] {dagbag.py:355} ERROR - Failed to import: /opt/airflow/dags/dbt.py
Traceback (most recent call last):
  File "/home/airflow/.local/lib/python3.12/site-packages/airflow/models/dagbag.py", line 351, in parse
    loader.exec_module(new_module)
  File "<frozen importlib._bootstrap_external>", line 995, in exec_module
  File "<frozen importlib._bootstrap>", line 488, in _call_with_frames_removed
  File "/opt/airflow/dags/dbt.py", line 2, in <module>
    from airflow.providers.standard.operators.bash import BashOperator
ModuleNotFoundError: No module named 'airflow.providers.standard'
[2026-03-19T00:54:10.634+0000] {processor.py:842} WARNING - No viable dags retrieved from /opt/airflow/dags/dbt.py
[2026-03-19T00:54:10.681+0000] {processor.py:183} INFO - Processing /opt/airflow/dags/dbt.py took 0.108 seconds
[2026-03-19T00:54:41.188+0000] {processor.py:161} INFO - Started process (PID=9674) to work on /opt/airflow/dags/dbt.py
[2026-03-19T00:54:41.191+0000] {processor.py:830} INFO - Processing file /opt/airflow/dags/dbt.py for tasks to queue
[2026-03-19T00:54:41.203+0000] {logging_mixin.py:188} INFO - [2026-03-19T00:54:41.202+0000] {dagbag.py:545} INFO - Filling up the DagBag from /opt/airflow/dags/dbt.py
[2026-03-19T00:54:41.215+0000] {logging_mixin.py:188} INFO - [2026-03-19T00:54:41.210+0000] {dagbag.py:355} ERROR - Failed to import: /opt/airflow/dags/dbt.py
Traceback (most recent call last):
  File "/home/airflow/.local/lib/python3.12/site-packages/airflow/models/dagbag.py", line 351, in parse
    loader.exec_module(new_module)
  File "<frozen importlib._bootstrap_external>", line 995, in exec_module
  File "<frozen importlib._bootstrap>", line 488, in _call_with_frames_removed
  File "/opt/airflow/dags/dbt.py", line 2, in <module>
    from airflow.providers.standard.operators.bash import BashOperator
ModuleNotFoundError: No module named 'airflow.providers.standard'
[2026-03-19T00:54:41.216+0000] {processor.py:842} WARNING - No viable dags retrieved from /opt/airflow/dags/dbt.py
[2026-03-19T00:54:41.256+0000] {processor.py:183} INFO - Processing /opt/airflow/dags/dbt.py took 0.095 seconds
[2026-03-19T00:55:11.825+0000] {processor.py:161} INFO - Started process (PID=9676) to work on /opt/airflow/dags/dbt.py
[2026-03-19T00:55:11.827+0000] {processor.py:830} INFO - Processing file /opt/airflow/dags/dbt.py for tasks to queue
[2026-03-19T00:55:11.839+0000] {logging_mixin.py:188} INFO - [2026-03-19T00:55:11.836+0000] {dagbag.py:545} INFO - Filling up the DagBag from /opt/airflow/dags/dbt.py
[2026-03-19T00:55:11.846+0000] {logging_mixin.py:188} INFO - [2026-03-19T00:55:11.845+0000] {dagbag.py:355} ERROR - Failed to import: /opt/airflow/dags/dbt.py
Traceback (most recent call last):
  File "/home/airflow/.local/lib/python3.12/site-packages/airflow/models/dagbag.py", line 351, in parse
    loader.exec_module(new_module)
  File "<frozen importlib._bootstrap_external>", line 995, in exec_module
  File "<frozen importlib._bootstrap>", line 488, in _call_with_frames_removed
  File "/opt/airflow/dags/dbt.py", line 2, in <module>
    from airflow.providers.standard.operators.bash import BashOperator
ModuleNotFoundError: No module named 'airflow.providers.standard'
[2026-03-19T00:55:11.848+0000] {processor.py:842} WARNING - No viable dags retrieved from /opt/airflow/dags/dbt.py
[2026-03-19T00:55:11.888+0000] {processor.py:183} INFO - Processing /opt/airflow/dags/dbt.py took 0.087 seconds
[2026-03-19T00:55:42.390+0000] {processor.py:161} INFO - Started process (PID=9678) to work on /opt/airflow/dags/dbt.py
[2026-03-19T00:55:42.392+0000] {processor.py:830} INFO - Processing file /opt/airflow/dags/dbt.py for tasks to queue
[2026-03-19T00:55:42.398+0000] {logging_mixin.py:188} INFO - [2026-03-19T00:55:42.397+0000] {dagbag.py:545} INFO - Filling up the DagBag from /opt/airflow/dags/dbt.py
[2026-03-19T00:55:42.410+0000] {logging_mixin.py:188} INFO - [2026-03-19T00:55:42.405+0000] {dagbag.py:355} ERROR - Failed to import: /opt/airflow/dags/dbt.py
Traceback (most recent call last):
  File "/home/airflow/.local/lib/python3.12/site-packages/airflow/models/dagbag.py", line 351, in parse
    loader.exec_module(new_module)
  File "<frozen importlib._bootstrap_external>", line 995, in exec_module
  File "<frozen importlib._bootstrap>", line 488, in _call_with_frames_removed
  File "/opt/airflow/dags/dbt.py", line 2, in <module>
    from airflow.providers.standard.operators.bash import BashOperator
ModuleNotFoundError: No module named 'airflow.providers.standard'
[2026-03-19T00:55:42.411+0000] {processor.py:842} WARNING - No viable dags retrieved from /opt/airflow/dags/dbt.py
[2026-03-19T00:55:42.451+0000] {processor.py:183} INFO - Processing /opt/airflow/dags/dbt.py took 0.086 seconds
[2026-03-19T00:56:13.035+0000] {processor.py:161} INFO - Started process (PID=9680) to work on /opt/airflow/dags/dbt.py
[2026-03-19T00:56:13.037+0000] {processor.py:830} INFO - Processing file /opt/airflow/dags/dbt.py for tasks to queue
[2026-03-19T00:56:13.041+0000] {logging_mixin.py:188} INFO - [2026-03-19T00:56:13.040+0000] {dagbag.py:545} INFO - Filling up the DagBag from /opt/airflow/dags/dbt.py
[2026-03-19T00:56:13.057+0000] {logging_mixin.py:188} INFO - [2026-03-19T00:56:13.053+0000] {dagbag.py:355} ERROR - Failed to import: /opt/airflow/dags/dbt.py
Traceback (most recent call last):
  File "/home/airflow/.local/lib/python3.12/site-packages/airflow/models/dagbag.py", line 351, in parse
    loader.exec_module(new_module)
  File "<frozen importlib._bootstrap_external>", line 995, in exec_module
  File "<frozen importlib._bootstrap>", line 488, in _call_with_frames_removed
  File "/opt/airflow/dags/dbt.py", line 2, in <module>
    from airflow.providers.standard.operators.bash import BashOperator
ModuleNotFoundError: No module named 'airflow.providers.standard'
[2026-03-19T00:56:13.058+0000] {processor.py:842} WARNING - No viable dags retrieved from /opt/airflow/dags/dbt.py
[2026-03-19T00:56:13.110+0000] {processor.py:183} INFO - Processing /opt/airflow/dags/dbt.py took 0.093 seconds
[2026-03-19T00:56:43.656+0000] {processor.py:161} INFO - Started process (PID=9682) to work on /opt/airflow/dags/dbt.py
[2026-03-19T00:56:43.659+0000] {processor.py:830} INFO - Processing file /opt/airflow/dags/dbt.py for tasks to queue
[2026-03-19T00:56:43.668+0000] {logging_mixin.py:188} INFO - [2026-03-19T00:56:43.668+0000] {dagbag.py:545} INFO - Filling up the DagBag from /opt/airflow/dags/dbt.py
[2026-03-19T00:56:43.676+0000] {logging_mixin.py:188} INFO - [2026-03-19T00:56:43.673+0000] {dagbag.py:355} ERROR - Failed to import: /opt/airflow/dags/dbt.py
Traceback (most recent call last):
  File "/home/airflow/.local/lib/python3.12/site-packages/airflow/models/dagbag.py", line 351, in parse
    loader.exec_module(new_module)
  File "<frozen importlib._bootstrap_external>", line 995, in exec_module
  File "<frozen importlib._bootstrap>", line 488, in _call_with_frames_removed
  File "/opt/airflow/dags/dbt.py", line 2, in <module>
    from airflow.providers.standard.operators.bash import BashOperator
ModuleNotFoundError: No module named 'airflow.providers.standard'
[2026-03-19T00:56:43.676+0000] {processor.py:842} WARNING - No viable dags retrieved from /opt/airflow/dags/dbt.py
[2026-03-19T00:56:43.716+0000] {processor.py:183} INFO - Processing /opt/airflow/dags/dbt.py took 0.081 seconds
[2026-03-19T00:57:14.236+0000] {processor.py:161} INFO - Started process (PID=9684) to work on /opt/airflow/dags/dbt.py
[2026-03-19T00:57:14.241+0000] {processor.py:830} INFO - Processing file /opt/airflow/dags/dbt.py for tasks to queue
[2026-03-19T00:57:14.250+0000] {logging_mixin.py:188} INFO - [2026-03-19T00:57:14.249+0000] {dagbag.py:545} INFO - Filling up the DagBag from /opt/airflow/dags/dbt.py
[2026-03-19T00:57:14.260+0000] {logging_mixin.py:188} INFO - [2026-03-19T00:57:14.258+0000] {dagbag.py:355} ERROR - Failed to import: /opt/airflow/dags/dbt.py
Traceback (most recent call last):
  File "/home/airflow/.local/lib/python3.12/site-packages/airflow/models/dagbag.py", line 351, in parse
    loader.exec_module(new_module)
  File "<frozen importlib._bootstrap_external>", line 995, in exec_module
  File "<frozen importlib._bootstrap>", line 488, in _call_with_frames_removed
  File "/opt/airflow/dags/dbt.py", line 2, in <module>
    from airflow.providers.standard.operators.bash import BashOperator
ModuleNotFoundError: No module named 'airflow.providers.standard'
[2026-03-19T00:57:14.261+0000] {processor.py:842} WARNING - No viable dags retrieved from /opt/airflow/dags/dbt.py
[2026-03-19T00:57:14.312+0000] {processor.py:183} INFO - Processing /opt/airflow/dags/dbt.py took 0.096 seconds
[2026-03-19T00:57:44.777+0000] {processor.py:161} INFO - Started process (PID=9686) to work on /opt/airflow/dags/dbt.py
[2026-03-19T00:57:44.779+0000] {processor.py:830} INFO - Processing file /opt/airflow/dags/dbt.py for tasks to queue
[2026-03-19T00:57:44.784+0000] {logging_mixin.py:188} INFO - [2026-03-19T00:57:44.783+0000] {dagbag.py:545} INFO - Filling up the DagBag from /opt/airflow/dags/dbt.py
[2026-03-19T00:57:44.791+0000] {logging_mixin.py:188} INFO - [2026-03-19T00:57:44.789+0000] {dagbag.py:355} ERROR - Failed to import: /opt/airflow/dags/dbt.py
Traceback (most recent call last):
  File "/home/airflow/.local/lib/python3.12/site-packages/airflow/models/dagbag.py", line 351, in parse
    loader.exec_module(new_module)
  File "<frozen importlib._bootstrap_external>", line 995, in exec_module
  File "<frozen importlib._bootstrap>", line 488, in _call_with_frames_removed
  File "/opt/airflow/dags/dbt.py", line 2, in <module>
    from airflow.providers.standard.operators.bash import BashOperator
ModuleNotFoundError: No module named 'airflow.providers.standard'
[2026-03-19T00:57:44.793+0000] {processor.py:842} WARNING - No viable dags retrieved from /opt/airflow/dags/dbt.py
[2026-03-19T00:57:44.826+0000] {processor.py:183} INFO - Processing /opt/airflow/dags/dbt.py took 0.073 seconds
[2026-03-19T00:58:15.322+0000] {processor.py:161} INFO - Started process (PID=9688) to work on /opt/airflow/dags/dbt.py
[2026-03-19T00:58:15.324+0000] {processor.py:830} INFO - Processing file /opt/airflow/dags/dbt.py for tasks to queue
[2026-03-19T00:58:15.331+0000] {logging_mixin.py:188} INFO - [2026-03-19T00:58:15.331+0000] {dagbag.py:545} INFO - Filling up the DagBag from /opt/airflow/dags/dbt.py
[2026-03-19T00:58:15.339+0000] {logging_mixin.py:188} INFO - [2026-03-19T00:58:15.337+0000] {dagbag.py:355} ERROR - Failed to import: /opt/airflow/dags/dbt.py
Traceback (most recent call last):
  File "/home/airflow/.local/lib/python3.12/site-packages/airflow/models/dagbag.py", line 351, in parse
    loader.exec_module(new_module)
  File "<frozen importlib._bootstrap_external>", line 995, in exec_module
  File "<frozen importlib._bootstrap>", line 488, in _call_with_frames_removed
  File "/opt/airflow/dags/dbt.py", line 2, in <module>
    from airflow.providers.standard.operators.bash import BashOperator
ModuleNotFoundError: No module named 'airflow.providers.standard'
[2026-03-19T00:58:15.341+0000] {processor.py:842} WARNING - No viable dags retrieved from /opt/airflow/dags/dbt.py
[2026-03-19T00:58:15.383+0000] {processor.py:183} INFO - Processing /opt/airflow/dags/dbt.py took 0.078 seconds
[2026-03-19T00:58:45.873+0000] {processor.py:161} INFO - Started process (PID=9690) to work on /opt/airflow/dags/dbt.py
[2026-03-19T00:58:45.876+0000] {processor.py:830} INFO - Processing file /opt/airflow/dags/dbt.py for tasks to queue
[2026-03-19T00:58:45.882+0000] {logging_mixin.py:188} INFO - [2026-03-19T00:58:45.881+0000] {dagbag.py:545} INFO - Filling up the DagBag from /opt/airflow/dags/dbt.py
[2026-03-19T00:58:45.898+0000] {logging_mixin.py:188} INFO - [2026-03-19T00:58:45.894+0000] {dagbag.py:355} ERROR - Failed to import: /opt/airflow/dags/dbt.py
Traceback (most recent call last):
  File "/home/airflow/.local/lib/python3.12/site-packages/airflow/models/dagbag.py", line 351, in parse
    loader.exec_module(new_module)
  File "<frozen importlib._bootstrap_external>", line 995, in exec_module
  File "<frozen importlib._bootstrap>", line 488, in _call_with_frames_removed
  File "/opt/airflow/dags/dbt.py", line 2, in <module>
    from airflow.providers.standard.operators.bash import BashOperator
ModuleNotFoundError: No module named 'airflow.providers.standard'
[2026-03-19T00:58:45.899+0000] {processor.py:842} WARNING - No viable dags retrieved from /opt/airflow/dags/dbt.py
[2026-03-19T00:58:45.942+0000] {processor.py:183} INFO - Processing /opt/airflow/dags/dbt.py took 0.096 seconds
[2026-03-19T00:59:16.534+0000] {processor.py:161} INFO - Started process (PID=9692) to work on /opt/airflow/dags/dbt.py
[2026-03-19T00:59:16.538+0000] {processor.py:830} INFO - Processing file /opt/airflow/dags/dbt.py for tasks to queue
[2026-03-19T00:59:16.545+0000] {logging_mixin.py:188} INFO - [2026-03-19T00:59:16.543+0000] {dagbag.py:545} INFO - Filling up the DagBag from /opt/airflow/dags/dbt.py
[2026-03-19T00:59:16.552+0000] {logging_mixin.py:188} INFO - [2026-03-19T00:59:16.551+0000] {dagbag.py:355} ERROR - Failed to import: /opt/airflow/dags/dbt.py
Traceback (most recent call last):
  File "/home/airflow/.local/lib/python3.12/site-packages/airflow/models/dagbag.py", line 351, in parse
    loader.exec_module(new_module)
  File "<frozen importlib._bootstrap_external>", line 995, in exec_module
  File "<frozen importlib._bootstrap>", line 488, in _call_with_frames_removed
  File "/opt/airflow/dags/dbt.py", line 2, in <module>
    from airflow.providers.standard.operators.bash import BashOperator
ModuleNotFoundError: No module named 'airflow.providers.standard'
[2026-03-19T00:59:16.553+0000] {processor.py:842} WARNING - No viable dags retrieved from /opt/airflow/dags/dbt.py
[2026-03-19T00:59:16.600+0000] {processor.py:183} INFO - Processing /opt/airflow/dags/dbt.py took 0.092 seconds
[2026-03-19T00:59:47.056+0000] {processor.py:161} INFO - Started process (PID=9694) to work on /opt/airflow/dags/dbt.py
[2026-03-19T00:59:47.059+0000] {processor.py:830} INFO - Processing file /opt/airflow/dags/dbt.py for tasks to queue
[2026-03-19T00:59:47.063+0000] {logging_mixin.py:188} INFO - [2026-03-19T00:59:47.062+0000] {dagbag.py:545} INFO - Filling up the DagBag from /opt/airflow/dags/dbt.py
[2026-03-19T00:59:47.077+0000] {logging_mixin.py:188} INFO - [2026-03-19T00:59:47.073+0000] {dagbag.py:355} ERROR - Failed to import: /opt/airflow/dags/dbt.py
Traceback (most recent call last):
  File "/home/airflow/.local/lib/python3.12/site-packages/airflow/models/dagbag.py", line 351, in parse
    loader.exec_module(new_module)
  File "<frozen importlib._bootstrap_external>", line 995, in exec_module
  File "<frozen importlib._bootstrap>", line 488, in _call_with_frames_removed
  File "/opt/airflow/dags/dbt.py", line 2, in <module>
    from airflow.providers.standard.operators.bash import BashOperator
ModuleNotFoundError: No module named 'airflow.providers.standard'
[2026-03-19T00:59:47.078+0000] {processor.py:842} WARNING - No viable dags retrieved from /opt/airflow/dags/dbt.py
[2026-03-19T00:59:47.122+0000] {processor.py:183} INFO - Processing /opt/airflow/dags/dbt.py took 0.098 seconds
[2026-03-19T01:00:17.565+0000] {processor.py:161} INFO - Started process (PID=9696) to work on /opt/airflow/dags/dbt.py
[2026-03-19T01:00:17.567+0000] {processor.py:830} INFO - Processing file /opt/airflow/dags/dbt.py for tasks to queue
[2026-03-19T01:00:17.571+0000] {logging_mixin.py:188} INFO - [2026-03-19T01:00:17.570+0000] {dagbag.py:545} INFO - Filling up the DagBag from /opt/airflow/dags/dbt.py
[2026-03-19T01:00:17.585+0000] {logging_mixin.py:188} INFO - [2026-03-19T01:00:17.581+0000] {dagbag.py:355} ERROR - Failed to import: /opt/airflow/dags/dbt.py
Traceback (most recent call last):
  File "/home/airflow/.local/lib/python3.12/site-packages/airflow/models/dagbag.py", line 351, in parse
    loader.exec_module(new_module)
  File "<frozen importlib._bootstrap_external>", line 995, in exec_module
  File "<frozen importlib._bootstrap>", line 488, in _call_with_frames_removed
  File "/opt/airflow/dags/dbt.py", line 2, in <module>
    from airflow.providers.standard.operators.bash import BashOperator
ModuleNotFoundError: No module named 'airflow.providers.standard'
[2026-03-19T01:00:17.585+0000] {processor.py:842} WARNING - No viable dags retrieved from /opt/airflow/dags/dbt.py
[2026-03-19T01:00:17.626+0000] {processor.py:183} INFO - Processing /opt/airflow/dags/dbt.py took 0.086 seconds
[2026-03-19T01:00:48.067+0000] {processor.py:161} INFO - Started process (PID=9698) to work on /opt/airflow/dags/dbt.py
[2026-03-19T01:00:48.068+0000] {processor.py:830} INFO - Processing file /opt/airflow/dags/dbt.py for tasks to queue
[2026-03-19T01:00:48.078+0000] {logging_mixin.py:188} INFO - [2026-03-19T01:00:48.077+0000] {dagbag.py:545} INFO - Filling up the DagBag from /opt/airflow/dags/dbt.py
[2026-03-19T01:00:48.089+0000] {logging_mixin.py:188} INFO - [2026-03-19T01:00:48.084+0000] {dagbag.py:355} ERROR - Failed to import: /opt/airflow/dags/dbt.py
Traceback (most recent call last):
  File "/home/airflow/.local/lib/python3.12/site-packages/airflow/models/dagbag.py", line 351, in parse
    loader.exec_module(new_module)
  File "<frozen importlib._bootstrap_external>", line 995, in exec_module
  File "<frozen importlib._bootstrap>", line 488, in _call_with_frames_removed
  File "/opt/airflow/dags/dbt.py", line 2, in <module>
    from airflow.providers.standard.operators.bash import BashOperator
ModuleNotFoundError: No module named 'airflow.providers.standard'
[2026-03-19T01:00:48.089+0000] {processor.py:842} WARNING - No viable dags retrieved from /opt/airflow/dags/dbt.py
[2026-03-19T01:00:48.133+0000] {processor.py:183} INFO - Processing /opt/airflow/dags/dbt.py took 0.094 seconds
[2026-03-19T01:01:18.664+0000] {processor.py:161} INFO - Started process (PID=9700) to work on /opt/airflow/dags/dbt.py
[2026-03-19T01:01:18.668+0000] {processor.py:830} INFO - Processing file /opt/airflow/dags/dbt.py for tasks to queue
[2026-03-19T01:01:18.673+0000] {logging_mixin.py:188} INFO - [2026-03-19T01:01:18.672+0000] {dagbag.py:545} INFO - Filling up the DagBag from /opt/airflow/dags/dbt.py
[2026-03-19T01:01:18.685+0000] {logging_mixin.py:188} INFO - [2026-03-19T01:01:18.682+0000] {dagbag.py:355} ERROR - Failed to import: /opt/airflow/dags/dbt.py
Traceback (most recent call last):
  File "/home/airflow/.local/lib/python3.12/site-packages/airflow/models/dagbag.py", line 351, in parse
    loader.exec_module(new_module)
  File "<frozen importlib._bootstrap_external>", line 995, in exec_module
  File "<frozen importlib._bootstrap>", line 488, in _call_with_frames_removed
  File "/opt/airflow/dags/dbt.py", line 2, in <module>
    from airflow.providers.standard.operators.bash import BashOperator
ModuleNotFoundError: No module named 'airflow.providers.standard'
[2026-03-19T01:01:18.685+0000] {processor.py:842} WARNING - No viable dags retrieved from /opt/airflow/dags/dbt.py
[2026-03-19T01:01:18.728+0000] {processor.py:183} INFO - Processing /opt/airflow/dags/dbt.py took 0.084 seconds
[2026-03-19T01:01:49.160+0000] {processor.py:161} INFO - Started process (PID=9702) to work on /opt/airflow/dags/dbt.py
[2026-03-19T01:01:49.162+0000] {processor.py:830} INFO - Processing file /opt/airflow/dags/dbt.py for tasks to queue
[2026-03-19T01:01:49.169+0000] {logging_mixin.py:188} INFO - [2026-03-19T01:01:49.166+0000] {dagbag.py:545} INFO - Filling up the DagBag from /opt/airflow/dags/dbt.py
[2026-03-19T01:01:49.178+0000] {logging_mixin.py:188} INFO - [2026-03-19T01:01:49.176+0000] {dagbag.py:355} ERROR - Failed to import: /opt/airflow/dags/dbt.py
Traceback (most recent call last):
  File "/home/airflow/.local/lib/python3.12/site-packages/airflow/models/dagbag.py", line 351, in parse
    loader.exec_module(new_module)
  File "<frozen importlib._bootstrap_external>", line 995, in exec_module
  File "<frozen importlib._bootstrap>", line 488, in _call_with_frames_removed
  File "/opt/airflow/dags/dbt.py", line 2, in <module>
    from airflow.providers.standard.operators.bash import BashOperator
ModuleNotFoundError: No module named 'airflow.providers.standard'
[2026-03-19T01:01:49.178+0000] {processor.py:842} WARNING - No viable dags retrieved from /opt/airflow/dags/dbt.py
[2026-03-19T01:01:49.224+0000] {processor.py:183} INFO - Processing /opt/airflow/dags/dbt.py took 0.094 seconds
[2026-03-19T01:02:19.649+0000] {processor.py:161} INFO - Started process (PID=9704) to work on /opt/airflow/dags/dbt.py
[2026-03-19T01:02:19.651+0000] {processor.py:830} INFO - Processing file /opt/airflow/dags/dbt.py for tasks to queue
[2026-03-19T01:02:19.660+0000] {logging_mixin.py:188} INFO - [2026-03-19T01:02:19.659+0000] {dagbag.py:545} INFO - Filling up the DagBag from /opt/airflow/dags/dbt.py
[2026-03-19T01:02:19.670+0000] {logging_mixin.py:188} INFO - [2026-03-19T01:02:19.667+0000] {dagbag.py:355} ERROR - Failed to import: /opt/airflow/dags/dbt.py
Traceback (most recent call last):
  File "/home/airflow/.local/lib/python3.12/site-packages/airflow/models/dagbag.py", line 351, in parse
    loader.exec_module(new_module)
  File "<frozen importlib._bootstrap_external>", line 995, in exec_module
  File "<frozen importlib._bootstrap>", line 488, in _call_with_frames_removed
  File "/opt/airflow/dags/dbt.py", line 2, in <module>
    from airflow.providers.standard.operators.bash import BashOperator
ModuleNotFoundError: No module named 'airflow.providers.standard'
[2026-03-19T01:02:19.670+0000] {processor.py:842} WARNING - No viable dags retrieved from /opt/airflow/dags/dbt.py
[2026-03-19T01:02:19.713+0000] {processor.py:183} INFO - Processing /opt/airflow/dags/dbt.py took 0.086 seconds
[2026-03-19T01:02:50.146+0000] {processor.py:161} INFO - Started process (PID=9706) to work on /opt/airflow/dags/dbt.py
[2026-03-19T01:02:50.148+0000] {processor.py:830} INFO - Processing file /opt/airflow/dags/dbt.py for tasks to queue
[2026-03-19T01:02:50.153+0000] {logging_mixin.py:188} INFO - [2026-03-19T01:02:50.153+0000] {dagbag.py:545} INFO - Filling up the DagBag from /opt/airflow/dags/dbt.py
[2026-03-19T01:02:50.163+0000] {logging_mixin.py:188} INFO - [2026-03-19T01:02:50.162+0000] {dagbag.py:355} ERROR - Failed to import: /opt/airflow/dags/dbt.py
Traceback (most recent call last):
  File "/home/airflow/.local/lib/python3.12/site-packages/airflow/models/dagbag.py", line 351, in parse
    loader.exec_module(new_module)
  File "<frozen importlib._bootstrap_external>", line 995, in exec_module
  File "<frozen importlib._bootstrap>", line 488, in _call_with_frames_removed
  File "/opt/airflow/dags/dbt.py", line 2, in <module>
    from airflow.providers.standard.operators.bash import BashOperator
ModuleNotFoundError: No module named 'airflow.providers.standard'
[2026-03-19T01:02:50.164+0000] {processor.py:842} WARNING - No viable dags retrieved from /opt/airflow/dags/dbt.py
[2026-03-19T01:02:50.204+0000] {processor.py:183} INFO - Processing /opt/airflow/dags/dbt.py took 0.074 seconds
[2026-03-19T01:03:20.709+0000] {processor.py:161} INFO - Started process (PID=9708) to work on /opt/airflow/dags/dbt.py
[2026-03-19T01:03:20.710+0000] {processor.py:830} INFO - Processing file /opt/airflow/dags/dbt.py for tasks to queue
[2026-03-19T01:03:20.715+0000] {logging_mixin.py:188} INFO - [2026-03-19T01:03:20.714+0000] {dagbag.py:545} INFO - Filling up the DagBag from /opt/airflow/dags/dbt.py
[2026-03-19T01:03:20.727+0000] {logging_mixin.py:188} INFO - [2026-03-19T01:03:20.724+0000] {dagbag.py:355} ERROR - Failed to import: /opt/airflow/dags/dbt.py
Traceback (most recent call last):
  File "/home/airflow/.local/lib/python3.12/site-packages/airflow/models/dagbag.py", line 351, in parse
    loader.exec_module(new_module)
  File "<frozen importlib._bootstrap_external>", line 995, in exec_module
  File "<frozen importlib._bootstrap>", line 488, in _call_with_frames_removed
  File "/opt/airflow/dags/dbt.py", line 2, in <module>
    from airflow.providers.standard.operators.bash import BashOperator
ModuleNotFoundError: No module named 'airflow.providers.standard'
[2026-03-19T01:03:20.728+0000] {processor.py:842} WARNING - No viable dags retrieved from /opt/airflow/dags/dbt.py
[2026-03-19T01:03:20.765+0000] {processor.py:183} INFO - Processing /opt/airflow/dags/dbt.py took 0.080 seconds
[2026-03-19T01:03:51.209+0000] {processor.py:161} INFO - Started process (PID=9710) to work on /opt/airflow/dags/dbt.py
[2026-03-19T01:03:51.214+0000] {processor.py:830} INFO - Processing file /opt/airflow/dags/dbt.py for tasks to queue
[2026-03-19T01:03:51.218+0000] {logging_mixin.py:188} INFO - [2026-03-19T01:03:51.218+0000] {dagbag.py:545} INFO - Filling up the DagBag from /opt/airflow/dags/dbt.py
[2026-03-19T01:03:51.234+0000] {logging_mixin.py:188} INFO - [2026-03-19T01:03:51.229+0000] {dagbag.py:355} ERROR - Failed to import: /opt/airflow/dags/dbt.py
Traceback (most recent call last):
  File "/home/airflow/.local/lib/python3.12/site-packages/airflow/models/dagbag.py", line 351, in parse
    loader.exec_module(new_module)
  File "<frozen importlib._bootstrap_external>", line 995, in exec_module
  File "<frozen importlib._bootstrap>", line 488, in _call_with_frames_removed
  File "/opt/airflow/dags/dbt.py", line 2, in <module>
    from airflow.providers.standard.operators.bash import BashOperator
ModuleNotFoundError: No module named 'airflow.providers.standard'
[2026-03-19T01:03:51.235+0000] {processor.py:842} WARNING - No viable dags retrieved from /opt/airflow/dags/dbt.py
[2026-03-19T01:03:51.280+0000] {processor.py:183} INFO - Processing /opt/airflow/dags/dbt.py took 0.088 seconds
[2026-03-19T01:04:21.969+0000] {processor.py:161} INFO - Started process (PID=9712) to work on /opt/airflow/dags/dbt.py
[2026-03-19T01:04:21.972+0000] {processor.py:830} INFO - Processing file /opt/airflow/dags/dbt.py for tasks to queue
[2026-03-19T01:04:21.985+0000] {logging_mixin.py:188} INFO - [2026-03-19T01:04:21.984+0000] {dagbag.py:545} INFO - Filling up the DagBag from /opt/airflow/dags/dbt.py
[2026-03-19T01:04:21.993+0000] {logging_mixin.py:188} INFO - [2026-03-19T01:04:21.990+0000] {dagbag.py:355} ERROR - Failed to import: /opt/airflow/dags/dbt.py
Traceback (most recent call last):
  File "/home/airflow/.local/lib/python3.12/site-packages/airflow/models/dagbag.py", line 351, in parse
    loader.exec_module(new_module)
  File "<frozen importlib._bootstrap_external>", line 995, in exec_module
  File "<frozen importlib._bootstrap>", line 488, in _call_with_frames_removed
  File "/opt/airflow/dags/dbt.py", line 2, in <module>
    from airflow.providers.standard.operators.bash import BashOperator
ModuleNotFoundError: No module named 'airflow.providers.standard'
[2026-03-19T01:04:21.995+0000] {processor.py:842} WARNING - No viable dags retrieved from /opt/airflow/dags/dbt.py
[2026-03-19T01:04:22.038+0000] {processor.py:183} INFO - Processing /opt/airflow/dags/dbt.py took 0.083 seconds
[2026-03-19T01:04:52.527+0000] {processor.py:161} INFO - Started process (PID=9714) to work on /opt/airflow/dags/dbt.py
[2026-03-19T01:04:52.532+0000] {processor.py:830} INFO - Processing file /opt/airflow/dags/dbt.py for tasks to queue
[2026-03-19T01:04:52.540+0000] {logging_mixin.py:188} INFO - [2026-03-19T01:04:52.539+0000] {dagbag.py:545} INFO - Filling up the DagBag from /opt/airflow/dags/dbt.py
[2026-03-19T01:04:52.554+0000] {logging_mixin.py:188} INFO - [2026-03-19T01:04:52.550+0000] {dagbag.py:355} ERROR - Failed to import: /opt/airflow/dags/dbt.py
Traceback (most recent call last):
  File "/home/airflow/.local/lib/python3.12/site-packages/airflow/models/dagbag.py", line 351, in parse
    loader.exec_module(new_module)
  File "<frozen importlib._bootstrap_external>", line 995, in exec_module
  File "<frozen importlib._bootstrap>", line 488, in _call_with_frames_removed
  File "/opt/airflow/dags/dbt.py", line 2, in <module>
    from airflow.providers.standard.operators.bash import BashOperator
ModuleNotFoundError: No module named 'airflow.providers.standard'
[2026-03-19T01:04:52.555+0000] {processor.py:842} WARNING - No viable dags retrieved from /opt/airflow/dags/dbt.py
[2026-03-19T01:04:52.597+0000] {processor.py:183} INFO - Processing /opt/airflow/dags/dbt.py took 0.098 seconds
[2026-03-19T01:05:23.131+0000] {processor.py:161} INFO - Started process (PID=9716) to work on /opt/airflow/dags/dbt.py
[2026-03-19T01:05:23.138+0000] {processor.py:830} INFO - Processing file /opt/airflow/dags/dbt.py for tasks to queue
[2026-03-19T01:05:23.144+0000] {logging_mixin.py:188} INFO - [2026-03-19T01:05:23.143+0000] {dagbag.py:545} INFO - Filling up the DagBag from /opt/airflow/dags/dbt.py
[2026-03-19T01:05:23.158+0000] {logging_mixin.py:188} INFO - [2026-03-19T01:05:23.155+0000] {dagbag.py:355} ERROR - Failed to import: /opt/airflow/dags/dbt.py
Traceback (most recent call last):
  File "/home/airflow/.local/lib/python3.12/site-packages/airflow/models/dagbag.py", line 351, in parse
    loader.exec_module(new_module)
  File "<frozen importlib._bootstrap_external>", line 995, in exec_module
  File "<frozen importlib._bootstrap>", line 488, in _call_with_frames_removed
  File "/opt/airflow/dags/dbt.py", line 2, in <module>
    from airflow.providers.standard.operators.bash import BashOperator
ModuleNotFoundError: No module named 'airflow.providers.standard'
[2026-03-19T01:05:23.158+0000] {processor.py:842} WARNING - No viable dags retrieved from /opt/airflow/dags/dbt.py
[2026-03-19T01:05:23.203+0000] {processor.py:183} INFO - Processing /opt/airflow/dags/dbt.py took 0.096 seconds
[2026-03-19T01:05:53.716+0000] {processor.py:161} INFO - Started process (PID=9718) to work on /opt/airflow/dags/dbt.py
[2026-03-19T01:05:53.719+0000] {processor.py:830} INFO - Processing file /opt/airflow/dags/dbt.py for tasks to queue
[2026-03-19T01:05:53.729+0000] {logging_mixin.py:188} INFO - [2026-03-19T01:05:53.728+0000] {dagbag.py:545} INFO - Filling up the DagBag from /opt/airflow/dags/dbt.py
[2026-03-19T01:05:53.740+0000] {logging_mixin.py:188} INFO - [2026-03-19T01:05:53.738+0000] {dagbag.py:355} ERROR - Failed to import: /opt/airflow/dags/dbt.py
Traceback (most recent call last):
  File "/home/airflow/.local/lib/python3.12/site-packages/airflow/models/dagbag.py", line 351, in parse
    loader.exec_module(new_module)
  File "<frozen importlib._bootstrap_external>", line 995, in exec_module
  File "<frozen importlib._bootstrap>", line 488, in _call_with_frames_removed
  File "/opt/airflow/dags/dbt.py", line 2, in <module>
    from airflow.providers.standard.operators.bash import BashOperator
ModuleNotFoundError: No module named 'airflow.providers.standard'
[2026-03-19T01:05:53.740+0000] {processor.py:842} WARNING - No viable dags retrieved from /opt/airflow/dags/dbt.py
[2026-03-19T01:05:53.776+0000] {processor.py:183} INFO - Processing /opt/airflow/dags/dbt.py took 0.077 seconds
[2026-03-19T01:06:24.278+0000] {processor.py:161} INFO - Started process (PID=9720) to work on /opt/airflow/dags/dbt.py
[2026-03-19T01:06:24.283+0000] {processor.py:830} INFO - Processing file /opt/airflow/dags/dbt.py for tasks to queue
[2026-03-19T01:06:24.287+0000] {logging_mixin.py:188} INFO - [2026-03-19T01:06:24.286+0000] {dagbag.py:545} INFO - Filling up the DagBag from /opt/airflow/dags/dbt.py
[2026-03-19T01:06:24.301+0000] {logging_mixin.py:188} INFO - [2026-03-19T01:06:24.297+0000] {dagbag.py:355} ERROR - Failed to import: /opt/airflow/dags/dbt.py
Traceback (most recent call last):
  File "/home/airflow/.local/lib/python3.12/site-packages/airflow/models/dagbag.py", line 351, in parse
    loader.exec_module(new_module)
  File "<frozen importlib._bootstrap_external>", line 995, in exec_module
  File "<frozen importlib._bootstrap>", line 488, in _call_with_frames_removed
  File "/opt/airflow/dags/dbt.py", line 2, in <module>
    from airflow.providers.standard.operators.bash import BashOperator
ModuleNotFoundError: No module named 'airflow.providers.standard'
[2026-03-19T01:06:24.302+0000] {processor.py:842} WARNING - No viable dags retrieved from /opt/airflow/dags/dbt.py
[2026-03-19T01:06:24.342+0000] {processor.py:183} INFO - Processing /opt/airflow/dags/dbt.py took 0.088 seconds
[2026-03-19T01:06:54.922+0000] {processor.py:161} INFO - Started process (PID=9722) to work on /opt/airflow/dags/dbt.py
[2026-03-19T01:06:54.924+0000] {processor.py:830} INFO - Processing file /opt/airflow/dags/dbt.py for tasks to queue
[2026-03-19T01:06:54.934+0000] {logging_mixin.py:188} INFO - [2026-03-19T01:06:54.931+0000] {dagbag.py:545} INFO - Filling up the DagBag from /opt/airflow/dags/dbt.py
[2026-03-19T01:06:54.944+0000] {logging_mixin.py:188} INFO - [2026-03-19T01:06:54.942+0000] {dagbag.py:355} ERROR - Failed to import: /opt/airflow/dags/dbt.py
Traceback (most recent call last):
  File "/home/airflow/.local/lib/python3.12/site-packages/airflow/models/dagbag.py", line 351, in parse
    loader.exec_module(new_module)
  File "<frozen importlib._bootstrap_external>", line 995, in exec_module
  File "<frozen importlib._bootstrap>", line 488, in _call_with_frames_removed
  File "/opt/airflow/dags/dbt.py", line 2, in <module>
    from airflow.providers.standard.operators.bash import BashOperator
ModuleNotFoundError: No module named 'airflow.providers.standard'
[2026-03-19T01:06:54.944+0000] {processor.py:842} WARNING - No viable dags retrieved from /opt/airflow/dags/dbt.py
[2026-03-19T01:06:54.995+0000] {processor.py:183} INFO - Processing /opt/airflow/dags/dbt.py took 0.096 seconds
[2026-03-19T01:07:25.421+0000] {processor.py:161} INFO - Started process (PID=9724) to work on /opt/airflow/dags/dbt.py
[2026-03-19T01:07:25.427+0000] {processor.py:830} INFO - Processing file /opt/airflow/dags/dbt.py for tasks to queue
[2026-03-19T01:07:25.437+0000] {logging_mixin.py:188} INFO - [2026-03-19T01:07:25.436+0000] {dagbag.py:545} INFO - Filling up the DagBag from /opt/airflow/dags/dbt.py
[2026-03-19T01:07:25.449+0000] {logging_mixin.py:188} INFO - [2026-03-19T01:07:25.447+0000] {dagbag.py:355} ERROR - Failed to import: /opt/airflow/dags/dbt.py
Traceback (most recent call last):
  File "/home/airflow/.local/lib/python3.12/site-packages/airflow/models/dagbag.py", line 351, in parse
    loader.exec_module(new_module)
  File "<frozen importlib._bootstrap_external>", line 995, in exec_module
  File "<frozen importlib._bootstrap>", line 488, in _call_with_frames_removed
  File "/opt/airflow/dags/dbt.py", line 2, in <module>
    from airflow.providers.standard.operators.bash import BashOperator
ModuleNotFoundError: No module named 'airflow.providers.standard'
[2026-03-19T01:07:25.450+0000] {processor.py:842} WARNING - No viable dags retrieved from /opt/airflow/dags/dbt.py
[2026-03-19T01:07:25.490+0000] {processor.py:183} INFO - Processing /opt/airflow/dags/dbt.py took 0.086 seconds
[2026-03-19T01:07:56.070+0000] {processor.py:161} INFO - Started process (PID=9726) to work on /opt/airflow/dags/dbt.py
[2026-03-19T01:07:56.071+0000] {processor.py:830} INFO - Processing file /opt/airflow/dags/dbt.py for tasks to queue
[2026-03-19T01:07:56.079+0000] {logging_mixin.py:188} INFO - [2026-03-19T01:07:56.078+0000] {dagbag.py:545} INFO - Filling up the DagBag from /opt/airflow/dags/dbt.py
[2026-03-19T01:07:56.089+0000] {logging_mixin.py:188} INFO - [2026-03-19T01:07:56.086+0000] {dagbag.py:355} ERROR - Failed to import: /opt/airflow/dags/dbt.py
Traceback (most recent call last):
  File "/home/airflow/.local/lib/python3.12/site-packages/airflow/models/dagbag.py", line 351, in parse
    loader.exec_module(new_module)
  File "<frozen importlib._bootstrap_external>", line 995, in exec_module
  File "<frozen importlib._bootstrap>", line 488, in _call_with_frames_removed
  File "/opt/airflow/dags/dbt.py", line 2, in <module>
    from airflow.providers.standard.operators.bash import BashOperator
ModuleNotFoundError: No module named 'airflow.providers.standard'
[2026-03-19T01:07:56.092+0000] {processor.py:842} WARNING - No viable dags retrieved from /opt/airflow/dags/dbt.py
[2026-03-19T01:07:56.138+0000] {processor.py:183} INFO - Processing /opt/airflow/dags/dbt.py took 0.100 seconds
[2026-03-19T01:08:26.572+0000] {processor.py:161} INFO - Started process (PID=9728) to work on /opt/airflow/dags/dbt.py
[2026-03-19T01:08:26.574+0000] {processor.py:830} INFO - Processing file /opt/airflow/dags/dbt.py for tasks to queue
[2026-03-19T01:08:26.583+0000] {logging_mixin.py:188} INFO - [2026-03-19T01:08:26.580+0000] {dagbag.py:545} INFO - Filling up the DagBag from /opt/airflow/dags/dbt.py
[2026-03-19T01:08:26.591+0000] {logging_mixin.py:188} INFO - [2026-03-19T01:08:26.589+0000] {dagbag.py:355} ERROR - Failed to import: /opt/airflow/dags/dbt.py
Traceback (most recent call last):
  File "/home/airflow/.local/lib/python3.12/site-packages/airflow/models/dagbag.py", line 351, in parse
    loader.exec_module(new_module)
  File "<frozen importlib._bootstrap_external>", line 995, in exec_module
  File "<frozen importlib._bootstrap>", line 488, in _call_with_frames_removed
  File "/opt/airflow/dags/dbt.py", line 2, in <module>
    from airflow.providers.standard.operators.bash import BashOperator
ModuleNotFoundError: No module named 'airflow.providers.standard'
[2026-03-19T01:08:26.593+0000] {processor.py:842} WARNING - No viable dags retrieved from /opt/airflow/dags/dbt.py
[2026-03-19T01:08:26.635+0000] {processor.py:183} INFO - Processing /opt/airflow/dags/dbt.py took 0.088 seconds
[2026-03-19T01:08:57.203+0000] {processor.py:161} INFO - Started process (PID=9730) to work on /opt/airflow/dags/dbt.py
[2026-03-19T01:08:57.207+0000] {processor.py:830} INFO - Processing file /opt/airflow/dags/dbt.py for tasks to queue
[2026-03-19T01:08:57.217+0000] {logging_mixin.py:188} INFO - [2026-03-19T01:08:57.216+0000] {dagbag.py:545} INFO - Filling up the DagBag from /opt/airflow/dags/dbt.py
[2026-03-19T01:08:57.224+0000] {logging_mixin.py:188} INFO - [2026-03-19T01:08:57.222+0000] {dagbag.py:355} ERROR - Failed to import: /opt/airflow/dags/dbt.py
Traceback (most recent call last):
  File "/home/airflow/.local/lib/python3.12/site-packages/airflow/models/dagbag.py", line 351, in parse
    loader.exec_module(new_module)
  File "<frozen importlib._bootstrap_external>", line 995, in exec_module
  File "<frozen importlib._bootstrap>", line 488, in _call_with_frames_removed
  File "/opt/airflow/dags/dbt.py", line 2, in <module>
    from airflow.providers.standard.operators.bash import BashOperator
ModuleNotFoundError: No module named 'airflow.providers.standard'
[2026-03-19T01:08:57.225+0000] {processor.py:842} WARNING - No viable dags retrieved from /opt/airflow/dags/dbt.py
[2026-03-19T01:08:57.268+0000] {processor.py:183} INFO - Processing /opt/airflow/dags/dbt.py took 0.085 seconds
[2026-03-19T01:09:27.765+0000] {processor.py:161} INFO - Started process (PID=9732) to work on /opt/airflow/dags/dbt.py
[2026-03-19T01:09:27.769+0000] {processor.py:830} INFO - Processing file /opt/airflow/dags/dbt.py for tasks to queue
[2026-03-19T01:09:27.776+0000] {logging_mixin.py:188} INFO - [2026-03-19T01:09:27.775+0000] {dagbag.py:545} INFO - Filling up the DagBag from /opt/airflow/dags/dbt.py
[2026-03-19T01:09:27.793+0000] {logging_mixin.py:188} INFO - [2026-03-19T01:09:27.788+0000] {dagbag.py:355} ERROR - Failed to import: /opt/airflow/dags/dbt.py
Traceback (most recent call last):
  File "/home/airflow/.local/lib/python3.12/site-packages/airflow/models/dagbag.py", line 351, in parse
    loader.exec_module(new_module)
  File "<frozen importlib._bootstrap_external>", line 995, in exec_module
  File "<frozen importlib._bootstrap>", line 488, in _call_with_frames_removed
  File "/opt/airflow/dags/dbt.py", line 2, in <module>
    from airflow.providers.standard.operators.bash import BashOperator
ModuleNotFoundError: No module named 'airflow.providers.standard'
[2026-03-19T01:09:27.793+0000] {processor.py:842} WARNING - No viable dags retrieved from /opt/airflow/dags/dbt.py
[2026-03-19T01:09:27.833+0000] {processor.py:183} INFO - Processing /opt/airflow/dags/dbt.py took 0.093 seconds
[2026-03-19T01:09:58.417+0000] {processor.py:161} INFO - Started process (PID=9734) to work on /opt/airflow/dags/dbt.py
[2026-03-19T01:09:58.419+0000] {processor.py:830} INFO - Processing file /opt/airflow/dags/dbt.py for tasks to queue
[2026-03-19T01:09:58.428+0000] {logging_mixin.py:188} INFO - [2026-03-19T01:09:58.428+0000] {dagbag.py:545} INFO - Filling up the DagBag from /opt/airflow/dags/dbt.py
[2026-03-19T01:09:58.443+0000] {logging_mixin.py:188} INFO - [2026-03-19T01:09:58.439+0000] {dagbag.py:355} ERROR - Failed to import: /opt/airflow/dags/dbt.py
Traceback (most recent call last):
  File "/home/airflow/.local/lib/python3.12/site-packages/airflow/models/dagbag.py", line 351, in parse
    loader.exec_module(new_module)
  File "<frozen importlib._bootstrap_external>", line 995, in exec_module
  File "<frozen importlib._bootstrap>", line 488, in _call_with_frames_removed
  File "/opt/airflow/dags/dbt.py", line 2, in <module>
    from airflow.providers.standard.operators.bash import BashOperator
ModuleNotFoundError: No module named 'airflow.providers.standard'
[2026-03-19T01:09:58.444+0000] {processor.py:842} WARNING - No viable dags retrieved from /opt/airflow/dags/dbt.py
[2026-03-19T01:09:58.488+0000] {processor.py:183} INFO - Processing /opt/airflow/dags/dbt.py took 0.095 seconds
[2026-03-19T01:10:29.165+0000] {processor.py:161} INFO - Started process (PID=9736) to work on /opt/airflow/dags/dbt.py
[2026-03-19T01:10:29.178+0000] {processor.py:830} INFO - Processing file /opt/airflow/dags/dbt.py for tasks to queue
[2026-03-19T01:10:29.182+0000] {logging_mixin.py:188} INFO - [2026-03-19T01:10:29.181+0000] {dagbag.py:545} INFO - Filling up the DagBag from /opt/airflow/dags/dbt.py
[2026-03-19T01:10:29.188+0000] {logging_mixin.py:188} INFO - [2026-03-19T01:10:29.187+0000] {dagbag.py:355} ERROR - Failed to import: /opt/airflow/dags/dbt.py
Traceback (most recent call last):
  File "/home/airflow/.local/lib/python3.12/site-packages/airflow/models/dagbag.py", line 351, in parse
    loader.exec_module(new_module)
  File "<frozen importlib._bootstrap_external>", line 995, in exec_module
  File "<frozen importlib._bootstrap>", line 488, in _call_with_frames_removed
  File "/opt/airflow/dags/dbt.py", line 2, in <module>
    from airflow.providers.standard.operators.bash import BashOperator
ModuleNotFoundError: No module named 'airflow.providers.standard'
[2026-03-19T01:10:29.189+0000] {processor.py:842} WARNING - No viable dags retrieved from /opt/airflow/dags/dbt.py
[2026-03-19T01:10:29.242+0000] {processor.py:183} INFO - Processing /opt/airflow/dags/dbt.py took 0.092 seconds
[2026-03-19T01:10:59.727+0000] {processor.py:161} INFO - Started process (PID=9738) to work on /opt/airflow/dags/dbt.py
[2026-03-19T01:10:59.730+0000] {processor.py:830} INFO - Processing file /opt/airflow/dags/dbt.py for tasks to queue
[2026-03-19T01:10:59.732+0000] {logging_mixin.py:188} INFO - [2026-03-19T01:10:59.731+0000] {dagbag.py:545} INFO - Filling up the DagBag from /opt/airflow/dags/dbt.py
[2026-03-19T01:10:59.740+0000] {logging_mixin.py:188} INFO - [2026-03-19T01:10:59.739+0000] {dagbag.py:355} ERROR - Failed to import: /opt/airflow/dags/dbt.py
Traceback (most recent call last):
  File "/home/airflow/.local/lib/python3.12/site-packages/airflow/models/dagbag.py", line 351, in parse
    loader.exec_module(new_module)
  File "<frozen importlib._bootstrap_external>", line 995, in exec_module
  File "<frozen importlib._bootstrap>", line 488, in _call_with_frames_removed
  File "/opt/airflow/dags/dbt.py", line 2, in <module>
    from airflow.providers.standard.operators.bash import BashOperator
ModuleNotFoundError: No module named 'airflow.providers.standard'
[2026-03-19T01:10:59.741+0000] {processor.py:842} WARNING - No viable dags retrieved from /opt/airflow/dags/dbt.py
[2026-03-19T01:10:59.812+0000] {processor.py:183} INFO - Processing /opt/airflow/dags/dbt.py took 0.126 seconds
[2026-03-19T01:11:30.329+0000] {processor.py:161} INFO - Started process (PID=9740) to work on /opt/airflow/dags/dbt.py
[2026-03-19T01:11:30.331+0000] {processor.py:830} INFO - Processing file /opt/airflow/dags/dbt.py for tasks to queue
[2026-03-19T01:11:30.334+0000] {logging_mixin.py:188} INFO - [2026-03-19T01:11:30.334+0000] {dagbag.py:545} INFO - Filling up the DagBag from /opt/airflow/dags/dbt.py
[2026-03-19T01:11:30.346+0000] {logging_mixin.py:188} INFO - [2026-03-19T01:11:30.343+0000] {dagbag.py:355} ERROR - Failed to import: /opt/airflow/dags/dbt.py
Traceback (most recent call last):
  File "/home/airflow/.local/lib/python3.12/site-packages/airflow/models/dagbag.py", line 351, in parse
    loader.exec_module(new_module)
  File "<frozen importlib._bootstrap_external>", line 995, in exec_module
  File "<frozen importlib._bootstrap>", line 488, in _call_with_frames_removed
  File "/opt/airflow/dags/dbt.py", line 2, in <module>
    from airflow.providers.standard.operators.bash import BashOperator
ModuleNotFoundError: No module named 'airflow.providers.standard'
[2026-03-19T01:11:30.346+0000] {processor.py:842} WARNING - No viable dags retrieved from /opt/airflow/dags/dbt.py
[2026-03-19T01:11:30.380+0000] {processor.py:183} INFO - Processing /opt/airflow/dags/dbt.py took 0.076 seconds
[2026-03-19T01:12:00.826+0000] {processor.py:161} INFO - Started process (PID=9742) to work on /opt/airflow/dags/dbt.py
[2026-03-19T01:12:00.827+0000] {processor.py:830} INFO - Processing file /opt/airflow/dags/dbt.py for tasks to queue
[2026-03-19T01:12:00.835+0000] {logging_mixin.py:188} INFO - [2026-03-19T01:12:00.833+0000] {dagbag.py:545} INFO - Filling up the DagBag from /opt/airflow/dags/dbt.py
[2026-03-19T01:12:00.842+0000] {logging_mixin.py:188} INFO - [2026-03-19T01:12:00.841+0000] {dagbag.py:355} ERROR - Failed to import: /opt/airflow/dags/dbt.py
Traceback (most recent call last):
  File "/home/airflow/.local/lib/python3.12/site-packages/airflow/models/dagbag.py", line 351, in parse
    loader.exec_module(new_module)
  File "<frozen importlib._bootstrap_external>", line 995, in exec_module
  File "<frozen importlib._bootstrap>", line 488, in _call_with_frames_removed
  File "/opt/airflow/dags/dbt.py", line 2, in <module>
    from airflow.providers.standard.operators.bash import BashOperator
ModuleNotFoundError: No module named 'airflow.providers.standard'
[2026-03-19T01:12:00.843+0000] {processor.py:842} WARNING - No viable dags retrieved from /opt/airflow/dags/dbt.py
[2026-03-19T01:12:00.892+0000] {processor.py:183} INFO - Processing /opt/airflow/dags/dbt.py took 0.083 seconds
[2026-03-19T01:12:31.301+0000] {processor.py:161} INFO - Started process (PID=9744) to work on /opt/airflow/dags/dbt.py
[2026-03-19T01:12:31.303+0000] {processor.py:830} INFO - Processing file /opt/airflow/dags/dbt.py for tasks to queue
[2026-03-19T01:12:31.312+0000] {logging_mixin.py:188} INFO - [2026-03-19T01:12:31.311+0000] {dagbag.py:545} INFO - Filling up the DagBag from /opt/airflow/dags/dbt.py
[2026-03-19T01:12:31.322+0000] {logging_mixin.py:188} INFO - [2026-03-19T01:12:31.320+0000] {dagbag.py:355} ERROR - Failed to import: /opt/airflow/dags/dbt.py
Traceback (most recent call last):
  File "/home/airflow/.local/lib/python3.12/site-packages/airflow/models/dagbag.py", line 351, in parse
    loader.exec_module(new_module)
  File "<frozen importlib._bootstrap_external>", line 995, in exec_module
  File "<frozen importlib._bootstrap>", line 488, in _call_with_frames_removed
  File "/opt/airflow/dags/dbt.py", line 2, in <module>
    from airflow.providers.standard.operators.bash import BashOperator
ModuleNotFoundError: No module named 'airflow.providers.standard'
[2026-03-19T01:12:31.322+0000] {processor.py:842} WARNING - No viable dags retrieved from /opt/airflow/dags/dbt.py
[2026-03-19T01:12:31.367+0000] {processor.py:183} INFO - Processing /opt/airflow/dags/dbt.py took 0.083 seconds
[2026-03-19T01:13:01.897+0000] {processor.py:161} INFO - Started process (PID=9746) to work on /opt/airflow/dags/dbt.py
[2026-03-19T01:13:01.899+0000] {processor.py:830} INFO - Processing file /opt/airflow/dags/dbt.py for tasks to queue
[2026-03-19T01:13:01.909+0000] {logging_mixin.py:188} INFO - [2026-03-19T01:13:01.908+0000] {dagbag.py:545} INFO - Filling up the DagBag from /opt/airflow/dags/dbt.py
[2026-03-19T01:13:01.916+0000] {logging_mixin.py:188} INFO - [2026-03-19T01:13:01.914+0000] {dagbag.py:355} ERROR - Failed to import: /opt/airflow/dags/dbt.py
Traceback (most recent call last):
  File "/home/airflow/.local/lib/python3.12/site-packages/airflow/models/dagbag.py", line 351, in parse
    loader.exec_module(new_module)
  File "<frozen importlib._bootstrap_external>", line 995, in exec_module
  File "<frozen importlib._bootstrap>", line 488, in _call_with_frames_removed
  File "/opt/airflow/dags/dbt.py", line 2, in <module>
    from airflow.providers.standard.operators.bash import BashOperator
ModuleNotFoundError: No module named 'airflow.providers.standard'
[2026-03-19T01:13:01.916+0000] {processor.py:842} WARNING - No viable dags retrieved from /opt/airflow/dags/dbt.py
[2026-03-19T01:13:01.959+0000] {processor.py:183} INFO - Processing /opt/airflow/dags/dbt.py took 0.087 seconds
[2026-03-19T01:13:32.570+0000] {processor.py:161} INFO - Started process (PID=9748) to work on /opt/airflow/dags/dbt.py
[2026-03-19T01:13:32.573+0000] {processor.py:830} INFO - Processing file /opt/airflow/dags/dbt.py for tasks to queue
[2026-03-19T01:13:32.583+0000] {logging_mixin.py:188} INFO - [2026-03-19T01:13:32.580+0000] {dagbag.py:545} INFO - Filling up the DagBag from /opt/airflow/dags/dbt.py
[2026-03-19T01:13:32.595+0000] {logging_mixin.py:188} INFO - [2026-03-19T01:13:32.592+0000] {dagbag.py:355} ERROR - Failed to import: /opt/airflow/dags/dbt.py
Traceback (most recent call last):
  File "/home/airflow/.local/lib/python3.12/site-packages/airflow/models/dagbag.py", line 351, in parse
    loader.exec_module(new_module)
  File "<frozen importlib._bootstrap_external>", line 995, in exec_module
  File "<frozen importlib._bootstrap>", line 488, in _call_with_frames_removed
  File "/opt/airflow/dags/dbt.py", line 2, in <module>
    from airflow.providers.standard.operators.bash import BashOperator
ModuleNotFoundError: No module named 'airflow.providers.standard'
[2026-03-19T01:13:32.596+0000] {processor.py:842} WARNING - No viable dags retrieved from /opt/airflow/dags/dbt.py
[2026-03-19T01:13:32.633+0000] {processor.py:183} INFO - Processing /opt/airflow/dags/dbt.py took 0.089 seconds
[2026-03-19T01:14:03.307+0000] {processor.py:161} INFO - Started process (PID=9750) to work on /opt/airflow/dags/dbt.py
[2026-03-19T01:14:03.309+0000] {processor.py:830} INFO - Processing file /opt/airflow/dags/dbt.py for tasks to queue
[2026-03-19T01:14:03.317+0000] {logging_mixin.py:188} INFO - [2026-03-19T01:14:03.316+0000] {dagbag.py:545} INFO - Filling up the DagBag from /opt/airflow/dags/dbt.py
[2026-03-19T01:14:03.330+0000] {logging_mixin.py:188} INFO - [2026-03-19T01:14:03.327+0000] {dagbag.py:355} ERROR - Failed to import: /opt/airflow/dags/dbt.py
Traceback (most recent call last):
  File "/home/airflow/.local/lib/python3.12/site-packages/airflow/models/dagbag.py", line 351, in parse
    loader.exec_module(new_module)
  File "<frozen importlib._bootstrap_external>", line 995, in exec_module
  File "<frozen importlib._bootstrap>", line 488, in _call_with_frames_removed
  File "/opt/airflow/dags/dbt.py", line 2, in <module>
    from airflow.providers.standard.operators.bash import BashOperator
ModuleNotFoundError: No module named 'airflow.providers.standard'
[2026-03-19T01:14:03.332+0000] {processor.py:842} WARNING - No viable dags retrieved from /opt/airflow/dags/dbt.py
[2026-03-19T01:14:03.371+0000] {processor.py:183} INFO - Processing /opt/airflow/dags/dbt.py took 0.093 seconds
[2026-03-19T01:14:34.013+0000] {processor.py:161} INFO - Started process (PID=9752) to work on /opt/airflow/dags/dbt.py
[2026-03-19T01:14:34.021+0000] {processor.py:830} INFO - Processing file /opt/airflow/dags/dbt.py for tasks to queue
[2026-03-19T01:14:34.035+0000] {logging_mixin.py:188} INFO - [2026-03-19T01:14:34.034+0000] {dagbag.py:545} INFO - Filling up the DagBag from /opt/airflow/dags/dbt.py
[2026-03-19T01:14:34.048+0000] {logging_mixin.py:188} INFO - [2026-03-19T01:14:34.044+0000] {dagbag.py:355} ERROR - Failed to import: /opt/airflow/dags/dbt.py
Traceback (most recent call last):
  File "/home/airflow/.local/lib/python3.12/site-packages/airflow/models/dagbag.py", line 351, in parse
    loader.exec_module(new_module)
  File "<frozen importlib._bootstrap_external>", line 995, in exec_module
  File "<frozen importlib._bootstrap>", line 488, in _call_with_frames_removed
  File "/opt/airflow/dags/dbt.py", line 2, in <module>
    from airflow.providers.standard.operators.bash import BashOperator
ModuleNotFoundError: No module named 'airflow.providers.standard'
[2026-03-19T01:14:34.053+0000] {processor.py:842} WARNING - No viable dags retrieved from /opt/airflow/dags/dbt.py
[2026-03-19T01:14:34.107+0000] {processor.py:183} INFO - Processing /opt/airflow/dags/dbt.py took 0.118 seconds
[2026-03-19T01:15:04.719+0000] {processor.py:161} INFO - Started process (PID=9754) to work on /opt/airflow/dags/dbt.py
[2026-03-19T01:15:04.721+0000] {processor.py:830} INFO - Processing file /opt/airflow/dags/dbt.py for tasks to queue
[2026-03-19T01:15:04.726+0000] {logging_mixin.py:188} INFO - [2026-03-19T01:15:04.725+0000] {dagbag.py:545} INFO - Filling up the DagBag from /opt/airflow/dags/dbt.py
[2026-03-19T01:15:04.739+0000] {logging_mixin.py:188} INFO - [2026-03-19T01:15:04.734+0000] {dagbag.py:355} ERROR - Failed to import: /opt/airflow/dags/dbt.py
Traceback (most recent call last):
  File "/home/airflow/.local/lib/python3.12/site-packages/airflow/models/dagbag.py", line 351, in parse
    loader.exec_module(new_module)
  File "<frozen importlib._bootstrap_external>", line 995, in exec_module
  File "<frozen importlib._bootstrap>", line 488, in _call_with_frames_removed
  File "/opt/airflow/dags/dbt.py", line 2, in <module>
    from airflow.providers.standard.operators.bash import BashOperator
ModuleNotFoundError: No module named 'airflow.providers.standard'
[2026-03-19T01:15:04.740+0000] {processor.py:842} WARNING - No viable dags retrieved from /opt/airflow/dags/dbt.py
[2026-03-19T01:15:04.781+0000] {processor.py:183} INFO - Processing /opt/airflow/dags/dbt.py took 0.095 seconds
[2026-03-19T01:15:35.367+0000] {processor.py:161} INFO - Started process (PID=9756) to work on /opt/airflow/dags/dbt.py
[2026-03-19T01:15:35.368+0000] {processor.py:830} INFO - Processing file /opt/airflow/dags/dbt.py for tasks to queue
[2026-03-19T01:15:35.377+0000] {logging_mixin.py:188} INFO - [2026-03-19T01:15:35.376+0000] {dagbag.py:545} INFO - Filling up the DagBag from /opt/airflow/dags/dbt.py
[2026-03-19T01:15:35.389+0000] {logging_mixin.py:188} INFO - [2026-03-19T01:15:35.385+0000] {dagbag.py:355} ERROR - Failed to import: /opt/airflow/dags/dbt.py
Traceback (most recent call last):
  File "/home/airflow/.local/lib/python3.12/site-packages/airflow/models/dagbag.py", line 351, in parse
    loader.exec_module(new_module)
  File "<frozen importlib._bootstrap_external>", line 995, in exec_module
  File "<frozen importlib._bootstrap>", line 488, in _call_with_frames_removed
  File "/opt/airflow/dags/dbt.py", line 2, in <module>
    from airflow.providers.standard.operators.bash import BashOperator
ModuleNotFoundError: No module named 'airflow.providers.standard'
[2026-03-19T01:15:35.390+0000] {processor.py:842} WARNING - No viable dags retrieved from /opt/airflow/dags/dbt.py
[2026-03-19T01:15:35.428+0000] {processor.py:183} INFO - Processing /opt/airflow/dags/dbt.py took 0.083 seconds
[2026-03-19T01:16:06.031+0000] {processor.py:161} INFO - Started process (PID=9758) to work on /opt/airflow/dags/dbt.py
[2026-03-19T01:16:06.036+0000] {processor.py:830} INFO - Processing file /opt/airflow/dags/dbt.py for tasks to queue
[2026-03-19T01:16:06.042+0000] {logging_mixin.py:188} INFO - [2026-03-19T01:16:06.041+0000] {dagbag.py:545} INFO - Filling up the DagBag from /opt/airflow/dags/dbt.py
[2026-03-19T01:16:06.054+0000] {logging_mixin.py:188} INFO - [2026-03-19T01:16:06.050+0000] {dagbag.py:355} ERROR - Failed to import: /opt/airflow/dags/dbt.py
Traceback (most recent call last):
  File "/home/airflow/.local/lib/python3.12/site-packages/airflow/models/dagbag.py", line 351, in parse
    loader.exec_module(new_module)
  File "<frozen importlib._bootstrap_external>", line 995, in exec_module
  File "<frozen importlib._bootstrap>", line 488, in _call_with_frames_removed
  File "/opt/airflow/dags/dbt.py", line 2, in <module>
    from airflow.providers.standard.operators.bash import BashOperator
ModuleNotFoundError: No module named 'airflow.providers.standard'
[2026-03-19T01:16:06.055+0000] {processor.py:842} WARNING - No viable dags retrieved from /opt/airflow/dags/dbt.py
[2026-03-19T01:16:06.102+0000] {processor.py:183} INFO - Processing /opt/airflow/dags/dbt.py took 0.093 seconds
[2026-03-19T01:16:36.744+0000] {processor.py:161} INFO - Started process (PID=9760) to work on /opt/airflow/dags/dbt.py
[2026-03-19T01:16:36.746+0000] {processor.py:830} INFO - Processing file /opt/airflow/dags/dbt.py for tasks to queue
[2026-03-19T01:16:36.754+0000] {logging_mixin.py:188} INFO - [2026-03-19T01:16:36.753+0000] {dagbag.py:545} INFO - Filling up the DagBag from /opt/airflow/dags/dbt.py
[2026-03-19T01:16:36.762+0000] {logging_mixin.py:188} INFO - [2026-03-19T01:16:36.759+0000] {dagbag.py:355} ERROR - Failed to import: /opt/airflow/dags/dbt.py
Traceback (most recent call last):
  File "/home/airflow/.local/lib/python3.12/site-packages/airflow/models/dagbag.py", line 351, in parse
    loader.exec_module(new_module)
  File "<frozen importlib._bootstrap_external>", line 995, in exec_module
  File "<frozen importlib._bootstrap>", line 488, in _call_with_frames_removed
  File "/opt/airflow/dags/dbt.py", line 2, in <module>
    from airflow.providers.standard.operators.bash import BashOperator
ModuleNotFoundError: No module named 'airflow.providers.standard'
[2026-03-19T01:16:36.764+0000] {processor.py:842} WARNING - No viable dags retrieved from /opt/airflow/dags/dbt.py
[2026-03-19T01:16:36.825+0000] {processor.py:183} INFO - Processing /opt/airflow/dags/dbt.py took 0.100 seconds
[2026-03-19T01:17:07.377+0000] {processor.py:161} INFO - Started process (PID=9762) to work on /opt/airflow/dags/dbt.py
[2026-03-19T01:17:07.380+0000] {processor.py:830} INFO - Processing file /opt/airflow/dags/dbt.py for tasks to queue
[2026-03-19T01:17:07.393+0000] {logging_mixin.py:188} INFO - [2026-03-19T01:17:07.392+0000] {dagbag.py:545} INFO - Filling up the DagBag from /opt/airflow/dags/dbt.py
[2026-03-19T01:17:07.402+0000] {logging_mixin.py:188} INFO - [2026-03-19T01:17:07.400+0000] {dagbag.py:355} ERROR - Failed to import: /opt/airflow/dags/dbt.py
Traceback (most recent call last):
  File "/home/airflow/.local/lib/python3.12/site-packages/airflow/models/dagbag.py", line 351, in parse
    loader.exec_module(new_module)
  File "<frozen importlib._bootstrap_external>", line 995, in exec_module
  File "<frozen importlib._bootstrap>", line 488, in _call_with_frames_removed
  File "/opt/airflow/dags/dbt.py", line 2, in <module>
    from airflow.providers.standard.operators.bash import BashOperator
ModuleNotFoundError: No module named 'airflow.providers.standard'
[2026-03-19T01:17:07.402+0000] {processor.py:842} WARNING - No viable dags retrieved from /opt/airflow/dags/dbt.py
[2026-03-19T01:17:07.448+0000] {processor.py:183} INFO - Processing /opt/airflow/dags/dbt.py took 0.101 seconds
[2026-03-19T01:17:37.995+0000] {processor.py:161} INFO - Started process (PID=9764) to work on /opt/airflow/dags/dbt.py
[2026-03-19T01:17:37.997+0000] {processor.py:830} INFO - Processing file /opt/airflow/dags/dbt.py for tasks to queue
[2026-03-19T01:17:38.009+0000] {logging_mixin.py:188} INFO - [2026-03-19T01:17:38.004+0000] {dagbag.py:545} INFO - Filling up the DagBag from /opt/airflow/dags/dbt.py
[2026-03-19T01:17:38.021+0000] {logging_mixin.py:188} INFO - [2026-03-19T01:17:38.020+0000] {dagbag.py:355} ERROR - Failed to import: /opt/airflow/dags/dbt.py
Traceback (most recent call last):
  File "/home/airflow/.local/lib/python3.12/site-packages/airflow/models/dagbag.py", line 351, in parse
    loader.exec_module(new_module)
  File "<frozen importlib._bootstrap_external>", line 995, in exec_module
  File "<frozen importlib._bootstrap>", line 488, in _call_with_frames_removed
  File "/opt/airflow/dags/dbt.py", line 2, in <module>
    from airflow.providers.standard.operators.bash import BashOperator
ModuleNotFoundError: No module named 'airflow.providers.standard'
[2026-03-19T01:17:38.021+0000] {processor.py:842} WARNING - No viable dags retrieved from /opt/airflow/dags/dbt.py
[2026-03-19T01:17:38.067+0000] {processor.py:183} INFO - Processing /opt/airflow/dags/dbt.py took 0.084 seconds
[2026-03-19T01:18:08.711+0000] {processor.py:161} INFO - Started process (PID=9766) to work on /opt/airflow/dags/dbt.py
[2026-03-19T01:18:08.754+0000] {processor.py:830} INFO - Processing file /opt/airflow/dags/dbt.py for tasks to queue
[2026-03-19T01:18:08.769+0000] {logging_mixin.py:188} INFO - [2026-03-19T01:18:08.768+0000] {dagbag.py:545} INFO - Filling up the DagBag from /opt/airflow/dags/dbt.py
[2026-03-19T01:18:08.776+0000] {logging_mixin.py:188} INFO - [2026-03-19T01:18:08.774+0000] {dagbag.py:355} ERROR - Failed to import: /opt/airflow/dags/dbt.py
Traceback (most recent call last):
  File "/home/airflow/.local/lib/python3.12/site-packages/airflow/models/dagbag.py", line 351, in parse
    loader.exec_module(new_module)
  File "<frozen importlib._bootstrap_external>", line 995, in exec_module
  File "<frozen importlib._bootstrap>", line 488, in _call_with_frames_removed
  File "/opt/airflow/dags/dbt.py", line 2, in <module>
    from airflow.providers.standard.operators.bash import BashOperator
ModuleNotFoundError: No module named 'airflow.providers.standard'
[2026-03-19T01:18:08.776+0000] {processor.py:842} WARNING - No viable dags retrieved from /opt/airflow/dags/dbt.py
[2026-03-19T01:18:08.926+0000] {processor.py:183} INFO - Processing /opt/airflow/dags/dbt.py took 0.227 seconds
[2026-03-19T01:18:39.497+0000] {processor.py:161} INFO - Started process (PID=9768) to work on /opt/airflow/dags/dbt.py
[2026-03-19T01:18:39.500+0000] {processor.py:830} INFO - Processing file /opt/airflow/dags/dbt.py for tasks to queue
[2026-03-19T01:18:39.508+0000] {logging_mixin.py:188} INFO - [2026-03-19T01:18:39.507+0000] {dagbag.py:545} INFO - Filling up the DagBag from /opt/airflow/dags/dbt.py
[2026-03-19T01:18:39.522+0000] {logging_mixin.py:188} INFO - [2026-03-19T01:18:39.518+0000] {dagbag.py:355} ERROR - Failed to import: /opt/airflow/dags/dbt.py
Traceback (most recent call last):
  File "/home/airflow/.local/lib/python3.12/site-packages/airflow/models/dagbag.py", line 351, in parse
    loader.exec_module(new_module)
  File "<frozen importlib._bootstrap_external>", line 995, in exec_module
  File "<frozen importlib._bootstrap>", line 488, in _call_with_frames_removed
  File "/opt/airflow/dags/dbt.py", line 2, in <module>
    from airflow.providers.standard.operators.bash import BashOperator
ModuleNotFoundError: No module named 'airflow.providers.standard'
[2026-03-19T01:18:39.523+0000] {processor.py:842} WARNING - No viable dags retrieved from /opt/airflow/dags/dbt.py
[2026-03-19T01:18:39.565+0000] {processor.py:183} INFO - Processing /opt/airflow/dags/dbt.py took 0.102 seconds
[2026-03-19T01:19:10.085+0000] {processor.py:161} INFO - Started process (PID=9770) to work on /opt/airflow/dags/dbt.py
[2026-03-19T01:19:10.088+0000] {processor.py:830} INFO - Processing file /opt/airflow/dags/dbt.py for tasks to queue
[2026-03-19T01:19:10.098+0000] {logging_mixin.py:188} INFO - [2026-03-19T01:19:10.097+0000] {dagbag.py:545} INFO - Filling up the DagBag from /opt/airflow/dags/dbt.py
[2026-03-19T01:19:10.110+0000] {logging_mixin.py:188} INFO - [2026-03-19T01:19:10.108+0000] {dagbag.py:355} ERROR - Failed to import: /opt/airflow/dags/dbt.py
Traceback (most recent call last):
  File "/home/airflow/.local/lib/python3.12/site-packages/airflow/models/dagbag.py", line 351, in parse
    loader.exec_module(new_module)
  File "<frozen importlib._bootstrap_external>", line 995, in exec_module
  File "<frozen importlib._bootstrap>", line 488, in _call_with_frames_removed
  File "/opt/airflow/dags/dbt.py", line 2, in <module>
    from airflow.providers.standard.operators.bash import BashOperator
ModuleNotFoundError: No module named 'airflow.providers.standard'
[2026-03-19T01:19:10.111+0000] {processor.py:842} WARNING - No viable dags retrieved from /opt/airflow/dags/dbt.py
[2026-03-19T01:19:10.159+0000] {processor.py:183} INFO - Processing /opt/airflow/dags/dbt.py took 0.092 seconds
[2026-03-19T01:19:40.760+0000] {processor.py:161} INFO - Started process (PID=9772) to work on /opt/airflow/dags/dbt.py
[2026-03-19T01:19:40.761+0000] {processor.py:830} INFO - Processing file /opt/airflow/dags/dbt.py for tasks to queue
[2026-03-19T01:19:40.766+0000] {logging_mixin.py:188} INFO - [2026-03-19T01:19:40.766+0000] {dagbag.py:545} INFO - Filling up the DagBag from /opt/airflow/dags/dbt.py
[2026-03-19T01:19:40.778+0000] {logging_mixin.py:188} INFO - [2026-03-19T01:19:40.774+0000] {dagbag.py:355} ERROR - Failed to import: /opt/airflow/dags/dbt.py
Traceback (most recent call last):
  File "/home/airflow/.local/lib/python3.12/site-packages/airflow/models/dagbag.py", line 351, in parse
    loader.exec_module(new_module)
  File "<frozen importlib._bootstrap_external>", line 995, in exec_module
  File "<frozen importlib._bootstrap>", line 488, in _call_with_frames_removed
  File "/opt/airflow/dags/dbt.py", line 2, in <module>
    from airflow.providers.standard.operators.bash import BashOperator
ModuleNotFoundError: No module named 'airflow.providers.standard'
[2026-03-19T01:19:40.781+0000] {processor.py:842} WARNING - No viable dags retrieved from /opt/airflow/dags/dbt.py
[2026-03-19T01:19:40.822+0000] {processor.py:183} INFO - Processing /opt/airflow/dags/dbt.py took 0.079 seconds
[2026-03-19T01:20:11.341+0000] {processor.py:161} INFO - Started process (PID=9774) to work on /opt/airflow/dags/dbt.py
[2026-03-19T01:20:11.344+0000] {processor.py:830} INFO - Processing file /opt/airflow/dags/dbt.py for tasks to queue
[2026-03-19T01:20:11.354+0000] {logging_mixin.py:188} INFO - [2026-03-19T01:20:11.351+0000] {dagbag.py:545} INFO - Filling up the DagBag from /opt/airflow/dags/dbt.py
[2026-03-19T01:20:11.366+0000] {logging_mixin.py:188} INFO - [2026-03-19T01:20:11.363+0000] {dagbag.py:355} ERROR - Failed to import: /opt/airflow/dags/dbt.py
Traceback (most recent call last):
  File "/home/airflow/.local/lib/python3.12/site-packages/airflow/models/dagbag.py", line 351, in parse
    loader.exec_module(new_module)
  File "<frozen importlib._bootstrap_external>", line 995, in exec_module
  File "<frozen importlib._bootstrap>", line 488, in _call_with_frames_removed
  File "/opt/airflow/dags/dbt.py", line 2, in <module>
    from airflow.providers.standard.operators.bash import BashOperator
ModuleNotFoundError: No module named 'airflow.providers.standard'
[2026-03-19T01:20:11.366+0000] {processor.py:842} WARNING - No viable dags retrieved from /opt/airflow/dags/dbt.py
[2026-03-19T01:20:11.411+0000] {processor.py:183} INFO - Processing /opt/airflow/dags/dbt.py took 0.092 seconds
[2026-03-19T01:20:41.982+0000] {processor.py:161} INFO - Started process (PID=9776) to work on /opt/airflow/dags/dbt.py
[2026-03-19T01:20:41.984+0000] {processor.py:830} INFO - Processing file /opt/airflow/dags/dbt.py for tasks to queue
[2026-03-19T01:20:41.992+0000] {logging_mixin.py:188} INFO - [2026-03-19T01:20:41.991+0000] {dagbag.py:545} INFO - Filling up the DagBag from /opt/airflow/dags/dbt.py
[2026-03-19T01:20:42.001+0000] {logging_mixin.py:188} INFO - [2026-03-19T01:20:41.998+0000] {dagbag.py:355} ERROR - Failed to import: /opt/airflow/dags/dbt.py
Traceback (most recent call last):
  File "/home/airflow/.local/lib/python3.12/site-packages/airflow/models/dagbag.py", line 351, in parse
    loader.exec_module(new_module)
  File "<frozen importlib._bootstrap_external>", line 995, in exec_module
  File "<frozen importlib._bootstrap>", line 488, in _call_with_frames_removed
  File "/opt/airflow/dags/dbt.py", line 2, in <module>
    from airflow.providers.standard.operators.bash import BashOperator
ModuleNotFoundError: No module named 'airflow.providers.standard'
[2026-03-19T01:20:42.001+0000] {processor.py:842} WARNING - No viable dags retrieved from /opt/airflow/dags/dbt.py
[2026-03-19T01:20:42.040+0000] {processor.py:183} INFO - Processing /opt/airflow/dags/dbt.py took 0.084 seconds
[2026-03-19T01:21:12.732+0000] {processor.py:161} INFO - Started process (PID=9778) to work on /opt/airflow/dags/dbt.py
[2026-03-19T01:21:12.735+0000] {processor.py:830} INFO - Processing file /opt/airflow/dags/dbt.py for tasks to queue
[2026-03-19T01:21:12.739+0000] {logging_mixin.py:188} INFO - [2026-03-19T01:21:12.739+0000] {dagbag.py:545} INFO - Filling up the DagBag from /opt/airflow/dags/dbt.py
[2026-03-19T01:21:12.751+0000] {logging_mixin.py:188} INFO - [2026-03-19T01:21:12.749+0000] {dagbag.py:355} ERROR - Failed to import: /opt/airflow/dags/dbt.py
Traceback (most recent call last):
  File "/home/airflow/.local/lib/python3.12/site-packages/airflow/models/dagbag.py", line 351, in parse
    loader.exec_module(new_module)
  File "<frozen importlib._bootstrap_external>", line 995, in exec_module
  File "<frozen importlib._bootstrap>", line 488, in _call_with_frames_removed
  File "/opt/airflow/dags/dbt.py", line 2, in <module>
    from airflow.providers.standard.operators.bash import BashOperator
ModuleNotFoundError: No module named 'airflow.providers.standard'
[2026-03-19T01:21:12.752+0000] {processor.py:842} WARNING - No viable dags retrieved from /opt/airflow/dags/dbt.py
[2026-03-19T01:21:12.798+0000] {processor.py:183} INFO - Processing /opt/airflow/dags/dbt.py took 0.090 seconds
[2026-03-19T01:21:43.379+0000] {processor.py:161} INFO - Started process (PID=9780) to work on /opt/airflow/dags/dbt.py
[2026-03-19T01:21:43.381+0000] {processor.py:830} INFO - Processing file /opt/airflow/dags/dbt.py for tasks to queue
[2026-03-19T01:21:43.391+0000] {logging_mixin.py:188} INFO - [2026-03-19T01:21:43.390+0000] {dagbag.py:545} INFO - Filling up the DagBag from /opt/airflow/dags/dbt.py
[2026-03-19T01:21:43.405+0000] {logging_mixin.py:188} INFO - [2026-03-19T01:21:43.403+0000] {dagbag.py:355} ERROR - Failed to import: /opt/airflow/dags/dbt.py
Traceback (most recent call last):
  File "/home/airflow/.local/lib/python3.12/site-packages/airflow/models/dagbag.py", line 351, in parse
    loader.exec_module(new_module)
  File "<frozen importlib._bootstrap_external>", line 995, in exec_module
  File "<frozen importlib._bootstrap>", line 488, in _call_with_frames_removed
  File "/opt/airflow/dags/dbt.py", line 2, in <module>
    from airflow.providers.standard.operators.bash import BashOperator
ModuleNotFoundError: No module named 'airflow.providers.standard'
[2026-03-19T01:21:43.405+0000] {processor.py:842} WARNING - No viable dags retrieved from /opt/airflow/dags/dbt.py
[2026-03-19T01:21:43.449+0000] {processor.py:183} INFO - Processing /opt/airflow/dags/dbt.py took 0.097 seconds
[2026-03-19T01:22:13.974+0000] {processor.py:161} INFO - Started process (PID=9782) to work on /opt/airflow/dags/dbt.py
[2026-03-19T01:22:13.975+0000] {processor.py:830} INFO - Processing file /opt/airflow/dags/dbt.py for tasks to queue
[2026-03-19T01:22:13.980+0000] {logging_mixin.py:188} INFO - [2026-03-19T01:22:13.979+0000] {dagbag.py:545} INFO - Filling up the DagBag from /opt/airflow/dags/dbt.py
[2026-03-19T01:22:13.992+0000] {logging_mixin.py:188} INFO - [2026-03-19T01:22:13.989+0000] {dagbag.py:355} ERROR - Failed to import: /opt/airflow/dags/dbt.py
Traceback (most recent call last):
  File "/home/airflow/.local/lib/python3.12/site-packages/airflow/models/dagbag.py", line 351, in parse
    loader.exec_module(new_module)
  File "<frozen importlib._bootstrap_external>", line 995, in exec_module
  File "<frozen importlib._bootstrap>", line 488, in _call_with_frames_removed
  File "/opt/airflow/dags/dbt.py", line 2, in <module>
    from airflow.providers.standard.operators.bash import BashOperator
ModuleNotFoundError: No module named 'airflow.providers.standard'
[2026-03-19T01:22:13.993+0000] {processor.py:842} WARNING - No viable dags retrieved from /opt/airflow/dags/dbt.py
[2026-03-19T01:22:14.031+0000] {processor.py:183} INFO - Processing /opt/airflow/dags/dbt.py took 0.082 seconds
[2026-03-19T01:22:44.608+0000] {processor.py:161} INFO - Started process (PID=9784) to work on /opt/airflow/dags/dbt.py
[2026-03-19T01:22:44.616+0000] {processor.py:830} INFO - Processing file /opt/airflow/dags/dbt.py for tasks to queue
[2026-03-19T01:22:44.622+0000] {logging_mixin.py:188} INFO - [2026-03-19T01:22:44.620+0000] {dagbag.py:545} INFO - Filling up the DagBag from /opt/airflow/dags/dbt.py
[2026-03-19T01:22:44.632+0000] {logging_mixin.py:188} INFO - [2026-03-19T01:22:44.629+0000] {dagbag.py:355} ERROR - Failed to import: /opt/airflow/dags/dbt.py
Traceback (most recent call last):
  File "/home/airflow/.local/lib/python3.12/site-packages/airflow/models/dagbag.py", line 351, in parse
    loader.exec_module(new_module)
  File "<frozen importlib._bootstrap_external>", line 995, in exec_module
  File "<frozen importlib._bootstrap>", line 488, in _call_with_frames_removed
  File "/opt/airflow/dags/dbt.py", line 2, in <module>
    from airflow.providers.standard.operators.bash import BashOperator
ModuleNotFoundError: No module named 'airflow.providers.standard'
[2026-03-19T01:22:44.633+0000] {processor.py:842} WARNING - No viable dags retrieved from /opt/airflow/dags/dbt.py
[2026-03-19T01:22:44.693+0000] {processor.py:183} INFO - Processing /opt/airflow/dags/dbt.py took 0.128 seconds
[2026-03-19T01:23:15.421+0000] {processor.py:161} INFO - Started process (PID=9786) to work on /opt/airflow/dags/dbt.py
[2026-03-19T01:23:15.435+0000] {processor.py:830} INFO - Processing file /opt/airflow/dags/dbt.py for tasks to queue
[2026-03-19T01:23:15.456+0000] {logging_mixin.py:188} INFO - [2026-03-19T01:23:15.455+0000] {dagbag.py:545} INFO - Filling up the DagBag from /opt/airflow/dags/dbt.py
[2026-03-19T01:23:15.464+0000] {logging_mixin.py:188} INFO - [2026-03-19T01:23:15.462+0000] {dagbag.py:355} ERROR - Failed to import: /opt/airflow/dags/dbt.py
Traceback (most recent call last):
  File "/home/airflow/.local/lib/python3.12/site-packages/airflow/models/dagbag.py", line 351, in parse
    loader.exec_module(new_module)
  File "<frozen importlib._bootstrap_external>", line 995, in exec_module
  File "<frozen importlib._bootstrap>", line 488, in _call_with_frames_removed
  File "/opt/airflow/dags/dbt.py", line 2, in <module>
    from airflow.providers.standard.operators.bash import BashOperator
ModuleNotFoundError: No module named 'airflow.providers.standard'
[2026-03-19T01:23:15.464+0000] {processor.py:842} WARNING - No viable dags retrieved from /opt/airflow/dags/dbt.py
[2026-03-19T01:23:15.492+0000] {processor.py:183} INFO - Processing /opt/airflow/dags/dbt.py took 0.120 seconds
[2026-03-19T01:23:46.059+0000] {processor.py:161} INFO - Started process (PID=9788) to work on /opt/airflow/dags/dbt.py
[2026-03-19T01:23:46.063+0000] {processor.py:830} INFO - Processing file /opt/airflow/dags/dbt.py for tasks to queue
[2026-03-19T01:23:46.068+0000] {logging_mixin.py:188} INFO - [2026-03-19T01:23:46.068+0000] {dagbag.py:545} INFO - Filling up the DagBag from /opt/airflow/dags/dbt.py
[2026-03-19T01:23:46.074+0000] {logging_mixin.py:188} INFO - [2026-03-19T01:23:46.073+0000] {dagbag.py:355} ERROR - Failed to import: /opt/airflow/dags/dbt.py
Traceback (most recent call last):
  File "/home/airflow/.local/lib/python3.12/site-packages/airflow/models/dagbag.py", line 351, in parse
    loader.exec_module(new_module)
  File "<frozen importlib._bootstrap_external>", line 995, in exec_module
  File "<frozen importlib._bootstrap>", line 488, in _call_with_frames_removed
  File "/opt/airflow/dags/dbt.py", line 2, in <module>
    from airflow.providers.standard.operators.bash import BashOperator
ModuleNotFoundError: No module named 'airflow.providers.standard'
[2026-03-19T01:23:46.075+0000] {processor.py:842} WARNING - No viable dags retrieved from /opt/airflow/dags/dbt.py
[2026-03-19T01:23:46.118+0000] {processor.py:183} INFO - Processing /opt/airflow/dags/dbt.py took 0.101 seconds
[2026-03-19T01:24:16.640+0000] {processor.py:161} INFO - Started process (PID=9790) to work on /opt/airflow/dags/dbt.py
[2026-03-19T01:24:16.642+0000] {processor.py:830} INFO - Processing file /opt/airflow/dags/dbt.py for tasks to queue
[2026-03-19T01:24:16.650+0000] {logging_mixin.py:188} INFO - [2026-03-19T01:24:16.649+0000] {dagbag.py:545} INFO - Filling up the DagBag from /opt/airflow/dags/dbt.py
[2026-03-19T01:24:16.659+0000] {logging_mixin.py:188} INFO - [2026-03-19T01:24:16.656+0000] {dagbag.py:355} ERROR - Failed to import: /opt/airflow/dags/dbt.py
Traceback (most recent call last):
  File "/home/airflow/.local/lib/python3.12/site-packages/airflow/models/dagbag.py", line 351, in parse
    loader.exec_module(new_module)
  File "<frozen importlib._bootstrap_external>", line 995, in exec_module
  File "<frozen importlib._bootstrap>", line 488, in _call_with_frames_removed
  File "/opt/airflow/dags/dbt.py", line 2, in <module>
    from airflow.providers.standard.operators.bash import BashOperator
ModuleNotFoundError: No module named 'airflow.providers.standard'
[2026-03-19T01:24:16.659+0000] {processor.py:842} WARNING - No viable dags retrieved from /opt/airflow/dags/dbt.py
[2026-03-19T01:24:16.743+0000] {processor.py:183} INFO - Processing /opt/airflow/dags/dbt.py took 0.122 seconds
[2026-03-19T01:24:47.329+0000] {processor.py:161} INFO - Started process (PID=9792) to work on /opt/airflow/dags/dbt.py
[2026-03-19T01:24:47.333+0000] {processor.py:830} INFO - Processing file /opt/airflow/dags/dbt.py for tasks to queue
[2026-03-19T01:24:47.342+0000] {logging_mixin.py:188} INFO - [2026-03-19T01:24:47.338+0000] {dagbag.py:545} INFO - Filling up the DagBag from /opt/airflow/dags/dbt.py
[2026-03-19T01:24:47.351+0000] {logging_mixin.py:188} INFO - [2026-03-19T01:24:47.349+0000] {dagbag.py:355} ERROR - Failed to import: /opt/airflow/dags/dbt.py
Traceback (most recent call last):
  File "/home/airflow/.local/lib/python3.12/site-packages/airflow/models/dagbag.py", line 351, in parse
    loader.exec_module(new_module)
  File "<frozen importlib._bootstrap_external>", line 995, in exec_module
  File "<frozen importlib._bootstrap>", line 488, in _call_with_frames_removed
  File "/opt/airflow/dags/dbt.py", line 2, in <module>
    from airflow.providers.standard.operators.bash import BashOperator
ModuleNotFoundError: No module named 'airflow.providers.standard'
[2026-03-19T01:24:47.351+0000] {processor.py:842} WARNING - No viable dags retrieved from /opt/airflow/dags/dbt.py
[2026-03-19T01:24:47.394+0000] {processor.py:183} INFO - Processing /opt/airflow/dags/dbt.py took 0.093 seconds
[2026-03-19T01:25:18.058+0000] {processor.py:161} INFO - Started process (PID=9794) to work on /opt/airflow/dags/dbt.py
[2026-03-19T01:25:18.063+0000] {processor.py:830} INFO - Processing file /opt/airflow/dags/dbt.py for tasks to queue
[2026-03-19T01:25:18.070+0000] {logging_mixin.py:188} INFO - [2026-03-19T01:25:18.069+0000] {dagbag.py:545} INFO - Filling up the DagBag from /opt/airflow/dags/dbt.py
[2026-03-19T01:25:18.084+0000] {logging_mixin.py:188} INFO - [2026-03-19T01:25:18.077+0000] {dagbag.py:355} ERROR - Failed to import: /opt/airflow/dags/dbt.py
Traceback (most recent call last):
  File "/home/airflow/.local/lib/python3.12/site-packages/airflow/models/dagbag.py", line 351, in parse
    loader.exec_module(new_module)
  File "<frozen importlib._bootstrap_external>", line 995, in exec_module
  File "<frozen importlib._bootstrap>", line 488, in _call_with_frames_removed
  File "/opt/airflow/dags/dbt.py", line 2, in <module>
    from airflow.providers.standard.operators.bash import BashOperator
ModuleNotFoundError: No module named 'airflow.providers.standard'
[2026-03-19T01:25:18.085+0000] {processor.py:842} WARNING - No viable dags retrieved from /opt/airflow/dags/dbt.py
[2026-03-19T01:25:18.128+0000] {processor.py:183} INFO - Processing /opt/airflow/dags/dbt.py took 0.094 seconds
[2026-03-19T01:25:48.691+0000] {processor.py:161} INFO - Started process (PID=9796) to work on /opt/airflow/dags/dbt.py
[2026-03-19T01:25:48.693+0000] {processor.py:830} INFO - Processing file /opt/airflow/dags/dbt.py for tasks to queue
[2026-03-19T01:25:48.697+0000] {logging_mixin.py:188} INFO - [2026-03-19T01:25:48.696+0000] {dagbag.py:545} INFO - Filling up the DagBag from /opt/airflow/dags/dbt.py
[2026-03-19T01:25:48.711+0000] {logging_mixin.py:188} INFO - [2026-03-19T01:25:48.706+0000] {dagbag.py:355} ERROR - Failed to import: /opt/airflow/dags/dbt.py
Traceback (most recent call last):
  File "/home/airflow/.local/lib/python3.12/site-packages/airflow/models/dagbag.py", line 351, in parse
    loader.exec_module(new_module)
  File "<frozen importlib._bootstrap_external>", line 995, in exec_module
  File "<frozen importlib._bootstrap>", line 488, in _call_with_frames_removed
  File "/opt/airflow/dags/dbt.py", line 2, in <module>
    from airflow.providers.standard.operators.bash import BashOperator
ModuleNotFoundError: No module named 'airflow.providers.standard'
[2026-03-19T01:25:48.712+0000] {processor.py:842} WARNING - No viable dags retrieved from /opt/airflow/dags/dbt.py
[2026-03-19T01:25:48.756+0000] {processor.py:183} INFO - Processing /opt/airflow/dags/dbt.py took 0.099 seconds
[2026-03-19T01:26:19.447+0000] {processor.py:161} INFO - Started process (PID=9798) to work on /opt/airflow/dags/dbt.py
[2026-03-19T01:26:19.450+0000] {processor.py:830} INFO - Processing file /opt/airflow/dags/dbt.py for tasks to queue
[2026-03-19T01:26:19.458+0000] {logging_mixin.py:188} INFO - [2026-03-19T01:26:19.456+0000] {dagbag.py:545} INFO - Filling up the DagBag from /opt/airflow/dags/dbt.py
[2026-03-19T01:26:19.473+0000] {logging_mixin.py:188} INFO - [2026-03-19T01:26:19.471+0000] {dagbag.py:355} ERROR - Failed to import: /opt/airflow/dags/dbt.py
Traceback (most recent call last):
  File "/home/airflow/.local/lib/python3.12/site-packages/airflow/models/dagbag.py", line 351, in parse
    loader.exec_module(new_module)
  File "<frozen importlib._bootstrap_external>", line 995, in exec_module
  File "<frozen importlib._bootstrap>", line 488, in _call_with_frames_removed
  File "/opt/airflow/dags/dbt.py", line 2, in <module>
    from airflow.providers.standard.operators.bash import BashOperator
ModuleNotFoundError: No module named 'airflow.providers.standard'
[2026-03-19T01:26:19.474+0000] {processor.py:842} WARNING - No viable dags retrieved from /opt/airflow/dags/dbt.py
[2026-03-19T01:26:19.518+0000] {processor.py:183} INFO - Processing /opt/airflow/dags/dbt.py took 0.096 seconds
[2026-03-19T01:26:49.938+0000] {processor.py:161} INFO - Started process (PID=9800) to work on /opt/airflow/dags/dbt.py
[2026-03-19T01:26:49.940+0000] {processor.py:830} INFO - Processing file /opt/airflow/dags/dbt.py for tasks to queue
[2026-03-19T01:26:49.945+0000] {logging_mixin.py:188} INFO - [2026-03-19T01:26:49.944+0000] {dagbag.py:545} INFO - Filling up the DagBag from /opt/airflow/dags/dbt.py
[2026-03-19T01:26:49.957+0000] {logging_mixin.py:188} INFO - [2026-03-19T01:26:49.950+0000] {dagbag.py:355} ERROR - Failed to import: /opt/airflow/dags/dbt.py
Traceback (most recent call last):
  File "/home/airflow/.local/lib/python3.12/site-packages/airflow/models/dagbag.py", line 351, in parse
    loader.exec_module(new_module)
  File "<frozen importlib._bootstrap_external>", line 995, in exec_module
  File "<frozen importlib._bootstrap>", line 488, in _call_with_frames_removed
  File "/opt/airflow/dags/dbt.py", line 2, in <module>
    from airflow.providers.standard.operators.bash import BashOperator
ModuleNotFoundError: No module named 'airflow.providers.standard'
[2026-03-19T01:26:49.957+0000] {processor.py:842} WARNING - No viable dags retrieved from /opt/airflow/dags/dbt.py
[2026-03-19T01:26:50.003+0000] {processor.py:183} INFO - Processing /opt/airflow/dags/dbt.py took 0.090 seconds
[2026-03-19T01:27:20.612+0000] {processor.py:161} INFO - Started process (PID=9802) to work on /opt/airflow/dags/dbt.py
[2026-03-19T01:27:20.619+0000] {processor.py:830} INFO - Processing file /opt/airflow/dags/dbt.py for tasks to queue
[2026-03-19T01:27:20.626+0000] {logging_mixin.py:188} INFO - [2026-03-19T01:27:20.625+0000] {dagbag.py:545} INFO - Filling up the DagBag from /opt/airflow/dags/dbt.py
[2026-03-19T01:27:20.641+0000] {logging_mixin.py:188} INFO - [2026-03-19T01:27:20.637+0000] {dagbag.py:355} ERROR - Failed to import: /opt/airflow/dags/dbt.py
Traceback (most recent call last):
  File "/home/airflow/.local/lib/python3.12/site-packages/airflow/models/dagbag.py", line 351, in parse
    loader.exec_module(new_module)
  File "<frozen importlib._bootstrap_external>", line 995, in exec_module
  File "<frozen importlib._bootstrap>", line 488, in _call_with_frames_removed
  File "/opt/airflow/dags/dbt.py", line 2, in <module>
    from airflow.providers.standard.operators.bash import BashOperator
ModuleNotFoundError: No module named 'airflow.providers.standard'
[2026-03-19T01:27:20.642+0000] {processor.py:842} WARNING - No viable dags retrieved from /opt/airflow/dags/dbt.py
[2026-03-19T01:27:20.683+0000] {processor.py:183} INFO - Processing /opt/airflow/dags/dbt.py took 0.101 seconds
[2026-03-19T01:27:51.171+0000] {processor.py:161} INFO - Started process (PID=9804) to work on /opt/airflow/dags/dbt.py
[2026-03-19T01:27:51.174+0000] {processor.py:830} INFO - Processing file /opt/airflow/dags/dbt.py for tasks to queue
[2026-03-19T01:27:51.187+0000] {logging_mixin.py:188} INFO - [2026-03-19T01:27:51.186+0000] {dagbag.py:545} INFO - Filling up the DagBag from /opt/airflow/dags/dbt.py
[2026-03-19T01:27:51.200+0000] {logging_mixin.py:188} INFO - [2026-03-19T01:27:51.198+0000] {dagbag.py:355} ERROR - Failed to import: /opt/airflow/dags/dbt.py
Traceback (most recent call last):
  File "/home/airflow/.local/lib/python3.12/site-packages/airflow/models/dagbag.py", line 351, in parse
    loader.exec_module(new_module)
  File "<frozen importlib._bootstrap_external>", line 995, in exec_module
  File "<frozen importlib._bootstrap>", line 488, in _call_with_frames_removed
  File "/opt/airflow/dags/dbt.py", line 2, in <module>
    from airflow.providers.standard.operators.bash import BashOperator
ModuleNotFoundError: No module named 'airflow.providers.standard'
[2026-03-19T01:27:51.200+0000] {processor.py:842} WARNING - No viable dags retrieved from /opt/airflow/dags/dbt.py
[2026-03-19T01:27:51.238+0000] {processor.py:183} INFO - Processing /opt/airflow/dags/dbt.py took 0.082 seconds
[2026-03-19T01:28:21.856+0000] {processor.py:161} INFO - Started process (PID=9806) to work on /opt/airflow/dags/dbt.py
[2026-03-19T01:28:21.858+0000] {processor.py:830} INFO - Processing file /opt/airflow/dags/dbt.py for tasks to queue
[2026-03-19T01:28:21.864+0000] {logging_mixin.py:188} INFO - [2026-03-19T01:28:21.863+0000] {dagbag.py:545} INFO - Filling up the DagBag from /opt/airflow/dags/dbt.py
[2026-03-19T01:28:21.874+0000] {logging_mixin.py:188} INFO - [2026-03-19T01:28:21.871+0000] {dagbag.py:355} ERROR - Failed to import: /opt/airflow/dags/dbt.py
Traceback (most recent call last):
  File "/home/airflow/.local/lib/python3.12/site-packages/airflow/models/dagbag.py", line 351, in parse
    loader.exec_module(new_module)
  File "<frozen importlib._bootstrap_external>", line 995, in exec_module
  File "<frozen importlib._bootstrap>", line 488, in _call_with_frames_removed
  File "/opt/airflow/dags/dbt.py", line 2, in <module>
    from airflow.providers.standard.operators.bash import BashOperator
ModuleNotFoundError: No module named 'airflow.providers.standard'
[2026-03-19T01:28:21.877+0000] {processor.py:842} WARNING - No viable dags retrieved from /opt/airflow/dags/dbt.py
[2026-03-19T01:28:21.923+0000] {processor.py:183} INFO - Processing /opt/airflow/dags/dbt.py took 0.087 seconds
[2026-03-19T01:28:52.501+0000] {processor.py:161} INFO - Started process (PID=9808) to work on /opt/airflow/dags/dbt.py
[2026-03-19T01:28:52.503+0000] {processor.py:830} INFO - Processing file /opt/airflow/dags/dbt.py for tasks to queue
[2026-03-19T01:28:52.513+0000] {logging_mixin.py:188} INFO - [2026-03-19T01:28:52.513+0000] {dagbag.py:545} INFO - Filling up the DagBag from /opt/airflow/dags/dbt.py
[2026-03-19T01:28:52.522+0000] {logging_mixin.py:188} INFO - [2026-03-19T01:28:52.520+0000] {dagbag.py:355} ERROR - Failed to import: /opt/airflow/dags/dbt.py
Traceback (most recent call last):
  File "/home/airflow/.local/lib/python3.12/site-packages/airflow/models/dagbag.py", line 351, in parse
    loader.exec_module(new_module)
  File "<frozen importlib._bootstrap_external>", line 995, in exec_module
  File "<frozen importlib._bootstrap>", line 488, in _call_with_frames_removed
  File "/opt/airflow/dags/dbt.py", line 2, in <module>
    from airflow.providers.standard.operators.bash import BashOperator
ModuleNotFoundError: No module named 'airflow.providers.standard'
[2026-03-19T01:28:52.522+0000] {processor.py:842} WARNING - No viable dags retrieved from /opt/airflow/dags/dbt.py
[2026-03-19T01:28:52.561+0000] {processor.py:183} INFO - Processing /opt/airflow/dags/dbt.py took 0.089 seconds
[2026-03-19T01:29:23.189+0000] {processor.py:161} INFO - Started process (PID=9810) to work on /opt/airflow/dags/dbt.py
[2026-03-19T01:29:23.196+0000] {processor.py:830} INFO - Processing file /opt/airflow/dags/dbt.py for tasks to queue
[2026-03-19T01:29:23.205+0000] {logging_mixin.py:188} INFO - [2026-03-19T01:29:23.204+0000] {dagbag.py:545} INFO - Filling up the DagBag from /opt/airflow/dags/dbt.py
[2026-03-19T01:29:23.220+0000] {logging_mixin.py:188} INFO - [2026-03-19T01:29:23.215+0000] {dagbag.py:355} ERROR - Failed to import: /opt/airflow/dags/dbt.py
Traceback (most recent call last):
  File "/home/airflow/.local/lib/python3.12/site-packages/airflow/models/dagbag.py", line 351, in parse
    loader.exec_module(new_module)
  File "<frozen importlib._bootstrap_external>", line 995, in exec_module
  File "<frozen importlib._bootstrap>", line 488, in _call_with_frames_removed
  File "/opt/airflow/dags/dbt.py", line 2, in <module>
    from airflow.providers.standard.operators.bash import BashOperator
ModuleNotFoundError: No module named 'airflow.providers.standard'
[2026-03-19T01:29:23.221+0000] {processor.py:842} WARNING - No viable dags retrieved from /opt/airflow/dags/dbt.py
[2026-03-19T01:29:23.263+0000] {processor.py:183} INFO - Processing /opt/airflow/dags/dbt.py took 0.110 seconds
[2026-03-19T01:29:53.850+0000] {processor.py:161} INFO - Started process (PID=9812) to work on /opt/airflow/dags/dbt.py
[2026-03-19T01:29:53.855+0000] {processor.py:830} INFO - Processing file /opt/airflow/dags/dbt.py for tasks to queue
[2026-03-19T01:29:53.860+0000] {logging_mixin.py:188} INFO - [2026-03-19T01:29:53.860+0000] {dagbag.py:545} INFO - Filling up the DagBag from /opt/airflow/dags/dbt.py
[2026-03-19T01:29:53.875+0000] {logging_mixin.py:188} INFO - [2026-03-19T01:29:53.872+0000] {dagbag.py:355} ERROR - Failed to import: /opt/airflow/dags/dbt.py
Traceback (most recent call last):
  File "/home/airflow/.local/lib/python3.12/site-packages/airflow/models/dagbag.py", line 351, in parse
    loader.exec_module(new_module)
  File "<frozen importlib._bootstrap_external>", line 995, in exec_module
  File "<frozen importlib._bootstrap>", line 488, in _call_with_frames_removed
  File "/opt/airflow/dags/dbt.py", line 2, in <module>
    from airflow.providers.standard.operators.bash import BashOperator
ModuleNotFoundError: No module named 'airflow.providers.standard'
[2026-03-19T01:29:53.875+0000] {processor.py:842} WARNING - No viable dags retrieved from /opt/airflow/dags/dbt.py
[2026-03-19T01:29:53.918+0000] {processor.py:183} INFO - Processing /opt/airflow/dags/dbt.py took 0.089 seconds
[2026-03-19T01:30:24.544+0000] {processor.py:161} INFO - Started process (PID=9814) to work on /opt/airflow/dags/dbt.py
[2026-03-19T01:30:24.546+0000] {processor.py:830} INFO - Processing file /opt/airflow/dags/dbt.py for tasks to queue
[2026-03-19T01:30:24.550+0000] {logging_mixin.py:188} INFO - [2026-03-19T01:30:24.549+0000] {dagbag.py:545} INFO - Filling up the DagBag from /opt/airflow/dags/dbt.py
[2026-03-19T01:30:24.562+0000] {logging_mixin.py:188} INFO - [2026-03-19T01:30:24.556+0000] {dagbag.py:355} ERROR - Failed to import: /opt/airflow/dags/dbt.py
Traceback (most recent call last):
  File "/home/airflow/.local/lib/python3.12/site-packages/airflow/models/dagbag.py", line 351, in parse
    loader.exec_module(new_module)
  File "<frozen importlib._bootstrap_external>", line 995, in exec_module
  File "<frozen importlib._bootstrap>", line 488, in _call_with_frames_removed
  File "/opt/airflow/dags/dbt.py", line 2, in <module>
    from airflow.providers.standard.operators.bash import BashOperator
ModuleNotFoundError: No module named 'airflow.providers.standard'
[2026-03-19T01:30:24.565+0000] {processor.py:842} WARNING - No viable dags retrieved from /opt/airflow/dags/dbt.py
[2026-03-19T01:30:24.598+0000] {processor.py:183} INFO - Processing /opt/airflow/dags/dbt.py took 0.117 seconds
[2026-03-19T01:30:55.119+0000] {processor.py:161} INFO - Started process (PID=9816) to work on /opt/airflow/dags/dbt.py
[2026-03-19T01:30:55.120+0000] {processor.py:830} INFO - Processing file /opt/airflow/dags/dbt.py for tasks to queue
[2026-03-19T01:30:55.124+0000] {logging_mixin.py:188} INFO - [2026-03-19T01:30:55.124+0000] {dagbag.py:545} INFO - Filling up the DagBag from /opt/airflow/dags/dbt.py
[2026-03-19T01:30:55.133+0000] {logging_mixin.py:188} INFO - [2026-03-19T01:30:55.130+0000] {dagbag.py:355} ERROR - Failed to import: /opt/airflow/dags/dbt.py
Traceback (most recent call last):
  File "/home/airflow/.local/lib/python3.12/site-packages/airflow/models/dagbag.py", line 351, in parse
    loader.exec_module(new_module)
  File "<frozen importlib._bootstrap_external>", line 995, in exec_module
  File "<frozen importlib._bootstrap>", line 488, in _call_with_frames_removed
  File "/opt/airflow/dags/dbt.py", line 2, in <module>
    from airflow.providers.standard.operators.bash import BashOperator
ModuleNotFoundError: No module named 'airflow.providers.standard'
[2026-03-19T01:30:55.134+0000] {processor.py:842} WARNING - No viable dags retrieved from /opt/airflow/dags/dbt.py
[2026-03-19T01:30:55.171+0000] {processor.py:183} INFO - Processing /opt/airflow/dags/dbt.py took 0.068 seconds
[2026-03-19T01:31:25.690+0000] {processor.py:161} INFO - Started process (PID=9818) to work on /opt/airflow/dags/dbt.py
[2026-03-19T01:31:25.693+0000] {processor.py:830} INFO - Processing file /opt/airflow/dags/dbt.py for tasks to queue
[2026-03-19T01:31:25.704+0000] {logging_mixin.py:188} INFO - [2026-03-19T01:31:25.703+0000] {dagbag.py:545} INFO - Filling up the DagBag from /opt/airflow/dags/dbt.py
[2026-03-19T01:31:25.715+0000] {logging_mixin.py:188} INFO - [2026-03-19T01:31:25.714+0000] {dagbag.py:355} ERROR - Failed to import: /opt/airflow/dags/dbt.py
Traceback (most recent call last):
  File "/home/airflow/.local/lib/python3.12/site-packages/airflow/models/dagbag.py", line 351, in parse
    loader.exec_module(new_module)
  File "<frozen importlib._bootstrap_external>", line 995, in exec_module
  File "<frozen importlib._bootstrap>", line 488, in _call_with_frames_removed
  File "/opt/airflow/dags/dbt.py", line 2, in <module>
    from airflow.providers.standard.operators.bash import BashOperator
ModuleNotFoundError: No module named 'airflow.providers.standard'
[2026-03-19T01:31:25.716+0000] {processor.py:842} WARNING - No viable dags retrieved from /opt/airflow/dags/dbt.py
[2026-03-19T01:31:25.762+0000] {processor.py:183} INFO - Processing /opt/airflow/dags/dbt.py took 0.087 seconds
[2026-03-19T01:31:56.233+0000] {processor.py:161} INFO - Started process (PID=9820) to work on /opt/airflow/dags/dbt.py
[2026-03-19T01:31:56.235+0000] {processor.py:830} INFO - Processing file /opt/airflow/dags/dbt.py for tasks to queue
[2026-03-19T01:31:56.244+0000] {logging_mixin.py:188} INFO - [2026-03-19T01:31:56.240+0000] {dagbag.py:545} INFO - Filling up the DagBag from /opt/airflow/dags/dbt.py
[2026-03-19T01:31:56.252+0000] {logging_mixin.py:188} INFO - [2026-03-19T01:31:56.250+0000] {dagbag.py:355} ERROR - Failed to import: /opt/airflow/dags/dbt.py
Traceback (most recent call last):
  File "/home/airflow/.local/lib/python3.12/site-packages/airflow/models/dagbag.py", line 351, in parse
    loader.exec_module(new_module)
  File "<frozen importlib._bootstrap_external>", line 995, in exec_module
  File "<frozen importlib._bootstrap>", line 488, in _call_with_frames_removed
  File "/opt/airflow/dags/dbt.py", line 2, in <module>
    from airflow.providers.standard.operators.bash import BashOperator
ModuleNotFoundError: No module named 'airflow.providers.standard'
[2026-03-19T01:31:56.252+0000] {processor.py:842} WARNING - No viable dags retrieved from /opt/airflow/dags/dbt.py
[2026-03-19T01:31:56.299+0000] {processor.py:183} INFO - Processing /opt/airflow/dags/dbt.py took 0.090 seconds
[2026-03-19T01:32:26.852+0000] {processor.py:161} INFO - Started process (PID=9822) to work on /opt/airflow/dags/dbt.py
[2026-03-19T01:32:26.853+0000] {processor.py:830} INFO - Processing file /opt/airflow/dags/dbt.py for tasks to queue
[2026-03-19T01:32:26.858+0000] {logging_mixin.py:188} INFO - [2026-03-19T01:32:26.857+0000] {dagbag.py:545} INFO - Filling up the DagBag from /opt/airflow/dags/dbt.py
[2026-03-19T01:32:26.874+0000] {logging_mixin.py:188} INFO - [2026-03-19T01:32:26.872+0000] {dagbag.py:355} ERROR - Failed to import: /opt/airflow/dags/dbt.py
Traceback (most recent call last):
  File "/home/airflow/.local/lib/python3.12/site-packages/airflow/models/dagbag.py", line 351, in parse
    loader.exec_module(new_module)
  File "<frozen importlib._bootstrap_external>", line 995, in exec_module
  File "<frozen importlib._bootstrap>", line 488, in _call_with_frames_removed
  File "/opt/airflow/dags/dbt.py", line 2, in <module>
    from airflow.providers.standard.operators.bash import BashOperator
ModuleNotFoundError: No module named 'airflow.providers.standard'
[2026-03-19T01:32:26.874+0000] {processor.py:842} WARNING - No viable dags retrieved from /opt/airflow/dags/dbt.py
[2026-03-19T01:32:26.914+0000] {processor.py:183} INFO - Processing /opt/airflow/dags/dbt.py took 0.085 seconds
[2026-03-19T01:32:57.429+0000] {processor.py:161} INFO - Started process (PID=9824) to work on /opt/airflow/dags/dbt.py
[2026-03-19T01:32:57.430+0000] {processor.py:830} INFO - Processing file /opt/airflow/dags/dbt.py for tasks to queue
[2026-03-19T01:32:57.437+0000] {logging_mixin.py:188} INFO - [2026-03-19T01:32:57.436+0000] {dagbag.py:545} INFO - Filling up the DagBag from /opt/airflow/dags/dbt.py
[2026-03-19T01:32:57.446+0000] {logging_mixin.py:188} INFO - [2026-03-19T01:32:57.445+0000] {dagbag.py:355} ERROR - Failed to import: /opt/airflow/dags/dbt.py
Traceback (most recent call last):
  File "/home/airflow/.local/lib/python3.12/site-packages/airflow/models/dagbag.py", line 351, in parse
    loader.exec_module(new_module)
  File "<frozen importlib._bootstrap_external>", line 995, in exec_module
  File "<frozen importlib._bootstrap>", line 488, in _call_with_frames_removed
  File "/opt/airflow/dags/dbt.py", line 2, in <module>
    from airflow.providers.standard.operators.bash import BashOperator
ModuleNotFoundError: No module named 'airflow.providers.standard'
[2026-03-19T01:32:57.447+0000] {processor.py:842} WARNING - No viable dags retrieved from /opt/airflow/dags/dbt.py
[2026-03-19T01:32:57.495+0000] {processor.py:183} INFO - Processing /opt/airflow/dags/dbt.py took 0.090 seconds
[2026-03-19T01:33:28.028+0000] {processor.py:161} INFO - Started process (PID=9826) to work on /opt/airflow/dags/dbt.py
[2026-03-19T01:33:28.030+0000] {processor.py:830} INFO - Processing file /opt/airflow/dags/dbt.py for tasks to queue
[2026-03-19T01:33:28.037+0000] {logging_mixin.py:188} INFO - [2026-03-19T01:33:28.036+0000] {dagbag.py:545} INFO - Filling up the DagBag from /opt/airflow/dags/dbt.py
[2026-03-19T01:33:28.054+0000] {logging_mixin.py:188} INFO - [2026-03-19T01:33:28.048+0000] {dagbag.py:355} ERROR - Failed to import: /opt/airflow/dags/dbt.py
Traceback (most recent call last):
  File "/home/airflow/.local/lib/python3.12/site-packages/airflow/models/dagbag.py", line 351, in parse
    loader.exec_module(new_module)
  File "<frozen importlib._bootstrap_external>", line 995, in exec_module
  File "<frozen importlib._bootstrap>", line 488, in _call_with_frames_removed
  File "/opt/airflow/dags/dbt.py", line 2, in <module>
    from airflow.providers.standard.operators.bash import BashOperator
ModuleNotFoundError: No module named 'airflow.providers.standard'
[2026-03-19T01:33:28.055+0000] {processor.py:842} WARNING - No viable dags retrieved from /opt/airflow/dags/dbt.py
[2026-03-19T01:33:28.093+0000] {processor.py:183} INFO - Processing /opt/airflow/dags/dbt.py took 0.086 seconds
[2026-03-19T01:33:58.606+0000] {processor.py:161} INFO - Started process (PID=9828) to work on /opt/airflow/dags/dbt.py
[2026-03-19T01:33:58.609+0000] {processor.py:830} INFO - Processing file /opt/airflow/dags/dbt.py for tasks to queue
[2026-03-19T01:33:58.620+0000] {logging_mixin.py:188} INFO - [2026-03-19T01:33:58.619+0000] {dagbag.py:545} INFO - Filling up the DagBag from /opt/airflow/dags/dbt.py
[2026-03-19T01:33:58.629+0000] {logging_mixin.py:188} INFO - [2026-03-19T01:33:58.626+0000] {dagbag.py:355} ERROR - Failed to import: /opt/airflow/dags/dbt.py
Traceback (most recent call last):
  File "/home/airflow/.local/lib/python3.12/site-packages/airflow/models/dagbag.py", line 351, in parse
    loader.exec_module(new_module)
  File "<frozen importlib._bootstrap_external>", line 995, in exec_module
  File "<frozen importlib._bootstrap>", line 488, in _call_with_frames_removed
  File "/opt/airflow/dags/dbt.py", line 2, in <module>
    from airflow.providers.standard.operators.bash import BashOperator
ModuleNotFoundError: No module named 'airflow.providers.standard'
[2026-03-19T01:33:58.631+0000] {processor.py:842} WARNING - No viable dags retrieved from /opt/airflow/dags/dbt.py
[2026-03-19T01:33:58.670+0000] {processor.py:183} INFO - Processing /opt/airflow/dags/dbt.py took 0.096 seconds
[2026-03-19T01:34:29.311+0000] {processor.py:161} INFO - Started process (PID=9830) to work on /opt/airflow/dags/dbt.py
[2026-03-19T01:34:29.315+0000] {processor.py:830} INFO - Processing file /opt/airflow/dags/dbt.py for tasks to queue
[2026-03-19T01:34:29.332+0000] {logging_mixin.py:188} INFO - [2026-03-19T01:34:29.331+0000] {dagbag.py:545} INFO - Filling up the DagBag from /opt/airflow/dags/dbt.py
[2026-03-19T01:34:29.343+0000] {logging_mixin.py:188} INFO - [2026-03-19T01:34:29.342+0000] {dagbag.py:355} ERROR - Failed to import: /opt/airflow/dags/dbt.py
Traceback (most recent call last):
  File "/home/airflow/.local/lib/python3.12/site-packages/airflow/models/dagbag.py", line 351, in parse
    loader.exec_module(new_module)
  File "<frozen importlib._bootstrap_external>", line 995, in exec_module
  File "<frozen importlib._bootstrap>", line 488, in _call_with_frames_removed
  File "/opt/airflow/dags/dbt.py", line 2, in <module>
    from airflow.providers.standard.operators.bash import BashOperator
ModuleNotFoundError: No module named 'airflow.providers.standard'
[2026-03-19T01:34:29.344+0000] {processor.py:842} WARNING - No viable dags retrieved from /opt/airflow/dags/dbt.py
[2026-03-19T01:34:29.387+0000] {processor.py:183} INFO - Processing /opt/airflow/dags/dbt.py took 0.094 seconds
[2026-03-19T01:34:59.969+0000] {processor.py:161} INFO - Started process (PID=9832) to work on /opt/airflow/dags/dbt.py
[2026-03-19T01:34:59.971+0000] {processor.py:830} INFO - Processing file /opt/airflow/dags/dbt.py for tasks to queue
[2026-03-19T01:34:59.981+0000] {logging_mixin.py:188} INFO - [2026-03-19T01:34:59.981+0000] {dagbag.py:545} INFO - Filling up the DagBag from /opt/airflow/dags/dbt.py
[2026-03-19T01:34:59.992+0000] {logging_mixin.py:188} INFO - [2026-03-19T01:34:59.987+0000] {dagbag.py:355} ERROR - Failed to import: /opt/airflow/dags/dbt.py
Traceback (most recent call last):
  File "/home/airflow/.local/lib/python3.12/site-packages/airflow/models/dagbag.py", line 351, in parse
    loader.exec_module(new_module)
  File "<frozen importlib._bootstrap_external>", line 995, in exec_module
  File "<frozen importlib._bootstrap>", line 488, in _call_with_frames_removed
  File "/opt/airflow/dags/dbt.py", line 2, in <module>
    from airflow.providers.standard.operators.bash import BashOperator
ModuleNotFoundError: No module named 'airflow.providers.standard'
[2026-03-19T01:34:59.992+0000] {processor.py:842} WARNING - No viable dags retrieved from /opt/airflow/dags/dbt.py
[2026-03-19T01:35:00.091+0000] {processor.py:183} INFO - Processing /opt/airflow/dags/dbt.py took 0.143 seconds
[2026-03-19T01:35:30.689+0000] {processor.py:161} INFO - Started process (PID=9834) to work on /opt/airflow/dags/dbt.py
[2026-03-19T01:35:30.691+0000] {processor.py:830} INFO - Processing file /opt/airflow/dags/dbt.py for tasks to queue
[2026-03-19T01:35:30.698+0000] {logging_mixin.py:188} INFO - [2026-03-19T01:35:30.697+0000] {dagbag.py:545} INFO - Filling up the DagBag from /opt/airflow/dags/dbt.py
[2026-03-19T01:35:30.716+0000] {logging_mixin.py:188} INFO - [2026-03-19T01:35:30.714+0000] {dagbag.py:355} ERROR - Failed to import: /opt/airflow/dags/dbt.py
Traceback (most recent call last):
  File "/home/airflow/.local/lib/python3.12/site-packages/airflow/models/dagbag.py", line 351, in parse
    loader.exec_module(new_module)
  File "<frozen importlib._bootstrap_external>", line 995, in exec_module
  File "<frozen importlib._bootstrap>", line 488, in _call_with_frames_removed
  File "/opt/airflow/dags/dbt.py", line 2, in <module>
    from airflow.providers.standard.operators.bash import BashOperator
ModuleNotFoundError: No module named 'airflow.providers.standard'
[2026-03-19T01:35:30.718+0000] {processor.py:842} WARNING - No viable dags retrieved from /opt/airflow/dags/dbt.py
[2026-03-19T01:35:30.776+0000] {processor.py:183} INFO - Processing /opt/airflow/dags/dbt.py took 0.102 seconds
[2026-03-19T01:36:01.292+0000] {processor.py:161} INFO - Started process (PID=9836) to work on /opt/airflow/dags/dbt.py
[2026-03-19T01:36:01.295+0000] {processor.py:830} INFO - Processing file /opt/airflow/dags/dbt.py for tasks to queue
[2026-03-19T01:36:01.300+0000] {logging_mixin.py:188} INFO - [2026-03-19T01:36:01.300+0000] {dagbag.py:545} INFO - Filling up the DagBag from /opt/airflow/dags/dbt.py
[2026-03-19T01:36:01.308+0000] {logging_mixin.py:188} INFO - [2026-03-19T01:36:01.306+0000] {dagbag.py:355} ERROR - Failed to import: /opt/airflow/dags/dbt.py
Traceback (most recent call last):
  File "/home/airflow/.local/lib/python3.12/site-packages/airflow/models/dagbag.py", line 351, in parse
    loader.exec_module(new_module)
  File "<frozen importlib._bootstrap_external>", line 995, in exec_module
  File "<frozen importlib._bootstrap>", line 488, in _call_with_frames_removed
  File "/opt/airflow/dags/dbt.py", line 2, in <module>
    from airflow.providers.standard.operators.bash import BashOperator
ModuleNotFoundError: No module named 'airflow.providers.standard'
[2026-03-19T01:36:01.309+0000] {processor.py:842} WARNING - No viable dags retrieved from /opt/airflow/dags/dbt.py
[2026-03-19T01:36:01.360+0000] {processor.py:183} INFO - Processing /opt/airflow/dags/dbt.py took 0.096 seconds
[2026-03-19T01:36:31.959+0000] {processor.py:161} INFO - Started process (PID=9838) to work on /opt/airflow/dags/dbt.py
[2026-03-19T01:36:31.964+0000] {processor.py:830} INFO - Processing file /opt/airflow/dags/dbt.py for tasks to queue
[2026-03-19T01:36:31.977+0000] {logging_mixin.py:188} INFO - [2026-03-19T01:36:31.976+0000] {dagbag.py:545} INFO - Filling up the DagBag from /opt/airflow/dags/dbt.py
[2026-03-19T01:36:31.991+0000] {logging_mixin.py:188} INFO - [2026-03-19T01:36:31.987+0000] {dagbag.py:355} ERROR - Failed to import: /opt/airflow/dags/dbt.py
Traceback (most recent call last):
  File "/home/airflow/.local/lib/python3.12/site-packages/airflow/models/dagbag.py", line 351, in parse
    loader.exec_module(new_module)
  File "<frozen importlib._bootstrap_external>", line 995, in exec_module
  File "<frozen importlib._bootstrap>", line 488, in _call_with_frames_removed
  File "/opt/airflow/dags/dbt.py", line 2, in <module>
    from airflow.providers.standard.operators.bash import BashOperator
ModuleNotFoundError: No module named 'airflow.providers.standard'
[2026-03-19T01:36:31.992+0000] {processor.py:842} WARNING - No viable dags retrieved from /opt/airflow/dags/dbt.py
[2026-03-19T01:36:32.033+0000] {processor.py:183} INFO - Processing /opt/airflow/dags/dbt.py took 0.091 seconds
[2026-03-19T01:37:02.585+0000] {processor.py:161} INFO - Started process (PID=9840) to work on /opt/airflow/dags/dbt.py
[2026-03-19T01:37:02.586+0000] {processor.py:830} INFO - Processing file /opt/airflow/dags/dbt.py for tasks to queue
[2026-03-19T01:37:02.591+0000] {logging_mixin.py:188} INFO - [2026-03-19T01:37:02.590+0000] {dagbag.py:545} INFO - Filling up the DagBag from /opt/airflow/dags/dbt.py
[2026-03-19T01:37:02.598+0000] {logging_mixin.py:188} INFO - [2026-03-19T01:37:02.596+0000] {dagbag.py:355} ERROR - Failed to import: /opt/airflow/dags/dbt.py
Traceback (most recent call last):
  File "/home/airflow/.local/lib/python3.12/site-packages/airflow/models/dagbag.py", line 351, in parse
    loader.exec_module(new_module)
  File "<frozen importlib._bootstrap_external>", line 995, in exec_module
  File "<frozen importlib._bootstrap>", line 488, in _call_with_frames_removed
  File "/opt/airflow/dags/dbt.py", line 2, in <module>
    from airflow.providers.standard.operators.bash import BashOperator
ModuleNotFoundError: No module named 'airflow.providers.standard'
[2026-03-19T01:37:02.599+0000] {processor.py:842} WARNING - No viable dags retrieved from /opt/airflow/dags/dbt.py
[2026-03-19T01:37:02.651+0000] {processor.py:183} INFO - Processing /opt/airflow/dags/dbt.py took 0.091 seconds
[2026-03-19T01:37:33.257+0000] {processor.py:161} INFO - Started process (PID=9842) to work on /opt/airflow/dags/dbt.py
[2026-03-19T01:37:33.259+0000] {processor.py:830} INFO - Processing file /opt/airflow/dags/dbt.py for tasks to queue
[2026-03-19T01:37:33.268+0000] {logging_mixin.py:188} INFO - [2026-03-19T01:37:33.265+0000] {dagbag.py:545} INFO - Filling up the DagBag from /opt/airflow/dags/dbt.py
[2026-03-19T01:37:33.276+0000] {logging_mixin.py:188} INFO - [2026-03-19T01:37:33.275+0000] {dagbag.py:355} ERROR - Failed to import: /opt/airflow/dags/dbt.py
Traceback (most recent call last):
  File "/home/airflow/.local/lib/python3.12/site-packages/airflow/models/dagbag.py", line 351, in parse
    loader.exec_module(new_module)
  File "<frozen importlib._bootstrap_external>", line 995, in exec_module
  File "<frozen importlib._bootstrap>", line 488, in _call_with_frames_removed
  File "/opt/airflow/dags/dbt.py", line 2, in <module>
    from airflow.providers.standard.operators.bash import BashOperator
ModuleNotFoundError: No module named 'airflow.providers.standard'
[2026-03-19T01:37:33.277+0000] {processor.py:842} WARNING - No viable dags retrieved from /opt/airflow/dags/dbt.py
[2026-03-19T01:37:33.321+0000] {processor.py:183} INFO - Processing /opt/airflow/dags/dbt.py took 0.094 seconds
[2026-03-19T01:38:03.870+0000] {processor.py:161} INFO - Started process (PID=9844) to work on /opt/airflow/dags/dbt.py
[2026-03-19T01:38:03.873+0000] {processor.py:830} INFO - Processing file /opt/airflow/dags/dbt.py for tasks to queue
[2026-03-19T01:38:03.877+0000] {logging_mixin.py:188} INFO - [2026-03-19T01:38:03.876+0000] {dagbag.py:545} INFO - Filling up the DagBag from /opt/airflow/dags/dbt.py
[2026-03-19T01:38:03.887+0000] {logging_mixin.py:188} INFO - [2026-03-19T01:38:03.884+0000] {dagbag.py:355} ERROR - Failed to import: /opt/airflow/dags/dbt.py
Traceback (most recent call last):
  File "/home/airflow/.local/lib/python3.12/site-packages/airflow/models/dagbag.py", line 351, in parse
    loader.exec_module(new_module)
  File "<frozen importlib._bootstrap_external>", line 995, in exec_module
  File "<frozen importlib._bootstrap>", line 488, in _call_with_frames_removed
  File "/opt/airflow/dags/dbt.py", line 2, in <module>
    from airflow.providers.standard.operators.bash import BashOperator
ModuleNotFoundError: No module named 'airflow.providers.standard'
[2026-03-19T01:38:03.890+0000] {processor.py:842} WARNING - No viable dags retrieved from /opt/airflow/dags/dbt.py
[2026-03-19T01:38:03.934+0000] {processor.py:183} INFO - Processing /opt/airflow/dags/dbt.py took 0.090 seconds
[2026-03-19T01:38:34.505+0000] {processor.py:161} INFO - Started process (PID=9846) to work on /opt/airflow/dags/dbt.py
[2026-03-19T01:38:34.509+0000] {processor.py:830} INFO - Processing file /opt/airflow/dags/dbt.py for tasks to queue
[2026-03-19T01:38:34.522+0000] {logging_mixin.py:188} INFO - [2026-03-19T01:38:34.520+0000] {dagbag.py:545} INFO - Filling up the DagBag from /opt/airflow/dags/dbt.py
[2026-03-19T01:38:34.532+0000] {logging_mixin.py:188} INFO - [2026-03-19T01:38:34.528+0000] {dagbag.py:355} ERROR - Failed to import: /opt/airflow/dags/dbt.py
Traceback (most recent call last):
  File "/home/airflow/.local/lib/python3.12/site-packages/airflow/models/dagbag.py", line 351, in parse
    loader.exec_module(new_module)
  File "<frozen importlib._bootstrap_external>", line 995, in exec_module
  File "<frozen importlib._bootstrap>", line 488, in _call_with_frames_removed
  File "/opt/airflow/dags/dbt.py", line 2, in <module>
    from airflow.providers.standard.operators.bash import BashOperator
ModuleNotFoundError: No module named 'airflow.providers.standard'
[2026-03-19T01:38:34.535+0000] {processor.py:842} WARNING - No viable dags retrieved from /opt/airflow/dags/dbt.py
[2026-03-19T01:38:34.580+0000] {processor.py:183} INFO - Processing /opt/airflow/dags/dbt.py took 0.102 seconds
[2026-03-19T01:39:05.132+0000] {processor.py:161} INFO - Started process (PID=9848) to work on /opt/airflow/dags/dbt.py
[2026-03-19T01:39:05.135+0000] {processor.py:830} INFO - Processing file /opt/airflow/dags/dbt.py for tasks to queue
[2026-03-19T01:39:05.148+0000] {logging_mixin.py:188} INFO - [2026-03-19T01:39:05.147+0000] {dagbag.py:545} INFO - Filling up the DagBag from /opt/airflow/dags/dbt.py
[2026-03-19T01:39:05.154+0000] {logging_mixin.py:188} INFO - [2026-03-19T01:39:05.152+0000] {dagbag.py:355} ERROR - Failed to import: /opt/airflow/dags/dbt.py
Traceback (most recent call last):
  File "/home/airflow/.local/lib/python3.12/site-packages/airflow/models/dagbag.py", line 351, in parse
    loader.exec_module(new_module)
  File "<frozen importlib._bootstrap_external>", line 995, in exec_module
  File "<frozen importlib._bootstrap>", line 488, in _call_with_frames_removed
  File "/opt/airflow/dags/dbt.py", line 2, in <module>
    from airflow.providers.standard.operators.bash import BashOperator
ModuleNotFoundError: No module named 'airflow.providers.standard'
[2026-03-19T01:39:05.154+0000] {processor.py:842} WARNING - No viable dags retrieved from /opt/airflow/dags/dbt.py
[2026-03-19T01:39:05.211+0000] {processor.py:183} INFO - Processing /opt/airflow/dags/dbt.py took 0.104 seconds
[2026-03-19T01:39:35.760+0000] {processor.py:161} INFO - Started process (PID=9850) to work on /opt/airflow/dags/dbt.py
[2026-03-19T01:39:35.762+0000] {processor.py:830} INFO - Processing file /opt/airflow/dags/dbt.py for tasks to queue
[2026-03-19T01:39:35.771+0000] {logging_mixin.py:188} INFO - [2026-03-19T01:39:35.767+0000] {dagbag.py:545} INFO - Filling up the DagBag from /opt/airflow/dags/dbt.py
[2026-03-19T01:39:35.781+0000] {logging_mixin.py:188} INFO - [2026-03-19T01:39:35.780+0000] {dagbag.py:355} ERROR - Failed to import: /opt/airflow/dags/dbt.py
Traceback (most recent call last):
  File "/home/airflow/.local/lib/python3.12/site-packages/airflow/models/dagbag.py", line 351, in parse
    loader.exec_module(new_module)
  File "<frozen importlib._bootstrap_external>", line 995, in exec_module
  File "<frozen importlib._bootstrap>", line 488, in _call_with_frames_removed
  File "/opt/airflow/dags/dbt.py", line 2, in <module>
    from airflow.providers.standard.operators.bash import BashOperator
ModuleNotFoundError: No module named 'airflow.providers.standard'
[2026-03-19T01:39:35.783+0000] {processor.py:842} WARNING - No viable dags retrieved from /opt/airflow/dags/dbt.py
[2026-03-19T01:39:35.832+0000] {processor.py:183} INFO - Processing /opt/airflow/dags/dbt.py took 0.093 seconds
[2026-03-19T01:40:06.440+0000] {processor.py:161} INFO - Started process (PID=9852) to work on /opt/airflow/dags/dbt.py
[2026-03-19T01:40:06.443+0000] {processor.py:830} INFO - Processing file /opt/airflow/dags/dbt.py for tasks to queue
[2026-03-19T01:40:06.454+0000] {logging_mixin.py:188} INFO - [2026-03-19T01:40:06.453+0000] {dagbag.py:545} INFO - Filling up the DagBag from /opt/airflow/dags/dbt.py
[2026-03-19T01:40:06.467+0000] {logging_mixin.py:188} INFO - [2026-03-19T01:40:06.465+0000] {dagbag.py:355} ERROR - Failed to import: /opt/airflow/dags/dbt.py
Traceback (most recent call last):
  File "/home/airflow/.local/lib/python3.12/site-packages/airflow/models/dagbag.py", line 351, in parse
    loader.exec_module(new_module)
  File "<frozen importlib._bootstrap_external>", line 995, in exec_module
  File "<frozen importlib._bootstrap>", line 488, in _call_with_frames_removed
  File "/opt/airflow/dags/dbt.py", line 2, in <module>
    from airflow.providers.standard.operators.bash import BashOperator
ModuleNotFoundError: No module named 'airflow.providers.standard'
[2026-03-19T01:40:06.467+0000] {processor.py:842} WARNING - No viable dags retrieved from /opt/airflow/dags/dbt.py
[2026-03-19T01:40:06.516+0000] {processor.py:183} INFO - Processing /opt/airflow/dags/dbt.py took 0.107 seconds
[2026-03-19T01:40:37.109+0000] {processor.py:161} INFO - Started process (PID=9854) to work on /opt/airflow/dags/dbt.py
[2026-03-19T01:40:37.111+0000] {processor.py:830} INFO - Processing file /opt/airflow/dags/dbt.py for tasks to queue
[2026-03-19T01:40:37.120+0000] {logging_mixin.py:188} INFO - [2026-03-19T01:40:37.119+0000] {dagbag.py:545} INFO - Filling up the DagBag from /opt/airflow/dags/dbt.py
[2026-03-19T01:40:37.132+0000] {logging_mixin.py:188} INFO - [2026-03-19T01:40:37.126+0000] {dagbag.py:355} ERROR - Failed to import: /opt/airflow/dags/dbt.py
Traceback (most recent call last):
  File "/home/airflow/.local/lib/python3.12/site-packages/airflow/models/dagbag.py", line 351, in parse
    loader.exec_module(new_module)
  File "<frozen importlib._bootstrap_external>", line 995, in exec_module
  File "<frozen importlib._bootstrap>", line 488, in _call_with_frames_removed
  File "/opt/airflow/dags/dbt.py", line 2, in <module>
    from airflow.providers.standard.operators.bash import BashOperator
ModuleNotFoundError: No module named 'airflow.providers.standard'
[2026-03-19T01:40:37.133+0000] {processor.py:842} WARNING - No viable dags retrieved from /opt/airflow/dags/dbt.py
[2026-03-19T01:40:37.174+0000] {processor.py:183} INFO - Processing /opt/airflow/dags/dbt.py took 0.088 seconds
[2026-03-19T01:41:07.725+0000] {processor.py:161} INFO - Started process (PID=9856) to work on /opt/airflow/dags/dbt.py
[2026-03-19T01:41:07.726+0000] {processor.py:830} INFO - Processing file /opt/airflow/dags/dbt.py for tasks to queue
[2026-03-19T01:41:07.734+0000] {logging_mixin.py:188} INFO - [2026-03-19T01:41:07.733+0000] {dagbag.py:545} INFO - Filling up the DagBag from /opt/airflow/dags/dbt.py
[2026-03-19T01:41:07.742+0000] {logging_mixin.py:188} INFO - [2026-03-19T01:41:07.740+0000] {dagbag.py:355} ERROR - Failed to import: /opt/airflow/dags/dbt.py
Traceback (most recent call last):
  File "/home/airflow/.local/lib/python3.12/site-packages/airflow/models/dagbag.py", line 351, in parse
    loader.exec_module(new_module)
  File "<frozen importlib._bootstrap_external>", line 995, in exec_module
  File "<frozen importlib._bootstrap>", line 488, in _call_with_frames_removed
  File "/opt/airflow/dags/dbt.py", line 2, in <module>
    from airflow.providers.standard.operators.bash import BashOperator
ModuleNotFoundError: No module named 'airflow.providers.standard'
[2026-03-19T01:41:07.742+0000] {processor.py:842} WARNING - No viable dags retrieved from /opt/airflow/dags/dbt.py
[2026-03-19T01:41:07.787+0000] {processor.py:183} INFO - Processing /opt/airflow/dags/dbt.py took 0.091 seconds
[2026-03-19T01:41:38.333+0000] {processor.py:161} INFO - Started process (PID=9858) to work on /opt/airflow/dags/dbt.py
[2026-03-19T01:41:38.335+0000] {processor.py:830} INFO - Processing file /opt/airflow/dags/dbt.py for tasks to queue
[2026-03-19T01:41:38.344+0000] {logging_mixin.py:188} INFO - [2026-03-19T01:41:38.343+0000] {dagbag.py:545} INFO - Filling up the DagBag from /opt/airflow/dags/dbt.py
[2026-03-19T01:41:38.355+0000] {logging_mixin.py:188} INFO - [2026-03-19T01:41:38.352+0000] {dagbag.py:355} ERROR - Failed to import: /opt/airflow/dags/dbt.py
Traceback (most recent call last):
  File "/home/airflow/.local/lib/python3.12/site-packages/airflow/models/dagbag.py", line 351, in parse
    loader.exec_module(new_module)
  File "<frozen importlib._bootstrap_external>", line 995, in exec_module
  File "<frozen importlib._bootstrap>", line 488, in _call_with_frames_removed
  File "/opt/airflow/dags/dbt.py", line 2, in <module>
    from airflow.providers.standard.operators.bash import BashOperator
ModuleNotFoundError: No module named 'airflow.providers.standard'
[2026-03-19T01:41:38.356+0000] {processor.py:842} WARNING - No viable dags retrieved from /opt/airflow/dags/dbt.py
[2026-03-19T01:41:38.405+0000] {processor.py:183} INFO - Processing /opt/airflow/dags/dbt.py took 0.100 seconds
[2026-03-19T01:42:08.885+0000] {processor.py:161} INFO - Started process (PID=9860) to work on /opt/airflow/dags/dbt.py
[2026-03-19T01:42:08.887+0000] {processor.py:830} INFO - Processing file /opt/airflow/dags/dbt.py for tasks to queue
[2026-03-19T01:42:08.898+0000] {logging_mixin.py:188} INFO - [2026-03-19T01:42:08.897+0000] {dagbag.py:545} INFO - Filling up the DagBag from /opt/airflow/dags/dbt.py
[2026-03-19T01:42:08.910+0000] {logging_mixin.py:188} INFO - [2026-03-19T01:42:08.905+0000] {dagbag.py:355} ERROR - Failed to import: /opt/airflow/dags/dbt.py
Traceback (most recent call last):
  File "/home/airflow/.local/lib/python3.12/site-packages/airflow/models/dagbag.py", line 351, in parse
    loader.exec_module(new_module)
  File "<frozen importlib._bootstrap_external>", line 995, in exec_module
  File "<frozen importlib._bootstrap>", line 488, in _call_with_frames_removed
  File "/opt/airflow/dags/dbt.py", line 2, in <module>
    from airflow.providers.standard.operators.bash import BashOperator
ModuleNotFoundError: No module named 'airflow.providers.standard'
[2026-03-19T01:42:08.912+0000] {processor.py:842} WARNING - No viable dags retrieved from /opt/airflow/dags/dbt.py
[2026-03-19T01:42:08.963+0000] {processor.py:183} INFO - Processing /opt/airflow/dags/dbt.py took 0.110 seconds
[2026-03-19T01:42:39.570+0000] {processor.py:161} INFO - Started process (PID=9862) to work on /opt/airflow/dags/dbt.py
[2026-03-19T01:42:39.572+0000] {processor.py:830} INFO - Processing file /opt/airflow/dags/dbt.py for tasks to queue
[2026-03-19T01:42:39.582+0000] {logging_mixin.py:188} INFO - [2026-03-19T01:42:39.579+0000] {dagbag.py:545} INFO - Filling up the DagBag from /opt/airflow/dags/dbt.py
[2026-03-19T01:42:39.595+0000] {logging_mixin.py:188} INFO - [2026-03-19T01:42:39.590+0000] {dagbag.py:355} ERROR - Failed to import: /opt/airflow/dags/dbt.py
Traceback (most recent call last):
  File "/home/airflow/.local/lib/python3.12/site-packages/airflow/models/dagbag.py", line 351, in parse
    loader.exec_module(new_module)
  File "<frozen importlib._bootstrap_external>", line 995, in exec_module
  File "<frozen importlib._bootstrap>", line 488, in _call_with_frames_removed
  File "/opt/airflow/dags/dbt.py", line 2, in <module>
    from airflow.providers.standard.operators.bash import BashOperator
ModuleNotFoundError: No module named 'airflow.providers.standard'
[2026-03-19T01:42:39.596+0000] {processor.py:842} WARNING - No viable dags retrieved from /opt/airflow/dags/dbt.py
[2026-03-19T01:42:39.635+0000] {processor.py:183} INFO - Processing /opt/airflow/dags/dbt.py took 0.091 seconds
[2026-03-19T01:43:10.202+0000] {processor.py:161} INFO - Started process (PID=9864) to work on /opt/airflow/dags/dbt.py
[2026-03-19T01:43:10.204+0000] {processor.py:830} INFO - Processing file /opt/airflow/dags/dbt.py for tasks to queue
[2026-03-19T01:43:10.208+0000] {logging_mixin.py:188} INFO - [2026-03-19T01:43:10.208+0000] {dagbag.py:545} INFO - Filling up the DagBag from /opt/airflow/dags/dbt.py
[2026-03-19T01:43:10.221+0000] {logging_mixin.py:188} INFO - [2026-03-19T01:43:10.218+0000] {dagbag.py:355} ERROR - Failed to import: /opt/airflow/dags/dbt.py
Traceback (most recent call last):
  File "/home/airflow/.local/lib/python3.12/site-packages/airflow/models/dagbag.py", line 351, in parse
    loader.exec_module(new_module)
  File "<frozen importlib._bootstrap_external>", line 995, in exec_module
  File "<frozen importlib._bootstrap>", line 488, in _call_with_frames_removed
  File "/opt/airflow/dags/dbt.py", line 2, in <module>
    from airflow.providers.standard.operators.bash import BashOperator
ModuleNotFoundError: No module named 'airflow.providers.standard'
[2026-03-19T01:43:10.223+0000] {processor.py:842} WARNING - No viable dags retrieved from /opt/airflow/dags/dbt.py
[2026-03-19T01:43:10.261+0000] {processor.py:183} INFO - Processing /opt/airflow/dags/dbt.py took 0.090 seconds
[2026-03-19T01:43:40.833+0000] {processor.py:161} INFO - Started process (PID=9866) to work on /opt/airflow/dags/dbt.py
[2026-03-19T01:43:40.838+0000] {processor.py:830} INFO - Processing file /opt/airflow/dags/dbt.py for tasks to queue
[2026-03-19T01:43:40.842+0000] {logging_mixin.py:188} INFO - [2026-03-19T01:43:40.841+0000] {dagbag.py:545} INFO - Filling up the DagBag from /opt/airflow/dags/dbt.py
[2026-03-19T01:43:40.851+0000] {logging_mixin.py:188} INFO - [2026-03-19T01:43:40.848+0000] {dagbag.py:355} ERROR - Failed to import: /opt/airflow/dags/dbt.py
Traceback (most recent call last):
  File "/home/airflow/.local/lib/python3.12/site-packages/airflow/models/dagbag.py", line 351, in parse
    loader.exec_module(new_module)
  File "<frozen importlib._bootstrap_external>", line 995, in exec_module
  File "<frozen importlib._bootstrap>", line 488, in _call_with_frames_removed
  File "/opt/airflow/dags/dbt.py", line 2, in <module>
    from airflow.providers.standard.operators.bash import BashOperator
ModuleNotFoundError: No module named 'airflow.providers.standard'
[2026-03-19T01:43:40.852+0000] {processor.py:842} WARNING - No viable dags retrieved from /opt/airflow/dags/dbt.py
[2026-03-19T01:43:40.902+0000] {processor.py:183} INFO - Processing /opt/airflow/dags/dbt.py took 0.092 seconds
[2026-03-19T01:44:11.485+0000] {processor.py:161} INFO - Started process (PID=9868) to work on /opt/airflow/dags/dbt.py
[2026-03-19T01:44:11.490+0000] {processor.py:830} INFO - Processing file /opt/airflow/dags/dbt.py for tasks to queue
[2026-03-19T01:44:11.507+0000] {logging_mixin.py:188} INFO - [2026-03-19T01:44:11.501+0000] {dagbag.py:545} INFO - Filling up the DagBag from /opt/airflow/dags/dbt.py
[2026-03-19T01:44:11.525+0000] {logging_mixin.py:188} INFO - [2026-03-19T01:44:11.520+0000] {dagbag.py:355} ERROR - Failed to import: /opt/airflow/dags/dbt.py
Traceback (most recent call last):
  File "/home/airflow/.local/lib/python3.12/site-packages/airflow/models/dagbag.py", line 351, in parse
    loader.exec_module(new_module)
  File "<frozen importlib._bootstrap_external>", line 995, in exec_module
  File "<frozen importlib._bootstrap>", line 488, in _call_with_frames_removed
  File "/opt/airflow/dags/dbt.py", line 2, in <module>
    from airflow.providers.standard.operators.bash import BashOperator
ModuleNotFoundError: No module named 'airflow.providers.standard'
[2026-03-19T01:44:11.528+0000] {processor.py:842} WARNING - No viable dags retrieved from /opt/airflow/dags/dbt.py
[2026-03-19T01:44:11.564+0000] {processor.py:183} INFO - Processing /opt/airflow/dags/dbt.py took 0.108 seconds
[2026-03-19T01:44:42.131+0000] {processor.py:161} INFO - Started process (PID=9870) to work on /opt/airflow/dags/dbt.py
[2026-03-19T01:44:42.133+0000] {processor.py:830} INFO - Processing file /opt/airflow/dags/dbt.py for tasks to queue
[2026-03-19T01:44:42.138+0000] {logging_mixin.py:188} INFO - [2026-03-19T01:44:42.137+0000] {dagbag.py:545} INFO - Filling up the DagBag from /opt/airflow/dags/dbt.py
[2026-03-19T01:44:42.147+0000] {logging_mixin.py:188} INFO - [2026-03-19T01:44:42.145+0000] {dagbag.py:355} ERROR - Failed to import: /opt/airflow/dags/dbt.py
Traceback (most recent call last):
  File "/home/airflow/.local/lib/python3.12/site-packages/airflow/models/dagbag.py", line 351, in parse
    loader.exec_module(new_module)
  File "<frozen importlib._bootstrap_external>", line 995, in exec_module
  File "<frozen importlib._bootstrap>", line 488, in _call_with_frames_removed
  File "/opt/airflow/dags/dbt.py", line 2, in <module>
    from airflow.providers.standard.operators.bash import BashOperator
ModuleNotFoundError: No module named 'airflow.providers.standard'
[2026-03-19T01:44:42.147+0000] {processor.py:842} WARNING - No viable dags retrieved from /opt/airflow/dags/dbt.py
[2026-03-19T01:44:42.187+0000] {processor.py:183} INFO - Processing /opt/airflow/dags/dbt.py took 0.081 seconds
[2026-03-19T01:45:12.802+0000] {processor.py:161} INFO - Started process (PID=9872) to work on /opt/airflow/dags/dbt.py
[2026-03-19T01:45:12.803+0000] {processor.py:830} INFO - Processing file /opt/airflow/dags/dbt.py for tasks to queue
[2026-03-19T01:45:12.808+0000] {logging_mixin.py:188} INFO - [2026-03-19T01:45:12.806+0000] {dagbag.py:545} INFO - Filling up the DagBag from /opt/airflow/dags/dbt.py
[2026-03-19T01:45:12.818+0000] {logging_mixin.py:188} INFO - [2026-03-19T01:45:12.816+0000] {dagbag.py:355} ERROR - Failed to import: /opt/airflow/dags/dbt.py
Traceback (most recent call last):
  File "/home/airflow/.local/lib/python3.12/site-packages/airflow/models/dagbag.py", line 351, in parse
    loader.exec_module(new_module)
  File "<frozen importlib._bootstrap_external>", line 995, in exec_module
  File "<frozen importlib._bootstrap>", line 488, in _call_with_frames_removed
  File "/opt/airflow/dags/dbt.py", line 2, in <module>
    from airflow.providers.standard.operators.bash import BashOperator
ModuleNotFoundError: No module named 'airflow.providers.standard'
[2026-03-19T01:45:12.819+0000] {processor.py:842} WARNING - No viable dags retrieved from /opt/airflow/dags/dbt.py
[2026-03-19T01:45:12.868+0000] {processor.py:183} INFO - Processing /opt/airflow/dags/dbt.py took 0.087 seconds
[2026-03-19T01:45:43.502+0000] {processor.py:161} INFO - Started process (PID=9874) to work on /opt/airflow/dags/dbt.py
[2026-03-19T01:45:43.506+0000] {processor.py:830} INFO - Processing file /opt/airflow/dags/dbt.py for tasks to queue
[2026-03-19T01:45:43.515+0000] {logging_mixin.py:188} INFO - [2026-03-19T01:45:43.513+0000] {dagbag.py:545} INFO - Filling up the DagBag from /opt/airflow/dags/dbt.py
[2026-03-19T01:45:43.533+0000] {logging_mixin.py:188} INFO - [2026-03-19T01:45:43.529+0000] {dagbag.py:355} ERROR - Failed to import: /opt/airflow/dags/dbt.py
Traceback (most recent call last):
  File "/home/airflow/.local/lib/python3.12/site-packages/airflow/models/dagbag.py", line 351, in parse
    loader.exec_module(new_module)
  File "<frozen importlib._bootstrap_external>", line 995, in exec_module
  File "<frozen importlib._bootstrap>", line 488, in _call_with_frames_removed
  File "/opt/airflow/dags/dbt.py", line 2, in <module>
    from airflow.providers.standard.operators.bash import BashOperator
ModuleNotFoundError: No module named 'airflow.providers.standard'
[2026-03-19T01:45:43.534+0000] {processor.py:842} WARNING - No viable dags retrieved from /opt/airflow/dags/dbt.py
[2026-03-19T01:45:43.574+0000] {processor.py:183} INFO - Processing /opt/airflow/dags/dbt.py took 0.107 seconds
[2026-03-19T01:46:14.079+0000] {processor.py:161} INFO - Started process (PID=9876) to work on /opt/airflow/dags/dbt.py
[2026-03-19T01:46:14.081+0000] {processor.py:830} INFO - Processing file /opt/airflow/dags/dbt.py for tasks to queue
[2026-03-19T01:46:14.100+0000] {logging_mixin.py:188} INFO - [2026-03-19T01:46:14.097+0000] {dagbag.py:545} INFO - Filling up the DagBag from /opt/airflow/dags/dbt.py
[2026-03-19T01:46:14.111+0000] {logging_mixin.py:188} INFO - [2026-03-19T01:46:14.109+0000] {dagbag.py:355} ERROR - Failed to import: /opt/airflow/dags/dbt.py
Traceback (most recent call last):
  File "/home/airflow/.local/lib/python3.12/site-packages/airflow/models/dagbag.py", line 351, in parse
    loader.exec_module(new_module)
  File "<frozen importlib._bootstrap_external>", line 995, in exec_module
  File "<frozen importlib._bootstrap>", line 488, in _call_with_frames_removed
  File "/opt/airflow/dags/dbt.py", line 2, in <module>
    from airflow.providers.standard.operators.bash import BashOperator
ModuleNotFoundError: No module named 'airflow.providers.standard'
[2026-03-19T01:46:14.113+0000] {processor.py:842} WARNING - No viable dags retrieved from /opt/airflow/dags/dbt.py
[2026-03-19T01:46:14.155+0000] {processor.py:183} INFO - Processing /opt/airflow/dags/dbt.py took 0.104 seconds
[2026-03-19T01:46:44.681+0000] {processor.py:161} INFO - Started process (PID=9878) to work on /opt/airflow/dags/dbt.py
[2026-03-19T01:46:44.682+0000] {processor.py:830} INFO - Processing file /opt/airflow/dags/dbt.py for tasks to queue
[2026-03-19T01:46:44.688+0000] {logging_mixin.py:188} INFO - [2026-03-19T01:46:44.687+0000] {dagbag.py:545} INFO - Filling up the DagBag from /opt/airflow/dags/dbt.py
[2026-03-19T01:46:44.702+0000] {logging_mixin.py:188} INFO - [2026-03-19T01:46:44.700+0000] {dagbag.py:355} ERROR - Failed to import: /opt/airflow/dags/dbt.py
Traceback (most recent call last):
  File "/home/airflow/.local/lib/python3.12/site-packages/airflow/models/dagbag.py", line 351, in parse
    loader.exec_module(new_module)
  File "<frozen importlib._bootstrap_external>", line 995, in exec_module
  File "<frozen importlib._bootstrap>", line 488, in _call_with_frames_removed
  File "/opt/airflow/dags/dbt.py", line 2, in <module>
    from airflow.providers.standard.operators.bash import BashOperator
ModuleNotFoundError: No module named 'airflow.providers.standard'
[2026-03-19T01:46:44.706+0000] {processor.py:842} WARNING - No viable dags retrieved from /opt/airflow/dags/dbt.py
[2026-03-19T01:46:44.746+0000] {processor.py:183} INFO - Processing /opt/airflow/dags/dbt.py took 0.091 seconds
[2026-03-19T01:47:15.275+0000] {processor.py:161} INFO - Started process (PID=9880) to work on /opt/airflow/dags/dbt.py
[2026-03-19T01:47:15.277+0000] {processor.py:830} INFO - Processing file /opt/airflow/dags/dbt.py for tasks to queue
[2026-03-19T01:47:15.282+0000] {logging_mixin.py:188} INFO - [2026-03-19T01:47:15.281+0000] {dagbag.py:545} INFO - Filling up the DagBag from /opt/airflow/dags/dbt.py
[2026-03-19T01:47:15.296+0000] {logging_mixin.py:188} INFO - [2026-03-19T01:47:15.292+0000] {dagbag.py:355} ERROR - Failed to import: /opt/airflow/dags/dbt.py
Traceback (most recent call last):
  File "/home/airflow/.local/lib/python3.12/site-packages/airflow/models/dagbag.py", line 351, in parse
    loader.exec_module(new_module)
  File "<frozen importlib._bootstrap_external>", line 995, in exec_module
  File "<frozen importlib._bootstrap>", line 488, in _call_with_frames_removed
  File "/opt/airflow/dags/dbt.py", line 2, in <module>
    from airflow.providers.standard.operators.bash import BashOperator
ModuleNotFoundError: No module named 'airflow.providers.standard'
[2026-03-19T01:47:15.296+0000] {processor.py:842} WARNING - No viable dags retrieved from /opt/airflow/dags/dbt.py
[2026-03-19T01:47:15.344+0000] {processor.py:183} INFO - Processing /opt/airflow/dags/dbt.py took 0.095 seconds
[2026-03-19T01:47:45.861+0000] {processor.py:161} INFO - Started process (PID=9882) to work on /opt/airflow/dags/dbt.py
[2026-03-19T01:47:45.863+0000] {processor.py:830} INFO - Processing file /opt/airflow/dags/dbt.py for tasks to queue
[2026-03-19T01:47:45.875+0000] {logging_mixin.py:188} INFO - [2026-03-19T01:47:45.874+0000] {dagbag.py:545} INFO - Filling up the DagBag from /opt/airflow/dags/dbt.py
[2026-03-19T01:47:45.883+0000] {logging_mixin.py:188} INFO - [2026-03-19T01:47:45.882+0000] {dagbag.py:355} ERROR - Failed to import: /opt/airflow/dags/dbt.py
Traceback (most recent call last):
  File "/home/airflow/.local/lib/python3.12/site-packages/airflow/models/dagbag.py", line 351, in parse
    loader.exec_module(new_module)
  File "<frozen importlib._bootstrap_external>", line 995, in exec_module
  File "<frozen importlib._bootstrap>", line 488, in _call_with_frames_removed
  File "/opt/airflow/dags/dbt.py", line 2, in <module>
    from airflow.providers.standard.operators.bash import BashOperator
ModuleNotFoundError: No module named 'airflow.providers.standard'
[2026-03-19T01:47:45.888+0000] {processor.py:842} WARNING - No viable dags retrieved from /opt/airflow/dags/dbt.py
[2026-03-19T01:47:45.929+0000] {processor.py:183} INFO - Processing /opt/airflow/dags/dbt.py took 0.090 seconds
[2026-03-19T01:48:16.503+0000] {processor.py:161} INFO - Started process (PID=9884) to work on /opt/airflow/dags/dbt.py
[2026-03-19T01:48:16.508+0000] {processor.py:830} INFO - Processing file /opt/airflow/dags/dbt.py for tasks to queue
[2026-03-19T01:48:16.518+0000] {logging_mixin.py:188} INFO - [2026-03-19T01:48:16.515+0000] {dagbag.py:545} INFO - Filling up the DagBag from /opt/airflow/dags/dbt.py
[2026-03-19T01:48:16.526+0000] {logging_mixin.py:188} INFO - [2026-03-19T01:48:16.524+0000] {dagbag.py:355} ERROR - Failed to import: /opt/airflow/dags/dbt.py
Traceback (most recent call last):
  File "/home/airflow/.local/lib/python3.12/site-packages/airflow/models/dagbag.py", line 351, in parse
    loader.exec_module(new_module)
  File "<frozen importlib._bootstrap_external>", line 995, in exec_module
  File "<frozen importlib._bootstrap>", line 488, in _call_with_frames_removed
  File "/opt/airflow/dags/dbt.py", line 2, in <module>
    from airflow.providers.standard.operators.bash import BashOperator
ModuleNotFoundError: No module named 'airflow.providers.standard'
[2026-03-19T01:48:16.527+0000] {processor.py:842} WARNING - No viable dags retrieved from /opt/airflow/dags/dbt.py
[2026-03-19T01:48:16.568+0000] {processor.py:183} INFO - Processing /opt/airflow/dags/dbt.py took 0.090 seconds
[2026-03-19T01:48:47.331+0000] {processor.py:161} INFO - Started process (PID=9886) to work on /opt/airflow/dags/dbt.py
[2026-03-19T01:48:47.335+0000] {processor.py:830} INFO - Processing file /opt/airflow/dags/dbt.py for tasks to queue
[2026-03-19T01:48:47.341+0000] {logging_mixin.py:188} INFO - [2026-03-19T01:48:47.340+0000] {dagbag.py:545} INFO - Filling up the DagBag from /opt/airflow/dags/dbt.py
[2026-03-19T01:48:47.360+0000] {logging_mixin.py:188} INFO - [2026-03-19T01:48:47.349+0000] {dagbag.py:355} ERROR - Failed to import: /opt/airflow/dags/dbt.py
Traceback (most recent call last):
  File "/home/airflow/.local/lib/python3.12/site-packages/airflow/models/dagbag.py", line 351, in parse
    loader.exec_module(new_module)
  File "<frozen importlib._bootstrap_external>", line 995, in exec_module
  File "<frozen importlib._bootstrap>", line 488, in _call_with_frames_removed
  File "/opt/airflow/dags/dbt.py", line 2, in <module>
    from airflow.providers.standard.operators.bash import BashOperator
ModuleNotFoundError: No module named 'airflow.providers.standard'
[2026-03-19T01:48:47.361+0000] {processor.py:842} WARNING - No viable dags retrieved from /opt/airflow/dags/dbt.py
[2026-03-19T01:48:47.435+0000] {processor.py:183} INFO - Processing /opt/airflow/dags/dbt.py took 0.130 seconds
[2026-03-19T01:49:18.029+0000] {processor.py:161} INFO - Started process (PID=9888) to work on /opt/airflow/dags/dbt.py
[2026-03-19T01:49:18.032+0000] {processor.py:830} INFO - Processing file /opt/airflow/dags/dbt.py for tasks to queue
[2026-03-19T01:49:18.040+0000] {logging_mixin.py:188} INFO - [2026-03-19T01:49:18.039+0000] {dagbag.py:545} INFO - Filling up the DagBag from /opt/airflow/dags/dbt.py
[2026-03-19T01:49:18.048+0000] {logging_mixin.py:188} INFO - [2026-03-19T01:49:18.045+0000] {dagbag.py:355} ERROR - Failed to import: /opt/airflow/dags/dbt.py
Traceback (most recent call last):
  File "/home/airflow/.local/lib/python3.12/site-packages/airflow/models/dagbag.py", line 351, in parse
    loader.exec_module(new_module)
  File "<frozen importlib._bootstrap_external>", line 995, in exec_module
  File "<frozen importlib._bootstrap>", line 488, in _call_with_frames_removed
  File "/opt/airflow/dags/dbt.py", line 2, in <module>
    from airflow.providers.standard.operators.bash import BashOperator
ModuleNotFoundError: No module named 'airflow.providers.standard'
[2026-03-19T01:49:18.050+0000] {processor.py:842} WARNING - No viable dags retrieved from /opt/airflow/dags/dbt.py
[2026-03-19T01:49:18.091+0000] {processor.py:183} INFO - Processing /opt/airflow/dags/dbt.py took 0.080 seconds
[2026-03-19T01:49:48.677+0000] {processor.py:161} INFO - Started process (PID=9890) to work on /opt/airflow/dags/dbt.py
[2026-03-19T01:49:48.679+0000] {processor.py:830} INFO - Processing file /opt/airflow/dags/dbt.py for tasks to queue
[2026-03-19T01:49:48.687+0000] {logging_mixin.py:188} INFO - [2026-03-19T01:49:48.686+0000] {dagbag.py:545} INFO - Filling up the DagBag from /opt/airflow/dags/dbt.py
[2026-03-19T01:49:48.696+0000] {logging_mixin.py:188} INFO - [2026-03-19T01:49:48.694+0000] {dagbag.py:355} ERROR - Failed to import: /opt/airflow/dags/dbt.py
Traceback (most recent call last):
  File "/home/airflow/.local/lib/python3.12/site-packages/airflow/models/dagbag.py", line 351, in parse
    loader.exec_module(new_module)
  File "<frozen importlib._bootstrap_external>", line 995, in exec_module
  File "<frozen importlib._bootstrap>", line 488, in _call_with_frames_removed
  File "/opt/airflow/dags/dbt.py", line 2, in <module>
    from airflow.providers.standard.operators.bash import BashOperator
ModuleNotFoundError: No module named 'airflow.providers.standard'
[2026-03-19T01:49:48.697+0000] {processor.py:842} WARNING - No viable dags retrieved from /opt/airflow/dags/dbt.py
[2026-03-19T01:49:48.741+0000] {processor.py:183} INFO - Processing /opt/airflow/dags/dbt.py took 0.085 seconds
[2026-03-19T01:50:19.357+0000] {processor.py:161} INFO - Started process (PID=9892) to work on /opt/airflow/dags/dbt.py
[2026-03-19T01:50:19.361+0000] {processor.py:830} INFO - Processing file /opt/airflow/dags/dbt.py for tasks to queue
[2026-03-19T01:50:19.372+0000] {logging_mixin.py:188} INFO - [2026-03-19T01:50:19.370+0000] {dagbag.py:545} INFO - Filling up the DagBag from /opt/airflow/dags/dbt.py
[2026-03-19T01:50:19.382+0000] {logging_mixin.py:188} INFO - [2026-03-19T01:50:19.380+0000] {dagbag.py:355} ERROR - Failed to import: /opt/airflow/dags/dbt.py
Traceback (most recent call last):
  File "/home/airflow/.local/lib/python3.12/site-packages/airflow/models/dagbag.py", line 351, in parse
    loader.exec_module(new_module)
  File "<frozen importlib._bootstrap_external>", line 995, in exec_module
  File "<frozen importlib._bootstrap>", line 488, in _call_with_frames_removed
  File "/opt/airflow/dags/dbt.py", line 2, in <module>
    from airflow.providers.standard.operators.bash import BashOperator
ModuleNotFoundError: No module named 'airflow.providers.standard'
[2026-03-19T01:50:19.384+0000] {processor.py:842} WARNING - No viable dags retrieved from /opt/airflow/dags/dbt.py
[2026-03-19T01:50:19.436+0000] {processor.py:183} INFO - Processing /opt/airflow/dags/dbt.py took 0.096 seconds
[2026-03-19T01:50:49.975+0000] {processor.py:161} INFO - Started process (PID=9894) to work on /opt/airflow/dags/dbt.py
[2026-03-19T01:50:49.976+0000] {processor.py:830} INFO - Processing file /opt/airflow/dags/dbt.py for tasks to queue
[2026-03-19T01:50:49.984+0000] {logging_mixin.py:188} INFO - [2026-03-19T01:50:49.983+0000] {dagbag.py:545} INFO - Filling up the DagBag from /opt/airflow/dags/dbt.py
[2026-03-19T01:50:49.992+0000] {logging_mixin.py:188} INFO - [2026-03-19T01:50:49.990+0000] {dagbag.py:355} ERROR - Failed to import: /opt/airflow/dags/dbt.py
Traceback (most recent call last):
  File "/home/airflow/.local/lib/python3.12/site-packages/airflow/models/dagbag.py", line 351, in parse
    loader.exec_module(new_module)
  File "<frozen importlib._bootstrap_external>", line 995, in exec_module
  File "<frozen importlib._bootstrap>", line 488, in _call_with_frames_removed
  File "/opt/airflow/dags/dbt.py", line 2, in <module>
    from airflow.providers.standard.operators.bash import BashOperator
ModuleNotFoundError: No module named 'airflow.providers.standard'
[2026-03-19T01:50:49.998+0000] {processor.py:842} WARNING - No viable dags retrieved from /opt/airflow/dags/dbt.py
[2026-03-19T01:50:50.033+0000] {processor.py:183} INFO - Processing /opt/airflow/dags/dbt.py took 0.084 seconds
[2026-03-19T01:51:20.559+0000] {processor.py:161} INFO - Started process (PID=9896) to work on /opt/airflow/dags/dbt.py
[2026-03-19T01:51:20.564+0000] {processor.py:830} INFO - Processing file /opt/airflow/dags/dbt.py for tasks to queue
[2026-03-19T01:51:20.577+0000] {logging_mixin.py:188} INFO - [2026-03-19T01:51:20.575+0000] {dagbag.py:545} INFO - Filling up the DagBag from /opt/airflow/dags/dbt.py
[2026-03-19T01:51:20.589+0000] {logging_mixin.py:188} INFO - [2026-03-19T01:51:20.586+0000] {dagbag.py:355} ERROR - Failed to import: /opt/airflow/dags/dbt.py
Traceback (most recent call last):
  File "/home/airflow/.local/lib/python3.12/site-packages/airflow/models/dagbag.py", line 351, in parse
    loader.exec_module(new_module)
  File "<frozen importlib._bootstrap_external>", line 995, in exec_module
  File "<frozen importlib._bootstrap>", line 488, in _call_with_frames_removed
  File "/opt/airflow/dags/dbt.py", line 2, in <module>
    from airflow.providers.standard.operators.bash import BashOperator
ModuleNotFoundError: No module named 'airflow.providers.standard'
[2026-03-19T01:51:20.591+0000] {processor.py:842} WARNING - No viable dags retrieved from /opt/airflow/dags/dbt.py
[2026-03-19T01:51:20.662+0000] {processor.py:183} INFO - Processing /opt/airflow/dags/dbt.py took 0.124 seconds
[2026-03-19T01:51:51.224+0000] {processor.py:161} INFO - Started process (PID=9898) to work on /opt/airflow/dags/dbt.py
[2026-03-19T01:51:51.227+0000] {processor.py:830} INFO - Processing file /opt/airflow/dags/dbt.py for tasks to queue
[2026-03-19T01:51:51.236+0000] {logging_mixin.py:188} INFO - [2026-03-19T01:51:51.234+0000] {dagbag.py:545} INFO - Filling up the DagBag from /opt/airflow/dags/dbt.py
[2026-03-19T01:51:51.244+0000] {logging_mixin.py:188} INFO - [2026-03-19T01:51:51.242+0000] {dagbag.py:355} ERROR - Failed to import: /opt/airflow/dags/dbt.py
Traceback (most recent call last):
  File "/home/airflow/.local/lib/python3.12/site-packages/airflow/models/dagbag.py", line 351, in parse
    loader.exec_module(new_module)
  File "<frozen importlib._bootstrap_external>", line 995, in exec_module
  File "<frozen importlib._bootstrap>", line 488, in _call_with_frames_removed
  File "/opt/airflow/dags/dbt.py", line 2, in <module>
    from airflow.providers.standard.operators.bash import BashOperator
ModuleNotFoundError: No module named 'airflow.providers.standard'
[2026-03-19T01:51:51.244+0000] {processor.py:842} WARNING - No viable dags retrieved from /opt/airflow/dags/dbt.py
[2026-03-19T01:51:51.305+0000] {processor.py:183} INFO - Processing /opt/airflow/dags/dbt.py took 0.101 seconds
[2026-03-19T01:52:21.841+0000] {processor.py:161} INFO - Started process (PID=9900) to work on /opt/airflow/dags/dbt.py
[2026-03-19T01:52:21.843+0000] {processor.py:830} INFO - Processing file /opt/airflow/dags/dbt.py for tasks to queue
[2026-03-19T01:52:21.849+0000] {logging_mixin.py:188} INFO - [2026-03-19T01:52:21.849+0000] {dagbag.py:545} INFO - Filling up the DagBag from /opt/airflow/dags/dbt.py
[2026-03-19T01:52:21.869+0000] {logging_mixin.py:188} INFO - [2026-03-19T01:52:21.867+0000] {dagbag.py:355} ERROR - Failed to import: /opt/airflow/dags/dbt.py
Traceback (most recent call last):
  File "/home/airflow/.local/lib/python3.12/site-packages/airflow/models/dagbag.py", line 351, in parse
    loader.exec_module(new_module)
  File "<frozen importlib._bootstrap_external>", line 995, in exec_module
  File "<frozen importlib._bootstrap>", line 488, in _call_with_frames_removed
  File "/opt/airflow/dags/dbt.py", line 2, in <module>
    from airflow.providers.standard.operators.bash import BashOperator
ModuleNotFoundError: No module named 'airflow.providers.standard'
[2026-03-19T01:52:21.870+0000] {processor.py:842} WARNING - No viable dags retrieved from /opt/airflow/dags/dbt.py
[2026-03-19T01:52:21.914+0000] {processor.py:183} INFO - Processing /opt/airflow/dags/dbt.py took 0.090 seconds
[2026-03-19T01:52:52.371+0000] {processor.py:161} INFO - Started process (PID=9902) to work on /opt/airflow/dags/dbt.py
[2026-03-19T01:52:52.372+0000] {processor.py:830} INFO - Processing file /opt/airflow/dags/dbt.py for tasks to queue
[2026-03-19T01:52:52.376+0000] {logging_mixin.py:188} INFO - [2026-03-19T01:52:52.376+0000] {dagbag.py:545} INFO - Filling up the DagBag from /opt/airflow/dags/dbt.py
[2026-03-19T01:52:52.386+0000] {logging_mixin.py:188} INFO - [2026-03-19T01:52:52.383+0000] {dagbag.py:355} ERROR - Failed to import: /opt/airflow/dags/dbt.py
Traceback (most recent call last):
  File "/home/airflow/.local/lib/python3.12/site-packages/airflow/models/dagbag.py", line 351, in parse
    loader.exec_module(new_module)
  File "<frozen importlib._bootstrap_external>", line 995, in exec_module
  File "<frozen importlib._bootstrap>", line 488, in _call_with_frames_removed
  File "/opt/airflow/dags/dbt.py", line 2, in <module>
    from airflow.providers.standard.operators.bash import BashOperator
ModuleNotFoundError: No module named 'airflow.providers.standard'
[2026-03-19T01:52:52.386+0000] {processor.py:842} WARNING - No viable dags retrieved from /opt/airflow/dags/dbt.py
[2026-03-19T01:52:52.434+0000] {processor.py:183} INFO - Processing /opt/airflow/dags/dbt.py took 0.088 seconds
[2026-03-19T01:53:22.932+0000] {processor.py:161} INFO - Started process (PID=9904) to work on /opt/airflow/dags/dbt.py
[2026-03-19T01:53:22.933+0000] {processor.py:830} INFO - Processing file /opt/airflow/dags/dbt.py for tasks to queue
[2026-03-19T01:53:22.939+0000] {logging_mixin.py:188} INFO - [2026-03-19T01:53:22.939+0000] {dagbag.py:545} INFO - Filling up the DagBag from /opt/airflow/dags/dbt.py
[2026-03-19T01:53:22.951+0000] {logging_mixin.py:188} INFO - [2026-03-19T01:53:22.945+0000] {dagbag.py:355} ERROR - Failed to import: /opt/airflow/dags/dbt.py
Traceback (most recent call last):
  File "/home/airflow/.local/lib/python3.12/site-packages/airflow/models/dagbag.py", line 351, in parse
    loader.exec_module(new_module)
  File "<frozen importlib._bootstrap_external>", line 995, in exec_module
  File "<frozen importlib._bootstrap>", line 488, in _call_with_frames_removed
  File "/opt/airflow/dags/dbt.py", line 2, in <module>
    from airflow.providers.standard.operators.bash import BashOperator
ModuleNotFoundError: No module named 'airflow.providers.standard'
[2026-03-19T01:53:22.952+0000] {processor.py:842} WARNING - No viable dags retrieved from /opt/airflow/dags/dbt.py
[2026-03-19T01:53:22.997+0000] {processor.py:183} INFO - Processing /opt/airflow/dags/dbt.py took 0.081 seconds
[2026-03-19T01:53:53.427+0000] {processor.py:161} INFO - Started process (PID=9906) to work on /opt/airflow/dags/dbt.py
[2026-03-19T01:53:53.429+0000] {processor.py:830} INFO - Processing file /opt/airflow/dags/dbt.py for tasks to queue
[2026-03-19T01:53:53.433+0000] {logging_mixin.py:188} INFO - [2026-03-19T01:53:53.432+0000] {dagbag.py:545} INFO - Filling up the DagBag from /opt/airflow/dags/dbt.py
[2026-03-19T01:53:53.441+0000] {logging_mixin.py:188} INFO - [2026-03-19T01:53:53.439+0000] {dagbag.py:355} ERROR - Failed to import: /opt/airflow/dags/dbt.py
Traceback (most recent call last):
  File "/home/airflow/.local/lib/python3.12/site-packages/airflow/models/dagbag.py", line 351, in parse
    loader.exec_module(new_module)
  File "<frozen importlib._bootstrap_external>", line 995, in exec_module
  File "<frozen importlib._bootstrap>", line 488, in _call_with_frames_removed
  File "/opt/airflow/dags/dbt.py", line 2, in <module>
    from airflow.providers.standard.operators.bash import BashOperator
ModuleNotFoundError: No module named 'airflow.providers.standard'
[2026-03-19T01:53:53.442+0000] {processor.py:842} WARNING - No viable dags retrieved from /opt/airflow/dags/dbt.py
[2026-03-19T01:53:53.491+0000] {processor.py:183} INFO - Processing /opt/airflow/dags/dbt.py took 0.080 seconds
[2026-03-19T01:54:24.150+0000] {processor.py:161} INFO - Started process (PID=9908) to work on /opt/airflow/dags/dbt.py
[2026-03-19T01:54:24.155+0000] {processor.py:830} INFO - Processing file /opt/airflow/dags/dbt.py for tasks to queue
[2026-03-19T01:54:24.168+0000] {logging_mixin.py:188} INFO - [2026-03-19T01:54:24.167+0000] {dagbag.py:545} INFO - Filling up the DagBag from /opt/airflow/dags/dbt.py
[2026-03-19T01:54:24.176+0000] {logging_mixin.py:188} INFO - [2026-03-19T01:54:24.174+0000] {dagbag.py:355} ERROR - Failed to import: /opt/airflow/dags/dbt.py
Traceback (most recent call last):
  File "/home/airflow/.local/lib/python3.12/site-packages/airflow/models/dagbag.py", line 351, in parse
    loader.exec_module(new_module)
  File "<frozen importlib._bootstrap_external>", line 995, in exec_module
  File "<frozen importlib._bootstrap>", line 488, in _call_with_frames_removed
  File "/opt/airflow/dags/dbt.py", line 2, in <module>
    from airflow.providers.standard.operators.bash import BashOperator
ModuleNotFoundError: No module named 'airflow.providers.standard'
[2026-03-19T01:54:24.177+0000] {processor.py:842} WARNING - No viable dags retrieved from /opt/airflow/dags/dbt.py
[2026-03-19T01:54:24.220+0000] {processor.py:183} INFO - Processing /opt/airflow/dags/dbt.py took 0.083 seconds
[2026-03-19T01:54:54.646+0000] {processor.py:161} INFO - Started process (PID=9910) to work on /opt/airflow/dags/dbt.py
[2026-03-19T01:54:54.648+0000] {processor.py:830} INFO - Processing file /opt/airflow/dags/dbt.py for tasks to queue
[2026-03-19T01:54:54.658+0000] {logging_mixin.py:188} INFO - [2026-03-19T01:54:54.657+0000] {dagbag.py:545} INFO - Filling up the DagBag from /opt/airflow/dags/dbt.py
[2026-03-19T01:54:54.664+0000] {logging_mixin.py:188} INFO - [2026-03-19T01:54:54.662+0000] {dagbag.py:355} ERROR - Failed to import: /opt/airflow/dags/dbt.py
Traceback (most recent call last):
  File "/home/airflow/.local/lib/python3.12/site-packages/airflow/models/dagbag.py", line 351, in parse
    loader.exec_module(new_module)
  File "<frozen importlib._bootstrap_external>", line 995, in exec_module
  File "<frozen importlib._bootstrap>", line 488, in _call_with_frames_removed
  File "/opt/airflow/dags/dbt.py", line 2, in <module>
    from airflow.providers.standard.operators.bash import BashOperator
ModuleNotFoundError: No module named 'airflow.providers.standard'
[2026-03-19T01:54:54.664+0000] {processor.py:842} WARNING - No viable dags retrieved from /opt/airflow/dags/dbt.py
[2026-03-19T01:54:54.699+0000] {processor.py:183} INFO - Processing /opt/airflow/dags/dbt.py took 0.075 seconds
[2026-03-19T01:55:25.146+0000] {processor.py:161} INFO - Started process (PID=9912) to work on /opt/airflow/dags/dbt.py
[2026-03-19T01:55:25.148+0000] {processor.py:830} INFO - Processing file /opt/airflow/dags/dbt.py for tasks to queue
[2026-03-19T01:55:25.153+0000] {logging_mixin.py:188} INFO - [2026-03-19T01:55:25.152+0000] {dagbag.py:545} INFO - Filling up the DagBag from /opt/airflow/dags/dbt.py
[2026-03-19T01:55:25.164+0000] {logging_mixin.py:188} INFO - [2026-03-19T01:55:25.161+0000] {dagbag.py:355} ERROR - Failed to import: /opt/airflow/dags/dbt.py
Traceback (most recent call last):
  File "/home/airflow/.local/lib/python3.12/site-packages/airflow/models/dagbag.py", line 351, in parse
    loader.exec_module(new_module)
  File "<frozen importlib._bootstrap_external>", line 995, in exec_module
  File "<frozen importlib._bootstrap>", line 488, in _call_with_frames_removed
  File "/opt/airflow/dags/dbt.py", line 2, in <module>
    from airflow.providers.standard.operators.bash import BashOperator
ModuleNotFoundError: No module named 'airflow.providers.standard'
[2026-03-19T01:55:25.165+0000] {processor.py:842} WARNING - No viable dags retrieved from /opt/airflow/dags/dbt.py
[2026-03-19T01:55:25.207+0000] {processor.py:183} INFO - Processing /opt/airflow/dags/dbt.py took 0.081 seconds
[2026-03-19T01:55:55.628+0000] {processor.py:161} INFO - Started process (PID=9914) to work on /opt/airflow/dags/dbt.py
[2026-03-19T01:55:55.631+0000] {processor.py:830} INFO - Processing file /opt/airflow/dags/dbt.py for tasks to queue
[2026-03-19T01:55:55.638+0000] {logging_mixin.py:188} INFO - [2026-03-19T01:55:55.635+0000] {dagbag.py:545} INFO - Filling up the DagBag from /opt/airflow/dags/dbt.py
[2026-03-19T01:55:55.649+0000] {logging_mixin.py:188} INFO - [2026-03-19T01:55:55.644+0000] {dagbag.py:355} ERROR - Failed to import: /opt/airflow/dags/dbt.py
Traceback (most recent call last):
  File "/home/airflow/.local/lib/python3.12/site-packages/airflow/models/dagbag.py", line 351, in parse
    loader.exec_module(new_module)
  File "<frozen importlib._bootstrap_external>", line 995, in exec_module
  File "<frozen importlib._bootstrap>", line 488, in _call_with_frames_removed
  File "/opt/airflow/dags/dbt.py", line 2, in <module>
    from airflow.providers.standard.operators.bash import BashOperator
ModuleNotFoundError: No module named 'airflow.providers.standard'
[2026-03-19T01:55:55.650+0000] {processor.py:842} WARNING - No viable dags retrieved from /opt/airflow/dags/dbt.py
[2026-03-19T01:55:55.696+0000] {processor.py:183} INFO - Processing /opt/airflow/dags/dbt.py took 0.102 seconds
[2026-03-19T01:56:26.170+0000] {processor.py:161} INFO - Started process (PID=9916) to work on /opt/airflow/dags/dbt.py
[2026-03-19T01:56:26.174+0000] {processor.py:830} INFO - Processing file /opt/airflow/dags/dbt.py for tasks to queue
[2026-03-19T01:56:26.182+0000] {logging_mixin.py:188} INFO - [2026-03-19T01:56:26.181+0000] {dagbag.py:545} INFO - Filling up the DagBag from /opt/airflow/dags/dbt.py
[2026-03-19T01:56:26.196+0000] {logging_mixin.py:188} INFO - [2026-03-19T01:56:26.194+0000] {dagbag.py:355} ERROR - Failed to import: /opt/airflow/dags/dbt.py
Traceback (most recent call last):
  File "/home/airflow/.local/lib/python3.12/site-packages/airflow/models/dagbag.py", line 351, in parse
    loader.exec_module(new_module)
  File "<frozen importlib._bootstrap_external>", line 995, in exec_module
  File "<frozen importlib._bootstrap>", line 488, in _call_with_frames_removed
  File "/opt/airflow/dags/dbt.py", line 2, in <module>
    from airflow.providers.standard.operators.bash import BashOperator
ModuleNotFoundError: No module named 'airflow.providers.standard'
[2026-03-19T01:56:26.197+0000] {processor.py:842} WARNING - No viable dags retrieved from /opt/airflow/dags/dbt.py
[2026-03-19T01:56:26.243+0000] {processor.py:183} INFO - Processing /opt/airflow/dags/dbt.py took 0.105 seconds
[2026-03-19T01:56:56.811+0000] {processor.py:161} INFO - Started process (PID=9918) to work on /opt/airflow/dags/dbt.py
[2026-03-19T01:56:56.813+0000] {processor.py:830} INFO - Processing file /opt/airflow/dags/dbt.py for tasks to queue
[2026-03-19T01:56:56.819+0000] {logging_mixin.py:188} INFO - [2026-03-19T01:56:56.818+0000] {dagbag.py:545} INFO - Filling up the DagBag from /opt/airflow/dags/dbt.py
[2026-03-19T01:56:56.836+0000] {logging_mixin.py:188} INFO - [2026-03-19T01:56:56.831+0000] {dagbag.py:355} ERROR - Failed to import: /opt/airflow/dags/dbt.py
Traceback (most recent call last):
  File "/home/airflow/.local/lib/python3.12/site-packages/airflow/models/dagbag.py", line 351, in parse
    loader.exec_module(new_module)
  File "<frozen importlib._bootstrap_external>", line 995, in exec_module
  File "<frozen importlib._bootstrap>", line 488, in _call_with_frames_removed
  File "/opt/airflow/dags/dbt.py", line 2, in <module>
    from airflow.providers.standard.operators.bash import BashOperator
ModuleNotFoundError: No module named 'airflow.providers.standard'
[2026-03-19T01:56:56.836+0000] {processor.py:842} WARNING - No viable dags retrieved from /opt/airflow/dags/dbt.py
[2026-03-19T01:56:56.879+0000] {processor.py:183} INFO - Processing /opt/airflow/dags/dbt.py took 0.099 seconds
[2026-03-19T01:57:27.450+0000] {processor.py:161} INFO - Started process (PID=9920) to work on /opt/airflow/dags/dbt.py
[2026-03-19T01:57:27.451+0000] {processor.py:830} INFO - Processing file /opt/airflow/dags/dbt.py for tasks to queue
[2026-03-19T01:57:27.460+0000] {logging_mixin.py:188} INFO - [2026-03-19T01:57:27.459+0000] {dagbag.py:545} INFO - Filling up the DagBag from /opt/airflow/dags/dbt.py
[2026-03-19T01:57:27.475+0000] {logging_mixin.py:188} INFO - [2026-03-19T01:57:27.470+0000] {dagbag.py:355} ERROR - Failed to import: /opt/airflow/dags/dbt.py
Traceback (most recent call last):
  File "/home/airflow/.local/lib/python3.12/site-packages/airflow/models/dagbag.py", line 351, in parse
    loader.exec_module(new_module)
  File "<frozen importlib._bootstrap_external>", line 995, in exec_module
  File "<frozen importlib._bootstrap>", line 488, in _call_with_frames_removed
  File "/opt/airflow/dags/dbt.py", line 2, in <module>
    from airflow.providers.standard.operators.bash import BashOperator
ModuleNotFoundError: No module named 'airflow.providers.standard'
[2026-03-19T01:57:27.476+0000] {processor.py:842} WARNING - No viable dags retrieved from /opt/airflow/dags/dbt.py
[2026-03-19T01:57:27.511+0000] {processor.py:183} INFO - Processing /opt/airflow/dags/dbt.py took 0.090 seconds
[2026-03-19T01:57:57.976+0000] {processor.py:161} INFO - Started process (PID=9922) to work on /opt/airflow/dags/dbt.py
[2026-03-19T01:57:57.979+0000] {processor.py:830} INFO - Processing file /opt/airflow/dags/dbt.py for tasks to queue
[2026-03-19T01:57:57.992+0000] {logging_mixin.py:188} INFO - [2026-03-19T01:57:57.992+0000] {dagbag.py:545} INFO - Filling up the DagBag from /opt/airflow/dags/dbt.py
[2026-03-19T01:57:58.004+0000] {logging_mixin.py:188} INFO - [2026-03-19T01:57:58.001+0000] {dagbag.py:355} ERROR - Failed to import: /opt/airflow/dags/dbt.py
Traceback (most recent call last):
  File "/home/airflow/.local/lib/python3.12/site-packages/airflow/models/dagbag.py", line 351, in parse
    loader.exec_module(new_module)
  File "<frozen importlib._bootstrap_external>", line 995, in exec_module
  File "<frozen importlib._bootstrap>", line 488, in _call_with_frames_removed
  File "/opt/airflow/dags/dbt.py", line 2, in <module>
    from airflow.providers.standard.operators.bash import BashOperator
ModuleNotFoundError: No module named 'airflow.providers.standard'
[2026-03-19T01:57:58.004+0000] {processor.py:842} WARNING - No viable dags retrieved from /opt/airflow/dags/dbt.py
[2026-03-19T01:57:58.051+0000] {processor.py:183} INFO - Processing /opt/airflow/dags/dbt.py took 0.102 seconds
[2026-03-19T01:58:28.574+0000] {processor.py:161} INFO - Started process (PID=9924) to work on /opt/airflow/dags/dbt.py
[2026-03-19T01:58:28.575+0000] {processor.py:830} INFO - Processing file /opt/airflow/dags/dbt.py for tasks to queue
[2026-03-19T01:58:28.583+0000] {logging_mixin.py:188} INFO - [2026-03-19T01:58:28.582+0000] {dagbag.py:545} INFO - Filling up the DagBag from /opt/airflow/dags/dbt.py
[2026-03-19T01:58:28.592+0000] {logging_mixin.py:188} INFO - [2026-03-19T01:58:28.588+0000] {dagbag.py:355} ERROR - Failed to import: /opt/airflow/dags/dbt.py
Traceback (most recent call last):
  File "/home/airflow/.local/lib/python3.12/site-packages/airflow/models/dagbag.py", line 351, in parse
    loader.exec_module(new_module)
  File "<frozen importlib._bootstrap_external>", line 995, in exec_module
  File "<frozen importlib._bootstrap>", line 488, in _call_with_frames_removed
  File "/opt/airflow/dags/dbt.py", line 2, in <module>
    from airflow.providers.standard.operators.bash import BashOperator
ModuleNotFoundError: No module named 'airflow.providers.standard'
[2026-03-19T01:58:28.596+0000] {processor.py:842} WARNING - No viable dags retrieved from /opt/airflow/dags/dbt.py
[2026-03-19T01:58:28.635+0000] {processor.py:183} INFO - Processing /opt/airflow/dags/dbt.py took 0.091 seconds
[2026-03-19T01:58:59.200+0000] {processor.py:161} INFO - Started process (PID=9926) to work on /opt/airflow/dags/dbt.py
[2026-03-19T01:58:59.203+0000] {processor.py:830} INFO - Processing file /opt/airflow/dags/dbt.py for tasks to queue
[2026-03-19T01:58:59.208+0000] {logging_mixin.py:188} INFO - [2026-03-19T01:58:59.207+0000] {dagbag.py:545} INFO - Filling up the DagBag from /opt/airflow/dags/dbt.py
[2026-03-19T01:58:59.220+0000] {logging_mixin.py:188} INFO - [2026-03-19T01:58:59.217+0000] {dagbag.py:355} ERROR - Failed to import: /opt/airflow/dags/dbt.py
Traceback (most recent call last):
  File "/home/airflow/.local/lib/python3.12/site-packages/airflow/models/dagbag.py", line 351, in parse
    loader.exec_module(new_module)
  File "<frozen importlib._bootstrap_external>", line 995, in exec_module
  File "<frozen importlib._bootstrap>", line 488, in _call_with_frames_removed
  File "/opt/airflow/dags/dbt.py", line 2, in <module>
    from airflow.providers.standard.operators.bash import BashOperator
ModuleNotFoundError: No module named 'airflow.providers.standard'
[2026-03-19T01:58:59.221+0000] {processor.py:842} WARNING - No viable dags retrieved from /opt/airflow/dags/dbt.py
[2026-03-19T01:58:59.268+0000] {processor.py:183} INFO - Processing /opt/airflow/dags/dbt.py took 0.095 seconds
[2026-03-19T01:59:29.848+0000] {processor.py:161} INFO - Started process (PID=9928) to work on /opt/airflow/dags/dbt.py
[2026-03-19T01:59:29.850+0000] {processor.py:830} INFO - Processing file /opt/airflow/dags/dbt.py for tasks to queue
[2026-03-19T01:59:29.861+0000] {logging_mixin.py:188} INFO - [2026-03-19T01:59:29.861+0000] {dagbag.py:545} INFO - Filling up the DagBag from /opt/airflow/dags/dbt.py
[2026-03-19T01:59:29.873+0000] {logging_mixin.py:188} INFO - [2026-03-19T01:59:29.869+0000] {dagbag.py:355} ERROR - Failed to import: /opt/airflow/dags/dbt.py
Traceback (most recent call last):
  File "/home/airflow/.local/lib/python3.12/site-packages/airflow/models/dagbag.py", line 351, in parse
    loader.exec_module(new_module)
  File "<frozen importlib._bootstrap_external>", line 995, in exec_module
  File "<frozen importlib._bootstrap>", line 488, in _call_with_frames_removed
  File "/opt/airflow/dags/dbt.py", line 2, in <module>
    from airflow.providers.standard.operators.bash import BashOperator
ModuleNotFoundError: No module named 'airflow.providers.standard'
[2026-03-19T01:59:29.875+0000] {processor.py:842} WARNING - No viable dags retrieved from /opt/airflow/dags/dbt.py
[2026-03-19T01:59:29.935+0000] {processor.py:183} INFO - Processing /opt/airflow/dags/dbt.py took 0.119 seconds
[2026-03-19T02:00:00.408+0000] {processor.py:161} INFO - Started process (PID=9930) to work on /opt/airflow/dags/dbt.py
[2026-03-19T02:00:00.416+0000] {processor.py:830} INFO - Processing file /opt/airflow/dags/dbt.py for tasks to queue
[2026-03-19T02:00:00.423+0000] {logging_mixin.py:188} INFO - [2026-03-19T02:00:00.422+0000] {dagbag.py:545} INFO - Filling up the DagBag from /opt/airflow/dags/dbt.py
[2026-03-19T02:00:00.431+0000] {logging_mixin.py:188} INFO - [2026-03-19T02:00:00.429+0000] {dagbag.py:355} ERROR - Failed to import: /opt/airflow/dags/dbt.py
Traceback (most recent call last):
  File "/home/airflow/.local/lib/python3.12/site-packages/airflow/models/dagbag.py", line 351, in parse
    loader.exec_module(new_module)
  File "<frozen importlib._bootstrap_external>", line 995, in exec_module
  File "<frozen importlib._bootstrap>", line 488, in _call_with_frames_removed
  File "/opt/airflow/dags/dbt.py", line 2, in <module>
    from airflow.providers.standard.operators.bash import BashOperator
ModuleNotFoundError: No module named 'airflow.providers.standard'
[2026-03-19T02:00:00.432+0000] {processor.py:842} WARNING - No viable dags retrieved from /opt/airflow/dags/dbt.py
[2026-03-19T02:00:00.552+0000] {processor.py:183} INFO - Processing /opt/airflow/dags/dbt.py took 0.166 seconds
[2026-03-19T02:00:31.097+0000] {processor.py:161} INFO - Started process (PID=9932) to work on /opt/airflow/dags/dbt.py
[2026-03-19T02:00:31.099+0000] {processor.py:830} INFO - Processing file /opt/airflow/dags/dbt.py for tasks to queue
[2026-03-19T02:00:31.105+0000] {logging_mixin.py:188} INFO - [2026-03-19T02:00:31.105+0000] {dagbag.py:545} INFO - Filling up the DagBag from /opt/airflow/dags/dbt.py
[2026-03-19T02:00:31.123+0000] {logging_mixin.py:188} INFO - [2026-03-19T02:00:31.122+0000] {dagbag.py:355} ERROR - Failed to import: /opt/airflow/dags/dbt.py
Traceback (most recent call last):
  File "/home/airflow/.local/lib/python3.12/site-packages/airflow/models/dagbag.py", line 351, in parse
    loader.exec_module(new_module)
  File "<frozen importlib._bootstrap_external>", line 995, in exec_module
  File "<frozen importlib._bootstrap>", line 488, in _call_with_frames_removed
  File "/opt/airflow/dags/dbt.py", line 2, in <module>
    from airflow.providers.standard.operators.bash import BashOperator
ModuleNotFoundError: No module named 'airflow.providers.standard'
[2026-03-19T02:00:31.124+0000] {processor.py:842} WARNING - No viable dags retrieved from /opt/airflow/dags/dbt.py
[2026-03-19T02:00:31.163+0000] {processor.py:183} INFO - Processing /opt/airflow/dags/dbt.py took 0.082 seconds
[2026-03-19T02:01:01.676+0000] {processor.py:161} INFO - Started process (PID=9934) to work on /opt/airflow/dags/dbt.py
[2026-03-19T02:01:01.678+0000] {processor.py:830} INFO - Processing file /opt/airflow/dags/dbt.py for tasks to queue
[2026-03-19T02:01:01.684+0000] {logging_mixin.py:188} INFO - [2026-03-19T02:01:01.683+0000] {dagbag.py:545} INFO - Filling up the DagBag from /opt/airflow/dags/dbt.py
[2026-03-19T02:01:01.697+0000] {logging_mixin.py:188} INFO - [2026-03-19T02:01:01.693+0000] {dagbag.py:355} ERROR - Failed to import: /opt/airflow/dags/dbt.py
Traceback (most recent call last):
  File "/home/airflow/.local/lib/python3.12/site-packages/airflow/models/dagbag.py", line 351, in parse
    loader.exec_module(new_module)
  File "<frozen importlib._bootstrap_external>", line 995, in exec_module
  File "<frozen importlib._bootstrap>", line 488, in _call_with_frames_removed
  File "/opt/airflow/dags/dbt.py", line 2, in <module>
    from airflow.providers.standard.operators.bash import BashOperator
ModuleNotFoundError: No module named 'airflow.providers.standard'
[2026-03-19T02:01:01.698+0000] {processor.py:842} WARNING - No viable dags retrieved from /opt/airflow/dags/dbt.py
[2026-03-19T02:01:01.744+0000] {processor.py:183} INFO - Processing /opt/airflow/dags/dbt.py took 0.094 seconds
[2026-03-19T02:01:32.221+0000] {processor.py:161} INFO - Started process (PID=9936) to work on /opt/airflow/dags/dbt.py
[2026-03-19T02:01:32.223+0000] {processor.py:830} INFO - Processing file /opt/airflow/dags/dbt.py for tasks to queue
[2026-03-19T02:01:32.230+0000] {logging_mixin.py:188} INFO - [2026-03-19T02:01:32.229+0000] {dagbag.py:545} INFO - Filling up the DagBag from /opt/airflow/dags/dbt.py
[2026-03-19T02:01:32.243+0000] {logging_mixin.py:188} INFO - [2026-03-19T02:01:32.239+0000] {dagbag.py:355} ERROR - Failed to import: /opt/airflow/dags/dbt.py
Traceback (most recent call last):
  File "/home/airflow/.local/lib/python3.12/site-packages/airflow/models/dagbag.py", line 351, in parse
    loader.exec_module(new_module)
  File "<frozen importlib._bootstrap_external>", line 995, in exec_module
  File "<frozen importlib._bootstrap>", line 488, in _call_with_frames_removed
  File "/opt/airflow/dags/dbt.py", line 2, in <module>
    from airflow.providers.standard.operators.bash import BashOperator
ModuleNotFoundError: No module named 'airflow.providers.standard'
[2026-03-19T02:01:32.244+0000] {processor.py:842} WARNING - No viable dags retrieved from /opt/airflow/dags/dbt.py
[2026-03-19T02:01:32.293+0000] {processor.py:183} INFO - Processing /opt/airflow/dags/dbt.py took 0.090 seconds
[2026-03-19T02:02:02.806+0000] {processor.py:161} INFO - Started process (PID=9938) to work on /opt/airflow/dags/dbt.py
[2026-03-19T02:02:02.808+0000] {processor.py:830} INFO - Processing file /opt/airflow/dags/dbt.py for tasks to queue
[2026-03-19T02:02:02.820+0000] {logging_mixin.py:188} INFO - [2026-03-19T02:02:02.818+0000] {dagbag.py:545} INFO - Filling up the DagBag from /opt/airflow/dags/dbt.py
[2026-03-19T02:02:02.832+0000] {logging_mixin.py:188} INFO - [2026-03-19T02:02:02.828+0000] {dagbag.py:355} ERROR - Failed to import: /opt/airflow/dags/dbt.py
Traceback (most recent call last):
  File "/home/airflow/.local/lib/python3.12/site-packages/airflow/models/dagbag.py", line 351, in parse
    loader.exec_module(new_module)
  File "<frozen importlib._bootstrap_external>", line 995, in exec_module
  File "<frozen importlib._bootstrap>", line 488, in _call_with_frames_removed
  File "/opt/airflow/dags/dbt.py", line 2, in <module>
    from airflow.providers.standard.operators.bash import BashOperator
ModuleNotFoundError: No module named 'airflow.providers.standard'
[2026-03-19T02:02:02.833+0000] {processor.py:842} WARNING - No viable dags retrieved from /opt/airflow/dags/dbt.py
[2026-03-19T02:02:02.878+0000] {processor.py:183} INFO - Processing /opt/airflow/dags/dbt.py took 0.097 seconds
[2026-03-19T02:02:33.430+0000] {processor.py:161} INFO - Started process (PID=9940) to work on /opt/airflow/dags/dbt.py
[2026-03-19T02:02:33.433+0000] {processor.py:830} INFO - Processing file /opt/airflow/dags/dbt.py for tasks to queue
[2026-03-19T02:02:33.444+0000] {logging_mixin.py:188} INFO - [2026-03-19T02:02:33.443+0000] {dagbag.py:545} INFO - Filling up the DagBag from /opt/airflow/dags/dbt.py
[2026-03-19T02:02:33.451+0000] {logging_mixin.py:188} INFO - [2026-03-19T02:02:33.449+0000] {dagbag.py:355} ERROR - Failed to import: /opt/airflow/dags/dbt.py
Traceback (most recent call last):
  File "/home/airflow/.local/lib/python3.12/site-packages/airflow/models/dagbag.py", line 351, in parse
    loader.exec_module(new_module)
  File "<frozen importlib._bootstrap_external>", line 995, in exec_module
  File "<frozen importlib._bootstrap>", line 488, in _call_with_frames_removed
  File "/opt/airflow/dags/dbt.py", line 2, in <module>
    from airflow.providers.standard.operators.bash import BashOperator
ModuleNotFoundError: No module named 'airflow.providers.standard'
[2026-03-19T02:02:33.452+0000] {processor.py:842} WARNING - No viable dags retrieved from /opt/airflow/dags/dbt.py
[2026-03-19T02:02:33.510+0000] {processor.py:183} INFO - Processing /opt/airflow/dags/dbt.py took 0.098 seconds
[2026-03-19T02:03:04.043+0000] {processor.py:161} INFO - Started process (PID=9942) to work on /opt/airflow/dags/dbt.py
[2026-03-19T02:03:04.047+0000] {processor.py:830} INFO - Processing file /opt/airflow/dags/dbt.py for tasks to queue
[2026-03-19T02:03:04.052+0000] {logging_mixin.py:188} INFO - [2026-03-19T02:03:04.051+0000] {dagbag.py:545} INFO - Filling up the DagBag from /opt/airflow/dags/dbt.py
[2026-03-19T02:03:04.067+0000] {logging_mixin.py:188} INFO - [2026-03-19T02:03:04.058+0000] {dagbag.py:355} ERROR - Failed to import: /opt/airflow/dags/dbt.py
Traceback (most recent call last):
  File "/home/airflow/.local/lib/python3.12/site-packages/airflow/models/dagbag.py", line 351, in parse
    loader.exec_module(new_module)
  File "<frozen importlib._bootstrap_external>", line 995, in exec_module
  File "<frozen importlib._bootstrap>", line 488, in _call_with_frames_removed
  File "/opt/airflow/dags/dbt.py", line 2, in <module>
    from airflow.providers.standard.operators.bash import BashOperator
ModuleNotFoundError: No module named 'airflow.providers.standard'
[2026-03-19T02:03:04.068+0000] {processor.py:842} WARNING - No viable dags retrieved from /opt/airflow/dags/dbt.py
[2026-03-19T02:03:04.106+0000] {processor.py:183} INFO - Processing /opt/airflow/dags/dbt.py took 0.091 seconds
[2026-03-19T02:03:34.650+0000] {processor.py:161} INFO - Started process (PID=9944) to work on /opt/airflow/dags/dbt.py
[2026-03-19T02:03:34.653+0000] {processor.py:830} INFO - Processing file /opt/airflow/dags/dbt.py for tasks to queue
[2026-03-19T02:03:34.661+0000] {logging_mixin.py:188} INFO - [2026-03-19T02:03:34.660+0000] {dagbag.py:545} INFO - Filling up the DagBag from /opt/airflow/dags/dbt.py
[2026-03-19T02:03:34.673+0000] {logging_mixin.py:188} INFO - [2026-03-19T02:03:34.667+0000] {dagbag.py:355} ERROR - Failed to import: /opt/airflow/dags/dbt.py
Traceback (most recent call last):
  File "/home/airflow/.local/lib/python3.12/site-packages/airflow/models/dagbag.py", line 351, in parse
    loader.exec_module(new_module)
  File "<frozen importlib._bootstrap_external>", line 995, in exec_module
  File "<frozen importlib._bootstrap>", line 488, in _call_with_frames_removed
  File "/opt/airflow/dags/dbt.py", line 2, in <module>
    from airflow.providers.standard.operators.bash import BashOperator
ModuleNotFoundError: No module named 'airflow.providers.standard'
[2026-03-19T02:03:34.673+0000] {processor.py:842} WARNING - No viable dags retrieved from /opt/airflow/dags/dbt.py
[2026-03-19T02:03:34.713+0000] {processor.py:183} INFO - Processing /opt/airflow/dags/dbt.py took 0.080 seconds
[2026-03-19T02:04:05.198+0000] {processor.py:161} INFO - Started process (PID=9946) to work on /opt/airflow/dags/dbt.py
[2026-03-19T02:04:05.207+0000] {processor.py:830} INFO - Processing file /opt/airflow/dags/dbt.py for tasks to queue
[2026-03-19T02:04:05.218+0000] {logging_mixin.py:188} INFO - [2026-03-19T02:04:05.217+0000] {dagbag.py:545} INFO - Filling up the DagBag from /opt/airflow/dags/dbt.py
[2026-03-19T02:04:05.232+0000] {logging_mixin.py:188} INFO - [2026-03-19T02:04:05.229+0000] {dagbag.py:355} ERROR - Failed to import: /opt/airflow/dags/dbt.py
Traceback (most recent call last):
  File "/home/airflow/.local/lib/python3.12/site-packages/airflow/models/dagbag.py", line 351, in parse
    loader.exec_module(new_module)
  File "<frozen importlib._bootstrap_external>", line 995, in exec_module
  File "<frozen importlib._bootstrap>", line 488, in _call_with_frames_removed
  File "/opt/airflow/dags/dbt.py", line 2, in <module>
    from airflow.providers.standard.operators.bash import BashOperator
ModuleNotFoundError: No module named 'airflow.providers.standard'
[2026-03-19T02:04:05.233+0000] {processor.py:842} WARNING - No viable dags retrieved from /opt/airflow/dags/dbt.py
[2026-03-19T02:04:05.275+0000] {processor.py:183} INFO - Processing /opt/airflow/dags/dbt.py took 0.097 seconds
[2026-03-19T02:04:35.785+0000] {processor.py:161} INFO - Started process (PID=9948) to work on /opt/airflow/dags/dbt.py
[2026-03-19T02:04:35.786+0000] {processor.py:830} INFO - Processing file /opt/airflow/dags/dbt.py for tasks to queue
[2026-03-19T02:04:35.793+0000] {logging_mixin.py:188} INFO - [2026-03-19T02:04:35.791+0000] {dagbag.py:545} INFO - Filling up the DagBag from /opt/airflow/dags/dbt.py
[2026-03-19T02:04:35.804+0000] {logging_mixin.py:188} INFO - [2026-03-19T02:04:35.799+0000] {dagbag.py:355} ERROR - Failed to import: /opt/airflow/dags/dbt.py
Traceback (most recent call last):
  File "/home/airflow/.local/lib/python3.12/site-packages/airflow/models/dagbag.py", line 351, in parse
    loader.exec_module(new_module)
  File "<frozen importlib._bootstrap_external>", line 995, in exec_module
  File "<frozen importlib._bootstrap>", line 488, in _call_with_frames_removed
  File "/opt/airflow/dags/dbt.py", line 2, in <module>
    from airflow.providers.standard.operators.bash import BashOperator
ModuleNotFoundError: No module named 'airflow.providers.standard'
[2026-03-19T02:04:35.805+0000] {processor.py:842} WARNING - No viable dags retrieved from /opt/airflow/dags/dbt.py
[2026-03-19T02:04:35.843+0000] {processor.py:183} INFO - Processing /opt/airflow/dags/dbt.py took 0.079 seconds
[2026-03-19T02:05:06.339+0000] {processor.py:161} INFO - Started process (PID=9950) to work on /opt/airflow/dags/dbt.py
[2026-03-19T02:05:06.340+0000] {processor.py:830} INFO - Processing file /opt/airflow/dags/dbt.py for tasks to queue
[2026-03-19T02:05:06.351+0000] {logging_mixin.py:188} INFO - [2026-03-19T02:05:06.350+0000] {dagbag.py:545} INFO - Filling up the DagBag from /opt/airflow/dags/dbt.py
[2026-03-19T02:05:06.360+0000] {logging_mixin.py:188} INFO - [2026-03-19T02:05:06.356+0000] {dagbag.py:355} ERROR - Failed to import: /opt/airflow/dags/dbt.py
Traceback (most recent call last):
  File "/home/airflow/.local/lib/python3.12/site-packages/airflow/models/dagbag.py", line 351, in parse
    loader.exec_module(new_module)
  File "<frozen importlib._bootstrap_external>", line 995, in exec_module
  File "<frozen importlib._bootstrap>", line 488, in _call_with_frames_removed
  File "/opt/airflow/dags/dbt.py", line 2, in <module>
    from airflow.providers.standard.operators.bash import BashOperator
ModuleNotFoundError: No module named 'airflow.providers.standard'
[2026-03-19T02:05:06.363+0000] {processor.py:842} WARNING - No viable dags retrieved from /opt/airflow/dags/dbt.py
[2026-03-19T02:05:06.399+0000] {processor.py:183} INFO - Processing /opt/airflow/dags/dbt.py took 0.079 seconds
[2026-03-19T02:05:36.913+0000] {processor.py:161} INFO - Started process (PID=9952) to work on /opt/airflow/dags/dbt.py
[2026-03-19T02:05:36.914+0000] {processor.py:830} INFO - Processing file /opt/airflow/dags/dbt.py for tasks to queue
[2026-03-19T02:05:36.919+0000] {logging_mixin.py:188} INFO - [2026-03-19T02:05:36.918+0000] {dagbag.py:545} INFO - Filling up the DagBag from /opt/airflow/dags/dbt.py
[2026-03-19T02:05:36.931+0000] {logging_mixin.py:188} INFO - [2026-03-19T02:05:36.928+0000] {dagbag.py:355} ERROR - Failed to import: /opt/airflow/dags/dbt.py
Traceback (most recent call last):
  File "/home/airflow/.local/lib/python3.12/site-packages/airflow/models/dagbag.py", line 351, in parse
    loader.exec_module(new_module)
  File "<frozen importlib._bootstrap_external>", line 995, in exec_module
  File "<frozen importlib._bootstrap>", line 488, in _call_with_frames_removed
  File "/opt/airflow/dags/dbt.py", line 2, in <module>
    from airflow.providers.standard.operators.bash import BashOperator
ModuleNotFoundError: No module named 'airflow.providers.standard'
[2026-03-19T02:05:36.933+0000] {processor.py:842} WARNING - No viable dags retrieved from /opt/airflow/dags/dbt.py
[2026-03-19T02:05:36.973+0000] {processor.py:183} INFO - Processing /opt/airflow/dags/dbt.py took 0.086 seconds
[2026-03-19T02:06:07.527+0000] {processor.py:161} INFO - Started process (PID=9954) to work on /opt/airflow/dags/dbt.py
[2026-03-19T02:06:07.529+0000] {processor.py:830} INFO - Processing file /opt/airflow/dags/dbt.py for tasks to queue
[2026-03-19T02:06:07.537+0000] {logging_mixin.py:188} INFO - [2026-03-19T02:06:07.536+0000] {dagbag.py:545} INFO - Filling up the DagBag from /opt/airflow/dags/dbt.py
[2026-03-19T02:06:07.544+0000] {logging_mixin.py:188} INFO - [2026-03-19T02:06:07.542+0000] {dagbag.py:355} ERROR - Failed to import: /opt/airflow/dags/dbt.py
Traceback (most recent call last):
  File "/home/airflow/.local/lib/python3.12/site-packages/airflow/models/dagbag.py", line 351, in parse
    loader.exec_module(new_module)
  File "<frozen importlib._bootstrap_external>", line 995, in exec_module
  File "<frozen importlib._bootstrap>", line 488, in _call_with_frames_removed
  File "/opt/airflow/dags/dbt.py", line 2, in <module>
    from airflow.providers.standard.operators.bash import BashOperator
ModuleNotFoundError: No module named 'airflow.providers.standard'
[2026-03-19T02:06:07.544+0000] {processor.py:842} WARNING - No viable dags retrieved from /opt/airflow/dags/dbt.py
[2026-03-19T02:06:07.603+0000] {processor.py:183} INFO - Processing /opt/airflow/dags/dbt.py took 0.097 seconds
[2026-03-19T02:06:38.116+0000] {processor.py:161} INFO - Started process (PID=9956) to work on /opt/airflow/dags/dbt.py
[2026-03-19T02:06:38.120+0000] {processor.py:830} INFO - Processing file /opt/airflow/dags/dbt.py for tasks to queue
[2026-03-19T02:06:38.125+0000] {logging_mixin.py:188} INFO - [2026-03-19T02:06:38.124+0000] {dagbag.py:545} INFO - Filling up the DagBag from /opt/airflow/dags/dbt.py
[2026-03-19T02:06:38.137+0000] {logging_mixin.py:188} INFO - [2026-03-19T02:06:38.134+0000] {dagbag.py:355} ERROR - Failed to import: /opt/airflow/dags/dbt.py
Traceback (most recent call last):
  File "/home/airflow/.local/lib/python3.12/site-packages/airflow/models/dagbag.py", line 351, in parse
    loader.exec_module(new_module)
  File "<frozen importlib._bootstrap_external>", line 995, in exec_module
  File "<frozen importlib._bootstrap>", line 488, in _call_with_frames_removed
  File "/opt/airflow/dags/dbt.py", line 2, in <module>
    from airflow.providers.standard.operators.bash import BashOperator
ModuleNotFoundError: No module named 'airflow.providers.standard'
[2026-03-19T02:06:38.138+0000] {processor.py:842} WARNING - No viable dags retrieved from /opt/airflow/dags/dbt.py
[2026-03-19T02:06:38.180+0000] {processor.py:183} INFO - Processing /opt/airflow/dags/dbt.py took 0.082 seconds
[2026-03-19T02:07:08.750+0000] {processor.py:161} INFO - Started process (PID=9958) to work on /opt/airflow/dags/dbt.py
[2026-03-19T02:07:08.754+0000] {processor.py:830} INFO - Processing file /opt/airflow/dags/dbt.py for tasks to queue
[2026-03-19T02:07:08.762+0000] {logging_mixin.py:188} INFO - [2026-03-19T02:07:08.761+0000] {dagbag.py:545} INFO - Filling up the DagBag from /opt/airflow/dags/dbt.py
[2026-03-19T02:07:08.775+0000] {logging_mixin.py:188} INFO - [2026-03-19T02:07:08.773+0000] {dagbag.py:355} ERROR - Failed to import: /opt/airflow/dags/dbt.py
Traceback (most recent call last):
  File "/home/airflow/.local/lib/python3.12/site-packages/airflow/models/dagbag.py", line 351, in parse
    loader.exec_module(new_module)
  File "<frozen importlib._bootstrap_external>", line 995, in exec_module
  File "<frozen importlib._bootstrap>", line 488, in _call_with_frames_removed
  File "/opt/airflow/dags/dbt.py", line 2, in <module>
    from airflow.providers.standard.operators.bash import BashOperator
ModuleNotFoundError: No module named 'airflow.providers.standard'
[2026-03-19T02:07:08.776+0000] {processor.py:842} WARNING - No viable dags retrieved from /opt/airflow/dags/dbt.py
[2026-03-19T02:07:08.821+0000] {processor.py:183} INFO - Processing /opt/airflow/dags/dbt.py took 0.095 seconds
[2026-03-19T02:07:39.328+0000] {processor.py:161} INFO - Started process (PID=9960) to work on /opt/airflow/dags/dbt.py
[2026-03-19T02:07:39.334+0000] {processor.py:830} INFO - Processing file /opt/airflow/dags/dbt.py for tasks to queue
[2026-03-19T02:07:39.344+0000] {logging_mixin.py:188} INFO - [2026-03-19T02:07:39.340+0000] {dagbag.py:545} INFO - Filling up the DagBag from /opt/airflow/dags/dbt.py
[2026-03-19T02:07:39.362+0000] {logging_mixin.py:188} INFO - [2026-03-19T02:07:39.359+0000] {dagbag.py:355} ERROR - Failed to import: /opt/airflow/dags/dbt.py
Traceback (most recent call last):
  File "/home/airflow/.local/lib/python3.12/site-packages/airflow/models/dagbag.py", line 351, in parse
    loader.exec_module(new_module)
  File "<frozen importlib._bootstrap_external>", line 995, in exec_module
  File "<frozen importlib._bootstrap>", line 488, in _call_with_frames_removed
  File "/opt/airflow/dags/dbt.py", line 2, in <module>
    from airflow.providers.standard.operators.bash import BashOperator
ModuleNotFoundError: No module named 'airflow.providers.standard'
[2026-03-19T02:07:39.364+0000] {processor.py:842} WARNING - No viable dags retrieved from /opt/airflow/dags/dbt.py
[2026-03-19T02:07:39.412+0000] {processor.py:183} INFO - Processing /opt/airflow/dags/dbt.py took 0.111 seconds
[2026-03-19T02:08:09.931+0000] {processor.py:161} INFO - Started process (PID=9962) to work on /opt/airflow/dags/dbt.py
[2026-03-19T02:08:09.934+0000] {processor.py:830} INFO - Processing file /opt/airflow/dags/dbt.py for tasks to queue
[2026-03-19T02:08:09.947+0000] {logging_mixin.py:188} INFO - [2026-03-19T02:08:09.947+0000] {dagbag.py:545} INFO - Filling up the DagBag from /opt/airflow/dags/dbt.py
[2026-03-19T02:08:09.961+0000] {logging_mixin.py:188} INFO - [2026-03-19T02:08:09.959+0000] {dagbag.py:355} ERROR - Failed to import: /opt/airflow/dags/dbt.py
Traceback (most recent call last):
  File "/home/airflow/.local/lib/python3.12/site-packages/airflow/models/dagbag.py", line 351, in parse
    loader.exec_module(new_module)
  File "<frozen importlib._bootstrap_external>", line 995, in exec_module
  File "<frozen importlib._bootstrap>", line 488, in _call_with_frames_removed
  File "/opt/airflow/dags/dbt.py", line 2, in <module>
    from airflow.providers.standard.operators.bash import BashOperator
ModuleNotFoundError: No module named 'airflow.providers.standard'
[2026-03-19T02:08:09.962+0000] {processor.py:842} WARNING - No viable dags retrieved from /opt/airflow/dags/dbt.py
[2026-03-19T02:08:10.013+0000] {processor.py:183} INFO - Processing /opt/airflow/dags/dbt.py took 0.108 seconds
[2026-03-19T02:08:40.504+0000] {processor.py:161} INFO - Started process (PID=9964) to work on /opt/airflow/dags/dbt.py
[2026-03-19T02:08:40.506+0000] {processor.py:830} INFO - Processing file /opt/airflow/dags/dbt.py for tasks to queue
[2026-03-19T02:08:40.515+0000] {logging_mixin.py:188} INFO - [2026-03-19T02:08:40.514+0000] {dagbag.py:545} INFO - Filling up the DagBag from /opt/airflow/dags/dbt.py
[2026-03-19T02:08:40.528+0000] {logging_mixin.py:188} INFO - [2026-03-19T02:08:40.524+0000] {dagbag.py:355} ERROR - Failed to import: /opt/airflow/dags/dbt.py
Traceback (most recent call last):
  File "/home/airflow/.local/lib/python3.12/site-packages/airflow/models/dagbag.py", line 351, in parse
    loader.exec_module(new_module)
  File "<frozen importlib._bootstrap_external>", line 995, in exec_module
  File "<frozen importlib._bootstrap>", line 488, in _call_with_frames_removed
  File "/opt/airflow/dags/dbt.py", line 2, in <module>
    from airflow.providers.standard.operators.bash import BashOperator
ModuleNotFoundError: No module named 'airflow.providers.standard'
[2026-03-19T02:08:40.530+0000] {processor.py:842} WARNING - No viable dags retrieved from /opt/airflow/dags/dbt.py
[2026-03-19T02:08:40.582+0000] {processor.py:183} INFO - Processing /opt/airflow/dags/dbt.py took 0.099 seconds
[2026-03-19T02:09:11.144+0000] {processor.py:161} INFO - Started process (PID=9966) to work on /opt/airflow/dags/dbt.py
[2026-03-19T02:09:11.146+0000] {processor.py:830} INFO - Processing file /opt/airflow/dags/dbt.py for tasks to queue
[2026-03-19T02:09:11.151+0000] {logging_mixin.py:188} INFO - [2026-03-19T02:09:11.150+0000] {dagbag.py:545} INFO - Filling up the DagBag from /opt/airflow/dags/dbt.py
[2026-03-19T02:09:11.159+0000] {logging_mixin.py:188} INFO - [2026-03-19T02:09:11.157+0000] {dagbag.py:355} ERROR - Failed to import: /opt/airflow/dags/dbt.py
Traceback (most recent call last):
  File "/home/airflow/.local/lib/python3.12/site-packages/airflow/models/dagbag.py", line 351, in parse
    loader.exec_module(new_module)
  File "<frozen importlib._bootstrap_external>", line 995, in exec_module
  File "<frozen importlib._bootstrap>", line 488, in _call_with_frames_removed
  File "/opt/airflow/dags/dbt.py", line 2, in <module>
    from airflow.providers.standard.operators.bash import BashOperator
ModuleNotFoundError: No module named 'airflow.providers.standard'
[2026-03-19T02:09:11.162+0000] {processor.py:842} WARNING - No viable dags retrieved from /opt/airflow/dags/dbt.py
[2026-03-19T02:09:11.197+0000] {processor.py:183} INFO - Processing /opt/airflow/dags/dbt.py took 0.070 seconds
[2026-03-19T02:09:41.767+0000] {processor.py:161} INFO - Started process (PID=9968) to work on /opt/airflow/dags/dbt.py
[2026-03-19T02:09:41.769+0000] {processor.py:830} INFO - Processing file /opt/airflow/dags/dbt.py for tasks to queue
[2026-03-19T02:09:41.777+0000] {logging_mixin.py:188} INFO - [2026-03-19T02:09:41.775+0000] {dagbag.py:545} INFO - Filling up the DagBag from /opt/airflow/dags/dbt.py
[2026-03-19T02:09:41.793+0000] {logging_mixin.py:188} INFO - [2026-03-19T02:09:41.787+0000] {dagbag.py:355} ERROR - Failed to import: /opt/airflow/dags/dbt.py
Traceback (most recent call last):
  File "/home/airflow/.local/lib/python3.12/site-packages/airflow/models/dagbag.py", line 351, in parse
    loader.exec_module(new_module)
  File "<frozen importlib._bootstrap_external>", line 995, in exec_module
  File "<frozen importlib._bootstrap>", line 488, in _call_with_frames_removed
  File "/opt/airflow/dags/dbt.py", line 2, in <module>
    from airflow.providers.standard.operators.bash import BashOperator
ModuleNotFoundError: No module named 'airflow.providers.standard'
[2026-03-19T02:09:41.794+0000] {processor.py:842} WARNING - No viable dags retrieved from /opt/airflow/dags/dbt.py
[2026-03-19T02:09:41.847+0000] {processor.py:183} INFO - Processing /opt/airflow/dags/dbt.py took 0.115 seconds
[2026-03-19T02:10:12.359+0000] {processor.py:161} INFO - Started process (PID=9970) to work on /opt/airflow/dags/dbt.py
[2026-03-19T02:10:12.366+0000] {processor.py:830} INFO - Processing file /opt/airflow/dags/dbt.py for tasks to queue
[2026-03-19T02:10:12.373+0000] {logging_mixin.py:188} INFO - [2026-03-19T02:10:12.372+0000] {dagbag.py:545} INFO - Filling up the DagBag from /opt/airflow/dags/dbt.py
[2026-03-19T02:10:12.384+0000] {logging_mixin.py:188} INFO - [2026-03-19T02:10:12.382+0000] {dagbag.py:355} ERROR - Failed to import: /opt/airflow/dags/dbt.py
Traceback (most recent call last):
  File "/home/airflow/.local/lib/python3.12/site-packages/airflow/models/dagbag.py", line 351, in parse
    loader.exec_module(new_module)
  File "<frozen importlib._bootstrap_external>", line 995, in exec_module
  File "<frozen importlib._bootstrap>", line 488, in _call_with_frames_removed
  File "/opt/airflow/dags/dbt.py", line 2, in <module>
    from airflow.providers.standard.operators.bash import BashOperator
ModuleNotFoundError: No module named 'airflow.providers.standard'
[2026-03-19T02:10:12.384+0000] {processor.py:842} WARNING - No viable dags retrieved from /opt/airflow/dags/dbt.py
[2026-03-19T02:10:12.417+0000] {processor.py:183} INFO - Processing /opt/airflow/dags/dbt.py took 0.080 seconds
[2026-03-19T02:10:42.962+0000] {processor.py:161} INFO - Started process (PID=9972) to work on /opt/airflow/dags/dbt.py
[2026-03-19T02:10:42.964+0000] {processor.py:830} INFO - Processing file /opt/airflow/dags/dbt.py for tasks to queue
[2026-03-19T02:10:42.968+0000] {logging_mixin.py:188} INFO - [2026-03-19T02:10:42.968+0000] {dagbag.py:545} INFO - Filling up the DagBag from /opt/airflow/dags/dbt.py
[2026-03-19T02:10:42.980+0000] {logging_mixin.py:188} INFO - [2026-03-19T02:10:42.977+0000] {dagbag.py:355} ERROR - Failed to import: /opt/airflow/dags/dbt.py
Traceback (most recent call last):
  File "/home/airflow/.local/lib/python3.12/site-packages/airflow/models/dagbag.py", line 351, in parse
    loader.exec_module(new_module)
  File "<frozen importlib._bootstrap_external>", line 995, in exec_module
  File "<frozen importlib._bootstrap>", line 488, in _call_with_frames_removed
  File "/opt/airflow/dags/dbt.py", line 2, in <module>
    from airflow.providers.standard.operators.bash import BashOperator
ModuleNotFoundError: No module named 'airflow.providers.standard'
[2026-03-19T02:10:42.984+0000] {processor.py:842} WARNING - No viable dags retrieved from /opt/airflow/dags/dbt.py
[2026-03-19T02:10:43.023+0000] {processor.py:183} INFO - Processing /opt/airflow/dags/dbt.py took 0.082 seconds
[2026-03-19T02:11:13.574+0000] {processor.py:161} INFO - Started process (PID=9974) to work on /opt/airflow/dags/dbt.py
[2026-03-19T02:11:13.578+0000] {processor.py:830} INFO - Processing file /opt/airflow/dags/dbt.py for tasks to queue
[2026-03-19T02:11:13.592+0000] {logging_mixin.py:188} INFO - [2026-03-19T02:11:13.588+0000] {dagbag.py:545} INFO - Filling up the DagBag from /opt/airflow/dags/dbt.py
[2026-03-19T02:11:13.604+0000] {logging_mixin.py:188} INFO - [2026-03-19T02:11:13.602+0000] {dagbag.py:355} ERROR - Failed to import: /opt/airflow/dags/dbt.py
Traceback (most recent call last):
  File "/home/airflow/.local/lib/python3.12/site-packages/airflow/models/dagbag.py", line 351, in parse
    loader.exec_module(new_module)
  File "<frozen importlib._bootstrap_external>", line 995, in exec_module
  File "<frozen importlib._bootstrap>", line 488, in _call_with_frames_removed
  File "/opt/airflow/dags/dbt.py", line 2, in <module>
    from airflow.providers.standard.operators.bash import BashOperator
ModuleNotFoundError: No module named 'airflow.providers.standard'
[2026-03-19T02:11:13.604+0000] {processor.py:842} WARNING - No viable dags retrieved from /opt/airflow/dags/dbt.py
[2026-03-19T02:11:13.642+0000] {processor.py:183} INFO - Processing /opt/airflow/dags/dbt.py took 0.091 seconds
[2026-03-19T02:11:44.183+0000] {processor.py:161} INFO - Started process (PID=9976) to work on /opt/airflow/dags/dbt.py
[2026-03-19T02:11:44.185+0000] {processor.py:830} INFO - Processing file /opt/airflow/dags/dbt.py for tasks to queue
[2026-03-19T02:11:44.190+0000] {logging_mixin.py:188} INFO - [2026-03-19T02:11:44.189+0000] {dagbag.py:545} INFO - Filling up the DagBag from /opt/airflow/dags/dbt.py
[2026-03-19T02:11:44.197+0000] {logging_mixin.py:188} INFO - [2026-03-19T02:11:44.196+0000] {dagbag.py:355} ERROR - Failed to import: /opt/airflow/dags/dbt.py
Traceback (most recent call last):
  File "/home/airflow/.local/lib/python3.12/site-packages/airflow/models/dagbag.py", line 351, in parse
    loader.exec_module(new_module)
  File "<frozen importlib._bootstrap_external>", line 995, in exec_module
  File "<frozen importlib._bootstrap>", line 488, in _call_with_frames_removed
  File "/opt/airflow/dags/dbt.py", line 2, in <module>
    from airflow.providers.standard.operators.bash import BashOperator
ModuleNotFoundError: No module named 'airflow.providers.standard'
[2026-03-19T02:11:44.199+0000] {processor.py:842} WARNING - No viable dags retrieved from /opt/airflow/dags/dbt.py
[2026-03-19T02:11:44.253+0000] {processor.py:183} INFO - Processing /opt/airflow/dags/dbt.py took 0.099 seconds
[2026-03-19T02:12:14.745+0000] {processor.py:161} INFO - Started process (PID=9978) to work on /opt/airflow/dags/dbt.py
[2026-03-19T02:12:14.747+0000] {processor.py:830} INFO - Processing file /opt/airflow/dags/dbt.py for tasks to queue
[2026-03-19T02:12:14.752+0000] {logging_mixin.py:188} INFO - [2026-03-19T02:12:14.751+0000] {dagbag.py:545} INFO - Filling up the DagBag from /opt/airflow/dags/dbt.py
[2026-03-19T02:12:14.763+0000] {logging_mixin.py:188} INFO - [2026-03-19T02:12:14.760+0000] {dagbag.py:355} ERROR - Failed to import: /opt/airflow/dags/dbt.py
Traceback (most recent call last):
  File "/home/airflow/.local/lib/python3.12/site-packages/airflow/models/dagbag.py", line 351, in parse
    loader.exec_module(new_module)
  File "<frozen importlib._bootstrap_external>", line 995, in exec_module
  File "<frozen importlib._bootstrap>", line 488, in _call_with_frames_removed
  File "/opt/airflow/dags/dbt.py", line 2, in <module>
    from airflow.providers.standard.operators.bash import BashOperator
ModuleNotFoundError: No module named 'airflow.providers.standard'
[2026-03-19T02:12:14.763+0000] {processor.py:842} WARNING - No viable dags retrieved from /opt/airflow/dags/dbt.py
[2026-03-19T02:12:14.802+0000] {processor.py:183} INFO - Processing /opt/airflow/dags/dbt.py took 0.075 seconds
[2026-03-19T02:12:45.313+0000] {processor.py:161} INFO - Started process (PID=9980) to work on /opt/airflow/dags/dbt.py
[2026-03-19T02:12:45.314+0000] {processor.py:830} INFO - Processing file /opt/airflow/dags/dbt.py for tasks to queue
[2026-03-19T02:12:45.321+0000] {logging_mixin.py:188} INFO - [2026-03-19T02:12:45.319+0000] {dagbag.py:545} INFO - Filling up the DagBag from /opt/airflow/dags/dbt.py
[2026-03-19T02:12:45.330+0000] {logging_mixin.py:188} INFO - [2026-03-19T02:12:45.328+0000] {dagbag.py:355} ERROR - Failed to import: /opt/airflow/dags/dbt.py
Traceback (most recent call last):
  File "/home/airflow/.local/lib/python3.12/site-packages/airflow/models/dagbag.py", line 351, in parse
    loader.exec_module(new_module)
  File "<frozen importlib._bootstrap_external>", line 995, in exec_module
  File "<frozen importlib._bootstrap>", line 488, in _call_with_frames_removed
  File "/opt/airflow/dags/dbt.py", line 2, in <module>
    from airflow.providers.standard.operators.bash import BashOperator
ModuleNotFoundError: No module named 'airflow.providers.standard'
[2026-03-19T02:12:45.334+0000] {processor.py:842} WARNING - No viable dags retrieved from /opt/airflow/dags/dbt.py
[2026-03-19T02:12:45.373+0000] {processor.py:183} INFO - Processing /opt/airflow/dags/dbt.py took 0.088 seconds
[2026-03-19T02:13:15.855+0000] {processor.py:161} INFO - Started process (PID=9982) to work on /opt/airflow/dags/dbt.py
[2026-03-19T02:13:15.857+0000] {processor.py:830} INFO - Processing file /opt/airflow/dags/dbt.py for tasks to queue
[2026-03-19T02:13:15.862+0000] {logging_mixin.py:188} INFO - [2026-03-19T02:13:15.861+0000] {dagbag.py:545} INFO - Filling up the DagBag from /opt/airflow/dags/dbt.py
[2026-03-19T02:13:15.872+0000] {logging_mixin.py:188} INFO - [2026-03-19T02:13:15.870+0000] {dagbag.py:355} ERROR - Failed to import: /opt/airflow/dags/dbt.py
Traceback (most recent call last):
  File "/home/airflow/.local/lib/python3.12/site-packages/airflow/models/dagbag.py", line 351, in parse
    loader.exec_module(new_module)
  File "<frozen importlib._bootstrap_external>", line 995, in exec_module
  File "<frozen importlib._bootstrap>", line 488, in _call_with_frames_removed
  File "/opt/airflow/dags/dbt.py", line 2, in <module>
    from airflow.providers.standard.operators.bash import BashOperator
ModuleNotFoundError: No module named 'airflow.providers.standard'
[2026-03-19T02:13:15.874+0000] {processor.py:842} WARNING - No viable dags retrieved from /opt/airflow/dags/dbt.py
[2026-03-19T02:13:15.914+0000] {processor.py:183} INFO - Processing /opt/airflow/dags/dbt.py took 0.084 seconds
[2026-03-19T02:13:46.377+0000] {processor.py:161} INFO - Started process (PID=9984) to work on /opt/airflow/dags/dbt.py
[2026-03-19T02:13:46.380+0000] {processor.py:830} INFO - Processing file /opt/airflow/dags/dbt.py for tasks to queue
[2026-03-19T02:13:46.384+0000] {logging_mixin.py:188} INFO - [2026-03-19T02:13:46.383+0000] {dagbag.py:545} INFO - Filling up the DagBag from /opt/airflow/dags/dbt.py
[2026-03-19T02:13:46.397+0000] {logging_mixin.py:188} INFO - [2026-03-19T02:13:46.395+0000] {dagbag.py:355} ERROR - Failed to import: /opt/airflow/dags/dbt.py
Traceback (most recent call last):
  File "/home/airflow/.local/lib/python3.12/site-packages/airflow/models/dagbag.py", line 351, in parse
    loader.exec_module(new_module)
  File "<frozen importlib._bootstrap_external>", line 995, in exec_module
  File "<frozen importlib._bootstrap>", line 488, in _call_with_frames_removed
  File "/opt/airflow/dags/dbt.py", line 2, in <module>
    from airflow.providers.standard.operators.bash import BashOperator
ModuleNotFoundError: No module named 'airflow.providers.standard'
[2026-03-19T02:13:46.398+0000] {processor.py:842} WARNING - No viable dags retrieved from /opt/airflow/dags/dbt.py
[2026-03-19T02:13:46.446+0000] {processor.py:183} INFO - Processing /opt/airflow/dags/dbt.py took 0.095 seconds
[2026-03-19T02:14:16.897+0000] {processor.py:161} INFO - Started process (PID=9986) to work on /opt/airflow/dags/dbt.py
[2026-03-19T02:14:16.899+0000] {processor.py:830} INFO - Processing file /opt/airflow/dags/dbt.py for tasks to queue
[2026-03-19T02:14:16.907+0000] {logging_mixin.py:188} INFO - [2026-03-19T02:14:16.906+0000] {dagbag.py:545} INFO - Filling up the DagBag from /opt/airflow/dags/dbt.py
[2026-03-19T02:14:16.922+0000] {logging_mixin.py:188} INFO - [2026-03-19T02:14:16.917+0000] {dagbag.py:355} ERROR - Failed to import: /opt/airflow/dags/dbt.py
Traceback (most recent call last):
  File "/home/airflow/.local/lib/python3.12/site-packages/airflow/models/dagbag.py", line 351, in parse
    loader.exec_module(new_module)
  File "<frozen importlib._bootstrap_external>", line 995, in exec_module
  File "<frozen importlib._bootstrap>", line 488, in _call_with_frames_removed
  File "/opt/airflow/dags/dbt.py", line 2, in <module>
    from airflow.providers.standard.operators.bash import BashOperator
ModuleNotFoundError: No module named 'airflow.providers.standard'
[2026-03-19T02:14:16.923+0000] {processor.py:842} WARNING - No viable dags retrieved from /opt/airflow/dags/dbt.py
[2026-03-19T02:14:16.966+0000] {processor.py:183} INFO - Processing /opt/airflow/dags/dbt.py took 0.093 seconds
[2026-03-19T02:14:47.388+0000] {processor.py:161} INFO - Started process (PID=9988) to work on /opt/airflow/dags/dbt.py
[2026-03-19T02:14:47.391+0000] {processor.py:830} INFO - Processing file /opt/airflow/dags/dbt.py for tasks to queue
[2026-03-19T02:14:47.399+0000] {logging_mixin.py:188} INFO - [2026-03-19T02:14:47.398+0000] {dagbag.py:545} INFO - Filling up the DagBag from /opt/airflow/dags/dbt.py
[2026-03-19T02:14:47.414+0000] {logging_mixin.py:188} INFO - [2026-03-19T02:14:47.411+0000] {dagbag.py:355} ERROR - Failed to import: /opt/airflow/dags/dbt.py
Traceback (most recent call last):
  File "/home/airflow/.local/lib/python3.12/site-packages/airflow/models/dagbag.py", line 351, in parse
    loader.exec_module(new_module)
  File "<frozen importlib._bootstrap_external>", line 995, in exec_module
  File "<frozen importlib._bootstrap>", line 488, in _call_with_frames_removed
  File "/opt/airflow/dags/dbt.py", line 2, in <module>
    from airflow.providers.standard.operators.bash import BashOperator
ModuleNotFoundError: No module named 'airflow.providers.standard'
[2026-03-19T02:14:47.416+0000] {processor.py:842} WARNING - No viable dags retrieved from /opt/airflow/dags/dbt.py
[2026-03-19T02:14:47.453+0000] {processor.py:183} INFO - Processing /opt/airflow/dags/dbt.py took 0.074 seconds
[2026-03-19T02:15:17.919+0000] {processor.py:161} INFO - Started process (PID=9990) to work on /opt/airflow/dags/dbt.py
[2026-03-19T02:15:17.920+0000] {processor.py:830} INFO - Processing file /opt/airflow/dags/dbt.py for tasks to queue
[2026-03-19T02:15:17.929+0000] {logging_mixin.py:188} INFO - [2026-03-19T02:15:17.927+0000] {dagbag.py:545} INFO - Filling up the DagBag from /opt/airflow/dags/dbt.py
[2026-03-19T02:15:17.940+0000] {logging_mixin.py:188} INFO - [2026-03-19T02:15:17.936+0000] {dagbag.py:355} ERROR - Failed to import: /opt/airflow/dags/dbt.py
Traceback (most recent call last):
  File "/home/airflow/.local/lib/python3.12/site-packages/airflow/models/dagbag.py", line 351, in parse
    loader.exec_module(new_module)
  File "<frozen importlib._bootstrap_external>", line 995, in exec_module
  File "<frozen importlib._bootstrap>", line 488, in _call_with_frames_removed
  File "/opt/airflow/dags/dbt.py", line 2, in <module>
    from airflow.providers.standard.operators.bash import BashOperator
ModuleNotFoundError: No module named 'airflow.providers.standard'
[2026-03-19T02:15:17.941+0000] {processor.py:842} WARNING - No viable dags retrieved from /opt/airflow/dags/dbt.py
[2026-03-19T02:15:17.980+0000] {processor.py:183} INFO - Processing /opt/airflow/dags/dbt.py took 0.086 seconds
[2026-03-19T02:15:48.446+0000] {processor.py:161} INFO - Started process (PID=9992) to work on /opt/airflow/dags/dbt.py
[2026-03-19T02:15:48.447+0000] {processor.py:830} INFO - Processing file /opt/airflow/dags/dbt.py for tasks to queue
[2026-03-19T02:15:48.452+0000] {logging_mixin.py:188} INFO - [2026-03-19T02:15:48.451+0000] {dagbag.py:545} INFO - Filling up the DagBag from /opt/airflow/dags/dbt.py
[2026-03-19T02:15:48.462+0000] {logging_mixin.py:188} INFO - [2026-03-19T02:15:48.461+0000] {dagbag.py:355} ERROR - Failed to import: /opt/airflow/dags/dbt.py
Traceback (most recent call last):
  File "/home/airflow/.local/lib/python3.12/site-packages/airflow/models/dagbag.py", line 351, in parse
    loader.exec_module(new_module)
  File "<frozen importlib._bootstrap_external>", line 995, in exec_module
  File "<frozen importlib._bootstrap>", line 488, in _call_with_frames_removed
  File "/opt/airflow/dags/dbt.py", line 2, in <module>
    from airflow.providers.standard.operators.bash import BashOperator
ModuleNotFoundError: No module named 'airflow.providers.standard'
[2026-03-19T02:15:48.465+0000] {processor.py:842} WARNING - No viable dags retrieved from /opt/airflow/dags/dbt.py
[2026-03-19T02:15:48.511+0000] {processor.py:183} INFO - Processing /opt/airflow/dags/dbt.py took 0.102 seconds
[2026-03-19T02:16:18.948+0000] {processor.py:161} INFO - Started process (PID=9994) to work on /opt/airflow/dags/dbt.py
[2026-03-19T02:16:18.950+0000] {processor.py:830} INFO - Processing file /opt/airflow/dags/dbt.py for tasks to queue
[2026-03-19T02:16:18.959+0000] {logging_mixin.py:188} INFO - [2026-03-19T02:16:18.958+0000] {dagbag.py:545} INFO - Filling up the DagBag from /opt/airflow/dags/dbt.py
[2026-03-19T02:16:18.966+0000] {logging_mixin.py:188} INFO - [2026-03-19T02:16:18.964+0000] {dagbag.py:355} ERROR - Failed to import: /opt/airflow/dags/dbt.py
Traceback (most recent call last):
  File "/home/airflow/.local/lib/python3.12/site-packages/airflow/models/dagbag.py", line 351, in parse
    loader.exec_module(new_module)
  File "<frozen importlib._bootstrap_external>", line 995, in exec_module
  File "<frozen importlib._bootstrap>", line 488, in _call_with_frames_removed
  File "/opt/airflow/dags/dbt.py", line 2, in <module>
    from airflow.providers.standard.operators.bash import BashOperator
ModuleNotFoundError: No module named 'airflow.providers.standard'
[2026-03-19T02:16:18.967+0000] {processor.py:842} WARNING - No viable dags retrieved from /opt/airflow/dags/dbt.py
[2026-03-19T02:16:19.013+0000] {processor.py:183} INFO - Processing /opt/airflow/dags/dbt.py took 0.092 seconds
[2026-03-19T02:16:49.510+0000] {processor.py:161} INFO - Started process (PID=9996) to work on /opt/airflow/dags/dbt.py
[2026-03-19T02:16:49.512+0000] {processor.py:830} INFO - Processing file /opt/airflow/dags/dbt.py for tasks to queue
[2026-03-19T02:16:49.519+0000] {logging_mixin.py:188} INFO - [2026-03-19T02:16:49.517+0000] {dagbag.py:545} INFO - Filling up the DagBag from /opt/airflow/dags/dbt.py
[2026-03-19T02:16:49.531+0000] {logging_mixin.py:188} INFO - [2026-03-19T02:16:49.526+0000] {dagbag.py:355} ERROR - Failed to import: /opt/airflow/dags/dbt.py
Traceback (most recent call last):
  File "/home/airflow/.local/lib/python3.12/site-packages/airflow/models/dagbag.py", line 351, in parse
    loader.exec_module(new_module)
  File "<frozen importlib._bootstrap_external>", line 995, in exec_module
  File "<frozen importlib._bootstrap>", line 488, in _call_with_frames_removed
  File "/opt/airflow/dags/dbt.py", line 2, in <module>
    from airflow.providers.standard.operators.bash import BashOperator
ModuleNotFoundError: No module named 'airflow.providers.standard'
[2026-03-19T02:16:49.532+0000] {processor.py:842} WARNING - No viable dags retrieved from /opt/airflow/dags/dbt.py
[2026-03-19T02:16:49.578+0000] {processor.py:183} INFO - Processing /opt/airflow/dags/dbt.py took 0.099 seconds
[2026-03-19T02:17:19.990+0000] {processor.py:161} INFO - Started process (PID=9998) to work on /opt/airflow/dags/dbt.py
[2026-03-19T02:17:19.993+0000] {processor.py:830} INFO - Processing file /opt/airflow/dags/dbt.py for tasks to queue
[2026-03-19T02:17:20.005+0000] {logging_mixin.py:188} INFO - [2026-03-19T02:17:20.004+0000] {dagbag.py:545} INFO - Filling up the DagBag from /opt/airflow/dags/dbt.py
[2026-03-19T02:17:20.013+0000] {logging_mixin.py:188} INFO - [2026-03-19T02:17:20.010+0000] {dagbag.py:355} ERROR - Failed to import: /opt/airflow/dags/dbt.py
Traceback (most recent call last):
  File "/home/airflow/.local/lib/python3.12/site-packages/airflow/models/dagbag.py", line 351, in parse
    loader.exec_module(new_module)
  File "<frozen importlib._bootstrap_external>", line 995, in exec_module
  File "<frozen importlib._bootstrap>", line 488, in _call_with_frames_removed
  File "/opt/airflow/dags/dbt.py", line 2, in <module>
    from airflow.providers.standard.operators.bash import BashOperator
ModuleNotFoundError: No module named 'airflow.providers.standard'
[2026-03-19T02:17:20.014+0000] {processor.py:842} WARNING - No viable dags retrieved from /opt/airflow/dags/dbt.py
[2026-03-19T02:17:20.052+0000] {processor.py:183} INFO - Processing /opt/airflow/dags/dbt.py took 0.088 seconds
[2026-03-19T02:17:50.643+0000] {processor.py:161} INFO - Started process (PID=10000) to work on /opt/airflow/dags/dbt.py
[2026-03-19T02:17:50.644+0000] {processor.py:830} INFO - Processing file /opt/airflow/dags/dbt.py for tasks to queue
[2026-03-19T02:17:50.653+0000] {logging_mixin.py:188} INFO - [2026-03-19T02:17:50.651+0000] {dagbag.py:545} INFO - Filling up the DagBag from /opt/airflow/dags/dbt.py
[2026-03-19T02:17:50.665+0000] {logging_mixin.py:188} INFO - [2026-03-19T02:17:50.661+0000] {dagbag.py:355} ERROR - Failed to import: /opt/airflow/dags/dbt.py
Traceback (most recent call last):
  File "/home/airflow/.local/lib/python3.12/site-packages/airflow/models/dagbag.py", line 351, in parse
    loader.exec_module(new_module)
  File "<frozen importlib._bootstrap_external>", line 995, in exec_module
  File "<frozen importlib._bootstrap>", line 488, in _call_with_frames_removed
  File "/opt/airflow/dags/dbt.py", line 2, in <module>
    from airflow.providers.standard.operators.bash import BashOperator
ModuleNotFoundError: No module named 'airflow.providers.standard'
[2026-03-19T02:17:50.666+0000] {processor.py:842} WARNING - No viable dags retrieved from /opt/airflow/dags/dbt.py
[2026-03-19T02:17:50.715+0000] {processor.py:183} INFO - Processing /opt/airflow/dags/dbt.py took 0.103 seconds
[2026-03-19T02:18:21.178+0000] {processor.py:161} INFO - Started process (PID=10002) to work on /opt/airflow/dags/dbt.py
[2026-03-19T02:18:21.180+0000] {processor.py:830} INFO - Processing file /opt/airflow/dags/dbt.py for tasks to queue
[2026-03-19T02:18:21.188+0000] {logging_mixin.py:188} INFO - [2026-03-19T02:18:21.187+0000] {dagbag.py:545} INFO - Filling up the DagBag from /opt/airflow/dags/dbt.py
[2026-03-19T02:18:21.196+0000] {logging_mixin.py:188} INFO - [2026-03-19T02:18:21.193+0000] {dagbag.py:355} ERROR - Failed to import: /opt/airflow/dags/dbt.py
Traceback (most recent call last):
  File "/home/airflow/.local/lib/python3.12/site-packages/airflow/models/dagbag.py", line 351, in parse
    loader.exec_module(new_module)
  File "<frozen importlib._bootstrap_external>", line 995, in exec_module
  File "<frozen importlib._bootstrap>", line 488, in _call_with_frames_removed
  File "/opt/airflow/dags/dbt.py", line 2, in <module>
    from airflow.providers.standard.operators.bash import BashOperator
ModuleNotFoundError: No module named 'airflow.providers.standard'
[2026-03-19T02:18:21.196+0000] {processor.py:842} WARNING - No viable dags retrieved from /opt/airflow/dags/dbt.py
[2026-03-19T02:18:21.226+0000] {processor.py:183} INFO - Processing /opt/airflow/dags/dbt.py took 0.065 seconds
[2026-03-19T02:18:51.680+0000] {processor.py:161} INFO - Started process (PID=10004) to work on /opt/airflow/dags/dbt.py
[2026-03-19T02:18:51.683+0000] {processor.py:830} INFO - Processing file /opt/airflow/dags/dbt.py for tasks to queue
[2026-03-19T02:18:51.692+0000] {logging_mixin.py:188} INFO - [2026-03-19T02:18:51.691+0000] {dagbag.py:545} INFO - Filling up the DagBag from /opt/airflow/dags/dbt.py
[2026-03-19T02:18:51.702+0000] {logging_mixin.py:188} INFO - [2026-03-19T02:18:51.700+0000] {dagbag.py:355} ERROR - Failed to import: /opt/airflow/dags/dbt.py
Traceback (most recent call last):
  File "/home/airflow/.local/lib/python3.12/site-packages/airflow/models/dagbag.py", line 351, in parse
    loader.exec_module(new_module)
  File "<frozen importlib._bootstrap_external>", line 995, in exec_module
  File "<frozen importlib._bootstrap>", line 488, in _call_with_frames_removed
  File "/opt/airflow/dags/dbt.py", line 2, in <module>
    from airflow.providers.standard.operators.bash import BashOperator
ModuleNotFoundError: No module named 'airflow.providers.standard'
[2026-03-19T02:18:51.703+0000] {processor.py:842} WARNING - No viable dags retrieved from /opt/airflow/dags/dbt.py
[2026-03-19T02:18:51.761+0000] {processor.py:183} INFO - Processing /opt/airflow/dags/dbt.py took 0.101 seconds
[2026-03-19T02:19:22.293+0000] {processor.py:161} INFO - Started process (PID=10006) to work on /opt/airflow/dags/dbt.py
[2026-03-19T02:19:22.295+0000] {processor.py:830} INFO - Processing file /opt/airflow/dags/dbt.py for tasks to queue
[2026-03-19T02:19:22.300+0000] {logging_mixin.py:188} INFO - [2026-03-19T02:19:22.299+0000] {dagbag.py:545} INFO - Filling up the DagBag from /opt/airflow/dags/dbt.py
[2026-03-19T02:19:22.315+0000] {logging_mixin.py:188} INFO - [2026-03-19T02:19:22.312+0000] {dagbag.py:355} ERROR - Failed to import: /opt/airflow/dags/dbt.py
Traceback (most recent call last):
  File "/home/airflow/.local/lib/python3.12/site-packages/airflow/models/dagbag.py", line 351, in parse
    loader.exec_module(new_module)
  File "<frozen importlib._bootstrap_external>", line 995, in exec_module
  File "<frozen importlib._bootstrap>", line 488, in _call_with_frames_removed
  File "/opt/airflow/dags/dbt.py", line 2, in <module>
    from airflow.providers.standard.operators.bash import BashOperator
ModuleNotFoundError: No module named 'airflow.providers.standard'
[2026-03-19T02:19:22.316+0000] {processor.py:842} WARNING - No viable dags retrieved from /opt/airflow/dags/dbt.py
[2026-03-19T02:19:22.357+0000] {processor.py:183} INFO - Processing /opt/airflow/dags/dbt.py took 0.086 seconds
[2026-03-19T02:19:52.862+0000] {processor.py:161} INFO - Started process (PID=10008) to work on /opt/airflow/dags/dbt.py
[2026-03-19T02:19:52.864+0000] {processor.py:830} INFO - Processing file /opt/airflow/dags/dbt.py for tasks to queue
[2026-03-19T02:19:52.869+0000] {logging_mixin.py:188} INFO - [2026-03-19T02:19:52.868+0000] {dagbag.py:545} INFO - Filling up the DagBag from /opt/airflow/dags/dbt.py
[2026-03-19T02:19:52.881+0000] {logging_mixin.py:188} INFO - [2026-03-19T02:19:52.880+0000] {dagbag.py:355} ERROR - Failed to import: /opt/airflow/dags/dbt.py
Traceback (most recent call last):
  File "/home/airflow/.local/lib/python3.12/site-packages/airflow/models/dagbag.py", line 351, in parse
    loader.exec_module(new_module)
  File "<frozen importlib._bootstrap_external>", line 995, in exec_module
  File "<frozen importlib._bootstrap>", line 488, in _call_with_frames_removed
  File "/opt/airflow/dags/dbt.py", line 2, in <module>
    from airflow.providers.standard.operators.bash import BashOperator
ModuleNotFoundError: No module named 'airflow.providers.standard'
[2026-03-19T02:19:52.882+0000] {processor.py:842} WARNING - No viable dags retrieved from /opt/airflow/dags/dbt.py
[2026-03-19T02:19:52.924+0000] {processor.py:183} INFO - Processing /opt/airflow/dags/dbt.py took 0.086 seconds
[2026-03-19T02:20:23.401+0000] {processor.py:161} INFO - Started process (PID=10010) to work on /opt/airflow/dags/dbt.py
[2026-03-19T02:20:23.404+0000] {processor.py:830} INFO - Processing file /opt/airflow/dags/dbt.py for tasks to queue
[2026-03-19T02:20:23.409+0000] {logging_mixin.py:188} INFO - [2026-03-19T02:20:23.408+0000] {dagbag.py:545} INFO - Filling up the DagBag from /opt/airflow/dags/dbt.py
[2026-03-19T02:20:23.419+0000] {logging_mixin.py:188} INFO - [2026-03-19T02:20:23.416+0000] {dagbag.py:355} ERROR - Failed to import: /opt/airflow/dags/dbt.py
Traceback (most recent call last):
  File "/home/airflow/.local/lib/python3.12/site-packages/airflow/models/dagbag.py", line 351, in parse
    loader.exec_module(new_module)
  File "<frozen importlib._bootstrap_external>", line 995, in exec_module
  File "<frozen importlib._bootstrap>", line 488, in _call_with_frames_removed
  File "/opt/airflow/dags/dbt.py", line 2, in <module>
    from airflow.providers.standard.operators.bash import BashOperator
ModuleNotFoundError: No module named 'airflow.providers.standard'
[2026-03-19T02:20:23.419+0000] {processor.py:842} WARNING - No viable dags retrieved from /opt/airflow/dags/dbt.py
[2026-03-19T02:20:23.460+0000] {processor.py:183} INFO - Processing /opt/airflow/dags/dbt.py took 0.086 seconds
[2026-03-19T02:20:54.010+0000] {processor.py:161} INFO - Started process (PID=10012) to work on /opt/airflow/dags/dbt.py
[2026-03-19T02:20:54.012+0000] {processor.py:830} INFO - Processing file /opt/airflow/dags/dbt.py for tasks to queue
[2026-03-19T02:20:54.020+0000] {logging_mixin.py:188} INFO - [2026-03-19T02:20:54.019+0000] {dagbag.py:545} INFO - Filling up the DagBag from /opt/airflow/dags/dbt.py
[2026-03-19T02:20:54.027+0000] {logging_mixin.py:188} INFO - [2026-03-19T02:20:54.026+0000] {dagbag.py:355} ERROR - Failed to import: /opt/airflow/dags/dbt.py
Traceback (most recent call last):
  File "/home/airflow/.local/lib/python3.12/site-packages/airflow/models/dagbag.py", line 351, in parse
    loader.exec_module(new_module)
  File "<frozen importlib._bootstrap_external>", line 995, in exec_module
  File "<frozen importlib._bootstrap>", line 488, in _call_with_frames_removed
  File "/opt/airflow/dags/dbt.py", line 2, in <module>
    from airflow.providers.standard.operators.bash import BashOperator
ModuleNotFoundError: No module named 'airflow.providers.standard'
[2026-03-19T02:20:54.028+0000] {processor.py:842} WARNING - No viable dags retrieved from /opt/airflow/dags/dbt.py
[2026-03-19T02:20:54.087+0000] {processor.py:183} INFO - Processing /opt/airflow/dags/dbt.py took 0.103 seconds
[2026-03-19T02:21:24.596+0000] {processor.py:161} INFO - Started process (PID=10014) to work on /opt/airflow/dags/dbt.py
[2026-03-19T02:21:24.598+0000] {processor.py:830} INFO - Processing file /opt/airflow/dags/dbt.py for tasks to queue
[2026-03-19T02:21:24.605+0000] {logging_mixin.py:188} INFO - [2026-03-19T02:21:24.604+0000] {dagbag.py:545} INFO - Filling up the DagBag from /opt/airflow/dags/dbt.py
[2026-03-19T02:21:24.613+0000] {logging_mixin.py:188} INFO - [2026-03-19T02:21:24.611+0000] {dagbag.py:355} ERROR - Failed to import: /opt/airflow/dags/dbt.py
Traceback (most recent call last):
  File "/home/airflow/.local/lib/python3.12/site-packages/airflow/models/dagbag.py", line 351, in parse
    loader.exec_module(new_module)
  File "<frozen importlib._bootstrap_external>", line 995, in exec_module
  File "<frozen importlib._bootstrap>", line 488, in _call_with_frames_removed
  File "/opt/airflow/dags/dbt.py", line 2, in <module>
    from airflow.providers.standard.operators.bash import BashOperator
ModuleNotFoundError: No module named 'airflow.providers.standard'
[2026-03-19T02:21:24.613+0000] {processor.py:842} WARNING - No viable dags retrieved from /opt/airflow/dags/dbt.py
[2026-03-19T02:21:24.649+0000] {processor.py:183} INFO - Processing /opt/airflow/dags/dbt.py took 0.075 seconds
[2026-03-19T02:21:55.170+0000] {processor.py:161} INFO - Started process (PID=10016) to work on /opt/airflow/dags/dbt.py
[2026-03-19T02:21:55.173+0000] {processor.py:830} INFO - Processing file /opt/airflow/dags/dbt.py for tasks to queue
[2026-03-19T02:21:55.181+0000] {logging_mixin.py:188} INFO - [2026-03-19T02:21:55.179+0000] {dagbag.py:545} INFO - Filling up the DagBag from /opt/airflow/dags/dbt.py
[2026-03-19T02:21:55.195+0000] {logging_mixin.py:188} INFO - [2026-03-19T02:21:55.190+0000] {dagbag.py:355} ERROR - Failed to import: /opt/airflow/dags/dbt.py
Traceback (most recent call last):
  File "/home/airflow/.local/lib/python3.12/site-packages/airflow/models/dagbag.py", line 351, in parse
    loader.exec_module(new_module)
  File "<frozen importlib._bootstrap_external>", line 995, in exec_module
  File "<frozen importlib._bootstrap>", line 488, in _call_with_frames_removed
  File "/opt/airflow/dags/dbt.py", line 2, in <module>
    from airflow.providers.standard.operators.bash import BashOperator
ModuleNotFoundError: No module named 'airflow.providers.standard'
[2026-03-19T02:21:55.195+0000] {processor.py:842} WARNING - No viable dags retrieved from /opt/airflow/dags/dbt.py
[2026-03-19T02:21:55.235+0000] {processor.py:183} INFO - Processing /opt/airflow/dags/dbt.py took 0.099 seconds
[2026-03-19T02:22:25.779+0000] {processor.py:161} INFO - Started process (PID=10018) to work on /opt/airflow/dags/dbt.py
[2026-03-19T02:22:25.781+0000] {processor.py:830} INFO - Processing file /opt/airflow/dags/dbt.py for tasks to queue
[2026-03-19T02:22:25.789+0000] {logging_mixin.py:188} INFO - [2026-03-19T02:22:25.788+0000] {dagbag.py:545} INFO - Filling up the DagBag from /opt/airflow/dags/dbt.py
[2026-03-19T02:22:25.797+0000] {logging_mixin.py:188} INFO - [2026-03-19T02:22:25.795+0000] {dagbag.py:355} ERROR - Failed to import: /opt/airflow/dags/dbt.py
Traceback (most recent call last):
  File "/home/airflow/.local/lib/python3.12/site-packages/airflow/models/dagbag.py", line 351, in parse
    loader.exec_module(new_module)
  File "<frozen importlib._bootstrap_external>", line 995, in exec_module
  File "<frozen importlib._bootstrap>", line 488, in _call_with_frames_removed
  File "/opt/airflow/dags/dbt.py", line 2, in <module>
    from airflow.providers.standard.operators.bash import BashOperator
ModuleNotFoundError: No module named 'airflow.providers.standard'
[2026-03-19T02:22:25.797+0000] {processor.py:842} WARNING - No viable dags retrieved from /opt/airflow/dags/dbt.py
[2026-03-19T02:22:25.835+0000] {processor.py:183} INFO - Processing /opt/airflow/dags/dbt.py took 0.079 seconds
[2026-03-19T02:22:56.315+0000] {processor.py:161} INFO - Started process (PID=10020) to work on /opt/airflow/dags/dbt.py
[2026-03-19T02:22:56.318+0000] {processor.py:830} INFO - Processing file /opt/airflow/dags/dbt.py for tasks to queue
[2026-03-19T02:22:56.331+0000] {logging_mixin.py:188} INFO - [2026-03-19T02:22:56.330+0000] {dagbag.py:545} INFO - Filling up the DagBag from /opt/airflow/dags/dbt.py
[2026-03-19T02:22:56.348+0000] {logging_mixin.py:188} INFO - [2026-03-19T02:22:56.346+0000] {dagbag.py:355} ERROR - Failed to import: /opt/airflow/dags/dbt.py
Traceback (most recent call last):
  File "/home/airflow/.local/lib/python3.12/site-packages/airflow/models/dagbag.py", line 351, in parse
    loader.exec_module(new_module)
  File "<frozen importlib._bootstrap_external>", line 995, in exec_module
  File "<frozen importlib._bootstrap>", line 488, in _call_with_frames_removed
  File "/opt/airflow/dags/dbt.py", line 2, in <module>
    from airflow.providers.standard.operators.bash import BashOperator
ModuleNotFoundError: No module named 'airflow.providers.standard'
[2026-03-19T02:22:56.350+0000] {processor.py:842} WARNING - No viable dags retrieved from /opt/airflow/dags/dbt.py
[2026-03-19T02:22:56.396+0000] {processor.py:183} INFO - Processing /opt/airflow/dags/dbt.py took 0.105 seconds
[2026-03-19T02:23:26.902+0000] {processor.py:161} INFO - Started process (PID=10022) to work on /opt/airflow/dags/dbt.py
[2026-03-19T02:23:26.906+0000] {processor.py:830} INFO - Processing file /opt/airflow/dags/dbt.py for tasks to queue
[2026-03-19T02:23:26.915+0000] {logging_mixin.py:188} INFO - [2026-03-19T02:23:26.914+0000] {dagbag.py:545} INFO - Filling up the DagBag from /opt/airflow/dags/dbt.py
[2026-03-19T02:23:26.930+0000] {logging_mixin.py:188} INFO - [2026-03-19T02:23:26.927+0000] {dagbag.py:355} ERROR - Failed to import: /opt/airflow/dags/dbt.py
Traceback (most recent call last):
  File "/home/airflow/.local/lib/python3.12/site-packages/airflow/models/dagbag.py", line 351, in parse
    loader.exec_module(new_module)
  File "<frozen importlib._bootstrap_external>", line 995, in exec_module
  File "<frozen importlib._bootstrap>", line 488, in _call_with_frames_removed
  File "/opt/airflow/dags/dbt.py", line 2, in <module>
    from airflow.providers.standard.operators.bash import BashOperator
ModuleNotFoundError: No module named 'airflow.providers.standard'
[2026-03-19T02:23:26.932+0000] {processor.py:842} WARNING - No viable dags retrieved from /opt/airflow/dags/dbt.py
[2026-03-19T02:23:26.973+0000] {processor.py:183} INFO - Processing /opt/airflow/dags/dbt.py took 0.093 seconds
[2026-03-19T02:23:57.438+0000] {processor.py:161} INFO - Started process (PID=10024) to work on /opt/airflow/dags/dbt.py
[2026-03-19T02:23:57.439+0000] {processor.py:830} INFO - Processing file /opt/airflow/dags/dbt.py for tasks to queue
[2026-03-19T02:23:57.444+0000] {logging_mixin.py:188} INFO - [2026-03-19T02:23:57.444+0000] {dagbag.py:545} INFO - Filling up the DagBag from /opt/airflow/dags/dbt.py
[2026-03-19T02:23:57.459+0000] {logging_mixin.py:188} INFO - [2026-03-19T02:23:57.455+0000] {dagbag.py:355} ERROR - Failed to import: /opt/airflow/dags/dbt.py
Traceback (most recent call last):
  File "/home/airflow/.local/lib/python3.12/site-packages/airflow/models/dagbag.py", line 351, in parse
    loader.exec_module(new_module)
  File "<frozen importlib._bootstrap_external>", line 995, in exec_module
  File "<frozen importlib._bootstrap>", line 488, in _call_with_frames_removed
  File "/opt/airflow/dags/dbt.py", line 2, in <module>
    from airflow.providers.standard.operators.bash import BashOperator
ModuleNotFoundError: No module named 'airflow.providers.standard'
[2026-03-19T02:23:57.460+0000] {processor.py:842} WARNING - No viable dags retrieved from /opt/airflow/dags/dbt.py
[2026-03-19T02:23:57.506+0000] {processor.py:183} INFO - Processing /opt/airflow/dags/dbt.py took 0.091 seconds
[2026-03-19T02:24:28.099+0000] {processor.py:161} INFO - Started process (PID=10026) to work on /opt/airflow/dags/dbt.py
[2026-03-19T02:24:28.101+0000] {processor.py:830} INFO - Processing file /opt/airflow/dags/dbt.py for tasks to queue
[2026-03-19T02:24:28.109+0000] {logging_mixin.py:188} INFO - [2026-03-19T02:24:28.108+0000] {dagbag.py:545} INFO - Filling up the DagBag from /opt/airflow/dags/dbt.py
[2026-03-19T02:24:28.121+0000] {logging_mixin.py:188} INFO - [2026-03-19T02:24:28.119+0000] {dagbag.py:355} ERROR - Failed to import: /opt/airflow/dags/dbt.py
Traceback (most recent call last):
  File "/home/airflow/.local/lib/python3.12/site-packages/airflow/models/dagbag.py", line 351, in parse
    loader.exec_module(new_module)
  File "<frozen importlib._bootstrap_external>", line 995, in exec_module
  File "<frozen importlib._bootstrap>", line 488, in _call_with_frames_removed
  File "/opt/airflow/dags/dbt.py", line 2, in <module>
    from airflow.providers.standard.operators.bash import BashOperator
ModuleNotFoundError: No module named 'airflow.providers.standard'
[2026-03-19T02:24:28.122+0000] {processor.py:842} WARNING - No viable dags retrieved from /opt/airflow/dags/dbt.py
[2026-03-19T02:24:28.161+0000] {processor.py:183} INFO - Processing /opt/airflow/dags/dbt.py took 0.079 seconds
[2026-03-19T02:24:58.936+0000] {processor.py:161} INFO - Started process (PID=10028) to work on /opt/airflow/dags/dbt.py
[2026-03-19T02:24:58.938+0000] {processor.py:830} INFO - Processing file /opt/airflow/dags/dbt.py for tasks to queue
[2026-03-19T02:24:58.945+0000] {logging_mixin.py:188} INFO - [2026-03-19T02:24:58.945+0000] {dagbag.py:545} INFO - Filling up the DagBag from /opt/airflow/dags/dbt.py
[2026-03-19T02:24:58.959+0000] {logging_mixin.py:188} INFO - [2026-03-19T02:24:58.954+0000] {dagbag.py:355} ERROR - Failed to import: /opt/airflow/dags/dbt.py
Traceback (most recent call last):
  File "/home/airflow/.local/lib/python3.12/site-packages/airflow/models/dagbag.py", line 351, in parse
    loader.exec_module(new_module)
  File "<frozen importlib._bootstrap_external>", line 995, in exec_module
  File "<frozen importlib._bootstrap>", line 488, in _call_with_frames_removed
  File "/opt/airflow/dags/dbt.py", line 2, in <module>
    from airflow.providers.standard.operators.bash import BashOperator
ModuleNotFoundError: No module named 'airflow.providers.standard'
[2026-03-19T02:24:58.960+0000] {processor.py:842} WARNING - No viable dags retrieved from /opt/airflow/dags/dbt.py
[2026-03-19T02:24:59.005+0000] {processor.py:183} INFO - Processing /opt/airflow/dags/dbt.py took 0.094 seconds
[2026-03-19T02:25:29.687+0000] {processor.py:161} INFO - Started process (PID=10030) to work on /opt/airflow/dags/dbt.py
[2026-03-19T02:25:29.692+0000] {processor.py:830} INFO - Processing file /opt/airflow/dags/dbt.py for tasks to queue
[2026-03-19T02:25:29.698+0000] {logging_mixin.py:188} INFO - [2026-03-19T02:25:29.697+0000] {dagbag.py:545} INFO - Filling up the DagBag from /opt/airflow/dags/dbt.py
[2026-03-19T02:25:29.707+0000] {logging_mixin.py:188} INFO - [2026-03-19T02:25:29.705+0000] {dagbag.py:355} ERROR - Failed to import: /opt/airflow/dags/dbt.py
Traceback (most recent call last):
  File "/home/airflow/.local/lib/python3.12/site-packages/airflow/models/dagbag.py", line 351, in parse
    loader.exec_module(new_module)
  File "<frozen importlib._bootstrap_external>", line 995, in exec_module
  File "<frozen importlib._bootstrap>", line 488, in _call_with_frames_removed
  File "/opt/airflow/dags/dbt.py", line 2, in <module>
    from airflow.providers.standard.operators.bash import BashOperator
ModuleNotFoundError: No module named 'airflow.providers.standard'
[2026-03-19T02:25:29.710+0000] {processor.py:842} WARNING - No viable dags retrieved from /opt/airflow/dags/dbt.py
[2026-03-19T02:25:29.754+0000] {processor.py:183} INFO - Processing /opt/airflow/dags/dbt.py took 0.106 seconds
[2026-03-19T02:26:00.250+0000] {processor.py:161} INFO - Started process (PID=10032) to work on /opt/airflow/dags/dbt.py
[2026-03-19T02:26:00.253+0000] {processor.py:830} INFO - Processing file /opt/airflow/dags/dbt.py for tasks to queue
[2026-03-19T02:26:00.262+0000] {logging_mixin.py:188} INFO - [2026-03-19T02:26:00.261+0000] {dagbag.py:545} INFO - Filling up the DagBag from /opt/airflow/dags/dbt.py
[2026-03-19T02:26:00.275+0000] {logging_mixin.py:188} INFO - [2026-03-19T02:26:00.273+0000] {dagbag.py:355} ERROR - Failed to import: /opt/airflow/dags/dbt.py
Traceback (most recent call last):
  File "/home/airflow/.local/lib/python3.12/site-packages/airflow/models/dagbag.py", line 351, in parse
    loader.exec_module(new_module)
  File "<frozen importlib._bootstrap_external>", line 995, in exec_module
  File "<frozen importlib._bootstrap>", line 488, in _call_with_frames_removed
  File "/opt/airflow/dags/dbt.py", line 2, in <module>
    from airflow.providers.standard.operators.bash import BashOperator
ModuleNotFoundError: No module named 'airflow.providers.standard'
[2026-03-19T02:26:00.276+0000] {processor.py:842} WARNING - No viable dags retrieved from /opt/airflow/dags/dbt.py
[2026-03-19T02:26:00.329+0000] {processor.py:183} INFO - Processing /opt/airflow/dags/dbt.py took 0.105 seconds
[2026-03-19T02:26:30.922+0000] {processor.py:161} INFO - Started process (PID=10034) to work on /opt/airflow/dags/dbt.py
[2026-03-19T02:26:30.924+0000] {processor.py:830} INFO - Processing file /opt/airflow/dags/dbt.py for tasks to queue
[2026-03-19T02:26:30.930+0000] {logging_mixin.py:188} INFO - [2026-03-19T02:26:30.929+0000] {dagbag.py:545} INFO - Filling up the DagBag from /opt/airflow/dags/dbt.py
[2026-03-19T02:26:30.939+0000] {logging_mixin.py:188} INFO - [2026-03-19T02:26:30.936+0000] {dagbag.py:355} ERROR - Failed to import: /opt/airflow/dags/dbt.py
Traceback (most recent call last):
  File "/home/airflow/.local/lib/python3.12/site-packages/airflow/models/dagbag.py", line 351, in parse
    loader.exec_module(new_module)
  File "<frozen importlib._bootstrap_external>", line 995, in exec_module
  File "<frozen importlib._bootstrap>", line 488, in _call_with_frames_removed
  File "/opt/airflow/dags/dbt.py", line 2, in <module>
    from airflow.providers.standard.operators.bash import BashOperator
ModuleNotFoundError: No module named 'airflow.providers.standard'
[2026-03-19T02:26:30.939+0000] {processor.py:842} WARNING - No viable dags retrieved from /opt/airflow/dags/dbt.py
[2026-03-19T02:26:30.984+0000] {processor.py:183} INFO - Processing /opt/airflow/dags/dbt.py took 0.081 seconds
[2026-03-19T02:27:01.699+0000] {processor.py:161} INFO - Started process (PID=10036) to work on /opt/airflow/dags/dbt.py
[2026-03-19T02:27:01.704+0000] {processor.py:830} INFO - Processing file /opt/airflow/dags/dbt.py for tasks to queue
[2026-03-19T02:27:01.711+0000] {logging_mixin.py:188} INFO - [2026-03-19T02:27:01.710+0000] {dagbag.py:545} INFO - Filling up the DagBag from /opt/airflow/dags/dbt.py
[2026-03-19T02:27:01.723+0000] {logging_mixin.py:188} INFO - [2026-03-19T02:27:01.720+0000] {dagbag.py:355} ERROR - Failed to import: /opt/airflow/dags/dbt.py
Traceback (most recent call last):
  File "/home/airflow/.local/lib/python3.12/site-packages/airflow/models/dagbag.py", line 351, in parse
    loader.exec_module(new_module)
  File "<frozen importlib._bootstrap_external>", line 995, in exec_module
  File "<frozen importlib._bootstrap>", line 488, in _call_with_frames_removed
  File "/opt/airflow/dags/dbt.py", line 2, in <module>
    from airflow.providers.standard.operators.bash import BashOperator
ModuleNotFoundError: No module named 'airflow.providers.standard'
[2026-03-19T02:27:01.725+0000] {processor.py:842} WARNING - No viable dags retrieved from /opt/airflow/dags/dbt.py
[2026-03-19T02:27:01.771+0000] {processor.py:183} INFO - Processing /opt/airflow/dags/dbt.py took 0.097 seconds
[2026-03-19T02:27:32.240+0000] {processor.py:161} INFO - Started process (PID=10038) to work on /opt/airflow/dags/dbt.py
[2026-03-19T02:27:32.243+0000] {processor.py:830} INFO - Processing file /opt/airflow/dags/dbt.py for tasks to queue
[2026-03-19T02:27:32.247+0000] {logging_mixin.py:188} INFO - [2026-03-19T02:27:32.247+0000] {dagbag.py:545} INFO - Filling up the DagBag from /opt/airflow/dags/dbt.py
[2026-03-19T02:27:32.254+0000] {logging_mixin.py:188} INFO - [2026-03-19T02:27:32.252+0000] {dagbag.py:355} ERROR - Failed to import: /opt/airflow/dags/dbt.py
Traceback (most recent call last):
  File "/home/airflow/.local/lib/python3.12/site-packages/airflow/models/dagbag.py", line 351, in parse
    loader.exec_module(new_module)
  File "<frozen importlib._bootstrap_external>", line 995, in exec_module
  File "<frozen importlib._bootstrap>", line 488, in _call_with_frames_removed
  File "/opt/airflow/dags/dbt.py", line 2, in <module>
    from airflow.providers.standard.operators.bash import BashOperator
ModuleNotFoundError: No module named 'airflow.providers.standard'
[2026-03-19T02:27:32.255+0000] {processor.py:842} WARNING - No viable dags retrieved from /opt/airflow/dags/dbt.py
[2026-03-19T02:27:32.304+0000] {processor.py:183} INFO - Processing /opt/airflow/dags/dbt.py took 0.086 seconds
[2026-03-19T02:28:03.256+0000] {processor.py:161} INFO - Started process (PID=10040) to work on /opt/airflow/dags/dbt.py
[2026-03-19T02:28:03.259+0000] {processor.py:830} INFO - Processing file /opt/airflow/dags/dbt.py for tasks to queue
[2026-03-19T02:28:03.266+0000] {logging_mixin.py:188} INFO - [2026-03-19T02:28:03.264+0000] {dagbag.py:545} INFO - Filling up the DagBag from /opt/airflow/dags/dbt.py
[2026-03-19T02:28:03.282+0000] {logging_mixin.py:188} INFO - [2026-03-19T02:28:03.277+0000] {dagbag.py:355} ERROR - Failed to import: /opt/airflow/dags/dbt.py
Traceback (most recent call last):
  File "/home/airflow/.local/lib/python3.12/site-packages/airflow/models/dagbag.py", line 351, in parse
    loader.exec_module(new_module)
  File "<frozen importlib._bootstrap_external>", line 995, in exec_module
  File "<frozen importlib._bootstrap>", line 488, in _call_with_frames_removed
  File "/opt/airflow/dags/dbt.py", line 2, in <module>
    from airflow.providers.standard.operators.bash import BashOperator
ModuleNotFoundError: No module named 'airflow.providers.standard'
[2026-03-19T02:28:03.283+0000] {processor.py:842} WARNING - No viable dags retrieved from /opt/airflow/dags/dbt.py
[2026-03-19T02:28:03.322+0000] {processor.py:183} INFO - Processing /opt/airflow/dags/dbt.py took 0.097 seconds
[2026-03-19T02:28:33.880+0000] {processor.py:161} INFO - Started process (PID=10042) to work on /opt/airflow/dags/dbt.py
[2026-03-19T02:28:33.882+0000] {processor.py:830} INFO - Processing file /opt/airflow/dags/dbt.py for tasks to queue
[2026-03-19T02:28:33.890+0000] {logging_mixin.py:188} INFO - [2026-03-19T02:28:33.889+0000] {dagbag.py:545} INFO - Filling up the DagBag from /opt/airflow/dags/dbt.py
[2026-03-19T02:28:33.899+0000] {logging_mixin.py:188} INFO - [2026-03-19T02:28:33.896+0000] {dagbag.py:355} ERROR - Failed to import: /opt/airflow/dags/dbt.py
Traceback (most recent call last):
  File "/home/airflow/.local/lib/python3.12/site-packages/airflow/models/dagbag.py", line 351, in parse
    loader.exec_module(new_module)
  File "<frozen importlib._bootstrap_external>", line 995, in exec_module
  File "<frozen importlib._bootstrap>", line 488, in _call_with_frames_removed
  File "/opt/airflow/dags/dbt.py", line 2, in <module>
    from airflow.providers.standard.operators.bash import BashOperator
ModuleNotFoundError: No module named 'airflow.providers.standard'
[2026-03-19T02:28:33.900+0000] {processor.py:842} WARNING - No viable dags retrieved from /opt/airflow/dags/dbt.py
[2026-03-19T02:28:33.941+0000] {processor.py:183} INFO - Processing /opt/airflow/dags/dbt.py took 0.081 seconds
[2026-03-19T02:29:04.541+0000] {processor.py:161} INFO - Started process (PID=10044) to work on /opt/airflow/dags/dbt.py
[2026-03-19T02:29:04.544+0000] {processor.py:830} INFO - Processing file /opt/airflow/dags/dbt.py for tasks to queue
[2026-03-19T02:29:04.549+0000] {logging_mixin.py:188} INFO - [2026-03-19T02:29:04.548+0000] {dagbag.py:545} INFO - Filling up the DagBag from /opt/airflow/dags/dbt.py
[2026-03-19T02:29:04.561+0000] {logging_mixin.py:188} INFO - [2026-03-19T02:29:04.557+0000] {dagbag.py:355} ERROR - Failed to import: /opt/airflow/dags/dbt.py
Traceback (most recent call last):
  File "/home/airflow/.local/lib/python3.12/site-packages/airflow/models/dagbag.py", line 351, in parse
    loader.exec_module(new_module)
  File "<frozen importlib._bootstrap_external>", line 995, in exec_module
  File "<frozen importlib._bootstrap>", line 488, in _call_with_frames_removed
  File "/opt/airflow/dags/dbt.py", line 2, in <module>
    from airflow.providers.standard.operators.bash import BashOperator
ModuleNotFoundError: No module named 'airflow.providers.standard'
[2026-03-19T02:29:04.561+0000] {processor.py:842} WARNING - No viable dags retrieved from /opt/airflow/dags/dbt.py
[2026-03-19T02:29:04.604+0000] {processor.py:183} INFO - Processing /opt/airflow/dags/dbt.py took 0.083 seconds
[2026-03-19T02:29:35.318+0000] {processor.py:161} INFO - Started process (PID=10046) to work on /opt/airflow/dags/dbt.py
[2026-03-19T02:29:35.321+0000] {processor.py:830} INFO - Processing file /opt/airflow/dags/dbt.py for tasks to queue
[2026-03-19T02:29:35.333+0000] {logging_mixin.py:188} INFO - [2026-03-19T02:29:35.332+0000] {dagbag.py:545} INFO - Filling up the DagBag from /opt/airflow/dags/dbt.py
[2026-03-19T02:29:35.342+0000] {logging_mixin.py:188} INFO - [2026-03-19T02:29:35.340+0000] {dagbag.py:355} ERROR - Failed to import: /opt/airflow/dags/dbt.py
Traceback (most recent call last):
  File "/home/airflow/.local/lib/python3.12/site-packages/airflow/models/dagbag.py", line 351, in parse
    loader.exec_module(new_module)
  File "<frozen importlib._bootstrap_external>", line 995, in exec_module
  File "<frozen importlib._bootstrap>", line 488, in _call_with_frames_removed
  File "/opt/airflow/dags/dbt.py", line 2, in <module>
    from airflow.providers.standard.operators.bash import BashOperator
ModuleNotFoundError: No module named 'airflow.providers.standard'
[2026-03-19T02:29:35.343+0000] {processor.py:842} WARNING - No viable dags retrieved from /opt/airflow/dags/dbt.py
[2026-03-19T02:29:35.388+0000] {processor.py:183} INFO - Processing /opt/airflow/dags/dbt.py took 0.089 seconds
[2026-03-19T02:30:05.947+0000] {processor.py:161} INFO - Started process (PID=10048) to work on /opt/airflow/dags/dbt.py
[2026-03-19T02:30:05.948+0000] {processor.py:830} INFO - Processing file /opt/airflow/dags/dbt.py for tasks to queue
[2026-03-19T02:30:05.954+0000] {logging_mixin.py:188} INFO - [2026-03-19T02:30:05.952+0000] {dagbag.py:545} INFO - Filling up the DagBag from /opt/airflow/dags/dbt.py
[2026-03-19T02:30:05.962+0000] {logging_mixin.py:188} INFO - [2026-03-19T02:30:05.960+0000] {dagbag.py:355} ERROR - Failed to import: /opt/airflow/dags/dbt.py
Traceback (most recent call last):
  File "/home/airflow/.local/lib/python3.12/site-packages/airflow/models/dagbag.py", line 351, in parse
    loader.exec_module(new_module)
  File "<frozen importlib._bootstrap_external>", line 995, in exec_module
  File "<frozen importlib._bootstrap>", line 488, in _call_with_frames_removed
  File "/opt/airflow/dags/dbt.py", line 2, in <module>
    from airflow.providers.standard.operators.bash import BashOperator
ModuleNotFoundError: No module named 'airflow.providers.standard'
[2026-03-19T02:30:05.963+0000] {processor.py:842} WARNING - No viable dags retrieved from /opt/airflow/dags/dbt.py
[2026-03-19T02:30:06.009+0000] {processor.py:183} INFO - Processing /opt/airflow/dags/dbt.py took 0.081 seconds
[2026-03-19T02:30:36.632+0000] {processor.py:161} INFO - Started process (PID=10050) to work on /opt/airflow/dags/dbt.py
[2026-03-19T02:30:36.634+0000] {processor.py:830} INFO - Processing file /opt/airflow/dags/dbt.py for tasks to queue
[2026-03-19T02:30:36.643+0000] {logging_mixin.py:188} INFO - [2026-03-19T02:30:36.642+0000] {dagbag.py:545} INFO - Filling up the DagBag from /opt/airflow/dags/dbt.py
[2026-03-19T02:30:36.651+0000] {logging_mixin.py:188} INFO - [2026-03-19T02:30:36.649+0000] {dagbag.py:355} ERROR - Failed to import: /opt/airflow/dags/dbt.py
Traceback (most recent call last):
  File "/home/airflow/.local/lib/python3.12/site-packages/airflow/models/dagbag.py", line 351, in parse
    loader.exec_module(new_module)
  File "<frozen importlib._bootstrap_external>", line 995, in exec_module
  File "<frozen importlib._bootstrap>", line 488, in _call_with_frames_removed
  File "/opt/airflow/dags/dbt.py", line 2, in <module>
    from airflow.providers.standard.operators.bash import BashOperator
ModuleNotFoundError: No module named 'airflow.providers.standard'
[2026-03-19T02:30:36.652+0000] {processor.py:842} WARNING - No viable dags retrieved from /opt/airflow/dags/dbt.py
[2026-03-19T02:30:36.688+0000] {processor.py:183} INFO - Processing /opt/airflow/dags/dbt.py took 0.076 seconds
[2026-03-19T02:31:07.335+0000] {processor.py:161} INFO - Started process (PID=10052) to work on /opt/airflow/dags/dbt.py
[2026-03-19T02:31:07.336+0000] {processor.py:830} INFO - Processing file /opt/airflow/dags/dbt.py for tasks to queue
[2026-03-19T02:31:07.345+0000] {logging_mixin.py:188} INFO - [2026-03-19T02:31:07.344+0000] {dagbag.py:545} INFO - Filling up the DagBag from /opt/airflow/dags/dbt.py
[2026-03-19T02:31:07.358+0000] {logging_mixin.py:188} INFO - [2026-03-19T02:31:07.351+0000] {dagbag.py:355} ERROR - Failed to import: /opt/airflow/dags/dbt.py
Traceback (most recent call last):
  File "/home/airflow/.local/lib/python3.12/site-packages/airflow/models/dagbag.py", line 351, in parse
    loader.exec_module(new_module)
  File "<frozen importlib._bootstrap_external>", line 995, in exec_module
  File "<frozen importlib._bootstrap>", line 488, in _call_with_frames_removed
  File "/opt/airflow/dags/dbt.py", line 2, in <module>
    from airflow.providers.standard.operators.bash import BashOperator
ModuleNotFoundError: No module named 'airflow.providers.standard'
[2026-03-19T02:31:07.359+0000] {processor.py:842} WARNING - No viable dags retrieved from /opt/airflow/dags/dbt.py
[2026-03-19T02:31:07.406+0000] {processor.py:183} INFO - Processing /opt/airflow/dags/dbt.py took 0.096 seconds
[2026-03-19T02:31:37.983+0000] {processor.py:161} INFO - Started process (PID=10054) to work on /opt/airflow/dags/dbt.py
[2026-03-19T02:31:37.985+0000] {processor.py:830} INFO - Processing file /opt/airflow/dags/dbt.py for tasks to queue
[2026-03-19T02:31:37.992+0000] {logging_mixin.py:188} INFO - [2026-03-19T02:31:37.989+0000] {dagbag.py:545} INFO - Filling up the DagBag from /opt/airflow/dags/dbt.py
[2026-03-19T02:31:38.003+0000] {logging_mixin.py:188} INFO - [2026-03-19T02:31:38.000+0000] {dagbag.py:355} ERROR - Failed to import: /opt/airflow/dags/dbt.py
Traceback (most recent call last):
  File "/home/airflow/.local/lib/python3.12/site-packages/airflow/models/dagbag.py", line 351, in parse
    loader.exec_module(new_module)
  File "<frozen importlib._bootstrap_external>", line 995, in exec_module
  File "<frozen importlib._bootstrap>", line 488, in _call_with_frames_removed
  File "/opt/airflow/dags/dbt.py", line 2, in <module>
    from airflow.providers.standard.operators.bash import BashOperator
ModuleNotFoundError: No module named 'airflow.providers.standard'
[2026-03-19T02:31:38.003+0000] {processor.py:842} WARNING - No viable dags retrieved from /opt/airflow/dags/dbt.py
[2026-03-19T02:31:38.043+0000] {processor.py:183} INFO - Processing /opt/airflow/dags/dbt.py took 0.084 seconds
[2026-03-19T02:32:08.642+0000] {processor.py:161} INFO - Started process (PID=10056) to work on /opt/airflow/dags/dbt.py
[2026-03-19T02:32:08.644+0000] {processor.py:830} INFO - Processing file /opt/airflow/dags/dbt.py for tasks to queue
[2026-03-19T02:32:08.658+0000] {logging_mixin.py:188} INFO - [2026-03-19T02:32:08.649+0000] {dagbag.py:545} INFO - Filling up the DagBag from /opt/airflow/dags/dbt.py
[2026-03-19T02:32:08.668+0000] {logging_mixin.py:188} INFO - [2026-03-19T02:32:08.665+0000] {dagbag.py:355} ERROR - Failed to import: /opt/airflow/dags/dbt.py
Traceback (most recent call last):
  File "/home/airflow/.local/lib/python3.12/site-packages/airflow/models/dagbag.py", line 351, in parse
    loader.exec_module(new_module)
  File "<frozen importlib._bootstrap_external>", line 995, in exec_module
  File "<frozen importlib._bootstrap>", line 488, in _call_with_frames_removed
  File "/opt/airflow/dags/dbt.py", line 2, in <module>
    from airflow.providers.standard.operators.bash import BashOperator
ModuleNotFoundError: No module named 'airflow.providers.standard'
[2026-03-19T02:32:08.669+0000] {processor.py:842} WARNING - No viable dags retrieved from /opt/airflow/dags/dbt.py
[2026-03-19T02:32:08.713+0000] {processor.py:183} INFO - Processing /opt/airflow/dags/dbt.py took 0.089 seconds
[2026-03-19T02:32:39.291+0000] {processor.py:161} INFO - Started process (PID=10058) to work on /opt/airflow/dags/dbt.py
[2026-03-19T02:32:39.294+0000] {processor.py:830} INFO - Processing file /opt/airflow/dags/dbt.py for tasks to queue
[2026-03-19T02:32:39.300+0000] {logging_mixin.py:188} INFO - [2026-03-19T02:32:39.299+0000] {dagbag.py:545} INFO - Filling up the DagBag from /opt/airflow/dags/dbt.py
[2026-03-19T02:32:39.312+0000] {logging_mixin.py:188} INFO - [2026-03-19T02:32:39.310+0000] {dagbag.py:355} ERROR - Failed to import: /opt/airflow/dags/dbt.py
Traceback (most recent call last):
  File "/home/airflow/.local/lib/python3.12/site-packages/airflow/models/dagbag.py", line 351, in parse
    loader.exec_module(new_module)
  File "<frozen importlib._bootstrap_external>", line 995, in exec_module
  File "<frozen importlib._bootstrap>", line 488, in _call_with_frames_removed
  File "/opt/airflow/dags/dbt.py", line 2, in <module>
    from airflow.providers.standard.operators.bash import BashOperator
ModuleNotFoundError: No module named 'airflow.providers.standard'
[2026-03-19T02:32:39.312+0000] {processor.py:842} WARNING - No viable dags retrieved from /opt/airflow/dags/dbt.py
[2026-03-19T02:32:39.354+0000] {processor.py:183} INFO - Processing /opt/airflow/dags/dbt.py took 0.085 seconds
[2026-03-19T02:33:09.923+0000] {processor.py:161} INFO - Started process (PID=10060) to work on /opt/airflow/dags/dbt.py
[2026-03-19T02:33:09.925+0000] {processor.py:830} INFO - Processing file /opt/airflow/dags/dbt.py for tasks to queue
[2026-03-19T02:33:09.936+0000] {logging_mixin.py:188} INFO - [2026-03-19T02:33:09.935+0000] {dagbag.py:545} INFO - Filling up the DagBag from /opt/airflow/dags/dbt.py
[2026-03-19T02:33:09.951+0000] {logging_mixin.py:188} INFO - [2026-03-19T02:33:09.949+0000] {dagbag.py:355} ERROR - Failed to import: /opt/airflow/dags/dbt.py
Traceback (most recent call last):
  File "/home/airflow/.local/lib/python3.12/site-packages/airflow/models/dagbag.py", line 351, in parse
    loader.exec_module(new_module)
  File "<frozen importlib._bootstrap_external>", line 995, in exec_module
  File "<frozen importlib._bootstrap>", line 488, in _call_with_frames_removed
  File "/opt/airflow/dags/dbt.py", line 2, in <module>
    from airflow.providers.standard.operators.bash import BashOperator
ModuleNotFoundError: No module named 'airflow.providers.standard'
[2026-03-19T02:33:09.954+0000] {processor.py:842} WARNING - No viable dags retrieved from /opt/airflow/dags/dbt.py
[2026-03-19T02:33:09.997+0000] {processor.py:183} INFO - Processing /opt/airflow/dags/dbt.py took 0.104 seconds
[2026-03-19T02:33:40.634+0000] {processor.py:161} INFO - Started process (PID=10062) to work on /opt/airflow/dags/dbt.py
[2026-03-19T02:33:40.636+0000] {processor.py:830} INFO - Processing file /opt/airflow/dags/dbt.py for tasks to queue
[2026-03-19T02:33:40.642+0000] {logging_mixin.py:188} INFO - [2026-03-19T02:33:40.641+0000] {dagbag.py:545} INFO - Filling up the DagBag from /opt/airflow/dags/dbt.py
[2026-03-19T02:33:40.662+0000] {logging_mixin.py:188} INFO - [2026-03-19T02:33:40.657+0000] {dagbag.py:355} ERROR - Failed to import: /opt/airflow/dags/dbt.py
Traceback (most recent call last):
  File "/home/airflow/.local/lib/python3.12/site-packages/airflow/models/dagbag.py", line 351, in parse
    loader.exec_module(new_module)
  File "<frozen importlib._bootstrap_external>", line 995, in exec_module
  File "<frozen importlib._bootstrap>", line 488, in _call_with_frames_removed
  File "/opt/airflow/dags/dbt.py", line 2, in <module>
    from airflow.providers.standard.operators.bash import BashOperator
ModuleNotFoundError: No module named 'airflow.providers.standard'
[2026-03-19T02:33:40.663+0000] {processor.py:842} WARNING - No viable dags retrieved from /opt/airflow/dags/dbt.py
[2026-03-19T02:33:40.705+0000] {processor.py:183} INFO - Processing /opt/airflow/dags/dbt.py took 0.101 seconds
[2026-03-19T02:34:11.309+0000] {processor.py:161} INFO - Started process (PID=10064) to work on /opt/airflow/dags/dbt.py
[2026-03-19T02:34:11.311+0000] {processor.py:830} INFO - Processing file /opt/airflow/dags/dbt.py for tasks to queue
[2026-03-19T02:34:11.326+0000] {logging_mixin.py:188} INFO - [2026-03-19T02:34:11.324+0000] {dagbag.py:545} INFO - Filling up the DagBag from /opt/airflow/dags/dbt.py
[2026-03-19T02:34:11.338+0000] {logging_mixin.py:188} INFO - [2026-03-19T02:34:11.336+0000] {dagbag.py:355} ERROR - Failed to import: /opt/airflow/dags/dbt.py
Traceback (most recent call last):
  File "/home/airflow/.local/lib/python3.12/site-packages/airflow/models/dagbag.py", line 351, in parse
    loader.exec_module(new_module)
  File "<frozen importlib._bootstrap_external>", line 995, in exec_module
  File "<frozen importlib._bootstrap>", line 488, in _call_with_frames_removed
  File "/opt/airflow/dags/dbt.py", line 2, in <module>
    from airflow.providers.standard.operators.bash import BashOperator
ModuleNotFoundError: No module named 'airflow.providers.standard'
[2026-03-19T02:34:11.339+0000] {processor.py:842} WARNING - No viable dags retrieved from /opt/airflow/dags/dbt.py
[2026-03-19T02:34:11.385+0000] {processor.py:183} INFO - Processing /opt/airflow/dags/dbt.py took 0.097 seconds
[2026-03-19T02:34:42.006+0000] {processor.py:161} INFO - Started process (PID=10066) to work on /opt/airflow/dags/dbt.py
[2026-03-19T02:34:42.008+0000] {processor.py:830} INFO - Processing file /opt/airflow/dags/dbt.py for tasks to queue
[2026-03-19T02:34:42.015+0000] {logging_mixin.py:188} INFO - [2026-03-19T02:34:42.014+0000] {dagbag.py:545} INFO - Filling up the DagBag from /opt/airflow/dags/dbt.py
[2026-03-19T02:34:42.026+0000] {logging_mixin.py:188} INFO - [2026-03-19T02:34:42.021+0000] {dagbag.py:355} ERROR - Failed to import: /opt/airflow/dags/dbt.py
Traceback (most recent call last):
  File "/home/airflow/.local/lib/python3.12/site-packages/airflow/models/dagbag.py", line 351, in parse
    loader.exec_module(new_module)
  File "<frozen importlib._bootstrap_external>", line 995, in exec_module
  File "<frozen importlib._bootstrap>", line 488, in _call_with_frames_removed
  File "/opt/airflow/dags/dbt.py", line 2, in <module>
    from airflow.providers.standard.operators.bash import BashOperator
ModuleNotFoundError: No module named 'airflow.providers.standard'
[2026-03-19T02:34:42.027+0000] {processor.py:842} WARNING - No viable dags retrieved from /opt/airflow/dags/dbt.py
[2026-03-19T02:34:42.065+0000] {processor.py:183} INFO - Processing /opt/airflow/dags/dbt.py took 0.089 seconds
[2026-03-19T02:35:12.731+0000] {processor.py:161} INFO - Started process (PID=10068) to work on /opt/airflow/dags/dbt.py
[2026-03-19T02:35:12.733+0000] {processor.py:830} INFO - Processing file /opt/airflow/dags/dbt.py for tasks to queue
[2026-03-19T02:35:12.738+0000] {logging_mixin.py:188} INFO - [2026-03-19T02:35:12.737+0000] {dagbag.py:545} INFO - Filling up the DagBag from /opt/airflow/dags/dbt.py
[2026-03-19T02:35:12.752+0000] {logging_mixin.py:188} INFO - [2026-03-19T02:35:12.748+0000] {dagbag.py:355} ERROR - Failed to import: /opt/airflow/dags/dbt.py
Traceback (most recent call last):
  File "/home/airflow/.local/lib/python3.12/site-packages/airflow/models/dagbag.py", line 351, in parse
    loader.exec_module(new_module)
  File "<frozen importlib._bootstrap_external>", line 995, in exec_module
  File "<frozen importlib._bootstrap>", line 488, in _call_with_frames_removed
  File "/opt/airflow/dags/dbt.py", line 2, in <module>
    from airflow.providers.standard.operators.bash import BashOperator
ModuleNotFoundError: No module named 'airflow.providers.standard'
[2026-03-19T02:35:12.756+0000] {processor.py:842} WARNING - No viable dags retrieved from /opt/airflow/dags/dbt.py
[2026-03-19T02:35:12.796+0000] {processor.py:183} INFO - Processing /opt/airflow/dags/dbt.py took 0.089 seconds
[2026-03-19T02:35:43.365+0000] {processor.py:161} INFO - Started process (PID=10070) to work on /opt/airflow/dags/dbt.py
[2026-03-19T02:35:43.367+0000] {processor.py:830} INFO - Processing file /opt/airflow/dags/dbt.py for tasks to queue
[2026-03-19T02:35:43.378+0000] {logging_mixin.py:188} INFO - [2026-03-19T02:35:43.378+0000] {dagbag.py:545} INFO - Filling up the DagBag from /opt/airflow/dags/dbt.py
[2026-03-19T02:35:43.387+0000] {logging_mixin.py:188} INFO - [2026-03-19T02:35:43.383+0000] {dagbag.py:355} ERROR - Failed to import: /opt/airflow/dags/dbt.py
Traceback (most recent call last):
  File "/home/airflow/.local/lib/python3.12/site-packages/airflow/models/dagbag.py", line 351, in parse
    loader.exec_module(new_module)
  File "<frozen importlib._bootstrap_external>", line 995, in exec_module
  File "<frozen importlib._bootstrap>", line 488, in _call_with_frames_removed
  File "/opt/airflow/dags/dbt.py", line 2, in <module>
    from airflow.providers.standard.operators.bash import BashOperator
ModuleNotFoundError: No module named 'airflow.providers.standard'
[2026-03-19T02:35:43.388+0000] {processor.py:842} WARNING - No viable dags retrieved from /opt/airflow/dags/dbt.py
[2026-03-19T02:35:43.432+0000] {processor.py:183} INFO - Processing /opt/airflow/dags/dbt.py took 0.094 seconds
[2026-03-19T02:36:14.168+0000] {processor.py:161} INFO - Started process (PID=10072) to work on /opt/airflow/dags/dbt.py
[2026-03-19T02:36:14.173+0000] {processor.py:830} INFO - Processing file /opt/airflow/dags/dbt.py for tasks to queue
[2026-03-19T02:36:14.181+0000] {logging_mixin.py:188} INFO - [2026-03-19T02:36:14.180+0000] {dagbag.py:545} INFO - Filling up the DagBag from /opt/airflow/dags/dbt.py
[2026-03-19T02:36:14.197+0000] {logging_mixin.py:188} INFO - [2026-03-19T02:36:14.190+0000] {dagbag.py:355} ERROR - Failed to import: /opt/airflow/dags/dbt.py
Traceback (most recent call last):
  File "/home/airflow/.local/lib/python3.12/site-packages/airflow/models/dagbag.py", line 351, in parse
    loader.exec_module(new_module)
  File "<frozen importlib._bootstrap_external>", line 995, in exec_module
  File "<frozen importlib._bootstrap>", line 488, in _call_with_frames_removed
  File "/opt/airflow/dags/dbt.py", line 2, in <module>
    from airflow.providers.standard.operators.bash import BashOperator
ModuleNotFoundError: No module named 'airflow.providers.standard'
[2026-03-19T02:36:14.197+0000] {processor.py:842} WARNING - No viable dags retrieved from /opt/airflow/dags/dbt.py
[2026-03-19T02:36:14.242+0000] {processor.py:183} INFO - Processing /opt/airflow/dags/dbt.py took 0.098 seconds
[2026-03-19T02:36:44.793+0000] {processor.py:161} INFO - Started process (PID=10074) to work on /opt/airflow/dags/dbt.py
[2026-03-19T02:36:44.795+0000] {processor.py:830} INFO - Processing file /opt/airflow/dags/dbt.py for tasks to queue
[2026-03-19T02:36:44.805+0000] {logging_mixin.py:188} INFO - [2026-03-19T02:36:44.804+0000] {dagbag.py:545} INFO - Filling up the DagBag from /opt/airflow/dags/dbt.py
[2026-03-19T02:36:44.813+0000] {logging_mixin.py:188} INFO - [2026-03-19T02:36:44.811+0000] {dagbag.py:355} ERROR - Failed to import: /opt/airflow/dags/dbt.py
Traceback (most recent call last):
  File "/home/airflow/.local/lib/python3.12/site-packages/airflow/models/dagbag.py", line 351, in parse
    loader.exec_module(new_module)
  File "<frozen importlib._bootstrap_external>", line 995, in exec_module
  File "<frozen importlib._bootstrap>", line 488, in _call_with_frames_removed
  File "/opt/airflow/dags/dbt.py", line 2, in <module>
    from airflow.providers.standard.operators.bash import BashOperator
ModuleNotFoundError: No module named 'airflow.providers.standard'
[2026-03-19T02:36:44.816+0000] {processor.py:842} WARNING - No viable dags retrieved from /opt/airflow/dags/dbt.py
[2026-03-19T02:36:44.860+0000] {processor.py:183} INFO - Processing /opt/airflow/dags/dbt.py took 0.089 seconds
[2026-03-19T02:37:15.551+0000] {processor.py:161} INFO - Started process (PID=10076) to work on /opt/airflow/dags/dbt.py
[2026-03-19T02:37:15.552+0000] {processor.py:830} INFO - Processing file /opt/airflow/dags/dbt.py for tasks to queue
[2026-03-19T02:37:15.566+0000] {logging_mixin.py:188} INFO - [2026-03-19T02:37:15.565+0000] {dagbag.py:545} INFO - Filling up the DagBag from /opt/airflow/dags/dbt.py
[2026-03-19T02:37:15.579+0000] {logging_mixin.py:188} INFO - [2026-03-19T02:37:15.574+0000] {dagbag.py:355} ERROR - Failed to import: /opt/airflow/dags/dbt.py
Traceback (most recent call last):
  File "/home/airflow/.local/lib/python3.12/site-packages/airflow/models/dagbag.py", line 351, in parse
    loader.exec_module(new_module)
  File "<frozen importlib._bootstrap_external>", line 995, in exec_module
  File "<frozen importlib._bootstrap>", line 488, in _call_with_frames_removed
  File "/opt/airflow/dags/dbt.py", line 2, in <module>
    from airflow.providers.standard.operators.bash import BashOperator
ModuleNotFoundError: No module named 'airflow.providers.standard'
[2026-03-19T02:37:15.579+0000] {processor.py:842} WARNING - No viable dags retrieved from /opt/airflow/dags/dbt.py
[2026-03-19T02:37:15.629+0000] {processor.py:183} INFO - Processing /opt/airflow/dags/dbt.py took 0.110 seconds
[2026-03-19T02:37:46.243+0000] {processor.py:161} INFO - Started process (PID=10078) to work on /opt/airflow/dags/dbt.py
[2026-03-19T02:37:46.245+0000] {processor.py:830} INFO - Processing file /opt/airflow/dags/dbt.py for tasks to queue
[2026-03-19T02:37:46.255+0000] {logging_mixin.py:188} INFO - [2026-03-19T02:37:46.254+0000] {dagbag.py:545} INFO - Filling up the DagBag from /opt/airflow/dags/dbt.py
[2026-03-19T02:37:46.267+0000] {logging_mixin.py:188} INFO - [2026-03-19T02:37:46.263+0000] {dagbag.py:355} ERROR - Failed to import: /opt/airflow/dags/dbt.py
Traceback (most recent call last):
  File "/home/airflow/.local/lib/python3.12/site-packages/airflow/models/dagbag.py", line 351, in parse
    loader.exec_module(new_module)
  File "<frozen importlib._bootstrap_external>", line 995, in exec_module
  File "<frozen importlib._bootstrap>", line 488, in _call_with_frames_removed
  File "/opt/airflow/dags/dbt.py", line 2, in <module>
    from airflow.providers.standard.operators.bash import BashOperator
ModuleNotFoundError: No module named 'airflow.providers.standard'
[2026-03-19T02:37:46.268+0000] {processor.py:842} WARNING - No viable dags retrieved from /opt/airflow/dags/dbt.py
[2026-03-19T02:37:46.314+0000] {processor.py:183} INFO - Processing /opt/airflow/dags/dbt.py took 0.099 seconds
[2026-03-19T02:38:16.872+0000] {processor.py:161} INFO - Started process (PID=10080) to work on /opt/airflow/dags/dbt.py
[2026-03-19T02:38:16.873+0000] {processor.py:830} INFO - Processing file /opt/airflow/dags/dbt.py for tasks to queue
[2026-03-19T02:38:16.880+0000] {logging_mixin.py:188} INFO - [2026-03-19T02:38:16.879+0000] {dagbag.py:545} INFO - Filling up the DagBag from /opt/airflow/dags/dbt.py
[2026-03-19T02:38:16.890+0000] {logging_mixin.py:188} INFO - [2026-03-19T02:38:16.885+0000] {dagbag.py:355} ERROR - Failed to import: /opt/airflow/dags/dbt.py
Traceback (most recent call last):
  File "/home/airflow/.local/lib/python3.12/site-packages/airflow/models/dagbag.py", line 351, in parse
    loader.exec_module(new_module)
  File "<frozen importlib._bootstrap_external>", line 995, in exec_module
  File "<frozen importlib._bootstrap>", line 488, in _call_with_frames_removed
  File "/opt/airflow/dags/dbt.py", line 2, in <module>
    from airflow.providers.standard.operators.bash import BashOperator
ModuleNotFoundError: No module named 'airflow.providers.standard'
[2026-03-19T02:38:16.890+0000] {processor.py:842} WARNING - No viable dags retrieved from /opt/airflow/dags/dbt.py
[2026-03-19T02:38:16.927+0000] {processor.py:183} INFO - Processing /opt/airflow/dags/dbt.py took 0.087 seconds
[2026-03-19T02:38:47.500+0000] {processor.py:161} INFO - Started process (PID=10082) to work on /opt/airflow/dags/dbt.py
[2026-03-19T02:38:47.504+0000] {processor.py:830} INFO - Processing file /opt/airflow/dags/dbt.py for tasks to queue
[2026-03-19T02:38:47.510+0000] {logging_mixin.py:188} INFO - [2026-03-19T02:38:47.509+0000] {dagbag.py:545} INFO - Filling up the DagBag from /opt/airflow/dags/dbt.py
[2026-03-19T02:38:47.522+0000] {logging_mixin.py:188} INFO - [2026-03-19T02:38:47.520+0000] {dagbag.py:355} ERROR - Failed to import: /opt/airflow/dags/dbt.py
Traceback (most recent call last):
  File "/home/airflow/.local/lib/python3.12/site-packages/airflow/models/dagbag.py", line 351, in parse
    loader.exec_module(new_module)
  File "<frozen importlib._bootstrap_external>", line 995, in exec_module
  File "<frozen importlib._bootstrap>", line 488, in _call_with_frames_removed
  File "/opt/airflow/dags/dbt.py", line 2, in <module>
    from airflow.providers.standard.operators.bash import BashOperator
ModuleNotFoundError: No module named 'airflow.providers.standard'
[2026-03-19T02:38:47.522+0000] {processor.py:842} WARNING - No viable dags retrieved from /opt/airflow/dags/dbt.py
[2026-03-19T02:38:47.565+0000] {processor.py:183} INFO - Processing /opt/airflow/dags/dbt.py took 0.092 seconds
[2026-03-19T02:39:18.285+0000] {processor.py:161} INFO - Started process (PID=10084) to work on /opt/airflow/dags/dbt.py
[2026-03-19T02:39:18.291+0000] {processor.py:830} INFO - Processing file /opt/airflow/dags/dbt.py for tasks to queue
[2026-03-19T02:39:18.295+0000] {logging_mixin.py:188} INFO - [2026-03-19T02:39:18.295+0000] {dagbag.py:545} INFO - Filling up the DagBag from /opt/airflow/dags/dbt.py
[2026-03-19T02:39:18.304+0000] {logging_mixin.py:188} INFO - [2026-03-19T02:39:18.302+0000] {dagbag.py:355} ERROR - Failed to import: /opt/airflow/dags/dbt.py
Traceback (most recent call last):
  File "/home/airflow/.local/lib/python3.12/site-packages/airflow/models/dagbag.py", line 351, in parse
    loader.exec_module(new_module)
  File "<frozen importlib._bootstrap_external>", line 995, in exec_module
  File "<frozen importlib._bootstrap>", line 488, in _call_with_frames_removed
  File "/opt/airflow/dags/dbt.py", line 2, in <module>
    from airflow.providers.standard.operators.bash import BashOperator
ModuleNotFoundError: No module named 'airflow.providers.standard'
[2026-03-19T02:39:18.304+0000] {processor.py:842} WARNING - No viable dags retrieved from /opt/airflow/dags/dbt.py
[2026-03-19T02:39:18.343+0000] {processor.py:183} INFO - Processing /opt/airflow/dags/dbt.py took 0.084 seconds
[2026-03-19T02:39:48.804+0000] {processor.py:161} INFO - Started process (PID=10086) to work on /opt/airflow/dags/dbt.py
[2026-03-19T02:39:48.806+0000] {processor.py:830} INFO - Processing file /opt/airflow/dags/dbt.py for tasks to queue
[2026-03-19T02:39:48.812+0000] {logging_mixin.py:188} INFO - [2026-03-19T02:39:48.811+0000] {dagbag.py:545} INFO - Filling up the DagBag from /opt/airflow/dags/dbt.py
[2026-03-19T02:39:48.820+0000] {logging_mixin.py:188} INFO - [2026-03-19T02:39:48.818+0000] {dagbag.py:355} ERROR - Failed to import: /opt/airflow/dags/dbt.py
Traceback (most recent call last):
  File "/home/airflow/.local/lib/python3.12/site-packages/airflow/models/dagbag.py", line 351, in parse
    loader.exec_module(new_module)
  File "<frozen importlib._bootstrap_external>", line 995, in exec_module
  File "<frozen importlib._bootstrap>", line 488, in _call_with_frames_removed
  File "/opt/airflow/dags/dbt.py", line 2, in <module>
    from airflow.providers.standard.operators.bash import BashOperator
ModuleNotFoundError: No module named 'airflow.providers.standard'
[2026-03-19T02:39:48.823+0000] {processor.py:842} WARNING - No viable dags retrieved from /opt/airflow/dags/dbt.py
[2026-03-19T02:39:48.863+0000] {processor.py:183} INFO - Processing /opt/airflow/dags/dbt.py took 0.087 seconds
[2026-03-19T02:40:19.455+0000] {processor.py:161} INFO - Started process (PID=10088) to work on /opt/airflow/dags/dbt.py
[2026-03-19T02:40:19.456+0000] {processor.py:830} INFO - Processing file /opt/airflow/dags/dbt.py for tasks to queue
[2026-03-19T02:40:19.464+0000] {logging_mixin.py:188} INFO - [2026-03-19T02:40:19.462+0000] {dagbag.py:545} INFO - Filling up the DagBag from /opt/airflow/dags/dbt.py
[2026-03-19T02:40:19.474+0000] {logging_mixin.py:188} INFO - [2026-03-19T02:40:19.471+0000] {dagbag.py:355} ERROR - Failed to import: /opt/airflow/dags/dbt.py
Traceback (most recent call last):
  File "/home/airflow/.local/lib/python3.12/site-packages/airflow/models/dagbag.py", line 351, in parse
    loader.exec_module(new_module)
  File "<frozen importlib._bootstrap_external>", line 995, in exec_module
  File "<frozen importlib._bootstrap>", line 488, in _call_with_frames_removed
  File "/opt/airflow/dags/dbt.py", line 2, in <module>
    from airflow.providers.standard.operators.bash import BashOperator
ModuleNotFoundError: No module named 'airflow.providers.standard'
[2026-03-19T02:40:19.476+0000] {processor.py:842} WARNING - No viable dags retrieved from /opt/airflow/dags/dbt.py
[2026-03-19T02:40:19.518+0000] {processor.py:183} INFO - Processing /opt/airflow/dags/dbt.py took 0.085 seconds
[2026-03-19T02:40:50.075+0000] {processor.py:161} INFO - Started process (PID=10090) to work on /opt/airflow/dags/dbt.py
[2026-03-19T02:40:50.078+0000] {processor.py:830} INFO - Processing file /opt/airflow/dags/dbt.py for tasks to queue
[2026-03-19T02:40:50.084+0000] {logging_mixin.py:188} INFO - [2026-03-19T02:40:50.083+0000] {dagbag.py:545} INFO - Filling up the DagBag from /opt/airflow/dags/dbt.py
[2026-03-19T02:40:50.093+0000] {logging_mixin.py:188} INFO - [2026-03-19T02:40:50.091+0000] {dagbag.py:355} ERROR - Failed to import: /opt/airflow/dags/dbt.py
Traceback (most recent call last):
  File "/home/airflow/.local/lib/python3.12/site-packages/airflow/models/dagbag.py", line 351, in parse
    loader.exec_module(new_module)
  File "<frozen importlib._bootstrap_external>", line 995, in exec_module
  File "<frozen importlib._bootstrap>", line 488, in _call_with_frames_removed
  File "/opt/airflow/dags/dbt.py", line 2, in <module>
    from airflow.providers.standard.operators.bash import BashOperator
ModuleNotFoundError: No module named 'airflow.providers.standard'
[2026-03-19T02:40:50.095+0000] {processor.py:842} WARNING - No viable dags retrieved from /opt/airflow/dags/dbt.py
[2026-03-19T02:40:50.147+0000] {processor.py:183} INFO - Processing /opt/airflow/dags/dbt.py took 0.085 seconds
[2026-03-19T02:41:20.701+0000] {processor.py:161} INFO - Started process (PID=10092) to work on /opt/airflow/dags/dbt.py
[2026-03-19T02:41:20.707+0000] {processor.py:830} INFO - Processing file /opt/airflow/dags/dbt.py for tasks to queue
[2026-03-19T02:41:20.714+0000] {logging_mixin.py:188} INFO - [2026-03-19T02:41:20.713+0000] {dagbag.py:545} INFO - Filling up the DagBag from /opt/airflow/dags/dbt.py
[2026-03-19T02:41:20.725+0000] {logging_mixin.py:188} INFO - [2026-03-19T02:41:20.720+0000] {dagbag.py:355} ERROR - Failed to import: /opt/airflow/dags/dbt.py
Traceback (most recent call last):
  File "/home/airflow/.local/lib/python3.12/site-packages/airflow/models/dagbag.py", line 351, in parse
    loader.exec_module(new_module)
  File "<frozen importlib._bootstrap_external>", line 995, in exec_module
  File "<frozen importlib._bootstrap>", line 488, in _call_with_frames_removed
  File "/opt/airflow/dags/dbt.py", line 2, in <module>
    from airflow.providers.standard.operators.bash import BashOperator
ModuleNotFoundError: No module named 'airflow.providers.standard'
[2026-03-19T02:41:20.726+0000] {processor.py:842} WARNING - No viable dags retrieved from /opt/airflow/dags/dbt.py
[2026-03-19T02:41:20.771+0000] {processor.py:183} INFO - Processing /opt/airflow/dags/dbt.py took 0.087 seconds
[2026-03-19T02:41:51.428+0000] {processor.py:161} INFO - Started process (PID=10094) to work on /opt/airflow/dags/dbt.py
[2026-03-19T02:41:51.430+0000] {processor.py:830} INFO - Processing file /opt/airflow/dags/dbt.py for tasks to queue
[2026-03-19T02:41:51.436+0000] {logging_mixin.py:188} INFO - [2026-03-19T02:41:51.435+0000] {dagbag.py:545} INFO - Filling up the DagBag from /opt/airflow/dags/dbt.py
[2026-03-19T02:41:51.452+0000] {logging_mixin.py:188} INFO - [2026-03-19T02:41:51.450+0000] {dagbag.py:355} ERROR - Failed to import: /opt/airflow/dags/dbt.py
Traceback (most recent call last):
  File "/home/airflow/.local/lib/python3.12/site-packages/airflow/models/dagbag.py", line 351, in parse
    loader.exec_module(new_module)
  File "<frozen importlib._bootstrap_external>", line 995, in exec_module
  File "<frozen importlib._bootstrap>", line 488, in _call_with_frames_removed
  File "/opt/airflow/dags/dbt.py", line 2, in <module>
    from airflow.providers.standard.operators.bash import BashOperator
ModuleNotFoundError: No module named 'airflow.providers.standard'
[2026-03-19T02:41:51.452+0000] {processor.py:842} WARNING - No viable dags retrieved from /opt/airflow/dags/dbt.py
[2026-03-19T02:41:51.495+0000] {processor.py:183} INFO - Processing /opt/airflow/dags/dbt.py took 0.101 seconds
[2026-03-19T02:42:22.051+0000] {processor.py:161} INFO - Started process (PID=10096) to work on /opt/airflow/dags/dbt.py
[2026-03-19T02:42:22.054+0000] {processor.py:830} INFO - Processing file /opt/airflow/dags/dbt.py for tasks to queue
[2026-03-19T02:42:22.062+0000] {logging_mixin.py:188} INFO - [2026-03-19T02:42:22.061+0000] {dagbag.py:545} INFO - Filling up the DagBag from /opt/airflow/dags/dbt.py
[2026-03-19T02:42:22.074+0000] {logging_mixin.py:188} INFO - [2026-03-19T02:42:22.071+0000] {dagbag.py:355} ERROR - Failed to import: /opt/airflow/dags/dbt.py
Traceback (most recent call last):
  File "/home/airflow/.local/lib/python3.12/site-packages/airflow/models/dagbag.py", line 351, in parse
    loader.exec_module(new_module)
  File "<frozen importlib._bootstrap_external>", line 995, in exec_module
  File "<frozen importlib._bootstrap>", line 488, in _call_with_frames_removed
  File "/opt/airflow/dags/dbt.py", line 2, in <module>
    from airflow.providers.standard.operators.bash import BashOperator
ModuleNotFoundError: No module named 'airflow.providers.standard'
[2026-03-19T02:42:22.075+0000] {processor.py:842} WARNING - No viable dags retrieved from /opt/airflow/dags/dbt.py
[2026-03-19T02:42:22.116+0000] {processor.py:183} INFO - Processing /opt/airflow/dags/dbt.py took 0.087 seconds
[2026-03-19T02:42:52.740+0000] {processor.py:161} INFO - Started process (PID=10098) to work on /opt/airflow/dags/dbt.py
[2026-03-19T02:42:52.742+0000] {processor.py:830} INFO - Processing file /opt/airflow/dags/dbt.py for tasks to queue
[2026-03-19T02:42:52.752+0000] {logging_mixin.py:188} INFO - [2026-03-19T02:42:52.750+0000] {dagbag.py:545} INFO - Filling up the DagBag from /opt/airflow/dags/dbt.py
[2026-03-19T02:42:52.764+0000] {logging_mixin.py:188} INFO - [2026-03-19T02:42:52.761+0000] {dagbag.py:355} ERROR - Failed to import: /opt/airflow/dags/dbt.py
Traceback (most recent call last):
  File "/home/airflow/.local/lib/python3.12/site-packages/airflow/models/dagbag.py", line 351, in parse
    loader.exec_module(new_module)
  File "<frozen importlib._bootstrap_external>", line 995, in exec_module
  File "<frozen importlib._bootstrap>", line 488, in _call_with_frames_removed
  File "/opt/airflow/dags/dbt.py", line 2, in <module>
    from airflow.providers.standard.operators.bash import BashOperator
ModuleNotFoundError: No module named 'airflow.providers.standard'
[2026-03-19T02:42:52.765+0000] {processor.py:842} WARNING - No viable dags retrieved from /opt/airflow/dags/dbt.py
[2026-03-19T02:42:52.836+0000] {processor.py:183} INFO - Processing /opt/airflow/dags/dbt.py took 0.119 seconds
[2026-03-19T02:43:23.436+0000] {processor.py:161} INFO - Started process (PID=10100) to work on /opt/airflow/dags/dbt.py
[2026-03-19T02:43:23.439+0000] {processor.py:830} INFO - Processing file /opt/airflow/dags/dbt.py for tasks to queue
[2026-03-19T02:43:23.453+0000] {logging_mixin.py:188} INFO - [2026-03-19T02:43:23.452+0000] {dagbag.py:545} INFO - Filling up the DagBag from /opt/airflow/dags/dbt.py
[2026-03-19T02:43:23.476+0000] {logging_mixin.py:188} INFO - [2026-03-19T02:43:23.470+0000] {dagbag.py:355} ERROR - Failed to import: /opt/airflow/dags/dbt.py
Traceback (most recent call last):
  File "/home/airflow/.local/lib/python3.12/site-packages/airflow/models/dagbag.py", line 351, in parse
    loader.exec_module(new_module)
  File "<frozen importlib._bootstrap_external>", line 995, in exec_module
  File "<frozen importlib._bootstrap>", line 488, in _call_with_frames_removed
  File "/opt/airflow/dags/dbt.py", line 2, in <module>
    from airflow.providers.standard.operators.bash import BashOperator
ModuleNotFoundError: No module named 'airflow.providers.standard'
[2026-03-19T02:43:23.476+0000] {processor.py:842} WARNING - No viable dags retrieved from /opt/airflow/dags/dbt.py
[2026-03-19T02:43:23.524+0000] {processor.py:183} INFO - Processing /opt/airflow/dags/dbt.py took 0.139 seconds
[2026-03-19T02:43:54.062+0000] {processor.py:161} INFO - Started process (PID=10102) to work on /opt/airflow/dags/dbt.py
[2026-03-19T02:43:54.067+0000] {processor.py:830} INFO - Processing file /opt/airflow/dags/dbt.py for tasks to queue
[2026-03-19T02:43:54.073+0000] {logging_mixin.py:188} INFO - [2026-03-19T02:43:54.072+0000] {dagbag.py:545} INFO - Filling up the DagBag from /opt/airflow/dags/dbt.py
[2026-03-19T02:43:54.083+0000] {logging_mixin.py:188} INFO - [2026-03-19T02:43:54.081+0000] {dagbag.py:355} ERROR - Failed to import: /opt/airflow/dags/dbt.py
Traceback (most recent call last):
  File "/home/airflow/.local/lib/python3.12/site-packages/airflow/models/dagbag.py", line 351, in parse
    loader.exec_module(new_module)
  File "<frozen importlib._bootstrap_external>", line 995, in exec_module
  File "<frozen importlib._bootstrap>", line 488, in _call_with_frames_removed
  File "/opt/airflow/dags/dbt.py", line 2, in <module>
    from airflow.providers.standard.operators.bash import BashOperator
ModuleNotFoundError: No module named 'airflow.providers.standard'
[2026-03-19T02:43:54.087+0000] {processor.py:842} WARNING - No viable dags retrieved from /opt/airflow/dags/dbt.py
[2026-03-19T02:43:54.124+0000] {processor.py:183} INFO - Processing /opt/airflow/dags/dbt.py took 0.075 seconds
[2026-03-19T02:44:24.740+0000] {processor.py:161} INFO - Started process (PID=10104) to work on /opt/airflow/dags/dbt.py
[2026-03-19T02:44:24.741+0000] {processor.py:830} INFO - Processing file /opt/airflow/dags/dbt.py for tasks to queue
[2026-03-19T02:44:24.747+0000] {logging_mixin.py:188} INFO - [2026-03-19T02:44:24.746+0000] {dagbag.py:545} INFO - Filling up the DagBag from /opt/airflow/dags/dbt.py
[2026-03-19T02:44:24.767+0000] {logging_mixin.py:188} INFO - [2026-03-19T02:44:24.766+0000] {dagbag.py:355} ERROR - Failed to import: /opt/airflow/dags/dbt.py
Traceback (most recent call last):
  File "/home/airflow/.local/lib/python3.12/site-packages/airflow/models/dagbag.py", line 351, in parse
    loader.exec_module(new_module)
  File "<frozen importlib._bootstrap_external>", line 995, in exec_module
  File "<frozen importlib._bootstrap>", line 488, in _call_with_frames_removed
  File "/opt/airflow/dags/dbt.py", line 2, in <module>
    from airflow.providers.standard.operators.bash import BashOperator
ModuleNotFoundError: No module named 'airflow.providers.standard'
[2026-03-19T02:44:24.768+0000] {processor.py:842} WARNING - No viable dags retrieved from /opt/airflow/dags/dbt.py
[2026-03-19T02:44:24.807+0000] {processor.py:183} INFO - Processing /opt/airflow/dags/dbt.py took 0.091 seconds
[2026-03-19T02:44:55.679+0000] {processor.py:161} INFO - Started process (PID=10106) to work on /opt/airflow/dags/dbt.py
[2026-03-19T02:44:55.682+0000] {processor.py:830} INFO - Processing file /opt/airflow/dags/dbt.py for tasks to queue
[2026-03-19T02:44:55.694+0000] {logging_mixin.py:188} INFO - [2026-03-19T02:44:55.692+0000] {dagbag.py:545} INFO - Filling up the DagBag from /opt/airflow/dags/dbt.py
[2026-03-19T02:44:55.713+0000] {logging_mixin.py:188} INFO - [2026-03-19T02:44:55.709+0000] {dagbag.py:355} ERROR - Failed to import: /opt/airflow/dags/dbt.py
Traceback (most recent call last):
  File "/home/airflow/.local/lib/python3.12/site-packages/airflow/models/dagbag.py", line 351, in parse
    loader.exec_module(new_module)
  File "<frozen importlib._bootstrap_external>", line 995, in exec_module
  File "<frozen importlib._bootstrap>", line 488, in _call_with_frames_removed
  File "/opt/airflow/dags/dbt.py", line 2, in <module>
    from airflow.providers.standard.operators.bash import BashOperator
ModuleNotFoundError: No module named 'airflow.providers.standard'
[2026-03-19T02:44:55.715+0000] {processor.py:842} WARNING - No viable dags retrieved from /opt/airflow/dags/dbt.py
[2026-03-19T02:44:55.781+0000] {processor.py:183} INFO - Processing /opt/airflow/dags/dbt.py took 0.134 seconds
[2026-03-19T02:45:26.375+0000] {processor.py:161} INFO - Started process (PID=10108) to work on /opt/airflow/dags/dbt.py
[2026-03-19T02:45:26.377+0000] {processor.py:830} INFO - Processing file /opt/airflow/dags/dbt.py for tasks to queue
[2026-03-19T02:45:26.385+0000] {logging_mixin.py:188} INFO - [2026-03-19T02:45:26.384+0000] {dagbag.py:545} INFO - Filling up the DagBag from /opt/airflow/dags/dbt.py
[2026-03-19T02:45:26.393+0000] {logging_mixin.py:188} INFO - [2026-03-19T02:45:26.391+0000] {dagbag.py:355} ERROR - Failed to import: /opt/airflow/dags/dbt.py
Traceback (most recent call last):
  File "/home/airflow/.local/lib/python3.12/site-packages/airflow/models/dagbag.py", line 351, in parse
    loader.exec_module(new_module)
  File "<frozen importlib._bootstrap_external>", line 995, in exec_module
  File "<frozen importlib._bootstrap>", line 488, in _call_with_frames_removed
  File "/opt/airflow/dags/dbt.py", line 2, in <module>
    from airflow.providers.standard.operators.bash import BashOperator
ModuleNotFoundError: No module named 'airflow.providers.standard'
[2026-03-19T02:45:26.393+0000] {processor.py:842} WARNING - No viable dags retrieved from /opt/airflow/dags/dbt.py
[2026-03-19T02:45:26.444+0000] {processor.py:183} INFO - Processing /opt/airflow/dags/dbt.py took 0.093 seconds
[2026-03-19T02:45:56.934+0000] {processor.py:161} INFO - Started process (PID=10110) to work on /opt/airflow/dags/dbt.py
[2026-03-19T02:45:56.936+0000] {processor.py:830} INFO - Processing file /opt/airflow/dags/dbt.py for tasks to queue
[2026-03-19T02:45:56.944+0000] {logging_mixin.py:188} INFO - [2026-03-19T02:45:56.942+0000] {dagbag.py:545} INFO - Filling up the DagBag from /opt/airflow/dags/dbt.py
[2026-03-19T02:45:56.955+0000] {logging_mixin.py:188} INFO - [2026-03-19T02:45:56.953+0000] {dagbag.py:355} ERROR - Failed to import: /opt/airflow/dags/dbt.py
Traceback (most recent call last):
  File "/home/airflow/.local/lib/python3.12/site-packages/airflow/models/dagbag.py", line 351, in parse
    loader.exec_module(new_module)
  File "<frozen importlib._bootstrap_external>", line 995, in exec_module
  File "<frozen importlib._bootstrap>", line 488, in _call_with_frames_removed
  File "/opt/airflow/dags/dbt.py", line 2, in <module>
    from airflow.providers.standard.operators.bash import BashOperator
ModuleNotFoundError: No module named 'airflow.providers.standard'
[2026-03-19T02:45:56.958+0000] {processor.py:842} WARNING - No viable dags retrieved from /opt/airflow/dags/dbt.py
[2026-03-19T02:45:57.003+0000] {processor.py:183} INFO - Processing /opt/airflow/dags/dbt.py took 0.096 seconds
[2026-03-19T02:46:27.453+0000] {processor.py:161} INFO - Started process (PID=10112) to work on /opt/airflow/dags/dbt.py
[2026-03-19T02:46:27.455+0000] {processor.py:830} INFO - Processing file /opt/airflow/dags/dbt.py for tasks to queue
[2026-03-19T02:46:27.466+0000] {logging_mixin.py:188} INFO - [2026-03-19T02:46:27.465+0000] {dagbag.py:545} INFO - Filling up the DagBag from /opt/airflow/dags/dbt.py
[2026-03-19T02:46:27.473+0000] {logging_mixin.py:188} INFO - [2026-03-19T02:46:27.472+0000] {dagbag.py:355} ERROR - Failed to import: /opt/airflow/dags/dbt.py
Traceback (most recent call last):
  File "/home/airflow/.local/lib/python3.12/site-packages/airflow/models/dagbag.py", line 351, in parse
    loader.exec_module(new_module)
  File "<frozen importlib._bootstrap_external>", line 995, in exec_module
  File "<frozen importlib._bootstrap>", line 488, in _call_with_frames_removed
  File "/opt/airflow/dags/dbt.py", line 2, in <module>
    from airflow.providers.standard.operators.bash import BashOperator
ModuleNotFoundError: No module named 'airflow.providers.standard'
[2026-03-19T02:46:27.474+0000] {processor.py:842} WARNING - No viable dags retrieved from /opt/airflow/dags/dbt.py
[2026-03-19T02:46:27.513+0000] {processor.py:183} INFO - Processing /opt/airflow/dags/dbt.py took 0.089 seconds
[2026-03-19T02:46:57.980+0000] {processor.py:161} INFO - Started process (PID=10114) to work on /opt/airflow/dags/dbt.py
[2026-03-19T02:46:57.982+0000] {processor.py:830} INFO - Processing file /opt/airflow/dags/dbt.py for tasks to queue
[2026-03-19T02:46:57.990+0000] {logging_mixin.py:188} INFO - [2026-03-19T02:46:57.989+0000] {dagbag.py:545} INFO - Filling up the DagBag from /opt/airflow/dags/dbt.py
[2026-03-19T02:46:57.998+0000] {logging_mixin.py:188} INFO - [2026-03-19T02:46:57.996+0000] {dagbag.py:355} ERROR - Failed to import: /opt/airflow/dags/dbt.py
Traceback (most recent call last):
  File "/home/airflow/.local/lib/python3.12/site-packages/airflow/models/dagbag.py", line 351, in parse
    loader.exec_module(new_module)
  File "<frozen importlib._bootstrap_external>", line 995, in exec_module
  File "<frozen importlib._bootstrap>", line 488, in _call_with_frames_removed
  File "/opt/airflow/dags/dbt.py", line 2, in <module>
    from airflow.providers.standard.operators.bash import BashOperator
ModuleNotFoundError: No module named 'airflow.providers.standard'
[2026-03-19T02:46:57.998+0000] {processor.py:842} WARNING - No viable dags retrieved from /opt/airflow/dags/dbt.py
[2026-03-19T02:46:58.041+0000] {processor.py:183} INFO - Processing /opt/airflow/dags/dbt.py took 0.084 seconds
[2026-03-19T02:47:28.501+0000] {processor.py:161} INFO - Started process (PID=10116) to work on /opt/airflow/dags/dbt.py
[2026-03-19T02:47:28.502+0000] {processor.py:830} INFO - Processing file /opt/airflow/dags/dbt.py for tasks to queue
[2026-03-19T02:47:28.506+0000] {logging_mixin.py:188} INFO - [2026-03-19T02:47:28.506+0000] {dagbag.py:545} INFO - Filling up the DagBag from /opt/airflow/dags/dbt.py
[2026-03-19T02:47:28.515+0000] {logging_mixin.py:188} INFO - [2026-03-19T02:47:28.511+0000] {dagbag.py:355} ERROR - Failed to import: /opt/airflow/dags/dbt.py
Traceback (most recent call last):
  File "/home/airflow/.local/lib/python3.12/site-packages/airflow/models/dagbag.py", line 351, in parse
    loader.exec_module(new_module)
  File "<frozen importlib._bootstrap_external>", line 995, in exec_module
  File "<frozen importlib._bootstrap>", line 488, in _call_with_frames_removed
  File "/opt/airflow/dags/dbt.py", line 2, in <module>
    from airflow.providers.standard.operators.bash import BashOperator
ModuleNotFoundError: No module named 'airflow.providers.standard'
[2026-03-19T02:47:28.519+0000] {processor.py:842} WARNING - No viable dags retrieved from /opt/airflow/dags/dbt.py
[2026-03-19T02:47:28.555+0000] {processor.py:183} INFO - Processing /opt/airflow/dags/dbt.py took 0.086 seconds
[2026-03-19T02:47:59.059+0000] {processor.py:161} INFO - Started process (PID=10118) to work on /opt/airflow/dags/dbt.py
[2026-03-19T02:47:59.061+0000] {processor.py:830} INFO - Processing file /opt/airflow/dags/dbt.py for tasks to queue
[2026-03-19T02:47:59.066+0000] {logging_mixin.py:188} INFO - [2026-03-19T02:47:59.066+0000] {dagbag.py:545} INFO - Filling up the DagBag from /opt/airflow/dags/dbt.py
[2026-03-19T02:47:59.080+0000] {logging_mixin.py:188} INFO - [2026-03-19T02:47:59.078+0000] {dagbag.py:355} ERROR - Failed to import: /opt/airflow/dags/dbt.py
Traceback (most recent call last):
  File "/home/airflow/.local/lib/python3.12/site-packages/airflow/models/dagbag.py", line 351, in parse
    loader.exec_module(new_module)
  File "<frozen importlib._bootstrap_external>", line 995, in exec_module
  File "<frozen importlib._bootstrap>", line 488, in _call_with_frames_removed
  File "/opt/airflow/dags/dbt.py", line 2, in <module>
    from airflow.providers.standard.operators.bash import BashOperator
ModuleNotFoundError: No module named 'airflow.providers.standard'
[2026-03-19T02:47:59.080+0000] {processor.py:842} WARNING - No viable dags retrieved from /opt/airflow/dags/dbt.py
[2026-03-19T02:47:59.122+0000] {processor.py:183} INFO - Processing /opt/airflow/dags/dbt.py took 0.082 seconds
[2026-03-19T02:48:29.579+0000] {processor.py:161} INFO - Started process (PID=10120) to work on /opt/airflow/dags/dbt.py
[2026-03-19T02:48:29.581+0000] {processor.py:830} INFO - Processing file /opt/airflow/dags/dbt.py for tasks to queue
[2026-03-19T02:48:29.590+0000] {logging_mixin.py:188} INFO - [2026-03-19T02:48:29.589+0000] {dagbag.py:545} INFO - Filling up the DagBag from /opt/airflow/dags/dbt.py
[2026-03-19T02:48:29.601+0000] {logging_mixin.py:188} INFO - [2026-03-19T02:48:29.599+0000] {dagbag.py:355} ERROR - Failed to import: /opt/airflow/dags/dbt.py
Traceback (most recent call last):
  File "/home/airflow/.local/lib/python3.12/site-packages/airflow/models/dagbag.py", line 351, in parse
    loader.exec_module(new_module)
  File "<frozen importlib._bootstrap_external>", line 995, in exec_module
  File "<frozen importlib._bootstrap>", line 488, in _call_with_frames_removed
  File "/opt/airflow/dags/dbt.py", line 2, in <module>
    from airflow.providers.standard.operators.bash import BashOperator
ModuleNotFoundError: No module named 'airflow.providers.standard'
[2026-03-19T02:48:29.602+0000] {processor.py:842} WARNING - No viable dags retrieved from /opt/airflow/dags/dbt.py
[2026-03-19T02:48:29.642+0000] {processor.py:183} INFO - Processing /opt/airflow/dags/dbt.py took 0.092 seconds
[2026-03-19T02:49:00.086+0000] {processor.py:161} INFO - Started process (PID=10122) to work on /opt/airflow/dags/dbt.py
[2026-03-19T02:49:00.088+0000] {processor.py:830} INFO - Processing file /opt/airflow/dags/dbt.py for tasks to queue
[2026-03-19T02:49:00.098+0000] {logging_mixin.py:188} INFO - [2026-03-19T02:49:00.096+0000] {dagbag.py:545} INFO - Filling up the DagBag from /opt/airflow/dags/dbt.py
[2026-03-19T02:49:00.112+0000] {logging_mixin.py:188} INFO - [2026-03-19T02:49:00.109+0000] {dagbag.py:355} ERROR - Failed to import: /opt/airflow/dags/dbt.py
Traceback (most recent call last):
  File "/home/airflow/.local/lib/python3.12/site-packages/airflow/models/dagbag.py", line 351, in parse
    loader.exec_module(new_module)
  File "<frozen importlib._bootstrap_external>", line 995, in exec_module
  File "<frozen importlib._bootstrap>", line 488, in _call_with_frames_removed
  File "/opt/airflow/dags/dbt.py", line 2, in <module>
    from airflow.providers.standard.operators.bash import BashOperator
ModuleNotFoundError: No module named 'airflow.providers.standard'
[2026-03-19T02:49:00.112+0000] {processor.py:842} WARNING - No viable dags retrieved from /opt/airflow/dags/dbt.py
[2026-03-19T02:49:00.151+0000] {processor.py:183} INFO - Processing /opt/airflow/dags/dbt.py took 0.088 seconds
[2026-03-19T02:49:30.664+0000] {processor.py:161} INFO - Started process (PID=10124) to work on /opt/airflow/dags/dbt.py
[2026-03-19T02:49:30.670+0000] {processor.py:830} INFO - Processing file /opt/airflow/dags/dbt.py for tasks to queue
[2026-03-19T02:49:30.675+0000] {logging_mixin.py:188} INFO - [2026-03-19T02:49:30.674+0000] {dagbag.py:545} INFO - Filling up the DagBag from /opt/airflow/dags/dbt.py
[2026-03-19T02:49:30.686+0000] {logging_mixin.py:188} INFO - [2026-03-19T02:49:30.683+0000] {dagbag.py:355} ERROR - Failed to import: /opt/airflow/dags/dbt.py
Traceback (most recent call last):
  File "/home/airflow/.local/lib/python3.12/site-packages/airflow/models/dagbag.py", line 351, in parse
    loader.exec_module(new_module)
  File "<frozen importlib._bootstrap_external>", line 995, in exec_module
  File "<frozen importlib._bootstrap>", line 488, in _call_with_frames_removed
  File "/opt/airflow/dags/dbt.py", line 2, in <module>
    from airflow.providers.standard.operators.bash import BashOperator
ModuleNotFoundError: No module named 'airflow.providers.standard'
[2026-03-19T02:49:30.686+0000] {processor.py:842} WARNING - No viable dags retrieved from /opt/airflow/dags/dbt.py
[2026-03-19T02:49:30.732+0000] {processor.py:183} INFO - Processing /opt/airflow/dags/dbt.py took 0.088 seconds
[2026-03-19T02:50:01.182+0000] {processor.py:161} INFO - Started process (PID=10126) to work on /opt/airflow/dags/dbt.py
[2026-03-19T02:50:01.190+0000] {processor.py:830} INFO - Processing file /opt/airflow/dags/dbt.py for tasks to queue
[2026-03-19T02:50:01.203+0000] {logging_mixin.py:188} INFO - [2026-03-19T02:50:01.201+0000] {dagbag.py:545} INFO - Filling up the DagBag from /opt/airflow/dags/dbt.py
[2026-03-19T02:50:01.212+0000] {logging_mixin.py:188} INFO - [2026-03-19T02:50:01.210+0000] {dagbag.py:355} ERROR - Failed to import: /opt/airflow/dags/dbt.py
Traceback (most recent call last):
  File "/home/airflow/.local/lib/python3.12/site-packages/airflow/models/dagbag.py", line 351, in parse
    loader.exec_module(new_module)
  File "<frozen importlib._bootstrap_external>", line 995, in exec_module
  File "<frozen importlib._bootstrap>", line 488, in _call_with_frames_removed
  File "/opt/airflow/dags/dbt.py", line 2, in <module>
    from airflow.providers.standard.operators.bash import BashOperator
ModuleNotFoundError: No module named 'airflow.providers.standard'
[2026-03-19T02:50:01.214+0000] {processor.py:842} WARNING - No viable dags retrieved from /opt/airflow/dags/dbt.py
[2026-03-19T02:50:01.272+0000] {processor.py:183} INFO - Processing /opt/airflow/dags/dbt.py took 0.120 seconds
[2026-03-19T02:50:32.300+0000] {processor.py:161} INFO - Started process (PID=10128) to work on /opt/airflow/dags/dbt.py
[2026-03-19T02:50:32.302+0000] {processor.py:830} INFO - Processing file /opt/airflow/dags/dbt.py for tasks to queue
[2026-03-19T02:50:32.309+0000] {logging_mixin.py:188} INFO - [2026-03-19T02:50:32.308+0000] {dagbag.py:545} INFO - Filling up the DagBag from /opt/airflow/dags/dbt.py
[2026-03-19T02:50:32.321+0000] {logging_mixin.py:188} INFO - [2026-03-19T02:50:32.319+0000] {dagbag.py:355} ERROR - Failed to import: /opt/airflow/dags/dbt.py
Traceback (most recent call last):
  File "/home/airflow/.local/lib/python3.12/site-packages/airflow/models/dagbag.py", line 351, in parse
    loader.exec_module(new_module)
  File "<frozen importlib._bootstrap_external>", line 995, in exec_module
  File "<frozen importlib._bootstrap>", line 488, in _call_with_frames_removed
  File "/opt/airflow/dags/dbt.py", line 2, in <module>
    from airflow.providers.standard.operators.bash import BashOperator
ModuleNotFoundError: No module named 'airflow.providers.standard'
[2026-03-19T02:50:32.322+0000] {processor.py:842} WARNING - No viable dags retrieved from /opt/airflow/dags/dbt.py
[2026-03-19T02:50:32.376+0000] {processor.py:183} INFO - Processing /opt/airflow/dags/dbt.py took 0.093 seconds
[2026-03-19T02:51:02.880+0000] {processor.py:161} INFO - Started process (PID=10130) to work on /opt/airflow/dags/dbt.py
[2026-03-19T02:51:02.883+0000] {processor.py:830} INFO - Processing file /opt/airflow/dags/dbt.py for tasks to queue
[2026-03-19T02:51:02.893+0000] {logging_mixin.py:188} INFO - [2026-03-19T02:51:02.893+0000] {dagbag.py:545} INFO - Filling up the DagBag from /opt/airflow/dags/dbt.py
[2026-03-19T02:51:02.904+0000] {logging_mixin.py:188} INFO - [2026-03-19T02:51:02.901+0000] {dagbag.py:355} ERROR - Failed to import: /opt/airflow/dags/dbt.py
Traceback (most recent call last):
  File "/home/airflow/.local/lib/python3.12/site-packages/airflow/models/dagbag.py", line 351, in parse
    loader.exec_module(new_module)
  File "<frozen importlib._bootstrap_external>", line 995, in exec_module
  File "<frozen importlib._bootstrap>", line 488, in _call_with_frames_removed
  File "/opt/airflow/dags/dbt.py", line 2, in <module>
    from airflow.providers.standard.operators.bash import BashOperator
ModuleNotFoundError: No module named 'airflow.providers.standard'
[2026-03-19T02:51:02.904+0000] {processor.py:842} WARNING - No viable dags retrieved from /opt/airflow/dags/dbt.py
[2026-03-19T02:51:02.962+0000] {processor.py:183} INFO - Processing /opt/airflow/dags/dbt.py took 0.102 seconds
[2026-03-19T02:51:33.489+0000] {processor.py:161} INFO - Started process (PID=10132) to work on /opt/airflow/dags/dbt.py
[2026-03-19T02:51:33.496+0000] {processor.py:830} INFO - Processing file /opt/airflow/dags/dbt.py for tasks to queue
[2026-03-19T02:51:33.501+0000] {logging_mixin.py:188} INFO - [2026-03-19T02:51:33.500+0000] {dagbag.py:545} INFO - Filling up the DagBag from /opt/airflow/dags/dbt.py
[2026-03-19T02:51:33.514+0000] {logging_mixin.py:188} INFO - [2026-03-19T02:51:33.510+0000] {dagbag.py:355} ERROR - Failed to import: /opt/airflow/dags/dbt.py
Traceback (most recent call last):
  File "/home/airflow/.local/lib/python3.12/site-packages/airflow/models/dagbag.py", line 351, in parse
    loader.exec_module(new_module)
  File "<frozen importlib._bootstrap_external>", line 995, in exec_module
  File "<frozen importlib._bootstrap>", line 488, in _call_with_frames_removed
  File "/opt/airflow/dags/dbt.py", line 2, in <module>
    from airflow.providers.standard.operators.bash import BashOperator
ModuleNotFoundError: No module named 'airflow.providers.standard'
[2026-03-19T02:51:33.518+0000] {processor.py:842} WARNING - No viable dags retrieved from /opt/airflow/dags/dbt.py
[2026-03-19T02:51:33.560+0000] {processor.py:183} INFO - Processing /opt/airflow/dags/dbt.py took 0.093 seconds
[2026-03-19T02:52:04.087+0000] {processor.py:161} INFO - Started process (PID=10134) to work on /opt/airflow/dags/dbt.py
[2026-03-19T02:52:04.094+0000] {processor.py:830} INFO - Processing file /opt/airflow/dags/dbt.py for tasks to queue
[2026-03-19T02:52:04.103+0000] {logging_mixin.py:188} INFO - [2026-03-19T02:52:04.102+0000] {dagbag.py:545} INFO - Filling up the DagBag from /opt/airflow/dags/dbt.py
[2026-03-19T02:52:04.126+0000] {logging_mixin.py:188} INFO - [2026-03-19T02:52:04.125+0000] {dagbag.py:355} ERROR - Failed to import: /opt/airflow/dags/dbt.py
Traceback (most recent call last):
  File "/home/airflow/.local/lib/python3.12/site-packages/airflow/models/dagbag.py", line 351, in parse
    loader.exec_module(new_module)
  File "<frozen importlib._bootstrap_external>", line 995, in exec_module
  File "<frozen importlib._bootstrap>", line 488, in _call_with_frames_removed
  File "/opt/airflow/dags/dbt.py", line 2, in <module>
    from airflow.providers.standard.operators.bash import BashOperator
ModuleNotFoundError: No module named 'airflow.providers.standard'
[2026-03-19T02:52:04.127+0000] {processor.py:842} WARNING - No viable dags retrieved from /opt/airflow/dags/dbt.py
[2026-03-19T02:52:04.174+0000] {processor.py:183} INFO - Processing /opt/airflow/dags/dbt.py took 0.114 seconds
[2026-03-19T02:52:34.612+0000] {processor.py:161} INFO - Started process (PID=10136) to work on /opt/airflow/dags/dbt.py
[2026-03-19T02:52:34.613+0000] {processor.py:830} INFO - Processing file /opt/airflow/dags/dbt.py for tasks to queue
[2026-03-19T02:52:34.619+0000] {logging_mixin.py:188} INFO - [2026-03-19T02:52:34.618+0000] {dagbag.py:545} INFO - Filling up the DagBag from /opt/airflow/dags/dbt.py
[2026-03-19T02:52:34.630+0000] {logging_mixin.py:188} INFO - [2026-03-19T02:52:34.628+0000] {dagbag.py:355} ERROR - Failed to import: /opt/airflow/dags/dbt.py
Traceback (most recent call last):
  File "/home/airflow/.local/lib/python3.12/site-packages/airflow/models/dagbag.py", line 351, in parse
    loader.exec_module(new_module)
  File "<frozen importlib._bootstrap_external>", line 995, in exec_module
  File "<frozen importlib._bootstrap>", line 488, in _call_with_frames_removed
  File "/opt/airflow/dags/dbt.py", line 2, in <module>
    from airflow.providers.standard.operators.bash import BashOperator
ModuleNotFoundError: No module named 'airflow.providers.standard'
[2026-03-19T02:52:34.631+0000] {processor.py:842} WARNING - No viable dags retrieved from /opt/airflow/dags/dbt.py
[2026-03-19T02:52:34.676+0000] {processor.py:183} INFO - Processing /opt/airflow/dags/dbt.py took 0.082 seconds
[2026-03-19T02:53:05.179+0000] {processor.py:161} INFO - Started process (PID=10138) to work on /opt/airflow/dags/dbt.py
[2026-03-19T02:53:05.184+0000] {processor.py:830} INFO - Processing file /opt/airflow/dags/dbt.py for tasks to queue
[2026-03-19T02:53:05.189+0000] {logging_mixin.py:188} INFO - [2026-03-19T02:53:05.188+0000] {dagbag.py:545} INFO - Filling up the DagBag from /opt/airflow/dags/dbt.py
[2026-03-19T02:53:05.201+0000] {logging_mixin.py:188} INFO - [2026-03-19T02:53:05.197+0000] {dagbag.py:355} ERROR - Failed to import: /opt/airflow/dags/dbt.py
Traceback (most recent call last):
  File "/home/airflow/.local/lib/python3.12/site-packages/airflow/models/dagbag.py", line 351, in parse
    loader.exec_module(new_module)
  File "<frozen importlib._bootstrap_external>", line 995, in exec_module
  File "<frozen importlib._bootstrap>", line 488, in _call_with_frames_removed
  File "/opt/airflow/dags/dbt.py", line 2, in <module>
    from airflow.providers.standard.operators.bash import BashOperator
ModuleNotFoundError: No module named 'airflow.providers.standard'
[2026-03-19T02:53:05.202+0000] {processor.py:842} WARNING - No viable dags retrieved from /opt/airflow/dags/dbt.py
[2026-03-19T02:53:05.250+0000] {processor.py:183} INFO - Processing /opt/airflow/dags/dbt.py took 0.094 seconds
[2026-03-19T02:53:35.763+0000] {processor.py:161} INFO - Started process (PID=10140) to work on /opt/airflow/dags/dbt.py
[2026-03-19T02:53:35.765+0000] {processor.py:830} INFO - Processing file /opt/airflow/dags/dbt.py for tasks to queue
[2026-03-19T02:53:35.771+0000] {logging_mixin.py:188} INFO - [2026-03-19T02:53:35.770+0000] {dagbag.py:545} INFO - Filling up the DagBag from /opt/airflow/dags/dbt.py
[2026-03-19T02:53:35.780+0000] {logging_mixin.py:188} INFO - [2026-03-19T02:53:35.778+0000] {dagbag.py:355} ERROR - Failed to import: /opt/airflow/dags/dbt.py
Traceback (most recent call last):
  File "/home/airflow/.local/lib/python3.12/site-packages/airflow/models/dagbag.py", line 351, in parse
    loader.exec_module(new_module)
  File "<frozen importlib._bootstrap_external>", line 995, in exec_module
  File "<frozen importlib._bootstrap>", line 488, in _call_with_frames_removed
  File "/opt/airflow/dags/dbt.py", line 2, in <module>
    from airflow.providers.standard.operators.bash import BashOperator
ModuleNotFoundError: No module named 'airflow.providers.standard'
[2026-03-19T02:53:35.781+0000] {processor.py:842} WARNING - No viable dags retrieved from /opt/airflow/dags/dbt.py
[2026-03-19T02:53:35.824+0000] {processor.py:183} INFO - Processing /opt/airflow/dags/dbt.py took 0.085 seconds
[2026-03-19T02:54:06.347+0000] {processor.py:161} INFO - Started process (PID=10142) to work on /opt/airflow/dags/dbt.py
[2026-03-19T02:54:06.349+0000] {processor.py:830} INFO - Processing file /opt/airflow/dags/dbt.py for tasks to queue
[2026-03-19T02:54:06.356+0000] {logging_mixin.py:188} INFO - [2026-03-19T02:54:06.355+0000] {dagbag.py:545} INFO - Filling up the DagBag from /opt/airflow/dags/dbt.py
[2026-03-19T02:54:06.371+0000] {logging_mixin.py:188} INFO - [2026-03-19T02:54:06.367+0000] {dagbag.py:355} ERROR - Failed to import: /opt/airflow/dags/dbt.py
Traceback (most recent call last):
  File "/home/airflow/.local/lib/python3.12/site-packages/airflow/models/dagbag.py", line 351, in parse
    loader.exec_module(new_module)
  File "<frozen importlib._bootstrap_external>", line 995, in exec_module
  File "<frozen importlib._bootstrap>", line 488, in _call_with_frames_removed
  File "/opt/airflow/dags/dbt.py", line 2, in <module>
    from airflow.providers.standard.operators.bash import BashOperator
ModuleNotFoundError: No module named 'airflow.providers.standard'
[2026-03-19T02:54:06.372+0000] {processor.py:842} WARNING - No viable dags retrieved from /opt/airflow/dags/dbt.py
[2026-03-19T02:54:06.417+0000] {processor.py:183} INFO - Processing /opt/airflow/dags/dbt.py took 0.096 seconds
[2026-03-19T02:54:36.920+0000] {processor.py:161} INFO - Started process (PID=10144) to work on /opt/airflow/dags/dbt.py
[2026-03-19T02:54:36.922+0000] {processor.py:830} INFO - Processing file /opt/airflow/dags/dbt.py for tasks to queue
[2026-03-19T02:54:36.935+0000] {logging_mixin.py:188} INFO - [2026-03-19T02:54:36.934+0000] {dagbag.py:545} INFO - Filling up the DagBag from /opt/airflow/dags/dbt.py
[2026-03-19T02:54:36.949+0000] {logging_mixin.py:188} INFO - [2026-03-19T02:54:36.946+0000] {dagbag.py:355} ERROR - Failed to import: /opt/airflow/dags/dbt.py
Traceback (most recent call last):
  File "/home/airflow/.local/lib/python3.12/site-packages/airflow/models/dagbag.py", line 351, in parse
    loader.exec_module(new_module)
  File "<frozen importlib._bootstrap_external>", line 995, in exec_module
  File "<frozen importlib._bootstrap>", line 488, in _call_with_frames_removed
  File "/opt/airflow/dags/dbt.py", line 2, in <module>
    from airflow.providers.standard.operators.bash import BashOperator
ModuleNotFoundError: No module named 'airflow.providers.standard'
[2026-03-19T02:54:36.949+0000] {processor.py:842} WARNING - No viable dags retrieved from /opt/airflow/dags/dbt.py
[2026-03-19T02:54:36.989+0000] {processor.py:183} INFO - Processing /opt/airflow/dags/dbt.py took 0.098 seconds
[2026-03-19T02:55:07.498+0000] {processor.py:161} INFO - Started process (PID=10146) to work on /opt/airflow/dags/dbt.py
[2026-03-19T02:55:07.500+0000] {processor.py:830} INFO - Processing file /opt/airflow/dags/dbt.py for tasks to queue
[2026-03-19T02:55:07.509+0000] {logging_mixin.py:188} INFO - [2026-03-19T02:55:07.507+0000] {dagbag.py:545} INFO - Filling up the DagBag from /opt/airflow/dags/dbt.py
[2026-03-19T02:55:07.521+0000] {logging_mixin.py:188} INFO - [2026-03-19T02:55:07.516+0000] {dagbag.py:355} ERROR - Failed to import: /opt/airflow/dags/dbt.py
Traceback (most recent call last):
  File "/home/airflow/.local/lib/python3.12/site-packages/airflow/models/dagbag.py", line 351, in parse
    loader.exec_module(new_module)
  File "<frozen importlib._bootstrap_external>", line 995, in exec_module
  File "<frozen importlib._bootstrap>", line 488, in _call_with_frames_removed
  File "/opt/airflow/dags/dbt.py", line 2, in <module>
    from airflow.providers.standard.operators.bash import BashOperator
ModuleNotFoundError: No module named 'airflow.providers.standard'
[2026-03-19T02:55:07.521+0000] {processor.py:842} WARNING - No viable dags retrieved from /opt/airflow/dags/dbt.py
[2026-03-19T02:55:07.570+0000] {processor.py:183} INFO - Processing /opt/airflow/dags/dbt.py took 0.103 seconds
[2026-03-19T02:55:38.491+0000] {processor.py:161} INFO - Started process (PID=10148) to work on /opt/airflow/dags/dbt.py
[2026-03-19T02:55:38.492+0000] {processor.py:830} INFO - Processing file /opt/airflow/dags/dbt.py for tasks to queue
[2026-03-19T02:55:38.493+0000] {logging_mixin.py:188} INFO - [2026-03-19T02:55:38.493+0000] {dagbag.py:545} INFO - Filling up the DagBag from /opt/airflow/dags/dbt.py
[2026-03-19T02:55:38.503+0000] {logging_mixin.py:188} INFO - [2026-03-19T02:55:38.502+0000] {dagbag.py:355} ERROR - Failed to import: /opt/airflow/dags/dbt.py
Traceback (most recent call last):
  File "/home/airflow/.local/lib/python3.12/site-packages/airflow/models/dagbag.py", line 351, in parse
    loader.exec_module(new_module)
  File "<frozen importlib._bootstrap_external>", line 995, in exec_module
  File "<frozen importlib._bootstrap>", line 488, in _call_with_frames_removed
  File "/opt/airflow/dags/dbt.py", line 2, in <module>
    from airflow.providers.standard.operators.bash import BashOperator
ModuleNotFoundError: No module named 'airflow.providers.standard'
[2026-03-19T02:55:38.503+0000] {processor.py:842} WARNING - No viable dags retrieved from /opt/airflow/dags/dbt.py
[2026-03-19T02:55:38.641+0000] {processor.py:183} INFO - Processing /opt/airflow/dags/dbt.py took 0.173 seconds
[2026-03-19T02:56:08.999+0000] {processor.py:161} INFO - Started process (PID=10150) to work on /opt/airflow/dags/dbt.py
[2026-03-19T02:56:09.001+0000] {processor.py:830} INFO - Processing file /opt/airflow/dags/dbt.py for tasks to queue
[2026-03-19T02:56:09.008+0000] {logging_mixin.py:188} INFO - [2026-03-19T02:56:09.007+0000] {dagbag.py:545} INFO - Filling up the DagBag from /opt/airflow/dags/dbt.py
[2026-03-19T02:56:09.019+0000] {logging_mixin.py:188} INFO - [2026-03-19T02:56:09.018+0000] {dagbag.py:355} ERROR - Failed to import: /opt/airflow/dags/dbt.py
Traceback (most recent call last):
  File "/home/airflow/.local/lib/python3.12/site-packages/airflow/models/dagbag.py", line 351, in parse
    loader.exec_module(new_module)
  File "<frozen importlib._bootstrap_external>", line 995, in exec_module
  File "<frozen importlib._bootstrap>", line 488, in _call_with_frames_removed
  File "/opt/airflow/dags/dbt.py", line 2, in <module>
    from airflow.providers.standard.operators.bash import BashOperator
ModuleNotFoundError: No module named 'airflow.providers.standard'
[2026-03-19T02:56:09.020+0000] {processor.py:842} WARNING - No viable dags retrieved from /opt/airflow/dags/dbt.py
[2026-03-19T02:56:09.061+0000] {processor.py:183} INFO - Processing /opt/airflow/dags/dbt.py took 0.085 seconds
[2026-03-19T02:56:39.478+0000] {processor.py:161} INFO - Started process (PID=10152) to work on /opt/airflow/dags/dbt.py
[2026-03-19T02:56:39.480+0000] {processor.py:830} INFO - Processing file /opt/airflow/dags/dbt.py for tasks to queue
[2026-03-19T02:56:39.485+0000] {logging_mixin.py:188} INFO - [2026-03-19T02:56:39.484+0000] {dagbag.py:545} INFO - Filling up the DagBag from /opt/airflow/dags/dbt.py
[2026-03-19T02:56:39.495+0000] {logging_mixin.py:188} INFO - [2026-03-19T02:56:39.491+0000] {dagbag.py:355} ERROR - Failed to import: /opt/airflow/dags/dbt.py
Traceback (most recent call last):
  File "/home/airflow/.local/lib/python3.12/site-packages/airflow/models/dagbag.py", line 351, in parse
    loader.exec_module(new_module)
  File "<frozen importlib._bootstrap_external>", line 995, in exec_module
  File "<frozen importlib._bootstrap>", line 488, in _call_with_frames_removed
  File "/opt/airflow/dags/dbt.py", line 2, in <module>
    from airflow.providers.standard.operators.bash import BashOperator
ModuleNotFoundError: No module named 'airflow.providers.standard'
[2026-03-19T02:56:39.495+0000] {processor.py:842} WARNING - No viable dags retrieved from /opt/airflow/dags/dbt.py
[2026-03-19T02:56:39.529+0000] {processor.py:183} INFO - Processing /opt/airflow/dags/dbt.py took 0.065 seconds
[2026-03-19T02:57:09.962+0000] {processor.py:161} INFO - Started process (PID=10154) to work on /opt/airflow/dags/dbt.py
[2026-03-19T02:57:09.971+0000] {processor.py:830} INFO - Processing file /opt/airflow/dags/dbt.py for tasks to queue
[2026-03-19T02:57:09.976+0000] {logging_mixin.py:188} INFO - [2026-03-19T02:57:09.975+0000] {dagbag.py:545} INFO - Filling up the DagBag from /opt/airflow/dags/dbt.py
[2026-03-19T02:57:09.990+0000] {logging_mixin.py:188} INFO - [2026-03-19T02:57:09.987+0000] {dagbag.py:355} ERROR - Failed to import: /opt/airflow/dags/dbt.py
Traceback (most recent call last):
  File "/home/airflow/.local/lib/python3.12/site-packages/airflow/models/dagbag.py", line 351, in parse
    loader.exec_module(new_module)
  File "<frozen importlib._bootstrap_external>", line 995, in exec_module
  File "<frozen importlib._bootstrap>", line 488, in _call_with_frames_removed
  File "/opt/airflow/dags/dbt.py", line 2, in <module>
    from airflow.providers.standard.operators.bash import BashOperator
ModuleNotFoundError: No module named 'airflow.providers.standard'
[2026-03-19T02:57:09.991+0000] {processor.py:842} WARNING - No viable dags retrieved from /opt/airflow/dags/dbt.py
[2026-03-19T02:57:10.028+0000] {processor.py:183} INFO - Processing /opt/airflow/dags/dbt.py took 0.095 seconds
[2026-03-19T02:57:40.562+0000] {processor.py:161} INFO - Started process (PID=10156) to work on /opt/airflow/dags/dbt.py
[2026-03-19T02:57:40.565+0000] {processor.py:830} INFO - Processing file /opt/airflow/dags/dbt.py for tasks to queue
[2026-03-19T02:57:40.578+0000] {logging_mixin.py:188} INFO - [2026-03-19T02:57:40.577+0000] {dagbag.py:545} INFO - Filling up the DagBag from /opt/airflow/dags/dbt.py
[2026-03-19T02:57:40.592+0000] {logging_mixin.py:188} INFO - [2026-03-19T02:57:40.589+0000] {dagbag.py:355} ERROR - Failed to import: /opt/airflow/dags/dbt.py
Traceback (most recent call last):
  File "/home/airflow/.local/lib/python3.12/site-packages/airflow/models/dagbag.py", line 351, in parse
    loader.exec_module(new_module)
  File "<frozen importlib._bootstrap_external>", line 995, in exec_module
  File "<frozen importlib._bootstrap>", line 488, in _call_with_frames_removed
  File "/opt/airflow/dags/dbt.py", line 2, in <module>
    from airflow.providers.standard.operators.bash import BashOperator
ModuleNotFoundError: No module named 'airflow.providers.standard'
[2026-03-19T02:57:40.593+0000] {processor.py:842} WARNING - No viable dags retrieved from /opt/airflow/dags/dbt.py
[2026-03-19T02:57:40.632+0000] {processor.py:183} INFO - Processing /opt/airflow/dags/dbt.py took 0.096 seconds
[2026-03-19T02:58:11.155+0000] {processor.py:161} INFO - Started process (PID=10158) to work on /opt/airflow/dags/dbt.py
[2026-03-19T02:58:11.157+0000] {processor.py:830} INFO - Processing file /opt/airflow/dags/dbt.py for tasks to queue
[2026-03-19T02:58:11.165+0000] {logging_mixin.py:188} INFO - [2026-03-19T02:58:11.164+0000] {dagbag.py:545} INFO - Filling up the DagBag from /opt/airflow/dags/dbt.py
[2026-03-19T02:58:11.173+0000] {logging_mixin.py:188} INFO - [2026-03-19T02:58:11.171+0000] {dagbag.py:355} ERROR - Failed to import: /opt/airflow/dags/dbt.py
Traceback (most recent call last):
  File "/home/airflow/.local/lib/python3.12/site-packages/airflow/models/dagbag.py", line 351, in parse
    loader.exec_module(new_module)
  File "<frozen importlib._bootstrap_external>", line 995, in exec_module
  File "<frozen importlib._bootstrap>", line 488, in _call_with_frames_removed
  File "/opt/airflow/dags/dbt.py", line 2, in <module>
    from airflow.providers.standard.operators.bash import BashOperator
ModuleNotFoundError: No module named 'airflow.providers.standard'
[2026-03-19T02:58:11.173+0000] {processor.py:842} WARNING - No viable dags retrieved from /opt/airflow/dags/dbt.py
[2026-03-19T02:58:11.218+0000] {processor.py:183} INFO - Processing /opt/airflow/dags/dbt.py took 0.089 seconds
[2026-03-19T02:58:41.886+0000] {processor.py:161} INFO - Started process (PID=10160) to work on /opt/airflow/dags/dbt.py
[2026-03-19T02:58:41.889+0000] {processor.py:830} INFO - Processing file /opt/airflow/dags/dbt.py for tasks to queue
[2026-03-19T02:58:41.898+0000] {logging_mixin.py:188} INFO - [2026-03-19T02:58:41.896+0000] {dagbag.py:545} INFO - Filling up the DagBag from /opt/airflow/dags/dbt.py
[2026-03-19T02:58:41.906+0000] {logging_mixin.py:188} INFO - [2026-03-19T02:58:41.905+0000] {dagbag.py:355} ERROR - Failed to import: /opt/airflow/dags/dbt.py
Traceback (most recent call last):
  File "/home/airflow/.local/lib/python3.12/site-packages/airflow/models/dagbag.py", line 351, in parse
    loader.exec_module(new_module)
  File "<frozen importlib._bootstrap_external>", line 995, in exec_module
  File "<frozen importlib._bootstrap>", line 488, in _call_with_frames_removed
  File "/opt/airflow/dags/dbt.py", line 2, in <module>
    from airflow.providers.standard.operators.bash import BashOperator
ModuleNotFoundError: No module named 'airflow.providers.standard'
[2026-03-19T02:58:41.907+0000] {processor.py:842} WARNING - No viable dags retrieved from /opt/airflow/dags/dbt.py
[2026-03-19T02:58:41.955+0000] {processor.py:183} INFO - Processing /opt/airflow/dags/dbt.py took 0.098 seconds
[2026-03-19T02:59:12.610+0000] {processor.py:161} INFO - Started process (PID=10162) to work on /opt/airflow/dags/dbt.py
[2026-03-19T02:59:12.614+0000] {processor.py:830} INFO - Processing file /opt/airflow/dags/dbt.py for tasks to queue
[2026-03-19T02:59:12.619+0000] {logging_mixin.py:188} INFO - [2026-03-19T02:59:12.619+0000] {dagbag.py:545} INFO - Filling up the DagBag from /opt/airflow/dags/dbt.py
[2026-03-19T02:59:12.632+0000] {logging_mixin.py:188} INFO - [2026-03-19T02:59:12.631+0000] {dagbag.py:355} ERROR - Failed to import: /opt/airflow/dags/dbt.py
Traceback (most recent call last):
  File "/home/airflow/.local/lib/python3.12/site-packages/airflow/models/dagbag.py", line 351, in parse
    loader.exec_module(new_module)
  File "<frozen importlib._bootstrap_external>", line 995, in exec_module
  File "<frozen importlib._bootstrap>", line 488, in _call_with_frames_removed
  File "/opt/airflow/dags/dbt.py", line 2, in <module>
    from airflow.providers.standard.operators.bash import BashOperator
ModuleNotFoundError: No module named 'airflow.providers.standard'
[2026-03-19T02:59:12.633+0000] {processor.py:842} WARNING - No viable dags retrieved from /opt/airflow/dags/dbt.py
[2026-03-19T02:59:12.678+0000] {processor.py:183} INFO - Processing /opt/airflow/dags/dbt.py took 0.092 seconds
[2026-03-19T02:59:43.221+0000] {processor.py:161} INFO - Started process (PID=10164) to work on /opt/airflow/dags/dbt.py
[2026-03-19T02:59:43.224+0000] {processor.py:830} INFO - Processing file /opt/airflow/dags/dbt.py for tasks to queue
[2026-03-19T02:59:43.233+0000] {logging_mixin.py:188} INFO - [2026-03-19T02:59:43.232+0000] {dagbag.py:545} INFO - Filling up the DagBag from /opt/airflow/dags/dbt.py
[2026-03-19T02:59:43.241+0000] {logging_mixin.py:188} INFO - [2026-03-19T02:59:43.239+0000] {dagbag.py:355} ERROR - Failed to import: /opt/airflow/dags/dbt.py
Traceback (most recent call last):
  File "/home/airflow/.local/lib/python3.12/site-packages/airflow/models/dagbag.py", line 351, in parse
    loader.exec_module(new_module)
  File "<frozen importlib._bootstrap_external>", line 995, in exec_module
  File "<frozen importlib._bootstrap>", line 488, in _call_with_frames_removed
  File "/opt/airflow/dags/dbt.py", line 2, in <module>
    from airflow.providers.standard.operators.bash import BashOperator
ModuleNotFoundError: No module named 'airflow.providers.standard'
[2026-03-19T02:59:43.245+0000] {processor.py:842} WARNING - No viable dags retrieved from /opt/airflow/dags/dbt.py
[2026-03-19T02:59:43.287+0000] {processor.py:183} INFO - Processing /opt/airflow/dags/dbt.py took 0.091 seconds
[2026-03-19T03:00:13.832+0000] {processor.py:161} INFO - Started process (PID=10166) to work on /opt/airflow/dags/dbt.py
[2026-03-19T03:00:13.835+0000] {processor.py:830} INFO - Processing file /opt/airflow/dags/dbt.py for tasks to queue
[2026-03-19T03:00:13.841+0000] {logging_mixin.py:188} INFO - [2026-03-19T03:00:13.840+0000] {dagbag.py:545} INFO - Filling up the DagBag from /opt/airflow/dags/dbt.py
[2026-03-19T03:00:13.850+0000] {logging_mixin.py:188} INFO - [2026-03-19T03:00:13.848+0000] {dagbag.py:355} ERROR - Failed to import: /opt/airflow/dags/dbt.py
Traceback (most recent call last):
  File "/home/airflow/.local/lib/python3.12/site-packages/airflow/models/dagbag.py", line 351, in parse
    loader.exec_module(new_module)
  File "<frozen importlib._bootstrap_external>", line 995, in exec_module
  File "<frozen importlib._bootstrap>", line 488, in _call_with_frames_removed
  File "/opt/airflow/dags/dbt.py", line 2, in <module>
    from airflow.providers.standard.operators.bash import BashOperator
ModuleNotFoundError: No module named 'airflow.providers.standard'
[2026-03-19T03:00:13.850+0000] {processor.py:842} WARNING - No viable dags retrieved from /opt/airflow/dags/dbt.py
[2026-03-19T03:00:13.886+0000] {processor.py:183} INFO - Processing /opt/airflow/dags/dbt.py took 0.077 seconds
[2026-03-19T03:00:44.390+0000] {processor.py:161} INFO - Started process (PID=10168) to work on /opt/airflow/dags/dbt.py
[2026-03-19T03:00:44.393+0000] {processor.py:830} INFO - Processing file /opt/airflow/dags/dbt.py for tasks to queue
[2026-03-19T03:00:44.401+0000] {logging_mixin.py:188} INFO - [2026-03-19T03:00:44.400+0000] {dagbag.py:545} INFO - Filling up the DagBag from /opt/airflow/dags/dbt.py
[2026-03-19T03:00:44.410+0000] {logging_mixin.py:188} INFO - [2026-03-19T03:00:44.407+0000] {dagbag.py:355} ERROR - Failed to import: /opt/airflow/dags/dbt.py
Traceback (most recent call last):
  File "/home/airflow/.local/lib/python3.12/site-packages/airflow/models/dagbag.py", line 351, in parse
    loader.exec_module(new_module)
  File "<frozen importlib._bootstrap_external>", line 995, in exec_module
  File "<frozen importlib._bootstrap>", line 488, in _call_with_frames_removed
  File "/opt/airflow/dags/dbt.py", line 2, in <module>
    from airflow.providers.standard.operators.bash import BashOperator
ModuleNotFoundError: No module named 'airflow.providers.standard'
[2026-03-19T03:00:44.410+0000] {processor.py:842} WARNING - No viable dags retrieved from /opt/airflow/dags/dbt.py
[2026-03-19T03:00:44.453+0000] {processor.py:183} INFO - Processing /opt/airflow/dags/dbt.py took 0.088 seconds
[2026-03-19T03:01:15.041+0000] {processor.py:161} INFO - Started process (PID=10170) to work on /opt/airflow/dags/dbt.py
[2026-03-19T03:01:15.042+0000] {processor.py:830} INFO - Processing file /opt/airflow/dags/dbt.py for tasks to queue
[2026-03-19T03:01:15.050+0000] {logging_mixin.py:188} INFO - [2026-03-19T03:01:15.050+0000] {dagbag.py:545} INFO - Filling up the DagBag from /opt/airflow/dags/dbt.py
[2026-03-19T03:01:15.059+0000] {logging_mixin.py:188} INFO - [2026-03-19T03:01:15.057+0000] {dagbag.py:355} ERROR - Failed to import: /opt/airflow/dags/dbt.py
Traceback (most recent call last):
  File "/home/airflow/.local/lib/python3.12/site-packages/airflow/models/dagbag.py", line 351, in parse
    loader.exec_module(new_module)
  File "<frozen importlib._bootstrap_external>", line 995, in exec_module
  File "<frozen importlib._bootstrap>", line 488, in _call_with_frames_removed
  File "/opt/airflow/dags/dbt.py", line 2, in <module>
    from airflow.providers.standard.operators.bash import BashOperator
ModuleNotFoundError: No module named 'airflow.providers.standard'
[2026-03-19T03:01:15.081+0000] {processor.py:842} WARNING - No viable dags retrieved from /opt/airflow/dags/dbt.py
[2026-03-19T03:01:15.146+0000] {processor.py:183} INFO - Processing /opt/airflow/dags/dbt.py took 0.124 seconds
[2026-03-19T03:01:45.675+0000] {processor.py:161} INFO - Started process (PID=10172) to work on /opt/airflow/dags/dbt.py
[2026-03-19T03:01:45.678+0000] {processor.py:830} INFO - Processing file /opt/airflow/dags/dbt.py for tasks to queue
[2026-03-19T03:01:45.689+0000] {logging_mixin.py:188} INFO - [2026-03-19T03:01:45.687+0000] {dagbag.py:545} INFO - Filling up the DagBag from /opt/airflow/dags/dbt.py
[2026-03-19T03:01:45.698+0000] {logging_mixin.py:188} INFO - [2026-03-19T03:01:45.696+0000] {dagbag.py:355} ERROR - Failed to import: /opt/airflow/dags/dbt.py
Traceback (most recent call last):
  File "/home/airflow/.local/lib/python3.12/site-packages/airflow/models/dagbag.py", line 351, in parse
    loader.exec_module(new_module)
  File "<frozen importlib._bootstrap_external>", line 995, in exec_module
  File "<frozen importlib._bootstrap>", line 488, in _call_with_frames_removed
  File "/opt/airflow/dags/dbt.py", line 2, in <module>
    from airflow.providers.standard.operators.bash import BashOperator
ModuleNotFoundError: No module named 'airflow.providers.standard'
[2026-03-19T03:01:45.700+0000] {processor.py:842} WARNING - No viable dags retrieved from /opt/airflow/dags/dbt.py
[2026-03-19T03:01:45.738+0000] {processor.py:183} INFO - Processing /opt/airflow/dags/dbt.py took 0.087 seconds
[2026-03-19T03:02:16.386+0000] {processor.py:161} INFO - Started process (PID=10174) to work on /opt/airflow/dags/dbt.py
[2026-03-19T03:02:16.388+0000] {processor.py:830} INFO - Processing file /opt/airflow/dags/dbt.py for tasks to queue
[2026-03-19T03:02:16.392+0000] {logging_mixin.py:188} INFO - [2026-03-19T03:02:16.391+0000] {dagbag.py:545} INFO - Filling up the DagBag from /opt/airflow/dags/dbt.py
[2026-03-19T03:02:16.400+0000] {logging_mixin.py:188} INFO - [2026-03-19T03:02:16.398+0000] {dagbag.py:355} ERROR - Failed to import: /opt/airflow/dags/dbt.py
Traceback (most recent call last):
  File "/home/airflow/.local/lib/python3.12/site-packages/airflow/models/dagbag.py", line 351, in parse
    loader.exec_module(new_module)
  File "<frozen importlib._bootstrap_external>", line 995, in exec_module
  File "<frozen importlib._bootstrap>", line 488, in _call_with_frames_removed
  File "/opt/airflow/dags/dbt.py", line 2, in <module>
    from airflow.providers.standard.operators.bash import BashOperator
ModuleNotFoundError: No module named 'airflow.providers.standard'
[2026-03-19T03:02:16.400+0000] {processor.py:842} WARNING - No viable dags retrieved from /opt/airflow/dags/dbt.py
[2026-03-19T03:02:16.439+0000] {processor.py:183} INFO - Processing /opt/airflow/dags/dbt.py took 0.078 seconds
[2026-03-19T03:02:46.991+0000] {processor.py:161} INFO - Started process (PID=10176) to work on /opt/airflow/dags/dbt.py
[2026-03-19T03:02:47.001+0000] {processor.py:830} INFO - Processing file /opt/airflow/dags/dbt.py for tasks to queue
[2026-03-19T03:02:47.034+0000] {logging_mixin.py:188} INFO - [2026-03-19T03:02:47.034+0000] {dagbag.py:545} INFO - Filling up the DagBag from /opt/airflow/dags/dbt.py
[2026-03-19T03:02:47.043+0000] {logging_mixin.py:188} INFO - [2026-03-19T03:02:47.039+0000] {dagbag.py:355} ERROR - Failed to import: /opt/airflow/dags/dbt.py
Traceback (most recent call last):
  File "/home/airflow/.local/lib/python3.12/site-packages/airflow/models/dagbag.py", line 351, in parse
    loader.exec_module(new_module)
  File "<frozen importlib._bootstrap_external>", line 995, in exec_module
  File "<frozen importlib._bootstrap>", line 488, in _call_with_frames_removed
  File "/opt/airflow/dags/dbt.py", line 2, in <module>
    from airflow.providers.standard.operators.bash import BashOperator
ModuleNotFoundError: No module named 'airflow.providers.standard'
[2026-03-19T03:02:47.043+0000] {processor.py:842} WARNING - No viable dags retrieved from /opt/airflow/dags/dbt.py
[2026-03-19T03:02:47.085+0000] {processor.py:183} INFO - Processing /opt/airflow/dags/dbt.py took 0.141 seconds
[2026-03-19T03:03:17.652+0000] {processor.py:161} INFO - Started process (PID=10178) to work on /opt/airflow/dags/dbt.py
[2026-03-19T03:03:17.654+0000] {processor.py:830} INFO - Processing file /opt/airflow/dags/dbt.py for tasks to queue
[2026-03-19T03:03:17.656+0000] {logging_mixin.py:188} INFO - [2026-03-19T03:03:17.656+0000] {dagbag.py:545} INFO - Filling up the DagBag from /opt/airflow/dags/dbt.py
[2026-03-19T03:03:17.670+0000] {logging_mixin.py:188} INFO - [2026-03-19T03:03:17.666+0000] {dagbag.py:355} ERROR - Failed to import: /opt/airflow/dags/dbt.py
Traceback (most recent call last):
  File "/home/airflow/.local/lib/python3.12/site-packages/airflow/models/dagbag.py", line 351, in parse
    loader.exec_module(new_module)
  File "<frozen importlib._bootstrap_external>", line 995, in exec_module
  File "<frozen importlib._bootstrap>", line 488, in _call_with_frames_removed
  File "/opt/airflow/dags/dbt.py", line 2, in <module>
    from airflow.providers.standard.operators.bash import BashOperator
ModuleNotFoundError: No module named 'airflow.providers.standard'
[2026-03-19T03:03:17.674+0000] {processor.py:842} WARNING - No viable dags retrieved from /opt/airflow/dags/dbt.py
[2026-03-19T03:03:17.710+0000] {processor.py:183} INFO - Processing /opt/airflow/dags/dbt.py took 0.086 seconds
[2026-03-19T03:03:48.300+0000] {processor.py:161} INFO - Started process (PID=10180) to work on /opt/airflow/dags/dbt.py
[2026-03-19T03:03:48.303+0000] {processor.py:830} INFO - Processing file /opt/airflow/dags/dbt.py for tasks to queue
[2026-03-19T03:03:48.311+0000] {logging_mixin.py:188} INFO - [2026-03-19T03:03:48.311+0000] {dagbag.py:545} INFO - Filling up the DagBag from /opt/airflow/dags/dbt.py
[2026-03-19T03:03:48.327+0000] {logging_mixin.py:188} INFO - [2026-03-19T03:03:48.322+0000] {dagbag.py:355} ERROR - Failed to import: /opt/airflow/dags/dbt.py
Traceback (most recent call last):
  File "/home/airflow/.local/lib/python3.12/site-packages/airflow/models/dagbag.py", line 351, in parse
    loader.exec_module(new_module)
  File "<frozen importlib._bootstrap_external>", line 995, in exec_module
  File "<frozen importlib._bootstrap>", line 488, in _call_with_frames_removed
  File "/opt/airflow/dags/dbt.py", line 2, in <module>
    from airflow.providers.standard.operators.bash import BashOperator
ModuleNotFoundError: No module named 'airflow.providers.standard'
[2026-03-19T03:03:48.328+0000] {processor.py:842} WARNING - No viable dags retrieved from /opt/airflow/dags/dbt.py
[2026-03-19T03:03:48.362+0000] {processor.py:183} INFO - Processing /opt/airflow/dags/dbt.py took 0.086 seconds
[2026-03-19T03:04:19.024+0000] {processor.py:161} INFO - Started process (PID=10182) to work on /opt/airflow/dags/dbt.py
[2026-03-19T03:04:19.026+0000] {processor.py:830} INFO - Processing file /opt/airflow/dags/dbt.py for tasks to queue
[2026-03-19T03:04:19.035+0000] {logging_mixin.py:188} INFO - [2026-03-19T03:04:19.034+0000] {dagbag.py:545} INFO - Filling up the DagBag from /opt/airflow/dags/dbt.py
[2026-03-19T03:04:19.045+0000] {logging_mixin.py:188} INFO - [2026-03-19T03:04:19.044+0000] {dagbag.py:355} ERROR - Failed to import: /opt/airflow/dags/dbt.py
Traceback (most recent call last):
  File "/home/airflow/.local/lib/python3.12/site-packages/airflow/models/dagbag.py", line 351, in parse
    loader.exec_module(new_module)
  File "<frozen importlib._bootstrap_external>", line 995, in exec_module
  File "<frozen importlib._bootstrap>", line 488, in _call_with_frames_removed
  File "/opt/airflow/dags/dbt.py", line 2, in <module>
    from airflow.providers.standard.operators.bash import BashOperator
ModuleNotFoundError: No module named 'airflow.providers.standard'
[2026-03-19T03:04:19.046+0000] {processor.py:842} WARNING - No viable dags retrieved from /opt/airflow/dags/dbt.py
[2026-03-19T03:04:19.081+0000] {processor.py:183} INFO - Processing /opt/airflow/dags/dbt.py took 0.079 seconds
[2026-03-19T03:04:49.700+0000] {processor.py:161} INFO - Started process (PID=10184) to work on /opt/airflow/dags/dbt.py
[2026-03-19T03:04:49.701+0000] {processor.py:830} INFO - Processing file /opt/airflow/dags/dbt.py for tasks to queue
[2026-03-19T03:04:49.711+0000] {logging_mixin.py:188} INFO - [2026-03-19T03:04:49.710+0000] {dagbag.py:545} INFO - Filling up the DagBag from /opt/airflow/dags/dbt.py
[2026-03-19T03:04:49.717+0000] {logging_mixin.py:188} INFO - [2026-03-19T03:04:49.716+0000] {dagbag.py:355} ERROR - Failed to import: /opt/airflow/dags/dbt.py
Traceback (most recent call last):
  File "/home/airflow/.local/lib/python3.12/site-packages/airflow/models/dagbag.py", line 351, in parse
    loader.exec_module(new_module)
  File "<frozen importlib._bootstrap_external>", line 995, in exec_module
  File "<frozen importlib._bootstrap>", line 488, in _call_with_frames_removed
  File "/opt/airflow/dags/dbt.py", line 2, in <module>
    from airflow.providers.standard.operators.bash import BashOperator
ModuleNotFoundError: No module named 'airflow.providers.standard'
[2026-03-19T03:04:49.718+0000] {processor.py:842} WARNING - No viable dags retrieved from /opt/airflow/dags/dbt.py
[2026-03-19T03:04:49.755+0000] {processor.py:183} INFO - Processing /opt/airflow/dags/dbt.py took 0.078 seconds
[2026-03-19T03:05:20.476+0000] {processor.py:161} INFO - Started process (PID=10186) to work on /opt/airflow/dags/dbt.py
[2026-03-19T03:05:20.478+0000] {processor.py:830} INFO - Processing file /opt/airflow/dags/dbt.py for tasks to queue
[2026-03-19T03:05:20.490+0000] {logging_mixin.py:188} INFO - [2026-03-19T03:05:20.490+0000] {dagbag.py:545} INFO - Filling up the DagBag from /opt/airflow/dags/dbt.py
[2026-03-19T03:05:20.512+0000] {logging_mixin.py:188} INFO - [2026-03-19T03:05:20.506+0000] {dagbag.py:355} ERROR - Failed to import: /opt/airflow/dags/dbt.py
Traceback (most recent call last):
  File "/home/airflow/.local/lib/python3.12/site-packages/airflow/models/dagbag.py", line 351, in parse
    loader.exec_module(new_module)
  File "<frozen importlib._bootstrap_external>", line 995, in exec_module
  File "<frozen importlib._bootstrap>", line 488, in _call_with_frames_removed
  File "/opt/airflow/dags/dbt.py", line 2, in <module>
    from airflow.providers.standard.operators.bash import BashOperator
ModuleNotFoundError: No module named 'airflow.providers.standard'
[2026-03-19T03:05:20.515+0000] {processor.py:842} WARNING - No viable dags retrieved from /opt/airflow/dags/dbt.py
[2026-03-19T03:05:20.573+0000] {processor.py:183} INFO - Processing /opt/airflow/dags/dbt.py took 0.118 seconds
[2026-03-19T03:05:51.126+0000] {processor.py:161} INFO - Started process (PID=10188) to work on /opt/airflow/dags/dbt.py
[2026-03-19T03:05:51.127+0000] {processor.py:830} INFO - Processing file /opt/airflow/dags/dbt.py for tasks to queue
[2026-03-19T03:05:51.140+0000] {logging_mixin.py:188} INFO - [2026-03-19T03:05:51.135+0000] {dagbag.py:545} INFO - Filling up the DagBag from /opt/airflow/dags/dbt.py
[2026-03-19T03:05:51.149+0000] {logging_mixin.py:188} INFO - [2026-03-19T03:05:51.144+0000] {dagbag.py:355} ERROR - Failed to import: /opt/airflow/dags/dbt.py
Traceback (most recent call last):
  File "/home/airflow/.local/lib/python3.12/site-packages/airflow/models/dagbag.py", line 351, in parse
    loader.exec_module(new_module)
  File "<frozen importlib._bootstrap_external>", line 995, in exec_module
  File "<frozen importlib._bootstrap>", line 488, in _call_with_frames_removed
  File "/opt/airflow/dags/dbt.py", line 2, in <module>
    from airflow.providers.standard.operators.bash import BashOperator
ModuleNotFoundError: No module named 'airflow.providers.standard'
[2026-03-19T03:05:51.150+0000] {processor.py:842} WARNING - No viable dags retrieved from /opt/airflow/dags/dbt.py
[2026-03-19T03:05:51.203+0000] {processor.py:183} INFO - Processing /opt/airflow/dags/dbt.py took 0.103 seconds
[2026-03-19T03:06:21.811+0000] {processor.py:161} INFO - Started process (PID=10190) to work on /opt/airflow/dags/dbt.py
[2026-03-19T03:06:21.812+0000] {processor.py:830} INFO - Processing file /opt/airflow/dags/dbt.py for tasks to queue
[2026-03-19T03:06:21.816+0000] {logging_mixin.py:188} INFO - [2026-03-19T03:06:21.815+0000] {dagbag.py:545} INFO - Filling up the DagBag from /opt/airflow/dags/dbt.py
[2026-03-19T03:06:21.824+0000] {logging_mixin.py:188} INFO - [2026-03-19T03:06:21.822+0000] {dagbag.py:355} ERROR - Failed to import: /opt/airflow/dags/dbt.py
Traceback (most recent call last):
  File "/home/airflow/.local/lib/python3.12/site-packages/airflow/models/dagbag.py", line 351, in parse
    loader.exec_module(new_module)
  File "<frozen importlib._bootstrap_external>", line 995, in exec_module
  File "<frozen importlib._bootstrap>", line 488, in _call_with_frames_removed
  File "/opt/airflow/dags/dbt.py", line 2, in <module>
    from airflow.providers.standard.operators.bash import BashOperator
ModuleNotFoundError: No module named 'airflow.providers.standard'
[2026-03-19T03:06:21.825+0000] {processor.py:842} WARNING - No viable dags retrieved from /opt/airflow/dags/dbt.py
[2026-03-19T03:06:21.861+0000] {processor.py:183} INFO - Processing /opt/airflow/dags/dbt.py took 0.067 seconds
[2026-03-19T03:06:52.360+0000] {processor.py:161} INFO - Started process (PID=10192) to work on /opt/airflow/dags/dbt.py
[2026-03-19T03:06:52.362+0000] {processor.py:830} INFO - Processing file /opt/airflow/dags/dbt.py for tasks to queue
[2026-03-19T03:06:52.367+0000] {logging_mixin.py:188} INFO - [2026-03-19T03:06:52.367+0000] {dagbag.py:545} INFO - Filling up the DagBag from /opt/airflow/dags/dbt.py
[2026-03-19T03:06:52.379+0000] {logging_mixin.py:188} INFO - [2026-03-19T03:06:52.374+0000] {dagbag.py:355} ERROR - Failed to import: /opt/airflow/dags/dbt.py
Traceback (most recent call last):
  File "/home/airflow/.local/lib/python3.12/site-packages/airflow/models/dagbag.py", line 351, in parse
    loader.exec_module(new_module)
  File "<frozen importlib._bootstrap_external>", line 995, in exec_module
  File "<frozen importlib._bootstrap>", line 488, in _call_with_frames_removed
  File "/opt/airflow/dags/dbt.py", line 2, in <module>
    from airflow.providers.standard.operators.bash import BashOperator
ModuleNotFoundError: No module named 'airflow.providers.standard'
[2026-03-19T03:06:52.379+0000] {processor.py:842} WARNING - No viable dags retrieved from /opt/airflow/dags/dbt.py
[2026-03-19T03:06:52.417+0000] {processor.py:183} INFO - Processing /opt/airflow/dags/dbt.py took 0.075 seconds
[2026-03-19T03:07:23.069+0000] {processor.py:161} INFO - Started process (PID=10194) to work on /opt/airflow/dags/dbt.py
[2026-03-19T03:07:23.076+0000] {processor.py:830} INFO - Processing file /opt/airflow/dags/dbt.py for tasks to queue
[2026-03-19T03:07:23.082+0000] {logging_mixin.py:188} INFO - [2026-03-19T03:07:23.081+0000] {dagbag.py:545} INFO - Filling up the DagBag from /opt/airflow/dags/dbt.py
[2026-03-19T03:07:23.098+0000] {logging_mixin.py:188} INFO - [2026-03-19T03:07:23.092+0000] {dagbag.py:355} ERROR - Failed to import: /opt/airflow/dags/dbt.py
Traceback (most recent call last):
  File "/home/airflow/.local/lib/python3.12/site-packages/airflow/models/dagbag.py", line 351, in parse
    loader.exec_module(new_module)
  File "<frozen importlib._bootstrap_external>", line 995, in exec_module
  File "<frozen importlib._bootstrap>", line 488, in _call_with_frames_removed
  File "/opt/airflow/dags/dbt.py", line 2, in <module>
    from airflow.providers.standard.operators.bash import BashOperator
ModuleNotFoundError: No module named 'airflow.providers.standard'
[2026-03-19T03:07:23.099+0000] {processor.py:842} WARNING - No viable dags retrieved from /opt/airflow/dags/dbt.py
[2026-03-19T03:07:23.142+0000] {processor.py:183} INFO - Processing /opt/airflow/dags/dbt.py took 0.097 seconds
[2026-03-19T03:07:53.723+0000] {processor.py:161} INFO - Started process (PID=10196) to work on /opt/airflow/dags/dbt.py
[2026-03-19T03:07:53.725+0000] {processor.py:830} INFO - Processing file /opt/airflow/dags/dbt.py for tasks to queue
[2026-03-19T03:07:53.734+0000] {logging_mixin.py:188} INFO - [2026-03-19T03:07:53.733+0000] {dagbag.py:545} INFO - Filling up the DagBag from /opt/airflow/dags/dbt.py
[2026-03-19T03:07:53.741+0000] {logging_mixin.py:188} INFO - [2026-03-19T03:07:53.739+0000] {dagbag.py:355} ERROR - Failed to import: /opt/airflow/dags/dbt.py
Traceback (most recent call last):
  File "/home/airflow/.local/lib/python3.12/site-packages/airflow/models/dagbag.py", line 351, in parse
    loader.exec_module(new_module)
  File "<frozen importlib._bootstrap_external>", line 995, in exec_module
  File "<frozen importlib._bootstrap>", line 488, in _call_with_frames_removed
  File "/opt/airflow/dags/dbt.py", line 2, in <module>
    from airflow.providers.standard.operators.bash import BashOperator
ModuleNotFoundError: No module named 'airflow.providers.standard'
[2026-03-19T03:07:53.744+0000] {processor.py:842} WARNING - No viable dags retrieved from /opt/airflow/dags/dbt.py
[2026-03-19T03:07:53.786+0000] {processor.py:183} INFO - Processing /opt/airflow/dags/dbt.py took 0.097 seconds
[2026-03-19T03:08:24.331+0000] {processor.py:161} INFO - Started process (PID=10198) to work on /opt/airflow/dags/dbt.py
[2026-03-19T03:08:24.334+0000] {processor.py:830} INFO - Processing file /opt/airflow/dags/dbt.py for tasks to queue
[2026-03-19T03:08:24.341+0000] {logging_mixin.py:188} INFO - [2026-03-19T03:08:24.341+0000] {dagbag.py:545} INFO - Filling up the DagBag from /opt/airflow/dags/dbt.py
[2026-03-19T03:08:24.352+0000] {logging_mixin.py:188} INFO - [2026-03-19T03:08:24.349+0000] {dagbag.py:355} ERROR - Failed to import: /opt/airflow/dags/dbt.py
Traceback (most recent call last):
  File "/home/airflow/.local/lib/python3.12/site-packages/airflow/models/dagbag.py", line 351, in parse
    loader.exec_module(new_module)
  File "<frozen importlib._bootstrap_external>", line 995, in exec_module
  File "<frozen importlib._bootstrap>", line 488, in _call_with_frames_removed
  File "/opt/airflow/dags/dbt.py", line 2, in <module>
    from airflow.providers.standard.operators.bash import BashOperator
ModuleNotFoundError: No module named 'airflow.providers.standard'
[2026-03-19T03:08:24.352+0000] {processor.py:842} WARNING - No viable dags retrieved from /opt/airflow/dags/dbt.py
[2026-03-19T03:08:24.394+0000] {processor.py:183} INFO - Processing /opt/airflow/dags/dbt.py took 0.085 seconds
[2026-03-19T03:08:54.929+0000] {processor.py:161} INFO - Started process (PID=10200) to work on /opt/airflow/dags/dbt.py
[2026-03-19T03:08:54.932+0000] {processor.py:830} INFO - Processing file /opt/airflow/dags/dbt.py for tasks to queue
[2026-03-19T03:08:54.940+0000] {logging_mixin.py:188} INFO - [2026-03-19T03:08:54.939+0000] {dagbag.py:545} INFO - Filling up the DagBag from /opt/airflow/dags/dbt.py
[2026-03-19T03:08:54.950+0000] {logging_mixin.py:188} INFO - [2026-03-19T03:08:54.948+0000] {dagbag.py:355} ERROR - Failed to import: /opt/airflow/dags/dbt.py
Traceback (most recent call last):
  File "/home/airflow/.local/lib/python3.12/site-packages/airflow/models/dagbag.py", line 351, in parse
    loader.exec_module(new_module)
  File "<frozen importlib._bootstrap_external>", line 995, in exec_module
  File "<frozen importlib._bootstrap>", line 488, in _call_with_frames_removed
  File "/opt/airflow/dags/dbt.py", line 2, in <module>
    from airflow.providers.standard.operators.bash import BashOperator
ModuleNotFoundError: No module named 'airflow.providers.standard'
[2026-03-19T03:08:54.950+0000] {processor.py:842} WARNING - No viable dags retrieved from /opt/airflow/dags/dbt.py
[2026-03-19T03:08:54.990+0000] {processor.py:183} INFO - Processing /opt/airflow/dags/dbt.py took 0.083 seconds
[2026-03-19T03:09:25.624+0000] {processor.py:161} INFO - Started process (PID=10202) to work on /opt/airflow/dags/dbt.py
[2026-03-19T03:09:25.625+0000] {processor.py:830} INFO - Processing file /opt/airflow/dags/dbt.py for tasks to queue
[2026-03-19T03:09:25.633+0000] {logging_mixin.py:188} INFO - [2026-03-19T03:09:25.633+0000] {dagbag.py:545} INFO - Filling up the DagBag from /opt/airflow/dags/dbt.py
[2026-03-19T03:09:25.651+0000] {logging_mixin.py:188} INFO - [2026-03-19T03:09:25.646+0000] {dagbag.py:355} ERROR - Failed to import: /opt/airflow/dags/dbt.py
Traceback (most recent call last):
  File "/home/airflow/.local/lib/python3.12/site-packages/airflow/models/dagbag.py", line 351, in parse
    loader.exec_module(new_module)
  File "<frozen importlib._bootstrap_external>", line 995, in exec_module
  File "<frozen importlib._bootstrap>", line 488, in _call_with_frames_removed
  File "/opt/airflow/dags/dbt.py", line 2, in <module>
    from airflow.providers.standard.operators.bash import BashOperator
ModuleNotFoundError: No module named 'airflow.providers.standard'
[2026-03-19T03:09:25.652+0000] {processor.py:842} WARNING - No viable dags retrieved from /opt/airflow/dags/dbt.py
[2026-03-19T03:09:25.696+0000] {processor.py:183} INFO - Processing /opt/airflow/dags/dbt.py took 0.100 seconds
[2026-03-19T03:09:56.224+0000] {processor.py:161} INFO - Started process (PID=10204) to work on /opt/airflow/dags/dbt.py
[2026-03-19T03:09:56.226+0000] {processor.py:830} INFO - Processing file /opt/airflow/dags/dbt.py for tasks to queue
[2026-03-19T03:09:56.230+0000] {logging_mixin.py:188} INFO - [2026-03-19T03:09:56.229+0000] {dagbag.py:545} INFO - Filling up the DagBag from /opt/airflow/dags/dbt.py
[2026-03-19T03:09:56.242+0000] {logging_mixin.py:188} INFO - [2026-03-19T03:09:56.239+0000] {dagbag.py:355} ERROR - Failed to import: /opt/airflow/dags/dbt.py
Traceback (most recent call last):
  File "/home/airflow/.local/lib/python3.12/site-packages/airflow/models/dagbag.py", line 351, in parse
    loader.exec_module(new_module)
  File "<frozen importlib._bootstrap_external>", line 995, in exec_module
  File "<frozen importlib._bootstrap>", line 488, in _call_with_frames_removed
  File "/opt/airflow/dags/dbt.py", line 2, in <module>
    from airflow.providers.standard.operators.bash import BashOperator
ModuleNotFoundError: No module named 'airflow.providers.standard'
[2026-03-19T03:09:56.242+0000] {processor.py:842} WARNING - No viable dags retrieved from /opt/airflow/dags/dbt.py
[2026-03-19T03:09:56.286+0000] {processor.py:183} INFO - Processing /opt/airflow/dags/dbt.py took 0.086 seconds
[2026-03-19T03:10:26.977+0000] {processor.py:161} INFO - Started process (PID=10206) to work on /opt/airflow/dags/dbt.py
[2026-03-19T03:10:26.978+0000] {processor.py:830} INFO - Processing file /opt/airflow/dags/dbt.py for tasks to queue
[2026-03-19T03:10:26.986+0000] {logging_mixin.py:188} INFO - [2026-03-19T03:10:26.985+0000] {dagbag.py:545} INFO - Filling up the DagBag from /opt/airflow/dags/dbt.py
[2026-03-19T03:10:26.994+0000] {logging_mixin.py:188} INFO - [2026-03-19T03:10:26.992+0000] {dagbag.py:355} ERROR - Failed to import: /opt/airflow/dags/dbt.py
Traceback (most recent call last):
  File "/home/airflow/.local/lib/python3.12/site-packages/airflow/models/dagbag.py", line 351, in parse
    loader.exec_module(new_module)
  File "<frozen importlib._bootstrap_external>", line 995, in exec_module
  File "<frozen importlib._bootstrap>", line 488, in _call_with_frames_removed
  File "/opt/airflow/dags/dbt.py", line 2, in <module>
    from airflow.providers.standard.operators.bash import BashOperator
ModuleNotFoundError: No module named 'airflow.providers.standard'
[2026-03-19T03:10:26.994+0000] {processor.py:842} WARNING - No viable dags retrieved from /opt/airflow/dags/dbt.py
[2026-03-19T03:10:27.036+0000] {processor.py:183} INFO - Processing /opt/airflow/dags/dbt.py took 0.090 seconds
[2026-03-19T03:10:57.620+0000] {processor.py:161} INFO - Started process (PID=10208) to work on /opt/airflow/dags/dbt.py
[2026-03-19T03:10:57.624+0000] {processor.py:830} INFO - Processing file /opt/airflow/dags/dbt.py for tasks to queue
[2026-03-19T03:10:57.629+0000] {logging_mixin.py:188} INFO - [2026-03-19T03:10:57.628+0000] {dagbag.py:545} INFO - Filling up the DagBag from /opt/airflow/dags/dbt.py
[2026-03-19T03:10:57.648+0000] {logging_mixin.py:188} INFO - [2026-03-19T03:10:57.645+0000] {dagbag.py:355} ERROR - Failed to import: /opt/airflow/dags/dbt.py
Traceback (most recent call last):
  File "/home/airflow/.local/lib/python3.12/site-packages/airflow/models/dagbag.py", line 351, in parse
    loader.exec_module(new_module)
  File "<frozen importlib._bootstrap_external>", line 995, in exec_module
  File "<frozen importlib._bootstrap>", line 488, in _call_with_frames_removed
  File "/opt/airflow/dags/dbt.py", line 2, in <module>
    from airflow.providers.standard.operators.bash import BashOperator
ModuleNotFoundError: No module named 'airflow.providers.standard'
[2026-03-19T03:10:57.650+0000] {processor.py:842} WARNING - No viable dags retrieved from /opt/airflow/dags/dbt.py
[2026-03-19T03:10:57.699+0000] {processor.py:183} INFO - Processing /opt/airflow/dags/dbt.py took 0.103 seconds
[2026-03-19T03:11:28.314+0000] {processor.py:161} INFO - Started process (PID=10210) to work on /opt/airflow/dags/dbt.py
[2026-03-19T03:11:28.316+0000] {processor.py:830} INFO - Processing file /opt/airflow/dags/dbt.py for tasks to queue
[2026-03-19T03:11:28.325+0000] {logging_mixin.py:188} INFO - [2026-03-19T03:11:28.325+0000] {dagbag.py:545} INFO - Filling up the DagBag from /opt/airflow/dags/dbt.py
[2026-03-19T03:11:28.340+0000] {logging_mixin.py:188} INFO - [2026-03-19T03:11:28.334+0000] {dagbag.py:355} ERROR - Failed to import: /opt/airflow/dags/dbt.py
Traceback (most recent call last):
  File "/home/airflow/.local/lib/python3.12/site-packages/airflow/models/dagbag.py", line 351, in parse
    loader.exec_module(new_module)
  File "<frozen importlib._bootstrap_external>", line 995, in exec_module
  File "<frozen importlib._bootstrap>", line 488, in _call_with_frames_removed
  File "/opt/airflow/dags/dbt.py", line 2, in <module>
    from airflow.providers.standard.operators.bash import BashOperator
ModuleNotFoundError: No module named 'airflow.providers.standard'
[2026-03-19T03:11:28.344+0000] {processor.py:842} WARNING - No viable dags retrieved from /opt/airflow/dags/dbt.py
[2026-03-19T03:11:28.388+0000] {processor.py:183} INFO - Processing /opt/airflow/dags/dbt.py took 0.094 seconds
[2026-03-19T03:11:59.170+0000] {processor.py:161} INFO - Started process (PID=10212) to work on /opt/airflow/dags/dbt.py
[2026-03-19T03:11:59.172+0000] {processor.py:830} INFO - Processing file /opt/airflow/dags/dbt.py for tasks to queue
[2026-03-19T03:11:59.179+0000] {logging_mixin.py:188} INFO - [2026-03-19T03:11:59.178+0000] {dagbag.py:545} INFO - Filling up the DagBag from /opt/airflow/dags/dbt.py
[2026-03-19T03:11:59.188+0000] {logging_mixin.py:188} INFO - [2026-03-19T03:11:59.183+0000] {dagbag.py:355} ERROR - Failed to import: /opt/airflow/dags/dbt.py
Traceback (most recent call last):
  File "/home/airflow/.local/lib/python3.12/site-packages/airflow/models/dagbag.py", line 351, in parse
    loader.exec_module(new_module)
  File "<frozen importlib._bootstrap_external>", line 995, in exec_module
  File "<frozen importlib._bootstrap>", line 488, in _call_with_frames_removed
  File "/opt/airflow/dags/dbt.py", line 2, in <module>
    from airflow.providers.standard.operators.bash import BashOperator
ModuleNotFoundError: No module named 'airflow.providers.standard'
[2026-03-19T03:11:59.192+0000] {processor.py:842} WARNING - No viable dags retrieved from /opt/airflow/dags/dbt.py
[2026-03-19T03:11:59.229+0000] {processor.py:183} INFO - Processing /opt/airflow/dags/dbt.py took 0.084 seconds
[2026-03-19T03:12:29.863+0000] {processor.py:161} INFO - Started process (PID=10214) to work on /opt/airflow/dags/dbt.py
[2026-03-19T03:12:29.864+0000] {processor.py:830} INFO - Processing file /opt/airflow/dags/dbt.py for tasks to queue
[2026-03-19T03:12:29.874+0000] {logging_mixin.py:188} INFO - [2026-03-19T03:12:29.870+0000] {dagbag.py:545} INFO - Filling up the DagBag from /opt/airflow/dags/dbt.py
[2026-03-19T03:12:29.883+0000] {logging_mixin.py:188} INFO - [2026-03-19T03:12:29.880+0000] {dagbag.py:355} ERROR - Failed to import: /opt/airflow/dags/dbt.py
Traceback (most recent call last):
  File "/home/airflow/.local/lib/python3.12/site-packages/airflow/models/dagbag.py", line 351, in parse
    loader.exec_module(new_module)
  File "<frozen importlib._bootstrap_external>", line 995, in exec_module
  File "<frozen importlib._bootstrap>", line 488, in _call_with_frames_removed
  File "/opt/airflow/dags/dbt.py", line 2, in <module>
    from airflow.providers.standard.operators.bash import BashOperator
ModuleNotFoundError: No module named 'airflow.providers.standard'
[2026-03-19T03:12:29.884+0000] {processor.py:842} WARNING - No viable dags retrieved from /opt/airflow/dags/dbt.py
[2026-03-19T03:12:29.930+0000] {processor.py:183} INFO - Processing /opt/airflow/dags/dbt.py took 0.093 seconds
[2026-03-19T03:13:00.574+0000] {processor.py:161} INFO - Started process (PID=10216) to work on /opt/airflow/dags/dbt.py
[2026-03-19T03:13:00.576+0000] {processor.py:830} INFO - Processing file /opt/airflow/dags/dbt.py for tasks to queue
[2026-03-19T03:13:00.580+0000] {logging_mixin.py:188} INFO - [2026-03-19T03:13:00.580+0000] {dagbag.py:545} INFO - Filling up the DagBag from /opt/airflow/dags/dbt.py
[2026-03-19T03:13:00.593+0000] {logging_mixin.py:188} INFO - [2026-03-19T03:13:00.592+0000] {dagbag.py:355} ERROR - Failed to import: /opt/airflow/dags/dbt.py
Traceback (most recent call last):
  File "/home/airflow/.local/lib/python3.12/site-packages/airflow/models/dagbag.py", line 351, in parse
    loader.exec_module(new_module)
  File "<frozen importlib._bootstrap_external>", line 995, in exec_module
  File "<frozen importlib._bootstrap>", line 488, in _call_with_frames_removed
  File "/opt/airflow/dags/dbt.py", line 2, in <module>
    from airflow.providers.standard.operators.bash import BashOperator
ModuleNotFoundError: No module named 'airflow.providers.standard'
[2026-03-19T03:13:00.594+0000] {processor.py:842} WARNING - No viable dags retrieved from /opt/airflow/dags/dbt.py
[2026-03-19T03:13:00.635+0000] {processor.py:183} INFO - Processing /opt/airflow/dags/dbt.py took 0.081 seconds
[2026-03-19T03:13:31.588+0000] {processor.py:161} INFO - Started process (PID=10218) to work on /opt/airflow/dags/dbt.py
[2026-03-19T03:13:31.591+0000] {processor.py:830} INFO - Processing file /opt/airflow/dags/dbt.py for tasks to queue
[2026-03-19T03:13:31.597+0000] {logging_mixin.py:188} INFO - [2026-03-19T03:13:31.597+0000] {dagbag.py:545} INFO - Filling up the DagBag from /opt/airflow/dags/dbt.py
[2026-03-19T03:13:31.608+0000] {logging_mixin.py:188} INFO - [2026-03-19T03:13:31.607+0000] {dagbag.py:355} ERROR - Failed to import: /opt/airflow/dags/dbt.py
Traceback (most recent call last):
  File "/home/airflow/.local/lib/python3.12/site-packages/airflow/models/dagbag.py", line 351, in parse
    loader.exec_module(new_module)
  File "<frozen importlib._bootstrap_external>", line 995, in exec_module
  File "<frozen importlib._bootstrap>", line 488, in _call_with_frames_removed
  File "/opt/airflow/dags/dbt.py", line 2, in <module>
    from airflow.providers.standard.operators.bash import BashOperator
ModuleNotFoundError: No module named 'airflow.providers.standard'
[2026-03-19T03:13:31.609+0000] {processor.py:842} WARNING - No viable dags retrieved from /opt/airflow/dags/dbt.py
[2026-03-19T03:13:31.646+0000] {processor.py:183} INFO - Processing /opt/airflow/dags/dbt.py took 0.079 seconds
[2026-03-19T03:14:02.124+0000] {processor.py:161} INFO - Started process (PID=10220) to work on /opt/airflow/dags/dbt.py
[2026-03-19T03:14:02.126+0000] {processor.py:830} INFO - Processing file /opt/airflow/dags/dbt.py for tasks to queue
[2026-03-19T03:14:02.133+0000] {logging_mixin.py:188} INFO - [2026-03-19T03:14:02.133+0000] {dagbag.py:545} INFO - Filling up the DagBag from /opt/airflow/dags/dbt.py
[2026-03-19T03:14:02.141+0000] {logging_mixin.py:188} INFO - [2026-03-19T03:14:02.140+0000] {dagbag.py:355} ERROR - Failed to import: /opt/airflow/dags/dbt.py
Traceback (most recent call last):
  File "/home/airflow/.local/lib/python3.12/site-packages/airflow/models/dagbag.py", line 351, in parse
    loader.exec_module(new_module)
  File "<frozen importlib._bootstrap_external>", line 995, in exec_module
  File "<frozen importlib._bootstrap>", line 488, in _call_with_frames_removed
  File "/opt/airflow/dags/dbt.py", line 2, in <module>
    from airflow.providers.standard.operators.bash import BashOperator
ModuleNotFoundError: No module named 'airflow.providers.standard'
[2026-03-19T03:14:02.142+0000] {processor.py:842} WARNING - No viable dags retrieved from /opt/airflow/dags/dbt.py
[2026-03-19T03:14:02.185+0000] {processor.py:183} INFO - Processing /opt/airflow/dags/dbt.py took 0.083 seconds
[2026-03-19T03:14:32.606+0000] {processor.py:161} INFO - Started process (PID=10222) to work on /opt/airflow/dags/dbt.py
[2026-03-19T03:14:32.608+0000] {processor.py:830} INFO - Processing file /opt/airflow/dags/dbt.py for tasks to queue
[2026-03-19T03:14:32.618+0000] {logging_mixin.py:188} INFO - [2026-03-19T03:14:32.617+0000] {dagbag.py:545} INFO - Filling up the DagBag from /opt/airflow/dags/dbt.py
[2026-03-19T03:14:32.630+0000] {logging_mixin.py:188} INFO - [2026-03-19T03:14:32.628+0000] {dagbag.py:355} ERROR - Failed to import: /opt/airflow/dags/dbt.py
Traceback (most recent call last):
  File "/home/airflow/.local/lib/python3.12/site-packages/airflow/models/dagbag.py", line 351, in parse
    loader.exec_module(new_module)
  File "<frozen importlib._bootstrap_external>", line 995, in exec_module
  File "<frozen importlib._bootstrap>", line 488, in _call_with_frames_removed
  File "/opt/airflow/dags/dbt.py", line 2, in <module>
    from airflow.providers.standard.operators.bash import BashOperator
ModuleNotFoundError: No module named 'airflow.providers.standard'
[2026-03-19T03:14:32.630+0000] {processor.py:842} WARNING - No viable dags retrieved from /opt/airflow/dags/dbt.py
[2026-03-19T03:14:32.664+0000] {processor.py:183} INFO - Processing /opt/airflow/dags/dbt.py took 0.068 seconds
[2026-03-19T03:15:03.087+0000] {processor.py:161} INFO - Started process (PID=10224) to work on /opt/airflow/dags/dbt.py
[2026-03-19T03:15:03.089+0000] {processor.py:830} INFO - Processing file /opt/airflow/dags/dbt.py for tasks to queue
[2026-03-19T03:15:03.102+0000] {logging_mixin.py:188} INFO - [2026-03-19T03:15:03.099+0000] {dagbag.py:545} INFO - Filling up the DagBag from /opt/airflow/dags/dbt.py
[2026-03-19T03:15:03.115+0000] {logging_mixin.py:188} INFO - [2026-03-19T03:15:03.113+0000] {dagbag.py:355} ERROR - Failed to import: /opt/airflow/dags/dbt.py
Traceback (most recent call last):
  File "/home/airflow/.local/lib/python3.12/site-packages/airflow/models/dagbag.py", line 351, in parse
    loader.exec_module(new_module)
  File "<frozen importlib._bootstrap_external>", line 995, in exec_module
  File "<frozen importlib._bootstrap>", line 488, in _call_with_frames_removed
  File "/opt/airflow/dags/dbt.py", line 2, in <module>
    from airflow.providers.standard.operators.bash import BashOperator
ModuleNotFoundError: No module named 'airflow.providers.standard'
[2026-03-19T03:15:03.116+0000] {processor.py:842} WARNING - No viable dags retrieved from /opt/airflow/dags/dbt.py
[2026-03-19T03:15:03.166+0000] {processor.py:183} INFO - Processing /opt/airflow/dags/dbt.py took 0.098 seconds
[2026-03-19T03:15:33.638+0000] {processor.py:161} INFO - Started process (PID=10226) to work on /opt/airflow/dags/dbt.py
[2026-03-19T03:15:33.642+0000] {processor.py:830} INFO - Processing file /opt/airflow/dags/dbt.py for tasks to queue
[2026-03-19T03:15:33.647+0000] {logging_mixin.py:188} INFO - [2026-03-19T03:15:33.646+0000] {dagbag.py:545} INFO - Filling up the DagBag from /opt/airflow/dags/dbt.py
[2026-03-19T03:15:33.654+0000] {logging_mixin.py:188} INFO - [2026-03-19T03:15:33.652+0000] {dagbag.py:355} ERROR - Failed to import: /opt/airflow/dags/dbt.py
Traceback (most recent call last):
  File "/home/airflow/.local/lib/python3.12/site-packages/airflow/models/dagbag.py", line 351, in parse
    loader.exec_module(new_module)
  File "<frozen importlib._bootstrap_external>", line 995, in exec_module
  File "<frozen importlib._bootstrap>", line 488, in _call_with_frames_removed
  File "/opt/airflow/dags/dbt.py", line 2, in <module>
    from airflow.providers.standard.operators.bash import BashOperator
ModuleNotFoundError: No module named 'airflow.providers.standard'
[2026-03-19T03:15:33.654+0000] {processor.py:842} WARNING - No viable dags retrieved from /opt/airflow/dags/dbt.py
[2026-03-19T03:15:33.698+0000] {processor.py:183} INFO - Processing /opt/airflow/dags/dbt.py took 0.081 seconds
[2026-03-19T03:16:04.145+0000] {processor.py:161} INFO - Started process (PID=10228) to work on /opt/airflow/dags/dbt.py
[2026-03-19T03:16:04.152+0000] {processor.py:830} INFO - Processing file /opt/airflow/dags/dbt.py for tasks to queue
[2026-03-19T03:16:04.156+0000] {logging_mixin.py:188} INFO - [2026-03-19T03:16:04.155+0000] {dagbag.py:545} INFO - Filling up the DagBag from /opt/airflow/dags/dbt.py
[2026-03-19T03:16:04.166+0000] {logging_mixin.py:188} INFO - [2026-03-19T03:16:04.162+0000] {dagbag.py:355} ERROR - Failed to import: /opt/airflow/dags/dbt.py
Traceback (most recent call last):
  File "/home/airflow/.local/lib/python3.12/site-packages/airflow/models/dagbag.py", line 351, in parse
    loader.exec_module(new_module)
  File "<frozen importlib._bootstrap_external>", line 995, in exec_module
  File "<frozen importlib._bootstrap>", line 488, in _call_with_frames_removed
  File "/opt/airflow/dags/dbt.py", line 2, in <module>
    from airflow.providers.standard.operators.bash import BashOperator
ModuleNotFoundError: No module named 'airflow.providers.standard'
[2026-03-19T03:16:04.166+0000] {processor.py:842} WARNING - No viable dags retrieved from /opt/airflow/dags/dbt.py
[2026-03-19T03:16:04.209+0000] {processor.py:183} INFO - Processing /opt/airflow/dags/dbt.py took 0.090 seconds
[2026-03-19T03:16:34.714+0000] {processor.py:161} INFO - Started process (PID=10230) to work on /opt/airflow/dags/dbt.py
[2026-03-19T03:16:34.718+0000] {processor.py:830} INFO - Processing file /opt/airflow/dags/dbt.py for tasks to queue
[2026-03-19T03:16:34.725+0000] {logging_mixin.py:188} INFO - [2026-03-19T03:16:34.724+0000] {dagbag.py:545} INFO - Filling up the DagBag from /opt/airflow/dags/dbt.py
[2026-03-19T03:16:34.731+0000] {logging_mixin.py:188} INFO - [2026-03-19T03:16:34.729+0000] {dagbag.py:355} ERROR - Failed to import: /opt/airflow/dags/dbt.py
Traceback (most recent call last):
  File "/home/airflow/.local/lib/python3.12/site-packages/airflow/models/dagbag.py", line 351, in parse
    loader.exec_module(new_module)
  File "<frozen importlib._bootstrap_external>", line 995, in exec_module
  File "<frozen importlib._bootstrap>", line 488, in _call_with_frames_removed
  File "/opt/airflow/dags/dbt.py", line 2, in <module>
    from airflow.providers.standard.operators.bash import BashOperator
ModuleNotFoundError: No module named 'airflow.providers.standard'
[2026-03-19T03:16:34.732+0000] {processor.py:842} WARNING - No viable dags retrieved from /opt/airflow/dags/dbt.py
[2026-03-19T03:16:34.774+0000] {processor.py:183} INFO - Processing /opt/airflow/dags/dbt.py took 0.087 seconds
[2026-03-19T03:17:05.291+0000] {processor.py:161} INFO - Started process (PID=10232) to work on /opt/airflow/dags/dbt.py
[2026-03-19T03:17:05.292+0000] {processor.py:830} INFO - Processing file /opt/airflow/dags/dbt.py for tasks to queue
[2026-03-19T03:17:05.300+0000] {logging_mixin.py:188} INFO - [2026-03-19T03:17:05.299+0000] {dagbag.py:545} INFO - Filling up the DagBag from /opt/airflow/dags/dbt.py
[2026-03-19T03:17:05.311+0000] {logging_mixin.py:188} INFO - [2026-03-19T03:17:05.306+0000] {dagbag.py:355} ERROR - Failed to import: /opt/airflow/dags/dbt.py
Traceback (most recent call last):
  File "/home/airflow/.local/lib/python3.12/site-packages/airflow/models/dagbag.py", line 351, in parse
    loader.exec_module(new_module)
  File "<frozen importlib._bootstrap_external>", line 995, in exec_module
  File "<frozen importlib._bootstrap>", line 488, in _call_with_frames_removed
  File "/opt/airflow/dags/dbt.py", line 2, in <module>
    from airflow.providers.standard.operators.bash import BashOperator
ModuleNotFoundError: No module named 'airflow.providers.standard'
[2026-03-19T03:17:05.313+0000] {processor.py:842} WARNING - No viable dags retrieved from /opt/airflow/dags/dbt.py
[2026-03-19T03:17:05.365+0000] {processor.py:183} INFO - Processing /opt/airflow/dags/dbt.py took 0.096 seconds
[2026-03-19T03:17:35.785+0000] {processor.py:161} INFO - Started process (PID=10234) to work on /opt/airflow/dags/dbt.py
[2026-03-19T03:17:35.787+0000] {processor.py:830} INFO - Processing file /opt/airflow/dags/dbt.py for tasks to queue
[2026-03-19T03:17:35.797+0000] {logging_mixin.py:188} INFO - [2026-03-19T03:17:35.797+0000] {dagbag.py:545} INFO - Filling up the DagBag from /opt/airflow/dags/dbt.py
[2026-03-19T03:17:35.813+0000] {logging_mixin.py:188} INFO - [2026-03-19T03:17:35.806+0000] {dagbag.py:355} ERROR - Failed to import: /opt/airflow/dags/dbt.py
Traceback (most recent call last):
  File "/home/airflow/.local/lib/python3.12/site-packages/airflow/models/dagbag.py", line 351, in parse
    loader.exec_module(new_module)
  File "<frozen importlib._bootstrap_external>", line 995, in exec_module
  File "<frozen importlib._bootstrap>", line 488, in _call_with_frames_removed
  File "/opt/airflow/dags/dbt.py", line 2, in <module>
    from airflow.providers.standard.operators.bash import BashOperator
ModuleNotFoundError: No module named 'airflow.providers.standard'
[2026-03-19T03:17:35.814+0000] {processor.py:842} WARNING - No viable dags retrieved from /opt/airflow/dags/dbt.py
[2026-03-19T03:17:35.845+0000] {processor.py:183} INFO - Processing /opt/airflow/dags/dbt.py took 0.088 seconds
[2026-03-19T03:18:06.314+0000] {processor.py:161} INFO - Started process (PID=10236) to work on /opt/airflow/dags/dbt.py
[2026-03-19T03:18:06.316+0000] {processor.py:830} INFO - Processing file /opt/airflow/dags/dbt.py for tasks to queue
[2026-03-19T03:18:06.325+0000] {logging_mixin.py:188} INFO - [2026-03-19T03:18:06.324+0000] {dagbag.py:545} INFO - Filling up the DagBag from /opt/airflow/dags/dbt.py
[2026-03-19T03:18:06.344+0000] {logging_mixin.py:188} INFO - [2026-03-19T03:18:06.337+0000] {dagbag.py:355} ERROR - Failed to import: /opt/airflow/dags/dbt.py
Traceback (most recent call last):
  File "/home/airflow/.local/lib/python3.12/site-packages/airflow/models/dagbag.py", line 351, in parse
    loader.exec_module(new_module)
  File "<frozen importlib._bootstrap_external>", line 995, in exec_module
  File "<frozen importlib._bootstrap>", line 488, in _call_with_frames_removed
  File "/opt/airflow/dags/dbt.py", line 2, in <module>
    from airflow.providers.standard.operators.bash import BashOperator
ModuleNotFoundError: No module named 'airflow.providers.standard'
[2026-03-19T03:18:06.345+0000] {processor.py:842} WARNING - No viable dags retrieved from /opt/airflow/dags/dbt.py
[2026-03-19T03:18:06.391+0000] {processor.py:183} INFO - Processing /opt/airflow/dags/dbt.py took 0.106 seconds
