[2026-03-19T00:00:07.062+0000] {processor.py:161} INFO - Started process (PID=9461) to work on /opt/airflow/dags/transfer.py
[2026-03-19T00:00:07.064+0000] {processor.py:830} INFO - Processing file /opt/airflow/dags/transfer.py for tasks to queue
[2026-03-19T00:00:07.069+0000] {logging_mixin.py:188} INFO - [2026-03-19T00:00:07.069+0000] {dagbag.py:545} INFO - Filling up the DagBag from /opt/airflow/dags/transfer.py
[2026-03-19T00:00:07.104+0000] {processor.py:840} INFO - DAG(s) 'transfer_from_minio_to_snowflake_transactions', 'transfer_from_minio_to_snowflake_customers', 'transfer_from_minio_to_snowflake_accounts' retrieved from /opt/airflow/dags/transfer.py
[2026-03-19T00:00:07.173+0000] {logging_mixin.py:188} INFO - [2026-03-19T00:00:07.173+0000] {dag.py:3089} INFO - Sync 3 DAGs
[2026-03-19T00:00:07.200+0000] {logging_mixin.py:188} INFO - [2026-03-19T00:00:07.200+0000] {dag.py:3947} INFO - Setting next_dagrun for transfer_from_minio_to_snowflake_accounts to 2026-03-18 23:59:00+00:00, run_after=2026-03-19 00:00:00+00:00
[2026-03-19T00:00:07.204+0000] {logging_mixin.py:188} INFO - [2026-03-19T00:00:07.203+0000] {dag.py:3947} INFO - Setting next_dagrun for transfer_from_minio_to_snowflake_customers to 2026-03-18 23:59:00+00:00, run_after=2026-03-19 00:00:00+00:00
[2026-03-19T00:00:07.205+0000] {logging_mixin.py:188} INFO - [2026-03-19T00:00:07.205+0000] {dag.py:3947} INFO - Setting next_dagrun for transfer_from_minio_to_snowflake_transactions to 2026-03-18 23:59:00+00:00, run_after=2026-03-19 00:00:00+00:00
[2026-03-19T00:00:07.215+0000] {processor.py:183} INFO - Processing /opt/airflow/dags/transfer.py took 0.168 seconds
[2026-03-19T00:00:37.705+0000] {processor.py:161} INFO - Started process (PID=9463) to work on /opt/airflow/dags/transfer.py
[2026-03-19T00:00:37.707+0000] {processor.py:830} INFO - Processing file /opt/airflow/dags/transfer.py for tasks to queue
[2026-03-19T00:00:37.709+0000] {logging_mixin.py:188} INFO - [2026-03-19T00:00:37.709+0000] {dagbag.py:545} INFO - Filling up the DagBag from /opt/airflow/dags/transfer.py
[2026-03-19T00:00:37.740+0000] {processor.py:840} INFO - DAG(s) 'transfer_from_minio_to_snowflake_accounts', 'transfer_from_minio_to_snowflake_transactions', 'transfer_from_minio_to_snowflake_customers' retrieved from /opt/airflow/dags/transfer.py
[2026-03-19T00:00:37.777+0000] {logging_mixin.py:188} INFO - [2026-03-19T00:00:37.776+0000] {dag.py:3089} INFO - Sync 3 DAGs
[2026-03-19T00:00:37.792+0000] {logging_mixin.py:188} INFO - [2026-03-19T00:00:37.792+0000] {dag.py:3947} INFO - Setting next_dagrun for transfer_from_minio_to_snowflake_accounts to 2026-03-18 23:59:00+00:00, run_after=2026-03-19 00:00:00+00:00
[2026-03-19T00:00:37.796+0000] {logging_mixin.py:188} INFO - [2026-03-19T00:00:37.796+0000] {dag.py:3947} INFO - Setting next_dagrun for transfer_from_minio_to_snowflake_customers to 2026-03-18 23:59:00+00:00, run_after=2026-03-19 00:00:00+00:00
[2026-03-19T00:00:37.798+0000] {logging_mixin.py:188} INFO - [2026-03-19T00:00:37.798+0000] {dag.py:3947} INFO - Setting next_dagrun for transfer_from_minio_to_snowflake_transactions to 2026-03-18 23:59:00+00:00, run_after=2026-03-19 00:00:00+00:00
[2026-03-19T00:00:37.805+0000] {processor.py:183} INFO - Processing /opt/airflow/dags/transfer.py took 0.112 seconds
[2026-03-19T00:01:08.225+0000] {processor.py:161} INFO - Started process (PID=9465) to work on /opt/airflow/dags/transfer.py
[2026-03-19T00:01:08.229+0000] {processor.py:830} INFO - Processing file /opt/airflow/dags/transfer.py for tasks to queue
[2026-03-19T00:01:08.233+0000] {logging_mixin.py:188} INFO - [2026-03-19T00:01:08.232+0000] {dagbag.py:545} INFO - Filling up the DagBag from /opt/airflow/dags/transfer.py
[2026-03-19T00:01:08.268+0000] {processor.py:840} INFO - DAG(s) 'transfer_from_minio_to_snowflake_customers', 'transfer_from_minio_to_snowflake_transactions', 'transfer_from_minio_to_snowflake_accounts' retrieved from /opt/airflow/dags/transfer.py
[2026-03-19T00:01:08.298+0000] {logging_mixin.py:188} INFO - [2026-03-19T00:01:08.298+0000] {dag.py:3089} INFO - Sync 3 DAGs
[2026-03-19T00:01:08.312+0000] {logging_mixin.py:188} INFO - [2026-03-19T00:01:08.312+0000] {dag.py:3947} INFO - Setting next_dagrun for transfer_from_minio_to_snowflake_accounts to 2026-03-19 00:00:00+00:00, run_after=2026-03-19 00:01:00+00:00
[2026-03-19T00:01:08.315+0000] {logging_mixin.py:188} INFO - [2026-03-19T00:01:08.315+0000] {dag.py:3947} INFO - Setting next_dagrun for transfer_from_minio_to_snowflake_customers to 2026-03-19 00:00:00+00:00, run_after=2026-03-19 00:01:00+00:00
[2026-03-19T00:01:08.316+0000] {logging_mixin.py:188} INFO - [2026-03-19T00:01:08.316+0000] {dag.py:3947} INFO - Setting next_dagrun for transfer_from_minio_to_snowflake_transactions to 2026-03-19 00:00:00+00:00, run_after=2026-03-19 00:01:00+00:00
[2026-03-19T00:01:08.324+0000] {processor.py:183} INFO - Processing /opt/airflow/dags/transfer.py took 0.112 seconds
[2026-03-19T00:01:38.771+0000] {processor.py:161} INFO - Started process (PID=9467) to work on /opt/airflow/dags/transfer.py
[2026-03-19T00:01:38.773+0000] {processor.py:830} INFO - Processing file /opt/airflow/dags/transfer.py for tasks to queue
[2026-03-19T00:01:38.776+0000] {logging_mixin.py:188} INFO - [2026-03-19T00:01:38.776+0000] {dagbag.py:545} INFO - Filling up the DagBag from /opt/airflow/dags/transfer.py
[2026-03-19T00:01:38.817+0000] {processor.py:840} INFO - DAG(s) 'transfer_from_minio_to_snowflake_transactions', 'transfer_from_minio_to_snowflake_customers', 'transfer_from_minio_to_snowflake_accounts' retrieved from /opt/airflow/dags/transfer.py
[2026-03-19T00:01:38.859+0000] {logging_mixin.py:188} INFO - [2026-03-19T00:01:38.859+0000] {dag.py:3089} INFO - Sync 3 DAGs
[2026-03-19T00:01:38.877+0000] {logging_mixin.py:188} INFO - [2026-03-19T00:01:38.876+0000] {dag.py:3947} INFO - Setting next_dagrun for transfer_from_minio_to_snowflake_accounts to 2026-03-19 00:00:00+00:00, run_after=2026-03-19 00:01:00+00:00
[2026-03-19T00:01:38.879+0000] {logging_mixin.py:188} INFO - [2026-03-19T00:01:38.879+0000] {dag.py:3947} INFO - Setting next_dagrun for transfer_from_minio_to_snowflake_customers to 2026-03-19 00:00:00+00:00, run_after=2026-03-19 00:01:00+00:00
[2026-03-19T00:01:38.881+0000] {logging_mixin.py:188} INFO - [2026-03-19T00:01:38.881+0000] {dag.py:3947} INFO - Setting next_dagrun for transfer_from_minio_to_snowflake_transactions to 2026-03-19 00:00:00+00:00, run_after=2026-03-19 00:01:00+00:00
[2026-03-19T00:01:38.891+0000] {processor.py:183} INFO - Processing /opt/airflow/dags/transfer.py took 0.131 seconds
[2026-03-19T00:02:09.260+0000] {processor.py:161} INFO - Started process (PID=9469) to work on /opt/airflow/dags/transfer.py
[2026-03-19T00:02:09.262+0000] {processor.py:830} INFO - Processing file /opt/airflow/dags/transfer.py for tasks to queue
[2026-03-19T00:02:09.264+0000] {logging_mixin.py:188} INFO - [2026-03-19T00:02:09.264+0000] {dagbag.py:545} INFO - Filling up the DagBag from /opt/airflow/dags/transfer.py
[2026-03-19T00:02:09.298+0000] {processor.py:840} INFO - DAG(s) 'transfer_from_minio_to_snowflake_customers', 'transfer_from_minio_to_snowflake_transactions', 'transfer_from_minio_to_snowflake_accounts' retrieved from /opt/airflow/dags/transfer.py
[2026-03-19T00:02:09.332+0000] {logging_mixin.py:188} INFO - [2026-03-19T00:02:09.332+0000] {dag.py:3089} INFO - Sync 3 DAGs
[2026-03-19T00:02:09.348+0000] {logging_mixin.py:188} INFO - [2026-03-19T00:02:09.348+0000] {dag.py:3947} INFO - Setting next_dagrun for transfer_from_minio_to_snowflake_accounts to 2026-03-19 00:01:00+00:00, run_after=2026-03-19 00:02:00+00:00
[2026-03-19T00:02:09.351+0000] {logging_mixin.py:188} INFO - [2026-03-19T00:02:09.351+0000] {dag.py:3947} INFO - Setting next_dagrun for transfer_from_minio_to_snowflake_customers to 2026-03-19 00:01:00+00:00, run_after=2026-03-19 00:02:00+00:00
[2026-03-19T00:02:09.352+0000] {logging_mixin.py:188} INFO - [2026-03-19T00:02:09.352+0000] {dag.py:3947} INFO - Setting next_dagrun for transfer_from_minio_to_snowflake_transactions to 2026-03-19 00:01:00+00:00, run_after=2026-03-19 00:02:00+00:00
[2026-03-19T00:02:09.360+0000] {processor.py:183} INFO - Processing /opt/airflow/dags/transfer.py took 0.112 seconds
[2026-03-19T00:02:39.769+0000] {processor.py:161} INFO - Started process (PID=9471) to work on /opt/airflow/dags/transfer.py
[2026-03-19T00:02:39.773+0000] {processor.py:830} INFO - Processing file /opt/airflow/dags/transfer.py for tasks to queue
[2026-03-19T00:02:39.779+0000] {logging_mixin.py:188} INFO - [2026-03-19T00:02:39.778+0000] {dagbag.py:545} INFO - Filling up the DagBag from /opt/airflow/dags/transfer.py
[2026-03-19T00:02:39.818+0000] {processor.py:840} INFO - DAG(s) 'transfer_from_minio_to_snowflake_customers', 'transfer_from_minio_to_snowflake_transactions', 'transfer_from_minio_to_snowflake_accounts' retrieved from /opt/airflow/dags/transfer.py
[2026-03-19T00:02:39.858+0000] {logging_mixin.py:188} INFO - [2026-03-19T00:02:39.858+0000] {dag.py:3089} INFO - Sync 3 DAGs
[2026-03-19T00:02:39.875+0000] {logging_mixin.py:188} INFO - [2026-03-19T00:02:39.875+0000] {dag.py:3947} INFO - Setting next_dagrun for transfer_from_minio_to_snowflake_accounts to 2026-03-19 00:01:00+00:00, run_after=2026-03-19 00:02:00+00:00
[2026-03-19T00:02:39.878+0000] {logging_mixin.py:188} INFO - [2026-03-19T00:02:39.878+0000] {dag.py:3947} INFO - Setting next_dagrun for transfer_from_minio_to_snowflake_customers to 2026-03-19 00:01:00+00:00, run_after=2026-03-19 00:02:00+00:00
[2026-03-19T00:02:39.879+0000] {logging_mixin.py:188} INFO - [2026-03-19T00:02:39.879+0000] {dag.py:3947} INFO - Setting next_dagrun for transfer_from_minio_to_snowflake_transactions to 2026-03-19 00:01:00+00:00, run_after=2026-03-19 00:02:00+00:00
[2026-03-19T00:02:39.888+0000] {processor.py:183} INFO - Processing /opt/airflow/dags/transfer.py took 0.130 seconds
[2026-03-19T00:03:10.296+0000] {processor.py:161} INFO - Started process (PID=9473) to work on /opt/airflow/dags/transfer.py
[2026-03-19T00:03:10.299+0000] {processor.py:830} INFO - Processing file /opt/airflow/dags/transfer.py for tasks to queue
[2026-03-19T00:03:10.301+0000] {logging_mixin.py:188} INFO - [2026-03-19T00:03:10.301+0000] {dagbag.py:545} INFO - Filling up the DagBag from /opt/airflow/dags/transfer.py
[2026-03-19T00:03:10.364+0000] {processor.py:840} INFO - DAG(s) 'transfer_from_minio_to_snowflake_accounts', 'transfer_from_minio_to_snowflake_customers', 'transfer_from_minio_to_snowflake_transactions' retrieved from /opt/airflow/dags/transfer.py
[2026-03-19T00:03:10.411+0000] {logging_mixin.py:188} INFO - [2026-03-19T00:03:10.411+0000] {dag.py:3089} INFO - Sync 3 DAGs
[2026-03-19T00:03:10.426+0000] {logging_mixin.py:188} INFO - [2026-03-19T00:03:10.426+0000] {dag.py:3947} INFO - Setting next_dagrun for transfer_from_minio_to_snowflake_accounts to 2026-03-19 00:02:00+00:00, run_after=2026-03-19 00:03:00+00:00
[2026-03-19T00:03:10.429+0000] {logging_mixin.py:188} INFO - [2026-03-19T00:03:10.429+0000] {dag.py:3947} INFO - Setting next_dagrun for transfer_from_minio_to_snowflake_customers to 2026-03-19 00:02:00+00:00, run_after=2026-03-19 00:03:00+00:00
[2026-03-19T00:03:10.430+0000] {logging_mixin.py:188} INFO - [2026-03-19T00:03:10.430+0000] {dag.py:3947} INFO - Setting next_dagrun for transfer_from_minio_to_snowflake_transactions to 2026-03-19 00:02:00+00:00, run_after=2026-03-19 00:03:00+00:00
[2026-03-19T00:03:10.438+0000] {processor.py:183} INFO - Processing /opt/airflow/dags/transfer.py took 0.153 seconds
[2026-03-19T00:03:40.784+0000] {processor.py:161} INFO - Started process (PID=9475) to work on /opt/airflow/dags/transfer.py
[2026-03-19T00:03:40.785+0000] {processor.py:830} INFO - Processing file /opt/airflow/dags/transfer.py for tasks to queue
[2026-03-19T00:03:40.790+0000] {logging_mixin.py:188} INFO - [2026-03-19T00:03:40.789+0000] {dagbag.py:545} INFO - Filling up the DagBag from /opt/airflow/dags/transfer.py
[2026-03-19T00:03:40.823+0000] {processor.py:840} INFO - DAG(s) 'transfer_from_minio_to_snowflake_accounts', 'transfer_from_minio_to_snowflake_customers', 'transfer_from_minio_to_snowflake_transactions' retrieved from /opt/airflow/dags/transfer.py
[2026-03-19T00:03:40.859+0000] {logging_mixin.py:188} INFO - [2026-03-19T00:03:40.859+0000] {dag.py:3089} INFO - Sync 3 DAGs
[2026-03-19T00:03:40.874+0000] {logging_mixin.py:188} INFO - [2026-03-19T00:03:40.874+0000] {dag.py:3947} INFO - Setting next_dagrun for transfer_from_minio_to_snowflake_accounts to 2026-03-19 00:02:00+00:00, run_after=2026-03-19 00:03:00+00:00
[2026-03-19T00:03:40.877+0000] {logging_mixin.py:188} INFO - [2026-03-19T00:03:40.877+0000] {dag.py:3947} INFO - Setting next_dagrun for transfer_from_minio_to_snowflake_customers to 2026-03-19 00:02:00+00:00, run_after=2026-03-19 00:03:00+00:00
[2026-03-19T00:03:40.878+0000] {logging_mixin.py:188} INFO - [2026-03-19T00:03:40.878+0000] {dag.py:3947} INFO - Setting next_dagrun for transfer_from_minio_to_snowflake_transactions to 2026-03-19 00:02:00+00:00, run_after=2026-03-19 00:03:00+00:00
[2026-03-19T00:03:40.886+0000] {processor.py:183} INFO - Processing /opt/airflow/dags/transfer.py took 0.114 seconds
[2026-03-19T00:04:11.356+0000] {processor.py:161} INFO - Started process (PID=9477) to work on /opt/airflow/dags/transfer.py
[2026-03-19T00:04:11.358+0000] {processor.py:830} INFO - Processing file /opt/airflow/dags/transfer.py for tasks to queue
[2026-03-19T00:04:11.361+0000] {logging_mixin.py:188} INFO - [2026-03-19T00:04:11.361+0000] {dagbag.py:545} INFO - Filling up the DagBag from /opt/airflow/dags/transfer.py
[2026-03-19T00:04:11.392+0000] {processor.py:840} INFO - DAG(s) 'transfer_from_minio_to_snowflake_accounts', 'transfer_from_minio_to_snowflake_customers', 'transfer_from_minio_to_snowflake_transactions' retrieved from /opt/airflow/dags/transfer.py
[2026-03-19T00:04:11.443+0000] {logging_mixin.py:188} INFO - [2026-03-19T00:04:11.443+0000] {dag.py:3089} INFO - Sync 3 DAGs
[2026-03-19T00:04:11.457+0000] {logging_mixin.py:188} INFO - [2026-03-19T00:04:11.457+0000] {dag.py:3947} INFO - Setting next_dagrun for transfer_from_minio_to_snowflake_accounts to 2026-03-19 00:03:00+00:00, run_after=2026-03-19 00:04:00+00:00
[2026-03-19T00:04:11.460+0000] {logging_mixin.py:188} INFO - [2026-03-19T00:04:11.460+0000] {dag.py:3947} INFO - Setting next_dagrun for transfer_from_minio_to_snowflake_customers to 2026-03-19 00:03:00+00:00, run_after=2026-03-19 00:04:00+00:00
[2026-03-19T00:04:11.462+0000] {logging_mixin.py:188} INFO - [2026-03-19T00:04:11.461+0000] {dag.py:3947} INFO - Setting next_dagrun for transfer_from_minio_to_snowflake_transactions to 2026-03-19 00:03:00+00:00, run_after=2026-03-19 00:04:00+00:00
[2026-03-19T00:04:11.472+0000] {processor.py:183} INFO - Processing /opt/airflow/dags/transfer.py took 0.124 seconds
[2026-03-19T00:04:41.593+0000] {processor.py:161} INFO - Started process (PID=9479) to work on /opt/airflow/dags/transfer.py
[2026-03-19T00:04:41.595+0000] {processor.py:830} INFO - Processing file /opt/airflow/dags/transfer.py for tasks to queue
[2026-03-19T00:04:41.601+0000] {logging_mixin.py:188} INFO - [2026-03-19T00:04:41.601+0000] {dagbag.py:545} INFO - Filling up the DagBag from /opt/airflow/dags/transfer.py
[2026-03-19T00:04:41.646+0000] {processor.py:840} INFO - DAG(s) 'transfer_from_minio_to_snowflake_customers', 'transfer_from_minio_to_snowflake_accounts', 'transfer_from_minio_to_snowflake_transactions' retrieved from /opt/airflow/dags/transfer.py
[2026-03-19T00:04:41.675+0000] {logging_mixin.py:188} INFO - [2026-03-19T00:04:41.675+0000] {dag.py:3089} INFO - Sync 3 DAGs
[2026-03-19T00:04:41.693+0000] {logging_mixin.py:188} INFO - [2026-03-19T00:04:41.693+0000] {dag.py:3947} INFO - Setting next_dagrun for transfer_from_minio_to_snowflake_accounts to 2026-03-19 00:03:00+00:00, run_after=2026-03-19 00:04:00+00:00
[2026-03-19T00:04:41.696+0000] {logging_mixin.py:188} INFO - [2026-03-19T00:04:41.696+0000] {dag.py:3947} INFO - Setting next_dagrun for transfer_from_minio_to_snowflake_customers to 2026-03-19 00:03:00+00:00, run_after=2026-03-19 00:04:00+00:00
[2026-03-19T00:04:41.698+0000] {logging_mixin.py:188} INFO - [2026-03-19T00:04:41.698+0000] {dag.py:3947} INFO - Setting next_dagrun for transfer_from_minio_to_snowflake_transactions to 2026-03-19 00:03:00+00:00, run_after=2026-03-19 00:04:00+00:00
[2026-03-19T00:04:41.707+0000] {processor.py:183} INFO - Processing /opt/airflow/dags/transfer.py took 0.126 seconds
[2026-03-19T00:05:12.198+0000] {processor.py:161} INFO - Started process (PID=9481) to work on /opt/airflow/dags/transfer.py
[2026-03-19T00:05:12.199+0000] {processor.py:830} INFO - Processing file /opt/airflow/dags/transfer.py for tasks to queue
[2026-03-19T00:05:12.204+0000] {logging_mixin.py:188} INFO - [2026-03-19T00:05:12.203+0000] {dagbag.py:545} INFO - Filling up the DagBag from /opt/airflow/dags/transfer.py
[2026-03-19T00:05:12.246+0000] {processor.py:840} INFO - DAG(s) 'transfer_from_minio_to_snowflake_customers', 'transfer_from_minio_to_snowflake_transactions', 'transfer_from_minio_to_snowflake_accounts' retrieved from /opt/airflow/dags/transfer.py
[2026-03-19T00:05:12.276+0000] {logging_mixin.py:188} INFO - [2026-03-19T00:05:12.276+0000] {dag.py:3089} INFO - Sync 3 DAGs
[2026-03-19T00:05:12.291+0000] {logging_mixin.py:188} INFO - [2026-03-19T00:05:12.291+0000] {dag.py:3947} INFO - Setting next_dagrun for transfer_from_minio_to_snowflake_accounts to 2026-03-19 00:04:00+00:00, run_after=2026-03-19 00:05:00+00:00
[2026-03-19T00:05:12.294+0000] {logging_mixin.py:188} INFO - [2026-03-19T00:05:12.294+0000] {dag.py:3947} INFO - Setting next_dagrun for transfer_from_minio_to_snowflake_customers to 2026-03-19 00:04:00+00:00, run_after=2026-03-19 00:05:00+00:00
[2026-03-19T00:05:12.296+0000] {logging_mixin.py:188} INFO - [2026-03-19T00:05:12.296+0000] {dag.py:3947} INFO - Setting next_dagrun for transfer_from_minio_to_snowflake_transactions to 2026-03-19 00:04:00+00:00, run_after=2026-03-19 00:05:00+00:00
[2026-03-19T00:05:12.304+0000] {processor.py:183} INFO - Processing /opt/airflow/dags/transfer.py took 0.116 seconds
[2026-03-19T00:05:42.763+0000] {processor.py:161} INFO - Started process (PID=9483) to work on /opt/airflow/dags/transfer.py
[2026-03-19T00:05:42.764+0000] {processor.py:830} INFO - Processing file /opt/airflow/dags/transfer.py for tasks to queue
[2026-03-19T00:05:42.772+0000] {logging_mixin.py:188} INFO - [2026-03-19T00:05:42.772+0000] {dagbag.py:545} INFO - Filling up the DagBag from /opt/airflow/dags/transfer.py
[2026-03-19T00:05:42.806+0000] {processor.py:840} INFO - DAG(s) 'transfer_from_minio_to_snowflake_accounts', 'transfer_from_minio_to_snowflake_customers', 'transfer_from_minio_to_snowflake_transactions' retrieved from /opt/airflow/dags/transfer.py
[2026-03-19T00:05:42.843+0000] {logging_mixin.py:188} INFO - [2026-03-19T00:05:42.843+0000] {dag.py:3089} INFO - Sync 3 DAGs
[2026-03-19T00:05:42.860+0000] {logging_mixin.py:188} INFO - [2026-03-19T00:05:42.860+0000] {dag.py:3947} INFO - Setting next_dagrun for transfer_from_minio_to_snowflake_accounts to 2026-03-19 00:04:00+00:00, run_after=2026-03-19 00:05:00+00:00
[2026-03-19T00:05:42.863+0000] {logging_mixin.py:188} INFO - [2026-03-19T00:05:42.863+0000] {dag.py:3947} INFO - Setting next_dagrun for transfer_from_minio_to_snowflake_customers to 2026-03-19 00:04:00+00:00, run_after=2026-03-19 00:05:00+00:00
[2026-03-19T00:05:42.864+0000] {logging_mixin.py:188} INFO - [2026-03-19T00:05:42.864+0000] {dag.py:3947} INFO - Setting next_dagrun for transfer_from_minio_to_snowflake_transactions to 2026-03-19 00:04:00+00:00, run_after=2026-03-19 00:05:00+00:00
[2026-03-19T00:05:42.872+0000] {processor.py:183} INFO - Processing /opt/airflow/dags/transfer.py took 0.119 seconds
[2026-03-19T00:06:13.315+0000] {processor.py:161} INFO - Started process (PID=9485) to work on /opt/airflow/dags/transfer.py
[2026-03-19T00:06:13.319+0000] {processor.py:830} INFO - Processing file /opt/airflow/dags/transfer.py for tasks to queue
[2026-03-19T00:06:13.322+0000] {logging_mixin.py:188} INFO - [2026-03-19T00:06:13.322+0000] {dagbag.py:545} INFO - Filling up the DagBag from /opt/airflow/dags/transfer.py
[2026-03-19T00:06:13.361+0000] {processor.py:840} INFO - DAG(s) 'transfer_from_minio_to_snowflake_transactions', 'transfer_from_minio_to_snowflake_customers', 'transfer_from_minio_to_snowflake_accounts' retrieved from /opt/airflow/dags/transfer.py
[2026-03-19T00:06:13.414+0000] {logging_mixin.py:188} INFO - [2026-03-19T00:06:13.413+0000] {dag.py:3089} INFO - Sync 3 DAGs
[2026-03-19T00:06:13.446+0000] {logging_mixin.py:188} INFO - [2026-03-19T00:06:13.446+0000] {dag.py:3947} INFO - Setting next_dagrun for transfer_from_minio_to_snowflake_accounts to 2026-03-19 00:05:00+00:00, run_after=2026-03-19 00:06:00+00:00
[2026-03-19T00:06:13.449+0000] {logging_mixin.py:188} INFO - [2026-03-19T00:06:13.449+0000] {dag.py:3947} INFO - Setting next_dagrun for transfer_from_minio_to_snowflake_customers to 2026-03-19 00:05:00+00:00, run_after=2026-03-19 00:06:00+00:00
[2026-03-19T00:06:13.451+0000] {logging_mixin.py:188} INFO - [2026-03-19T00:06:13.451+0000] {dag.py:3947} INFO - Setting next_dagrun for transfer_from_minio_to_snowflake_transactions to 2026-03-19 00:05:00+00:00, run_after=2026-03-19 00:06:00+00:00
[2026-03-19T00:06:13.464+0000] {processor.py:183} INFO - Processing /opt/airflow/dags/transfer.py took 0.164 seconds
[2026-03-19T00:06:43.909+0000] {processor.py:161} INFO - Started process (PID=9487) to work on /opt/airflow/dags/transfer.py
[2026-03-19T00:06:43.911+0000] {processor.py:830} INFO - Processing file /opt/airflow/dags/transfer.py for tasks to queue
[2026-03-19T00:06:43.919+0000] {logging_mixin.py:188} INFO - [2026-03-19T00:06:43.919+0000] {dagbag.py:545} INFO - Filling up the DagBag from /opt/airflow/dags/transfer.py
[2026-03-19T00:06:43.965+0000] {processor.py:840} INFO - DAG(s) 'transfer_from_minio_to_snowflake_transactions', 'transfer_from_minio_to_snowflake_accounts', 'transfer_from_minio_to_snowflake_customers' retrieved from /opt/airflow/dags/transfer.py
[2026-03-19T00:06:44.001+0000] {logging_mixin.py:188} INFO - [2026-03-19T00:06:44.001+0000] {dag.py:3089} INFO - Sync 3 DAGs
[2026-03-19T00:06:44.015+0000] {logging_mixin.py:188} INFO - [2026-03-19T00:06:44.015+0000] {dag.py:3947} INFO - Setting next_dagrun for transfer_from_minio_to_snowflake_accounts to 2026-03-19 00:05:00+00:00, run_after=2026-03-19 00:06:00+00:00
[2026-03-19T00:06:44.018+0000] {logging_mixin.py:188} INFO - [2026-03-19T00:06:44.018+0000] {dag.py:3947} INFO - Setting next_dagrun for transfer_from_minio_to_snowflake_customers to 2026-03-19 00:05:00+00:00, run_after=2026-03-19 00:06:00+00:00
[2026-03-19T00:06:44.020+0000] {logging_mixin.py:188} INFO - [2026-03-19T00:06:44.020+0000] {dag.py:3947} INFO - Setting next_dagrun for transfer_from_minio_to_snowflake_transactions to 2026-03-19 00:05:00+00:00, run_after=2026-03-19 00:06:00+00:00
[2026-03-19T00:06:44.027+0000] {processor.py:183} INFO - Processing /opt/airflow/dags/transfer.py took 0.131 seconds
[2026-03-19T00:07:14.520+0000] {processor.py:161} INFO - Started process (PID=9489) to work on /opt/airflow/dags/transfer.py
[2026-03-19T00:07:14.521+0000] {processor.py:830} INFO - Processing file /opt/airflow/dags/transfer.py for tasks to queue
[2026-03-19T00:07:14.524+0000] {logging_mixin.py:188} INFO - [2026-03-19T00:07:14.524+0000] {dagbag.py:545} INFO - Filling up the DagBag from /opt/airflow/dags/transfer.py
[2026-03-19T00:07:14.562+0000] {processor.py:840} INFO - DAG(s) 'transfer_from_minio_to_snowflake_accounts', 'transfer_from_minio_to_snowflake_customers', 'transfer_from_minio_to_snowflake_transactions' retrieved from /opt/airflow/dags/transfer.py
[2026-03-19T00:07:14.599+0000] {logging_mixin.py:188} INFO - [2026-03-19T00:07:14.599+0000] {dag.py:3089} INFO - Sync 3 DAGs
[2026-03-19T00:07:14.614+0000] {logging_mixin.py:188} INFO - [2026-03-19T00:07:14.614+0000] {dag.py:3947} INFO - Setting next_dagrun for transfer_from_minio_to_snowflake_accounts to 2026-03-19 00:06:00+00:00, run_after=2026-03-19 00:07:00+00:00
[2026-03-19T00:07:14.617+0000] {logging_mixin.py:188} INFO - [2026-03-19T00:07:14.617+0000] {dag.py:3947} INFO - Setting next_dagrun for transfer_from_minio_to_snowflake_customers to 2026-03-19 00:06:00+00:00, run_after=2026-03-19 00:07:00+00:00
[2026-03-19T00:07:14.618+0000] {logging_mixin.py:188} INFO - [2026-03-19T00:07:14.618+0000] {dag.py:3947} INFO - Setting next_dagrun for transfer_from_minio_to_snowflake_transactions to 2026-03-19 00:06:00+00:00, run_after=2026-03-19 00:07:00+00:00
[2026-03-19T00:07:14.626+0000] {processor.py:183} INFO - Processing /opt/airflow/dags/transfer.py took 0.121 seconds
[2026-03-19T00:07:45.078+0000] {processor.py:161} INFO - Started process (PID=9491) to work on /opt/airflow/dags/transfer.py
[2026-03-19T00:07:45.080+0000] {processor.py:830} INFO - Processing file /opt/airflow/dags/transfer.py for tasks to queue
[2026-03-19T00:07:45.084+0000] {logging_mixin.py:188} INFO - [2026-03-19T00:07:45.084+0000] {dagbag.py:545} INFO - Filling up the DagBag from /opt/airflow/dags/transfer.py
[2026-03-19T00:07:45.121+0000] {processor.py:840} INFO - DAG(s) 'transfer_from_minio_to_snowflake_accounts', 'transfer_from_minio_to_snowflake_customers', 'transfer_from_minio_to_snowflake_transactions' retrieved from /opt/airflow/dags/transfer.py
[2026-03-19T00:07:45.157+0000] {logging_mixin.py:188} INFO - [2026-03-19T00:07:45.157+0000] {dag.py:3089} INFO - Sync 3 DAGs
[2026-03-19T00:07:45.174+0000] {logging_mixin.py:188} INFO - [2026-03-19T00:07:45.173+0000] {dag.py:3947} INFO - Setting next_dagrun for transfer_from_minio_to_snowflake_accounts to 2026-03-19 00:06:00+00:00, run_after=2026-03-19 00:07:00+00:00
[2026-03-19T00:07:45.176+0000] {logging_mixin.py:188} INFO - [2026-03-19T00:07:45.176+0000] {dag.py:3947} INFO - Setting next_dagrun for transfer_from_minio_to_snowflake_customers to 2026-03-19 00:06:00+00:00, run_after=2026-03-19 00:07:00+00:00
[2026-03-19T00:07:45.178+0000] {logging_mixin.py:188} INFO - [2026-03-19T00:07:45.178+0000] {dag.py:3947} INFO - Setting next_dagrun for transfer_from_minio_to_snowflake_transactions to 2026-03-19 00:06:00+00:00, run_after=2026-03-19 00:07:00+00:00
[2026-03-19T00:07:45.185+0000] {processor.py:183} INFO - Processing /opt/airflow/dags/transfer.py took 0.129 seconds
[2026-03-19T00:08:15.706+0000] {processor.py:161} INFO - Started process (PID=9493) to work on /opt/airflow/dags/transfer.py
[2026-03-19T00:08:15.708+0000] {processor.py:830} INFO - Processing file /opt/airflow/dags/transfer.py for tasks to queue
[2026-03-19T00:08:15.747+0000] {logging_mixin.py:188} INFO - [2026-03-19T00:08:15.739+0000] {dagbag.py:545} INFO - Filling up the DagBag from /opt/airflow/dags/transfer.py
[2026-03-19T00:08:15.925+0000] {processor.py:840} INFO - DAG(s) 'transfer_from_minio_to_snowflake_transactions', 'transfer_from_minio_to_snowflake_accounts', 'transfer_from_minio_to_snowflake_customers' retrieved from /opt/airflow/dags/transfer.py
[2026-03-19T00:08:16.001+0000] {logging_mixin.py:188} INFO - [2026-03-19T00:08:16.000+0000] {dag.py:3089} INFO - Sync 3 DAGs
[2026-03-19T00:08:16.028+0000] {logging_mixin.py:188} INFO - [2026-03-19T00:08:16.027+0000] {dag.py:3947} INFO - Setting next_dagrun for transfer_from_minio_to_snowflake_accounts to 2026-03-19 00:07:00+00:00, run_after=2026-03-19 00:08:00+00:00
[2026-03-19T00:08:16.031+0000] {logging_mixin.py:188} INFO - [2026-03-19T00:08:16.031+0000] {dag.py:3947} INFO - Setting next_dagrun for transfer_from_minio_to_snowflake_customers to 2026-03-19 00:07:00+00:00, run_after=2026-03-19 00:08:00+00:00
[2026-03-19T00:08:16.033+0000] {logging_mixin.py:188} INFO - [2026-03-19T00:08:16.033+0000] {dag.py:3947} INFO - Setting next_dagrun for transfer_from_minio_to_snowflake_transactions to 2026-03-19 00:07:00+00:00, run_after=2026-03-19 00:08:00+00:00
[2026-03-19T00:08:16.040+0000] {processor.py:183} INFO - Processing /opt/airflow/dags/transfer.py took 0.357 seconds
[2026-03-19T00:08:46.474+0000] {processor.py:161} INFO - Started process (PID=9495) to work on /opt/airflow/dags/transfer.py
[2026-03-19T00:08:46.475+0000] {processor.py:830} INFO - Processing file /opt/airflow/dags/transfer.py for tasks to queue
[2026-03-19T00:08:46.477+0000] {logging_mixin.py:188} INFO - [2026-03-19T00:08:46.477+0000] {dagbag.py:545} INFO - Filling up the DagBag from /opt/airflow/dags/transfer.py
[2026-03-19T00:08:46.530+0000] {processor.py:840} INFO - DAG(s) 'transfer_from_minio_to_snowflake_transactions', 'transfer_from_minio_to_snowflake_accounts', 'transfer_from_minio_to_snowflake_customers' retrieved from /opt/airflow/dags/transfer.py
[2026-03-19T00:08:46.565+0000] {logging_mixin.py:188} INFO - [2026-03-19T00:08:46.564+0000] {dag.py:3089} INFO - Sync 3 DAGs
[2026-03-19T00:08:46.582+0000] {logging_mixin.py:188} INFO - [2026-03-19T00:08:46.582+0000] {dag.py:3947} INFO - Setting next_dagrun for transfer_from_minio_to_snowflake_accounts to 2026-03-19 00:07:00+00:00, run_after=2026-03-19 00:08:00+00:00
[2026-03-19T00:08:46.585+0000] {logging_mixin.py:188} INFO - [2026-03-19T00:08:46.585+0000] {dag.py:3947} INFO - Setting next_dagrun for transfer_from_minio_to_snowflake_customers to 2026-03-19 00:07:00+00:00, run_after=2026-03-19 00:08:00+00:00
[2026-03-19T00:08:46.586+0000] {logging_mixin.py:188} INFO - [2026-03-19T00:08:46.586+0000] {dag.py:3947} INFO - Setting next_dagrun for transfer_from_minio_to_snowflake_transactions to 2026-03-19 00:07:00+00:00, run_after=2026-03-19 00:08:00+00:00
[2026-03-19T00:08:46.594+0000] {processor.py:183} INFO - Processing /opt/airflow/dags/transfer.py took 0.136 seconds
[2026-03-19T00:09:17.062+0000] {processor.py:161} INFO - Started process (PID=9497) to work on /opt/airflow/dags/transfer.py
[2026-03-19T00:09:17.063+0000] {processor.py:830} INFO - Processing file /opt/airflow/dags/transfer.py for tasks to queue
[2026-03-19T00:09:17.066+0000] {logging_mixin.py:188} INFO - [2026-03-19T00:09:17.066+0000] {dagbag.py:545} INFO - Filling up the DagBag from /opt/airflow/dags/transfer.py
[2026-03-19T00:09:17.100+0000] {processor.py:840} INFO - DAG(s) 'transfer_from_minio_to_snowflake_transactions', 'transfer_from_minio_to_snowflake_accounts', 'transfer_from_minio_to_snowflake_customers' retrieved from /opt/airflow/dags/transfer.py
[2026-03-19T00:09:17.125+0000] {logging_mixin.py:188} INFO - [2026-03-19T00:09:17.125+0000] {dag.py:3089} INFO - Sync 3 DAGs
[2026-03-19T00:09:17.142+0000] {logging_mixin.py:188} INFO - [2026-03-19T00:09:17.142+0000] {dag.py:3947} INFO - Setting next_dagrun for transfer_from_minio_to_snowflake_accounts to 2026-03-19 00:08:00+00:00, run_after=2026-03-19 00:09:00+00:00
[2026-03-19T00:09:17.146+0000] {logging_mixin.py:188} INFO - [2026-03-19T00:09:17.146+0000] {dag.py:3947} INFO - Setting next_dagrun for transfer_from_minio_to_snowflake_customers to 2026-03-19 00:08:00+00:00, run_after=2026-03-19 00:09:00+00:00
[2026-03-19T00:09:17.147+0000] {logging_mixin.py:188} INFO - [2026-03-19T00:09:17.147+0000] {dag.py:3947} INFO - Setting next_dagrun for transfer_from_minio_to_snowflake_transactions to 2026-03-19 00:08:00+00:00, run_after=2026-03-19 00:09:00+00:00
[2026-03-19T00:09:17.155+0000] {processor.py:183} INFO - Processing /opt/airflow/dags/transfer.py took 0.119 seconds
[2026-03-19T00:09:47.803+0000] {processor.py:161} INFO - Started process (PID=9499) to work on /opt/airflow/dags/transfer.py
[2026-03-19T00:09:47.805+0000] {processor.py:830} INFO - Processing file /opt/airflow/dags/transfer.py for tasks to queue
[2026-03-19T00:09:47.809+0000] {logging_mixin.py:188} INFO - [2026-03-19T00:09:47.808+0000] {dagbag.py:545} INFO - Filling up the DagBag from /opt/airflow/dags/transfer.py
[2026-03-19T00:09:47.843+0000] {processor.py:840} INFO - DAG(s) 'transfer_from_minio_to_snowflake_transactions', 'transfer_from_minio_to_snowflake_customers', 'transfer_from_minio_to_snowflake_accounts' retrieved from /opt/airflow/dags/transfer.py
[2026-03-19T00:09:47.880+0000] {logging_mixin.py:188} INFO - [2026-03-19T00:09:47.880+0000] {dag.py:3089} INFO - Sync 3 DAGs
[2026-03-19T00:09:47.895+0000] {logging_mixin.py:188} INFO - [2026-03-19T00:09:47.895+0000] {dag.py:3947} INFO - Setting next_dagrun for transfer_from_minio_to_snowflake_accounts to 2026-03-19 00:08:00+00:00, run_after=2026-03-19 00:09:00+00:00
[2026-03-19T00:09:47.898+0000] {logging_mixin.py:188} INFO - [2026-03-19T00:09:47.898+0000] {dag.py:3947} INFO - Setting next_dagrun for transfer_from_minio_to_snowflake_customers to 2026-03-19 00:08:00+00:00, run_after=2026-03-19 00:09:00+00:00
[2026-03-19T00:09:47.899+0000] {logging_mixin.py:188} INFO - [2026-03-19T00:09:47.899+0000] {dag.py:3947} INFO - Setting next_dagrun for transfer_from_minio_to_snowflake_transactions to 2026-03-19 00:08:00+00:00, run_after=2026-03-19 00:09:00+00:00
[2026-03-19T00:09:47.907+0000] {processor.py:183} INFO - Processing /opt/airflow/dags/transfer.py took 0.115 seconds
[2026-03-19T00:10:18.450+0000] {processor.py:161} INFO - Started process (PID=9501) to work on /opt/airflow/dags/transfer.py
[2026-03-19T00:10:18.452+0000] {processor.py:830} INFO - Processing file /opt/airflow/dags/transfer.py for tasks to queue
[2026-03-19T00:10:18.455+0000] {logging_mixin.py:188} INFO - [2026-03-19T00:10:18.454+0000] {dagbag.py:545} INFO - Filling up the DagBag from /opt/airflow/dags/transfer.py
[2026-03-19T00:10:18.499+0000] {processor.py:840} INFO - DAG(s) 'transfer_from_minio_to_snowflake_accounts', 'transfer_from_minio_to_snowflake_customers', 'transfer_from_minio_to_snowflake_transactions' retrieved from /opt/airflow/dags/transfer.py
[2026-03-19T00:10:18.543+0000] {logging_mixin.py:188} INFO - [2026-03-19T00:10:18.542+0000] {dag.py:3089} INFO - Sync 3 DAGs
[2026-03-19T00:10:18.565+0000] {logging_mixin.py:188} INFO - [2026-03-19T00:10:18.565+0000] {dag.py:3947} INFO - Setting next_dagrun for transfer_from_minio_to_snowflake_accounts to 2026-03-19 00:09:00+00:00, run_after=2026-03-19 00:10:00+00:00
[2026-03-19T00:10:18.569+0000] {logging_mixin.py:188} INFO - [2026-03-19T00:10:18.569+0000] {dag.py:3947} INFO - Setting next_dagrun for transfer_from_minio_to_snowflake_customers to 2026-03-19 00:09:00+00:00, run_after=2026-03-19 00:10:00+00:00
[2026-03-19T00:10:18.572+0000] {logging_mixin.py:188} INFO - [2026-03-19T00:10:18.571+0000] {dag.py:3947} INFO - Setting next_dagrun for transfer_from_minio_to_snowflake_transactions to 2026-03-19 00:09:00+00:00, run_after=2026-03-19 00:10:00+00:00
[2026-03-19T00:10:18.582+0000] {processor.py:183} INFO - Processing /opt/airflow/dags/transfer.py took 0.145 seconds
[2026-03-19T00:10:49.071+0000] {processor.py:161} INFO - Started process (PID=9503) to work on /opt/airflow/dags/transfer.py
[2026-03-19T00:10:49.073+0000] {processor.py:830} INFO - Processing file /opt/airflow/dags/transfer.py for tasks to queue
[2026-03-19T00:10:49.076+0000] {logging_mixin.py:188} INFO - [2026-03-19T00:10:49.075+0000] {dagbag.py:545} INFO - Filling up the DagBag from /opt/airflow/dags/transfer.py
[2026-03-19T00:10:49.113+0000] {processor.py:840} INFO - DAG(s) 'transfer_from_minio_to_snowflake_accounts', 'transfer_from_minio_to_snowflake_transactions', 'transfer_from_minio_to_snowflake_customers' retrieved from /opt/airflow/dags/transfer.py
[2026-03-19T00:10:49.142+0000] {logging_mixin.py:188} INFO - [2026-03-19T00:10:49.142+0000] {dag.py:3089} INFO - Sync 3 DAGs
[2026-03-19T00:10:49.156+0000] {logging_mixin.py:188} INFO - [2026-03-19T00:10:49.156+0000] {dag.py:3947} INFO - Setting next_dagrun for transfer_from_minio_to_snowflake_accounts to 2026-03-19 00:09:00+00:00, run_after=2026-03-19 00:10:00+00:00
[2026-03-19T00:10:49.159+0000] {logging_mixin.py:188} INFO - [2026-03-19T00:10:49.159+0000] {dag.py:3947} INFO - Setting next_dagrun for transfer_from_minio_to_snowflake_customers to 2026-03-19 00:09:00+00:00, run_after=2026-03-19 00:10:00+00:00
[2026-03-19T00:10:49.161+0000] {logging_mixin.py:188} INFO - [2026-03-19T00:10:49.161+0000] {dag.py:3947} INFO - Setting next_dagrun for transfer_from_minio_to_snowflake_transactions to 2026-03-19 00:09:00+00:00, run_after=2026-03-19 00:10:00+00:00
[2026-03-19T00:10:49.168+0000] {processor.py:183} INFO - Processing /opt/airflow/dags/transfer.py took 0.111 seconds
[2026-03-19T00:11:19.775+0000] {processor.py:161} INFO - Started process (PID=9505) to work on /opt/airflow/dags/transfer.py
[2026-03-19T00:11:19.777+0000] {processor.py:830} INFO - Processing file /opt/airflow/dags/transfer.py for tasks to queue
[2026-03-19T00:11:19.782+0000] {logging_mixin.py:188} INFO - [2026-03-19T00:11:19.782+0000] {dagbag.py:545} INFO - Filling up the DagBag from /opt/airflow/dags/transfer.py
[2026-03-19T00:11:19.815+0000] {processor.py:840} INFO - DAG(s) 'transfer_from_minio_to_snowflake_accounts', 'transfer_from_minio_to_snowflake_transactions', 'transfer_from_minio_to_snowflake_customers' retrieved from /opt/airflow/dags/transfer.py
[2026-03-19T00:11:19.853+0000] {logging_mixin.py:188} INFO - [2026-03-19T00:11:19.853+0000] {dag.py:3089} INFO - Sync 3 DAGs
[2026-03-19T00:11:19.873+0000] {logging_mixin.py:188} INFO - [2026-03-19T00:11:19.873+0000] {dag.py:3947} INFO - Setting next_dagrun for transfer_from_minio_to_snowflake_accounts to 2026-03-19 00:10:00+00:00, run_after=2026-03-19 00:11:00+00:00
[2026-03-19T00:11:19.876+0000] {logging_mixin.py:188} INFO - [2026-03-19T00:11:19.876+0000] {dag.py:3947} INFO - Setting next_dagrun for transfer_from_minio_to_snowflake_customers to 2026-03-19 00:10:00+00:00, run_after=2026-03-19 00:11:00+00:00
[2026-03-19T00:11:19.878+0000] {logging_mixin.py:188} INFO - [2026-03-19T00:11:19.878+0000] {dag.py:3947} INFO - Setting next_dagrun for transfer_from_minio_to_snowflake_transactions to 2026-03-19 00:10:00+00:00, run_after=2026-03-19 00:11:00+00:00
[2026-03-19T00:11:19.887+0000] {processor.py:183} INFO - Processing /opt/airflow/dags/transfer.py took 0.119 seconds
[2026-03-19T00:11:50.420+0000] {processor.py:161} INFO - Started process (PID=9507) to work on /opt/airflow/dags/transfer.py
[2026-03-19T00:11:50.422+0000] {processor.py:830} INFO - Processing file /opt/airflow/dags/transfer.py for tasks to queue
[2026-03-19T00:11:50.427+0000] {logging_mixin.py:188} INFO - [2026-03-19T00:11:50.426+0000] {dagbag.py:545} INFO - Filling up the DagBag from /opt/airflow/dags/transfer.py
[2026-03-19T00:11:50.471+0000] {processor.py:840} INFO - DAG(s) 'transfer_from_minio_to_snowflake_customers', 'transfer_from_minio_to_snowflake_transactions', 'transfer_from_minio_to_snowflake_accounts' retrieved from /opt/airflow/dags/transfer.py
[2026-03-19T00:11:50.513+0000] {logging_mixin.py:188} INFO - [2026-03-19T00:11:50.513+0000] {dag.py:3089} INFO - Sync 3 DAGs
[2026-03-19T00:11:50.533+0000] {logging_mixin.py:188} INFO - [2026-03-19T00:11:50.533+0000] {dag.py:3947} INFO - Setting next_dagrun for transfer_from_minio_to_snowflake_accounts to 2026-03-19 00:10:00+00:00, run_after=2026-03-19 00:11:00+00:00
[2026-03-19T00:11:50.536+0000] {logging_mixin.py:188} INFO - [2026-03-19T00:11:50.536+0000] {dag.py:3947} INFO - Setting next_dagrun for transfer_from_minio_to_snowflake_customers to 2026-03-19 00:10:00+00:00, run_after=2026-03-19 00:11:00+00:00
[2026-03-19T00:11:50.538+0000] {logging_mixin.py:188} INFO - [2026-03-19T00:11:50.538+0000] {dag.py:3947} INFO - Setting next_dagrun for transfer_from_minio_to_snowflake_transactions to 2026-03-19 00:10:00+00:00, run_after=2026-03-19 00:11:00+00:00
[2026-03-19T00:11:50.545+0000] {processor.py:183} INFO - Processing /opt/airflow/dags/transfer.py took 0.150 seconds
[2026-03-19T00:12:21.042+0000] {processor.py:161} INFO - Started process (PID=9509) to work on /opt/airflow/dags/transfer.py
[2026-03-19T00:12:21.043+0000] {processor.py:830} INFO - Processing file /opt/airflow/dags/transfer.py for tasks to queue
[2026-03-19T00:12:21.045+0000] {logging_mixin.py:188} INFO - [2026-03-19T00:12:21.045+0000] {dagbag.py:545} INFO - Filling up the DagBag from /opt/airflow/dags/transfer.py
[2026-03-19T00:12:21.082+0000] {processor.py:840} INFO - DAG(s) 'transfer_from_minio_to_snowflake_accounts', 'transfer_from_minio_to_snowflake_customers', 'transfer_from_minio_to_snowflake_transactions' retrieved from /opt/airflow/dags/transfer.py
[2026-03-19T00:12:21.116+0000] {logging_mixin.py:188} INFO - [2026-03-19T00:12:21.116+0000] {dag.py:3089} INFO - Sync 3 DAGs
[2026-03-19T00:12:21.132+0000] {logging_mixin.py:188} INFO - [2026-03-19T00:12:21.132+0000] {dag.py:3947} INFO - Setting next_dagrun for transfer_from_minio_to_snowflake_accounts to 2026-03-19 00:11:00+00:00, run_after=2026-03-19 00:12:00+00:00
[2026-03-19T00:12:21.135+0000] {logging_mixin.py:188} INFO - [2026-03-19T00:12:21.135+0000] {dag.py:3947} INFO - Setting next_dagrun for transfer_from_minio_to_snowflake_customers to 2026-03-19 00:11:00+00:00, run_after=2026-03-19 00:12:00+00:00
[2026-03-19T00:12:21.137+0000] {logging_mixin.py:188} INFO - [2026-03-19T00:12:21.137+0000] {dag.py:3947} INFO - Setting next_dagrun for transfer_from_minio_to_snowflake_transactions to 2026-03-19 00:11:00+00:00, run_after=2026-03-19 00:12:00+00:00
[2026-03-19T00:12:21.144+0000] {processor.py:183} INFO - Processing /opt/airflow/dags/transfer.py took 0.112 seconds
[2026-03-19T00:12:51.664+0000] {processor.py:161} INFO - Started process (PID=9511) to work on /opt/airflow/dags/transfer.py
[2026-03-19T00:12:51.665+0000] {processor.py:830} INFO - Processing file /opt/airflow/dags/transfer.py for tasks to queue
[2026-03-19T00:12:51.667+0000] {logging_mixin.py:188} INFO - [2026-03-19T00:12:51.667+0000] {dagbag.py:545} INFO - Filling up the DagBag from /opt/airflow/dags/transfer.py
[2026-03-19T00:12:51.694+0000] {processor.py:840} INFO - DAG(s) 'transfer_from_minio_to_snowflake_transactions', 'transfer_from_minio_to_snowflake_accounts', 'transfer_from_minio_to_snowflake_customers' retrieved from /opt/airflow/dags/transfer.py
[2026-03-19T00:12:51.724+0000] {logging_mixin.py:188} INFO - [2026-03-19T00:12:51.724+0000] {dag.py:3089} INFO - Sync 3 DAGs
[2026-03-19T00:12:51.742+0000] {logging_mixin.py:188} INFO - [2026-03-19T00:12:51.742+0000] {dag.py:3947} INFO - Setting next_dagrun for transfer_from_minio_to_snowflake_accounts to 2026-03-19 00:11:00+00:00, run_after=2026-03-19 00:12:00+00:00
[2026-03-19T00:12:51.745+0000] {logging_mixin.py:188} INFO - [2026-03-19T00:12:51.745+0000] {dag.py:3947} INFO - Setting next_dagrun for transfer_from_minio_to_snowflake_customers to 2026-03-19 00:11:00+00:00, run_after=2026-03-19 00:12:00+00:00
[2026-03-19T00:12:51.746+0000] {logging_mixin.py:188} INFO - [2026-03-19T00:12:51.746+0000] {dag.py:3947} INFO - Setting next_dagrun for transfer_from_minio_to_snowflake_transactions to 2026-03-19 00:11:00+00:00, run_after=2026-03-19 00:12:00+00:00
[2026-03-19T00:12:51.753+0000] {processor.py:183} INFO - Processing /opt/airflow/dags/transfer.py took 0.101 seconds
[2026-03-19T00:13:22.231+0000] {processor.py:161} INFO - Started process (PID=9513) to work on /opt/airflow/dags/transfer.py
[2026-03-19T00:13:22.236+0000] {processor.py:830} INFO - Processing file /opt/airflow/dags/transfer.py for tasks to queue
[2026-03-19T00:13:22.242+0000] {logging_mixin.py:188} INFO - [2026-03-19T00:13:22.242+0000] {dagbag.py:545} INFO - Filling up the DagBag from /opt/airflow/dags/transfer.py
[2026-03-19T00:13:22.279+0000] {processor.py:840} INFO - DAG(s) 'transfer_from_minio_to_snowflake_accounts', 'transfer_from_minio_to_snowflake_customers', 'transfer_from_minio_to_snowflake_transactions' retrieved from /opt/airflow/dags/transfer.py
[2026-03-19T00:13:22.312+0000] {logging_mixin.py:188} INFO - [2026-03-19T00:13:22.312+0000] {dag.py:3089} INFO - Sync 3 DAGs
[2026-03-19T00:13:22.329+0000] {logging_mixin.py:188} INFO - [2026-03-19T00:13:22.328+0000] {dag.py:3947} INFO - Setting next_dagrun for transfer_from_minio_to_snowflake_accounts to 2026-03-19 00:12:00+00:00, run_after=2026-03-19 00:13:00+00:00
[2026-03-19T00:13:22.332+0000] {logging_mixin.py:188} INFO - [2026-03-19T00:13:22.332+0000] {dag.py:3947} INFO - Setting next_dagrun for transfer_from_minio_to_snowflake_customers to 2026-03-19 00:12:00+00:00, run_after=2026-03-19 00:13:00+00:00
[2026-03-19T00:13:22.333+0000] {logging_mixin.py:188} INFO - [2026-03-19T00:13:22.333+0000] {dag.py:3947} INFO - Setting next_dagrun for transfer_from_minio_to_snowflake_transactions to 2026-03-19 00:12:00+00:00, run_after=2026-03-19 00:13:00+00:00
[2026-03-19T00:13:22.342+0000] {processor.py:183} INFO - Processing /opt/airflow/dags/transfer.py took 0.122 seconds
[2026-03-19T00:13:52.850+0000] {processor.py:161} INFO - Started process (PID=9515) to work on /opt/airflow/dags/transfer.py
[2026-03-19T00:13:52.852+0000] {processor.py:830} INFO - Processing file /opt/airflow/dags/transfer.py for tasks to queue
[2026-03-19T00:13:52.854+0000] {logging_mixin.py:188} INFO - [2026-03-19T00:13:52.854+0000] {dagbag.py:545} INFO - Filling up the DagBag from /opt/airflow/dags/transfer.py
[2026-03-19T00:13:52.882+0000] {processor.py:840} INFO - DAG(s) 'transfer_from_minio_to_snowflake_accounts', 'transfer_from_minio_to_snowflake_customers', 'transfer_from_minio_to_snowflake_transactions' retrieved from /opt/airflow/dags/transfer.py
[2026-03-19T00:13:52.919+0000] {logging_mixin.py:188} INFO - [2026-03-19T00:13:52.919+0000] {dag.py:3089} INFO - Sync 3 DAGs
[2026-03-19T00:13:52.934+0000] {logging_mixin.py:188} INFO - [2026-03-19T00:13:52.934+0000] {dag.py:3947} INFO - Setting next_dagrun for transfer_from_minio_to_snowflake_accounts to 2026-03-19 00:12:00+00:00, run_after=2026-03-19 00:13:00+00:00
[2026-03-19T00:13:52.937+0000] {logging_mixin.py:188} INFO - [2026-03-19T00:13:52.937+0000] {dag.py:3947} INFO - Setting next_dagrun for transfer_from_minio_to_snowflake_customers to 2026-03-19 00:12:00+00:00, run_after=2026-03-19 00:13:00+00:00
[2026-03-19T00:13:52.938+0000] {logging_mixin.py:188} INFO - [2026-03-19T00:13:52.938+0000] {dag.py:3947} INFO - Setting next_dagrun for transfer_from_minio_to_snowflake_transactions to 2026-03-19 00:12:00+00:00, run_after=2026-03-19 00:13:00+00:00
[2026-03-19T00:13:52.945+0000] {processor.py:183} INFO - Processing /opt/airflow/dags/transfer.py took 0.103 seconds
[2026-03-19T00:14:23.422+0000] {processor.py:161} INFO - Started process (PID=9517) to work on /opt/airflow/dags/transfer.py
[2026-03-19T00:14:23.424+0000] {processor.py:830} INFO - Processing file /opt/airflow/dags/transfer.py for tasks to queue
[2026-03-19T00:14:23.427+0000] {logging_mixin.py:188} INFO - [2026-03-19T00:14:23.426+0000] {dagbag.py:545} INFO - Filling up the DagBag from /opt/airflow/dags/transfer.py
[2026-03-19T00:14:23.461+0000] {processor.py:840} INFO - DAG(s) 'transfer_from_minio_to_snowflake_accounts', 'transfer_from_minio_to_snowflake_customers', 'transfer_from_minio_to_snowflake_transactions' retrieved from /opt/airflow/dags/transfer.py
[2026-03-19T00:14:23.503+0000] {logging_mixin.py:188} INFO - [2026-03-19T00:14:23.503+0000] {dag.py:3089} INFO - Sync 3 DAGs
[2026-03-19T00:14:23.527+0000] {logging_mixin.py:188} INFO - [2026-03-19T00:14:23.527+0000] {dag.py:3947} INFO - Setting next_dagrun for transfer_from_minio_to_snowflake_accounts to 2026-03-19 00:13:00+00:00, run_after=2026-03-19 00:14:00+00:00
[2026-03-19T00:14:23.530+0000] {logging_mixin.py:188} INFO - [2026-03-19T00:14:23.530+0000] {dag.py:3947} INFO - Setting next_dagrun for transfer_from_minio_to_snowflake_customers to 2026-03-19 00:13:00+00:00, run_after=2026-03-19 00:14:00+00:00
[2026-03-19T00:14:23.532+0000] {logging_mixin.py:188} INFO - [2026-03-19T00:14:23.532+0000] {dag.py:3947} INFO - Setting next_dagrun for transfer_from_minio_to_snowflake_transactions to 2026-03-19 00:13:00+00:00, run_after=2026-03-19 00:14:00+00:00
[2026-03-19T00:14:23.541+0000] {processor.py:183} INFO - Processing /opt/airflow/dags/transfer.py took 0.130 seconds
[2026-03-19T00:14:54.069+0000] {processor.py:161} INFO - Started process (PID=9519) to work on /opt/airflow/dags/transfer.py
[2026-03-19T00:14:54.071+0000] {processor.py:830} INFO - Processing file /opt/airflow/dags/transfer.py for tasks to queue
[2026-03-19T00:14:54.078+0000] {logging_mixin.py:188} INFO - [2026-03-19T00:14:54.078+0000] {dagbag.py:545} INFO - Filling up the DagBag from /opt/airflow/dags/transfer.py
[2026-03-19T00:14:54.112+0000] {processor.py:840} INFO - DAG(s) 'transfer_from_minio_to_snowflake_accounts', 'transfer_from_minio_to_snowflake_transactions', 'transfer_from_minio_to_snowflake_customers' retrieved from /opt/airflow/dags/transfer.py
[2026-03-19T00:14:54.141+0000] {logging_mixin.py:188} INFO - [2026-03-19T00:14:54.141+0000] {dag.py:3089} INFO - Sync 3 DAGs
[2026-03-19T00:14:54.158+0000] {logging_mixin.py:188} INFO - [2026-03-19T00:14:54.158+0000] {dag.py:3947} INFO - Setting next_dagrun for transfer_from_minio_to_snowflake_accounts to 2026-03-19 00:13:00+00:00, run_after=2026-03-19 00:14:00+00:00
[2026-03-19T00:14:54.162+0000] {logging_mixin.py:188} INFO - [2026-03-19T00:14:54.161+0000] {dag.py:3947} INFO - Setting next_dagrun for transfer_from_minio_to_snowflake_customers to 2026-03-19 00:13:00+00:00, run_after=2026-03-19 00:14:00+00:00
[2026-03-19T00:14:54.163+0000] {logging_mixin.py:188} INFO - [2026-03-19T00:14:54.163+0000] {dag.py:3947} INFO - Setting next_dagrun for transfer_from_minio_to_snowflake_transactions to 2026-03-19 00:13:00+00:00, run_after=2026-03-19 00:14:00+00:00
[2026-03-19T00:14:54.173+0000] {processor.py:183} INFO - Processing /opt/airflow/dags/transfer.py took 0.114 seconds
[2026-03-19T00:15:24.653+0000] {processor.py:161} INFO - Started process (PID=9521) to work on /opt/airflow/dags/transfer.py
[2026-03-19T00:15:24.658+0000] {processor.py:830} INFO - Processing file /opt/airflow/dags/transfer.py for tasks to queue
[2026-03-19T00:15:24.663+0000] {logging_mixin.py:188} INFO - [2026-03-19T00:15:24.663+0000] {dagbag.py:545} INFO - Filling up the DagBag from /opt/airflow/dags/transfer.py
[2026-03-19T00:15:24.706+0000] {processor.py:840} INFO - DAG(s) 'transfer_from_minio_to_snowflake_customers', 'transfer_from_minio_to_snowflake_accounts', 'transfer_from_minio_to_snowflake_transactions' retrieved from /opt/airflow/dags/transfer.py
[2026-03-19T00:15:24.742+0000] {logging_mixin.py:188} INFO - [2026-03-19T00:15:24.742+0000] {dag.py:3089} INFO - Sync 3 DAGs
[2026-03-19T00:15:24.760+0000] {logging_mixin.py:188} INFO - [2026-03-19T00:15:24.760+0000] {dag.py:3947} INFO - Setting next_dagrun for transfer_from_minio_to_snowflake_accounts to 2026-03-19 00:14:00+00:00, run_after=2026-03-19 00:15:00+00:00
[2026-03-19T00:15:24.764+0000] {logging_mixin.py:188} INFO - [2026-03-19T00:15:24.764+0000] {dag.py:3947} INFO - Setting next_dagrun for transfer_from_minio_to_snowflake_customers to 2026-03-19 00:14:00+00:00, run_after=2026-03-19 00:15:00+00:00
[2026-03-19T00:15:24.766+0000] {logging_mixin.py:188} INFO - [2026-03-19T00:15:24.765+0000] {dag.py:3947} INFO - Setting next_dagrun for transfer_from_minio_to_snowflake_transactions to 2026-03-19 00:14:00+00:00, run_after=2026-03-19 00:15:00+00:00
[2026-03-19T00:15:24.774+0000] {processor.py:183} INFO - Processing /opt/airflow/dags/transfer.py took 0.139 seconds
[2026-03-19T00:15:55.440+0000] {processor.py:161} INFO - Started process (PID=9523) to work on /opt/airflow/dags/transfer.py
[2026-03-19T00:15:55.444+0000] {processor.py:830} INFO - Processing file /opt/airflow/dags/transfer.py for tasks to queue
[2026-03-19T00:15:55.450+0000] {logging_mixin.py:188} INFO - [2026-03-19T00:15:55.450+0000] {dagbag.py:545} INFO - Filling up the DagBag from /opt/airflow/dags/transfer.py
[2026-03-19T00:15:55.484+0000] {processor.py:840} INFO - DAG(s) 'transfer_from_minio_to_snowflake_transactions', 'transfer_from_minio_to_snowflake_customers', 'transfer_from_minio_to_snowflake_accounts' retrieved from /opt/airflow/dags/transfer.py
[2026-03-19T00:15:55.518+0000] {logging_mixin.py:188} INFO - [2026-03-19T00:15:55.518+0000] {dag.py:3089} INFO - Sync 3 DAGs
[2026-03-19T00:15:55.535+0000] {logging_mixin.py:188} INFO - [2026-03-19T00:15:55.534+0000] {dag.py:3947} INFO - Setting next_dagrun for transfer_from_minio_to_snowflake_accounts to 2026-03-19 00:14:00+00:00, run_after=2026-03-19 00:15:00+00:00
[2026-03-19T00:15:55.537+0000] {logging_mixin.py:188} INFO - [2026-03-19T00:15:55.537+0000] {dag.py:3947} INFO - Setting next_dagrun for transfer_from_minio_to_snowflake_customers to 2026-03-19 00:14:00+00:00, run_after=2026-03-19 00:15:00+00:00
[2026-03-19T00:15:55.539+0000] {logging_mixin.py:188} INFO - [2026-03-19T00:15:55.539+0000] {dag.py:3947} INFO - Setting next_dagrun for transfer_from_minio_to_snowflake_transactions to 2026-03-19 00:14:00+00:00, run_after=2026-03-19 00:15:00+00:00
[2026-03-19T00:15:55.550+0000] {processor.py:183} INFO - Processing /opt/airflow/dags/transfer.py took 0.118 seconds
[2026-03-19T00:16:26.227+0000] {processor.py:161} INFO - Started process (PID=9525) to work on /opt/airflow/dags/transfer.py
[2026-03-19T00:16:26.240+0000] {processor.py:830} INFO - Processing file /opt/airflow/dags/transfer.py for tasks to queue
[2026-03-19T00:16:26.241+0000] {logging_mixin.py:188} INFO - [2026-03-19T00:16:26.241+0000] {dagbag.py:545} INFO - Filling up the DagBag from /opt/airflow/dags/transfer.py
[2026-03-19T00:16:26.260+0000] {processor.py:840} INFO - DAG(s) 'transfer_from_minio_to_snowflake_transactions', 'transfer_from_minio_to_snowflake_customers', 'transfer_from_minio_to_snowflake_accounts' retrieved from /opt/airflow/dags/transfer.py
[2026-03-19T00:16:26.282+0000] {logging_mixin.py:188} INFO - [2026-03-19T00:16:26.282+0000] {dag.py:3089} INFO - Sync 3 DAGs
[2026-03-19T00:16:26.302+0000] {logging_mixin.py:188} INFO - [2026-03-19T00:16:26.302+0000] {dag.py:3947} INFO - Setting next_dagrun for transfer_from_minio_to_snowflake_accounts to 2026-03-19 00:15:00+00:00, run_after=2026-03-19 00:16:00+00:00
[2026-03-19T00:16:26.306+0000] {logging_mixin.py:188} INFO - [2026-03-19T00:16:26.306+0000] {dag.py:3947} INFO - Setting next_dagrun for transfer_from_minio_to_snowflake_customers to 2026-03-19 00:15:00+00:00, run_after=2026-03-19 00:16:00+00:00
[2026-03-19T00:16:26.307+0000] {logging_mixin.py:188} INFO - [2026-03-19T00:16:26.307+0000] {dag.py:3947} INFO - Setting next_dagrun for transfer_from_minio_to_snowflake_transactions to 2026-03-19 00:15:00+00:00, run_after=2026-03-19 00:16:00+00:00
[2026-03-19T00:16:26.316+0000] {processor.py:183} INFO - Processing /opt/airflow/dags/transfer.py took 0.153 seconds
[2026-03-19T00:16:56.784+0000] {processor.py:161} INFO - Started process (PID=9527) to work on /opt/airflow/dags/transfer.py
[2026-03-19T00:16:56.786+0000] {processor.py:830} INFO - Processing file /opt/airflow/dags/transfer.py for tasks to queue
[2026-03-19T00:16:56.789+0000] {logging_mixin.py:188} INFO - [2026-03-19T00:16:56.789+0000] {dagbag.py:545} INFO - Filling up the DagBag from /opt/airflow/dags/transfer.py
[2026-03-19T00:16:56.817+0000] {processor.py:840} INFO - DAG(s) 'transfer_from_minio_to_snowflake_transactions', 'transfer_from_minio_to_snowflake_customers', 'transfer_from_minio_to_snowflake_accounts' retrieved from /opt/airflow/dags/transfer.py
[2026-03-19T00:16:56.852+0000] {logging_mixin.py:188} INFO - [2026-03-19T00:16:56.852+0000] {dag.py:3089} INFO - Sync 3 DAGs
[2026-03-19T00:16:56.869+0000] {logging_mixin.py:188} INFO - [2026-03-19T00:16:56.869+0000] {dag.py:3947} INFO - Setting next_dagrun for transfer_from_minio_to_snowflake_accounts to 2026-03-19 00:15:00+00:00, run_after=2026-03-19 00:16:00+00:00
[2026-03-19T00:16:56.873+0000] {logging_mixin.py:188} INFO - [2026-03-19T00:16:56.872+0000] {dag.py:3947} INFO - Setting next_dagrun for transfer_from_minio_to_snowflake_customers to 2026-03-19 00:15:00+00:00, run_after=2026-03-19 00:16:00+00:00
[2026-03-19T00:16:56.874+0000] {logging_mixin.py:188} INFO - [2026-03-19T00:16:56.874+0000] {dag.py:3947} INFO - Setting next_dagrun for transfer_from_minio_to_snowflake_transactions to 2026-03-19 00:15:00+00:00, run_after=2026-03-19 00:16:00+00:00
[2026-03-19T00:16:56.881+0000] {processor.py:183} INFO - Processing /opt/airflow/dags/transfer.py took 0.108 seconds
[2026-03-19T00:17:27.384+0000] {processor.py:161} INFO - Started process (PID=9529) to work on /opt/airflow/dags/transfer.py
[2026-03-19T00:17:27.387+0000] {processor.py:830} INFO - Processing file /opt/airflow/dags/transfer.py for tasks to queue
[2026-03-19T00:17:27.390+0000] {logging_mixin.py:188} INFO - [2026-03-19T00:17:27.390+0000] {dagbag.py:545} INFO - Filling up the DagBag from /opt/airflow/dags/transfer.py
[2026-03-19T00:17:27.430+0000] {processor.py:840} INFO - DAG(s) 'transfer_from_minio_to_snowflake_accounts', 'transfer_from_minio_to_snowflake_customers', 'transfer_from_minio_to_snowflake_transactions' retrieved from /opt/airflow/dags/transfer.py
[2026-03-19T00:17:27.459+0000] {logging_mixin.py:188} INFO - [2026-03-19T00:17:27.459+0000] {dag.py:3089} INFO - Sync 3 DAGs
[2026-03-19T00:17:27.476+0000] {logging_mixin.py:188} INFO - [2026-03-19T00:17:27.476+0000] {dag.py:3947} INFO - Setting next_dagrun for transfer_from_minio_to_snowflake_accounts to 2026-03-19 00:16:00+00:00, run_after=2026-03-19 00:17:00+00:00
[2026-03-19T00:17:27.479+0000] {logging_mixin.py:188} INFO - [2026-03-19T00:17:27.479+0000] {dag.py:3947} INFO - Setting next_dagrun for transfer_from_minio_to_snowflake_customers to 2026-03-19 00:16:00+00:00, run_after=2026-03-19 00:17:00+00:00
[2026-03-19T00:17:27.480+0000] {logging_mixin.py:188} INFO - [2026-03-19T00:17:27.480+0000] {dag.py:3947} INFO - Setting next_dagrun for transfer_from_minio_to_snowflake_transactions to 2026-03-19 00:16:00+00:00, run_after=2026-03-19 00:17:00+00:00
[2026-03-19T00:17:27.487+0000] {processor.py:183} INFO - Processing /opt/airflow/dags/transfer.py took 0.115 seconds
[2026-03-19T00:17:58.205+0000] {processor.py:161} INFO - Started process (PID=9531) to work on /opt/airflow/dags/transfer.py
[2026-03-19T00:17:58.209+0000] {processor.py:830} INFO - Processing file /opt/airflow/dags/transfer.py for tasks to queue
[2026-03-19T00:17:58.212+0000] {logging_mixin.py:188} INFO - [2026-03-19T00:17:58.212+0000] {dagbag.py:545} INFO - Filling up the DagBag from /opt/airflow/dags/transfer.py
[2026-03-19T00:17:58.248+0000] {processor.py:840} INFO - DAG(s) 'transfer_from_minio_to_snowflake_transactions', 'transfer_from_minio_to_snowflake_customers', 'transfer_from_minio_to_snowflake_accounts' retrieved from /opt/airflow/dags/transfer.py
[2026-03-19T00:17:58.282+0000] {logging_mixin.py:188} INFO - [2026-03-19T00:17:58.282+0000] {dag.py:3089} INFO - Sync 3 DAGs
[2026-03-19T00:17:58.299+0000] {logging_mixin.py:188} INFO - [2026-03-19T00:17:58.299+0000] {dag.py:3947} INFO - Setting next_dagrun for transfer_from_minio_to_snowflake_accounts to 2026-03-19 00:16:00+00:00, run_after=2026-03-19 00:17:00+00:00
[2026-03-19T00:17:58.302+0000] {logging_mixin.py:188} INFO - [2026-03-19T00:17:58.302+0000] {dag.py:3947} INFO - Setting next_dagrun for transfer_from_minio_to_snowflake_customers to 2026-03-19 00:16:00+00:00, run_after=2026-03-19 00:17:00+00:00
[2026-03-19T00:17:58.303+0000] {logging_mixin.py:188} INFO - [2026-03-19T00:17:58.303+0000] {dag.py:3947} INFO - Setting next_dagrun for transfer_from_minio_to_snowflake_transactions to 2026-03-19 00:16:00+00:00, run_after=2026-03-19 00:17:00+00:00
[2026-03-19T00:17:58.311+0000] {processor.py:183} INFO - Processing /opt/airflow/dags/transfer.py took 0.118 seconds
[2026-03-19T00:18:28.979+0000] {processor.py:161} INFO - Started process (PID=9533) to work on /opt/airflow/dags/transfer.py
[2026-03-19T00:18:28.982+0000] {processor.py:830} INFO - Processing file /opt/airflow/dags/transfer.py for tasks to queue
[2026-03-19T00:18:28.984+0000] {logging_mixin.py:188} INFO - [2026-03-19T00:18:28.984+0000] {dagbag.py:545} INFO - Filling up the DagBag from /opt/airflow/dags/transfer.py
[2026-03-19T00:18:29.028+0000] {processor.py:840} INFO - DAG(s) 'transfer_from_minio_to_snowflake_accounts', 'transfer_from_minio_to_snowflake_customers', 'transfer_from_minio_to_snowflake_transactions' retrieved from /opt/airflow/dags/transfer.py
[2026-03-19T00:18:29.067+0000] {logging_mixin.py:188} INFO - [2026-03-19T00:18:29.065+0000] {dag.py:3089} INFO - Sync 3 DAGs
[2026-03-19T00:18:29.087+0000] {logging_mixin.py:188} INFO - [2026-03-19T00:18:29.087+0000] {dag.py:3947} INFO - Setting next_dagrun for transfer_from_minio_to_snowflake_accounts to 2026-03-19 00:17:00+00:00, run_after=2026-03-19 00:18:00+00:00
[2026-03-19T00:18:29.089+0000] {logging_mixin.py:188} INFO - [2026-03-19T00:18:29.089+0000] {dag.py:3947} INFO - Setting next_dagrun for transfer_from_minio_to_snowflake_customers to 2026-03-19 00:17:00+00:00, run_after=2026-03-19 00:18:00+00:00
[2026-03-19T00:18:29.091+0000] {logging_mixin.py:188} INFO - [2026-03-19T00:18:29.091+0000] {dag.py:3947} INFO - Setting next_dagrun for transfer_from_minio_to_snowflake_transactions to 2026-03-19 00:17:00+00:00, run_after=2026-03-19 00:18:00+00:00
[2026-03-19T00:18:29.100+0000] {processor.py:183} INFO - Processing /opt/airflow/dags/transfer.py took 0.130 seconds
[2026-03-19T00:18:59.507+0000] {processor.py:161} INFO - Started process (PID=9535) to work on /opt/airflow/dags/transfer.py
[2026-03-19T00:18:59.510+0000] {processor.py:830} INFO - Processing file /opt/airflow/dags/transfer.py for tasks to queue
[2026-03-19T00:18:59.514+0000] {logging_mixin.py:188} INFO - [2026-03-19T00:18:59.514+0000] {dagbag.py:545} INFO - Filling up the DagBag from /opt/airflow/dags/transfer.py
[2026-03-19T00:18:59.547+0000] {processor.py:840} INFO - DAG(s) 'transfer_from_minio_to_snowflake_transactions', 'transfer_from_minio_to_snowflake_accounts', 'transfer_from_minio_to_snowflake_customers' retrieved from /opt/airflow/dags/transfer.py
[2026-03-19T00:18:59.586+0000] {logging_mixin.py:188} INFO - [2026-03-19T00:18:59.586+0000] {dag.py:3089} INFO - Sync 3 DAGs
[2026-03-19T00:18:59.603+0000] {logging_mixin.py:188} INFO - [2026-03-19T00:18:59.602+0000] {dag.py:3947} INFO - Setting next_dagrun for transfer_from_minio_to_snowflake_accounts to 2026-03-19 00:17:00+00:00, run_after=2026-03-19 00:18:00+00:00
[2026-03-19T00:18:59.605+0000] {logging_mixin.py:188} INFO - [2026-03-19T00:18:59.605+0000] {dag.py:3947} INFO - Setting next_dagrun for transfer_from_minio_to_snowflake_customers to 2026-03-19 00:17:00+00:00, run_after=2026-03-19 00:18:00+00:00
[2026-03-19T00:18:59.607+0000] {logging_mixin.py:188} INFO - [2026-03-19T00:18:59.607+0000] {dag.py:3947} INFO - Setting next_dagrun for transfer_from_minio_to_snowflake_transactions to 2026-03-19 00:17:00+00:00, run_after=2026-03-19 00:18:00+00:00
[2026-03-19T00:18:59.614+0000] {processor.py:183} INFO - Processing /opt/airflow/dags/transfer.py took 0.122 seconds
[2026-03-19T00:19:30.138+0000] {processor.py:161} INFO - Started process (PID=9537) to work on /opt/airflow/dags/transfer.py
[2026-03-19T00:19:30.140+0000] {processor.py:830} INFO - Processing file /opt/airflow/dags/transfer.py for tasks to queue
[2026-03-19T00:19:30.149+0000] {logging_mixin.py:188} INFO - [2026-03-19T00:19:30.147+0000] {dagbag.py:545} INFO - Filling up the DagBag from /opt/airflow/dags/transfer.py
[2026-03-19T00:19:30.195+0000] {processor.py:840} INFO - DAG(s) 'transfer_from_minio_to_snowflake_transactions', 'transfer_from_minio_to_snowflake_accounts', 'transfer_from_minio_to_snowflake_customers' retrieved from /opt/airflow/dags/transfer.py
[2026-03-19T00:19:30.228+0000] {logging_mixin.py:188} INFO - [2026-03-19T00:19:30.228+0000] {dag.py:3089} INFO - Sync 3 DAGs
[2026-03-19T00:19:30.244+0000] {logging_mixin.py:188} INFO - [2026-03-19T00:19:30.244+0000] {dag.py:3947} INFO - Setting next_dagrun for transfer_from_minio_to_snowflake_accounts to 2026-03-19 00:18:00+00:00, run_after=2026-03-19 00:19:00+00:00
[2026-03-19T00:19:30.248+0000] {logging_mixin.py:188} INFO - [2026-03-19T00:19:30.248+0000] {dag.py:3947} INFO - Setting next_dagrun for transfer_from_minio_to_snowflake_customers to 2026-03-19 00:18:00+00:00, run_after=2026-03-19 00:19:00+00:00
[2026-03-19T00:19:30.249+0000] {logging_mixin.py:188} INFO - [2026-03-19T00:19:30.249+0000] {dag.py:3947} INFO - Setting next_dagrun for transfer_from_minio_to_snowflake_transactions to 2026-03-19 00:18:00+00:00, run_after=2026-03-19 00:19:00+00:00
[2026-03-19T00:19:30.258+0000] {processor.py:183} INFO - Processing /opt/airflow/dags/transfer.py took 0.134 seconds
[2026-03-19T00:20:00.797+0000] {processor.py:161} INFO - Started process (PID=9539) to work on /opt/airflow/dags/transfer.py
[2026-03-19T00:20:00.800+0000] {processor.py:830} INFO - Processing file /opt/airflow/dags/transfer.py for tasks to queue
[2026-03-19T00:20:00.804+0000] {logging_mixin.py:188} INFO - [2026-03-19T00:20:00.804+0000] {dagbag.py:545} INFO - Filling up the DagBag from /opt/airflow/dags/transfer.py
[2026-03-19T00:20:00.876+0000] {processor.py:840} INFO - DAG(s) 'transfer_from_minio_to_snowflake_transactions', 'transfer_from_minio_to_snowflake_customers', 'transfer_from_minio_to_snowflake_accounts' retrieved from /opt/airflow/dags/transfer.py
[2026-03-19T00:20:00.930+0000] {logging_mixin.py:188} INFO - [2026-03-19T00:20:00.929+0000] {dag.py:3089} INFO - Sync 3 DAGs
[2026-03-19T00:20:00.954+0000] {logging_mixin.py:188} INFO - [2026-03-19T00:20:00.954+0000] {dag.py:3947} INFO - Setting next_dagrun for transfer_from_minio_to_snowflake_accounts to 2026-03-19 00:19:00+00:00, run_after=2026-03-19 00:20:00+00:00
[2026-03-19T00:20:00.959+0000] {logging_mixin.py:188} INFO - [2026-03-19T00:20:00.959+0000] {dag.py:3947} INFO - Setting next_dagrun for transfer_from_minio_to_snowflake_customers to 2026-03-19 00:19:00+00:00, run_after=2026-03-19 00:20:00+00:00
[2026-03-19T00:20:00.961+0000] {logging_mixin.py:188} INFO - [2026-03-19T00:20:00.961+0000] {dag.py:3947} INFO - Setting next_dagrun for transfer_from_minio_to_snowflake_transactions to 2026-03-19 00:19:00+00:00, run_after=2026-03-19 00:20:00+00:00
[2026-03-19T00:20:00.971+0000] {processor.py:183} INFO - Processing /opt/airflow/dags/transfer.py took 0.188 seconds
[2026-03-19T00:20:31.497+0000] {processor.py:161} INFO - Started process (PID=9541) to work on /opt/airflow/dags/transfer.py
[2026-03-19T00:20:31.501+0000] {processor.py:830} INFO - Processing file /opt/airflow/dags/transfer.py for tasks to queue
[2026-03-19T00:20:31.504+0000] {logging_mixin.py:188} INFO - [2026-03-19T00:20:31.504+0000] {dagbag.py:545} INFO - Filling up the DagBag from /opt/airflow/dags/transfer.py
[2026-03-19T00:20:31.545+0000] {processor.py:840} INFO - DAG(s) 'transfer_from_minio_to_snowflake_accounts', 'transfer_from_minio_to_snowflake_customers', 'transfer_from_minio_to_snowflake_transactions' retrieved from /opt/airflow/dags/transfer.py
[2026-03-19T00:20:31.583+0000] {logging_mixin.py:188} INFO - [2026-03-19T00:20:31.582+0000] {dag.py:3089} INFO - Sync 3 DAGs
[2026-03-19T00:20:31.597+0000] {logging_mixin.py:188} INFO - [2026-03-19T00:20:31.597+0000] {dag.py:3947} INFO - Setting next_dagrun for transfer_from_minio_to_snowflake_accounts to 2026-03-19 00:19:00+00:00, run_after=2026-03-19 00:20:00+00:00
[2026-03-19T00:20:31.600+0000] {logging_mixin.py:188} INFO - [2026-03-19T00:20:31.600+0000] {dag.py:3947} INFO - Setting next_dagrun for transfer_from_minio_to_snowflake_customers to 2026-03-19 00:19:00+00:00, run_after=2026-03-19 00:20:00+00:00
[2026-03-19T00:20:31.602+0000] {logging_mixin.py:188} INFO - [2026-03-19T00:20:31.601+0000] {dag.py:3947} INFO - Setting next_dagrun for transfer_from_minio_to_snowflake_transactions to 2026-03-19 00:19:00+00:00, run_after=2026-03-19 00:20:00+00:00
[2026-03-19T00:20:31.610+0000] {processor.py:183} INFO - Processing /opt/airflow/dags/transfer.py took 0.125 seconds
[2026-03-19T00:21:02.136+0000] {processor.py:161} INFO - Started process (PID=9543) to work on /opt/airflow/dags/transfer.py
[2026-03-19T00:21:02.138+0000] {processor.py:830} INFO - Processing file /opt/airflow/dags/transfer.py for tasks to queue
[2026-03-19T00:21:02.144+0000] {logging_mixin.py:188} INFO - [2026-03-19T00:21:02.143+0000] {dagbag.py:545} INFO - Filling up the DagBag from /opt/airflow/dags/transfer.py
[2026-03-19T00:21:02.184+0000] {processor.py:840} INFO - DAG(s) 'transfer_from_minio_to_snowflake_accounts', 'transfer_from_minio_to_snowflake_transactions', 'transfer_from_minio_to_snowflake_customers' retrieved from /opt/airflow/dags/transfer.py
[2026-03-19T00:21:02.224+0000] {logging_mixin.py:188} INFO - [2026-03-19T00:21:02.224+0000] {dag.py:3089} INFO - Sync 3 DAGs
[2026-03-19T00:21:02.238+0000] {logging_mixin.py:188} INFO - [2026-03-19T00:21:02.238+0000] {dag.py:3947} INFO - Setting next_dagrun for transfer_from_minio_to_snowflake_accounts to 2026-03-19 00:20:00+00:00, run_after=2026-03-19 00:21:00+00:00
[2026-03-19T00:21:02.241+0000] {logging_mixin.py:188} INFO - [2026-03-19T00:21:02.241+0000] {dag.py:3947} INFO - Setting next_dagrun for transfer_from_minio_to_snowflake_customers to 2026-03-19 00:20:00+00:00, run_after=2026-03-19 00:21:00+00:00
[2026-03-19T00:21:02.243+0000] {logging_mixin.py:188} INFO - [2026-03-19T00:21:02.243+0000] {dag.py:3947} INFO - Setting next_dagrun for transfer_from_minio_to_snowflake_transactions to 2026-03-19 00:20:00+00:00, run_after=2026-03-19 00:21:00+00:00
[2026-03-19T00:21:02.250+0000] {processor.py:183} INFO - Processing /opt/airflow/dags/transfer.py took 0.122 seconds
[2026-03-19T00:21:32.841+0000] {processor.py:161} INFO - Started process (PID=9545) to work on /opt/airflow/dags/transfer.py
[2026-03-19T00:21:32.846+0000] {processor.py:830} INFO - Processing file /opt/airflow/dags/transfer.py for tasks to queue
[2026-03-19T00:21:32.850+0000] {logging_mixin.py:188} INFO - [2026-03-19T00:21:32.850+0000] {dagbag.py:545} INFO - Filling up the DagBag from /opt/airflow/dags/transfer.py
[2026-03-19T00:21:32.887+0000] {processor.py:840} INFO - DAG(s) 'transfer_from_minio_to_snowflake_transactions', 'transfer_from_minio_to_snowflake_accounts', 'transfer_from_minio_to_snowflake_customers' retrieved from /opt/airflow/dags/transfer.py
[2026-03-19T00:21:32.930+0000] {logging_mixin.py:188} INFO - [2026-03-19T00:21:32.930+0000] {dag.py:3089} INFO - Sync 3 DAGs
[2026-03-19T00:21:32.952+0000] {logging_mixin.py:188} INFO - [2026-03-19T00:21:32.952+0000] {dag.py:3947} INFO - Setting next_dagrun for transfer_from_minio_to_snowflake_accounts to 2026-03-19 00:20:00+00:00, run_after=2026-03-19 00:21:00+00:00
[2026-03-19T00:21:32.955+0000] {logging_mixin.py:188} INFO - [2026-03-19T00:21:32.955+0000] {dag.py:3947} INFO - Setting next_dagrun for transfer_from_minio_to_snowflake_customers to 2026-03-19 00:20:00+00:00, run_after=2026-03-19 00:21:00+00:00
[2026-03-19T00:21:32.957+0000] {logging_mixin.py:188} INFO - [2026-03-19T00:21:32.957+0000] {dag.py:3947} INFO - Setting next_dagrun for transfer_from_minio_to_snowflake_transactions to 2026-03-19 00:20:00+00:00, run_after=2026-03-19 00:21:00+00:00
[2026-03-19T00:21:32.971+0000] {processor.py:183} INFO - Processing /opt/airflow/dags/transfer.py took 0.144 seconds
[2026-03-19T00:22:03.615+0000] {processor.py:161} INFO - Started process (PID=9547) to work on /opt/airflow/dags/transfer.py
[2026-03-19T00:22:03.616+0000] {processor.py:830} INFO - Processing file /opt/airflow/dags/transfer.py for tasks to queue
[2026-03-19T00:22:03.623+0000] {logging_mixin.py:188} INFO - [2026-03-19T00:22:03.622+0000] {dagbag.py:545} INFO - Filling up the DagBag from /opt/airflow/dags/transfer.py
[2026-03-19T00:22:03.666+0000] {processor.py:840} INFO - DAG(s) 'transfer_from_minio_to_snowflake_customers', 'transfer_from_minio_to_snowflake_accounts', 'transfer_from_minio_to_snowflake_transactions' retrieved from /opt/airflow/dags/transfer.py
[2026-03-19T00:22:03.705+0000] {logging_mixin.py:188} INFO - [2026-03-19T00:22:03.705+0000] {dag.py:3089} INFO - Sync 3 DAGs
[2026-03-19T00:22:03.721+0000] {logging_mixin.py:188} INFO - [2026-03-19T00:22:03.721+0000] {dag.py:3947} INFO - Setting next_dagrun for transfer_from_minio_to_snowflake_accounts to 2026-03-19 00:21:00+00:00, run_after=2026-03-19 00:22:00+00:00
[2026-03-19T00:22:03.724+0000] {logging_mixin.py:188} INFO - [2026-03-19T00:22:03.724+0000] {dag.py:3947} INFO - Setting next_dagrun for transfer_from_minio_to_snowflake_customers to 2026-03-19 00:21:00+00:00, run_after=2026-03-19 00:22:00+00:00
[2026-03-19T00:22:03.726+0000] {logging_mixin.py:188} INFO - [2026-03-19T00:22:03.726+0000] {dag.py:3947} INFO - Setting next_dagrun for transfer_from_minio_to_snowflake_transactions to 2026-03-19 00:21:00+00:00, run_after=2026-03-19 00:22:00+00:00
[2026-03-19T00:22:03.737+0000] {processor.py:183} INFO - Processing /opt/airflow/dags/transfer.py took 0.134 seconds
[2026-03-19T00:22:34.194+0000] {processor.py:161} INFO - Started process (PID=9549) to work on /opt/airflow/dags/transfer.py
[2026-03-19T00:22:34.197+0000] {processor.py:830} INFO - Processing file /opt/airflow/dags/transfer.py for tasks to queue
[2026-03-19T00:22:34.200+0000] {logging_mixin.py:188} INFO - [2026-03-19T00:22:34.199+0000] {dagbag.py:545} INFO - Filling up the DagBag from /opt/airflow/dags/transfer.py
[2026-03-19T00:22:34.245+0000] {processor.py:840} INFO - DAG(s) 'transfer_from_minio_to_snowflake_customers', 'transfer_from_minio_to_snowflake_accounts', 'transfer_from_minio_to_snowflake_transactions' retrieved from /opt/airflow/dags/transfer.py
[2026-03-19T00:22:34.276+0000] {logging_mixin.py:188} INFO - [2026-03-19T00:22:34.276+0000] {dag.py:3089} INFO - Sync 3 DAGs
[2026-03-19T00:22:34.295+0000] {logging_mixin.py:188} INFO - [2026-03-19T00:22:34.295+0000] {dag.py:3947} INFO - Setting next_dagrun for transfer_from_minio_to_snowflake_accounts to 2026-03-19 00:21:00+00:00, run_after=2026-03-19 00:22:00+00:00
[2026-03-19T00:22:34.298+0000] {logging_mixin.py:188} INFO - [2026-03-19T00:22:34.298+0000] {dag.py:3947} INFO - Setting next_dagrun for transfer_from_minio_to_snowflake_customers to 2026-03-19 00:21:00+00:00, run_after=2026-03-19 00:22:00+00:00
[2026-03-19T00:22:34.299+0000] {logging_mixin.py:188} INFO - [2026-03-19T00:22:34.299+0000] {dag.py:3947} INFO - Setting next_dagrun for transfer_from_minio_to_snowflake_transactions to 2026-03-19 00:21:00+00:00, run_after=2026-03-19 00:22:00+00:00
[2026-03-19T00:22:34.306+0000] {processor.py:183} INFO - Processing /opt/airflow/dags/transfer.py took 0.127 seconds
[2026-03-19T00:23:04.854+0000] {processor.py:161} INFO - Started process (PID=9551) to work on /opt/airflow/dags/transfer.py
[2026-03-19T00:23:04.856+0000] {processor.py:830} INFO - Processing file /opt/airflow/dags/transfer.py for tasks to queue
[2026-03-19T00:23:04.859+0000] {logging_mixin.py:188} INFO - [2026-03-19T00:23:04.859+0000] {dagbag.py:545} INFO - Filling up the DagBag from /opt/airflow/dags/transfer.py
[2026-03-19T00:23:04.892+0000] {processor.py:840} INFO - DAG(s) 'transfer_from_minio_to_snowflake_accounts', 'transfer_from_minio_to_snowflake_customers', 'transfer_from_minio_to_snowflake_transactions' retrieved from /opt/airflow/dags/transfer.py
[2026-03-19T00:23:04.929+0000] {logging_mixin.py:188} INFO - [2026-03-19T00:23:04.929+0000] {dag.py:3089} INFO - Sync 3 DAGs
[2026-03-19T00:23:04.950+0000] {logging_mixin.py:188} INFO - [2026-03-19T00:23:04.950+0000] {dag.py:3947} INFO - Setting next_dagrun for transfer_from_minio_to_snowflake_accounts to 2026-03-19 00:22:00+00:00, run_after=2026-03-19 00:23:00+00:00
[2026-03-19T00:23:04.953+0000] {logging_mixin.py:188} INFO - [2026-03-19T00:23:04.953+0000] {dag.py:3947} INFO - Setting next_dagrun for transfer_from_minio_to_snowflake_customers to 2026-03-19 00:22:00+00:00, run_after=2026-03-19 00:23:00+00:00
[2026-03-19T00:23:04.954+0000] {logging_mixin.py:188} INFO - [2026-03-19T00:23:04.954+0000] {dag.py:3947} INFO - Setting next_dagrun for transfer_from_minio_to_snowflake_transactions to 2026-03-19 00:22:00+00:00, run_after=2026-03-19 00:23:00+00:00
[2026-03-19T00:23:04.962+0000] {processor.py:183} INFO - Processing /opt/airflow/dags/transfer.py took 0.119 seconds
[2026-03-19T00:23:35.393+0000] {processor.py:161} INFO - Started process (PID=9553) to work on /opt/airflow/dags/transfer.py
[2026-03-19T00:23:35.394+0000] {processor.py:830} INFO - Processing file /opt/airflow/dags/transfer.py for tasks to queue
[2026-03-19T00:23:35.399+0000] {logging_mixin.py:188} INFO - [2026-03-19T00:23:35.399+0000] {dagbag.py:545} INFO - Filling up the DagBag from /opt/airflow/dags/transfer.py
[2026-03-19T00:23:35.437+0000] {processor.py:840} INFO - DAG(s) 'transfer_from_minio_to_snowflake_accounts', 'transfer_from_minio_to_snowflake_transactions', 'transfer_from_minio_to_snowflake_customers' retrieved from /opt/airflow/dags/transfer.py
[2026-03-19T00:23:35.478+0000] {logging_mixin.py:188} INFO - [2026-03-19T00:23:35.478+0000] {dag.py:3089} INFO - Sync 3 DAGs
[2026-03-19T00:23:35.496+0000] {logging_mixin.py:188} INFO - [2026-03-19T00:23:35.496+0000] {dag.py:3947} INFO - Setting next_dagrun for transfer_from_minio_to_snowflake_accounts to 2026-03-19 00:22:00+00:00, run_after=2026-03-19 00:23:00+00:00
[2026-03-19T00:23:35.499+0000] {logging_mixin.py:188} INFO - [2026-03-19T00:23:35.499+0000] {dag.py:3947} INFO - Setting next_dagrun for transfer_from_minio_to_snowflake_customers to 2026-03-19 00:22:00+00:00, run_after=2026-03-19 00:23:00+00:00
[2026-03-19T00:23:35.500+0000] {logging_mixin.py:188} INFO - [2026-03-19T00:23:35.500+0000] {dag.py:3947} INFO - Setting next_dagrun for transfer_from_minio_to_snowflake_transactions to 2026-03-19 00:22:00+00:00, run_after=2026-03-19 00:23:00+00:00
[2026-03-19T00:23:35.509+0000] {processor.py:183} INFO - Processing /opt/airflow/dags/transfer.py took 0.123 seconds
[2026-03-19T00:24:06.011+0000] {processor.py:161} INFO - Started process (PID=9555) to work on /opt/airflow/dags/transfer.py
[2026-03-19T00:24:06.013+0000] {processor.py:830} INFO - Processing file /opt/airflow/dags/transfer.py for tasks to queue
[2026-03-19T00:24:06.015+0000] {logging_mixin.py:188} INFO - [2026-03-19T00:24:06.015+0000] {dagbag.py:545} INFO - Filling up the DagBag from /opt/airflow/dags/transfer.py
[2026-03-19T00:24:06.063+0000] {processor.py:840} INFO - DAG(s) 'transfer_from_minio_to_snowflake_transactions', 'transfer_from_minio_to_snowflake_customers', 'transfer_from_minio_to_snowflake_accounts' retrieved from /opt/airflow/dags/transfer.py
[2026-03-19T00:24:06.099+0000] {logging_mixin.py:188} INFO - [2026-03-19T00:24:06.099+0000] {dag.py:3089} INFO - Sync 3 DAGs
[2026-03-19T00:24:06.118+0000] {logging_mixin.py:188} INFO - [2026-03-19T00:24:06.118+0000] {dag.py:3947} INFO - Setting next_dagrun for transfer_from_minio_to_snowflake_accounts to 2026-03-19 00:23:00+00:00, run_after=2026-03-19 00:24:00+00:00
[2026-03-19T00:24:06.122+0000] {logging_mixin.py:188} INFO - [2026-03-19T00:24:06.122+0000] {dag.py:3947} INFO - Setting next_dagrun for transfer_from_minio_to_snowflake_customers to 2026-03-19 00:23:00+00:00, run_after=2026-03-19 00:24:00+00:00
[2026-03-19T00:24:06.124+0000] {logging_mixin.py:188} INFO - [2026-03-19T00:24:06.124+0000] {dag.py:3947} INFO - Setting next_dagrun for transfer_from_minio_to_snowflake_transactions to 2026-03-19 00:23:00+00:00, run_after=2026-03-19 00:24:00+00:00
[2026-03-19T00:24:06.133+0000] {processor.py:183} INFO - Processing /opt/airflow/dags/transfer.py took 0.131 seconds
[2026-03-19T00:24:36.660+0000] {processor.py:161} INFO - Started process (PID=9557) to work on /opt/airflow/dags/transfer.py
[2026-03-19T00:24:36.662+0000] {processor.py:830} INFO - Processing file /opt/airflow/dags/transfer.py for tasks to queue
[2026-03-19T00:24:36.665+0000] {logging_mixin.py:188} INFO - [2026-03-19T00:24:36.664+0000] {dagbag.py:545} INFO - Filling up the DagBag from /opt/airflow/dags/transfer.py
[2026-03-19T00:24:36.705+0000] {processor.py:840} INFO - DAG(s) 'transfer_from_minio_to_snowflake_accounts', 'transfer_from_minio_to_snowflake_customers', 'transfer_from_minio_to_snowflake_transactions' retrieved from /opt/airflow/dags/transfer.py
[2026-03-19T00:24:36.746+0000] {logging_mixin.py:188} INFO - [2026-03-19T00:24:36.746+0000] {dag.py:3089} INFO - Sync 3 DAGs
[2026-03-19T00:24:36.764+0000] {logging_mixin.py:188} INFO - [2026-03-19T00:24:36.764+0000] {dag.py:3947} INFO - Setting next_dagrun for transfer_from_minio_to_snowflake_accounts to 2026-03-19 00:23:00+00:00, run_after=2026-03-19 00:24:00+00:00
[2026-03-19T00:24:36.768+0000] {logging_mixin.py:188} INFO - [2026-03-19T00:24:36.768+0000] {dag.py:3947} INFO - Setting next_dagrun for transfer_from_minio_to_snowflake_customers to 2026-03-19 00:23:00+00:00, run_after=2026-03-19 00:24:00+00:00
[2026-03-19T00:24:36.770+0000] {logging_mixin.py:188} INFO - [2026-03-19T00:24:36.770+0000] {dag.py:3947} INFO - Setting next_dagrun for transfer_from_minio_to_snowflake_transactions to 2026-03-19 00:23:00+00:00, run_after=2026-03-19 00:24:00+00:00
[2026-03-19T00:24:36.779+0000] {processor.py:183} INFO - Processing /opt/airflow/dags/transfer.py took 0.137 seconds
[2026-03-19T00:25:07.306+0000] {processor.py:161} INFO - Started process (PID=9559) to work on /opt/airflow/dags/transfer.py
[2026-03-19T00:25:07.307+0000] {processor.py:830} INFO - Processing file /opt/airflow/dags/transfer.py for tasks to queue
[2026-03-19T00:25:07.312+0000] {logging_mixin.py:188} INFO - [2026-03-19T00:25:07.311+0000] {dagbag.py:545} INFO - Filling up the DagBag from /opt/airflow/dags/transfer.py
[2026-03-19T00:25:07.350+0000] {processor.py:840} INFO - DAG(s) 'transfer_from_minio_to_snowflake_customers', 'transfer_from_minio_to_snowflake_accounts', 'transfer_from_minio_to_snowflake_transactions' retrieved from /opt/airflow/dags/transfer.py
[2026-03-19T00:25:07.387+0000] {logging_mixin.py:188} INFO - [2026-03-19T00:25:07.387+0000] {dag.py:3089} INFO - Sync 3 DAGs
[2026-03-19T00:25:07.407+0000] {logging_mixin.py:188} INFO - [2026-03-19T00:25:07.407+0000] {dag.py:3947} INFO - Setting next_dagrun for transfer_from_minio_to_snowflake_accounts to 2026-03-19 00:24:00+00:00, run_after=2026-03-19 00:25:00+00:00
[2026-03-19T00:25:07.410+0000] {logging_mixin.py:188} INFO - [2026-03-19T00:25:07.410+0000] {dag.py:3947} INFO - Setting next_dagrun for transfer_from_minio_to_snowflake_customers to 2026-03-19 00:24:00+00:00, run_after=2026-03-19 00:25:00+00:00
[2026-03-19T00:25:07.412+0000] {logging_mixin.py:188} INFO - [2026-03-19T00:25:07.412+0000] {dag.py:3947} INFO - Setting next_dagrun for transfer_from_minio_to_snowflake_transactions to 2026-03-19 00:24:00+00:00, run_after=2026-03-19 00:25:00+00:00
[2026-03-19T00:25:07.421+0000] {processor.py:183} INFO - Processing /opt/airflow/dags/transfer.py took 0.131 seconds
[2026-03-19T00:25:37.932+0000] {processor.py:161} INFO - Started process (PID=9561) to work on /opt/airflow/dags/transfer.py
[2026-03-19T00:25:37.933+0000] {processor.py:830} INFO - Processing file /opt/airflow/dags/transfer.py for tasks to queue
[2026-03-19T00:25:37.935+0000] {logging_mixin.py:188} INFO - [2026-03-19T00:25:37.935+0000] {dagbag.py:545} INFO - Filling up the DagBag from /opt/airflow/dags/transfer.py
[2026-03-19T00:25:37.986+0000] {processor.py:840} INFO - DAG(s) 'transfer_from_minio_to_snowflake_transactions', 'transfer_from_minio_to_snowflake_customers', 'transfer_from_minio_to_snowflake_accounts' retrieved from /opt/airflow/dags/transfer.py
[2026-03-19T00:25:38.023+0000] {logging_mixin.py:188} INFO - [2026-03-19T00:25:38.022+0000] {dag.py:3089} INFO - Sync 3 DAGs
[2026-03-19T00:25:38.039+0000] {logging_mixin.py:188} INFO - [2026-03-19T00:25:38.039+0000] {dag.py:3947} INFO - Setting next_dagrun for transfer_from_minio_to_snowflake_accounts to 2026-03-19 00:24:00+00:00, run_after=2026-03-19 00:25:00+00:00
[2026-03-19T00:25:38.042+0000] {logging_mixin.py:188} INFO - [2026-03-19T00:25:38.042+0000] {dag.py:3947} INFO - Setting next_dagrun for transfer_from_minio_to_snowflake_customers to 2026-03-19 00:24:00+00:00, run_after=2026-03-19 00:25:00+00:00
[2026-03-19T00:25:38.043+0000] {logging_mixin.py:188} INFO - [2026-03-19T00:25:38.043+0000] {dag.py:3947} INFO - Setting next_dagrun for transfer_from_minio_to_snowflake_transactions to 2026-03-19 00:24:00+00:00, run_after=2026-03-19 00:25:00+00:00
[2026-03-19T00:25:38.054+0000] {processor.py:183} INFO - Processing /opt/airflow/dags/transfer.py took 0.134 seconds
[2026-03-19T00:26:08.576+0000] {processor.py:161} INFO - Started process (PID=9563) to work on /opt/airflow/dags/transfer.py
[2026-03-19T00:26:08.578+0000] {processor.py:830} INFO - Processing file /opt/airflow/dags/transfer.py for tasks to queue
[2026-03-19T00:26:08.586+0000] {logging_mixin.py:188} INFO - [2026-03-19T00:26:08.583+0000] {dagbag.py:545} INFO - Filling up the DagBag from /opt/airflow/dags/transfer.py
[2026-03-19T00:26:08.621+0000] {processor.py:840} INFO - DAG(s) 'transfer_from_minio_to_snowflake_customers', 'transfer_from_minio_to_snowflake_accounts', 'transfer_from_minio_to_snowflake_transactions' retrieved from /opt/airflow/dags/transfer.py
[2026-03-19T00:26:08.653+0000] {logging_mixin.py:188} INFO - [2026-03-19T00:26:08.652+0000] {dag.py:3089} INFO - Sync 3 DAGs
[2026-03-19T00:26:08.670+0000] {logging_mixin.py:188} INFO - [2026-03-19T00:26:08.670+0000] {dag.py:3947} INFO - Setting next_dagrun for transfer_from_minio_to_snowflake_accounts to 2026-03-19 00:25:00+00:00, run_after=2026-03-19 00:26:00+00:00
[2026-03-19T00:26:08.673+0000] {logging_mixin.py:188} INFO - [2026-03-19T00:26:08.673+0000] {dag.py:3947} INFO - Setting next_dagrun for transfer_from_minio_to_snowflake_customers to 2026-03-19 00:25:00+00:00, run_after=2026-03-19 00:26:00+00:00
[2026-03-19T00:26:08.674+0000] {logging_mixin.py:188} INFO - [2026-03-19T00:26:08.674+0000] {dag.py:3947} INFO - Setting next_dagrun for transfer_from_minio_to_snowflake_transactions to 2026-03-19 00:25:00+00:00, run_after=2026-03-19 00:26:00+00:00
[2026-03-19T00:26:08.682+0000] {processor.py:183} INFO - Processing /opt/airflow/dags/transfer.py took 0.118 seconds
[2026-03-19T00:26:39.232+0000] {processor.py:161} INFO - Started process (PID=9565) to work on /opt/airflow/dags/transfer.py
[2026-03-19T00:26:39.233+0000] {processor.py:830} INFO - Processing file /opt/airflow/dags/transfer.py for tasks to queue
[2026-03-19T00:26:39.238+0000] {logging_mixin.py:188} INFO - [2026-03-19T00:26:39.237+0000] {dagbag.py:545} INFO - Filling up the DagBag from /opt/airflow/dags/transfer.py
[2026-03-19T00:26:39.281+0000] {processor.py:840} INFO - DAG(s) 'transfer_from_minio_to_snowflake_customers', 'transfer_from_minio_to_snowflake_transactions', 'transfer_from_minio_to_snowflake_accounts' retrieved from /opt/airflow/dags/transfer.py
[2026-03-19T00:26:39.315+0000] {logging_mixin.py:188} INFO - [2026-03-19T00:26:39.315+0000] {dag.py:3089} INFO - Sync 3 DAGs
[2026-03-19T00:26:39.334+0000] {logging_mixin.py:188} INFO - [2026-03-19T00:26:39.334+0000] {dag.py:3947} INFO - Setting next_dagrun for transfer_from_minio_to_snowflake_accounts to 2026-03-19 00:25:00+00:00, run_after=2026-03-19 00:26:00+00:00
[2026-03-19T00:26:39.337+0000] {logging_mixin.py:188} INFO - [2026-03-19T00:26:39.337+0000] {dag.py:3947} INFO - Setting next_dagrun for transfer_from_minio_to_snowflake_customers to 2026-03-19 00:25:00+00:00, run_after=2026-03-19 00:26:00+00:00
[2026-03-19T00:26:39.339+0000] {logging_mixin.py:188} INFO - [2026-03-19T00:26:39.339+0000] {dag.py:3947} INFO - Setting next_dagrun for transfer_from_minio_to_snowflake_transactions to 2026-03-19 00:25:00+00:00, run_after=2026-03-19 00:26:00+00:00
[2026-03-19T00:26:39.349+0000] {processor.py:183} INFO - Processing /opt/airflow/dags/transfer.py took 0.127 seconds
[2026-03-19T00:27:10.108+0000] {processor.py:161} INFO - Started process (PID=9567) to work on /opt/airflow/dags/transfer.py
[2026-03-19T00:27:10.117+0000] {processor.py:830} INFO - Processing file /opt/airflow/dags/transfer.py for tasks to queue
[2026-03-19T00:27:10.126+0000] {logging_mixin.py:188} INFO - [2026-03-19T00:27:10.124+0000] {dagbag.py:545} INFO - Filling up the DagBag from /opt/airflow/dags/transfer.py
[2026-03-19T00:27:10.161+0000] {processor.py:840} INFO - DAG(s) 'transfer_from_minio_to_snowflake_transactions', 'transfer_from_minio_to_snowflake_accounts', 'transfer_from_minio_to_snowflake_customers' retrieved from /opt/airflow/dags/transfer.py
[2026-03-19T00:27:10.199+0000] {logging_mixin.py:188} INFO - [2026-03-19T00:27:10.199+0000] {dag.py:3089} INFO - Sync 3 DAGs
[2026-03-19T00:27:10.218+0000] {logging_mixin.py:188} INFO - [2026-03-19T00:27:10.218+0000] {dag.py:3947} INFO - Setting next_dagrun for transfer_from_minio_to_snowflake_accounts to 2026-03-19 00:26:00+00:00, run_after=2026-03-19 00:27:00+00:00
[2026-03-19T00:27:10.221+0000] {logging_mixin.py:188} INFO - [2026-03-19T00:27:10.221+0000] {dag.py:3947} INFO - Setting next_dagrun for transfer_from_minio_to_snowflake_customers to 2026-03-19 00:26:00+00:00, run_after=2026-03-19 00:27:00+00:00
[2026-03-19T00:27:10.222+0000] {logging_mixin.py:188} INFO - [2026-03-19T00:27:10.222+0000] {dag.py:3947} INFO - Setting next_dagrun for transfer_from_minio_to_snowflake_transactions to 2026-03-19 00:26:00+00:00, run_after=2026-03-19 00:27:00+00:00
[2026-03-19T00:27:10.230+0000] {processor.py:183} INFO - Processing /opt/airflow/dags/transfer.py took 0.133 seconds
[2026-03-19T00:27:40.679+0000] {processor.py:161} INFO - Started process (PID=9569) to work on /opt/airflow/dags/transfer.py
[2026-03-19T00:27:40.681+0000] {processor.py:830} INFO - Processing file /opt/airflow/dags/transfer.py for tasks to queue
[2026-03-19T00:27:40.683+0000] {logging_mixin.py:188} INFO - [2026-03-19T00:27:40.682+0000] {dagbag.py:545} INFO - Filling up the DagBag from /opt/airflow/dags/transfer.py
[2026-03-19T00:27:40.722+0000] {processor.py:840} INFO - DAG(s) 'transfer_from_minio_to_snowflake_transactions', 'transfer_from_minio_to_snowflake_accounts', 'transfer_from_minio_to_snowflake_customers' retrieved from /opt/airflow/dags/transfer.py
[2026-03-19T00:27:40.757+0000] {logging_mixin.py:188} INFO - [2026-03-19T00:27:40.756+0000] {dag.py:3089} INFO - Sync 3 DAGs
[2026-03-19T00:27:40.774+0000] {logging_mixin.py:188} INFO - [2026-03-19T00:27:40.774+0000] {dag.py:3947} INFO - Setting next_dagrun for transfer_from_minio_to_snowflake_accounts to 2026-03-19 00:26:00+00:00, run_after=2026-03-19 00:27:00+00:00
[2026-03-19T00:27:40.777+0000] {logging_mixin.py:188} INFO - [2026-03-19T00:27:40.777+0000] {dag.py:3947} INFO - Setting next_dagrun for transfer_from_minio_to_snowflake_customers to 2026-03-19 00:26:00+00:00, run_after=2026-03-19 00:27:00+00:00
[2026-03-19T00:27:40.779+0000] {logging_mixin.py:188} INFO - [2026-03-19T00:27:40.779+0000] {dag.py:3947} INFO - Setting next_dagrun for transfer_from_minio_to_snowflake_transactions to 2026-03-19 00:26:00+00:00, run_after=2026-03-19 00:27:00+00:00
[2026-03-19T00:27:40.786+0000] {processor.py:183} INFO - Processing /opt/airflow/dags/transfer.py took 0.116 seconds
[2026-03-19T00:28:11.696+0000] {processor.py:161} INFO - Started process (PID=9571) to work on /opt/airflow/dags/transfer.py
[2026-03-19T00:28:11.698+0000] {processor.py:830} INFO - Processing file /opt/airflow/dags/transfer.py for tasks to queue
[2026-03-19T00:28:11.703+0000] {logging_mixin.py:188} INFO - [2026-03-19T00:28:11.701+0000] {dagbag.py:545} INFO - Filling up the DagBag from /opt/airflow/dags/transfer.py
[2026-03-19T00:28:11.743+0000] {processor.py:840} INFO - DAG(s) 'transfer_from_minio_to_snowflake_accounts', 'transfer_from_minio_to_snowflake_transactions', 'transfer_from_minio_to_snowflake_customers' retrieved from /opt/airflow/dags/transfer.py
[2026-03-19T00:28:11.785+0000] {logging_mixin.py:188} INFO - [2026-03-19T00:28:11.785+0000] {dag.py:3089} INFO - Sync 3 DAGs
[2026-03-19T00:28:11.808+0000] {logging_mixin.py:188} INFO - [2026-03-19T00:28:11.808+0000] {dag.py:3947} INFO - Setting next_dagrun for transfer_from_minio_to_snowflake_accounts to 2026-03-19 00:27:00+00:00, run_after=2026-03-19 00:28:00+00:00
[2026-03-19T00:28:11.811+0000] {logging_mixin.py:188} INFO - [2026-03-19T00:28:11.811+0000] {dag.py:3947} INFO - Setting next_dagrun for transfer_from_minio_to_snowflake_customers to 2026-03-19 00:27:00+00:00, run_after=2026-03-19 00:28:00+00:00
[2026-03-19T00:28:11.813+0000] {logging_mixin.py:188} INFO - [2026-03-19T00:28:11.813+0000] {dag.py:3947} INFO - Setting next_dagrun for transfer_from_minio_to_snowflake_transactions to 2026-03-19 00:27:00+00:00, run_after=2026-03-19 00:28:00+00:00
[2026-03-19T00:28:11.823+0000] {processor.py:183} INFO - Processing /opt/airflow/dags/transfer.py took 0.137 seconds
[2026-03-19T00:28:42.404+0000] {processor.py:161} INFO - Started process (PID=9573) to work on /opt/airflow/dags/transfer.py
[2026-03-19T00:28:42.408+0000] {processor.py:830} INFO - Processing file /opt/airflow/dags/transfer.py for tasks to queue
[2026-03-19T00:28:42.413+0000] {logging_mixin.py:188} INFO - [2026-03-19T00:28:42.413+0000] {dagbag.py:545} INFO - Filling up the DagBag from /opt/airflow/dags/transfer.py
[2026-03-19T00:28:42.456+0000] {processor.py:840} INFO - DAG(s) 'transfer_from_minio_to_snowflake_transactions', 'transfer_from_minio_to_snowflake_customers', 'transfer_from_minio_to_snowflake_accounts' retrieved from /opt/airflow/dags/transfer.py
[2026-03-19T00:28:42.499+0000] {logging_mixin.py:188} INFO - [2026-03-19T00:28:42.499+0000] {dag.py:3089} INFO - Sync 3 DAGs
[2026-03-19T00:28:42.525+0000] {logging_mixin.py:188} INFO - [2026-03-19T00:28:42.525+0000] {dag.py:3947} INFO - Setting next_dagrun for transfer_from_minio_to_snowflake_accounts to 2026-03-19 00:27:00+00:00, run_after=2026-03-19 00:28:00+00:00
[2026-03-19T00:28:42.529+0000] {logging_mixin.py:188} INFO - [2026-03-19T00:28:42.529+0000] {dag.py:3947} INFO - Setting next_dagrun for transfer_from_minio_to_snowflake_customers to 2026-03-19 00:27:00+00:00, run_after=2026-03-19 00:28:00+00:00
[2026-03-19T00:28:42.531+0000] {logging_mixin.py:188} INFO - [2026-03-19T00:28:42.530+0000] {dag.py:3947} INFO - Setting next_dagrun for transfer_from_minio_to_snowflake_transactions to 2026-03-19 00:27:00+00:00, run_after=2026-03-19 00:28:00+00:00
[2026-03-19T00:28:42.539+0000] {processor.py:183} INFO - Processing /opt/airflow/dags/transfer.py took 0.146 seconds
[2026-03-19T00:29:13.016+0000] {processor.py:161} INFO - Started process (PID=9575) to work on /opt/airflow/dags/transfer.py
[2026-03-19T00:29:13.018+0000] {processor.py:830} INFO - Processing file /opt/airflow/dags/transfer.py for tasks to queue
[2026-03-19T00:29:13.025+0000] {logging_mixin.py:188} INFO - [2026-03-19T00:29:13.024+0000] {dagbag.py:545} INFO - Filling up the DagBag from /opt/airflow/dags/transfer.py
[2026-03-19T00:29:13.069+0000] {processor.py:840} INFO - DAG(s) 'transfer_from_minio_to_snowflake_customers', 'transfer_from_minio_to_snowflake_accounts', 'transfer_from_minio_to_snowflake_transactions' retrieved from /opt/airflow/dags/transfer.py
[2026-03-19T00:29:13.131+0000] {logging_mixin.py:188} INFO - [2026-03-19T00:29:13.131+0000] {dag.py:3089} INFO - Sync 3 DAGs
[2026-03-19T00:29:13.161+0000] {logging_mixin.py:188} INFO - [2026-03-19T00:29:13.161+0000] {dag.py:3947} INFO - Setting next_dagrun for transfer_from_minio_to_snowflake_accounts to 2026-03-19 00:28:00+00:00, run_after=2026-03-19 00:29:00+00:00
[2026-03-19T00:29:13.165+0000] {logging_mixin.py:188} INFO - [2026-03-19T00:29:13.165+0000] {dag.py:3947} INFO - Setting next_dagrun for transfer_from_minio_to_snowflake_customers to 2026-03-19 00:28:00+00:00, run_after=2026-03-19 00:29:00+00:00
[2026-03-19T00:29:13.167+0000] {logging_mixin.py:188} INFO - [2026-03-19T00:29:13.167+0000] {dag.py:3947} INFO - Setting next_dagrun for transfer_from_minio_to_snowflake_transactions to 2026-03-19 00:28:00+00:00, run_after=2026-03-19 00:29:00+00:00
[2026-03-19T00:29:13.186+0000] {processor.py:183} INFO - Processing /opt/airflow/dags/transfer.py took 0.184 seconds
[2026-03-19T00:29:43.563+0000] {processor.py:161} INFO - Started process (PID=9577) to work on /opt/airflow/dags/transfer.py
[2026-03-19T00:29:43.565+0000] {processor.py:830} INFO - Processing file /opt/airflow/dags/transfer.py for tasks to queue
[2026-03-19T00:29:43.569+0000] {logging_mixin.py:188} INFO - [2026-03-19T00:29:43.569+0000] {dagbag.py:545} INFO - Filling up the DagBag from /opt/airflow/dags/transfer.py
[2026-03-19T00:29:43.609+0000] {processor.py:840} INFO - DAG(s) 'transfer_from_minio_to_snowflake_accounts', 'transfer_from_minio_to_snowflake_customers', 'transfer_from_minio_to_snowflake_transactions' retrieved from /opt/airflow/dags/transfer.py
[2026-03-19T00:29:43.645+0000] {logging_mixin.py:188} INFO - [2026-03-19T00:29:43.645+0000] {dag.py:3089} INFO - Sync 3 DAGs
[2026-03-19T00:29:43.663+0000] {logging_mixin.py:188} INFO - [2026-03-19T00:29:43.663+0000] {dag.py:3947} INFO - Setting next_dagrun for transfer_from_minio_to_snowflake_accounts to 2026-03-19 00:28:00+00:00, run_after=2026-03-19 00:29:00+00:00
[2026-03-19T00:29:43.666+0000] {logging_mixin.py:188} INFO - [2026-03-19T00:29:43.666+0000] {dag.py:3947} INFO - Setting next_dagrun for transfer_from_minio_to_snowflake_customers to 2026-03-19 00:28:00+00:00, run_after=2026-03-19 00:29:00+00:00
[2026-03-19T00:29:43.668+0000] {logging_mixin.py:188} INFO - [2026-03-19T00:29:43.668+0000] {dag.py:3947} INFO - Setting next_dagrun for transfer_from_minio_to_snowflake_transactions to 2026-03-19 00:28:00+00:00, run_after=2026-03-19 00:29:00+00:00
[2026-03-19T00:29:43.678+0000] {processor.py:183} INFO - Processing /opt/airflow/dags/transfer.py took 0.127 seconds
[2026-03-19T00:30:14.075+0000] {processor.py:161} INFO - Started process (PID=9579) to work on /opt/airflow/dags/transfer.py
[2026-03-19T00:30:14.079+0000] {processor.py:830} INFO - Processing file /opt/airflow/dags/transfer.py for tasks to queue
[2026-03-19T00:30:14.085+0000] {logging_mixin.py:188} INFO - [2026-03-19T00:30:14.084+0000] {dagbag.py:545} INFO - Filling up the DagBag from /opt/airflow/dags/transfer.py
[2026-03-19T00:30:14.130+0000] {processor.py:840} INFO - DAG(s) 'transfer_from_minio_to_snowflake_transactions', 'transfer_from_minio_to_snowflake_accounts', 'transfer_from_minio_to_snowflake_customers' retrieved from /opt/airflow/dags/transfer.py
[2026-03-19T00:30:14.167+0000] {logging_mixin.py:188} INFO - [2026-03-19T00:30:14.167+0000] {dag.py:3089} INFO - Sync 3 DAGs
[2026-03-19T00:30:14.199+0000] {logging_mixin.py:188} INFO - [2026-03-19T00:30:14.199+0000] {dag.py:3947} INFO - Setting next_dagrun for transfer_from_minio_to_snowflake_accounts to 2026-03-19 00:29:00+00:00, run_after=2026-03-19 00:30:00+00:00
[2026-03-19T00:30:14.203+0000] {logging_mixin.py:188} INFO - [2026-03-19T00:30:14.203+0000] {dag.py:3947} INFO - Setting next_dagrun for transfer_from_minio_to_snowflake_customers to 2026-03-19 00:29:00+00:00, run_after=2026-03-19 00:30:00+00:00
[2026-03-19T00:30:14.204+0000] {logging_mixin.py:188} INFO - [2026-03-19T00:30:14.204+0000] {dag.py:3947} INFO - Setting next_dagrun for transfer_from_minio_to_snowflake_transactions to 2026-03-19 00:29:00+00:00, run_after=2026-03-19 00:30:00+00:00
[2026-03-19T00:30:14.212+0000] {processor.py:183} INFO - Processing /opt/airflow/dags/transfer.py took 0.154 seconds
[2026-03-19T00:30:44.630+0000] {processor.py:161} INFO - Started process (PID=9581) to work on /opt/airflow/dags/transfer.py
[2026-03-19T00:30:44.633+0000] {processor.py:830} INFO - Processing file /opt/airflow/dags/transfer.py for tasks to queue
[2026-03-19T00:30:44.637+0000] {logging_mixin.py:188} INFO - [2026-03-19T00:30:44.637+0000] {dagbag.py:545} INFO - Filling up the DagBag from /opt/airflow/dags/transfer.py
[2026-03-19T00:30:44.693+0000] {processor.py:840} INFO - DAG(s) 'transfer_from_minio_to_snowflake_customers', 'transfer_from_minio_to_snowflake_accounts', 'transfer_from_minio_to_snowflake_transactions' retrieved from /opt/airflow/dags/transfer.py
[2026-03-19T00:30:44.725+0000] {logging_mixin.py:188} INFO - [2026-03-19T00:30:44.725+0000] {dag.py:3089} INFO - Sync 3 DAGs
[2026-03-19T00:30:44.743+0000] {logging_mixin.py:188} INFO - [2026-03-19T00:30:44.743+0000] {dag.py:3947} INFO - Setting next_dagrun for transfer_from_minio_to_snowflake_accounts to 2026-03-19 00:29:00+00:00, run_after=2026-03-19 00:30:00+00:00
[2026-03-19T00:30:44.746+0000] {logging_mixin.py:188} INFO - [2026-03-19T00:30:44.746+0000] {dag.py:3947} INFO - Setting next_dagrun for transfer_from_minio_to_snowflake_customers to 2026-03-19 00:29:00+00:00, run_after=2026-03-19 00:30:00+00:00
[2026-03-19T00:30:44.747+0000] {logging_mixin.py:188} INFO - [2026-03-19T00:30:44.747+0000] {dag.py:3947} INFO - Setting next_dagrun for transfer_from_minio_to_snowflake_transactions to 2026-03-19 00:29:00+00:00, run_after=2026-03-19 00:30:00+00:00
[2026-03-19T00:30:44.757+0000] {processor.py:183} INFO - Processing /opt/airflow/dags/transfer.py took 0.141 seconds
[2026-03-19T00:31:15.176+0000] {processor.py:161} INFO - Started process (PID=9583) to work on /opt/airflow/dags/transfer.py
[2026-03-19T00:31:15.178+0000] {processor.py:830} INFO - Processing file /opt/airflow/dags/transfer.py for tasks to queue
[2026-03-19T00:31:15.184+0000] {logging_mixin.py:188} INFO - [2026-03-19T00:31:15.182+0000] {dagbag.py:545} INFO - Filling up the DagBag from /opt/airflow/dags/transfer.py
[2026-03-19T00:31:15.214+0000] {processor.py:840} INFO - DAG(s) 'transfer_from_minio_to_snowflake_accounts', 'transfer_from_minio_to_snowflake_customers', 'transfer_from_minio_to_snowflake_transactions' retrieved from /opt/airflow/dags/transfer.py
[2026-03-19T00:31:15.249+0000] {logging_mixin.py:188} INFO - [2026-03-19T00:31:15.249+0000] {dag.py:3089} INFO - Sync 3 DAGs
[2026-03-19T00:31:15.263+0000] {logging_mixin.py:188} INFO - [2026-03-19T00:31:15.263+0000] {dag.py:3947} INFO - Setting next_dagrun for transfer_from_minio_to_snowflake_accounts to 2026-03-19 00:30:00+00:00, run_after=2026-03-19 00:31:00+00:00
[2026-03-19T00:31:15.266+0000] {logging_mixin.py:188} INFO - [2026-03-19T00:31:15.266+0000] {dag.py:3947} INFO - Setting next_dagrun for transfer_from_minio_to_snowflake_customers to 2026-03-19 00:30:00+00:00, run_after=2026-03-19 00:31:00+00:00
[2026-03-19T00:31:15.267+0000] {logging_mixin.py:188} INFO - [2026-03-19T00:31:15.267+0000] {dag.py:3947} INFO - Setting next_dagrun for transfer_from_minio_to_snowflake_transactions to 2026-03-19 00:30:00+00:00, run_after=2026-03-19 00:31:00+00:00
[2026-03-19T00:31:15.278+0000] {processor.py:183} INFO - Processing /opt/airflow/dags/transfer.py took 0.113 seconds
[2026-03-19T00:31:45.646+0000] {processor.py:161} INFO - Started process (PID=9585) to work on /opt/airflow/dags/transfer.py
[2026-03-19T00:31:45.649+0000] {processor.py:830} INFO - Processing file /opt/airflow/dags/transfer.py for tasks to queue
[2026-03-19T00:31:45.652+0000] {logging_mixin.py:188} INFO - [2026-03-19T00:31:45.652+0000] {dagbag.py:545} INFO - Filling up the DagBag from /opt/airflow/dags/transfer.py
[2026-03-19T00:31:45.692+0000] {processor.py:840} INFO - DAG(s) 'transfer_from_minio_to_snowflake_customers', 'transfer_from_minio_to_snowflake_accounts', 'transfer_from_minio_to_snowflake_transactions' retrieved from /opt/airflow/dags/transfer.py
[2026-03-19T00:31:45.744+0000] {logging_mixin.py:188} INFO - [2026-03-19T00:31:45.744+0000] {dag.py:3089} INFO - Sync 3 DAGs
[2026-03-19T00:31:45.760+0000] {logging_mixin.py:188} INFO - [2026-03-19T00:31:45.760+0000] {dag.py:3947} INFO - Setting next_dagrun for transfer_from_minio_to_snowflake_accounts to 2026-03-19 00:30:00+00:00, run_after=2026-03-19 00:31:00+00:00
[2026-03-19T00:31:45.763+0000] {logging_mixin.py:188} INFO - [2026-03-19T00:31:45.763+0000] {dag.py:3947} INFO - Setting next_dagrun for transfer_from_minio_to_snowflake_customers to 2026-03-19 00:30:00+00:00, run_after=2026-03-19 00:31:00+00:00
[2026-03-19T00:31:45.764+0000] {logging_mixin.py:188} INFO - [2026-03-19T00:31:45.764+0000] {dag.py:3947} INFO - Setting next_dagrun for transfer_from_minio_to_snowflake_transactions to 2026-03-19 00:30:00+00:00, run_after=2026-03-19 00:31:00+00:00
[2026-03-19T00:31:45.771+0000] {processor.py:183} INFO - Processing /opt/airflow/dags/transfer.py took 0.137 seconds
[2026-03-19T00:32:16.129+0000] {processor.py:161} INFO - Started process (PID=9587) to work on /opt/airflow/dags/transfer.py
[2026-03-19T00:32:16.131+0000] {processor.py:830} INFO - Processing file /opt/airflow/dags/transfer.py for tasks to queue
[2026-03-19T00:32:16.137+0000] {logging_mixin.py:188} INFO - [2026-03-19T00:32:16.136+0000] {dagbag.py:545} INFO - Filling up the DagBag from /opt/airflow/dags/transfer.py
[2026-03-19T00:32:16.175+0000] {processor.py:840} INFO - DAG(s) 'transfer_from_minio_to_snowflake_transactions', 'transfer_from_minio_to_snowflake_customers', 'transfer_from_minio_to_snowflake_accounts' retrieved from /opt/airflow/dags/transfer.py
[2026-03-19T00:32:16.210+0000] {logging_mixin.py:188} INFO - [2026-03-19T00:32:16.210+0000] {dag.py:3089} INFO - Sync 3 DAGs
[2026-03-19T00:32:16.223+0000] {logging_mixin.py:188} INFO - [2026-03-19T00:32:16.223+0000] {dag.py:3947} INFO - Setting next_dagrun for transfer_from_minio_to_snowflake_accounts to 2026-03-19 00:31:00+00:00, run_after=2026-03-19 00:32:00+00:00
[2026-03-19T00:32:16.227+0000] {logging_mixin.py:188} INFO - [2026-03-19T00:32:16.226+0000] {dag.py:3947} INFO - Setting next_dagrun for transfer_from_minio_to_snowflake_customers to 2026-03-19 00:31:00+00:00, run_after=2026-03-19 00:32:00+00:00
[2026-03-19T00:32:16.228+0000] {logging_mixin.py:188} INFO - [2026-03-19T00:32:16.228+0000] {dag.py:3947} INFO - Setting next_dagrun for transfer_from_minio_to_snowflake_transactions to 2026-03-19 00:31:00+00:00, run_after=2026-03-19 00:32:00+00:00
[2026-03-19T00:32:16.236+0000] {processor.py:183} INFO - Processing /opt/airflow/dags/transfer.py took 0.115 seconds
[2026-03-19T00:32:46.672+0000] {processor.py:161} INFO - Started process (PID=9589) to work on /opt/airflow/dags/transfer.py
[2026-03-19T00:32:46.673+0000] {processor.py:830} INFO - Processing file /opt/airflow/dags/transfer.py for tasks to queue
[2026-03-19T00:32:46.675+0000] {logging_mixin.py:188} INFO - [2026-03-19T00:32:46.675+0000] {dagbag.py:545} INFO - Filling up the DagBag from /opt/airflow/dags/transfer.py
[2026-03-19T00:32:46.717+0000] {processor.py:840} INFO - DAG(s) 'transfer_from_minio_to_snowflake_transactions', 'transfer_from_minio_to_snowflake_accounts', 'transfer_from_minio_to_snowflake_customers' retrieved from /opt/airflow/dags/transfer.py
[2026-03-19T00:32:46.795+0000] {logging_mixin.py:188} INFO - [2026-03-19T00:32:46.795+0000] {dag.py:3089} INFO - Sync 3 DAGs
[2026-03-19T00:32:46.819+0000] {logging_mixin.py:188} INFO - [2026-03-19T00:32:46.819+0000] {dag.py:3947} INFO - Setting next_dagrun for transfer_from_minio_to_snowflake_accounts to 2026-03-19 00:31:00+00:00, run_after=2026-03-19 00:32:00+00:00
[2026-03-19T00:32:46.828+0000] {logging_mixin.py:188} INFO - [2026-03-19T00:32:46.828+0000] {dag.py:3947} INFO - Setting next_dagrun for transfer_from_minio_to_snowflake_customers to 2026-03-19 00:31:00+00:00, run_after=2026-03-19 00:32:00+00:00
[2026-03-19T00:32:46.831+0000] {logging_mixin.py:188} INFO - [2026-03-19T00:32:46.830+0000] {dag.py:3947} INFO - Setting next_dagrun for transfer_from_minio_to_snowflake_transactions to 2026-03-19 00:31:00+00:00, run_after=2026-03-19 00:32:00+00:00
[2026-03-19T00:32:46.842+0000] {processor.py:183} INFO - Processing /opt/airflow/dags/transfer.py took 0.188 seconds
[2026-03-19T00:33:17.244+0000] {processor.py:161} INFO - Started process (PID=9591) to work on /opt/airflow/dags/transfer.py
[2026-03-19T00:33:17.245+0000] {processor.py:830} INFO - Processing file /opt/airflow/dags/transfer.py for tasks to queue
[2026-03-19T00:33:17.248+0000] {logging_mixin.py:188} INFO - [2026-03-19T00:33:17.248+0000] {dagbag.py:545} INFO - Filling up the DagBag from /opt/airflow/dags/transfer.py
[2026-03-19T00:33:17.282+0000] {processor.py:840} INFO - DAG(s) 'transfer_from_minio_to_snowflake_transactions', 'transfer_from_minio_to_snowflake_customers', 'transfer_from_minio_to_snowflake_accounts' retrieved from /opt/airflow/dags/transfer.py
[2026-03-19T00:33:17.318+0000] {logging_mixin.py:188} INFO - [2026-03-19T00:33:17.317+0000] {dag.py:3089} INFO - Sync 3 DAGs
[2026-03-19T00:33:17.332+0000] {logging_mixin.py:188} INFO - [2026-03-19T00:33:17.332+0000] {dag.py:3947} INFO - Setting next_dagrun for transfer_from_minio_to_snowflake_accounts to 2026-03-19 00:32:00+00:00, run_after=2026-03-19 00:33:00+00:00
[2026-03-19T00:33:17.335+0000] {logging_mixin.py:188} INFO - [2026-03-19T00:33:17.335+0000] {dag.py:3947} INFO - Setting next_dagrun for transfer_from_minio_to_snowflake_customers to 2026-03-19 00:32:00+00:00, run_after=2026-03-19 00:33:00+00:00
[2026-03-19T00:33:17.336+0000] {logging_mixin.py:188} INFO - [2026-03-19T00:33:17.336+0000] {dag.py:3947} INFO - Setting next_dagrun for transfer_from_minio_to_snowflake_transactions to 2026-03-19 00:32:00+00:00, run_after=2026-03-19 00:33:00+00:00
[2026-03-19T00:33:17.348+0000] {processor.py:183} INFO - Processing /opt/airflow/dags/transfer.py took 0.120 seconds
[2026-03-19T00:33:47.736+0000] {processor.py:161} INFO - Started process (PID=9593) to work on /opt/airflow/dags/transfer.py
[2026-03-19T00:33:47.738+0000] {processor.py:830} INFO - Processing file /opt/airflow/dags/transfer.py for tasks to queue
[2026-03-19T00:33:47.742+0000] {logging_mixin.py:188} INFO - [2026-03-19T00:33:47.741+0000] {dagbag.py:545} INFO - Filling up the DagBag from /opt/airflow/dags/transfer.py
[2026-03-19T00:33:47.777+0000] {processor.py:840} INFO - DAG(s) 'transfer_from_minio_to_snowflake_customers', 'transfer_from_minio_to_snowflake_transactions', 'transfer_from_minio_to_snowflake_accounts' retrieved from /opt/airflow/dags/transfer.py
[2026-03-19T00:33:47.813+0000] {logging_mixin.py:188} INFO - [2026-03-19T00:33:47.813+0000] {dag.py:3089} INFO - Sync 3 DAGs
[2026-03-19T00:33:47.830+0000] {logging_mixin.py:188} INFO - [2026-03-19T00:33:47.830+0000] {dag.py:3947} INFO - Setting next_dagrun for transfer_from_minio_to_snowflake_accounts to 2026-03-19 00:32:00+00:00, run_after=2026-03-19 00:33:00+00:00
[2026-03-19T00:33:47.833+0000] {logging_mixin.py:188} INFO - [2026-03-19T00:33:47.833+0000] {dag.py:3947} INFO - Setting next_dagrun for transfer_from_minio_to_snowflake_customers to 2026-03-19 00:32:00+00:00, run_after=2026-03-19 00:33:00+00:00
[2026-03-19T00:33:47.835+0000] {logging_mixin.py:188} INFO - [2026-03-19T00:33:47.835+0000] {dag.py:3947} INFO - Setting next_dagrun for transfer_from_minio_to_snowflake_transactions to 2026-03-19 00:32:00+00:00, run_after=2026-03-19 00:33:00+00:00
[2026-03-19T00:33:47.844+0000] {processor.py:183} INFO - Processing /opt/airflow/dags/transfer.py took 0.117 seconds
[2026-03-19T00:34:18.271+0000] {processor.py:161} INFO - Started process (PID=9595) to work on /opt/airflow/dags/transfer.py
[2026-03-19T00:34:18.273+0000] {processor.py:830} INFO - Processing file /opt/airflow/dags/transfer.py for tasks to queue
[2026-03-19T00:34:18.276+0000] {logging_mixin.py:188} INFO - [2026-03-19T00:34:18.275+0000] {dagbag.py:545} INFO - Filling up the DagBag from /opt/airflow/dags/transfer.py
[2026-03-19T00:34:18.330+0000] {processor.py:840} INFO - DAG(s) 'transfer_from_minio_to_snowflake_transactions', 'transfer_from_minio_to_snowflake_accounts', 'transfer_from_minio_to_snowflake_customers' retrieved from /opt/airflow/dags/transfer.py
[2026-03-19T00:34:18.353+0000] {logging_mixin.py:188} INFO - [2026-03-19T00:34:18.353+0000] {dag.py:3089} INFO - Sync 3 DAGs
[2026-03-19T00:34:18.367+0000] {logging_mixin.py:188} INFO - [2026-03-19T00:34:18.367+0000] {dag.py:3947} INFO - Setting next_dagrun for transfer_from_minio_to_snowflake_accounts to 2026-03-19 00:33:00+00:00, run_after=2026-03-19 00:34:00+00:00
[2026-03-19T00:34:18.372+0000] {logging_mixin.py:188} INFO - [2026-03-19T00:34:18.372+0000] {dag.py:3947} INFO - Setting next_dagrun for transfer_from_minio_to_snowflake_customers to 2026-03-19 00:33:00+00:00, run_after=2026-03-19 00:34:00+00:00
[2026-03-19T00:34:18.373+0000] {logging_mixin.py:188} INFO - [2026-03-19T00:34:18.373+0000] {dag.py:3947} INFO - Setting next_dagrun for transfer_from_minio_to_snowflake_transactions to 2026-03-19 00:33:00+00:00, run_after=2026-03-19 00:34:00+00:00
[2026-03-19T00:34:18.382+0000] {processor.py:183} INFO - Processing /opt/airflow/dags/transfer.py took 0.119 seconds
[2026-03-19T00:34:48.751+0000] {processor.py:161} INFO - Started process (PID=9597) to work on /opt/airflow/dags/transfer.py
[2026-03-19T00:34:48.753+0000] {processor.py:830} INFO - Processing file /opt/airflow/dags/transfer.py for tasks to queue
[2026-03-19T00:34:48.755+0000] {logging_mixin.py:188} INFO - [2026-03-19T00:34:48.754+0000] {dagbag.py:545} INFO - Filling up the DagBag from /opt/airflow/dags/transfer.py
[2026-03-19T00:34:48.785+0000] {processor.py:840} INFO - DAG(s) 'transfer_from_minio_to_snowflake_customers', 'transfer_from_minio_to_snowflake_transactions', 'transfer_from_minio_to_snowflake_accounts' retrieved from /opt/airflow/dags/transfer.py
[2026-03-19T00:34:48.819+0000] {logging_mixin.py:188} INFO - [2026-03-19T00:34:48.819+0000] {dag.py:3089} INFO - Sync 3 DAGs
[2026-03-19T00:34:48.834+0000] {logging_mixin.py:188} INFO - [2026-03-19T00:34:48.833+0000] {dag.py:3947} INFO - Setting next_dagrun for transfer_from_minio_to_snowflake_accounts to 2026-03-19 00:33:00+00:00, run_after=2026-03-19 00:34:00+00:00
[2026-03-19T00:34:48.837+0000] {logging_mixin.py:188} INFO - [2026-03-19T00:34:48.836+0000] {dag.py:3947} INFO - Setting next_dagrun for transfer_from_minio_to_snowflake_customers to 2026-03-19 00:33:00+00:00, run_after=2026-03-19 00:34:00+00:00
[2026-03-19T00:34:48.838+0000] {logging_mixin.py:188} INFO - [2026-03-19T00:34:48.838+0000] {dag.py:3947} INFO - Setting next_dagrun for transfer_from_minio_to_snowflake_transactions to 2026-03-19 00:33:00+00:00, run_after=2026-03-19 00:34:00+00:00
[2026-03-19T00:34:48.848+0000] {processor.py:183} INFO - Processing /opt/airflow/dags/transfer.py took 0.106 seconds
[2026-03-19T00:35:19.270+0000] {processor.py:161} INFO - Started process (PID=9599) to work on /opt/airflow/dags/transfer.py
[2026-03-19T00:35:19.272+0000] {processor.py:830} INFO - Processing file /opt/airflow/dags/transfer.py for tasks to queue
[2026-03-19T00:35:19.276+0000] {logging_mixin.py:188} INFO - [2026-03-19T00:35:19.275+0000] {dagbag.py:545} INFO - Filling up the DagBag from /opt/airflow/dags/transfer.py
[2026-03-19T00:35:19.312+0000] {processor.py:840} INFO - DAG(s) 'transfer_from_minio_to_snowflake_transactions', 'transfer_from_minio_to_snowflake_customers', 'transfer_from_minio_to_snowflake_accounts' retrieved from /opt/airflow/dags/transfer.py
[2026-03-19T00:35:19.363+0000] {logging_mixin.py:188} INFO - [2026-03-19T00:35:19.362+0000] {dag.py:3089} INFO - Sync 3 DAGs
[2026-03-19T00:35:19.379+0000] {logging_mixin.py:188} INFO - [2026-03-19T00:35:19.379+0000] {dag.py:3947} INFO - Setting next_dagrun for transfer_from_minio_to_snowflake_accounts to 2026-03-19 00:34:00+00:00, run_after=2026-03-19 00:35:00+00:00
[2026-03-19T00:35:19.382+0000] {logging_mixin.py:188} INFO - [2026-03-19T00:35:19.382+0000] {dag.py:3947} INFO - Setting next_dagrun for transfer_from_minio_to_snowflake_customers to 2026-03-19 00:34:00+00:00, run_after=2026-03-19 00:35:00+00:00
[2026-03-19T00:35:19.383+0000] {logging_mixin.py:188} INFO - [2026-03-19T00:35:19.383+0000] {dag.py:3947} INFO - Setting next_dagrun for transfer_from_minio_to_snowflake_transactions to 2026-03-19 00:34:00+00:00, run_after=2026-03-19 00:35:00+00:00
[2026-03-19T00:35:19.392+0000] {processor.py:183} INFO - Processing /opt/airflow/dags/transfer.py took 0.136 seconds
[2026-03-19T00:35:49.768+0000] {processor.py:161} INFO - Started process (PID=9601) to work on /opt/airflow/dags/transfer.py
[2026-03-19T00:35:49.770+0000] {processor.py:830} INFO - Processing file /opt/airflow/dags/transfer.py for tasks to queue
[2026-03-19T00:35:49.772+0000] {logging_mixin.py:188} INFO - [2026-03-19T00:35:49.772+0000] {dagbag.py:545} INFO - Filling up the DagBag from /opt/airflow/dags/transfer.py
[2026-03-19T00:35:49.808+0000] {processor.py:840} INFO - DAG(s) 'transfer_from_minio_to_snowflake_transactions', 'transfer_from_minio_to_snowflake_accounts', 'transfer_from_minio_to_snowflake_customers' retrieved from /opt/airflow/dags/transfer.py
[2026-03-19T00:35:49.849+0000] {logging_mixin.py:188} INFO - [2026-03-19T00:35:49.848+0000] {dag.py:3089} INFO - Sync 3 DAGs
[2026-03-19T00:35:49.863+0000] {logging_mixin.py:188} INFO - [2026-03-19T00:35:49.863+0000] {dag.py:3947} INFO - Setting next_dagrun for transfer_from_minio_to_snowflake_accounts to 2026-03-19 00:34:00+00:00, run_after=2026-03-19 00:35:00+00:00
[2026-03-19T00:35:49.866+0000] {logging_mixin.py:188} INFO - [2026-03-19T00:35:49.866+0000] {dag.py:3947} INFO - Setting next_dagrun for transfer_from_minio_to_snowflake_customers to 2026-03-19 00:34:00+00:00, run_after=2026-03-19 00:35:00+00:00
[2026-03-19T00:35:49.868+0000] {logging_mixin.py:188} INFO - [2026-03-19T00:35:49.867+0000] {dag.py:3947} INFO - Setting next_dagrun for transfer_from_minio_to_snowflake_transactions to 2026-03-19 00:34:00+00:00, run_after=2026-03-19 00:35:00+00:00
[2026-03-19T00:35:49.877+0000] {processor.py:183} INFO - Processing /opt/airflow/dags/transfer.py took 0.122 seconds
[2026-03-19T00:36:20.275+0000] {processor.py:161} INFO - Started process (PID=9603) to work on /opt/airflow/dags/transfer.py
[2026-03-19T00:36:20.279+0000] {processor.py:830} INFO - Processing file /opt/airflow/dags/transfer.py for tasks to queue
[2026-03-19T00:36:20.281+0000] {logging_mixin.py:188} INFO - [2026-03-19T00:36:20.281+0000] {dagbag.py:545} INFO - Filling up the DagBag from /opt/airflow/dags/transfer.py
[2026-03-19T00:36:20.320+0000] {processor.py:840} INFO - DAG(s) 'transfer_from_minio_to_snowflake_transactions', 'transfer_from_minio_to_snowflake_customers', 'transfer_from_minio_to_snowflake_accounts' retrieved from /opt/airflow/dags/transfer.py
[2026-03-19T00:36:20.353+0000] {logging_mixin.py:188} INFO - [2026-03-19T00:36:20.353+0000] {dag.py:3089} INFO - Sync 3 DAGs
[2026-03-19T00:36:20.369+0000] {logging_mixin.py:188} INFO - [2026-03-19T00:36:20.369+0000] {dag.py:3947} INFO - Setting next_dagrun for transfer_from_minio_to_snowflake_accounts to 2026-03-19 00:35:00+00:00, run_after=2026-03-19 00:36:00+00:00
[2026-03-19T00:36:20.372+0000] {logging_mixin.py:188} INFO - [2026-03-19T00:36:20.372+0000] {dag.py:3947} INFO - Setting next_dagrun for transfer_from_minio_to_snowflake_customers to 2026-03-19 00:35:00+00:00, run_after=2026-03-19 00:36:00+00:00
[2026-03-19T00:36:20.374+0000] {logging_mixin.py:188} INFO - [2026-03-19T00:36:20.374+0000] {dag.py:3947} INFO - Setting next_dagrun for transfer_from_minio_to_snowflake_transactions to 2026-03-19 00:35:00+00:00, run_after=2026-03-19 00:36:00+00:00
[2026-03-19T00:36:20.382+0000] {processor.py:183} INFO - Processing /opt/airflow/dags/transfer.py took 0.117 seconds
[2026-03-19T00:36:50.809+0000] {processor.py:161} INFO - Started process (PID=9605) to work on /opt/airflow/dags/transfer.py
[2026-03-19T00:36:50.811+0000] {processor.py:830} INFO - Processing file /opt/airflow/dags/transfer.py for tasks to queue
[2026-03-19T00:36:50.817+0000] {logging_mixin.py:188} INFO - [2026-03-19T00:36:50.816+0000] {dagbag.py:545} INFO - Filling up the DagBag from /opt/airflow/dags/transfer.py
[2026-03-19T00:36:50.855+0000] {processor.py:840} INFO - DAG(s) 'transfer_from_minio_to_snowflake_accounts', 'transfer_from_minio_to_snowflake_transactions', 'transfer_from_minio_to_snowflake_customers' retrieved from /opt/airflow/dags/transfer.py
[2026-03-19T00:36:50.893+0000] {logging_mixin.py:188} INFO - [2026-03-19T00:36:50.892+0000] {dag.py:3089} INFO - Sync 3 DAGs
[2026-03-19T00:36:50.909+0000] {logging_mixin.py:188} INFO - [2026-03-19T00:36:50.909+0000] {dag.py:3947} INFO - Setting next_dagrun for transfer_from_minio_to_snowflake_accounts to 2026-03-19 00:35:00+00:00, run_after=2026-03-19 00:36:00+00:00
[2026-03-19T00:36:50.912+0000] {logging_mixin.py:188} INFO - [2026-03-19T00:36:50.912+0000] {dag.py:3947} INFO - Setting next_dagrun for transfer_from_minio_to_snowflake_customers to 2026-03-19 00:35:00+00:00, run_after=2026-03-19 00:36:00+00:00
[2026-03-19T00:36:50.913+0000] {logging_mixin.py:188} INFO - [2026-03-19T00:36:50.913+0000] {dag.py:3947} INFO - Setting next_dagrun for transfer_from_minio_to_snowflake_transactions to 2026-03-19 00:35:00+00:00, run_after=2026-03-19 00:36:00+00:00
[2026-03-19T00:36:50.921+0000] {processor.py:183} INFO - Processing /opt/airflow/dags/transfer.py took 0.128 seconds
[2026-03-19T00:37:21.314+0000] {processor.py:161} INFO - Started process (PID=9607) to work on /opt/airflow/dags/transfer.py
[2026-03-19T00:37:21.316+0000] {processor.py:830} INFO - Processing file /opt/airflow/dags/transfer.py for tasks to queue
[2026-03-19T00:37:21.323+0000] {logging_mixin.py:188} INFO - [2026-03-19T00:37:21.323+0000] {dagbag.py:545} INFO - Filling up the DagBag from /opt/airflow/dags/transfer.py
[2026-03-19T00:37:21.360+0000] {processor.py:840} INFO - DAG(s) 'transfer_from_minio_to_snowflake_transactions', 'transfer_from_minio_to_snowflake_accounts', 'transfer_from_minio_to_snowflake_customers' retrieved from /opt/airflow/dags/transfer.py
[2026-03-19T00:37:21.398+0000] {logging_mixin.py:188} INFO - [2026-03-19T00:37:21.398+0000] {dag.py:3089} INFO - Sync 3 DAGs
[2026-03-19T00:37:21.415+0000] {logging_mixin.py:188} INFO - [2026-03-19T00:37:21.415+0000] {dag.py:3947} INFO - Setting next_dagrun for transfer_from_minio_to_snowflake_accounts to 2026-03-19 00:36:00+00:00, run_after=2026-03-19 00:37:00+00:00
[2026-03-19T00:37:21.417+0000] {logging_mixin.py:188} INFO - [2026-03-19T00:37:21.417+0000] {dag.py:3947} INFO - Setting next_dagrun for transfer_from_minio_to_snowflake_customers to 2026-03-19 00:36:00+00:00, run_after=2026-03-19 00:37:00+00:00
[2026-03-19T00:37:21.419+0000] {logging_mixin.py:188} INFO - [2026-03-19T00:37:21.419+0000] {dag.py:3947} INFO - Setting next_dagrun for transfer_from_minio_to_snowflake_transactions to 2026-03-19 00:36:00+00:00, run_after=2026-03-19 00:37:00+00:00
[2026-03-19T00:37:21.426+0000] {processor.py:183} INFO - Processing /opt/airflow/dags/transfer.py took 0.125 seconds
[2026-03-19T00:37:51.829+0000] {processor.py:161} INFO - Started process (PID=9609) to work on /opt/airflow/dags/transfer.py
[2026-03-19T00:37:51.831+0000] {processor.py:830} INFO - Processing file /opt/airflow/dags/transfer.py for tasks to queue
[2026-03-19T00:37:51.834+0000] {logging_mixin.py:188} INFO - [2026-03-19T00:37:51.833+0000] {dagbag.py:545} INFO - Filling up the DagBag from /opt/airflow/dags/transfer.py
[2026-03-19T00:37:51.872+0000] {processor.py:840} INFO - DAG(s) 'transfer_from_minio_to_snowflake_customers', 'transfer_from_minio_to_snowflake_transactions', 'transfer_from_minio_to_snowflake_accounts' retrieved from /opt/airflow/dags/transfer.py
[2026-03-19T00:37:51.905+0000] {logging_mixin.py:188} INFO - [2026-03-19T00:37:51.905+0000] {dag.py:3089} INFO - Sync 3 DAGs
[2026-03-19T00:37:51.921+0000] {logging_mixin.py:188} INFO - [2026-03-19T00:37:51.921+0000] {dag.py:3947} INFO - Setting next_dagrun for transfer_from_minio_to_snowflake_accounts to 2026-03-19 00:36:00+00:00, run_after=2026-03-19 00:37:00+00:00
[2026-03-19T00:37:51.924+0000] {logging_mixin.py:188} INFO - [2026-03-19T00:37:51.924+0000] {dag.py:3947} INFO - Setting next_dagrun for transfer_from_minio_to_snowflake_customers to 2026-03-19 00:36:00+00:00, run_after=2026-03-19 00:37:00+00:00
[2026-03-19T00:37:51.926+0000] {logging_mixin.py:188} INFO - [2026-03-19T00:37:51.926+0000] {dag.py:3947} INFO - Setting next_dagrun for transfer_from_minio_to_snowflake_transactions to 2026-03-19 00:36:00+00:00, run_after=2026-03-19 00:37:00+00:00
[2026-03-19T00:37:51.934+0000] {processor.py:183} INFO - Processing /opt/airflow/dags/transfer.py took 0.117 seconds
[2026-03-19T00:38:22.366+0000] {processor.py:161} INFO - Started process (PID=9611) to work on /opt/airflow/dags/transfer.py
[2026-03-19T00:38:22.368+0000] {processor.py:830} INFO - Processing file /opt/airflow/dags/transfer.py for tasks to queue
[2026-03-19T00:38:22.370+0000] {logging_mixin.py:188} INFO - [2026-03-19T00:38:22.370+0000] {dagbag.py:545} INFO - Filling up the DagBag from /opt/airflow/dags/transfer.py
[2026-03-19T00:38:22.413+0000] {processor.py:840} INFO - DAG(s) 'transfer_from_minio_to_snowflake_transactions', 'transfer_from_minio_to_snowflake_accounts', 'transfer_from_minio_to_snowflake_customers' retrieved from /opt/airflow/dags/transfer.py
[2026-03-19T00:38:22.445+0000] {logging_mixin.py:188} INFO - [2026-03-19T00:38:22.445+0000] {dag.py:3089} INFO - Sync 3 DAGs
[2026-03-19T00:38:22.459+0000] {logging_mixin.py:188} INFO - [2026-03-19T00:38:22.459+0000] {dag.py:3947} INFO - Setting next_dagrun for transfer_from_minio_to_snowflake_accounts to 2026-03-19 00:37:00+00:00, run_after=2026-03-19 00:38:00+00:00
[2026-03-19T00:38:22.462+0000] {logging_mixin.py:188} INFO - [2026-03-19T00:38:22.462+0000] {dag.py:3947} INFO - Setting next_dagrun for transfer_from_minio_to_snowflake_customers to 2026-03-19 00:37:00+00:00, run_after=2026-03-19 00:38:00+00:00
[2026-03-19T00:38:22.463+0000] {logging_mixin.py:188} INFO - [2026-03-19T00:38:22.463+0000] {dag.py:3947} INFO - Setting next_dagrun for transfer_from_minio_to_snowflake_transactions to 2026-03-19 00:37:00+00:00, run_after=2026-03-19 00:38:00+00:00
[2026-03-19T00:38:22.474+0000] {processor.py:183} INFO - Processing /opt/airflow/dags/transfer.py took 0.118 seconds
[2026-03-19T00:38:52.869+0000] {processor.py:161} INFO - Started process (PID=9613) to work on /opt/airflow/dags/transfer.py
[2026-03-19T00:38:52.871+0000] {processor.py:830} INFO - Processing file /opt/airflow/dags/transfer.py for tasks to queue
[2026-03-19T00:38:52.874+0000] {logging_mixin.py:188} INFO - [2026-03-19T00:38:52.873+0000] {dagbag.py:545} INFO - Filling up the DagBag from /opt/airflow/dags/transfer.py
[2026-03-19T00:38:52.915+0000] {processor.py:840} INFO - DAG(s) 'transfer_from_minio_to_snowflake_customers', 'transfer_from_minio_to_snowflake_transactions', 'transfer_from_minio_to_snowflake_accounts' retrieved from /opt/airflow/dags/transfer.py
[2026-03-19T00:38:52.945+0000] {logging_mixin.py:188} INFO - [2026-03-19T00:38:52.945+0000] {dag.py:3089} INFO - Sync 3 DAGs
[2026-03-19T00:38:52.959+0000] {logging_mixin.py:188} INFO - [2026-03-19T00:38:52.959+0000] {dag.py:3947} INFO - Setting next_dagrun for transfer_from_minio_to_snowflake_accounts to 2026-03-19 00:37:00+00:00, run_after=2026-03-19 00:38:00+00:00
[2026-03-19T00:38:52.962+0000] {logging_mixin.py:188} INFO - [2026-03-19T00:38:52.962+0000] {dag.py:3947} INFO - Setting next_dagrun for transfer_from_minio_to_snowflake_customers to 2026-03-19 00:37:00+00:00, run_after=2026-03-19 00:38:00+00:00
[2026-03-19T00:38:52.964+0000] {logging_mixin.py:188} INFO - [2026-03-19T00:38:52.964+0000] {dag.py:3947} INFO - Setting next_dagrun for transfer_from_minio_to_snowflake_transactions to 2026-03-19 00:37:00+00:00, run_after=2026-03-19 00:38:00+00:00
[2026-03-19T00:38:52.972+0000] {processor.py:183} INFO - Processing /opt/airflow/dags/transfer.py took 0.115 seconds
[2026-03-19T00:39:23.358+0000] {processor.py:161} INFO - Started process (PID=9615) to work on /opt/airflow/dags/transfer.py
[2026-03-19T00:39:23.359+0000] {processor.py:830} INFO - Processing file /opt/airflow/dags/transfer.py for tasks to queue
[2026-03-19T00:39:23.363+0000] {logging_mixin.py:188} INFO - [2026-03-19T00:39:23.362+0000] {dagbag.py:545} INFO - Filling up the DagBag from /opt/airflow/dags/transfer.py
[2026-03-19T00:39:23.398+0000] {processor.py:840} INFO - DAG(s) 'transfer_from_minio_to_snowflake_accounts', 'transfer_from_minio_to_snowflake_customers', 'transfer_from_minio_to_snowflake_transactions' retrieved from /opt/airflow/dags/transfer.py
[2026-03-19T00:39:23.429+0000] {logging_mixin.py:188} INFO - [2026-03-19T00:39:23.429+0000] {dag.py:3089} INFO - Sync 3 DAGs
[2026-03-19T00:39:23.453+0000] {logging_mixin.py:188} INFO - [2026-03-19T00:39:23.453+0000] {dag.py:3947} INFO - Setting next_dagrun for transfer_from_minio_to_snowflake_accounts to 2026-03-19 00:38:00+00:00, run_after=2026-03-19 00:39:00+00:00
[2026-03-19T00:39:23.456+0000] {logging_mixin.py:188} INFO - [2026-03-19T00:39:23.456+0000] {dag.py:3947} INFO - Setting next_dagrun for transfer_from_minio_to_snowflake_customers to 2026-03-19 00:38:00+00:00, run_after=2026-03-19 00:39:00+00:00
[2026-03-19T00:39:23.457+0000] {logging_mixin.py:188} INFO - [2026-03-19T00:39:23.457+0000] {dag.py:3947} INFO - Setting next_dagrun for transfer_from_minio_to_snowflake_transactions to 2026-03-19 00:38:00+00:00, run_after=2026-03-19 00:39:00+00:00
[2026-03-19T00:39:23.466+0000] {processor.py:183} INFO - Processing /opt/airflow/dags/transfer.py took 0.122 seconds
[2026-03-19T00:39:53.902+0000] {processor.py:161} INFO - Started process (PID=9617) to work on /opt/airflow/dags/transfer.py
[2026-03-19T00:39:53.904+0000] {processor.py:830} INFO - Processing file /opt/airflow/dags/transfer.py for tasks to queue
[2026-03-19T00:39:53.907+0000] {logging_mixin.py:188} INFO - [2026-03-19T00:39:53.907+0000] {dagbag.py:545} INFO - Filling up the DagBag from /opt/airflow/dags/transfer.py
[2026-03-19T00:39:53.940+0000] {processor.py:840} INFO - DAG(s) 'transfer_from_minio_to_snowflake_transactions', 'transfer_from_minio_to_snowflake_customers', 'transfer_from_minio_to_snowflake_accounts' retrieved from /opt/airflow/dags/transfer.py
[2026-03-19T00:39:53.981+0000] {logging_mixin.py:188} INFO - [2026-03-19T00:39:53.981+0000] {dag.py:3089} INFO - Sync 3 DAGs
[2026-03-19T00:39:54.001+0000] {logging_mixin.py:188} INFO - [2026-03-19T00:39:54.001+0000] {dag.py:3947} INFO - Setting next_dagrun for transfer_from_minio_to_snowflake_accounts to 2026-03-19 00:38:00+00:00, run_after=2026-03-19 00:39:00+00:00
[2026-03-19T00:39:54.004+0000] {logging_mixin.py:188} INFO - [2026-03-19T00:39:54.004+0000] {dag.py:3947} INFO - Setting next_dagrun for transfer_from_minio_to_snowflake_customers to 2026-03-19 00:38:00+00:00, run_after=2026-03-19 00:39:00+00:00
[2026-03-19T00:39:54.005+0000] {logging_mixin.py:188} INFO - [2026-03-19T00:39:54.005+0000] {dag.py:3947} INFO - Setting next_dagrun for transfer_from_minio_to_snowflake_transactions to 2026-03-19 00:38:00+00:00, run_after=2026-03-19 00:39:00+00:00
[2026-03-19T00:39:54.013+0000] {processor.py:183} INFO - Processing /opt/airflow/dags/transfer.py took 0.123 seconds
[2026-03-19T00:40:24.424+0000] {processor.py:161} INFO - Started process (PID=9619) to work on /opt/airflow/dags/transfer.py
[2026-03-19T00:40:24.426+0000] {processor.py:830} INFO - Processing file /opt/airflow/dags/transfer.py for tasks to queue
[2026-03-19T00:40:24.431+0000] {logging_mixin.py:188} INFO - [2026-03-19T00:40:24.430+0000] {dagbag.py:545} INFO - Filling up the DagBag from /opt/airflow/dags/transfer.py
[2026-03-19T00:40:24.470+0000] {processor.py:840} INFO - DAG(s) 'transfer_from_minio_to_snowflake_accounts', 'transfer_from_minio_to_snowflake_transactions', 'transfer_from_minio_to_snowflake_customers' retrieved from /opt/airflow/dags/transfer.py
[2026-03-19T00:40:24.501+0000] {logging_mixin.py:188} INFO - [2026-03-19T00:40:24.501+0000] {dag.py:3089} INFO - Sync 3 DAGs
[2026-03-19T00:40:24.515+0000] {logging_mixin.py:188} INFO - [2026-03-19T00:40:24.515+0000] {dag.py:3947} INFO - Setting next_dagrun for transfer_from_minio_to_snowflake_accounts to 2026-03-19 00:39:00+00:00, run_after=2026-03-19 00:40:00+00:00
[2026-03-19T00:40:24.518+0000] {logging_mixin.py:188} INFO - [2026-03-19T00:40:24.518+0000] {dag.py:3947} INFO - Setting next_dagrun for transfer_from_minio_to_snowflake_customers to 2026-03-19 00:39:00+00:00, run_after=2026-03-19 00:40:00+00:00
[2026-03-19T00:40:24.520+0000] {logging_mixin.py:188} INFO - [2026-03-19T00:40:24.520+0000] {dag.py:3947} INFO - Setting next_dagrun for transfer_from_minio_to_snowflake_transactions to 2026-03-19 00:39:00+00:00, run_after=2026-03-19 00:40:00+00:00
[2026-03-19T00:40:24.527+0000] {processor.py:183} INFO - Processing /opt/airflow/dags/transfer.py took 0.109 seconds
[2026-03-19T00:40:54.901+0000] {processor.py:161} INFO - Started process (PID=9621) to work on /opt/airflow/dags/transfer.py
[2026-03-19T00:40:54.904+0000] {processor.py:830} INFO - Processing file /opt/airflow/dags/transfer.py for tasks to queue
[2026-03-19T00:40:54.908+0000] {logging_mixin.py:188} INFO - [2026-03-19T00:40:54.907+0000] {dagbag.py:545} INFO - Filling up the DagBag from /opt/airflow/dags/transfer.py
[2026-03-19T00:40:54.940+0000] {processor.py:840} INFO - DAG(s) 'transfer_from_minio_to_snowflake_accounts', 'transfer_from_minio_to_snowflake_transactions', 'transfer_from_minio_to_snowflake_customers' retrieved from /opt/airflow/dags/transfer.py
[2026-03-19T00:40:54.975+0000] {logging_mixin.py:188} INFO - [2026-03-19T00:40:54.975+0000] {dag.py:3089} INFO - Sync 3 DAGs
[2026-03-19T00:40:54.991+0000] {logging_mixin.py:188} INFO - [2026-03-19T00:40:54.991+0000] {dag.py:3947} INFO - Setting next_dagrun for transfer_from_minio_to_snowflake_accounts to 2026-03-19 00:39:00+00:00, run_after=2026-03-19 00:40:00+00:00
[2026-03-19T00:40:54.994+0000] {logging_mixin.py:188} INFO - [2026-03-19T00:40:54.994+0000] {dag.py:3947} INFO - Setting next_dagrun for transfer_from_minio_to_snowflake_customers to 2026-03-19 00:39:00+00:00, run_after=2026-03-19 00:40:00+00:00
[2026-03-19T00:40:54.996+0000] {logging_mixin.py:188} INFO - [2026-03-19T00:40:54.996+0000] {dag.py:3947} INFO - Setting next_dagrun for transfer_from_minio_to_snowflake_transactions to 2026-03-19 00:39:00+00:00, run_after=2026-03-19 00:40:00+00:00
[2026-03-19T00:40:55.005+0000] {processor.py:183} INFO - Processing /opt/airflow/dags/transfer.py took 0.111 seconds
[2026-03-19T00:41:25.760+0000] {processor.py:161} INFO - Started process (PID=9623) to work on /opt/airflow/dags/transfer.py
[2026-03-19T00:41:25.767+0000] {processor.py:830} INFO - Processing file /opt/airflow/dags/transfer.py for tasks to queue
[2026-03-19T00:41:25.770+0000] {logging_mixin.py:188} INFO - [2026-03-19T00:41:25.770+0000] {dagbag.py:545} INFO - Filling up the DagBag from /opt/airflow/dags/transfer.py
[2026-03-19T00:41:25.820+0000] {processor.py:840} INFO - DAG(s) 'transfer_from_minio_to_snowflake_accounts', 'transfer_from_minio_to_snowflake_transactions', 'transfer_from_minio_to_snowflake_customers' retrieved from /opt/airflow/dags/transfer.py
[2026-03-19T00:41:25.861+0000] {logging_mixin.py:188} INFO - [2026-03-19T00:41:25.861+0000] {dag.py:3089} INFO - Sync 3 DAGs
[2026-03-19T00:41:25.889+0000] {logging_mixin.py:188} INFO - [2026-03-19T00:41:25.889+0000] {dag.py:3947} INFO - Setting next_dagrun for transfer_from_minio_to_snowflake_accounts to 2026-03-19 00:40:00+00:00, run_after=2026-03-19 00:41:00+00:00
[2026-03-19T00:41:25.893+0000] {logging_mixin.py:188} INFO - [2026-03-19T00:41:25.893+0000] {dag.py:3947} INFO - Setting next_dagrun for transfer_from_minio_to_snowflake_customers to 2026-03-19 00:40:00+00:00, run_after=2026-03-19 00:41:00+00:00
[2026-03-19T00:41:25.895+0000] {logging_mixin.py:188} INFO - [2026-03-19T00:41:25.895+0000] {dag.py:3947} INFO - Setting next_dagrun for transfer_from_minio_to_snowflake_transactions to 2026-03-19 00:40:00+00:00, run_after=2026-03-19 00:41:00+00:00
[2026-03-19T00:41:25.908+0000] {processor.py:183} INFO - Processing /opt/airflow/dags/transfer.py took 0.162 seconds
[2026-03-19T00:41:56.340+0000] {processor.py:161} INFO - Started process (PID=9625) to work on /opt/airflow/dags/transfer.py
[2026-03-19T00:41:56.346+0000] {processor.py:830} INFO - Processing file /opt/airflow/dags/transfer.py for tasks to queue
[2026-03-19T00:41:56.349+0000] {logging_mixin.py:188} INFO - [2026-03-19T00:41:56.349+0000] {dagbag.py:545} INFO - Filling up the DagBag from /opt/airflow/dags/transfer.py
[2026-03-19T00:41:56.386+0000] {processor.py:840} INFO - DAG(s) 'transfer_from_minio_to_snowflake_transactions', 'transfer_from_minio_to_snowflake_customers', 'transfer_from_minio_to_snowflake_accounts' retrieved from /opt/airflow/dags/transfer.py
[2026-03-19T00:41:56.421+0000] {logging_mixin.py:188} INFO - [2026-03-19T00:41:56.421+0000] {dag.py:3089} INFO - Sync 3 DAGs
[2026-03-19T00:41:56.441+0000] {logging_mixin.py:188} INFO - [2026-03-19T00:41:56.440+0000] {dag.py:3947} INFO - Setting next_dagrun for transfer_from_minio_to_snowflake_accounts to 2026-03-19 00:40:00+00:00, run_after=2026-03-19 00:41:00+00:00
[2026-03-19T00:41:56.444+0000] {logging_mixin.py:188} INFO - [2026-03-19T00:41:56.444+0000] {dag.py:3947} INFO - Setting next_dagrun for transfer_from_minio_to_snowflake_customers to 2026-03-19 00:40:00+00:00, run_after=2026-03-19 00:41:00+00:00
[2026-03-19T00:41:56.445+0000] {logging_mixin.py:188} INFO - [2026-03-19T00:41:56.445+0000] {dag.py:3947} INFO - Setting next_dagrun for transfer_from_minio_to_snowflake_transactions to 2026-03-19 00:40:00+00:00, run_after=2026-03-19 00:41:00+00:00
[2026-03-19T00:41:56.453+0000] {processor.py:183} INFO - Processing /opt/airflow/dags/transfer.py took 0.120 seconds
[2026-03-19T00:42:26.900+0000] {processor.py:161} INFO - Started process (PID=9627) to work on /opt/airflow/dags/transfer.py
[2026-03-19T00:42:26.903+0000] {processor.py:830} INFO - Processing file /opt/airflow/dags/transfer.py for tasks to queue
[2026-03-19T00:42:26.907+0000] {logging_mixin.py:188} INFO - [2026-03-19T00:42:26.906+0000] {dagbag.py:545} INFO - Filling up the DagBag from /opt/airflow/dags/transfer.py
[2026-03-19T00:42:26.944+0000] {processor.py:840} INFO - DAG(s) 'transfer_from_minio_to_snowflake_customers', 'transfer_from_minio_to_snowflake_transactions', 'transfer_from_minio_to_snowflake_accounts' retrieved from /opt/airflow/dags/transfer.py
[2026-03-19T00:42:26.978+0000] {logging_mixin.py:188} INFO - [2026-03-19T00:42:26.978+0000] {dag.py:3089} INFO - Sync 3 DAGs
[2026-03-19T00:42:26.994+0000] {logging_mixin.py:188} INFO - [2026-03-19T00:42:26.994+0000] {dag.py:3947} INFO - Setting next_dagrun for transfer_from_minio_to_snowflake_accounts to 2026-03-19 00:41:00+00:00, run_after=2026-03-19 00:42:00+00:00
[2026-03-19T00:42:26.997+0000] {logging_mixin.py:188} INFO - [2026-03-19T00:42:26.997+0000] {dag.py:3947} INFO - Setting next_dagrun for transfer_from_minio_to_snowflake_customers to 2026-03-19 00:41:00+00:00, run_after=2026-03-19 00:42:00+00:00
[2026-03-19T00:42:26.998+0000] {logging_mixin.py:188} INFO - [2026-03-19T00:42:26.998+0000] {dag.py:3947} INFO - Setting next_dagrun for transfer_from_minio_to_snowflake_transactions to 2026-03-19 00:41:00+00:00, run_after=2026-03-19 00:42:00+00:00
[2026-03-19T00:42:27.006+0000] {processor.py:183} INFO - Processing /opt/airflow/dags/transfer.py took 0.117 seconds
[2026-03-19T00:42:57.361+0000] {processor.py:161} INFO - Started process (PID=9629) to work on /opt/airflow/dags/transfer.py
[2026-03-19T00:42:57.364+0000] {processor.py:830} INFO - Processing file /opt/airflow/dags/transfer.py for tasks to queue
[2026-03-19T00:42:57.372+0000] {logging_mixin.py:188} INFO - [2026-03-19T00:42:57.371+0000] {dagbag.py:545} INFO - Filling up the DagBag from /opt/airflow/dags/transfer.py
[2026-03-19T00:42:57.404+0000] {processor.py:840} INFO - DAG(s) 'transfer_from_minio_to_snowflake_customers', 'transfer_from_minio_to_snowflake_transactions', 'transfer_from_minio_to_snowflake_accounts' retrieved from /opt/airflow/dags/transfer.py
[2026-03-19T00:42:57.452+0000] {logging_mixin.py:188} INFO - [2026-03-19T00:42:57.452+0000] {dag.py:3089} INFO - Sync 3 DAGs
[2026-03-19T00:42:57.474+0000] {logging_mixin.py:188} INFO - [2026-03-19T00:42:57.474+0000] {dag.py:3947} INFO - Setting next_dagrun for transfer_from_minio_to_snowflake_accounts to 2026-03-19 00:41:00+00:00, run_after=2026-03-19 00:42:00+00:00
[2026-03-19T00:42:57.477+0000] {logging_mixin.py:188} INFO - [2026-03-19T00:42:57.477+0000] {dag.py:3947} INFO - Setting next_dagrun for transfer_from_minio_to_snowflake_customers to 2026-03-19 00:41:00+00:00, run_after=2026-03-19 00:42:00+00:00
[2026-03-19T00:42:57.479+0000] {logging_mixin.py:188} INFO - [2026-03-19T00:42:57.479+0000] {dag.py:3947} INFO - Setting next_dagrun for transfer_from_minio_to_snowflake_transactions to 2026-03-19 00:41:00+00:00, run_after=2026-03-19 00:42:00+00:00
[2026-03-19T00:42:57.487+0000] {processor.py:183} INFO - Processing /opt/airflow/dags/transfer.py took 0.135 seconds
[2026-03-19T00:43:27.955+0000] {processor.py:161} INFO - Started process (PID=9631) to work on /opt/airflow/dags/transfer.py
[2026-03-19T00:43:27.957+0000] {processor.py:830} INFO - Processing file /opt/airflow/dags/transfer.py for tasks to queue
[2026-03-19T00:43:27.961+0000] {logging_mixin.py:188} INFO - [2026-03-19T00:43:27.960+0000] {dagbag.py:545} INFO - Filling up the DagBag from /opt/airflow/dags/transfer.py
[2026-03-19T00:43:27.998+0000] {processor.py:840} INFO - DAG(s) 'transfer_from_minio_to_snowflake_transactions', 'transfer_from_minio_to_snowflake_customers', 'transfer_from_minio_to_snowflake_accounts' retrieved from /opt/airflow/dags/transfer.py
[2026-03-19T00:43:28.035+0000] {logging_mixin.py:188} INFO - [2026-03-19T00:43:28.035+0000] {dag.py:3089} INFO - Sync 3 DAGs
[2026-03-19T00:43:28.051+0000] {logging_mixin.py:188} INFO - [2026-03-19T00:43:28.051+0000] {dag.py:3947} INFO - Setting next_dagrun for transfer_from_minio_to_snowflake_accounts to 2026-03-19 00:42:00+00:00, run_after=2026-03-19 00:43:00+00:00
[2026-03-19T00:43:28.054+0000] {logging_mixin.py:188} INFO - [2026-03-19T00:43:28.054+0000] {dag.py:3947} INFO - Setting next_dagrun for transfer_from_minio_to_snowflake_customers to 2026-03-19 00:42:00+00:00, run_after=2026-03-19 00:43:00+00:00
[2026-03-19T00:43:28.055+0000] {logging_mixin.py:188} INFO - [2026-03-19T00:43:28.055+0000] {dag.py:3947} INFO - Setting next_dagrun for transfer_from_minio_to_snowflake_transactions to 2026-03-19 00:42:00+00:00, run_after=2026-03-19 00:43:00+00:00
[2026-03-19T00:43:28.062+0000] {processor.py:183} INFO - Processing /opt/airflow/dags/transfer.py took 0.121 seconds
[2026-03-19T00:43:58.497+0000] {processor.py:161} INFO - Started process (PID=9633) to work on /opt/airflow/dags/transfer.py
[2026-03-19T00:43:58.498+0000] {processor.py:830} INFO - Processing file /opt/airflow/dags/transfer.py for tasks to queue
[2026-03-19T00:43:58.501+0000] {logging_mixin.py:188} INFO - [2026-03-19T00:43:58.501+0000] {dagbag.py:545} INFO - Filling up the DagBag from /opt/airflow/dags/transfer.py
[2026-03-19T00:43:58.535+0000] {processor.py:840} INFO - DAG(s) 'transfer_from_minio_to_snowflake_transactions', 'transfer_from_minio_to_snowflake_customers', 'transfer_from_minio_to_snowflake_accounts' retrieved from /opt/airflow/dags/transfer.py
[2026-03-19T00:43:58.568+0000] {logging_mixin.py:188} INFO - [2026-03-19T00:43:58.567+0000] {dag.py:3089} INFO - Sync 3 DAGs
[2026-03-19T00:43:58.584+0000] {logging_mixin.py:188} INFO - [2026-03-19T00:43:58.584+0000] {dag.py:3947} INFO - Setting next_dagrun for transfer_from_minio_to_snowflake_accounts to 2026-03-19 00:42:00+00:00, run_after=2026-03-19 00:43:00+00:00
[2026-03-19T00:43:58.587+0000] {logging_mixin.py:188} INFO - [2026-03-19T00:43:58.587+0000] {dag.py:3947} INFO - Setting next_dagrun for transfer_from_minio_to_snowflake_customers to 2026-03-19 00:42:00+00:00, run_after=2026-03-19 00:43:00+00:00
[2026-03-19T00:43:58.588+0000] {logging_mixin.py:188} INFO - [2026-03-19T00:43:58.588+0000] {dag.py:3947} INFO - Setting next_dagrun for transfer_from_minio_to_snowflake_transactions to 2026-03-19 00:42:00+00:00, run_after=2026-03-19 00:43:00+00:00
[2026-03-19T00:43:58.597+0000] {processor.py:183} INFO - Processing /opt/airflow/dags/transfer.py took 0.109 seconds
[2026-03-19T00:44:28.986+0000] {processor.py:161} INFO - Started process (PID=9635) to work on /opt/airflow/dags/transfer.py
[2026-03-19T00:44:28.988+0000] {processor.py:830} INFO - Processing file /opt/airflow/dags/transfer.py for tasks to queue
[2026-03-19T00:44:28.989+0000] {logging_mixin.py:188} INFO - [2026-03-19T00:44:28.989+0000] {dagbag.py:545} INFO - Filling up the DagBag from /opt/airflow/dags/transfer.py
[2026-03-19T00:44:29.025+0000] {processor.py:840} INFO - DAG(s) 'transfer_from_minio_to_snowflake_customers', 'transfer_from_minio_to_snowflake_transactions', 'transfer_from_minio_to_snowflake_accounts' retrieved from /opt/airflow/dags/transfer.py
[2026-03-19T00:44:29.060+0000] {logging_mixin.py:188} INFO - [2026-03-19T00:44:29.060+0000] {dag.py:3089} INFO - Sync 3 DAGs
[2026-03-19T00:44:29.078+0000] {logging_mixin.py:188} INFO - [2026-03-19T00:44:29.078+0000] {dag.py:3947} INFO - Setting next_dagrun for transfer_from_minio_to_snowflake_accounts to 2026-03-19 00:43:00+00:00, run_after=2026-03-19 00:44:00+00:00
[2026-03-19T00:44:29.081+0000] {logging_mixin.py:188} INFO - [2026-03-19T00:44:29.081+0000] {dag.py:3947} INFO - Setting next_dagrun for transfer_from_minio_to_snowflake_customers to 2026-03-19 00:43:00+00:00, run_after=2026-03-19 00:44:00+00:00
[2026-03-19T00:44:29.082+0000] {logging_mixin.py:188} INFO - [2026-03-19T00:44:29.082+0000] {dag.py:3947} INFO - Setting next_dagrun for transfer_from_minio_to_snowflake_transactions to 2026-03-19 00:43:00+00:00, run_after=2026-03-19 00:44:00+00:00
[2026-03-19T00:44:29.091+0000] {processor.py:183} INFO - Processing /opt/airflow/dags/transfer.py took 0.116 seconds
[2026-03-19T00:44:59.564+0000] {processor.py:161} INFO - Started process (PID=9637) to work on /opt/airflow/dags/transfer.py
[2026-03-19T00:44:59.566+0000] {processor.py:830} INFO - Processing file /opt/airflow/dags/transfer.py for tasks to queue
[2026-03-19T00:44:59.570+0000] {logging_mixin.py:188} INFO - [2026-03-19T00:44:59.569+0000] {dagbag.py:545} INFO - Filling up the DagBag from /opt/airflow/dags/transfer.py
[2026-03-19T00:44:59.608+0000] {processor.py:840} INFO - DAG(s) 'transfer_from_minio_to_snowflake_customers', 'transfer_from_minio_to_snowflake_accounts', 'transfer_from_minio_to_snowflake_transactions' retrieved from /opt/airflow/dags/transfer.py
[2026-03-19T00:44:59.641+0000] {logging_mixin.py:188} INFO - [2026-03-19T00:44:59.640+0000] {dag.py:3089} INFO - Sync 3 DAGs
[2026-03-19T00:44:59.660+0000] {logging_mixin.py:188} INFO - [2026-03-19T00:44:59.660+0000] {dag.py:3947} INFO - Setting next_dagrun for transfer_from_minio_to_snowflake_accounts to 2026-03-19 00:43:00+00:00, run_after=2026-03-19 00:44:00+00:00
[2026-03-19T00:44:59.663+0000] {logging_mixin.py:188} INFO - [2026-03-19T00:44:59.662+0000] {dag.py:3947} INFO - Setting next_dagrun for transfer_from_minio_to_snowflake_customers to 2026-03-19 00:43:00+00:00, run_after=2026-03-19 00:44:00+00:00
[2026-03-19T00:44:59.664+0000] {logging_mixin.py:188} INFO - [2026-03-19T00:44:59.664+0000] {dag.py:3947} INFO - Setting next_dagrun for transfer_from_minio_to_snowflake_transactions to 2026-03-19 00:43:00+00:00, run_after=2026-03-19 00:44:00+00:00
[2026-03-19T00:44:59.674+0000] {processor.py:183} INFO - Processing /opt/airflow/dags/transfer.py took 0.121 seconds
[2026-03-19T00:45:30.208+0000] {processor.py:161} INFO - Started process (PID=9639) to work on /opt/airflow/dags/transfer.py
[2026-03-19T00:45:30.213+0000] {processor.py:830} INFO - Processing file /opt/airflow/dags/transfer.py for tasks to queue
[2026-03-19T00:45:30.216+0000] {logging_mixin.py:188} INFO - [2026-03-19T00:45:30.215+0000] {dagbag.py:545} INFO - Filling up the DagBag from /opt/airflow/dags/transfer.py
[2026-03-19T00:45:30.253+0000] {processor.py:840} INFO - DAG(s) 'transfer_from_minio_to_snowflake_customers', 'transfer_from_minio_to_snowflake_accounts', 'transfer_from_minio_to_snowflake_transactions' retrieved from /opt/airflow/dags/transfer.py
[2026-03-19T00:45:30.291+0000] {logging_mixin.py:188} INFO - [2026-03-19T00:45:30.290+0000] {dag.py:3089} INFO - Sync 3 DAGs
[2026-03-19T00:45:30.304+0000] {logging_mixin.py:188} INFO - [2026-03-19T00:45:30.304+0000] {dag.py:3947} INFO - Setting next_dagrun for transfer_from_minio_to_snowflake_accounts to 2026-03-19 00:44:00+00:00, run_after=2026-03-19 00:45:00+00:00
[2026-03-19T00:45:30.307+0000] {logging_mixin.py:188} INFO - [2026-03-19T00:45:30.307+0000] {dag.py:3947} INFO - Setting next_dagrun for transfer_from_minio_to_snowflake_customers to 2026-03-19 00:44:00+00:00, run_after=2026-03-19 00:45:00+00:00
[2026-03-19T00:45:30.308+0000] {logging_mixin.py:188} INFO - [2026-03-19T00:45:30.308+0000] {dag.py:3947} INFO - Setting next_dagrun for transfer_from_minio_to_snowflake_transactions to 2026-03-19 00:44:00+00:00, run_after=2026-03-19 00:45:00+00:00
[2026-03-19T00:45:30.316+0000] {processor.py:183} INFO - Processing /opt/airflow/dags/transfer.py took 0.120 seconds
[2026-03-19T00:46:00.741+0000] {processor.py:161} INFO - Started process (PID=9641) to work on /opt/airflow/dags/transfer.py
[2026-03-19T00:46:00.745+0000] {processor.py:830} INFO - Processing file /opt/airflow/dags/transfer.py for tasks to queue
[2026-03-19T00:46:00.748+0000] {logging_mixin.py:188} INFO - [2026-03-19T00:46:00.747+0000] {dagbag.py:545} INFO - Filling up the DagBag from /opt/airflow/dags/transfer.py
[2026-03-19T00:46:00.792+0000] {processor.py:840} INFO - DAG(s) 'transfer_from_minio_to_snowflake_accounts', 'transfer_from_minio_to_snowflake_transactions', 'transfer_from_minio_to_snowflake_customers' retrieved from /opt/airflow/dags/transfer.py
[2026-03-19T00:46:00.827+0000] {logging_mixin.py:188} INFO - [2026-03-19T00:46:00.826+0000] {dag.py:3089} INFO - Sync 3 DAGs
[2026-03-19T00:46:00.841+0000] {logging_mixin.py:188} INFO - [2026-03-19T00:46:00.841+0000] {dag.py:3947} INFO - Setting next_dagrun for transfer_from_minio_to_snowflake_accounts to 2026-03-19 00:45:00+00:00, run_after=2026-03-19 00:46:00+00:00
[2026-03-19T00:46:00.844+0000] {logging_mixin.py:188} INFO - [2026-03-19T00:46:00.844+0000] {dag.py:3947} INFO - Setting next_dagrun for transfer_from_minio_to_snowflake_customers to 2026-03-19 00:45:00+00:00, run_after=2026-03-19 00:46:00+00:00
[2026-03-19T00:46:00.846+0000] {logging_mixin.py:188} INFO - [2026-03-19T00:46:00.846+0000] {dag.py:3947} INFO - Setting next_dagrun for transfer_from_minio_to_snowflake_transactions to 2026-03-19 00:45:00+00:00, run_after=2026-03-19 00:46:00+00:00
[2026-03-19T00:46:00.853+0000] {processor.py:183} INFO - Processing /opt/airflow/dags/transfer.py took 0.119 seconds
[2026-03-19T00:46:31.229+0000] {processor.py:161} INFO - Started process (PID=9643) to work on /opt/airflow/dags/transfer.py
[2026-03-19T00:46:31.231+0000] {processor.py:830} INFO - Processing file /opt/airflow/dags/transfer.py for tasks to queue
[2026-03-19T00:46:31.234+0000] {logging_mixin.py:188} INFO - [2026-03-19T00:46:31.233+0000] {dagbag.py:545} INFO - Filling up the DagBag from /opt/airflow/dags/transfer.py
[2026-03-19T00:46:31.273+0000] {processor.py:840} INFO - DAG(s) 'transfer_from_minio_to_snowflake_customers', 'transfer_from_minio_to_snowflake_accounts', 'transfer_from_minio_to_snowflake_transactions' retrieved from /opt/airflow/dags/transfer.py
[2026-03-19T00:46:31.312+0000] {logging_mixin.py:188} INFO - [2026-03-19T00:46:31.312+0000] {dag.py:3089} INFO - Sync 3 DAGs
[2026-03-19T00:46:31.327+0000] {logging_mixin.py:188} INFO - [2026-03-19T00:46:31.327+0000] {dag.py:3947} INFO - Setting next_dagrun for transfer_from_minio_to_snowflake_accounts to 2026-03-19 00:45:00+00:00, run_after=2026-03-19 00:46:00+00:00
[2026-03-19T00:46:31.330+0000] {logging_mixin.py:188} INFO - [2026-03-19T00:46:31.330+0000] {dag.py:3947} INFO - Setting next_dagrun for transfer_from_minio_to_snowflake_customers to 2026-03-19 00:45:00+00:00, run_after=2026-03-19 00:46:00+00:00
[2026-03-19T00:46:31.331+0000] {logging_mixin.py:188} INFO - [2026-03-19T00:46:31.331+0000] {dag.py:3947} INFO - Setting next_dagrun for transfer_from_minio_to_snowflake_transactions to 2026-03-19 00:45:00+00:00, run_after=2026-03-19 00:46:00+00:00
[2026-03-19T00:46:31.340+0000] {processor.py:183} INFO - Processing /opt/airflow/dags/transfer.py took 0.118 seconds
[2026-03-19T00:47:01.832+0000] {processor.py:161} INFO - Started process (PID=9645) to work on /opt/airflow/dags/transfer.py
[2026-03-19T00:47:01.838+0000] {processor.py:830} INFO - Processing file /opt/airflow/dags/transfer.py for tasks to queue
[2026-03-19T00:47:01.843+0000] {logging_mixin.py:188} INFO - [2026-03-19T00:47:01.842+0000] {dagbag.py:545} INFO - Filling up the DagBag from /opt/airflow/dags/transfer.py
[2026-03-19T00:47:01.883+0000] {processor.py:840} INFO - DAG(s) 'transfer_from_minio_to_snowflake_accounts', 'transfer_from_minio_to_snowflake_customers', 'transfer_from_minio_to_snowflake_transactions' retrieved from /opt/airflow/dags/transfer.py
[2026-03-19T00:47:01.922+0000] {logging_mixin.py:188} INFO - [2026-03-19T00:47:01.921+0000] {dag.py:3089} INFO - Sync 3 DAGs
[2026-03-19T00:47:01.939+0000] {logging_mixin.py:188} INFO - [2026-03-19T00:47:01.939+0000] {dag.py:3947} INFO - Setting next_dagrun for transfer_from_minio_to_snowflake_accounts to 2026-03-19 00:46:00+00:00, run_after=2026-03-19 00:47:00+00:00
[2026-03-19T00:47:01.942+0000] {logging_mixin.py:188} INFO - [2026-03-19T00:47:01.942+0000] {dag.py:3947} INFO - Setting next_dagrun for transfer_from_minio_to_snowflake_customers to 2026-03-19 00:46:00+00:00, run_after=2026-03-19 00:47:00+00:00
[2026-03-19T00:47:01.943+0000] {logging_mixin.py:188} INFO - [2026-03-19T00:47:01.943+0000] {dag.py:3947} INFO - Setting next_dagrun for transfer_from_minio_to_snowflake_transactions to 2026-03-19 00:46:00+00:00, run_after=2026-03-19 00:47:00+00:00
[2026-03-19T00:47:01.953+0000] {processor.py:183} INFO - Processing /opt/airflow/dags/transfer.py took 0.136 seconds
[2026-03-19T00:47:32.449+0000] {processor.py:161} INFO - Started process (PID=9647) to work on /opt/airflow/dags/transfer.py
[2026-03-19T00:47:32.450+0000] {processor.py:830} INFO - Processing file /opt/airflow/dags/transfer.py for tasks to queue
[2026-03-19T00:47:32.453+0000] {logging_mixin.py:188} INFO - [2026-03-19T00:47:32.453+0000] {dagbag.py:545} INFO - Filling up the DagBag from /opt/airflow/dags/transfer.py
[2026-03-19T00:47:32.493+0000] {processor.py:840} INFO - DAG(s) 'transfer_from_minio_to_snowflake_accounts', 'transfer_from_minio_to_snowflake_customers', 'transfer_from_minio_to_snowflake_transactions' retrieved from /opt/airflow/dags/transfer.py
[2026-03-19T00:47:32.537+0000] {logging_mixin.py:188} INFO - [2026-03-19T00:47:32.536+0000] {dag.py:3089} INFO - Sync 3 DAGs
[2026-03-19T00:47:32.554+0000] {logging_mixin.py:188} INFO - [2026-03-19T00:47:32.554+0000] {dag.py:3947} INFO - Setting next_dagrun for transfer_from_minio_to_snowflake_accounts to 2026-03-19 00:46:00+00:00, run_after=2026-03-19 00:47:00+00:00
[2026-03-19T00:47:32.557+0000] {logging_mixin.py:188} INFO - [2026-03-19T00:47:32.557+0000] {dag.py:3947} INFO - Setting next_dagrun for transfer_from_minio_to_snowflake_customers to 2026-03-19 00:46:00+00:00, run_after=2026-03-19 00:47:00+00:00
[2026-03-19T00:47:32.558+0000] {logging_mixin.py:188} INFO - [2026-03-19T00:47:32.558+0000] {dag.py:3947} INFO - Setting next_dagrun for transfer_from_minio_to_snowflake_transactions to 2026-03-19 00:46:00+00:00, run_after=2026-03-19 00:47:00+00:00
[2026-03-19T00:47:32.565+0000] {processor.py:183} INFO - Processing /opt/airflow/dags/transfer.py took 0.131 seconds
[2026-03-19T00:48:03.074+0000] {processor.py:161} INFO - Started process (PID=9649) to work on /opt/airflow/dags/transfer.py
[2026-03-19T00:48:03.076+0000] {processor.py:830} INFO - Processing file /opt/airflow/dags/transfer.py for tasks to queue
[2026-03-19T00:48:03.087+0000] {logging_mixin.py:188} INFO - [2026-03-19T00:48:03.087+0000] {dagbag.py:545} INFO - Filling up the DagBag from /opt/airflow/dags/transfer.py
[2026-03-19T00:48:03.117+0000] {processor.py:840} INFO - DAG(s) 'transfer_from_minio_to_snowflake_customers', 'transfer_from_minio_to_snowflake_accounts', 'transfer_from_minio_to_snowflake_transactions' retrieved from /opt/airflow/dags/transfer.py
[2026-03-19T00:48:03.153+0000] {logging_mixin.py:188} INFO - [2026-03-19T00:48:03.153+0000] {dag.py:3089} INFO - Sync 3 DAGs
[2026-03-19T00:48:03.166+0000] {logging_mixin.py:188} INFO - [2026-03-19T00:48:03.166+0000] {dag.py:3947} INFO - Setting next_dagrun for transfer_from_minio_to_snowflake_accounts to 2026-03-19 00:47:00+00:00, run_after=2026-03-19 00:48:00+00:00
[2026-03-19T00:48:03.169+0000] {logging_mixin.py:188} INFO - [2026-03-19T00:48:03.169+0000] {dag.py:3947} INFO - Setting next_dagrun for transfer_from_minio_to_snowflake_customers to 2026-03-19 00:47:00+00:00, run_after=2026-03-19 00:48:00+00:00
[2026-03-19T00:48:03.170+0000] {logging_mixin.py:188} INFO - [2026-03-19T00:48:03.170+0000] {dag.py:3947} INFO - Setting next_dagrun for transfer_from_minio_to_snowflake_transactions to 2026-03-19 00:47:00+00:00, run_after=2026-03-19 00:48:00+00:00
[2026-03-19T00:48:03.178+0000] {processor.py:183} INFO - Processing /opt/airflow/dags/transfer.py took 0.114 seconds
[2026-03-19T00:48:33.700+0000] {processor.py:161} INFO - Started process (PID=9651) to work on /opt/airflow/dags/transfer.py
[2026-03-19T00:48:33.702+0000] {processor.py:830} INFO - Processing file /opt/airflow/dags/transfer.py for tasks to queue
[2026-03-19T00:48:33.705+0000] {logging_mixin.py:188} INFO - [2026-03-19T00:48:33.704+0000] {dagbag.py:545} INFO - Filling up the DagBag from /opt/airflow/dags/transfer.py
[2026-03-19T00:48:33.744+0000] {processor.py:840} INFO - DAG(s) 'transfer_from_minio_to_snowflake_accounts', 'transfer_from_minio_to_snowflake_transactions', 'transfer_from_minio_to_snowflake_customers' retrieved from /opt/airflow/dags/transfer.py
[2026-03-19T00:48:33.775+0000] {logging_mixin.py:188} INFO - [2026-03-19T00:48:33.775+0000] {dag.py:3089} INFO - Sync 3 DAGs
[2026-03-19T00:48:33.789+0000] {logging_mixin.py:188} INFO - [2026-03-19T00:48:33.789+0000] {dag.py:3947} INFO - Setting next_dagrun for transfer_from_minio_to_snowflake_accounts to 2026-03-19 00:47:00+00:00, run_after=2026-03-19 00:48:00+00:00
[2026-03-19T00:48:33.791+0000] {logging_mixin.py:188} INFO - [2026-03-19T00:48:33.791+0000] {dag.py:3947} INFO - Setting next_dagrun for transfer_from_minio_to_snowflake_customers to 2026-03-19 00:47:00+00:00, run_after=2026-03-19 00:48:00+00:00
[2026-03-19T00:48:33.793+0000] {logging_mixin.py:188} INFO - [2026-03-19T00:48:33.793+0000] {dag.py:3947} INFO - Setting next_dagrun for transfer_from_minio_to_snowflake_transactions to 2026-03-19 00:47:00+00:00, run_after=2026-03-19 00:48:00+00:00
[2026-03-19T00:48:33.800+0000] {processor.py:183} INFO - Processing /opt/airflow/dags/transfer.py took 0.110 seconds
[2026-03-19T00:49:04.372+0000] {processor.py:161} INFO - Started process (PID=9653) to work on /opt/airflow/dags/transfer.py
[2026-03-19T00:49:04.373+0000] {processor.py:830} INFO - Processing file /opt/airflow/dags/transfer.py for tasks to queue
[2026-03-19T00:49:04.375+0000] {logging_mixin.py:188} INFO - [2026-03-19T00:49:04.374+0000] {dagbag.py:545} INFO - Filling up the DagBag from /opt/airflow/dags/transfer.py
[2026-03-19T00:49:04.413+0000] {processor.py:840} INFO - DAG(s) 'transfer_from_minio_to_snowflake_customers', 'transfer_from_minio_to_snowflake_transactions', 'transfer_from_minio_to_snowflake_accounts' retrieved from /opt/airflow/dags/transfer.py
[2026-03-19T00:49:04.446+0000] {logging_mixin.py:188} INFO - [2026-03-19T00:49:04.446+0000] {dag.py:3089} INFO - Sync 3 DAGs
[2026-03-19T00:49:04.471+0000] {logging_mixin.py:188} INFO - [2026-03-19T00:49:04.471+0000] {dag.py:3947} INFO - Setting next_dagrun for transfer_from_minio_to_snowflake_accounts to 2026-03-19 00:48:00+00:00, run_after=2026-03-19 00:49:00+00:00
[2026-03-19T00:49:04.474+0000] {logging_mixin.py:188} INFO - [2026-03-19T00:49:04.474+0000] {dag.py:3947} INFO - Setting next_dagrun for transfer_from_minio_to_snowflake_customers to 2026-03-19 00:48:00+00:00, run_after=2026-03-19 00:49:00+00:00
[2026-03-19T00:49:04.476+0000] {logging_mixin.py:188} INFO - [2026-03-19T00:49:04.476+0000] {dag.py:3947} INFO - Setting next_dagrun for transfer_from_minio_to_snowflake_transactions to 2026-03-19 00:48:00+00:00, run_after=2026-03-19 00:49:00+00:00
[2026-03-19T00:49:04.486+0000] {processor.py:183} INFO - Processing /opt/airflow/dags/transfer.py took 0.126 seconds
[2026-03-19T00:49:35.037+0000] {processor.py:161} INFO - Started process (PID=9655) to work on /opt/airflow/dags/transfer.py
[2026-03-19T00:49:35.039+0000] {processor.py:830} INFO - Processing file /opt/airflow/dags/transfer.py for tasks to queue
[2026-03-19T00:49:35.045+0000] {logging_mixin.py:188} INFO - [2026-03-19T00:49:35.044+0000] {dagbag.py:545} INFO - Filling up the DagBag from /opt/airflow/dags/transfer.py
[2026-03-19T00:49:35.085+0000] {processor.py:840} INFO - DAG(s) 'transfer_from_minio_to_snowflake_accounts', 'transfer_from_minio_to_snowflake_customers', 'transfer_from_minio_to_snowflake_transactions' retrieved from /opt/airflow/dags/transfer.py
[2026-03-19T00:49:35.136+0000] {logging_mixin.py:188} INFO - [2026-03-19T00:49:35.135+0000] {dag.py:3089} INFO - Sync 3 DAGs
[2026-03-19T00:49:35.149+0000] {logging_mixin.py:188} INFO - [2026-03-19T00:49:35.149+0000] {dag.py:3947} INFO - Setting next_dagrun for transfer_from_minio_to_snowflake_accounts to 2026-03-19 00:48:00+00:00, run_after=2026-03-19 00:49:00+00:00
[2026-03-19T00:49:35.152+0000] {logging_mixin.py:188} INFO - [2026-03-19T00:49:35.152+0000] {dag.py:3947} INFO - Setting next_dagrun for transfer_from_minio_to_snowflake_customers to 2026-03-19 00:48:00+00:00, run_after=2026-03-19 00:49:00+00:00
[2026-03-19T00:49:35.153+0000] {logging_mixin.py:188} INFO - [2026-03-19T00:49:35.153+0000] {dag.py:3947} INFO - Setting next_dagrun for transfer_from_minio_to_snowflake_transactions to 2026-03-19 00:48:00+00:00, run_after=2026-03-19 00:49:00+00:00
[2026-03-19T00:49:35.160+0000] {processor.py:183} INFO - Processing /opt/airflow/dags/transfer.py took 0.135 seconds
[2026-03-19T00:50:05.631+0000] {processor.py:161} INFO - Started process (PID=9657) to work on /opt/airflow/dags/transfer.py
[2026-03-19T00:50:05.633+0000] {processor.py:830} INFO - Processing file /opt/airflow/dags/transfer.py for tasks to queue
[2026-03-19T00:50:05.636+0000] {logging_mixin.py:188} INFO - [2026-03-19T00:50:05.636+0000] {dagbag.py:545} INFO - Filling up the DagBag from /opt/airflow/dags/transfer.py
[2026-03-19T00:50:05.677+0000] {processor.py:840} INFO - DAG(s) 'transfer_from_minio_to_snowflake_customers', 'transfer_from_minio_to_snowflake_transactions', 'transfer_from_minio_to_snowflake_accounts' retrieved from /opt/airflow/dags/transfer.py
[2026-03-19T00:50:05.727+0000] {logging_mixin.py:188} INFO - [2026-03-19T00:50:05.727+0000] {dag.py:3089} INFO - Sync 3 DAGs
[2026-03-19T00:50:05.744+0000] {logging_mixin.py:188} INFO - [2026-03-19T00:50:05.744+0000] {dag.py:3947} INFO - Setting next_dagrun for transfer_from_minio_to_snowflake_accounts to 2026-03-19 00:49:00+00:00, run_after=2026-03-19 00:50:00+00:00
[2026-03-19T00:50:05.747+0000] {logging_mixin.py:188} INFO - [2026-03-19T00:50:05.747+0000] {dag.py:3947} INFO - Setting next_dagrun for transfer_from_minio_to_snowflake_customers to 2026-03-19 00:49:00+00:00, run_after=2026-03-19 00:50:00+00:00
[2026-03-19T00:50:05.749+0000] {logging_mixin.py:188} INFO - [2026-03-19T00:50:05.749+0000] {dag.py:3947} INFO - Setting next_dagrun for transfer_from_minio_to_snowflake_transactions to 2026-03-19 00:49:00+00:00, run_after=2026-03-19 00:50:00+00:00
[2026-03-19T00:50:05.756+0000] {processor.py:183} INFO - Processing /opt/airflow/dags/transfer.py took 0.137 seconds
[2026-03-19T00:50:36.272+0000] {processor.py:161} INFO - Started process (PID=9659) to work on /opt/airflow/dags/transfer.py
[2026-03-19T00:50:36.275+0000] {processor.py:830} INFO - Processing file /opt/airflow/dags/transfer.py for tasks to queue
[2026-03-19T00:50:36.278+0000] {logging_mixin.py:188} INFO - [2026-03-19T00:50:36.278+0000] {dagbag.py:545} INFO - Filling up the DagBag from /opt/airflow/dags/transfer.py
[2026-03-19T00:50:36.310+0000] {processor.py:840} INFO - DAG(s) 'transfer_from_minio_to_snowflake_customers', 'transfer_from_minio_to_snowflake_accounts', 'transfer_from_minio_to_snowflake_transactions' retrieved from /opt/airflow/dags/transfer.py
[2026-03-19T00:50:36.347+0000] {logging_mixin.py:188} INFO - [2026-03-19T00:50:36.347+0000] {dag.py:3089} INFO - Sync 3 DAGs
[2026-03-19T00:50:36.364+0000] {logging_mixin.py:188} INFO - [2026-03-19T00:50:36.364+0000] {dag.py:3947} INFO - Setting next_dagrun for transfer_from_minio_to_snowflake_accounts to 2026-03-19 00:49:00+00:00, run_after=2026-03-19 00:50:00+00:00
[2026-03-19T00:50:36.367+0000] {logging_mixin.py:188} INFO - [2026-03-19T00:50:36.367+0000] {dag.py:3947} INFO - Setting next_dagrun for transfer_from_minio_to_snowflake_customers to 2026-03-19 00:49:00+00:00, run_after=2026-03-19 00:50:00+00:00
[2026-03-19T00:50:36.368+0000] {logging_mixin.py:188} INFO - [2026-03-19T00:50:36.368+0000] {dag.py:3947} INFO - Setting next_dagrun for transfer_from_minio_to_snowflake_transactions to 2026-03-19 00:49:00+00:00, run_after=2026-03-19 00:50:00+00:00
[2026-03-19T00:50:36.375+0000] {processor.py:183} INFO - Processing /opt/airflow/dags/transfer.py took 0.115 seconds
[2026-03-19T00:51:06.905+0000] {processor.py:161} INFO - Started process (PID=9661) to work on /opt/airflow/dags/transfer.py
[2026-03-19T00:51:06.907+0000] {processor.py:830} INFO - Processing file /opt/airflow/dags/transfer.py for tasks to queue
[2026-03-19T00:51:06.911+0000] {logging_mixin.py:188} INFO - [2026-03-19T00:51:06.910+0000] {dagbag.py:545} INFO - Filling up the DagBag from /opt/airflow/dags/transfer.py
[2026-03-19T00:51:06.955+0000] {processor.py:840} INFO - DAG(s) 'transfer_from_minio_to_snowflake_accounts', 'transfer_from_minio_to_snowflake_customers', 'transfer_from_minio_to_snowflake_transactions' retrieved from /opt/airflow/dags/transfer.py
[2026-03-19T00:51:06.986+0000] {logging_mixin.py:188} INFO - [2026-03-19T00:51:06.985+0000] {dag.py:3089} INFO - Sync 3 DAGs
[2026-03-19T00:51:07.003+0000] {logging_mixin.py:188} INFO - [2026-03-19T00:51:07.003+0000] {dag.py:3947} INFO - Setting next_dagrun for transfer_from_minio_to_snowflake_accounts to 2026-03-19 00:50:00+00:00, run_after=2026-03-19 00:51:00+00:00
[2026-03-19T00:51:07.006+0000] {logging_mixin.py:188} INFO - [2026-03-19T00:51:07.006+0000] {dag.py:3947} INFO - Setting next_dagrun for transfer_from_minio_to_snowflake_customers to 2026-03-19 00:50:00+00:00, run_after=2026-03-19 00:51:00+00:00
[2026-03-19T00:51:07.008+0000] {logging_mixin.py:188} INFO - [2026-03-19T00:51:07.008+0000] {dag.py:3947} INFO - Setting next_dagrun for transfer_from_minio_to_snowflake_transactions to 2026-03-19 00:50:00+00:00, run_after=2026-03-19 00:51:00+00:00
[2026-03-19T00:51:07.016+0000] {processor.py:183} INFO - Processing /opt/airflow/dags/transfer.py took 0.122 seconds
[2026-03-19T00:51:37.474+0000] {processor.py:161} INFO - Started process (PID=9663) to work on /opt/airflow/dags/transfer.py
[2026-03-19T00:51:37.475+0000] {processor.py:830} INFO - Processing file /opt/airflow/dags/transfer.py for tasks to queue
[2026-03-19T00:51:37.479+0000] {logging_mixin.py:188} INFO - [2026-03-19T00:51:37.478+0000] {dagbag.py:545} INFO - Filling up the DagBag from /opt/airflow/dags/transfer.py
[2026-03-19T00:51:37.515+0000] {processor.py:840} INFO - DAG(s) 'transfer_from_minio_to_snowflake_customers', 'transfer_from_minio_to_snowflake_transactions', 'transfer_from_minio_to_snowflake_accounts' retrieved from /opt/airflow/dags/transfer.py
[2026-03-19T00:51:37.549+0000] {logging_mixin.py:188} INFO - [2026-03-19T00:51:37.549+0000] {dag.py:3089} INFO - Sync 3 DAGs
[2026-03-19T00:51:37.564+0000] {logging_mixin.py:188} INFO - [2026-03-19T00:51:37.564+0000] {dag.py:3947} INFO - Setting next_dagrun for transfer_from_minio_to_snowflake_accounts to 2026-03-19 00:50:00+00:00, run_after=2026-03-19 00:51:00+00:00
[2026-03-19T00:51:37.569+0000] {logging_mixin.py:188} INFO - [2026-03-19T00:51:37.568+0000] {dag.py:3947} INFO - Setting next_dagrun for transfer_from_minio_to_snowflake_customers to 2026-03-19 00:50:00+00:00, run_after=2026-03-19 00:51:00+00:00
[2026-03-19T00:51:37.571+0000] {logging_mixin.py:188} INFO - [2026-03-19T00:51:37.571+0000] {dag.py:3947} INFO - Setting next_dagrun for transfer_from_minio_to_snowflake_transactions to 2026-03-19 00:50:00+00:00, run_after=2026-03-19 00:51:00+00:00
[2026-03-19T00:51:37.581+0000] {processor.py:183} INFO - Processing /opt/airflow/dags/transfer.py took 0.117 seconds
[2026-03-19T00:52:08.108+0000] {processor.py:161} INFO - Started process (PID=9665) to work on /opt/airflow/dags/transfer.py
[2026-03-19T00:52:08.111+0000] {processor.py:830} INFO - Processing file /opt/airflow/dags/transfer.py for tasks to queue
[2026-03-19T00:52:08.117+0000] {logging_mixin.py:188} INFO - [2026-03-19T00:52:08.116+0000] {dagbag.py:545} INFO - Filling up the DagBag from /opt/airflow/dags/transfer.py
[2026-03-19T00:52:08.156+0000] {processor.py:840} INFO - DAG(s) 'transfer_from_minio_to_snowflake_transactions', 'transfer_from_minio_to_snowflake_accounts', 'transfer_from_minio_to_snowflake_customers' retrieved from /opt/airflow/dags/transfer.py
[2026-03-19T00:52:08.187+0000] {logging_mixin.py:188} INFO - [2026-03-19T00:52:08.187+0000] {dag.py:3089} INFO - Sync 3 DAGs
[2026-03-19T00:52:08.203+0000] {logging_mixin.py:188} INFO - [2026-03-19T00:52:08.203+0000] {dag.py:3947} INFO - Setting next_dagrun for transfer_from_minio_to_snowflake_accounts to 2026-03-19 00:51:00+00:00, run_after=2026-03-19 00:52:00+00:00
[2026-03-19T00:52:08.206+0000] {logging_mixin.py:188} INFO - [2026-03-19T00:52:08.206+0000] {dag.py:3947} INFO - Setting next_dagrun for transfer_from_minio_to_snowflake_customers to 2026-03-19 00:51:00+00:00, run_after=2026-03-19 00:52:00+00:00
[2026-03-19T00:52:08.207+0000] {logging_mixin.py:188} INFO - [2026-03-19T00:52:08.207+0000] {dag.py:3947} INFO - Setting next_dagrun for transfer_from_minio_to_snowflake_transactions to 2026-03-19 00:51:00+00:00, run_after=2026-03-19 00:52:00+00:00
[2026-03-19T00:52:08.214+0000] {processor.py:183} INFO - Processing /opt/airflow/dags/transfer.py took 0.118 seconds
[2026-03-19T00:52:38.705+0000] {processor.py:161} INFO - Started process (PID=9667) to work on /opt/airflow/dags/transfer.py
[2026-03-19T00:52:38.706+0000] {processor.py:830} INFO - Processing file /opt/airflow/dags/transfer.py for tasks to queue
[2026-03-19T00:52:38.711+0000] {logging_mixin.py:188} INFO - [2026-03-19T00:52:38.711+0000] {dagbag.py:545} INFO - Filling up the DagBag from /opt/airflow/dags/transfer.py
[2026-03-19T00:52:38.745+0000] {processor.py:840} INFO - DAG(s) 'transfer_from_minio_to_snowflake_accounts', 'transfer_from_minio_to_snowflake_customers', 'transfer_from_minio_to_snowflake_transactions' retrieved from /opt/airflow/dags/transfer.py
[2026-03-19T00:52:38.781+0000] {logging_mixin.py:188} INFO - [2026-03-19T00:52:38.781+0000] {dag.py:3089} INFO - Sync 3 DAGs
[2026-03-19T00:52:38.798+0000] {logging_mixin.py:188} INFO - [2026-03-19T00:52:38.798+0000] {dag.py:3947} INFO - Setting next_dagrun for transfer_from_minio_to_snowflake_accounts to 2026-03-19 00:51:00+00:00, run_after=2026-03-19 00:52:00+00:00
[2026-03-19T00:52:38.801+0000] {logging_mixin.py:188} INFO - [2026-03-19T00:52:38.801+0000] {dag.py:3947} INFO - Setting next_dagrun for transfer_from_minio_to_snowflake_customers to 2026-03-19 00:51:00+00:00, run_after=2026-03-19 00:52:00+00:00
[2026-03-19T00:52:38.802+0000] {logging_mixin.py:188} INFO - [2026-03-19T00:52:38.802+0000] {dag.py:3947} INFO - Setting next_dagrun for transfer_from_minio_to_snowflake_transactions to 2026-03-19 00:51:00+00:00, run_after=2026-03-19 00:52:00+00:00
[2026-03-19T00:52:38.809+0000] {processor.py:183} INFO - Processing /opt/airflow/dags/transfer.py took 0.116 seconds
[2026-03-19T00:53:09.389+0000] {processor.py:161} INFO - Started process (PID=9669) to work on /opt/airflow/dags/transfer.py
[2026-03-19T00:53:09.391+0000] {processor.py:830} INFO - Processing file /opt/airflow/dags/transfer.py for tasks to queue
[2026-03-19T00:53:09.398+0000] {logging_mixin.py:188} INFO - [2026-03-19T00:53:09.397+0000] {dagbag.py:545} INFO - Filling up the DagBag from /opt/airflow/dags/transfer.py
[2026-03-19T00:53:09.426+0000] {processor.py:840} INFO - DAG(s) 'transfer_from_minio_to_snowflake_accounts', 'transfer_from_minio_to_snowflake_transactions', 'transfer_from_minio_to_snowflake_customers' retrieved from /opt/airflow/dags/transfer.py
[2026-03-19T00:53:09.459+0000] {logging_mixin.py:188} INFO - [2026-03-19T00:53:09.458+0000] {dag.py:3089} INFO - Sync 3 DAGs
[2026-03-19T00:53:09.486+0000] {logging_mixin.py:188} INFO - [2026-03-19T00:53:09.486+0000] {dag.py:3947} INFO - Setting next_dagrun for transfer_from_minio_to_snowflake_accounts to 2026-03-19 00:52:00+00:00, run_after=2026-03-19 00:53:00+00:00
[2026-03-19T00:53:09.491+0000] {logging_mixin.py:188} INFO - [2026-03-19T00:53:09.491+0000] {dag.py:3947} INFO - Setting next_dagrun for transfer_from_minio_to_snowflake_customers to 2026-03-19 00:52:00+00:00, run_after=2026-03-19 00:53:00+00:00
[2026-03-19T00:53:09.493+0000] {logging_mixin.py:188} INFO - [2026-03-19T00:53:09.493+0000] {dag.py:3947} INFO - Setting next_dagrun for transfer_from_minio_to_snowflake_transactions to 2026-03-19 00:52:00+00:00, run_after=2026-03-19 00:53:00+00:00
[2026-03-19T00:53:09.503+0000] {processor.py:183} INFO - Processing /opt/airflow/dags/transfer.py took 0.123 seconds
[2026-03-19T00:53:39.997+0000] {processor.py:161} INFO - Started process (PID=9671) to work on /opt/airflow/dags/transfer.py
[2026-03-19T00:53:39.998+0000] {processor.py:830} INFO - Processing file /opt/airflow/dags/transfer.py for tasks to queue
[2026-03-19T00:53:40.005+0000] {logging_mixin.py:188} INFO - [2026-03-19T00:53:40.005+0000] {dagbag.py:545} INFO - Filling up the DagBag from /opt/airflow/dags/transfer.py
[2026-03-19T00:53:40.036+0000] {processor.py:840} INFO - DAG(s) 'transfer_from_minio_to_snowflake_customers', 'transfer_from_minio_to_snowflake_accounts', 'transfer_from_minio_to_snowflake_transactions' retrieved from /opt/airflow/dags/transfer.py
[2026-03-19T00:53:40.073+0000] {logging_mixin.py:188} INFO - [2026-03-19T00:53:40.073+0000] {dag.py:3089} INFO - Sync 3 DAGs
[2026-03-19T00:53:40.092+0000] {logging_mixin.py:188} INFO - [2026-03-19T00:53:40.092+0000] {dag.py:3947} INFO - Setting next_dagrun for transfer_from_minio_to_snowflake_accounts to 2026-03-19 00:52:00+00:00, run_after=2026-03-19 00:53:00+00:00
[2026-03-19T00:53:40.094+0000] {logging_mixin.py:188} INFO - [2026-03-19T00:53:40.094+0000] {dag.py:3947} INFO - Setting next_dagrun for transfer_from_minio_to_snowflake_customers to 2026-03-19 00:52:00+00:00, run_after=2026-03-19 00:53:00+00:00
[2026-03-19T00:53:40.096+0000] {logging_mixin.py:188} INFO - [2026-03-19T00:53:40.096+0000] {dag.py:3947} INFO - Setting next_dagrun for transfer_from_minio_to_snowflake_transactions to 2026-03-19 00:52:00+00:00, run_after=2026-03-19 00:53:00+00:00
[2026-03-19T00:53:40.103+0000] {processor.py:183} INFO - Processing /opt/airflow/dags/transfer.py took 0.116 seconds
[2026-03-19T00:54:10.615+0000] {processor.py:161} INFO - Started process (PID=9673) to work on /opt/airflow/dags/transfer.py
[2026-03-19T00:54:10.620+0000] {processor.py:830} INFO - Processing file /opt/airflow/dags/transfer.py for tasks to queue
[2026-03-19T00:54:10.623+0000] {logging_mixin.py:188} INFO - [2026-03-19T00:54:10.622+0000] {dagbag.py:545} INFO - Filling up the DagBag from /opt/airflow/dags/transfer.py
[2026-03-19T00:54:10.666+0000] {processor.py:840} INFO - DAG(s) 'transfer_from_minio_to_snowflake_transactions', 'transfer_from_minio_to_snowflake_accounts', 'transfer_from_minio_to_snowflake_customers' retrieved from /opt/airflow/dags/transfer.py
[2026-03-19T00:54:10.703+0000] {logging_mixin.py:188} INFO - [2026-03-19T00:54:10.702+0000] {dag.py:3089} INFO - Sync 3 DAGs
[2026-03-19T00:54:10.719+0000] {logging_mixin.py:188} INFO - [2026-03-19T00:54:10.719+0000] {dag.py:3947} INFO - Setting next_dagrun for transfer_from_minio_to_snowflake_accounts to 2026-03-19 00:53:00+00:00, run_after=2026-03-19 00:54:00+00:00
[2026-03-19T00:54:10.723+0000] {logging_mixin.py:188} INFO - [2026-03-19T00:54:10.722+0000] {dag.py:3947} INFO - Setting next_dagrun for transfer_from_minio_to_snowflake_customers to 2026-03-19 00:53:00+00:00, run_after=2026-03-19 00:54:00+00:00
[2026-03-19T00:54:10.724+0000] {logging_mixin.py:188} INFO - [2026-03-19T00:54:10.724+0000] {dag.py:3947} INFO - Setting next_dagrun for transfer_from_minio_to_snowflake_transactions to 2026-03-19 00:53:00+00:00, run_after=2026-03-19 00:54:00+00:00
[2026-03-19T00:54:10.732+0000] {processor.py:183} INFO - Processing /opt/airflow/dags/transfer.py took 0.131 seconds
[2026-03-19T00:54:41.196+0000] {processor.py:161} INFO - Started process (PID=9675) to work on /opt/airflow/dags/transfer.py
[2026-03-19T00:54:41.200+0000] {processor.py:830} INFO - Processing file /opt/airflow/dags/transfer.py for tasks to queue
[2026-03-19T00:54:41.203+0000] {logging_mixin.py:188} INFO - [2026-03-19T00:54:41.203+0000] {dagbag.py:545} INFO - Filling up the DagBag from /opt/airflow/dags/transfer.py
[2026-03-19T00:54:41.247+0000] {processor.py:840} INFO - DAG(s) 'transfer_from_minio_to_snowflake_customers', 'transfer_from_minio_to_snowflake_transactions', 'transfer_from_minio_to_snowflake_accounts' retrieved from /opt/airflow/dags/transfer.py
[2026-03-19T00:54:41.278+0000] {logging_mixin.py:188} INFO - [2026-03-19T00:54:41.278+0000] {dag.py:3089} INFO - Sync 3 DAGs
[2026-03-19T00:54:41.294+0000] {logging_mixin.py:188} INFO - [2026-03-19T00:54:41.293+0000] {dag.py:3947} INFO - Setting next_dagrun for transfer_from_minio_to_snowflake_accounts to 2026-03-19 00:53:00+00:00, run_after=2026-03-19 00:54:00+00:00
[2026-03-19T00:54:41.296+0000] {logging_mixin.py:188} INFO - [2026-03-19T00:54:41.296+0000] {dag.py:3947} INFO - Setting next_dagrun for transfer_from_minio_to_snowflake_customers to 2026-03-19 00:53:00+00:00, run_after=2026-03-19 00:54:00+00:00
[2026-03-19T00:54:41.298+0000] {logging_mixin.py:188} INFO - [2026-03-19T00:54:41.298+0000] {dag.py:3947} INFO - Setting next_dagrun for transfer_from_minio_to_snowflake_transactions to 2026-03-19 00:53:00+00:00, run_after=2026-03-19 00:54:00+00:00
[2026-03-19T00:54:41.305+0000] {processor.py:183} INFO - Processing /opt/airflow/dags/transfer.py took 0.122 seconds
[2026-03-19T00:55:11.841+0000] {processor.py:161} INFO - Started process (PID=9677) to work on /opt/airflow/dags/transfer.py
[2026-03-19T00:55:11.842+0000] {processor.py:830} INFO - Processing file /opt/airflow/dags/transfer.py for tasks to queue
[2026-03-19T00:55:11.846+0000] {logging_mixin.py:188} INFO - [2026-03-19T00:55:11.846+0000] {dagbag.py:545} INFO - Filling up the DagBag from /opt/airflow/dags/transfer.py
[2026-03-19T00:55:11.882+0000] {processor.py:840} INFO - DAG(s) 'transfer_from_minio_to_snowflake_customers', 'transfer_from_minio_to_snowflake_accounts', 'transfer_from_minio_to_snowflake_transactions' retrieved from /opt/airflow/dags/transfer.py
[2026-03-19T00:55:11.912+0000] {logging_mixin.py:188} INFO - [2026-03-19T00:55:11.911+0000] {dag.py:3089} INFO - Sync 3 DAGs
[2026-03-19T00:55:11.925+0000] {logging_mixin.py:188} INFO - [2026-03-19T00:55:11.925+0000] {dag.py:3947} INFO - Setting next_dagrun for transfer_from_minio_to_snowflake_accounts to 2026-03-19 00:54:00+00:00, run_after=2026-03-19 00:55:00+00:00
[2026-03-19T00:55:11.928+0000] {logging_mixin.py:188} INFO - [2026-03-19T00:55:11.928+0000] {dag.py:3947} INFO - Setting next_dagrun for transfer_from_minio_to_snowflake_customers to 2026-03-19 00:54:00+00:00, run_after=2026-03-19 00:55:00+00:00
[2026-03-19T00:55:11.929+0000] {logging_mixin.py:188} INFO - [2026-03-19T00:55:11.929+0000] {dag.py:3947} INFO - Setting next_dagrun for transfer_from_minio_to_snowflake_transactions to 2026-03-19 00:54:00+00:00, run_after=2026-03-19 00:55:00+00:00
[2026-03-19T00:55:11.936+0000] {processor.py:183} INFO - Processing /opt/airflow/dags/transfer.py took 0.108 seconds
[2026-03-19T00:55:42.393+0000] {processor.py:161} INFO - Started process (PID=9679) to work on /opt/airflow/dags/transfer.py
[2026-03-19T00:55:42.395+0000] {processor.py:830} INFO - Processing file /opt/airflow/dags/transfer.py for tasks to queue
[2026-03-19T00:55:42.401+0000] {logging_mixin.py:188} INFO - [2026-03-19T00:55:42.400+0000] {dagbag.py:545} INFO - Filling up the DagBag from /opt/airflow/dags/transfer.py
[2026-03-19T00:55:42.434+0000] {processor.py:840} INFO - DAG(s) 'transfer_from_minio_to_snowflake_accounts', 'transfer_from_minio_to_snowflake_customers', 'transfer_from_minio_to_snowflake_transactions' retrieved from /opt/airflow/dags/transfer.py
[2026-03-19T00:55:42.473+0000] {logging_mixin.py:188} INFO - [2026-03-19T00:55:42.473+0000] {dag.py:3089} INFO - Sync 3 DAGs
[2026-03-19T00:55:42.489+0000] {logging_mixin.py:188} INFO - [2026-03-19T00:55:42.488+0000] {dag.py:3947} INFO - Setting next_dagrun for transfer_from_minio_to_snowflake_accounts to 2026-03-19 00:54:00+00:00, run_after=2026-03-19 00:55:00+00:00
[2026-03-19T00:55:42.491+0000] {logging_mixin.py:188} INFO - [2026-03-19T00:55:42.491+0000] {dag.py:3947} INFO - Setting next_dagrun for transfer_from_minio_to_snowflake_customers to 2026-03-19 00:54:00+00:00, run_after=2026-03-19 00:55:00+00:00
[2026-03-19T00:55:42.493+0000] {logging_mixin.py:188} INFO - [2026-03-19T00:55:42.493+0000] {dag.py:3947} INFO - Setting next_dagrun for transfer_from_minio_to_snowflake_transactions to 2026-03-19 00:54:00+00:00, run_after=2026-03-19 00:55:00+00:00
[2026-03-19T00:55:42.500+0000] {processor.py:183} INFO - Processing /opt/airflow/dags/transfer.py took 0.120 seconds
[2026-03-19T00:56:13.040+0000] {processor.py:161} INFO - Started process (PID=9681) to work on /opt/airflow/dags/transfer.py
[2026-03-19T00:56:13.041+0000] {processor.py:830} INFO - Processing file /opt/airflow/dags/transfer.py for tasks to queue
[2026-03-19T00:56:13.048+0000] {logging_mixin.py:188} INFO - [2026-03-19T00:56:13.046+0000] {dagbag.py:545} INFO - Filling up the DagBag from /opt/airflow/dags/transfer.py
[2026-03-19T00:56:13.079+0000] {processor.py:840} INFO - DAG(s) 'transfer_from_minio_to_snowflake_transactions', 'transfer_from_minio_to_snowflake_accounts', 'transfer_from_minio_to_snowflake_customers' retrieved from /opt/airflow/dags/transfer.py
[2026-03-19T00:56:13.123+0000] {logging_mixin.py:188} INFO - [2026-03-19T00:56:13.123+0000] {dag.py:3089} INFO - Sync 3 DAGs
[2026-03-19T00:56:13.140+0000] {logging_mixin.py:188} INFO - [2026-03-19T00:56:13.140+0000] {dag.py:3947} INFO - Setting next_dagrun for transfer_from_minio_to_snowflake_accounts to 2026-03-19 00:55:00+00:00, run_after=2026-03-19 00:56:00+00:00
[2026-03-19T00:56:13.143+0000] {logging_mixin.py:188} INFO - [2026-03-19T00:56:13.143+0000] {dag.py:3947} INFO - Setting next_dagrun for transfer_from_minio_to_snowflake_customers to 2026-03-19 00:55:00+00:00, run_after=2026-03-19 00:56:00+00:00
[2026-03-19T00:56:13.144+0000] {logging_mixin.py:188} INFO - [2026-03-19T00:56:13.144+0000] {dag.py:3947} INFO - Setting next_dagrun for transfer_from_minio_to_snowflake_transactions to 2026-03-19 00:55:00+00:00, run_after=2026-03-19 00:56:00+00:00
[2026-03-19T00:56:13.153+0000] {processor.py:183} INFO - Processing /opt/airflow/dags/transfer.py took 0.125 seconds
[2026-03-19T00:56:43.660+0000] {processor.py:161} INFO - Started process (PID=9683) to work on /opt/airflow/dags/transfer.py
[2026-03-19T00:56:43.663+0000] {processor.py:830} INFO - Processing file /opt/airflow/dags/transfer.py for tasks to queue
[2026-03-19T00:56:43.668+0000] {logging_mixin.py:188} INFO - [2026-03-19T00:56:43.667+0000] {dagbag.py:545} INFO - Filling up the DagBag from /opt/airflow/dags/transfer.py
[2026-03-19T00:56:43.696+0000] {processor.py:840} INFO - DAG(s) 'transfer_from_minio_to_snowflake_customers', 'transfer_from_minio_to_snowflake_accounts', 'transfer_from_minio_to_snowflake_transactions' retrieved from /opt/airflow/dags/transfer.py
[2026-03-19T00:56:43.740+0000] {logging_mixin.py:188} INFO - [2026-03-19T00:56:43.739+0000] {dag.py:3089} INFO - Sync 3 DAGs
[2026-03-19T00:56:43.760+0000] {logging_mixin.py:188} INFO - [2026-03-19T00:56:43.760+0000] {dag.py:3947} INFO - Setting next_dagrun for transfer_from_minio_to_snowflake_accounts to 2026-03-19 00:55:00+00:00, run_after=2026-03-19 00:56:00+00:00
[2026-03-19T00:56:43.763+0000] {logging_mixin.py:188} INFO - [2026-03-19T00:56:43.763+0000] {dag.py:3947} INFO - Setting next_dagrun for transfer_from_minio_to_snowflake_customers to 2026-03-19 00:55:00+00:00, run_after=2026-03-19 00:56:00+00:00
[2026-03-19T00:56:43.764+0000] {logging_mixin.py:188} INFO - [2026-03-19T00:56:43.764+0000] {dag.py:3947} INFO - Setting next_dagrun for transfer_from_minio_to_snowflake_transactions to 2026-03-19 00:55:00+00:00, run_after=2026-03-19 00:56:00+00:00
[2026-03-19T00:56:43.772+0000] {processor.py:183} INFO - Processing /opt/airflow/dags/transfer.py took 0.121 seconds
[2026-03-19T00:57:14.249+0000] {processor.py:161} INFO - Started process (PID=9685) to work on /opt/airflow/dags/transfer.py
[2026-03-19T00:57:14.251+0000] {processor.py:830} INFO - Processing file /opt/airflow/dags/transfer.py for tasks to queue
[2026-03-19T00:57:14.254+0000] {logging_mixin.py:188} INFO - [2026-03-19T00:57:14.254+0000] {dagbag.py:545} INFO - Filling up the DagBag from /opt/airflow/dags/transfer.py
[2026-03-19T00:57:14.291+0000] {processor.py:840} INFO - DAG(s) 'transfer_from_minio_to_snowflake_accounts', 'transfer_from_minio_to_snowflake_customers', 'transfer_from_minio_to_snowflake_transactions' retrieved from /opt/airflow/dags/transfer.py
[2026-03-19T00:57:14.330+0000] {logging_mixin.py:188} INFO - [2026-03-19T00:57:14.330+0000] {dag.py:3089} INFO - Sync 3 DAGs
[2026-03-19T00:57:14.350+0000] {logging_mixin.py:188} INFO - [2026-03-19T00:57:14.350+0000] {dag.py:3947} INFO - Setting next_dagrun for transfer_from_minio_to_snowflake_accounts to 2026-03-19 00:56:00+00:00, run_after=2026-03-19 00:57:00+00:00
[2026-03-19T00:57:14.353+0000] {logging_mixin.py:188} INFO - [2026-03-19T00:57:14.353+0000] {dag.py:3947} INFO - Setting next_dagrun for transfer_from_minio_to_snowflake_customers to 2026-03-19 00:56:00+00:00, run_after=2026-03-19 00:57:00+00:00
[2026-03-19T00:57:14.355+0000] {logging_mixin.py:188} INFO - [2026-03-19T00:57:14.355+0000] {dag.py:3947} INFO - Setting next_dagrun for transfer_from_minio_to_snowflake_transactions to 2026-03-19 00:56:00+00:00, run_after=2026-03-19 00:57:00+00:00
[2026-03-19T00:57:14.363+0000] {processor.py:183} INFO - Processing /opt/airflow/dags/transfer.py took 0.127 seconds
[2026-03-19T00:57:44.780+0000] {processor.py:161} INFO - Started process (PID=9687) to work on /opt/airflow/dags/transfer.py
[2026-03-19T00:57:44.782+0000] {processor.py:830} INFO - Processing file /opt/airflow/dags/transfer.py for tasks to queue
[2026-03-19T00:57:44.784+0000] {logging_mixin.py:188} INFO - [2026-03-19T00:57:44.783+0000] {dagbag.py:545} INFO - Filling up the DagBag from /opt/airflow/dags/transfer.py
[2026-03-19T00:57:44.814+0000] {processor.py:840} INFO - DAG(s) 'transfer_from_minio_to_snowflake_customers', 'transfer_from_minio_to_snowflake_transactions', 'transfer_from_minio_to_snowflake_accounts' retrieved from /opt/airflow/dags/transfer.py
[2026-03-19T00:57:44.854+0000] {logging_mixin.py:188} INFO - [2026-03-19T00:57:44.854+0000] {dag.py:3089} INFO - Sync 3 DAGs
[2026-03-19T00:57:44.869+0000] {logging_mixin.py:188} INFO - [2026-03-19T00:57:44.869+0000] {dag.py:3947} INFO - Setting next_dagrun for transfer_from_minio_to_snowflake_accounts to 2026-03-19 00:56:00+00:00, run_after=2026-03-19 00:57:00+00:00
[2026-03-19T00:57:44.872+0000] {logging_mixin.py:188} INFO - [2026-03-19T00:57:44.871+0000] {dag.py:3947} INFO - Setting next_dagrun for transfer_from_minio_to_snowflake_customers to 2026-03-19 00:56:00+00:00, run_after=2026-03-19 00:57:00+00:00
[2026-03-19T00:57:44.873+0000] {logging_mixin.py:188} INFO - [2026-03-19T00:57:44.873+0000] {dag.py:3947} INFO - Setting next_dagrun for transfer_from_minio_to_snowflake_transactions to 2026-03-19 00:56:00+00:00, run_after=2026-03-19 00:57:00+00:00
[2026-03-19T00:57:44.884+0000] {processor.py:183} INFO - Processing /opt/airflow/dags/transfer.py took 0.114 seconds
[2026-03-19T00:58:15.332+0000] {processor.py:161} INFO - Started process (PID=9689) to work on /opt/airflow/dags/transfer.py
[2026-03-19T00:58:15.333+0000] {processor.py:830} INFO - Processing file /opt/airflow/dags/transfer.py for tasks to queue
[2026-03-19T00:58:15.336+0000] {logging_mixin.py:188} INFO - [2026-03-19T00:58:15.336+0000] {dagbag.py:545} INFO - Filling up the DagBag from /opt/airflow/dags/transfer.py
[2026-03-19T00:58:15.372+0000] {processor.py:840} INFO - DAG(s) 'transfer_from_minio_to_snowflake_transactions', 'transfer_from_minio_to_snowflake_accounts', 'transfer_from_minio_to_snowflake_customers' retrieved from /opt/airflow/dags/transfer.py
[2026-03-19T00:58:15.406+0000] {logging_mixin.py:188} INFO - [2026-03-19T00:58:15.405+0000] {dag.py:3089} INFO - Sync 3 DAGs
[2026-03-19T00:58:15.422+0000] {logging_mixin.py:188} INFO - [2026-03-19T00:58:15.422+0000] {dag.py:3947} INFO - Setting next_dagrun for transfer_from_minio_to_snowflake_accounts to 2026-03-19 00:57:00+00:00, run_after=2026-03-19 00:58:00+00:00
[2026-03-19T00:58:15.424+0000] {logging_mixin.py:188} INFO - [2026-03-19T00:58:15.424+0000] {dag.py:3947} INFO - Setting next_dagrun for transfer_from_minio_to_snowflake_customers to 2026-03-19 00:57:00+00:00, run_after=2026-03-19 00:58:00+00:00
[2026-03-19T00:58:15.426+0000] {logging_mixin.py:188} INFO - [2026-03-19T00:58:15.426+0000] {dag.py:3947} INFO - Setting next_dagrun for transfer_from_minio_to_snowflake_transactions to 2026-03-19 00:57:00+00:00, run_after=2026-03-19 00:58:00+00:00
[2026-03-19T00:58:15.433+0000] {processor.py:183} INFO - Processing /opt/airflow/dags/transfer.py took 0.112 seconds
[2026-03-19T00:58:45.879+0000] {processor.py:161} INFO - Started process (PID=9691) to work on /opt/airflow/dags/transfer.py
[2026-03-19T00:58:45.882+0000] {processor.py:830} INFO - Processing file /opt/airflow/dags/transfer.py for tasks to queue
[2026-03-19T00:58:45.889+0000] {logging_mixin.py:188} INFO - [2026-03-19T00:58:45.886+0000] {dagbag.py:545} INFO - Filling up the DagBag from /opt/airflow/dags/transfer.py
[2026-03-19T00:58:45.923+0000] {processor.py:840} INFO - DAG(s) 'transfer_from_minio_to_snowflake_transactions', 'transfer_from_minio_to_snowflake_accounts', 'transfer_from_minio_to_snowflake_customers' retrieved from /opt/airflow/dags/transfer.py
[2026-03-19T00:58:45.964+0000] {logging_mixin.py:188} INFO - [2026-03-19T00:58:45.964+0000] {dag.py:3089} INFO - Sync 3 DAGs
[2026-03-19T00:58:45.983+0000] {logging_mixin.py:188} INFO - [2026-03-19T00:58:45.982+0000] {dag.py:3947} INFO - Setting next_dagrun for transfer_from_minio_to_snowflake_accounts to 2026-03-19 00:57:00+00:00, run_after=2026-03-19 00:58:00+00:00
[2026-03-19T00:58:45.985+0000] {logging_mixin.py:188} INFO - [2026-03-19T00:58:45.985+0000] {dag.py:3947} INFO - Setting next_dagrun for transfer_from_minio_to_snowflake_customers to 2026-03-19 00:57:00+00:00, run_after=2026-03-19 00:58:00+00:00
[2026-03-19T00:58:45.987+0000] {logging_mixin.py:188} INFO - [2026-03-19T00:58:45.987+0000] {dag.py:3947} INFO - Setting next_dagrun for transfer_from_minio_to_snowflake_transactions to 2026-03-19 00:57:00+00:00, run_after=2026-03-19 00:58:00+00:00
[2026-03-19T00:58:45.996+0000] {processor.py:183} INFO - Processing /opt/airflow/dags/transfer.py took 0.133 seconds
[2026-03-19T00:59:16.542+0000] {processor.py:161} INFO - Started process (PID=9693) to work on /opt/airflow/dags/transfer.py
[2026-03-19T00:59:16.545+0000] {processor.py:830} INFO - Processing file /opt/airflow/dags/transfer.py for tasks to queue
[2026-03-19T00:59:16.548+0000] {logging_mixin.py:188} INFO - [2026-03-19T00:59:16.547+0000] {dagbag.py:545} INFO - Filling up the DagBag from /opt/airflow/dags/transfer.py
[2026-03-19T00:59:16.584+0000] {processor.py:840} INFO - DAG(s) 'transfer_from_minio_to_snowflake_customers', 'transfer_from_minio_to_snowflake_accounts', 'transfer_from_minio_to_snowflake_transactions' retrieved from /opt/airflow/dags/transfer.py
[2026-03-19T00:59:16.624+0000] {logging_mixin.py:188} INFO - [2026-03-19T00:59:16.623+0000] {dag.py:3089} INFO - Sync 3 DAGs
[2026-03-19T00:59:16.640+0000] {logging_mixin.py:188} INFO - [2026-03-19T00:59:16.640+0000] {dag.py:3947} INFO - Setting next_dagrun for transfer_from_minio_to_snowflake_accounts to 2026-03-19 00:58:00+00:00, run_after=2026-03-19 00:59:00+00:00
[2026-03-19T00:59:16.643+0000] {logging_mixin.py:188} INFO - [2026-03-19T00:59:16.643+0000] {dag.py:3947} INFO - Setting next_dagrun for transfer_from_minio_to_snowflake_customers to 2026-03-19 00:58:00+00:00, run_after=2026-03-19 00:59:00+00:00
[2026-03-19T00:59:16.645+0000] {logging_mixin.py:188} INFO - [2026-03-19T00:59:16.645+0000] {dag.py:3947} INFO - Setting next_dagrun for transfer_from_minio_to_snowflake_transactions to 2026-03-19 00:58:00+00:00, run_after=2026-03-19 00:59:00+00:00
[2026-03-19T00:59:16.658+0000] {processor.py:183} INFO - Processing /opt/airflow/dags/transfer.py took 0.127 seconds
[2026-03-19T00:59:47.056+0000] {processor.py:161} INFO - Started process (PID=9695) to work on /opt/airflow/dags/transfer.py
[2026-03-19T00:59:47.058+0000] {processor.py:830} INFO - Processing file /opt/airflow/dags/transfer.py for tasks to queue
[2026-03-19T00:59:47.064+0000] {logging_mixin.py:188} INFO - [2026-03-19T00:59:47.063+0000] {dagbag.py:545} INFO - Filling up the DagBag from /opt/airflow/dags/transfer.py
[2026-03-19T00:59:47.100+0000] {processor.py:840} INFO - DAG(s) 'transfer_from_minio_to_snowflake_accounts', 'transfer_from_minio_to_snowflake_transactions', 'transfer_from_minio_to_snowflake_customers' retrieved from /opt/airflow/dags/transfer.py
[2026-03-19T00:59:47.139+0000] {logging_mixin.py:188} INFO - [2026-03-19T00:59:47.139+0000] {dag.py:3089} INFO - Sync 3 DAGs
[2026-03-19T00:59:47.154+0000] {logging_mixin.py:188} INFO - [2026-03-19T00:59:47.154+0000] {dag.py:3947} INFO - Setting next_dagrun for transfer_from_minio_to_snowflake_accounts to 2026-03-19 00:58:00+00:00, run_after=2026-03-19 00:59:00+00:00
[2026-03-19T00:59:47.160+0000] {logging_mixin.py:188} INFO - [2026-03-19T00:59:47.159+0000] {dag.py:3947} INFO - Setting next_dagrun for transfer_from_minio_to_snowflake_customers to 2026-03-19 00:58:00+00:00, run_after=2026-03-19 00:59:00+00:00
[2026-03-19T00:59:47.161+0000] {logging_mixin.py:188} INFO - [2026-03-19T00:59:47.161+0000] {dag.py:3947} INFO - Setting next_dagrun for transfer_from_minio_to_snowflake_transactions to 2026-03-19 00:58:00+00:00, run_after=2026-03-19 00:59:00+00:00
[2026-03-19T00:59:47.168+0000] {processor.py:183} INFO - Processing /opt/airflow/dags/transfer.py took 0.127 seconds
[2026-03-19T01:00:17.569+0000] {processor.py:161} INFO - Started process (PID=9697) to work on /opt/airflow/dags/transfer.py
[2026-03-19T01:00:17.571+0000] {processor.py:830} INFO - Processing file /opt/airflow/dags/transfer.py for tasks to queue
[2026-03-19T01:00:17.576+0000] {logging_mixin.py:188} INFO - [2026-03-19T01:00:17.575+0000] {dagbag.py:545} INFO - Filling up the DagBag from /opt/airflow/dags/transfer.py
[2026-03-19T01:00:17.609+0000] {processor.py:840} INFO - DAG(s) 'transfer_from_minio_to_snowflake_transactions', 'transfer_from_minio_to_snowflake_accounts', 'transfer_from_minio_to_snowflake_customers' retrieved from /opt/airflow/dags/transfer.py
[2026-03-19T01:00:17.645+0000] {logging_mixin.py:188} INFO - [2026-03-19T01:00:17.645+0000] {dag.py:3089} INFO - Sync 3 DAGs
[2026-03-19T01:00:17.661+0000] {logging_mixin.py:188} INFO - [2026-03-19T01:00:17.661+0000] {dag.py:3947} INFO - Setting next_dagrun for transfer_from_minio_to_snowflake_accounts to 2026-03-19 00:59:00+00:00, run_after=2026-03-19 01:00:00+00:00
[2026-03-19T01:00:17.664+0000] {logging_mixin.py:188} INFO - [2026-03-19T01:00:17.664+0000] {dag.py:3947} INFO - Setting next_dagrun for transfer_from_minio_to_snowflake_customers to 2026-03-19 00:59:00+00:00, run_after=2026-03-19 01:00:00+00:00
[2026-03-19T01:00:17.665+0000] {logging_mixin.py:188} INFO - [2026-03-19T01:00:17.665+0000] {dag.py:3947} INFO - Setting next_dagrun for transfer_from_minio_to_snowflake_transactions to 2026-03-19 00:59:00+00:00, run_after=2026-03-19 01:00:00+00:00
[2026-03-19T01:00:17.677+0000] {processor.py:183} INFO - Processing /opt/airflow/dags/transfer.py took 0.119 seconds
[2026-03-19T01:00:48.074+0000] {processor.py:161} INFO - Started process (PID=9699) to work on /opt/airflow/dags/transfer.py
[2026-03-19T01:00:48.077+0000] {processor.py:830} INFO - Processing file /opt/airflow/dags/transfer.py for tasks to queue
[2026-03-19T01:00:48.080+0000] {logging_mixin.py:188} INFO - [2026-03-19T01:00:48.080+0000] {dagbag.py:545} INFO - Filling up the DagBag from /opt/airflow/dags/transfer.py
[2026-03-19T01:00:48.114+0000] {processor.py:840} INFO - DAG(s) 'transfer_from_minio_to_snowflake_transactions', 'transfer_from_minio_to_snowflake_accounts', 'transfer_from_minio_to_snowflake_customers' retrieved from /opt/airflow/dags/transfer.py
[2026-03-19T01:00:48.151+0000] {logging_mixin.py:188} INFO - [2026-03-19T01:00:48.151+0000] {dag.py:3089} INFO - Sync 3 DAGs
[2026-03-19T01:00:48.171+0000] {logging_mixin.py:188} INFO - [2026-03-19T01:00:48.171+0000] {dag.py:3947} INFO - Setting next_dagrun for transfer_from_minio_to_snowflake_accounts to 2026-03-19 00:59:00+00:00, run_after=2026-03-19 01:00:00+00:00
[2026-03-19T01:00:48.174+0000] {logging_mixin.py:188} INFO - [2026-03-19T01:00:48.174+0000] {dag.py:3947} INFO - Setting next_dagrun for transfer_from_minio_to_snowflake_customers to 2026-03-19 00:59:00+00:00, run_after=2026-03-19 01:00:00+00:00
[2026-03-19T01:00:48.176+0000] {logging_mixin.py:188} INFO - [2026-03-19T01:00:48.176+0000] {dag.py:3947} INFO - Setting next_dagrun for transfer_from_minio_to_snowflake_transactions to 2026-03-19 00:59:00+00:00, run_after=2026-03-19 01:00:00+00:00
[2026-03-19T01:00:48.183+0000] {processor.py:183} INFO - Processing /opt/airflow/dags/transfer.py took 0.122 seconds
[2026-03-19T01:01:18.681+0000] {processor.py:161} INFO - Started process (PID=9701) to work on /opt/airflow/dags/transfer.py
[2026-03-19T01:01:18.683+0000] {processor.py:830} INFO - Processing file /opt/airflow/dags/transfer.py for tasks to queue
[2026-03-19T01:01:18.686+0000] {logging_mixin.py:188} INFO - [2026-03-19T01:01:18.686+0000] {dagbag.py:545} INFO - Filling up the DagBag from /opt/airflow/dags/transfer.py
[2026-03-19T01:01:18.722+0000] {processor.py:840} INFO - DAG(s) 'transfer_from_minio_to_snowflake_accounts', 'transfer_from_minio_to_snowflake_customers', 'transfer_from_minio_to_snowflake_transactions' retrieved from /opt/airflow/dags/transfer.py
[2026-03-19T01:01:18.751+0000] {logging_mixin.py:188} INFO - [2026-03-19T01:01:18.751+0000] {dag.py:3089} INFO - Sync 3 DAGs
[2026-03-19T01:01:18.765+0000] {logging_mixin.py:188} INFO - [2026-03-19T01:01:18.765+0000] {dag.py:3947} INFO - Setting next_dagrun for transfer_from_minio_to_snowflake_accounts to 2026-03-19 01:00:00+00:00, run_after=2026-03-19 01:01:00+00:00
[2026-03-19T01:01:18.768+0000] {logging_mixin.py:188} INFO - [2026-03-19T01:01:18.768+0000] {dag.py:3947} INFO - Setting next_dagrun for transfer_from_minio_to_snowflake_customers to 2026-03-19 01:00:00+00:00, run_after=2026-03-19 01:01:00+00:00
[2026-03-19T01:01:18.769+0000] {logging_mixin.py:188} INFO - [2026-03-19T01:01:18.769+0000] {dag.py:3947} INFO - Setting next_dagrun for transfer_from_minio_to_snowflake_transactions to 2026-03-19 01:00:00+00:00, run_after=2026-03-19 01:01:00+00:00
[2026-03-19T01:01:18.778+0000] {processor.py:183} INFO - Processing /opt/airflow/dags/transfer.py took 0.110 seconds
[2026-03-19T01:01:49.165+0000] {processor.py:161} INFO - Started process (PID=9703) to work on /opt/airflow/dags/transfer.py
[2026-03-19T01:01:49.168+0000] {processor.py:830} INFO - Processing file /opt/airflow/dags/transfer.py for tasks to queue
[2026-03-19T01:01:49.173+0000] {logging_mixin.py:188} INFO - [2026-03-19T01:01:49.172+0000] {dagbag.py:545} INFO - Filling up the DagBag from /opt/airflow/dags/transfer.py
[2026-03-19T01:01:49.211+0000] {processor.py:840} INFO - DAG(s) 'transfer_from_minio_to_snowflake_transactions', 'transfer_from_minio_to_snowflake_customers', 'transfer_from_minio_to_snowflake_accounts' retrieved from /opt/airflow/dags/transfer.py
[2026-03-19T01:01:49.247+0000] {logging_mixin.py:188} INFO - [2026-03-19T01:01:49.246+0000] {dag.py:3089} INFO - Sync 3 DAGs
[2026-03-19T01:01:49.261+0000] {logging_mixin.py:188} INFO - [2026-03-19T01:01:49.260+0000] {dag.py:3947} INFO - Setting next_dagrun for transfer_from_minio_to_snowflake_accounts to 2026-03-19 01:00:00+00:00, run_after=2026-03-19 01:01:00+00:00
[2026-03-19T01:01:49.264+0000] {logging_mixin.py:188} INFO - [2026-03-19T01:01:49.264+0000] {dag.py:3947} INFO - Setting next_dagrun for transfer_from_minio_to_snowflake_customers to 2026-03-19 01:00:00+00:00, run_after=2026-03-19 01:01:00+00:00
[2026-03-19T01:01:49.266+0000] {logging_mixin.py:188} INFO - [2026-03-19T01:01:49.266+0000] {dag.py:3947} INFO - Setting next_dagrun for transfer_from_minio_to_snowflake_transactions to 2026-03-19 01:00:00+00:00, run_after=2026-03-19 01:01:00+00:00
[2026-03-19T01:01:49.274+0000] {processor.py:183} INFO - Processing /opt/airflow/dags/transfer.py took 0.120 seconds
[2026-03-19T01:02:19.652+0000] {processor.py:161} INFO - Started process (PID=9705) to work on /opt/airflow/dags/transfer.py
[2026-03-19T01:02:19.654+0000] {processor.py:830} INFO - Processing file /opt/airflow/dags/transfer.py for tasks to queue
[2026-03-19T01:02:19.662+0000] {logging_mixin.py:188} INFO - [2026-03-19T01:02:19.662+0000] {dagbag.py:545} INFO - Filling up the DagBag from /opt/airflow/dags/transfer.py
[2026-03-19T01:02:19.699+0000] {processor.py:840} INFO - DAG(s) 'transfer_from_minio_to_snowflake_accounts', 'transfer_from_minio_to_snowflake_transactions', 'transfer_from_minio_to_snowflake_customers' retrieved from /opt/airflow/dags/transfer.py
[2026-03-19T01:02:19.731+0000] {logging_mixin.py:188} INFO - [2026-03-19T01:02:19.731+0000] {dag.py:3089} INFO - Sync 3 DAGs
[2026-03-19T01:02:19.751+0000] {logging_mixin.py:188} INFO - [2026-03-19T01:02:19.751+0000] {dag.py:3947} INFO - Setting next_dagrun for transfer_from_minio_to_snowflake_accounts to 2026-03-19 01:01:00+00:00, run_after=2026-03-19 01:02:00+00:00
[2026-03-19T01:02:19.754+0000] {logging_mixin.py:188} INFO - [2026-03-19T01:02:19.754+0000] {dag.py:3947} INFO - Setting next_dagrun for transfer_from_minio_to_snowflake_customers to 2026-03-19 01:01:00+00:00, run_after=2026-03-19 01:02:00+00:00
[2026-03-19T01:02:19.755+0000] {logging_mixin.py:188} INFO - [2026-03-19T01:02:19.755+0000] {dag.py:3947} INFO - Setting next_dagrun for transfer_from_minio_to_snowflake_transactions to 2026-03-19 01:01:00+00:00, run_after=2026-03-19 01:02:00+00:00
[2026-03-19T01:02:19.762+0000] {processor.py:183} INFO - Processing /opt/airflow/dags/transfer.py took 0.120 seconds
[2026-03-19T01:02:50.161+0000] {processor.py:161} INFO - Started process (PID=9707) to work on /opt/airflow/dags/transfer.py
[2026-03-19T01:02:50.162+0000] {processor.py:830} INFO - Processing file /opt/airflow/dags/transfer.py for tasks to queue
[2026-03-19T01:02:50.164+0000] {logging_mixin.py:188} INFO - [2026-03-19T01:02:50.164+0000] {dagbag.py:545} INFO - Filling up the DagBag from /opt/airflow/dags/transfer.py
[2026-03-19T01:02:50.200+0000] {processor.py:840} INFO - DAG(s) 'transfer_from_minio_to_snowflake_customers', 'transfer_from_minio_to_snowflake_accounts', 'transfer_from_minio_to_snowflake_transactions' retrieved from /opt/airflow/dags/transfer.py
[2026-03-19T01:02:50.230+0000] {logging_mixin.py:188} INFO - [2026-03-19T01:02:50.230+0000] {dag.py:3089} INFO - Sync 3 DAGs
[2026-03-19T01:02:50.245+0000] {logging_mixin.py:188} INFO - [2026-03-19T01:02:50.245+0000] {dag.py:3947} INFO - Setting next_dagrun for transfer_from_minio_to_snowflake_accounts to 2026-03-19 01:01:00+00:00, run_after=2026-03-19 01:02:00+00:00
[2026-03-19T01:02:50.248+0000] {logging_mixin.py:188} INFO - [2026-03-19T01:02:50.248+0000] {dag.py:3947} INFO - Setting next_dagrun for transfer_from_minio_to_snowflake_customers to 2026-03-19 01:01:00+00:00, run_after=2026-03-19 01:02:00+00:00
[2026-03-19T01:02:50.249+0000] {logging_mixin.py:188} INFO - [2026-03-19T01:02:50.249+0000] {dag.py:3947} INFO - Setting next_dagrun for transfer_from_minio_to_snowflake_transactions to 2026-03-19 01:01:00+00:00, run_after=2026-03-19 01:02:00+00:00
[2026-03-19T01:02:50.256+0000] {processor.py:183} INFO - Processing /opt/airflow/dags/transfer.py took 0.105 seconds
[2026-03-19T01:03:20.712+0000] {processor.py:161} INFO - Started process (PID=9709) to work on /opt/airflow/dags/transfer.py
[2026-03-19T01:03:20.713+0000] {processor.py:830} INFO - Processing file /opt/airflow/dags/transfer.py for tasks to queue
[2026-03-19T01:03:20.715+0000] {logging_mixin.py:188} INFO - [2026-03-19T01:03:20.715+0000] {dagbag.py:545} INFO - Filling up the DagBag from /opt/airflow/dags/transfer.py
[2026-03-19T01:03:20.755+0000] {processor.py:840} INFO - DAG(s) 'transfer_from_minio_to_snowflake_transactions', 'transfer_from_minio_to_snowflake_accounts', 'transfer_from_minio_to_snowflake_customers' retrieved from /opt/airflow/dags/transfer.py
[2026-03-19T01:03:20.790+0000] {logging_mixin.py:188} INFO - [2026-03-19T01:03:20.790+0000] {dag.py:3089} INFO - Sync 3 DAGs
[2026-03-19T01:03:20.804+0000] {logging_mixin.py:188} INFO - [2026-03-19T01:03:20.804+0000] {dag.py:3947} INFO - Setting next_dagrun for transfer_from_minio_to_snowflake_accounts to 2026-03-19 01:02:00+00:00, run_after=2026-03-19 01:03:00+00:00
[2026-03-19T01:03:20.806+0000] {logging_mixin.py:188} INFO - [2026-03-19T01:03:20.806+0000] {dag.py:3947} INFO - Setting next_dagrun for transfer_from_minio_to_snowflake_customers to 2026-03-19 01:02:00+00:00, run_after=2026-03-19 01:03:00+00:00
[2026-03-19T01:03:20.808+0000] {logging_mixin.py:188} INFO - [2026-03-19T01:03:20.808+0000] {dag.py:3947} INFO - Setting next_dagrun for transfer_from_minio_to_snowflake_transactions to 2026-03-19 01:02:00+00:00, run_after=2026-03-19 01:03:00+00:00
[2026-03-19T01:03:20.816+0000] {processor.py:183} INFO - Processing /opt/airflow/dags/transfer.py took 0.116 seconds
[2026-03-19T01:03:51.209+0000] {processor.py:161} INFO - Started process (PID=9711) to work on /opt/airflow/dags/transfer.py
[2026-03-19T01:03:51.215+0000] {processor.py:830} INFO - Processing file /opt/airflow/dags/transfer.py for tasks to queue
[2026-03-19T01:03:51.220+0000] {logging_mixin.py:188} INFO - [2026-03-19T01:03:51.219+0000] {dagbag.py:545} INFO - Filling up the DagBag from /opt/airflow/dags/transfer.py
[2026-03-19T01:03:51.260+0000] {processor.py:840} INFO - DAG(s) 'transfer_from_minio_to_snowflake_accounts', 'transfer_from_minio_to_snowflake_transactions', 'transfer_from_minio_to_snowflake_customers' retrieved from /opt/airflow/dags/transfer.py
[2026-03-19T01:03:51.295+0000] {logging_mixin.py:188} INFO - [2026-03-19T01:03:51.295+0000] {dag.py:3089} INFO - Sync 3 DAGs
[2026-03-19T01:03:51.311+0000] {logging_mixin.py:188} INFO - [2026-03-19T01:03:51.311+0000] {dag.py:3947} INFO - Setting next_dagrun for transfer_from_minio_to_snowflake_accounts to 2026-03-19 01:02:00+00:00, run_after=2026-03-19 01:03:00+00:00
[2026-03-19T01:03:51.314+0000] {logging_mixin.py:188} INFO - [2026-03-19T01:03:51.313+0000] {dag.py:3947} INFO - Setting next_dagrun for transfer_from_minio_to_snowflake_customers to 2026-03-19 01:02:00+00:00, run_after=2026-03-19 01:03:00+00:00
[2026-03-19T01:03:51.315+0000] {logging_mixin.py:188} INFO - [2026-03-19T01:03:51.315+0000] {dag.py:3947} INFO - Setting next_dagrun for transfer_from_minio_to_snowflake_transactions to 2026-03-19 01:02:00+00:00, run_after=2026-03-19 01:03:00+00:00
[2026-03-19T01:03:51.322+0000] {processor.py:183} INFO - Processing /opt/airflow/dags/transfer.py took 0.120 seconds
[2026-03-19T01:04:21.985+0000] {processor.py:161} INFO - Started process (PID=9713) to work on /opt/airflow/dags/transfer.py
[2026-03-19T01:04:21.987+0000] {processor.py:830} INFO - Processing file /opt/airflow/dags/transfer.py for tasks to queue
[2026-03-19T01:04:21.990+0000] {logging_mixin.py:188} INFO - [2026-03-19T01:04:21.989+0000] {dagbag.py:545} INFO - Filling up the DagBag from /opt/airflow/dags/transfer.py
[2026-03-19T01:04:22.030+0000] {processor.py:840} INFO - DAG(s) 'transfer_from_minio_to_snowflake_accounts', 'transfer_from_minio_to_snowflake_customers', 'transfer_from_minio_to_snowflake_transactions' retrieved from /opt/airflow/dags/transfer.py
[2026-03-19T01:04:22.065+0000] {logging_mixin.py:188} INFO - [2026-03-19T01:04:22.065+0000] {dag.py:3089} INFO - Sync 3 DAGs
[2026-03-19T01:04:22.080+0000] {logging_mixin.py:188} INFO - [2026-03-19T01:04:22.080+0000] {dag.py:3947} INFO - Setting next_dagrun for transfer_from_minio_to_snowflake_accounts to 2026-03-19 01:03:00+00:00, run_after=2026-03-19 01:04:00+00:00
[2026-03-19T01:04:22.083+0000] {logging_mixin.py:188} INFO - [2026-03-19T01:04:22.083+0000] {dag.py:3947} INFO - Setting next_dagrun for transfer_from_minio_to_snowflake_customers to 2026-03-19 01:03:00+00:00, run_after=2026-03-19 01:04:00+00:00
[2026-03-19T01:04:22.084+0000] {logging_mixin.py:188} INFO - [2026-03-19T01:04:22.084+0000] {dag.py:3947} INFO - Setting next_dagrun for transfer_from_minio_to_snowflake_transactions to 2026-03-19 01:03:00+00:00, run_after=2026-03-19 01:04:00+00:00
[2026-03-19T01:04:22.097+0000] {processor.py:183} INFO - Processing /opt/airflow/dags/transfer.py took 0.123 seconds
[2026-03-19T01:04:52.538+0000] {processor.py:161} INFO - Started process (PID=9715) to work on /opt/airflow/dags/transfer.py
[2026-03-19T01:04:52.540+0000] {processor.py:830} INFO - Processing file /opt/airflow/dags/transfer.py for tasks to queue
[2026-03-19T01:04:52.542+0000] {logging_mixin.py:188} INFO - [2026-03-19T01:04:52.542+0000] {dagbag.py:545} INFO - Filling up the DagBag from /opt/airflow/dags/transfer.py
[2026-03-19T01:04:52.582+0000] {processor.py:840} INFO - DAG(s) 'transfer_from_minio_to_snowflake_customers', 'transfer_from_minio_to_snowflake_transactions', 'transfer_from_minio_to_snowflake_accounts' retrieved from /opt/airflow/dags/transfer.py
[2026-03-19T01:04:52.615+0000] {logging_mixin.py:188} INFO - [2026-03-19T01:04:52.614+0000] {dag.py:3089} INFO - Sync 3 DAGs
[2026-03-19T01:04:52.633+0000] {logging_mixin.py:188} INFO - [2026-03-19T01:04:52.633+0000] {dag.py:3947} INFO - Setting next_dagrun for transfer_from_minio_to_snowflake_accounts to 2026-03-19 01:03:00+00:00, run_after=2026-03-19 01:04:00+00:00
[2026-03-19T01:04:52.635+0000] {logging_mixin.py:188} INFO - [2026-03-19T01:04:52.635+0000] {dag.py:3947} INFO - Setting next_dagrun for transfer_from_minio_to_snowflake_customers to 2026-03-19 01:03:00+00:00, run_after=2026-03-19 01:04:00+00:00
[2026-03-19T01:04:52.637+0000] {logging_mixin.py:188} INFO - [2026-03-19T01:04:52.637+0000] {dag.py:3947} INFO - Setting next_dagrun for transfer_from_minio_to_snowflake_transactions to 2026-03-19 01:03:00+00:00, run_after=2026-03-19 01:04:00+00:00
[2026-03-19T01:04:52.644+0000] {processor.py:183} INFO - Processing /opt/airflow/dags/transfer.py took 0.125 seconds
[2026-03-19T01:05:23.140+0000] {processor.py:161} INFO - Started process (PID=9717) to work on /opt/airflow/dags/transfer.py
[2026-03-19T01:05:23.142+0000] {processor.py:830} INFO - Processing file /opt/airflow/dags/transfer.py for tasks to queue
[2026-03-19T01:05:23.146+0000] {logging_mixin.py:188} INFO - [2026-03-19T01:05:23.145+0000] {dagbag.py:545} INFO - Filling up the DagBag from /opt/airflow/dags/transfer.py
[2026-03-19T01:05:23.190+0000] {processor.py:840} INFO - DAG(s) 'transfer_from_minio_to_snowflake_transactions', 'transfer_from_minio_to_snowflake_accounts', 'transfer_from_minio_to_snowflake_customers' retrieved from /opt/airflow/dags/transfer.py
[2026-03-19T01:05:23.227+0000] {logging_mixin.py:188} INFO - [2026-03-19T01:05:23.227+0000] {dag.py:3089} INFO - Sync 3 DAGs
[2026-03-19T01:05:23.243+0000] {logging_mixin.py:188} INFO - [2026-03-19T01:05:23.242+0000] {dag.py:3947} INFO - Setting next_dagrun for transfer_from_minio_to_snowflake_accounts to 2026-03-19 01:04:00+00:00, run_after=2026-03-19 01:05:00+00:00
[2026-03-19T01:05:23.245+0000] {logging_mixin.py:188} INFO - [2026-03-19T01:05:23.245+0000] {dag.py:3947} INFO - Setting next_dagrun for transfer_from_minio_to_snowflake_customers to 2026-03-19 01:04:00+00:00, run_after=2026-03-19 01:05:00+00:00
[2026-03-19T01:05:23.247+0000] {logging_mixin.py:188} INFO - [2026-03-19T01:05:23.247+0000] {dag.py:3947} INFO - Setting next_dagrun for transfer_from_minio_to_snowflake_transactions to 2026-03-19 01:04:00+00:00, run_after=2026-03-19 01:05:00+00:00
[2026-03-19T01:05:23.254+0000] {processor.py:183} INFO - Processing /opt/airflow/dags/transfer.py took 0.128 seconds
[2026-03-19T01:05:53.731+0000] {processor.py:161} INFO - Started process (PID=9719) to work on /opt/airflow/dags/transfer.py
[2026-03-19T01:05:53.732+0000] {processor.py:830} INFO - Processing file /opt/airflow/dags/transfer.py for tasks to queue
[2026-03-19T01:05:53.737+0000] {logging_mixin.py:188} INFO - [2026-03-19T01:05:53.737+0000] {dagbag.py:545} INFO - Filling up the DagBag from /opt/airflow/dags/transfer.py
[2026-03-19T01:05:53.767+0000] {processor.py:840} INFO - DAG(s) 'transfer_from_minio_to_snowflake_accounts', 'transfer_from_minio_to_snowflake_transactions', 'transfer_from_minio_to_snowflake_customers' retrieved from /opt/airflow/dags/transfer.py
[2026-03-19T01:05:53.803+0000] {logging_mixin.py:188} INFO - [2026-03-19T01:05:53.802+0000] {dag.py:3089} INFO - Sync 3 DAGs
[2026-03-19T01:05:53.820+0000] {logging_mixin.py:188} INFO - [2026-03-19T01:05:53.819+0000] {dag.py:3947} INFO - Setting next_dagrun for transfer_from_minio_to_snowflake_accounts to 2026-03-19 01:04:00+00:00, run_after=2026-03-19 01:05:00+00:00
[2026-03-19T01:05:53.822+0000] {logging_mixin.py:188} INFO - [2026-03-19T01:05:53.822+0000] {dag.py:3947} INFO - Setting next_dagrun for transfer_from_minio_to_snowflake_customers to 2026-03-19 01:04:00+00:00, run_after=2026-03-19 01:05:00+00:00
[2026-03-19T01:05:53.824+0000] {logging_mixin.py:188} INFO - [2026-03-19T01:05:53.824+0000] {dag.py:3947} INFO - Setting next_dagrun for transfer_from_minio_to_snowflake_transactions to 2026-03-19 01:04:00+00:00, run_after=2026-03-19 01:05:00+00:00
[2026-03-19T01:05:53.831+0000] {processor.py:183} INFO - Processing /opt/airflow/dags/transfer.py took 0.113 seconds
[2026-03-19T01:06:24.287+0000] {processor.py:161} INFO - Started process (PID=9721) to work on /opt/airflow/dags/transfer.py
[2026-03-19T01:06:24.288+0000] {processor.py:830} INFO - Processing file /opt/airflow/dags/transfer.py for tasks to queue
[2026-03-19T01:06:24.290+0000] {logging_mixin.py:188} INFO - [2026-03-19T01:06:24.289+0000] {dagbag.py:545} INFO - Filling up the DagBag from /opt/airflow/dags/transfer.py
[2026-03-19T01:06:24.325+0000] {processor.py:840} INFO - DAG(s) 'transfer_from_minio_to_snowflake_accounts', 'transfer_from_minio_to_snowflake_transactions', 'transfer_from_minio_to_snowflake_customers' retrieved from /opt/airflow/dags/transfer.py
[2026-03-19T01:06:24.370+0000] {logging_mixin.py:188} INFO - [2026-03-19T01:06:24.370+0000] {dag.py:3089} INFO - Sync 3 DAGs
[2026-03-19T01:06:24.385+0000] {logging_mixin.py:188} INFO - [2026-03-19T01:06:24.384+0000] {dag.py:3947} INFO - Setting next_dagrun for transfer_from_minio_to_snowflake_accounts to 2026-03-19 01:05:00+00:00, run_after=2026-03-19 01:06:00+00:00
[2026-03-19T01:06:24.387+0000] {logging_mixin.py:188} INFO - [2026-03-19T01:06:24.387+0000] {dag.py:3947} INFO - Setting next_dagrun for transfer_from_minio_to_snowflake_customers to 2026-03-19 01:05:00+00:00, run_after=2026-03-19 01:06:00+00:00
[2026-03-19T01:06:24.389+0000] {logging_mixin.py:188} INFO - [2026-03-19T01:06:24.389+0000] {dag.py:3947} INFO - Setting next_dagrun for transfer_from_minio_to_snowflake_transactions to 2026-03-19 01:05:00+00:00, run_after=2026-03-19 01:06:00+00:00
[2026-03-19T01:06:24.397+0000] {processor.py:183} INFO - Processing /opt/airflow/dags/transfer.py took 0.119 seconds
[2026-03-19T01:06:54.926+0000] {processor.py:161} INFO - Started process (PID=9723) to work on /opt/airflow/dags/transfer.py
[2026-03-19T01:06:54.928+0000] {processor.py:830} INFO - Processing file /opt/airflow/dags/transfer.py for tasks to queue
[2026-03-19T01:06:54.935+0000] {logging_mixin.py:188} INFO - [2026-03-19T01:06:54.935+0000] {dagbag.py:545} INFO - Filling up the DagBag from /opt/airflow/dags/transfer.py
[2026-03-19T01:06:54.972+0000] {processor.py:840} INFO - DAG(s) 'transfer_from_minio_to_snowflake_transactions', 'transfer_from_minio_to_snowflake_customers', 'transfer_from_minio_to_snowflake_accounts' retrieved from /opt/airflow/dags/transfer.py
[2026-03-19T01:06:55.018+0000] {logging_mixin.py:188} INFO - [2026-03-19T01:06:55.018+0000] {dag.py:3089} INFO - Sync 3 DAGs
[2026-03-19T01:06:55.033+0000] {logging_mixin.py:188} INFO - [2026-03-19T01:06:55.033+0000] {dag.py:3947} INFO - Setting next_dagrun for transfer_from_minio_to_snowflake_accounts to 2026-03-19 01:05:00+00:00, run_after=2026-03-19 01:06:00+00:00
[2026-03-19T01:06:55.036+0000] {logging_mixin.py:188} INFO - [2026-03-19T01:06:55.036+0000] {dag.py:3947} INFO - Setting next_dagrun for transfer_from_minio_to_snowflake_customers to 2026-03-19 01:05:00+00:00, run_after=2026-03-19 01:06:00+00:00
[2026-03-19T01:06:55.038+0000] {logging_mixin.py:188} INFO - [2026-03-19T01:06:55.038+0000] {dag.py:3947} INFO - Setting next_dagrun for transfer_from_minio_to_snowflake_transactions to 2026-03-19 01:05:00+00:00, run_after=2026-03-19 01:06:00+00:00
[2026-03-19T01:06:55.047+0000] {processor.py:183} INFO - Processing /opt/airflow/dags/transfer.py took 0.128 seconds
[2026-03-19T01:07:25.446+0000] {processor.py:161} INFO - Started process (PID=9725) to work on /opt/airflow/dags/transfer.py
[2026-03-19T01:07:25.448+0000] {processor.py:830} INFO - Processing file /opt/airflow/dags/transfer.py for tasks to queue
[2026-03-19T01:07:25.450+0000] {logging_mixin.py:188} INFO - [2026-03-19T01:07:25.450+0000] {dagbag.py:545} INFO - Filling up the DagBag from /opt/airflow/dags/transfer.py
[2026-03-19T01:07:25.487+0000] {processor.py:840} INFO - DAG(s) 'transfer_from_minio_to_snowflake_customers', 'transfer_from_minio_to_snowflake_accounts', 'transfer_from_minio_to_snowflake_transactions' retrieved from /opt/airflow/dags/transfer.py
[2026-03-19T01:07:25.516+0000] {logging_mixin.py:188} INFO - [2026-03-19T01:07:25.515+0000] {dag.py:3089} INFO - Sync 3 DAGs
[2026-03-19T01:07:25.529+0000] {logging_mixin.py:188} INFO - [2026-03-19T01:07:25.529+0000] {dag.py:3947} INFO - Setting next_dagrun for transfer_from_minio_to_snowflake_accounts to 2026-03-19 01:06:00+00:00, run_after=2026-03-19 01:07:00+00:00
[2026-03-19T01:07:25.532+0000] {logging_mixin.py:188} INFO - [2026-03-19T01:07:25.532+0000] {dag.py:3947} INFO - Setting next_dagrun for transfer_from_minio_to_snowflake_customers to 2026-03-19 01:06:00+00:00, run_after=2026-03-19 01:07:00+00:00
[2026-03-19T01:07:25.534+0000] {logging_mixin.py:188} INFO - [2026-03-19T01:07:25.534+0000] {dag.py:3947} INFO - Setting next_dagrun for transfer_from_minio_to_snowflake_transactions to 2026-03-19 01:06:00+00:00, run_after=2026-03-19 01:07:00+00:00
[2026-03-19T01:07:25.544+0000] {processor.py:183} INFO - Processing /opt/airflow/dags/transfer.py took 0.111 seconds
[2026-03-19T01:07:56.071+0000] {processor.py:161} INFO - Started process (PID=9727) to work on /opt/airflow/dags/transfer.py
[2026-03-19T01:07:56.074+0000] {processor.py:830} INFO - Processing file /opt/airflow/dags/transfer.py for tasks to queue
[2026-03-19T01:07:56.079+0000] {logging_mixin.py:188} INFO - [2026-03-19T01:07:56.079+0000] {dagbag.py:545} INFO - Filling up the DagBag from /opt/airflow/dags/transfer.py
[2026-03-19T01:07:56.119+0000] {processor.py:840} INFO - DAG(s) 'transfer_from_minio_to_snowflake_accounts', 'transfer_from_minio_to_snowflake_customers', 'transfer_from_minio_to_snowflake_transactions' retrieved from /opt/airflow/dags/transfer.py
[2026-03-19T01:07:56.162+0000] {logging_mixin.py:188} INFO - [2026-03-19T01:07:56.162+0000] {dag.py:3089} INFO - Sync 3 DAGs
[2026-03-19T01:07:56.178+0000] {logging_mixin.py:188} INFO - [2026-03-19T01:07:56.178+0000] {dag.py:3947} INFO - Setting next_dagrun for transfer_from_minio_to_snowflake_accounts to 2026-03-19 01:06:00+00:00, run_after=2026-03-19 01:07:00+00:00
[2026-03-19T01:07:56.181+0000] {logging_mixin.py:188} INFO - [2026-03-19T01:07:56.181+0000] {dag.py:3947} INFO - Setting next_dagrun for transfer_from_minio_to_snowflake_customers to 2026-03-19 01:06:00+00:00, run_after=2026-03-19 01:07:00+00:00
[2026-03-19T01:07:56.183+0000] {logging_mixin.py:188} INFO - [2026-03-19T01:07:56.183+0000] {dag.py:3947} INFO - Setting next_dagrun for transfer_from_minio_to_snowflake_transactions to 2026-03-19 01:06:00+00:00, run_after=2026-03-19 01:07:00+00:00
[2026-03-19T01:07:56.190+0000] {processor.py:183} INFO - Processing /opt/airflow/dags/transfer.py took 0.139 seconds
[2026-03-19T01:08:26.577+0000] {processor.py:161} INFO - Started process (PID=9729) to work on /opt/airflow/dags/transfer.py
[2026-03-19T01:08:26.582+0000] {processor.py:830} INFO - Processing file /opt/airflow/dags/transfer.py for tasks to queue
[2026-03-19T01:08:26.585+0000] {logging_mixin.py:188} INFO - [2026-03-19T01:08:26.585+0000] {dagbag.py:545} INFO - Filling up the DagBag from /opt/airflow/dags/transfer.py
[2026-03-19T01:08:26.621+0000] {processor.py:840} INFO - DAG(s) 'transfer_from_minio_to_snowflake_transactions', 'transfer_from_minio_to_snowflake_customers', 'transfer_from_minio_to_snowflake_accounts' retrieved from /opt/airflow/dags/transfer.py
[2026-03-19T01:08:26.656+0000] {logging_mixin.py:188} INFO - [2026-03-19T01:08:26.655+0000] {dag.py:3089} INFO - Sync 3 DAGs
[2026-03-19T01:08:26.673+0000] {logging_mixin.py:188} INFO - [2026-03-19T01:08:26.673+0000] {dag.py:3947} INFO - Setting next_dagrun for transfer_from_minio_to_snowflake_accounts to 2026-03-19 01:07:00+00:00, run_after=2026-03-19 01:08:00+00:00
[2026-03-19T01:08:26.676+0000] {logging_mixin.py:188} INFO - [2026-03-19T01:08:26.676+0000] {dag.py:3947} INFO - Setting next_dagrun for transfer_from_minio_to_snowflake_customers to 2026-03-19 01:07:00+00:00, run_after=2026-03-19 01:08:00+00:00
[2026-03-19T01:08:26.677+0000] {logging_mixin.py:188} INFO - [2026-03-19T01:08:26.677+0000] {dag.py:3947} INFO - Setting next_dagrun for transfer_from_minio_to_snowflake_transactions to 2026-03-19 01:07:00+00:00, run_after=2026-03-19 01:08:00+00:00
[2026-03-19T01:08:26.684+0000] {processor.py:183} INFO - Processing /opt/airflow/dags/transfer.py took 0.119 seconds
[2026-03-19T01:08:57.217+0000] {processor.py:161} INFO - Started process (PID=9731) to work on /opt/airflow/dags/transfer.py
[2026-03-19T01:08:57.219+0000] {processor.py:830} INFO - Processing file /opt/airflow/dags/transfer.py for tasks to queue
[2026-03-19T01:08:57.221+0000] {logging_mixin.py:188} INFO - [2026-03-19T01:08:57.221+0000] {dagbag.py:545} INFO - Filling up the DagBag from /opt/airflow/dags/transfer.py
[2026-03-19T01:08:57.252+0000] {processor.py:840} INFO - DAG(s) 'transfer_from_minio_to_snowflake_customers', 'transfer_from_minio_to_snowflake_accounts', 'transfer_from_minio_to_snowflake_transactions' retrieved from /opt/airflow/dags/transfer.py
[2026-03-19T01:08:57.287+0000] {logging_mixin.py:188} INFO - [2026-03-19T01:08:57.287+0000] {dag.py:3089} INFO - Sync 3 DAGs
[2026-03-19T01:08:57.303+0000] {logging_mixin.py:188} INFO - [2026-03-19T01:08:57.303+0000] {dag.py:3947} INFO - Setting next_dagrun for transfer_from_minio_to_snowflake_accounts to 2026-03-19 01:07:00+00:00, run_after=2026-03-19 01:08:00+00:00
[2026-03-19T01:08:57.306+0000] {logging_mixin.py:188} INFO - [2026-03-19T01:08:57.306+0000] {dag.py:3947} INFO - Setting next_dagrun for transfer_from_minio_to_snowflake_customers to 2026-03-19 01:07:00+00:00, run_after=2026-03-19 01:08:00+00:00
[2026-03-19T01:08:57.308+0000] {logging_mixin.py:188} INFO - [2026-03-19T01:08:57.308+0000] {dag.py:3947} INFO - Setting next_dagrun for transfer_from_minio_to_snowflake_transactions to 2026-03-19 01:07:00+00:00, run_after=2026-03-19 01:08:00+00:00
[2026-03-19T01:08:57.315+0000] {processor.py:183} INFO - Processing /opt/airflow/dags/transfer.py took 0.110 seconds
[2026-03-19T01:09:27.775+0000] {processor.py:161} INFO - Started process (PID=9733) to work on /opt/airflow/dags/transfer.py
[2026-03-19T01:09:27.776+0000] {processor.py:830} INFO - Processing file /opt/airflow/dags/transfer.py for tasks to queue
[2026-03-19T01:09:27.778+0000] {logging_mixin.py:188} INFO - [2026-03-19T01:09:27.778+0000] {dagbag.py:545} INFO - Filling up the DagBag from /opt/airflow/dags/transfer.py
[2026-03-19T01:09:27.810+0000] {processor.py:840} INFO - DAG(s) 'transfer_from_minio_to_snowflake_customers', 'transfer_from_minio_to_snowflake_accounts', 'transfer_from_minio_to_snowflake_transactions' retrieved from /opt/airflow/dags/transfer.py
[2026-03-19T01:09:27.845+0000] {logging_mixin.py:188} INFO - [2026-03-19T01:09:27.844+0000] {dag.py:3089} INFO - Sync 3 DAGs
[2026-03-19T01:09:27.860+0000] {logging_mixin.py:188} INFO - [2026-03-19T01:09:27.860+0000] {dag.py:3947} INFO - Setting next_dagrun for transfer_from_minio_to_snowflake_accounts to 2026-03-19 01:08:00+00:00, run_after=2026-03-19 01:09:00+00:00
[2026-03-19T01:09:27.863+0000] {logging_mixin.py:188} INFO - [2026-03-19T01:09:27.862+0000] {dag.py:3947} INFO - Setting next_dagrun for transfer_from_minio_to_snowflake_customers to 2026-03-19 01:08:00+00:00, run_after=2026-03-19 01:09:00+00:00
[2026-03-19T01:09:27.864+0000] {logging_mixin.py:188} INFO - [2026-03-19T01:09:27.864+0000] {dag.py:3947} INFO - Setting next_dagrun for transfer_from_minio_to_snowflake_transactions to 2026-03-19 01:08:00+00:00, run_after=2026-03-19 01:09:00+00:00
[2026-03-19T01:09:27.871+0000] {processor.py:183} INFO - Processing /opt/airflow/dags/transfer.py took 0.109 seconds
[2026-03-19T01:09:58.418+0000] {processor.py:161} INFO - Started process (PID=9735) to work on /opt/airflow/dags/transfer.py
[2026-03-19T01:09:58.421+0000] {processor.py:830} INFO - Processing file /opt/airflow/dags/transfer.py for tasks to queue
[2026-03-19T01:09:58.428+0000] {logging_mixin.py:188} INFO - [2026-03-19T01:09:58.427+0000] {dagbag.py:545} INFO - Filling up the DagBag from /opt/airflow/dags/transfer.py
[2026-03-19T01:09:58.467+0000] {processor.py:840} INFO - DAG(s) 'transfer_from_minio_to_snowflake_accounts', 'transfer_from_minio_to_snowflake_customers', 'transfer_from_minio_to_snowflake_transactions' retrieved from /opt/airflow/dags/transfer.py
[2026-03-19T01:09:58.511+0000] {logging_mixin.py:188} INFO - [2026-03-19T01:09:58.510+0000] {dag.py:3089} INFO - Sync 3 DAGs
[2026-03-19T01:09:58.535+0000] {logging_mixin.py:188} INFO - [2026-03-19T01:09:58.535+0000] {dag.py:3947} INFO - Setting next_dagrun for transfer_from_minio_to_snowflake_accounts to 2026-03-19 01:08:00+00:00, run_after=2026-03-19 01:09:00+00:00
[2026-03-19T01:09:58.538+0000] {logging_mixin.py:188} INFO - [2026-03-19T01:09:58.538+0000] {dag.py:3947} INFO - Setting next_dagrun for transfer_from_minio_to_snowflake_customers to 2026-03-19 01:08:00+00:00, run_after=2026-03-19 01:09:00+00:00
[2026-03-19T01:09:58.540+0000] {logging_mixin.py:188} INFO - [2026-03-19T01:09:58.540+0000] {dag.py:3947} INFO - Setting next_dagrun for transfer_from_minio_to_snowflake_transactions to 2026-03-19 01:08:00+00:00, run_after=2026-03-19 01:09:00+00:00
[2026-03-19T01:09:58.555+0000] {processor.py:183} INFO - Processing /opt/airflow/dags/transfer.py took 0.149 seconds
[2026-03-19T01:10:29.171+0000] {processor.py:161} INFO - Started process (PID=9737) to work on /opt/airflow/dags/transfer.py
[2026-03-19T01:10:29.176+0000] {processor.py:830} INFO - Processing file /opt/airflow/dags/transfer.py for tasks to queue
[2026-03-19T01:10:29.183+0000] {logging_mixin.py:188} INFO - [2026-03-19T01:10:29.182+0000] {dagbag.py:545} INFO - Filling up the DagBag from /opt/airflow/dags/transfer.py
[2026-03-19T01:10:29.235+0000] {processor.py:840} INFO - DAG(s) 'transfer_from_minio_to_snowflake_transactions', 'transfer_from_minio_to_snowflake_accounts', 'transfer_from_minio_to_snowflake_customers' retrieved from /opt/airflow/dags/transfer.py
[2026-03-19T01:10:29.266+0000] {logging_mixin.py:188} INFO - [2026-03-19T01:10:29.266+0000] {dag.py:3089} INFO - Sync 3 DAGs
[2026-03-19T01:10:29.280+0000] {logging_mixin.py:188} INFO - [2026-03-19T01:10:29.280+0000] {dag.py:3947} INFO - Setting next_dagrun for transfer_from_minio_to_snowflake_accounts to 2026-03-19 01:09:00+00:00, run_after=2026-03-19 01:10:00+00:00
[2026-03-19T01:10:29.284+0000] {logging_mixin.py:188} INFO - [2026-03-19T01:10:29.284+0000] {dag.py:3947} INFO - Setting next_dagrun for transfer_from_minio_to_snowflake_customers to 2026-03-19 01:09:00+00:00, run_after=2026-03-19 01:10:00+00:00
[2026-03-19T01:10:29.285+0000] {logging_mixin.py:188} INFO - [2026-03-19T01:10:29.285+0000] {dag.py:3947} INFO - Setting next_dagrun for transfer_from_minio_to_snowflake_transactions to 2026-03-19 01:09:00+00:00, run_after=2026-03-19 01:10:00+00:00
[2026-03-19T01:10:29.293+0000] {processor.py:183} INFO - Processing /opt/airflow/dags/transfer.py took 0.128 seconds
[2026-03-19T01:10:59.716+0000] {processor.py:161} INFO - Started process (PID=9739) to work on /opt/airflow/dags/transfer.py
[2026-03-19T01:10:59.717+0000] {processor.py:830} INFO - Processing file /opt/airflow/dags/transfer.py for tasks to queue
[2026-03-19T01:10:59.730+0000] {logging_mixin.py:188} INFO - [2026-03-19T01:10:59.728+0000] {dagbag.py:545} INFO - Filling up the DagBag from /opt/airflow/dags/transfer.py
[2026-03-19T01:10:59.771+0000] {processor.py:840} INFO - DAG(s) 'transfer_from_minio_to_snowflake_customers', 'transfer_from_minio_to_snowflake_accounts', 'transfer_from_minio_to_snowflake_transactions' retrieved from /opt/airflow/dags/transfer.py
[2026-03-19T01:10:59.822+0000] {logging_mixin.py:188} INFO - [2026-03-19T01:10:59.821+0000] {dag.py:3089} INFO - Sync 3 DAGs
[2026-03-19T01:10:59.863+0000] {logging_mixin.py:188} INFO - [2026-03-19T01:10:59.863+0000] {dag.py:3947} INFO - Setting next_dagrun for transfer_from_minio_to_snowflake_accounts to 2026-03-19 01:09:00+00:00, run_after=2026-03-19 01:10:00+00:00
[2026-03-19T01:10:59.875+0000] {logging_mixin.py:188} INFO - [2026-03-19T01:10:59.874+0000] {dag.py:3947} INFO - Setting next_dagrun for transfer_from_minio_to_snowflake_customers to 2026-03-19 01:09:00+00:00, run_after=2026-03-19 01:10:00+00:00
[2026-03-19T01:10:59.876+0000] {logging_mixin.py:188} INFO - [2026-03-19T01:10:59.876+0000] {dag.py:3947} INFO - Setting next_dagrun for transfer_from_minio_to_snowflake_transactions to 2026-03-19 01:09:00+00:00, run_after=2026-03-19 01:10:00+00:00
[2026-03-19T01:10:59.903+0000] {processor.py:183} INFO - Processing /opt/airflow/dags/transfer.py took 0.201 seconds
[2026-03-19T01:11:30.373+0000] {processor.py:161} INFO - Started process (PID=9741) to work on /opt/airflow/dags/transfer.py
[2026-03-19T01:11:30.386+0000] {processor.py:830} INFO - Processing file /opt/airflow/dags/transfer.py for tasks to queue
[2026-03-19T01:11:30.387+0000] {logging_mixin.py:188} INFO - [2026-03-19T01:11:30.386+0000] {dagbag.py:545} INFO - Filling up the DagBag from /opt/airflow/dags/transfer.py
[2026-03-19T01:11:30.408+0000] {processor.py:840} INFO - DAG(s) 'transfer_from_minio_to_snowflake_customers', 'transfer_from_minio_to_snowflake_transactions', 'transfer_from_minio_to_snowflake_accounts' retrieved from /opt/airflow/dags/transfer.py
[2026-03-19T01:11:30.468+0000] {logging_mixin.py:188} INFO - [2026-03-19T01:11:30.468+0000] {dag.py:3089} INFO - Sync 3 DAGs
[2026-03-19T01:11:30.504+0000] {logging_mixin.py:188} INFO - [2026-03-19T01:11:30.504+0000] {dag.py:3947} INFO - Setting next_dagrun for transfer_from_minio_to_snowflake_accounts to 2026-03-19 01:10:00+00:00, run_after=2026-03-19 01:11:00+00:00
[2026-03-19T01:11:30.508+0000] {logging_mixin.py:188} INFO - [2026-03-19T01:11:30.508+0000] {dag.py:3947} INFO - Setting next_dagrun for transfer_from_minio_to_snowflake_customers to 2026-03-19 01:10:00+00:00, run_after=2026-03-19 01:11:00+00:00
[2026-03-19T01:11:30.510+0000] {logging_mixin.py:188} INFO - [2026-03-19T01:11:30.510+0000] {dag.py:3947} INFO - Setting next_dagrun for transfer_from_minio_to_snowflake_transactions to 2026-03-19 01:10:00+00:00, run_after=2026-03-19 01:11:00+00:00
[2026-03-19T01:11:30.521+0000] {processor.py:183} INFO - Processing /opt/airflow/dags/transfer.py took 0.189 seconds
[2026-03-19T01:12:00.843+0000] {processor.py:161} INFO - Started process (PID=9743) to work on /opt/airflow/dags/transfer.py
[2026-03-19T01:12:00.847+0000] {processor.py:830} INFO - Processing file /opt/airflow/dags/transfer.py for tasks to queue
[2026-03-19T01:12:00.851+0000] {logging_mixin.py:188} INFO - [2026-03-19T01:12:00.851+0000] {dagbag.py:545} INFO - Filling up the DagBag from /opt/airflow/dags/transfer.py
[2026-03-19T01:12:00.888+0000] {processor.py:840} INFO - DAG(s) 'transfer_from_minio_to_snowflake_transactions', 'transfer_from_minio_to_snowflake_accounts', 'transfer_from_minio_to_snowflake_customers' retrieved from /opt/airflow/dags/transfer.py
[2026-03-19T01:12:00.920+0000] {logging_mixin.py:188} INFO - [2026-03-19T01:12:00.920+0000] {dag.py:3089} INFO - Sync 3 DAGs
[2026-03-19T01:12:00.938+0000] {logging_mixin.py:188} INFO - [2026-03-19T01:12:00.938+0000] {dag.py:3947} INFO - Setting next_dagrun for transfer_from_minio_to_snowflake_accounts to 2026-03-19 01:11:00+00:00, run_after=2026-03-19 01:12:00+00:00
[2026-03-19T01:12:00.942+0000] {logging_mixin.py:188} INFO - [2026-03-19T01:12:00.942+0000] {dag.py:3947} INFO - Setting next_dagrun for transfer_from_minio_to_snowflake_customers to 2026-03-19 01:11:00+00:00, run_after=2026-03-19 01:12:00+00:00
[2026-03-19T01:12:00.943+0000] {logging_mixin.py:188} INFO - [2026-03-19T01:12:00.943+0000] {dag.py:3947} INFO - Setting next_dagrun for transfer_from_minio_to_snowflake_transactions to 2026-03-19 01:11:00+00:00, run_after=2026-03-19 01:12:00+00:00
[2026-03-19T01:12:00.951+0000] {processor.py:183} INFO - Processing /opt/airflow/dags/transfer.py took 0.116 seconds
[2026-03-19T01:12:31.314+0000] {processor.py:161} INFO - Started process (PID=9745) to work on /opt/airflow/dags/transfer.py
[2026-03-19T01:12:31.315+0000] {processor.py:830} INFO - Processing file /opt/airflow/dags/transfer.py for tasks to queue
[2026-03-19T01:12:31.320+0000] {logging_mixin.py:188} INFO - [2026-03-19T01:12:31.319+0000] {dagbag.py:545} INFO - Filling up the DagBag from /opt/airflow/dags/transfer.py
[2026-03-19T01:12:31.364+0000] {processor.py:840} INFO - DAG(s) 'transfer_from_minio_to_snowflake_accounts', 'transfer_from_minio_to_snowflake_transactions', 'transfer_from_minio_to_snowflake_customers' retrieved from /opt/airflow/dags/transfer.py
[2026-03-19T01:12:31.404+0000] {logging_mixin.py:188} INFO - [2026-03-19T01:12:31.403+0000] {dag.py:3089} INFO - Sync 3 DAGs
[2026-03-19T01:12:31.424+0000] {logging_mixin.py:188} INFO - [2026-03-19T01:12:31.424+0000] {dag.py:3947} INFO - Setting next_dagrun for transfer_from_minio_to_snowflake_accounts to 2026-03-19 01:11:00+00:00, run_after=2026-03-19 01:12:00+00:00
[2026-03-19T01:12:31.427+0000] {logging_mixin.py:188} INFO - [2026-03-19T01:12:31.427+0000] {dag.py:3947} INFO - Setting next_dagrun for transfer_from_minio_to_snowflake_customers to 2026-03-19 01:11:00+00:00, run_after=2026-03-19 01:12:00+00:00
[2026-03-19T01:12:31.429+0000] {logging_mixin.py:188} INFO - [2026-03-19T01:12:31.429+0000] {dag.py:3947} INFO - Setting next_dagrun for transfer_from_minio_to_snowflake_transactions to 2026-03-19 01:11:00+00:00, run_after=2026-03-19 01:12:00+00:00
[2026-03-19T01:12:31.436+0000] {processor.py:183} INFO - Processing /opt/airflow/dags/transfer.py took 0.134 seconds
[2026-03-19T01:13:01.901+0000] {processor.py:161} INFO - Started process (PID=9747) to work on /opt/airflow/dags/transfer.py
[2026-03-19T01:13:01.907+0000] {processor.py:830} INFO - Processing file /opt/airflow/dags/transfer.py for tasks to queue
[2026-03-19T01:13:01.911+0000] {logging_mixin.py:188} INFO - [2026-03-19T01:13:01.911+0000] {dagbag.py:545} INFO - Filling up the DagBag from /opt/airflow/dags/transfer.py
[2026-03-19T01:13:01.945+0000] {processor.py:840} INFO - DAG(s) 'transfer_from_minio_to_snowflake_transactions', 'transfer_from_minio_to_snowflake_customers', 'transfer_from_minio_to_snowflake_accounts' retrieved from /opt/airflow/dags/transfer.py
[2026-03-19T01:13:02.000+0000] {logging_mixin.py:188} INFO - [2026-03-19T01:13:02.000+0000] {dag.py:3089} INFO - Sync 3 DAGs
[2026-03-19T01:13:02.036+0000] {logging_mixin.py:188} INFO - [2026-03-19T01:13:02.036+0000] {dag.py:3947} INFO - Setting next_dagrun for transfer_from_minio_to_snowflake_accounts to 2026-03-19 01:12:00+00:00, run_after=2026-03-19 01:13:00+00:00
[2026-03-19T01:13:02.039+0000] {logging_mixin.py:188} INFO - [2026-03-19T01:13:02.039+0000] {dag.py:3947} INFO - Setting next_dagrun for transfer_from_minio_to_snowflake_customers to 2026-03-19 01:12:00+00:00, run_after=2026-03-19 01:13:00+00:00
[2026-03-19T01:13:02.041+0000] {logging_mixin.py:188} INFO - [2026-03-19T01:13:02.041+0000] {dag.py:3947} INFO - Setting next_dagrun for transfer_from_minio_to_snowflake_transactions to 2026-03-19 01:12:00+00:00, run_after=2026-03-19 01:13:00+00:00
[2026-03-19T01:13:02.050+0000] {processor.py:183} INFO - Processing /opt/airflow/dags/transfer.py took 0.158 seconds
[2026-03-19T01:13:32.585+0000] {processor.py:161} INFO - Started process (PID=9749) to work on /opt/airflow/dags/transfer.py
[2026-03-19T01:13:32.587+0000] {processor.py:830} INFO - Processing file /opt/airflow/dags/transfer.py for tasks to queue
[2026-03-19T01:13:32.592+0000] {logging_mixin.py:188} INFO - [2026-03-19T01:13:32.591+0000] {dagbag.py:545} INFO - Filling up the DagBag from /opt/airflow/dags/transfer.py
[2026-03-19T01:13:32.628+0000] {processor.py:840} INFO - DAG(s) 'transfer_from_minio_to_snowflake_transactions', 'transfer_from_minio_to_snowflake_customers', 'transfer_from_minio_to_snowflake_accounts' retrieved from /opt/airflow/dags/transfer.py
[2026-03-19T01:13:32.660+0000] {logging_mixin.py:188} INFO - [2026-03-19T01:13:32.659+0000] {dag.py:3089} INFO - Sync 3 DAGs
[2026-03-19T01:13:32.675+0000] {logging_mixin.py:188} INFO - [2026-03-19T01:13:32.675+0000] {dag.py:3947} INFO - Setting next_dagrun for transfer_from_minio_to_snowflake_accounts to 2026-03-19 01:12:00+00:00, run_after=2026-03-19 01:13:00+00:00
[2026-03-19T01:13:32.678+0000] {logging_mixin.py:188} INFO - [2026-03-19T01:13:32.678+0000] {dag.py:3947} INFO - Setting next_dagrun for transfer_from_minio_to_snowflake_customers to 2026-03-19 01:12:00+00:00, run_after=2026-03-19 01:13:00+00:00
[2026-03-19T01:13:32.679+0000] {logging_mixin.py:188} INFO - [2026-03-19T01:13:32.679+0000] {dag.py:3947} INFO - Setting next_dagrun for transfer_from_minio_to_snowflake_transactions to 2026-03-19 01:12:00+00:00, run_after=2026-03-19 01:13:00+00:00
[2026-03-19T01:13:32.690+0000] {processor.py:183} INFO - Processing /opt/airflow/dags/transfer.py took 0.120 seconds
[2026-03-19T01:14:03.314+0000] {processor.py:161} INFO - Started process (PID=9751) to work on /opt/airflow/dags/transfer.py
[2026-03-19T01:14:03.315+0000] {processor.py:830} INFO - Processing file /opt/airflow/dags/transfer.py for tasks to queue
[2026-03-19T01:14:03.317+0000] {logging_mixin.py:188} INFO - [2026-03-19T01:14:03.317+0000] {dagbag.py:545} INFO - Filling up the DagBag from /opt/airflow/dags/transfer.py
[2026-03-19T01:14:03.355+0000] {processor.py:840} INFO - DAG(s) 'transfer_from_minio_to_snowflake_customers', 'transfer_from_minio_to_snowflake_accounts', 'transfer_from_minio_to_snowflake_transactions' retrieved from /opt/airflow/dags/transfer.py
[2026-03-19T01:14:03.390+0000] {logging_mixin.py:188} INFO - [2026-03-19T01:14:03.390+0000] {dag.py:3089} INFO - Sync 3 DAGs
[2026-03-19T01:14:03.411+0000] {logging_mixin.py:188} INFO - [2026-03-19T01:14:03.411+0000] {dag.py:3947} INFO - Setting next_dagrun for transfer_from_minio_to_snowflake_accounts to 2026-03-19 01:13:00+00:00, run_after=2026-03-19 01:14:00+00:00
[2026-03-19T01:14:03.414+0000] {logging_mixin.py:188} INFO - [2026-03-19T01:14:03.414+0000] {dag.py:3947} INFO - Setting next_dagrun for transfer_from_minio_to_snowflake_customers to 2026-03-19 01:13:00+00:00, run_after=2026-03-19 01:14:00+00:00
[2026-03-19T01:14:03.415+0000] {logging_mixin.py:188} INFO - [2026-03-19T01:14:03.415+0000] {dag.py:3947} INFO - Setting next_dagrun for transfer_from_minio_to_snowflake_transactions to 2026-03-19 01:13:00+00:00, run_after=2026-03-19 01:14:00+00:00
[2026-03-19T01:14:03.423+0000] {processor.py:183} INFO - Processing /opt/airflow/dags/transfer.py took 0.120 seconds
[2026-03-19T01:14:34.026+0000] {processor.py:161} INFO - Started process (PID=9753) to work on /opt/airflow/dags/transfer.py
[2026-03-19T01:14:34.027+0000] {processor.py:830} INFO - Processing file /opt/airflow/dags/transfer.py for tasks to queue
[2026-03-19T01:14:34.035+0000] {logging_mixin.py:188} INFO - [2026-03-19T01:14:34.034+0000] {dagbag.py:545} INFO - Filling up the DagBag from /opt/airflow/dags/transfer.py
[2026-03-19T01:14:34.086+0000] {processor.py:840} INFO - DAG(s) 'transfer_from_minio_to_snowflake_accounts', 'transfer_from_minio_to_snowflake_transactions', 'transfer_from_minio_to_snowflake_customers' retrieved from /opt/airflow/dags/transfer.py
[2026-03-19T01:14:34.138+0000] {logging_mixin.py:188} INFO - [2026-03-19T01:14:34.137+0000] {dag.py:3089} INFO - Sync 3 DAGs
[2026-03-19T01:14:34.160+0000] {logging_mixin.py:188} INFO - [2026-03-19T01:14:34.160+0000] {dag.py:3947} INFO - Setting next_dagrun for transfer_from_minio_to_snowflake_accounts to 2026-03-19 01:13:00+00:00, run_after=2026-03-19 01:14:00+00:00
[2026-03-19T01:14:34.164+0000] {logging_mixin.py:188} INFO - [2026-03-19T01:14:34.163+0000] {dag.py:3947} INFO - Setting next_dagrun for transfer_from_minio_to_snowflake_customers to 2026-03-19 01:13:00+00:00, run_after=2026-03-19 01:14:00+00:00
[2026-03-19T01:14:34.165+0000] {logging_mixin.py:188} INFO - [2026-03-19T01:14:34.165+0000] {dag.py:3947} INFO - Setting next_dagrun for transfer_from_minio_to_snowflake_transactions to 2026-03-19 01:13:00+00:00, run_after=2026-03-19 01:14:00+00:00
[2026-03-19T01:14:34.175+0000] {processor.py:183} INFO - Processing /opt/airflow/dags/transfer.py took 0.166 seconds
[2026-03-19T01:15:04.722+0000] {processor.py:161} INFO - Started process (PID=9755) to work on /opt/airflow/dags/transfer.py
[2026-03-19T01:15:04.724+0000] {processor.py:830} INFO - Processing file /opt/airflow/dags/transfer.py for tasks to queue
[2026-03-19T01:15:04.726+0000] {logging_mixin.py:188} INFO - [2026-03-19T01:15:04.726+0000] {dagbag.py:545} INFO - Filling up the DagBag from /opt/airflow/dags/transfer.py
[2026-03-19T01:15:04.765+0000] {processor.py:840} INFO - DAG(s) 'transfer_from_minio_to_snowflake_customers', 'transfer_from_minio_to_snowflake_transactions', 'transfer_from_minio_to_snowflake_accounts' retrieved from /opt/airflow/dags/transfer.py
[2026-03-19T01:15:04.807+0000] {logging_mixin.py:188} INFO - [2026-03-19T01:15:04.807+0000] {dag.py:3089} INFO - Sync 3 DAGs
[2026-03-19T01:15:04.821+0000] {logging_mixin.py:188} INFO - [2026-03-19T01:15:04.821+0000] {dag.py:3947} INFO - Setting next_dagrun for transfer_from_minio_to_snowflake_accounts to 2026-03-19 01:14:00+00:00, run_after=2026-03-19 01:15:00+00:00
[2026-03-19T01:15:04.824+0000] {logging_mixin.py:188} INFO - [2026-03-19T01:15:04.824+0000] {dag.py:3947} INFO - Setting next_dagrun for transfer_from_minio_to_snowflake_customers to 2026-03-19 01:14:00+00:00, run_after=2026-03-19 01:15:00+00:00
[2026-03-19T01:15:04.826+0000] {logging_mixin.py:188} INFO - [2026-03-19T01:15:04.825+0000] {dag.py:3947} INFO - Setting next_dagrun for transfer_from_minio_to_snowflake_transactions to 2026-03-19 01:14:00+00:00, run_after=2026-03-19 01:15:00+00:00
[2026-03-19T01:15:04.836+0000] {processor.py:183} INFO - Processing /opt/airflow/dags/transfer.py took 0.127 seconds
[2026-03-19T01:15:35.368+0000] {processor.py:161} INFO - Started process (PID=9757) to work on /opt/airflow/dags/transfer.py
[2026-03-19T01:15:35.371+0000] {processor.py:830} INFO - Processing file /opt/airflow/dags/transfer.py for tasks to queue
[2026-03-19T01:15:35.377+0000] {logging_mixin.py:188} INFO - [2026-03-19T01:15:35.374+0000] {dagbag.py:545} INFO - Filling up the DagBag from /opt/airflow/dags/transfer.py
[2026-03-19T01:15:35.416+0000] {processor.py:840} INFO - DAG(s) 'transfer_from_minio_to_snowflake_transactions', 'transfer_from_minio_to_snowflake_accounts', 'transfer_from_minio_to_snowflake_customers' retrieved from /opt/airflow/dags/transfer.py
[2026-03-19T01:15:35.451+0000] {logging_mixin.py:188} INFO - [2026-03-19T01:15:35.451+0000] {dag.py:3089} INFO - Sync 3 DAGs
[2026-03-19T01:15:35.467+0000] {logging_mixin.py:188} INFO - [2026-03-19T01:15:35.467+0000] {dag.py:3947} INFO - Setting next_dagrun for transfer_from_minio_to_snowflake_accounts to 2026-03-19 01:14:00+00:00, run_after=2026-03-19 01:15:00+00:00
[2026-03-19T01:15:35.470+0000] {logging_mixin.py:188} INFO - [2026-03-19T01:15:35.470+0000] {dag.py:3947} INFO - Setting next_dagrun for transfer_from_minio_to_snowflake_customers to 2026-03-19 01:14:00+00:00, run_after=2026-03-19 01:15:00+00:00
[2026-03-19T01:15:35.471+0000] {logging_mixin.py:188} INFO - [2026-03-19T01:15:35.471+0000] {dag.py:3947} INFO - Setting next_dagrun for transfer_from_minio_to_snowflake_transactions to 2026-03-19 01:14:00+00:00, run_after=2026-03-19 01:15:00+00:00
[2026-03-19T01:15:35.479+0000] {processor.py:183} INFO - Processing /opt/airflow/dags/transfer.py took 0.119 seconds
[2026-03-19T01:16:06.036+0000] {processor.py:161} INFO - Started process (PID=9759) to work on /opt/airflow/dags/transfer.py
[2026-03-19T01:16:06.039+0000] {processor.py:830} INFO - Processing file /opt/airflow/dags/transfer.py for tasks to queue
[2026-03-19T01:16:06.042+0000] {logging_mixin.py:188} INFO - [2026-03-19T01:16:06.042+0000] {dagbag.py:545} INFO - Filling up the DagBag from /opt/airflow/dags/transfer.py
[2026-03-19T01:16:06.085+0000] {processor.py:840} INFO - DAG(s) 'transfer_from_minio_to_snowflake_accounts', 'transfer_from_minio_to_snowflake_transactions', 'transfer_from_minio_to_snowflake_customers' retrieved from /opt/airflow/dags/transfer.py
[2026-03-19T01:16:06.125+0000] {logging_mixin.py:188} INFO - [2026-03-19T01:16:06.125+0000] {dag.py:3089} INFO - Sync 3 DAGs
[2026-03-19T01:16:06.142+0000] {logging_mixin.py:188} INFO - [2026-03-19T01:16:06.142+0000] {dag.py:3947} INFO - Setting next_dagrun for transfer_from_minio_to_snowflake_accounts to 2026-03-19 01:15:00+00:00, run_after=2026-03-19 01:16:00+00:00
[2026-03-19T01:16:06.145+0000] {logging_mixin.py:188} INFO - [2026-03-19T01:16:06.145+0000] {dag.py:3947} INFO - Setting next_dagrun for transfer_from_minio_to_snowflake_customers to 2026-03-19 01:15:00+00:00, run_after=2026-03-19 01:16:00+00:00
[2026-03-19T01:16:06.147+0000] {logging_mixin.py:188} INFO - [2026-03-19T01:16:06.147+0000] {dag.py:3947} INFO - Setting next_dagrun for transfer_from_minio_to_snowflake_transactions to 2026-03-19 01:15:00+00:00, run_after=2026-03-19 01:16:00+00:00
[2026-03-19T01:16:06.155+0000] {processor.py:183} INFO - Processing /opt/airflow/dags/transfer.py took 0.126 seconds
[2026-03-19T01:16:36.749+0000] {processor.py:161} INFO - Started process (PID=9761) to work on /opt/airflow/dags/transfer.py
[2026-03-19T01:16:36.752+0000] {processor.py:830} INFO - Processing file /opt/airflow/dags/transfer.py for tasks to queue
[2026-03-19T01:16:36.754+0000] {logging_mixin.py:188} INFO - [2026-03-19T01:16:36.754+0000] {dagbag.py:545} INFO - Filling up the DagBag from /opt/airflow/dags/transfer.py
[2026-03-19T01:16:36.797+0000] {processor.py:840} INFO - DAG(s) 'transfer_from_minio_to_snowflake_transactions', 'transfer_from_minio_to_snowflake_accounts', 'transfer_from_minio_to_snowflake_customers' retrieved from /opt/airflow/dags/transfer.py
[2026-03-19T01:16:36.840+0000] {logging_mixin.py:188} INFO - [2026-03-19T01:16:36.840+0000] {dag.py:3089} INFO - Sync 3 DAGs
[2026-03-19T01:16:36.858+0000] {logging_mixin.py:188} INFO - [2026-03-19T01:16:36.857+0000] {dag.py:3947} INFO - Setting next_dagrun for transfer_from_minio_to_snowflake_accounts to 2026-03-19 01:15:00+00:00, run_after=2026-03-19 01:16:00+00:00
[2026-03-19T01:16:36.861+0000] {logging_mixin.py:188} INFO - [2026-03-19T01:16:36.860+0000] {dag.py:3947} INFO - Setting next_dagrun for transfer_from_minio_to_snowflake_customers to 2026-03-19 01:15:00+00:00, run_after=2026-03-19 01:16:00+00:00
[2026-03-19T01:16:36.862+0000] {logging_mixin.py:188} INFO - [2026-03-19T01:16:36.862+0000] {dag.py:3947} INFO - Setting next_dagrun for transfer_from_minio_to_snowflake_transactions to 2026-03-19 01:15:00+00:00, run_after=2026-03-19 01:16:00+00:00
[2026-03-19T01:16:36.869+0000] {processor.py:183} INFO - Processing /opt/airflow/dags/transfer.py took 0.128 seconds
[2026-03-19T01:17:07.387+0000] {processor.py:161} INFO - Started process (PID=9763) to work on /opt/airflow/dags/transfer.py
[2026-03-19T01:17:07.389+0000] {processor.py:830} INFO - Processing file /opt/airflow/dags/transfer.py for tasks to queue
[2026-03-19T01:17:07.393+0000] {logging_mixin.py:188} INFO - [2026-03-19T01:17:07.392+0000] {dagbag.py:545} INFO - Filling up the DagBag from /opt/airflow/dags/transfer.py
[2026-03-19T01:17:07.430+0000] {processor.py:840} INFO - DAG(s) 'transfer_from_minio_to_snowflake_accounts', 'transfer_from_minio_to_snowflake_customers', 'transfer_from_minio_to_snowflake_transactions' retrieved from /opt/airflow/dags/transfer.py
[2026-03-19T01:17:07.470+0000] {logging_mixin.py:188} INFO - [2026-03-19T01:17:07.469+0000] {dag.py:3089} INFO - Sync 3 DAGs
[2026-03-19T01:17:07.485+0000] {logging_mixin.py:188} INFO - [2026-03-19T01:17:07.485+0000] {dag.py:3947} INFO - Setting next_dagrun for transfer_from_minio_to_snowflake_accounts to 2026-03-19 01:16:00+00:00, run_after=2026-03-19 01:17:00+00:00
[2026-03-19T01:17:07.488+0000] {logging_mixin.py:188} INFO - [2026-03-19T01:17:07.488+0000] {dag.py:3947} INFO - Setting next_dagrun for transfer_from_minio_to_snowflake_customers to 2026-03-19 01:16:00+00:00, run_after=2026-03-19 01:17:00+00:00
[2026-03-19T01:17:07.489+0000] {logging_mixin.py:188} INFO - [2026-03-19T01:17:07.489+0000] {dag.py:3947} INFO - Setting next_dagrun for transfer_from_minio_to_snowflake_transactions to 2026-03-19 01:16:00+00:00, run_after=2026-03-19 01:17:00+00:00
[2026-03-19T01:17:07.501+0000] {processor.py:183} INFO - Processing /opt/airflow/dags/transfer.py took 0.131 seconds
[2026-03-19T01:17:38.050+0000] {processor.py:161} INFO - Started process (PID=9765) to work on /opt/airflow/dags/transfer.py
[2026-03-19T01:17:38.052+0000] {processor.py:830} INFO - Processing file /opt/airflow/dags/transfer.py for tasks to queue
[2026-03-19T01:17:38.062+0000] {logging_mixin.py:188} INFO - [2026-03-19T01:17:38.054+0000] {dagbag.py:545} INFO - Filling up the DagBag from /opt/airflow/dags/transfer.py
[2026-03-19T01:17:38.088+0000] {processor.py:840} INFO - DAG(s) 'transfer_from_minio_to_snowflake_transactions', 'transfer_from_minio_to_snowflake_accounts', 'transfer_from_minio_to_snowflake_customers' retrieved from /opt/airflow/dags/transfer.py
[2026-03-19T01:17:38.113+0000] {logging_mixin.py:188} INFO - [2026-03-19T01:17:38.113+0000] {dag.py:3089} INFO - Sync 3 DAGs
[2026-03-19T01:17:38.129+0000] {logging_mixin.py:188} INFO - [2026-03-19T01:17:38.129+0000] {dag.py:3947} INFO - Setting next_dagrun for transfer_from_minio_to_snowflake_accounts to 2026-03-19 01:16:00+00:00, run_after=2026-03-19 01:17:00+00:00
[2026-03-19T01:17:38.131+0000] {logging_mixin.py:188} INFO - [2026-03-19T01:17:38.131+0000] {dag.py:3947} INFO - Setting next_dagrun for transfer_from_minio_to_snowflake_customers to 2026-03-19 01:16:00+00:00, run_after=2026-03-19 01:17:00+00:00
[2026-03-19T01:17:38.133+0000] {logging_mixin.py:188} INFO - [2026-03-19T01:17:38.133+0000] {dag.py:3947} INFO - Setting next_dagrun for transfer_from_minio_to_snowflake_transactions to 2026-03-19 01:16:00+00:00, run_after=2026-03-19 01:17:00+00:00
[2026-03-19T01:17:38.141+0000] {processor.py:183} INFO - Processing /opt/airflow/dags/transfer.py took 0.105 seconds
[2026-03-19T01:18:08.789+0000] {processor.py:161} INFO - Started process (PID=9767) to work on /opt/airflow/dags/transfer.py
[2026-03-19T01:18:08.797+0000] {processor.py:830} INFO - Processing file /opt/airflow/dags/transfer.py for tasks to queue
[2026-03-19T01:18:08.799+0000] {logging_mixin.py:188} INFO - [2026-03-19T01:18:08.799+0000] {dagbag.py:545} INFO - Filling up the DagBag from /opt/airflow/dags/transfer.py
[2026-03-19T01:18:08.830+0000] {processor.py:840} INFO - DAG(s) 'transfer_from_minio_to_snowflake_accounts', 'transfer_from_minio_to_snowflake_customers', 'transfer_from_minio_to_snowflake_transactions' retrieved from /opt/airflow/dags/transfer.py
[2026-03-19T01:18:08.871+0000] {logging_mixin.py:188} INFO - [2026-03-19T01:18:08.871+0000] {dag.py:3089} INFO - Sync 3 DAGs
[2026-03-19T01:18:08.893+0000] {logging_mixin.py:188} INFO - [2026-03-19T01:18:08.892+0000] {dag.py:3947} INFO - Setting next_dagrun for transfer_from_minio_to_snowflake_accounts to 2026-03-19 01:17:00+00:00, run_after=2026-03-19 01:18:00+00:00
[2026-03-19T01:18:08.895+0000] {logging_mixin.py:188} INFO - [2026-03-19T01:18:08.895+0000] {dag.py:3947} INFO - Setting next_dagrun for transfer_from_minio_to_snowflake_customers to 2026-03-19 01:17:00+00:00, run_after=2026-03-19 01:18:00+00:00
[2026-03-19T01:18:08.897+0000] {logging_mixin.py:188} INFO - [2026-03-19T01:18:08.897+0000] {dag.py:3947} INFO - Setting next_dagrun for transfer_from_minio_to_snowflake_transactions to 2026-03-19 01:17:00+00:00, run_after=2026-03-19 01:18:00+00:00
[2026-03-19T01:18:08.912+0000] {processor.py:183} INFO - Processing /opt/airflow/dags/transfer.py took 0.137 seconds
[2026-03-19T01:18:39.503+0000] {processor.py:161} INFO - Started process (PID=9769) to work on /opt/airflow/dags/transfer.py
[2026-03-19T01:18:39.507+0000] {processor.py:830} INFO - Processing file /opt/airflow/dags/transfer.py for tasks to queue
[2026-03-19T01:18:39.509+0000] {logging_mixin.py:188} INFO - [2026-03-19T01:18:39.509+0000] {dagbag.py:545} INFO - Filling up the DagBag from /opt/airflow/dags/transfer.py
[2026-03-19T01:18:39.544+0000] {processor.py:840} INFO - DAG(s) 'transfer_from_minio_to_snowflake_accounts', 'transfer_from_minio_to_snowflake_transactions', 'transfer_from_minio_to_snowflake_customers' retrieved from /opt/airflow/dags/transfer.py
[2026-03-19T01:18:39.580+0000] {logging_mixin.py:188} INFO - [2026-03-19T01:18:39.579+0000] {dag.py:3089} INFO - Sync 3 DAGs
[2026-03-19T01:18:39.597+0000] {logging_mixin.py:188} INFO - [2026-03-19T01:18:39.597+0000] {dag.py:3947} INFO - Setting next_dagrun for transfer_from_minio_to_snowflake_accounts to 2026-03-19 01:17:00+00:00, run_after=2026-03-19 01:18:00+00:00
[2026-03-19T01:18:39.601+0000] {logging_mixin.py:188} INFO - [2026-03-19T01:18:39.600+0000] {dag.py:3947} INFO - Setting next_dagrun for transfer_from_minio_to_snowflake_customers to 2026-03-19 01:17:00+00:00, run_after=2026-03-19 01:18:00+00:00
[2026-03-19T01:18:39.602+0000] {logging_mixin.py:188} INFO - [2026-03-19T01:18:39.602+0000] {dag.py:3947} INFO - Setting next_dagrun for transfer_from_minio_to_snowflake_transactions to 2026-03-19 01:17:00+00:00, run_after=2026-03-19 01:18:00+00:00
[2026-03-19T01:18:39.610+0000] {processor.py:183} INFO - Processing /opt/airflow/dags/transfer.py took 0.126 seconds
[2026-03-19T01:19:10.113+0000] {processor.py:161} INFO - Started process (PID=9771) to work on /opt/airflow/dags/transfer.py
[2026-03-19T01:19:10.116+0000] {processor.py:830} INFO - Processing file /opt/airflow/dags/transfer.py for tasks to queue
[2026-03-19T01:19:10.119+0000] {logging_mixin.py:188} INFO - [2026-03-19T01:19:10.119+0000] {dagbag.py:545} INFO - Filling up the DagBag from /opt/airflow/dags/transfer.py
[2026-03-19T01:19:10.157+0000] {processor.py:840} INFO - DAG(s) 'transfer_from_minio_to_snowflake_customers', 'transfer_from_minio_to_snowflake_transactions', 'transfer_from_minio_to_snowflake_accounts' retrieved from /opt/airflow/dags/transfer.py
[2026-03-19T01:19:10.188+0000] {logging_mixin.py:188} INFO - [2026-03-19T01:19:10.188+0000] {dag.py:3089} INFO - Sync 3 DAGs
[2026-03-19T01:19:10.202+0000] {logging_mixin.py:188} INFO - [2026-03-19T01:19:10.202+0000] {dag.py:3947} INFO - Setting next_dagrun for transfer_from_minio_to_snowflake_accounts to 2026-03-19 01:18:00+00:00, run_after=2026-03-19 01:19:00+00:00
[2026-03-19T01:19:10.206+0000] {logging_mixin.py:188} INFO - [2026-03-19T01:19:10.206+0000] {dag.py:3947} INFO - Setting next_dagrun for transfer_from_minio_to_snowflake_customers to 2026-03-19 01:18:00+00:00, run_after=2026-03-19 01:19:00+00:00
[2026-03-19T01:19:10.207+0000] {logging_mixin.py:188} INFO - [2026-03-19T01:19:10.207+0000] {dag.py:3947} INFO - Setting next_dagrun for transfer_from_minio_to_snowflake_transactions to 2026-03-19 01:18:00+00:00, run_after=2026-03-19 01:19:00+00:00
[2026-03-19T01:19:10.216+0000] {processor.py:183} INFO - Processing /opt/airflow/dags/transfer.py took 0.112 seconds
[2026-03-19T01:19:40.760+0000] {processor.py:161} INFO - Started process (PID=9773) to work on /opt/airflow/dags/transfer.py
[2026-03-19T01:19:40.761+0000] {processor.py:830} INFO - Processing file /opt/airflow/dags/transfer.py for tasks to queue
[2026-03-19T01:19:40.765+0000] {logging_mixin.py:188} INFO - [2026-03-19T01:19:40.765+0000] {dagbag.py:545} INFO - Filling up the DagBag from /opt/airflow/dags/transfer.py
[2026-03-19T01:19:40.801+0000] {processor.py:840} INFO - DAG(s) 'transfer_from_minio_to_snowflake_customers', 'transfer_from_minio_to_snowflake_accounts', 'transfer_from_minio_to_snowflake_transactions' retrieved from /opt/airflow/dags/transfer.py
[2026-03-19T01:19:40.844+0000] {logging_mixin.py:188} INFO - [2026-03-19T01:19:40.844+0000] {dag.py:3089} INFO - Sync 3 DAGs
[2026-03-19T01:19:40.862+0000] {logging_mixin.py:188} INFO - [2026-03-19T01:19:40.861+0000] {dag.py:3947} INFO - Setting next_dagrun for transfer_from_minio_to_snowflake_accounts to 2026-03-19 01:18:00+00:00, run_after=2026-03-19 01:19:00+00:00
[2026-03-19T01:19:40.865+0000] {logging_mixin.py:188} INFO - [2026-03-19T01:19:40.865+0000] {dag.py:3947} INFO - Setting next_dagrun for transfer_from_minio_to_snowflake_customers to 2026-03-19 01:18:00+00:00, run_after=2026-03-19 01:19:00+00:00
[2026-03-19T01:19:40.866+0000] {logging_mixin.py:188} INFO - [2026-03-19T01:19:40.866+0000] {dag.py:3947} INFO - Setting next_dagrun for transfer_from_minio_to_snowflake_transactions to 2026-03-19 01:18:00+00:00, run_after=2026-03-19 01:19:00+00:00
[2026-03-19T01:19:40.873+0000] {processor.py:183} INFO - Processing /opt/airflow/dags/transfer.py took 0.127 seconds
[2026-03-19T01:20:11.359+0000] {processor.py:161} INFO - Started process (PID=9775) to work on /opt/airflow/dags/transfer.py
[2026-03-19T01:20:11.360+0000] {processor.py:830} INFO - Processing file /opt/airflow/dags/transfer.py for tasks to queue
[2026-03-19T01:20:11.364+0000] {logging_mixin.py:188} INFO - [2026-03-19T01:20:11.364+0000] {dagbag.py:545} INFO - Filling up the DagBag from /opt/airflow/dags/transfer.py
[2026-03-19T01:20:11.403+0000] {processor.py:840} INFO - DAG(s) 'transfer_from_minio_to_snowflake_accounts', 'transfer_from_minio_to_snowflake_transactions', 'transfer_from_minio_to_snowflake_customers' retrieved from /opt/airflow/dags/transfer.py
[2026-03-19T01:20:11.441+0000] {logging_mixin.py:188} INFO - [2026-03-19T01:20:11.441+0000] {dag.py:3089} INFO - Sync 3 DAGs
[2026-03-19T01:20:11.455+0000] {logging_mixin.py:188} INFO - [2026-03-19T01:20:11.455+0000] {dag.py:3947} INFO - Setting next_dagrun for transfer_from_minio_to_snowflake_accounts to 2026-03-19 01:19:00+00:00, run_after=2026-03-19 01:20:00+00:00
[2026-03-19T01:20:11.460+0000] {logging_mixin.py:188} INFO - [2026-03-19T01:20:11.460+0000] {dag.py:3947} INFO - Setting next_dagrun for transfer_from_minio_to_snowflake_customers to 2026-03-19 01:19:00+00:00, run_after=2026-03-19 01:20:00+00:00
[2026-03-19T01:20:11.461+0000] {logging_mixin.py:188} INFO - [2026-03-19T01:20:11.461+0000] {dag.py:3947} INFO - Setting next_dagrun for transfer_from_minio_to_snowflake_transactions to 2026-03-19 01:19:00+00:00, run_after=2026-03-19 01:20:00+00:00
[2026-03-19T01:20:11.470+0000] {processor.py:183} INFO - Processing /opt/airflow/dags/transfer.py took 0.129 seconds
[2026-03-19T01:20:41.986+0000] {processor.py:161} INFO - Started process (PID=9777) to work on /opt/airflow/dags/transfer.py
[2026-03-19T01:20:41.989+0000] {processor.py:830} INFO - Processing file /opt/airflow/dags/transfer.py for tasks to queue
[2026-03-19T01:20:41.993+0000] {logging_mixin.py:188} INFO - [2026-03-19T01:20:41.992+0000] {dagbag.py:545} INFO - Filling up the DagBag from /opt/airflow/dags/transfer.py
[2026-03-19T01:20:42.029+0000] {processor.py:840} INFO - DAG(s) 'transfer_from_minio_to_snowflake_accounts', 'transfer_from_minio_to_snowflake_customers', 'transfer_from_minio_to_snowflake_transactions' retrieved from /opt/airflow/dags/transfer.py
[2026-03-19T01:20:42.064+0000] {logging_mixin.py:188} INFO - [2026-03-19T01:20:42.063+0000] {dag.py:3089} INFO - Sync 3 DAGs
[2026-03-19T01:20:42.080+0000] {logging_mixin.py:188} INFO - [2026-03-19T01:20:42.080+0000] {dag.py:3947} INFO - Setting next_dagrun for transfer_from_minio_to_snowflake_accounts to 2026-03-19 01:19:00+00:00, run_after=2026-03-19 01:20:00+00:00
[2026-03-19T01:20:42.083+0000] {logging_mixin.py:188} INFO - [2026-03-19T01:20:42.083+0000] {dag.py:3947} INFO - Setting next_dagrun for transfer_from_minio_to_snowflake_customers to 2026-03-19 01:19:00+00:00, run_after=2026-03-19 01:20:00+00:00
[2026-03-19T01:20:42.084+0000] {logging_mixin.py:188} INFO - [2026-03-19T01:20:42.084+0000] {dag.py:3947} INFO - Setting next_dagrun for transfer_from_minio_to_snowflake_transactions to 2026-03-19 01:19:00+00:00, run_after=2026-03-19 01:20:00+00:00
[2026-03-19T01:20:42.091+0000] {processor.py:183} INFO - Processing /opt/airflow/dags/transfer.py took 0.114 seconds
[2026-03-19T01:21:12.740+0000] {processor.py:161} INFO - Started process (PID=9779) to work on /opt/airflow/dags/transfer.py
[2026-03-19T01:21:12.743+0000] {processor.py:830} INFO - Processing file /opt/airflow/dags/transfer.py for tasks to queue
[2026-03-19T01:21:12.748+0000] {logging_mixin.py:188} INFO - [2026-03-19T01:21:12.748+0000] {dagbag.py:545} INFO - Filling up the DagBag from /opt/airflow/dags/transfer.py
[2026-03-19T01:21:12.785+0000] {processor.py:840} INFO - DAG(s) 'transfer_from_minio_to_snowflake_transactions', 'transfer_from_minio_to_snowflake_accounts', 'transfer_from_minio_to_snowflake_customers' retrieved from /opt/airflow/dags/transfer.py
[2026-03-19T01:21:12.845+0000] {logging_mixin.py:188} INFO - [2026-03-19T01:21:12.845+0000] {dag.py:3089} INFO - Sync 3 DAGs
[2026-03-19T01:21:12.859+0000] {logging_mixin.py:188} INFO - [2026-03-19T01:21:12.859+0000] {dag.py:3947} INFO - Setting next_dagrun for transfer_from_minio_to_snowflake_accounts to 2026-03-19 01:20:00+00:00, run_after=2026-03-19 01:21:00+00:00
[2026-03-19T01:21:12.862+0000] {logging_mixin.py:188} INFO - [2026-03-19T01:21:12.862+0000] {dag.py:3947} INFO - Setting next_dagrun for transfer_from_minio_to_snowflake_customers to 2026-03-19 01:20:00+00:00, run_after=2026-03-19 01:21:00+00:00
[2026-03-19T01:21:12.863+0000] {logging_mixin.py:188} INFO - [2026-03-19T01:21:12.863+0000] {dag.py:3947} INFO - Setting next_dagrun for transfer_from_minio_to_snowflake_transactions to 2026-03-19 01:20:00+00:00, run_after=2026-03-19 01:21:00+00:00
[2026-03-19T01:21:12.874+0000] {processor.py:183} INFO - Processing /opt/airflow/dags/transfer.py took 0.142 seconds
[2026-03-19T01:21:43.383+0000] {processor.py:161} INFO - Started process (PID=9781) to work on /opt/airflow/dags/transfer.py
[2026-03-19T01:21:43.387+0000] {processor.py:830} INFO - Processing file /opt/airflow/dags/transfer.py for tasks to queue
[2026-03-19T01:21:43.394+0000] {logging_mixin.py:188} INFO - [2026-03-19T01:21:43.391+0000] {dagbag.py:545} INFO - Filling up the DagBag from /opt/airflow/dags/transfer.py
[2026-03-19T01:21:43.428+0000] {processor.py:840} INFO - DAG(s) 'transfer_from_minio_to_snowflake_accounts', 'transfer_from_minio_to_snowflake_customers', 'transfer_from_minio_to_snowflake_transactions' retrieved from /opt/airflow/dags/transfer.py
[2026-03-19T01:21:43.467+0000] {logging_mixin.py:188} INFO - [2026-03-19T01:21:43.467+0000] {dag.py:3089} INFO - Sync 3 DAGs
[2026-03-19T01:21:43.489+0000] {logging_mixin.py:188} INFO - [2026-03-19T01:21:43.489+0000] {dag.py:3947} INFO - Setting next_dagrun for transfer_from_minio_to_snowflake_accounts to 2026-03-19 01:20:00+00:00, run_after=2026-03-19 01:21:00+00:00
[2026-03-19T01:21:43.492+0000] {logging_mixin.py:188} INFO - [2026-03-19T01:21:43.492+0000] {dag.py:3947} INFO - Setting next_dagrun for transfer_from_minio_to_snowflake_customers to 2026-03-19 01:20:00+00:00, run_after=2026-03-19 01:21:00+00:00
[2026-03-19T01:21:43.494+0000] {logging_mixin.py:188} INFO - [2026-03-19T01:21:43.493+0000] {dag.py:3947} INFO - Setting next_dagrun for transfer_from_minio_to_snowflake_transactions to 2026-03-19 01:20:00+00:00, run_after=2026-03-19 01:21:00+00:00
[2026-03-19T01:21:43.501+0000] {processor.py:183} INFO - Processing /opt/airflow/dags/transfer.py took 0.130 seconds
[2026-03-19T01:22:13.976+0000] {processor.py:161} INFO - Started process (PID=9783) to work on /opt/airflow/dags/transfer.py
[2026-03-19T01:22:13.978+0000] {processor.py:830} INFO - Processing file /opt/airflow/dags/transfer.py for tasks to queue
[2026-03-19T01:22:13.980+0000] {logging_mixin.py:188} INFO - [2026-03-19T01:22:13.979+0000] {dagbag.py:545} INFO - Filling up the DagBag from /opt/airflow/dags/transfer.py
[2026-03-19T01:22:14.018+0000] {processor.py:840} INFO - DAG(s) 'transfer_from_minio_to_snowflake_accounts', 'transfer_from_minio_to_snowflake_transactions', 'transfer_from_minio_to_snowflake_customers' retrieved from /opt/airflow/dags/transfer.py
[2026-03-19T01:22:14.051+0000] {logging_mixin.py:188} INFO - [2026-03-19T01:22:14.050+0000] {dag.py:3089} INFO - Sync 3 DAGs
[2026-03-19T01:22:14.068+0000] {logging_mixin.py:188} INFO - [2026-03-19T01:22:14.068+0000] {dag.py:3947} INFO - Setting next_dagrun for transfer_from_minio_to_snowflake_accounts to 2026-03-19 01:21:00+00:00, run_after=2026-03-19 01:22:00+00:00
[2026-03-19T01:22:14.071+0000] {logging_mixin.py:188} INFO - [2026-03-19T01:22:14.071+0000] {dag.py:3947} INFO - Setting next_dagrun for transfer_from_minio_to_snowflake_customers to 2026-03-19 01:21:00+00:00, run_after=2026-03-19 01:22:00+00:00
[2026-03-19T01:22:14.073+0000] {logging_mixin.py:188} INFO - [2026-03-19T01:22:14.073+0000] {dag.py:3947} INFO - Setting next_dagrun for transfer_from_minio_to_snowflake_transactions to 2026-03-19 01:21:00+00:00, run_after=2026-03-19 01:22:00+00:00
[2026-03-19T01:22:14.084+0000] {processor.py:183} INFO - Processing /opt/airflow/dags/transfer.py took 0.116 seconds
[2026-03-19T01:22:44.616+0000] {processor.py:161} INFO - Started process (PID=9785) to work on /opt/airflow/dags/transfer.py
[2026-03-19T01:22:44.619+0000] {processor.py:830} INFO - Processing file /opt/airflow/dags/transfer.py for tasks to queue
[2026-03-19T01:22:44.624+0000] {logging_mixin.py:188} INFO - [2026-03-19T01:22:44.623+0000] {dagbag.py:545} INFO - Filling up the DagBag from /opt/airflow/dags/transfer.py
[2026-03-19T01:22:44.654+0000] {processor.py:840} INFO - DAG(s) 'transfer_from_minio_to_snowflake_accounts', 'transfer_from_minio_to_snowflake_customers', 'transfer_from_minio_to_snowflake_transactions' retrieved from /opt/airflow/dags/transfer.py
[2026-03-19T01:22:44.707+0000] {logging_mixin.py:188} INFO - [2026-03-19T01:22:44.706+0000] {dag.py:3089} INFO - Sync 3 DAGs
[2026-03-19T01:22:44.727+0000] {logging_mixin.py:188} INFO - [2026-03-19T01:22:44.727+0000] {dag.py:3947} INFO - Setting next_dagrun for transfer_from_minio_to_snowflake_accounts to 2026-03-19 01:21:00+00:00, run_after=2026-03-19 01:22:00+00:00
[2026-03-19T01:22:44.730+0000] {logging_mixin.py:188} INFO - [2026-03-19T01:22:44.730+0000] {dag.py:3947} INFO - Setting next_dagrun for transfer_from_minio_to_snowflake_customers to 2026-03-19 01:21:00+00:00, run_after=2026-03-19 01:22:00+00:00
[2026-03-19T01:22:44.731+0000] {logging_mixin.py:188} INFO - [2026-03-19T01:22:44.731+0000] {dag.py:3947} INFO - Setting next_dagrun for transfer_from_minio_to_snowflake_transactions to 2026-03-19 01:21:00+00:00, run_after=2026-03-19 01:22:00+00:00
[2026-03-19T01:22:44.738+0000] {processor.py:183} INFO - Processing /opt/airflow/dags/transfer.py took 0.149 seconds
[2026-03-19T01:23:15.398+0000] {processor.py:161} INFO - Started process (PID=9787) to work on /opt/airflow/dags/transfer.py
[2026-03-19T01:23:15.399+0000] {processor.py:830} INFO - Processing file /opt/airflow/dags/transfer.py for tasks to queue
[2026-03-19T01:23:15.407+0000] {logging_mixin.py:188} INFO - [2026-03-19T01:23:15.403+0000] {dagbag.py:545} INFO - Filling up the DagBag from /opt/airflow/dags/transfer.py
[2026-03-19T01:23:15.437+0000] {processor.py:840} INFO - DAG(s) 'transfer_from_minio_to_snowflake_transactions', 'transfer_from_minio_to_snowflake_customers', 'transfer_from_minio_to_snowflake_accounts' retrieved from /opt/airflow/dags/transfer.py
[2026-03-19T01:23:15.501+0000] {logging_mixin.py:188} INFO - [2026-03-19T01:23:15.501+0000] {dag.py:3089} INFO - Sync 3 DAGs
[2026-03-19T01:23:15.517+0000] {logging_mixin.py:188} INFO - [2026-03-19T01:23:15.517+0000] {dag.py:3947} INFO - Setting next_dagrun for transfer_from_minio_to_snowflake_accounts to 2026-03-19 01:22:00+00:00, run_after=2026-03-19 01:23:00+00:00
[2026-03-19T01:23:15.520+0000] {logging_mixin.py:188} INFO - [2026-03-19T01:23:15.520+0000] {dag.py:3947} INFO - Setting next_dagrun for transfer_from_minio_to_snowflake_customers to 2026-03-19 01:22:00+00:00, run_after=2026-03-19 01:23:00+00:00
[2026-03-19T01:23:15.521+0000] {logging_mixin.py:188} INFO - [2026-03-19T01:23:15.521+0000] {dag.py:3947} INFO - Setting next_dagrun for transfer_from_minio_to_snowflake_transactions to 2026-03-19 01:22:00+00:00, run_after=2026-03-19 01:23:00+00:00
[2026-03-19T01:23:15.529+0000] {processor.py:183} INFO - Processing /opt/airflow/dags/transfer.py took 0.139 seconds
[2026-03-19T01:23:46.053+0000] {processor.py:161} INFO - Started process (PID=9789) to work on /opt/airflow/dags/transfer.py
[2026-03-19T01:23:46.055+0000] {processor.py:830} INFO - Processing file /opt/airflow/dags/transfer.py for tasks to queue
[2026-03-19T01:23:46.059+0000] {logging_mixin.py:188} INFO - [2026-03-19T01:23:46.058+0000] {dagbag.py:545} INFO - Filling up the DagBag from /opt/airflow/dags/transfer.py
[2026-03-19T01:23:46.103+0000] {processor.py:840} INFO - DAG(s) 'transfer_from_minio_to_snowflake_customers', 'transfer_from_minio_to_snowflake_accounts', 'transfer_from_minio_to_snowflake_transactions' retrieved from /opt/airflow/dags/transfer.py
[2026-03-19T01:23:46.149+0000] {logging_mixin.py:188} INFO - [2026-03-19T01:23:46.149+0000] {dag.py:3089} INFO - Sync 3 DAGs
[2026-03-19T01:23:46.164+0000] {logging_mixin.py:188} INFO - [2026-03-19T01:23:46.164+0000] {dag.py:3947} INFO - Setting next_dagrun for transfer_from_minio_to_snowflake_accounts to 2026-03-19 01:22:00+00:00, run_after=2026-03-19 01:23:00+00:00
[2026-03-19T01:23:46.167+0000] {logging_mixin.py:188} INFO - [2026-03-19T01:23:46.167+0000] {dag.py:3947} INFO - Setting next_dagrun for transfer_from_minio_to_snowflake_customers to 2026-03-19 01:22:00+00:00, run_after=2026-03-19 01:23:00+00:00
[2026-03-19T01:23:46.169+0000] {logging_mixin.py:188} INFO - [2026-03-19T01:23:46.169+0000] {dag.py:3947} INFO - Setting next_dagrun for transfer_from_minio_to_snowflake_transactions to 2026-03-19 01:22:00+00:00, run_after=2026-03-19 01:23:00+00:00
[2026-03-19T01:23:46.176+0000] {processor.py:183} INFO - Processing /opt/airflow/dags/transfer.py took 0.150 seconds
[2026-03-19T01:24:16.650+0000] {processor.py:161} INFO - Started process (PID=9791) to work on /opt/airflow/dags/transfer.py
[2026-03-19T01:24:16.652+0000] {processor.py:830} INFO - Processing file /opt/airflow/dags/transfer.py for tasks to queue
[2026-03-19T01:24:16.655+0000] {logging_mixin.py:188} INFO - [2026-03-19T01:24:16.655+0000] {dagbag.py:545} INFO - Filling up the DagBag from /opt/airflow/dags/transfer.py
[2026-03-19T01:24:16.702+0000] {processor.py:840} INFO - DAG(s) 'transfer_from_minio_to_snowflake_accounts', 'transfer_from_minio_to_snowflake_customers', 'transfer_from_minio_to_snowflake_transactions' retrieved from /opt/airflow/dags/transfer.py
[2026-03-19T01:24:16.754+0000] {logging_mixin.py:188} INFO - [2026-03-19T01:24:16.754+0000] {dag.py:3089} INFO - Sync 3 DAGs
[2026-03-19T01:24:16.771+0000] {logging_mixin.py:188} INFO - [2026-03-19T01:24:16.770+0000] {dag.py:3947} INFO - Setting next_dagrun for transfer_from_minio_to_snowflake_accounts to 2026-03-19 01:23:00+00:00, run_after=2026-03-19 01:24:00+00:00
[2026-03-19T01:24:16.774+0000] {logging_mixin.py:188} INFO - [2026-03-19T01:24:16.773+0000] {dag.py:3947} INFO - Setting next_dagrun for transfer_from_minio_to_snowflake_customers to 2026-03-19 01:23:00+00:00, run_after=2026-03-19 01:24:00+00:00
[2026-03-19T01:24:16.775+0000] {logging_mixin.py:188} INFO - [2026-03-19T01:24:16.775+0000] {dag.py:3947} INFO - Setting next_dagrun for transfer_from_minio_to_snowflake_transactions to 2026-03-19 01:23:00+00:00, run_after=2026-03-19 01:24:00+00:00
[2026-03-19T01:24:16.782+0000] {processor.py:183} INFO - Processing /opt/airflow/dags/transfer.py took 0.144 seconds
[2026-03-19T01:24:47.337+0000] {processor.py:161} INFO - Started process (PID=9793) to work on /opt/airflow/dags/transfer.py
[2026-03-19T01:24:47.343+0000] {processor.py:830} INFO - Processing file /opt/airflow/dags/transfer.py for tasks to queue
[2026-03-19T01:24:47.345+0000] {logging_mixin.py:188} INFO - [2026-03-19T01:24:47.345+0000] {dagbag.py:545} INFO - Filling up the DagBag from /opt/airflow/dags/transfer.py
[2026-03-19T01:24:47.382+0000] {processor.py:840} INFO - DAG(s) 'transfer_from_minio_to_snowflake_accounts', 'transfer_from_minio_to_snowflake_customers', 'transfer_from_minio_to_snowflake_transactions' retrieved from /opt/airflow/dags/transfer.py
[2026-03-19T01:24:47.419+0000] {logging_mixin.py:188} INFO - [2026-03-19T01:24:47.418+0000] {dag.py:3089} INFO - Sync 3 DAGs
[2026-03-19T01:24:47.434+0000] {logging_mixin.py:188} INFO - [2026-03-19T01:24:47.434+0000] {dag.py:3947} INFO - Setting next_dagrun for transfer_from_minio_to_snowflake_accounts to 2026-03-19 01:23:00+00:00, run_after=2026-03-19 01:24:00+00:00
[2026-03-19T01:24:47.437+0000] {logging_mixin.py:188} INFO - [2026-03-19T01:24:47.437+0000] {dag.py:3947} INFO - Setting next_dagrun for transfer_from_minio_to_snowflake_customers to 2026-03-19 01:23:00+00:00, run_after=2026-03-19 01:24:00+00:00
[2026-03-19T01:24:47.439+0000] {logging_mixin.py:188} INFO - [2026-03-19T01:24:47.439+0000] {dag.py:3947} INFO - Setting next_dagrun for transfer_from_minio_to_snowflake_transactions to 2026-03-19 01:23:00+00:00, run_after=2026-03-19 01:24:00+00:00
[2026-03-19T01:24:47.446+0000] {processor.py:183} INFO - Processing /opt/airflow/dags/transfer.py took 0.122 seconds
[2026-03-19T01:25:18.070+0000] {processor.py:161} INFO - Started process (PID=9795) to work on /opt/airflow/dags/transfer.py
[2026-03-19T01:25:18.072+0000] {processor.py:830} INFO - Processing file /opt/airflow/dags/transfer.py for tasks to queue
[2026-03-19T01:25:18.075+0000] {logging_mixin.py:188} INFO - [2026-03-19T01:25:18.075+0000] {dagbag.py:545} INFO - Filling up the DagBag from /opt/airflow/dags/transfer.py
[2026-03-19T01:25:18.113+0000] {processor.py:840} INFO - DAG(s) 'transfer_from_minio_to_snowflake_transactions', 'transfer_from_minio_to_snowflake_accounts', 'transfer_from_minio_to_snowflake_customers' retrieved from /opt/airflow/dags/transfer.py
[2026-03-19T01:25:18.149+0000] {logging_mixin.py:188} INFO - [2026-03-19T01:25:18.149+0000] {dag.py:3089} INFO - Sync 3 DAGs
[2026-03-19T01:25:18.166+0000] {logging_mixin.py:188} INFO - [2026-03-19T01:25:18.166+0000] {dag.py:3947} INFO - Setting next_dagrun for transfer_from_minio_to_snowflake_accounts to 2026-03-19 01:24:00+00:00, run_after=2026-03-19 01:25:00+00:00
[2026-03-19T01:25:18.169+0000] {logging_mixin.py:188} INFO - [2026-03-19T01:25:18.169+0000] {dag.py:3947} INFO - Setting next_dagrun for transfer_from_minio_to_snowflake_customers to 2026-03-19 01:24:00+00:00, run_after=2026-03-19 01:25:00+00:00
[2026-03-19T01:25:18.171+0000] {logging_mixin.py:188} INFO - [2026-03-19T01:25:18.171+0000] {dag.py:3947} INFO - Setting next_dagrun for transfer_from_minio_to_snowflake_transactions to 2026-03-19 01:24:00+00:00, run_after=2026-03-19 01:25:00+00:00
[2026-03-19T01:25:18.179+0000] {processor.py:183} INFO - Processing /opt/airflow/dags/transfer.py took 0.121 seconds
[2026-03-19T01:25:48.693+0000] {processor.py:161} INFO - Started process (PID=9797) to work on /opt/airflow/dags/transfer.py
[2026-03-19T01:25:48.696+0000] {processor.py:830} INFO - Processing file /opt/airflow/dags/transfer.py for tasks to queue
[2026-03-19T01:25:48.702+0000] {logging_mixin.py:188} INFO - [2026-03-19T01:25:48.702+0000] {dagbag.py:545} INFO - Filling up the DagBag from /opt/airflow/dags/transfer.py
[2026-03-19T01:25:48.733+0000] {processor.py:840} INFO - DAG(s) 'transfer_from_minio_to_snowflake_transactions', 'transfer_from_minio_to_snowflake_customers', 'transfer_from_minio_to_snowflake_accounts' retrieved from /opt/airflow/dags/transfer.py
[2026-03-19T01:25:48.780+0000] {logging_mixin.py:188} INFO - [2026-03-19T01:25:48.780+0000] {dag.py:3089} INFO - Sync 3 DAGs
[2026-03-19T01:25:48.798+0000] {logging_mixin.py:188} INFO - [2026-03-19T01:25:48.797+0000] {dag.py:3947} INFO - Setting next_dagrun for transfer_from_minio_to_snowflake_accounts to 2026-03-19 01:24:00+00:00, run_after=2026-03-19 01:25:00+00:00
[2026-03-19T01:25:48.801+0000] {logging_mixin.py:188} INFO - [2026-03-19T01:25:48.801+0000] {dag.py:3947} INFO - Setting next_dagrun for transfer_from_minio_to_snowflake_customers to 2026-03-19 01:24:00+00:00, run_after=2026-03-19 01:25:00+00:00
[2026-03-19T01:25:48.802+0000] {logging_mixin.py:188} INFO - [2026-03-19T01:25:48.802+0000] {dag.py:3947} INFO - Setting next_dagrun for transfer_from_minio_to_snowflake_transactions to 2026-03-19 01:24:00+00:00, run_after=2026-03-19 01:25:00+00:00
[2026-03-19T01:25:48.812+0000] {processor.py:183} INFO - Processing /opt/airflow/dags/transfer.py took 0.135 seconds
[2026-03-19T01:26:19.460+0000] {processor.py:161} INFO - Started process (PID=9799) to work on /opt/airflow/dags/transfer.py
[2026-03-19T01:26:19.466+0000] {processor.py:830} INFO - Processing file /opt/airflow/dags/transfer.py for tasks to queue
[2026-03-19T01:26:19.470+0000] {logging_mixin.py:188} INFO - [2026-03-19T01:26:19.470+0000] {dagbag.py:545} INFO - Filling up the DagBag from /opt/airflow/dags/transfer.py
[2026-03-19T01:26:19.512+0000] {processor.py:840} INFO - DAG(s) 'transfer_from_minio_to_snowflake_customers', 'transfer_from_minio_to_snowflake_accounts', 'transfer_from_minio_to_snowflake_transactions' retrieved from /opt/airflow/dags/transfer.py
[2026-03-19T01:26:19.550+0000] {logging_mixin.py:188} INFO - [2026-03-19T01:26:19.550+0000] {dag.py:3089} INFO - Sync 3 DAGs
[2026-03-19T01:26:19.569+0000] {logging_mixin.py:188} INFO - [2026-03-19T01:26:19.569+0000] {dag.py:3947} INFO - Setting next_dagrun for transfer_from_minio_to_snowflake_accounts to 2026-03-19 01:25:00+00:00, run_after=2026-03-19 01:26:00+00:00
[2026-03-19T01:26:19.572+0000] {logging_mixin.py:188} INFO - [2026-03-19T01:26:19.572+0000] {dag.py:3947} INFO - Setting next_dagrun for transfer_from_minio_to_snowflake_customers to 2026-03-19 01:25:00+00:00, run_after=2026-03-19 01:26:00+00:00
[2026-03-19T01:26:19.574+0000] {logging_mixin.py:188} INFO - [2026-03-19T01:26:19.574+0000] {dag.py:3947} INFO - Setting next_dagrun for transfer_from_minio_to_snowflake_transactions to 2026-03-19 01:25:00+00:00, run_after=2026-03-19 01:26:00+00:00
[2026-03-19T01:26:19.584+0000] {processor.py:183} INFO - Processing /opt/airflow/dags/transfer.py took 0.145 seconds
[2026-03-19T01:26:49.941+0000] {processor.py:161} INFO - Started process (PID=9801) to work on /opt/airflow/dags/transfer.py
[2026-03-19T01:26:49.943+0000] {processor.py:830} INFO - Processing file /opt/airflow/dags/transfer.py for tasks to queue
[2026-03-19T01:26:49.945+0000] {logging_mixin.py:188} INFO - [2026-03-19T01:26:49.945+0000] {dagbag.py:545} INFO - Filling up the DagBag from /opt/airflow/dags/transfer.py
[2026-03-19T01:26:49.983+0000] {processor.py:840} INFO - DAG(s) 'transfer_from_minio_to_snowflake_accounts', 'transfer_from_minio_to_snowflake_transactions', 'transfer_from_minio_to_snowflake_customers' retrieved from /opt/airflow/dags/transfer.py
[2026-03-19T01:26:50.018+0000] {logging_mixin.py:188} INFO - [2026-03-19T01:26:50.018+0000] {dag.py:3089} INFO - Sync 3 DAGs
[2026-03-19T01:26:50.035+0000] {logging_mixin.py:188} INFO - [2026-03-19T01:26:50.034+0000] {dag.py:3947} INFO - Setting next_dagrun for transfer_from_minio_to_snowflake_accounts to 2026-03-19 01:25:00+00:00, run_after=2026-03-19 01:26:00+00:00
[2026-03-19T01:26:50.037+0000] {logging_mixin.py:188} INFO - [2026-03-19T01:26:50.037+0000] {dag.py:3947} INFO - Setting next_dagrun for transfer_from_minio_to_snowflake_customers to 2026-03-19 01:25:00+00:00, run_after=2026-03-19 01:26:00+00:00
[2026-03-19T01:26:50.039+0000] {logging_mixin.py:188} INFO - [2026-03-19T01:26:50.039+0000] {dag.py:3947} INFO - Setting next_dagrun for transfer_from_minio_to_snowflake_transactions to 2026-03-19 01:25:00+00:00, run_after=2026-03-19 01:26:00+00:00
[2026-03-19T01:26:50.046+0000] {processor.py:183} INFO - Processing /opt/airflow/dags/transfer.py took 0.119 seconds
[2026-03-19T01:27:20.622+0000] {processor.py:161} INFO - Started process (PID=9803) to work on /opt/airflow/dags/transfer.py
[2026-03-19T01:27:20.624+0000] {processor.py:830} INFO - Processing file /opt/airflow/dags/transfer.py for tasks to queue
[2026-03-19T01:27:20.626+0000] {logging_mixin.py:188} INFO - [2026-03-19T01:27:20.625+0000] {dagbag.py:545} INFO - Filling up the DagBag from /opt/airflow/dags/transfer.py
[2026-03-19T01:27:20.672+0000] {processor.py:840} INFO - DAG(s) 'transfer_from_minio_to_snowflake_transactions', 'transfer_from_minio_to_snowflake_customers', 'transfer_from_minio_to_snowflake_accounts' retrieved from /opt/airflow/dags/transfer.py
[2026-03-19T01:27:20.701+0000] {logging_mixin.py:188} INFO - [2026-03-19T01:27:20.701+0000] {dag.py:3089} INFO - Sync 3 DAGs
[2026-03-19T01:27:20.717+0000] {logging_mixin.py:188} INFO - [2026-03-19T01:27:20.717+0000] {dag.py:3947} INFO - Setting next_dagrun for transfer_from_minio_to_snowflake_accounts to 2026-03-19 01:26:00+00:00, run_after=2026-03-19 01:27:00+00:00
[2026-03-19T01:27:20.720+0000] {logging_mixin.py:188} INFO - [2026-03-19T01:27:20.720+0000] {dag.py:3947} INFO - Setting next_dagrun for transfer_from_minio_to_snowflake_customers to 2026-03-19 01:26:00+00:00, run_after=2026-03-19 01:27:00+00:00
[2026-03-19T01:27:20.721+0000] {logging_mixin.py:188} INFO - [2026-03-19T01:27:20.721+0000] {dag.py:3947} INFO - Setting next_dagrun for transfer_from_minio_to_snowflake_transactions to 2026-03-19 01:26:00+00:00, run_after=2026-03-19 01:27:00+00:00
[2026-03-19T01:27:20.731+0000] {processor.py:183} INFO - Processing /opt/airflow/dags/transfer.py took 0.126 seconds
[2026-03-19T01:27:51.193+0000] {processor.py:161} INFO - Started process (PID=9805) to work on /opt/airflow/dags/transfer.py
[2026-03-19T01:27:51.196+0000] {processor.py:830} INFO - Processing file /opt/airflow/dags/transfer.py for tasks to queue
[2026-03-19T01:27:51.198+0000] {logging_mixin.py:188} INFO - [2026-03-19T01:27:51.198+0000] {dagbag.py:545} INFO - Filling up the DagBag from /opt/airflow/dags/transfer.py
[2026-03-19T01:27:51.234+0000] {processor.py:840} INFO - DAG(s) 'transfer_from_minio_to_snowflake_accounts', 'transfer_from_minio_to_snowflake_transactions', 'transfer_from_minio_to_snowflake_customers' retrieved from /opt/airflow/dags/transfer.py
[2026-03-19T01:27:51.262+0000] {logging_mixin.py:188} INFO - [2026-03-19T01:27:51.262+0000] {dag.py:3089} INFO - Sync 3 DAGs
[2026-03-19T01:27:51.275+0000] {logging_mixin.py:188} INFO - [2026-03-19T01:27:51.275+0000] {dag.py:3947} INFO - Setting next_dagrun for transfer_from_minio_to_snowflake_accounts to 2026-03-19 01:26:00+00:00, run_after=2026-03-19 01:27:00+00:00
[2026-03-19T01:27:51.278+0000] {logging_mixin.py:188} INFO - [2026-03-19T01:27:51.278+0000] {dag.py:3947} INFO - Setting next_dagrun for transfer_from_minio_to_snowflake_customers to 2026-03-19 01:26:00+00:00, run_after=2026-03-19 01:27:00+00:00
[2026-03-19T01:27:51.279+0000] {logging_mixin.py:188} INFO - [2026-03-19T01:27:51.279+0000] {dag.py:3947} INFO - Setting next_dagrun for transfer_from_minio_to_snowflake_transactions to 2026-03-19 01:26:00+00:00, run_after=2026-03-19 01:27:00+00:00
[2026-03-19T01:27:51.287+0000] {processor.py:183} INFO - Processing /opt/airflow/dags/transfer.py took 0.104 seconds
[2026-03-19T01:28:21.863+0000] {processor.py:161} INFO - Started process (PID=9807) to work on /opt/airflow/dags/transfer.py
[2026-03-19T01:28:21.866+0000] {processor.py:830} INFO - Processing file /opt/airflow/dags/transfer.py for tasks to queue
[2026-03-19T01:28:21.869+0000] {logging_mixin.py:188} INFO - [2026-03-19T01:28:21.869+0000] {dagbag.py:545} INFO - Filling up the DagBag from /opt/airflow/dags/transfer.py
[2026-03-19T01:28:21.911+0000] {processor.py:840} INFO - DAG(s) 'transfer_from_minio_to_snowflake_transactions', 'transfer_from_minio_to_snowflake_accounts', 'transfer_from_minio_to_snowflake_customers' retrieved from /opt/airflow/dags/transfer.py
[2026-03-19T01:28:21.945+0000] {logging_mixin.py:188} INFO - [2026-03-19T01:28:21.945+0000] {dag.py:3089} INFO - Sync 3 DAGs
[2026-03-19T01:28:21.966+0000] {logging_mixin.py:188} INFO - [2026-03-19T01:28:21.966+0000] {dag.py:3947} INFO - Setting next_dagrun for transfer_from_minio_to_snowflake_accounts to 2026-03-19 01:27:00+00:00, run_after=2026-03-19 01:28:00+00:00
[2026-03-19T01:28:21.970+0000] {logging_mixin.py:188} INFO - [2026-03-19T01:28:21.969+0000] {dag.py:3947} INFO - Setting next_dagrun for transfer_from_minio_to_snowflake_customers to 2026-03-19 01:27:00+00:00, run_after=2026-03-19 01:28:00+00:00
[2026-03-19T01:28:21.971+0000] {logging_mixin.py:188} INFO - [2026-03-19T01:28:21.971+0000] {dag.py:3947} INFO - Setting next_dagrun for transfer_from_minio_to_snowflake_transactions to 2026-03-19 01:27:00+00:00, run_after=2026-03-19 01:28:00+00:00
[2026-03-19T01:28:21.980+0000] {processor.py:183} INFO - Processing /opt/airflow/dags/transfer.py took 0.130 seconds
[2026-03-19T01:28:52.504+0000] {processor.py:161} INFO - Started process (PID=9809) to work on /opt/airflow/dags/transfer.py
[2026-03-19T01:28:52.508+0000] {processor.py:830} INFO - Processing file /opt/airflow/dags/transfer.py for tasks to queue
[2026-03-19T01:28:52.514+0000] {logging_mixin.py:188} INFO - [2026-03-19T01:28:52.514+0000] {dagbag.py:545} INFO - Filling up the DagBag from /opt/airflow/dags/transfer.py
[2026-03-19T01:28:52.552+0000] {processor.py:840} INFO - DAG(s) 'transfer_from_minio_to_snowflake_customers', 'transfer_from_minio_to_snowflake_transactions', 'transfer_from_minio_to_snowflake_accounts' retrieved from /opt/airflow/dags/transfer.py
[2026-03-19T01:28:52.587+0000] {logging_mixin.py:188} INFO - [2026-03-19T01:28:52.587+0000] {dag.py:3089} INFO - Sync 3 DAGs
[2026-03-19T01:28:52.601+0000] {logging_mixin.py:188} INFO - [2026-03-19T01:28:52.601+0000] {dag.py:3947} INFO - Setting next_dagrun for transfer_from_minio_to_snowflake_accounts to 2026-03-19 01:27:00+00:00, run_after=2026-03-19 01:28:00+00:00
[2026-03-19T01:28:52.604+0000] {logging_mixin.py:188} INFO - [2026-03-19T01:28:52.604+0000] {dag.py:3947} INFO - Setting next_dagrun for transfer_from_minio_to_snowflake_customers to 2026-03-19 01:27:00+00:00, run_after=2026-03-19 01:28:00+00:00
[2026-03-19T01:28:52.605+0000] {logging_mixin.py:188} INFO - [2026-03-19T01:28:52.605+0000] {dag.py:3947} INFO - Setting next_dagrun for transfer_from_minio_to_snowflake_transactions to 2026-03-19 01:27:00+00:00, run_after=2026-03-19 01:28:00+00:00
[2026-03-19T01:28:52.613+0000] {processor.py:183} INFO - Processing /opt/airflow/dags/transfer.py took 0.122 seconds
[2026-03-19T01:29:23.211+0000] {processor.py:161} INFO - Started process (PID=9811) to work on /opt/airflow/dags/transfer.py
[2026-03-19T01:29:23.213+0000] {processor.py:830} INFO - Processing file /opt/airflow/dags/transfer.py for tasks to queue
[2026-03-19T01:29:23.220+0000] {logging_mixin.py:188} INFO - [2026-03-19T01:29:23.220+0000] {dagbag.py:545} INFO - Filling up the DagBag from /opt/airflow/dags/transfer.py
[2026-03-19T01:29:23.260+0000] {processor.py:840} INFO - DAG(s) 'transfer_from_minio_to_snowflake_transactions', 'transfer_from_minio_to_snowflake_customers', 'transfer_from_minio_to_snowflake_accounts' retrieved from /opt/airflow/dags/transfer.py
[2026-03-19T01:29:23.290+0000] {logging_mixin.py:188} INFO - [2026-03-19T01:29:23.290+0000] {dag.py:3089} INFO - Sync 3 DAGs
[2026-03-19T01:29:23.303+0000] {logging_mixin.py:188} INFO - [2026-03-19T01:29:23.303+0000] {dag.py:3947} INFO - Setting next_dagrun for transfer_from_minio_to_snowflake_accounts to 2026-03-19 01:28:00+00:00, run_after=2026-03-19 01:29:00+00:00
[2026-03-19T01:29:23.306+0000] {logging_mixin.py:188} INFO - [2026-03-19T01:29:23.306+0000] {dag.py:3947} INFO - Setting next_dagrun for transfer_from_minio_to_snowflake_customers to 2026-03-19 01:28:00+00:00, run_after=2026-03-19 01:29:00+00:00
[2026-03-19T01:29:23.307+0000] {logging_mixin.py:188} INFO - [2026-03-19T01:29:23.307+0000] {dag.py:3947} INFO - Setting next_dagrun for transfer_from_minio_to_snowflake_transactions to 2026-03-19 01:28:00+00:00, run_after=2026-03-19 01:29:00+00:00
[2026-03-19T01:29:23.314+0000] {processor.py:183} INFO - Processing /opt/airflow/dags/transfer.py took 0.117 seconds
[2026-03-19T01:29:53.868+0000] {processor.py:161} INFO - Started process (PID=9813) to work on /opt/airflow/dags/transfer.py
[2026-03-19T01:29:53.870+0000] {processor.py:830} INFO - Processing file /opt/airflow/dags/transfer.py for tasks to queue
[2026-03-19T01:29:53.873+0000] {logging_mixin.py:188} INFO - [2026-03-19T01:29:53.873+0000] {dagbag.py:545} INFO - Filling up the DagBag from /opt/airflow/dags/transfer.py
[2026-03-19T01:29:53.904+0000] {processor.py:840} INFO - DAG(s) 'transfer_from_minio_to_snowflake_transactions', 'transfer_from_minio_to_snowflake_customers', 'transfer_from_minio_to_snowflake_accounts' retrieved from /opt/airflow/dags/transfer.py
[2026-03-19T01:29:53.943+0000] {logging_mixin.py:188} INFO - [2026-03-19T01:29:53.942+0000] {dag.py:3089} INFO - Sync 3 DAGs
[2026-03-19T01:29:53.958+0000] {logging_mixin.py:188} INFO - [2026-03-19T01:29:53.958+0000] {dag.py:3947} INFO - Setting next_dagrun for transfer_from_minio_to_snowflake_accounts to 2026-03-19 01:28:00+00:00, run_after=2026-03-19 01:29:00+00:00
[2026-03-19T01:29:53.961+0000] {logging_mixin.py:188} INFO - [2026-03-19T01:29:53.961+0000] {dag.py:3947} INFO - Setting next_dagrun for transfer_from_minio_to_snowflake_customers to 2026-03-19 01:28:00+00:00, run_after=2026-03-19 01:29:00+00:00
[2026-03-19T01:29:53.963+0000] {logging_mixin.py:188} INFO - [2026-03-19T01:29:53.963+0000] {dag.py:3947} INFO - Setting next_dagrun for transfer_from_minio_to_snowflake_transactions to 2026-03-19 01:28:00+00:00, run_after=2026-03-19 01:29:00+00:00
[2026-03-19T01:29:53.972+0000] {processor.py:183} INFO - Processing /opt/airflow/dags/transfer.py took 0.116 seconds
[2026-03-19T01:30:24.550+0000] {processor.py:161} INFO - Started process (PID=9815) to work on /opt/airflow/dags/transfer.py
[2026-03-19T01:30:24.551+0000] {processor.py:830} INFO - Processing file /opt/airflow/dags/transfer.py for tasks to queue
[2026-03-19T01:30:24.554+0000] {logging_mixin.py:188} INFO - [2026-03-19T01:30:24.554+0000] {dagbag.py:545} INFO - Filling up the DagBag from /opt/airflow/dags/transfer.py
[2026-03-19T01:30:24.586+0000] {processor.py:840} INFO - DAG(s) 'transfer_from_minio_to_snowflake_accounts', 'transfer_from_minio_to_snowflake_customers', 'transfer_from_minio_to_snowflake_transactions' retrieved from /opt/airflow/dags/transfer.py
[2026-03-19T01:30:24.619+0000] {logging_mixin.py:188} INFO - [2026-03-19T01:30:24.619+0000] {dag.py:3089} INFO - Sync 3 DAGs
[2026-03-19T01:30:24.635+0000] {logging_mixin.py:188} INFO - [2026-03-19T01:30:24.635+0000] {dag.py:3947} INFO - Setting next_dagrun for transfer_from_minio_to_snowflake_accounts to 2026-03-19 01:29:00+00:00, run_after=2026-03-19 01:30:00+00:00
[2026-03-19T01:30:24.638+0000] {logging_mixin.py:188} INFO - [2026-03-19T01:30:24.638+0000] {dag.py:3947} INFO - Setting next_dagrun for transfer_from_minio_to_snowflake_customers to 2026-03-19 01:29:00+00:00, run_after=2026-03-19 01:30:00+00:00
[2026-03-19T01:30:24.640+0000] {logging_mixin.py:188} INFO - [2026-03-19T01:30:24.640+0000] {dag.py:3947} INFO - Setting next_dagrun for transfer_from_minio_to_snowflake_transactions to 2026-03-19 01:29:00+00:00, run_after=2026-03-19 01:30:00+00:00
[2026-03-19T01:30:24.647+0000] {processor.py:183} INFO - Processing /opt/airflow/dags/transfer.py took 0.107 seconds
[2026-03-19T01:30:55.119+0000] {processor.py:161} INFO - Started process (PID=9817) to work on /opt/airflow/dags/transfer.py
[2026-03-19T01:30:55.121+0000] {processor.py:830} INFO - Processing file /opt/airflow/dags/transfer.py for tasks to queue
[2026-03-19T01:30:55.124+0000] {logging_mixin.py:188} INFO - [2026-03-19T01:30:55.123+0000] {dagbag.py:545} INFO - Filling up the DagBag from /opt/airflow/dags/transfer.py
[2026-03-19T01:30:55.153+0000] {processor.py:840} INFO - DAG(s) 'transfer_from_minio_to_snowflake_customers', 'transfer_from_minio_to_snowflake_transactions', 'transfer_from_minio_to_snowflake_accounts' retrieved from /opt/airflow/dags/transfer.py
[2026-03-19T01:30:55.197+0000] {logging_mixin.py:188} INFO - [2026-03-19T01:30:55.196+0000] {dag.py:3089} INFO - Sync 3 DAGs
[2026-03-19T01:30:55.213+0000] {logging_mixin.py:188} INFO - [2026-03-19T01:30:55.213+0000] {dag.py:3947} INFO - Setting next_dagrun for transfer_from_minio_to_snowflake_accounts to 2026-03-19 01:29:00+00:00, run_after=2026-03-19 01:30:00+00:00
[2026-03-19T01:30:55.216+0000] {logging_mixin.py:188} INFO - [2026-03-19T01:30:55.216+0000] {dag.py:3947} INFO - Setting next_dagrun for transfer_from_minio_to_snowflake_customers to 2026-03-19 01:29:00+00:00, run_after=2026-03-19 01:30:00+00:00
[2026-03-19T01:30:55.218+0000] {logging_mixin.py:188} INFO - [2026-03-19T01:30:55.218+0000] {dag.py:3947} INFO - Setting next_dagrun for transfer_from_minio_to_snowflake_transactions to 2026-03-19 01:29:00+00:00, run_after=2026-03-19 01:30:00+00:00
[2026-03-19T01:30:55.226+0000] {processor.py:183} INFO - Processing /opt/airflow/dags/transfer.py took 0.118 seconds
[2026-03-19T01:31:25.716+0000] {processor.py:161} INFO - Started process (PID=9819) to work on /opt/airflow/dags/transfer.py
[2026-03-19T01:31:25.717+0000] {processor.py:830} INFO - Processing file /opt/airflow/dags/transfer.py for tasks to queue
[2026-03-19T01:31:25.722+0000] {logging_mixin.py:188} INFO - [2026-03-19T01:31:25.720+0000] {dagbag.py:545} INFO - Filling up the DagBag from /opt/airflow/dags/transfer.py
[2026-03-19T01:31:25.757+0000] {processor.py:840} INFO - DAG(s) 'transfer_from_minio_to_snowflake_accounts', 'transfer_from_minio_to_snowflake_customers', 'transfer_from_minio_to_snowflake_transactions' retrieved from /opt/airflow/dags/transfer.py
[2026-03-19T01:31:25.788+0000] {logging_mixin.py:188} INFO - [2026-03-19T01:31:25.788+0000] {dag.py:3089} INFO - Sync 3 DAGs
[2026-03-19T01:31:25.803+0000] {logging_mixin.py:188} INFO - [2026-03-19T01:31:25.803+0000] {dag.py:3947} INFO - Setting next_dagrun for transfer_from_minio_to_snowflake_accounts to 2026-03-19 01:30:00+00:00, run_after=2026-03-19 01:31:00+00:00
[2026-03-19T01:31:25.806+0000] {logging_mixin.py:188} INFO - [2026-03-19T01:31:25.806+0000] {dag.py:3947} INFO - Setting next_dagrun for transfer_from_minio_to_snowflake_customers to 2026-03-19 01:30:00+00:00, run_after=2026-03-19 01:31:00+00:00
[2026-03-19T01:31:25.807+0000] {logging_mixin.py:188} INFO - [2026-03-19T01:31:25.807+0000] {dag.py:3947} INFO - Setting next_dagrun for transfer_from_minio_to_snowflake_transactions to 2026-03-19 01:30:00+00:00, run_after=2026-03-19 01:31:00+00:00
[2026-03-19T01:31:25.819+0000] {processor.py:183} INFO - Processing /opt/airflow/dags/transfer.py took 0.113 seconds
[2026-03-19T01:31:56.233+0000] {processor.py:161} INFO - Started process (PID=9821) to work on /opt/airflow/dags/transfer.py
[2026-03-19T01:31:56.236+0000] {processor.py:830} INFO - Processing file /opt/airflow/dags/transfer.py for tasks to queue
[2026-03-19T01:31:56.244+0000] {logging_mixin.py:188} INFO - [2026-03-19T01:31:56.243+0000] {dagbag.py:545} INFO - Filling up the DagBag from /opt/airflow/dags/transfer.py
[2026-03-19T01:31:56.277+0000] {processor.py:840} INFO - DAG(s) 'transfer_from_minio_to_snowflake_customers', 'transfer_from_minio_to_snowflake_accounts', 'transfer_from_minio_to_snowflake_transactions' retrieved from /opt/airflow/dags/transfer.py
[2026-03-19T01:31:56.318+0000] {logging_mixin.py:188} INFO - [2026-03-19T01:31:56.318+0000] {dag.py:3089} INFO - Sync 3 DAGs
[2026-03-19T01:31:56.331+0000] {logging_mixin.py:188} INFO - [2026-03-19T01:31:56.331+0000] {dag.py:3947} INFO - Setting next_dagrun for transfer_from_minio_to_snowflake_accounts to 2026-03-19 01:30:00+00:00, run_after=2026-03-19 01:31:00+00:00
[2026-03-19T01:31:56.334+0000] {logging_mixin.py:188} INFO - [2026-03-19T01:31:56.334+0000] {dag.py:3947} INFO - Setting next_dagrun for transfer_from_minio_to_snowflake_customers to 2026-03-19 01:30:00+00:00, run_after=2026-03-19 01:31:00+00:00
[2026-03-19T01:31:56.336+0000] {logging_mixin.py:188} INFO - [2026-03-19T01:31:56.336+0000] {dag.py:3947} INFO - Setting next_dagrun for transfer_from_minio_to_snowflake_transactions to 2026-03-19 01:30:00+00:00, run_after=2026-03-19 01:31:00+00:00
[2026-03-19T01:31:56.343+0000] {processor.py:183} INFO - Processing /opt/airflow/dags/transfer.py took 0.119 seconds
[2026-03-19T01:32:26.856+0000] {processor.py:161} INFO - Started process (PID=9823) to work on /opt/airflow/dags/transfer.py
[2026-03-19T01:32:26.858+0000] {processor.py:830} INFO - Processing file /opt/airflow/dags/transfer.py for tasks to queue
[2026-03-19T01:32:26.864+0000] {logging_mixin.py:188} INFO - [2026-03-19T01:32:26.861+0000] {dagbag.py:545} INFO - Filling up the DagBag from /opt/airflow/dags/transfer.py
[2026-03-19T01:32:26.900+0000] {processor.py:840} INFO - DAG(s) 'transfer_from_minio_to_snowflake_transactions', 'transfer_from_minio_to_snowflake_accounts', 'transfer_from_minio_to_snowflake_customers' retrieved from /opt/airflow/dags/transfer.py
[2026-03-19T01:32:26.937+0000] {logging_mixin.py:188} INFO - [2026-03-19T01:32:26.937+0000] {dag.py:3089} INFO - Sync 3 DAGs
[2026-03-19T01:32:26.952+0000] {logging_mixin.py:188} INFO - [2026-03-19T01:32:26.952+0000] {dag.py:3947} INFO - Setting next_dagrun for transfer_from_minio_to_snowflake_accounts to 2026-03-19 01:31:00+00:00, run_after=2026-03-19 01:32:00+00:00
[2026-03-19T01:32:26.955+0000] {logging_mixin.py:188} INFO - [2026-03-19T01:32:26.955+0000] {dag.py:3947} INFO - Setting next_dagrun for transfer_from_minio_to_snowflake_customers to 2026-03-19 01:31:00+00:00, run_after=2026-03-19 01:32:00+00:00
[2026-03-19T01:32:26.956+0000] {logging_mixin.py:188} INFO - [2026-03-19T01:32:26.956+0000] {dag.py:3947} INFO - Setting next_dagrun for transfer_from_minio_to_snowflake_transactions to 2026-03-19 01:31:00+00:00, run_after=2026-03-19 01:32:00+00:00
[2026-03-19T01:32:26.963+0000] {processor.py:183} INFO - Processing /opt/airflow/dags/transfer.py took 0.121 seconds
[2026-03-19T01:32:57.431+0000] {processor.py:161} INFO - Started process (PID=9825) to work on /opt/airflow/dags/transfer.py
[2026-03-19T01:32:57.433+0000] {processor.py:830} INFO - Processing file /opt/airflow/dags/transfer.py for tasks to queue
[2026-03-19T01:32:57.436+0000] {logging_mixin.py:188} INFO - [2026-03-19T01:32:57.435+0000] {dagbag.py:545} INFO - Filling up the DagBag from /opt/airflow/dags/transfer.py
[2026-03-19T01:32:57.471+0000] {processor.py:840} INFO - DAG(s) 'transfer_from_minio_to_snowflake_customers', 'transfer_from_minio_to_snowflake_accounts', 'transfer_from_minio_to_snowflake_transactions' retrieved from /opt/airflow/dags/transfer.py
[2026-03-19T01:32:57.510+0000] {logging_mixin.py:188} INFO - [2026-03-19T01:32:57.509+0000] {dag.py:3089} INFO - Sync 3 DAGs
[2026-03-19T01:32:57.524+0000] {logging_mixin.py:188} INFO - [2026-03-19T01:32:57.524+0000] {dag.py:3947} INFO - Setting next_dagrun for transfer_from_minio_to_snowflake_accounts to 2026-03-19 01:31:00+00:00, run_after=2026-03-19 01:32:00+00:00
[2026-03-19T01:32:57.527+0000] {logging_mixin.py:188} INFO - [2026-03-19T01:32:57.527+0000] {dag.py:3947} INFO - Setting next_dagrun for transfer_from_minio_to_snowflake_customers to 2026-03-19 01:31:00+00:00, run_after=2026-03-19 01:32:00+00:00
[2026-03-19T01:32:57.528+0000] {logging_mixin.py:188} INFO - [2026-03-19T01:32:57.528+0000] {dag.py:3947} INFO - Setting next_dagrun for transfer_from_minio_to_snowflake_transactions to 2026-03-19 01:31:00+00:00, run_after=2026-03-19 01:32:00+00:00
[2026-03-19T01:32:57.536+0000] {processor.py:183} INFO - Processing /opt/airflow/dags/transfer.py took 0.115 seconds
[2026-03-19T01:33:28.037+0000] {processor.py:161} INFO - Started process (PID=9827) to work on /opt/airflow/dags/transfer.py
[2026-03-19T01:33:28.040+0000] {processor.py:830} INFO - Processing file /opt/airflow/dags/transfer.py for tasks to queue
[2026-03-19T01:33:28.043+0000] {logging_mixin.py:188} INFO - [2026-03-19T01:33:28.042+0000] {dagbag.py:545} INFO - Filling up the DagBag from /opt/airflow/dags/transfer.py
[2026-03-19T01:33:28.078+0000] {processor.py:840} INFO - DAG(s) 'transfer_from_minio_to_snowflake_accounts', 'transfer_from_minio_to_snowflake_transactions', 'transfer_from_minio_to_snowflake_customers' retrieved from /opt/airflow/dags/transfer.py
[2026-03-19T01:33:28.114+0000] {logging_mixin.py:188} INFO - [2026-03-19T01:33:28.114+0000] {dag.py:3089} INFO - Sync 3 DAGs
[2026-03-19T01:33:28.129+0000] {logging_mixin.py:188} INFO - [2026-03-19T01:33:28.129+0000] {dag.py:3947} INFO - Setting next_dagrun for transfer_from_minio_to_snowflake_accounts to 2026-03-19 01:32:00+00:00, run_after=2026-03-19 01:33:00+00:00
[2026-03-19T01:33:28.132+0000] {logging_mixin.py:188} INFO - [2026-03-19T01:33:28.132+0000] {dag.py:3947} INFO - Setting next_dagrun for transfer_from_minio_to_snowflake_customers to 2026-03-19 01:32:00+00:00, run_after=2026-03-19 01:33:00+00:00
[2026-03-19T01:33:28.133+0000] {logging_mixin.py:188} INFO - [2026-03-19T01:33:28.133+0000] {dag.py:3947} INFO - Setting next_dagrun for transfer_from_minio_to_snowflake_transactions to 2026-03-19 01:32:00+00:00, run_after=2026-03-19 01:33:00+00:00
[2026-03-19T01:33:28.141+0000] {processor.py:183} INFO - Processing /opt/airflow/dags/transfer.py took 0.115 seconds
[2026-03-19T01:33:58.616+0000] {processor.py:161} INFO - Started process (PID=9829) to work on /opt/airflow/dags/transfer.py
[2026-03-19T01:33:58.618+0000] {processor.py:830} INFO - Processing file /opt/airflow/dags/transfer.py for tasks to queue
[2026-03-19T01:33:58.620+0000] {logging_mixin.py:188} INFO - [2026-03-19T01:33:58.620+0000] {dagbag.py:545} INFO - Filling up the DagBag from /opt/airflow/dags/transfer.py
[2026-03-19T01:33:58.654+0000] {processor.py:840} INFO - DAG(s) 'transfer_from_minio_to_snowflake_transactions', 'transfer_from_minio_to_snowflake_customers', 'transfer_from_minio_to_snowflake_accounts' retrieved from /opt/airflow/dags/transfer.py
[2026-03-19T01:33:58.698+0000] {logging_mixin.py:188} INFO - [2026-03-19T01:33:58.698+0000] {dag.py:3089} INFO - Sync 3 DAGs
[2026-03-19T01:33:58.715+0000] {logging_mixin.py:188} INFO - [2026-03-19T01:33:58.715+0000] {dag.py:3947} INFO - Setting next_dagrun for transfer_from_minio_to_snowflake_accounts to 2026-03-19 01:32:00+00:00, run_after=2026-03-19 01:33:00+00:00
[2026-03-19T01:33:58.717+0000] {logging_mixin.py:188} INFO - [2026-03-19T01:33:58.717+0000] {dag.py:3947} INFO - Setting next_dagrun for transfer_from_minio_to_snowflake_customers to 2026-03-19 01:32:00+00:00, run_after=2026-03-19 01:33:00+00:00
[2026-03-19T01:33:58.719+0000] {logging_mixin.py:188} INFO - [2026-03-19T01:33:58.719+0000] {dag.py:3947} INFO - Setting next_dagrun for transfer_from_minio_to_snowflake_transactions to 2026-03-19 01:32:00+00:00, run_after=2026-03-19 01:33:00+00:00
[2026-03-19T01:33:58.726+0000] {processor.py:183} INFO - Processing /opt/airflow/dags/transfer.py took 0.126 seconds
[2026-03-19T01:34:29.348+0000] {processor.py:161} INFO - Started process (PID=9831) to work on /opt/airflow/dags/transfer.py
[2026-03-19T01:34:29.355+0000] {processor.py:830} INFO - Processing file /opt/airflow/dags/transfer.py for tasks to queue
[2026-03-19T01:34:29.358+0000] {logging_mixin.py:188} INFO - [2026-03-19T01:34:29.358+0000] {dagbag.py:545} INFO - Filling up the DagBag from /opt/airflow/dags/transfer.py
[2026-03-19T01:34:29.394+0000] {processor.py:840} INFO - DAG(s) 'transfer_from_minio_to_snowflake_customers', 'transfer_from_minio_to_snowflake_transactions', 'transfer_from_minio_to_snowflake_accounts' retrieved from /opt/airflow/dags/transfer.py
[2026-03-19T01:34:29.421+0000] {logging_mixin.py:188} INFO - [2026-03-19T01:34:29.421+0000] {dag.py:3089} INFO - Sync 3 DAGs
[2026-03-19T01:34:29.438+0000] {logging_mixin.py:188} INFO - [2026-03-19T01:34:29.438+0000] {dag.py:3947} INFO - Setting next_dagrun for transfer_from_minio_to_snowflake_accounts to 2026-03-19 01:33:00+00:00, run_after=2026-03-19 01:34:00+00:00
[2026-03-19T01:34:29.441+0000] {logging_mixin.py:188} INFO - [2026-03-19T01:34:29.441+0000] {dag.py:3947} INFO - Setting next_dagrun for transfer_from_minio_to_snowflake_customers to 2026-03-19 01:33:00+00:00, run_after=2026-03-19 01:34:00+00:00
[2026-03-19T01:34:29.443+0000] {logging_mixin.py:188} INFO - [2026-03-19T01:34:29.443+0000] {dag.py:3947} INFO - Setting next_dagrun for transfer_from_minio_to_snowflake_transactions to 2026-03-19 01:33:00+00:00, run_after=2026-03-19 01:34:00+00:00
[2026-03-19T01:34:29.450+0000] {processor.py:183} INFO - Processing /opt/airflow/dags/transfer.py took 0.109 seconds
[2026-03-19T01:34:59.973+0000] {processor.py:161} INFO - Started process (PID=9833) to work on /opt/airflow/dags/transfer.py
[2026-03-19T01:34:59.977+0000] {processor.py:830} INFO - Processing file /opt/airflow/dags/transfer.py for tasks to queue
[2026-03-19T01:34:59.980+0000] {logging_mixin.py:188} INFO - [2026-03-19T01:34:59.980+0000] {dagbag.py:545} INFO - Filling up the DagBag from /opt/airflow/dags/transfer.py
[2026-03-19T01:35:00.046+0000] {processor.py:840} INFO - DAG(s) 'transfer_from_minio_to_snowflake_customers', 'transfer_from_minio_to_snowflake_accounts', 'transfer_from_minio_to_snowflake_transactions' retrieved from /opt/airflow/dags/transfer.py
[2026-03-19T01:35:00.141+0000] {logging_mixin.py:188} INFO - [2026-03-19T01:35:00.139+0000] {dag.py:3089} INFO - Sync 3 DAGs
[2026-03-19T01:35:00.171+0000] {logging_mixin.py:188} INFO - [2026-03-19T01:35:00.171+0000] {dag.py:3947} INFO - Setting next_dagrun for transfer_from_minio_to_snowflake_accounts to 2026-03-19 01:34:00+00:00, run_after=2026-03-19 01:35:00+00:00
[2026-03-19T01:35:00.175+0000] {logging_mixin.py:188} INFO - [2026-03-19T01:35:00.175+0000] {dag.py:3947} INFO - Setting next_dagrun for transfer_from_minio_to_snowflake_customers to 2026-03-19 01:34:00+00:00, run_after=2026-03-19 01:35:00+00:00
[2026-03-19T01:35:00.177+0000] {logging_mixin.py:188} INFO - [2026-03-19T01:35:00.177+0000] {dag.py:3947} INFO - Setting next_dagrun for transfer_from_minio_to_snowflake_transactions to 2026-03-19 01:34:00+00:00, run_after=2026-03-19 01:35:00+00:00
[2026-03-19T01:35:00.189+0000] {processor.py:183} INFO - Processing /opt/airflow/dags/transfer.py took 0.225 seconds
[2026-03-19T01:35:30.715+0000] {processor.py:161} INFO - Started process (PID=9835) to work on /opt/airflow/dags/transfer.py
[2026-03-19T01:35:30.716+0000] {processor.py:830} INFO - Processing file /opt/airflow/dags/transfer.py for tasks to queue
[2026-03-19T01:35:30.721+0000] {logging_mixin.py:188} INFO - [2026-03-19T01:35:30.720+0000] {dagbag.py:545} INFO - Filling up the DagBag from /opt/airflow/dags/transfer.py
[2026-03-19T01:35:30.756+0000] {processor.py:840} INFO - DAG(s) 'transfer_from_minio_to_snowflake_customers', 'transfer_from_minio_to_snowflake_accounts', 'transfer_from_minio_to_snowflake_transactions' retrieved from /opt/airflow/dags/transfer.py
[2026-03-19T01:35:30.806+0000] {logging_mixin.py:188} INFO - [2026-03-19T01:35:30.805+0000] {dag.py:3089} INFO - Sync 3 DAGs
[2026-03-19T01:35:30.825+0000] {logging_mixin.py:188} INFO - [2026-03-19T01:35:30.825+0000] {dag.py:3947} INFO - Setting next_dagrun for transfer_from_minio_to_snowflake_accounts to 2026-03-19 01:34:00+00:00, run_after=2026-03-19 01:35:00+00:00
[2026-03-19T01:35:30.828+0000] {logging_mixin.py:188} INFO - [2026-03-19T01:35:30.828+0000] {dag.py:3947} INFO - Setting next_dagrun for transfer_from_minio_to_snowflake_customers to 2026-03-19 01:34:00+00:00, run_after=2026-03-19 01:35:00+00:00
[2026-03-19T01:35:30.829+0000] {logging_mixin.py:188} INFO - [2026-03-19T01:35:30.829+0000] {dag.py:3947} INFO - Setting next_dagrun for transfer_from_minio_to_snowflake_transactions to 2026-03-19 01:34:00+00:00, run_after=2026-03-19 01:35:00+00:00
[2026-03-19T01:35:30.837+0000] {processor.py:183} INFO - Processing /opt/airflow/dags/transfer.py took 0.129 seconds
[2026-03-19T01:36:01.300+0000] {processor.py:161} INFO - Started process (PID=9837) to work on /opt/airflow/dags/transfer.py
[2026-03-19T01:36:01.302+0000] {processor.py:830} INFO - Processing file /opt/airflow/dags/transfer.py for tasks to queue
[2026-03-19T01:36:01.305+0000] {logging_mixin.py:188} INFO - [2026-03-19T01:36:01.305+0000] {dagbag.py:545} INFO - Filling up the DagBag from /opt/airflow/dags/transfer.py
[2026-03-19T01:36:01.342+0000] {processor.py:840} INFO - DAG(s) 'transfer_from_minio_to_snowflake_transactions', 'transfer_from_minio_to_snowflake_accounts', 'transfer_from_minio_to_snowflake_customers' retrieved from /opt/airflow/dags/transfer.py
[2026-03-19T01:36:01.380+0000] {logging_mixin.py:188} INFO - [2026-03-19T01:36:01.379+0000] {dag.py:3089} INFO - Sync 3 DAGs
[2026-03-19T01:36:01.396+0000] {logging_mixin.py:188} INFO - [2026-03-19T01:36:01.395+0000] {dag.py:3947} INFO - Setting next_dagrun for transfer_from_minio_to_snowflake_accounts to 2026-03-19 01:35:00+00:00, run_after=2026-03-19 01:36:00+00:00
[2026-03-19T01:36:01.398+0000] {logging_mixin.py:188} INFO - [2026-03-19T01:36:01.398+0000] {dag.py:3947} INFO - Setting next_dagrun for transfer_from_minio_to_snowflake_customers to 2026-03-19 01:35:00+00:00, run_after=2026-03-19 01:36:00+00:00
[2026-03-19T01:36:01.400+0000] {logging_mixin.py:188} INFO - [2026-03-19T01:36:01.400+0000] {dag.py:3947} INFO - Setting next_dagrun for transfer_from_minio_to_snowflake_transactions to 2026-03-19 01:35:00+00:00, run_after=2026-03-19 01:36:00+00:00
[2026-03-19T01:36:01.407+0000] {processor.py:183} INFO - Processing /opt/airflow/dags/transfer.py took 0.123 seconds
[2026-03-19T01:36:31.987+0000] {processor.py:161} INFO - Started process (PID=9839) to work on /opt/airflow/dags/transfer.py
[2026-03-19T01:36:31.988+0000] {processor.py:830} INFO - Processing file /opt/airflow/dags/transfer.py for tasks to queue
[2026-03-19T01:36:31.991+0000] {logging_mixin.py:188} INFO - [2026-03-19T01:36:31.991+0000] {dagbag.py:545} INFO - Filling up the DagBag from /opt/airflow/dags/transfer.py
[2026-03-19T01:36:32.029+0000] {processor.py:840} INFO - DAG(s) 'transfer_from_minio_to_snowflake_accounts', 'transfer_from_minio_to_snowflake_customers', 'transfer_from_minio_to_snowflake_transactions' retrieved from /opt/airflow/dags/transfer.py
[2026-03-19T01:36:32.061+0000] {logging_mixin.py:188} INFO - [2026-03-19T01:36:32.061+0000] {dag.py:3089} INFO - Sync 3 DAGs
[2026-03-19T01:36:32.075+0000] {logging_mixin.py:188} INFO - [2026-03-19T01:36:32.075+0000] {dag.py:3947} INFO - Setting next_dagrun for transfer_from_minio_to_snowflake_accounts to 2026-03-19 01:35:00+00:00, run_after=2026-03-19 01:36:00+00:00
[2026-03-19T01:36:32.078+0000] {logging_mixin.py:188} INFO - [2026-03-19T01:36:32.078+0000] {dag.py:3947} INFO - Setting next_dagrun for transfer_from_minio_to_snowflake_customers to 2026-03-19 01:35:00+00:00, run_after=2026-03-19 01:36:00+00:00
[2026-03-19T01:36:32.079+0000] {logging_mixin.py:188} INFO - [2026-03-19T01:36:32.079+0000] {dag.py:3947} INFO - Setting next_dagrun for transfer_from_minio_to_snowflake_transactions to 2026-03-19 01:35:00+00:00, run_after=2026-03-19 01:36:00+00:00
[2026-03-19T01:36:32.087+0000] {processor.py:183} INFO - Processing /opt/airflow/dags/transfer.py took 0.111 seconds
[2026-03-19T01:37:02.589+0000] {processor.py:161} INFO - Started process (PID=9841) to work on /opt/airflow/dags/transfer.py
[2026-03-19T01:37:02.591+0000] {processor.py:830} INFO - Processing file /opt/airflow/dags/transfer.py for tasks to queue
[2026-03-19T01:37:02.593+0000] {logging_mixin.py:188} INFO - [2026-03-19T01:37:02.593+0000] {dagbag.py:545} INFO - Filling up the DagBag from /opt/airflow/dags/transfer.py
[2026-03-19T01:37:02.632+0000] {processor.py:840} INFO - DAG(s) 'transfer_from_minio_to_snowflake_customers', 'transfer_from_minio_to_snowflake_transactions', 'transfer_from_minio_to_snowflake_accounts' retrieved from /opt/airflow/dags/transfer.py
[2026-03-19T01:37:02.677+0000] {logging_mixin.py:188} INFO - [2026-03-19T01:37:02.676+0000] {dag.py:3089} INFO - Sync 3 DAGs
[2026-03-19T01:37:02.696+0000] {logging_mixin.py:188} INFO - [2026-03-19T01:37:02.696+0000] {dag.py:3947} INFO - Setting next_dagrun for transfer_from_minio_to_snowflake_accounts to 2026-03-19 01:36:00+00:00, run_after=2026-03-19 01:37:00+00:00
[2026-03-19T01:37:02.699+0000] {logging_mixin.py:188} INFO - [2026-03-19T01:37:02.699+0000] {dag.py:3947} INFO - Setting next_dagrun for transfer_from_minio_to_snowflake_customers to 2026-03-19 01:36:00+00:00, run_after=2026-03-19 01:37:00+00:00
[2026-03-19T01:37:02.701+0000] {logging_mixin.py:188} INFO - [2026-03-19T01:37:02.701+0000] {dag.py:3947} INFO - Setting next_dagrun for transfer_from_minio_to_snowflake_transactions to 2026-03-19 01:36:00+00:00, run_after=2026-03-19 01:37:00+00:00
[2026-03-19T01:37:02.709+0000] {processor.py:183} INFO - Processing /opt/airflow/dags/transfer.py took 0.132 seconds
[2026-03-19T01:37:33.263+0000] {processor.py:161} INFO - Started process (PID=9843) to work on /opt/airflow/dags/transfer.py
[2026-03-19T01:37:33.267+0000] {processor.py:830} INFO - Processing file /opt/airflow/dags/transfer.py for tasks to queue
[2026-03-19T01:37:33.272+0000] {logging_mixin.py:188} INFO - [2026-03-19T01:37:33.272+0000] {dagbag.py:545} INFO - Filling up the DagBag from /opt/airflow/dags/transfer.py
[2026-03-19T01:37:33.312+0000] {processor.py:840} INFO - DAG(s) 'transfer_from_minio_to_snowflake_transactions', 'transfer_from_minio_to_snowflake_customers', 'transfer_from_minio_to_snowflake_accounts' retrieved from /opt/airflow/dags/transfer.py
[2026-03-19T01:37:33.344+0000] {logging_mixin.py:188} INFO - [2026-03-19T01:37:33.344+0000] {dag.py:3089} INFO - Sync 3 DAGs
[2026-03-19T01:37:33.358+0000] {logging_mixin.py:188} INFO - [2026-03-19T01:37:33.358+0000] {dag.py:3947} INFO - Setting next_dagrun for transfer_from_minio_to_snowflake_accounts to 2026-03-19 01:36:00+00:00, run_after=2026-03-19 01:37:00+00:00
[2026-03-19T01:37:33.360+0000] {logging_mixin.py:188} INFO - [2026-03-19T01:37:33.360+0000] {dag.py:3947} INFO - Setting next_dagrun for transfer_from_minio_to_snowflake_customers to 2026-03-19 01:36:00+00:00, run_after=2026-03-19 01:37:00+00:00
[2026-03-19T01:37:33.362+0000] {logging_mixin.py:188} INFO - [2026-03-19T01:37:33.362+0000] {dag.py:3947} INFO - Setting next_dagrun for transfer_from_minio_to_snowflake_transactions to 2026-03-19 01:36:00+00:00, run_after=2026-03-19 01:37:00+00:00
[2026-03-19T01:37:33.372+0000] {processor.py:183} INFO - Processing /opt/airflow/dags/transfer.py took 0.119 seconds
[2026-03-19T01:38:03.876+0000] {processor.py:161} INFO - Started process (PID=9845) to work on /opt/airflow/dags/transfer.py
[2026-03-19T01:38:03.877+0000] {processor.py:830} INFO - Processing file /opt/airflow/dags/transfer.py for tasks to queue
[2026-03-19T01:38:03.881+0000] {logging_mixin.py:188} INFO - [2026-03-19T01:38:03.880+0000] {dagbag.py:545} INFO - Filling up the DagBag from /opt/airflow/dags/transfer.py
[2026-03-19T01:38:03.917+0000] {processor.py:840} INFO - DAG(s) 'transfer_from_minio_to_snowflake_accounts', 'transfer_from_minio_to_snowflake_transactions', 'transfer_from_minio_to_snowflake_customers' retrieved from /opt/airflow/dags/transfer.py
[2026-03-19T01:38:03.954+0000] {logging_mixin.py:188} INFO - [2026-03-19T01:38:03.954+0000] {dag.py:3089} INFO - Sync 3 DAGs
[2026-03-19T01:38:03.969+0000] {logging_mixin.py:188} INFO - [2026-03-19T01:38:03.969+0000] {dag.py:3947} INFO - Setting next_dagrun for transfer_from_minio_to_snowflake_accounts to 2026-03-19 01:37:00+00:00, run_after=2026-03-19 01:38:00+00:00
[2026-03-19T01:38:03.972+0000] {logging_mixin.py:188} INFO - [2026-03-19T01:38:03.972+0000] {dag.py:3947} INFO - Setting next_dagrun for transfer_from_minio_to_snowflake_customers to 2026-03-19 01:37:00+00:00, run_after=2026-03-19 01:38:00+00:00
[2026-03-19T01:38:03.974+0000] {logging_mixin.py:188} INFO - [2026-03-19T01:38:03.974+0000] {dag.py:3947} INFO - Setting next_dagrun for transfer_from_minio_to_snowflake_transactions to 2026-03-19 01:37:00+00:00, run_after=2026-03-19 01:38:00+00:00
[2026-03-19T01:38:03.981+0000] {processor.py:183} INFO - Processing /opt/airflow/dags/transfer.py took 0.114 seconds
[2026-03-19T01:38:34.514+0000] {processor.py:161} INFO - Started process (PID=9847) to work on /opt/airflow/dags/transfer.py
[2026-03-19T01:38:34.518+0000] {processor.py:830} INFO - Processing file /opt/airflow/dags/transfer.py for tasks to queue
[2026-03-19T01:38:34.524+0000] {logging_mixin.py:188} INFO - [2026-03-19T01:38:34.524+0000] {dagbag.py:545} INFO - Filling up the DagBag from /opt/airflow/dags/transfer.py
[2026-03-19T01:38:34.562+0000] {processor.py:840} INFO - DAG(s) 'transfer_from_minio_to_snowflake_customers', 'transfer_from_minio_to_snowflake_transactions', 'transfer_from_minio_to_snowflake_accounts' retrieved from /opt/airflow/dags/transfer.py
[2026-03-19T01:38:34.595+0000] {logging_mixin.py:188} INFO - [2026-03-19T01:38:34.595+0000] {dag.py:3089} INFO - Sync 3 DAGs
[2026-03-19T01:38:34.617+0000] {logging_mixin.py:188} INFO - [2026-03-19T01:38:34.617+0000] {dag.py:3947} INFO - Setting next_dagrun for transfer_from_minio_to_snowflake_accounts to 2026-03-19 01:37:00+00:00, run_after=2026-03-19 01:38:00+00:00
[2026-03-19T01:38:34.621+0000] {logging_mixin.py:188} INFO - [2026-03-19T01:38:34.621+0000] {dag.py:3947} INFO - Setting next_dagrun for transfer_from_minio_to_snowflake_customers to 2026-03-19 01:37:00+00:00, run_after=2026-03-19 01:38:00+00:00
[2026-03-19T01:38:34.623+0000] {logging_mixin.py:188} INFO - [2026-03-19T01:38:34.622+0000] {dag.py:3947} INFO - Setting next_dagrun for transfer_from_minio_to_snowflake_transactions to 2026-03-19 01:37:00+00:00, run_after=2026-03-19 01:38:00+00:00
[2026-03-19T01:38:34.630+0000] {processor.py:183} INFO - Processing /opt/airflow/dags/transfer.py took 0.130 seconds
[2026-03-19T01:39:05.148+0000] {processor.py:161} INFO - Started process (PID=9849) to work on /opt/airflow/dags/transfer.py
[2026-03-19T01:39:05.155+0000] {processor.py:830} INFO - Processing file /opt/airflow/dags/transfer.py for tasks to queue
[2026-03-19T01:39:05.159+0000] {logging_mixin.py:188} INFO - [2026-03-19T01:39:05.158+0000] {dagbag.py:545} INFO - Filling up the DagBag from /opt/airflow/dags/transfer.py
[2026-03-19T01:39:05.193+0000] {processor.py:840} INFO - DAG(s) 'transfer_from_minio_to_snowflake_transactions', 'transfer_from_minio_to_snowflake_customers', 'transfer_from_minio_to_snowflake_accounts' retrieved from /opt/airflow/dags/transfer.py
[2026-03-19T01:39:05.236+0000] {logging_mixin.py:188} INFO - [2026-03-19T01:39:05.235+0000] {dag.py:3089} INFO - Sync 3 DAGs
[2026-03-19T01:39:05.254+0000] {logging_mixin.py:188} INFO - [2026-03-19T01:39:05.254+0000] {dag.py:3947} INFO - Setting next_dagrun for transfer_from_minio_to_snowflake_accounts to 2026-03-19 01:38:00+00:00, run_after=2026-03-19 01:39:00+00:00
[2026-03-19T01:39:05.257+0000] {logging_mixin.py:188} INFO - [2026-03-19T01:39:05.257+0000] {dag.py:3947} INFO - Setting next_dagrun for transfer_from_minio_to_snowflake_customers to 2026-03-19 01:38:00+00:00, run_after=2026-03-19 01:39:00+00:00
[2026-03-19T01:39:05.259+0000] {logging_mixin.py:188} INFO - [2026-03-19T01:39:05.259+0000] {dag.py:3947} INFO - Setting next_dagrun for transfer_from_minio_to_snowflake_transactions to 2026-03-19 01:38:00+00:00, run_after=2026-03-19 01:39:00+00:00
[2026-03-19T01:39:05.267+0000] {processor.py:183} INFO - Processing /opt/airflow/dags/transfer.py took 0.132 seconds
[2026-03-19T01:39:35.768+0000] {processor.py:161} INFO - Started process (PID=9851) to work on /opt/airflow/dags/transfer.py
[2026-03-19T01:39:35.773+0000] {processor.py:830} INFO - Processing file /opt/airflow/dags/transfer.py for tasks to queue
[2026-03-19T01:39:35.778+0000] {logging_mixin.py:188} INFO - [2026-03-19T01:39:35.777+0000] {dagbag.py:545} INFO - Filling up the DagBag from /opt/airflow/dags/transfer.py
[2026-03-19T01:39:35.818+0000] {processor.py:840} INFO - DAG(s) 'transfer_from_minio_to_snowflake_transactions', 'transfer_from_minio_to_snowflake_accounts', 'transfer_from_minio_to_snowflake_customers' retrieved from /opt/airflow/dags/transfer.py
[2026-03-19T01:39:35.854+0000] {logging_mixin.py:188} INFO - [2026-03-19T01:39:35.854+0000] {dag.py:3089} INFO - Sync 3 DAGs
[2026-03-19T01:39:35.868+0000] {logging_mixin.py:188} INFO - [2026-03-19T01:39:35.868+0000] {dag.py:3947} INFO - Setting next_dagrun for transfer_from_minio_to_snowflake_accounts to 2026-03-19 01:38:00+00:00, run_after=2026-03-19 01:39:00+00:00
[2026-03-19T01:39:35.872+0000] {logging_mixin.py:188} INFO - [2026-03-19T01:39:35.872+0000] {dag.py:3947} INFO - Setting next_dagrun for transfer_from_minio_to_snowflake_customers to 2026-03-19 01:38:00+00:00, run_after=2026-03-19 01:39:00+00:00
[2026-03-19T01:39:35.873+0000] {logging_mixin.py:188} INFO - [2026-03-19T01:39:35.873+0000] {dag.py:3947} INFO - Setting next_dagrun for transfer_from_minio_to_snowflake_transactions to 2026-03-19 01:38:00+00:00, run_after=2026-03-19 01:39:00+00:00
[2026-03-19T01:39:35.881+0000] {processor.py:183} INFO - Processing /opt/airflow/dags/transfer.py took 0.127 seconds
[2026-03-19T01:40:06.452+0000] {processor.py:161} INFO - Started process (PID=9853) to work on /opt/airflow/dags/transfer.py
[2026-03-19T01:40:06.454+0000] {processor.py:830} INFO - Processing file /opt/airflow/dags/transfer.py for tasks to queue
[2026-03-19T01:40:06.457+0000] {logging_mixin.py:188} INFO - [2026-03-19T01:40:06.456+0000] {dagbag.py:545} INFO - Filling up the DagBag from /opt/airflow/dags/transfer.py
[2026-03-19T01:40:06.501+0000] {processor.py:840} INFO - DAG(s) 'transfer_from_minio_to_snowflake_accounts', 'transfer_from_minio_to_snowflake_customers', 'transfer_from_minio_to_snowflake_transactions' retrieved from /opt/airflow/dags/transfer.py
[2026-03-19T01:40:06.537+0000] {logging_mixin.py:188} INFO - [2026-03-19T01:40:06.537+0000] {dag.py:3089} INFO - Sync 3 DAGs
[2026-03-19T01:40:06.561+0000] {logging_mixin.py:188} INFO - [2026-03-19T01:40:06.561+0000] {dag.py:3947} INFO - Setting next_dagrun for transfer_from_minio_to_snowflake_accounts to 2026-03-19 01:39:00+00:00, run_after=2026-03-19 01:40:00+00:00
[2026-03-19T01:40:06.564+0000] {logging_mixin.py:188} INFO - [2026-03-19T01:40:06.564+0000] {dag.py:3947} INFO - Setting next_dagrun for transfer_from_minio_to_snowflake_customers to 2026-03-19 01:39:00+00:00, run_after=2026-03-19 01:40:00+00:00
[2026-03-19T01:40:06.566+0000] {logging_mixin.py:188} INFO - [2026-03-19T01:40:06.566+0000] {dag.py:3947} INFO - Setting next_dagrun for transfer_from_minio_to_snowflake_transactions to 2026-03-19 01:39:00+00:00, run_after=2026-03-19 01:40:00+00:00
[2026-03-19T01:40:06.573+0000] {processor.py:183} INFO - Processing /opt/airflow/dags/transfer.py took 0.140 seconds
[2026-03-19T01:40:37.115+0000] {processor.py:161} INFO - Started process (PID=9855) to work on /opt/airflow/dags/transfer.py
[2026-03-19T01:40:37.117+0000] {processor.py:830} INFO - Processing file /opt/airflow/dags/transfer.py for tasks to queue
[2026-03-19T01:40:37.120+0000] {logging_mixin.py:188} INFO - [2026-03-19T01:40:37.120+0000] {dagbag.py:545} INFO - Filling up the DagBag from /opt/airflow/dags/transfer.py
[2026-03-19T01:40:37.161+0000] {processor.py:840} INFO - DAG(s) 'transfer_from_minio_to_snowflake_customers', 'transfer_from_minio_to_snowflake_accounts', 'transfer_from_minio_to_snowflake_transactions' retrieved from /opt/airflow/dags/transfer.py
[2026-03-19T01:40:37.193+0000] {logging_mixin.py:188} INFO - [2026-03-19T01:40:37.192+0000] {dag.py:3089} INFO - Sync 3 DAGs
[2026-03-19T01:40:37.210+0000] {logging_mixin.py:188} INFO - [2026-03-19T01:40:37.209+0000] {dag.py:3947} INFO - Setting next_dagrun for transfer_from_minio_to_snowflake_accounts to 2026-03-19 01:39:00+00:00, run_after=2026-03-19 01:40:00+00:00
[2026-03-19T01:40:37.212+0000] {logging_mixin.py:188} INFO - [2026-03-19T01:40:37.212+0000] {dag.py:3947} INFO - Setting next_dagrun for transfer_from_minio_to_snowflake_customers to 2026-03-19 01:39:00+00:00, run_after=2026-03-19 01:40:00+00:00
[2026-03-19T01:40:37.214+0000] {logging_mixin.py:188} INFO - [2026-03-19T01:40:37.214+0000] {dag.py:3947} INFO - Setting next_dagrun for transfer_from_minio_to_snowflake_transactions to 2026-03-19 01:39:00+00:00, run_after=2026-03-19 01:40:00+00:00
[2026-03-19T01:40:37.221+0000] {processor.py:183} INFO - Processing /opt/airflow/dags/transfer.py took 0.117 seconds
[2026-03-19T01:41:07.735+0000] {processor.py:161} INFO - Started process (PID=9857) to work on /opt/airflow/dags/transfer.py
[2026-03-19T01:41:07.736+0000] {processor.py:830} INFO - Processing file /opt/airflow/dags/transfer.py for tasks to queue
[2026-03-19T01:41:07.739+0000] {logging_mixin.py:188} INFO - [2026-03-19T01:41:07.739+0000] {dagbag.py:545} INFO - Filling up the DagBag from /opt/airflow/dags/transfer.py
[2026-03-19T01:41:07.771+0000] {processor.py:840} INFO - DAG(s) 'transfer_from_minio_to_snowflake_accounts', 'transfer_from_minio_to_snowflake_customers', 'transfer_from_minio_to_snowflake_transactions' retrieved from /opt/airflow/dags/transfer.py
[2026-03-19T01:41:07.806+0000] {logging_mixin.py:188} INFO - [2026-03-19T01:41:07.806+0000] {dag.py:3089} INFO - Sync 3 DAGs
[2026-03-19T01:41:07.824+0000] {logging_mixin.py:188} INFO - [2026-03-19T01:41:07.824+0000] {dag.py:3947} INFO - Setting next_dagrun for transfer_from_minio_to_snowflake_accounts to 2026-03-19 01:40:00+00:00, run_after=2026-03-19 01:41:00+00:00
[2026-03-19T01:41:07.827+0000] {logging_mixin.py:188} INFO - [2026-03-19T01:41:07.827+0000] {dag.py:3947} INFO - Setting next_dagrun for transfer_from_minio_to_snowflake_customers to 2026-03-19 01:40:00+00:00, run_after=2026-03-19 01:41:00+00:00
[2026-03-19T01:41:07.829+0000] {logging_mixin.py:188} INFO - [2026-03-19T01:41:07.829+0000] {dag.py:3947} INFO - Setting next_dagrun for transfer_from_minio_to_snowflake_transactions to 2026-03-19 01:40:00+00:00, run_after=2026-03-19 01:41:00+00:00
[2026-03-19T01:41:07.836+0000] {processor.py:183} INFO - Processing /opt/airflow/dags/transfer.py took 0.113 seconds
[2026-03-19T01:41:38.339+0000] {processor.py:161} INFO - Started process (PID=9859) to work on /opt/airflow/dags/transfer.py
[2026-03-19T01:41:38.342+0000] {processor.py:830} INFO - Processing file /opt/airflow/dags/transfer.py for tasks to queue
[2026-03-19T01:41:38.346+0000] {logging_mixin.py:188} INFO - [2026-03-19T01:41:38.346+0000] {dagbag.py:545} INFO - Filling up the DagBag from /opt/airflow/dags/transfer.py
[2026-03-19T01:41:38.390+0000] {processor.py:840} INFO - DAG(s) 'transfer_from_minio_to_snowflake_transactions', 'transfer_from_minio_to_snowflake_customers', 'transfer_from_minio_to_snowflake_accounts' retrieved from /opt/airflow/dags/transfer.py
[2026-03-19T01:41:38.428+0000] {logging_mixin.py:188} INFO - [2026-03-19T01:41:38.428+0000] {dag.py:3089} INFO - Sync 3 DAGs
[2026-03-19T01:41:38.444+0000] {logging_mixin.py:188} INFO - [2026-03-19T01:41:38.444+0000] {dag.py:3947} INFO - Setting next_dagrun for transfer_from_minio_to_snowflake_accounts to 2026-03-19 01:40:00+00:00, run_after=2026-03-19 01:41:00+00:00
[2026-03-19T01:41:38.447+0000] {logging_mixin.py:188} INFO - [2026-03-19T01:41:38.447+0000] {dag.py:3947} INFO - Setting next_dagrun for transfer_from_minio_to_snowflake_customers to 2026-03-19 01:40:00+00:00, run_after=2026-03-19 01:41:00+00:00
[2026-03-19T01:41:38.448+0000] {logging_mixin.py:188} INFO - [2026-03-19T01:41:38.448+0000] {dag.py:3947} INFO - Setting next_dagrun for transfer_from_minio_to_snowflake_transactions to 2026-03-19 01:40:00+00:00, run_after=2026-03-19 01:41:00+00:00
[2026-03-19T01:41:38.456+0000] {processor.py:183} INFO - Processing /opt/airflow/dags/transfer.py took 0.133 seconds
[2026-03-19T01:42:08.888+0000] {processor.py:161} INFO - Started process (PID=9861) to work on /opt/airflow/dags/transfer.py
[2026-03-19T01:42:08.891+0000] {processor.py:830} INFO - Processing file /opt/airflow/dags/transfer.py for tasks to queue
[2026-03-19T01:42:08.899+0000] {logging_mixin.py:188} INFO - [2026-03-19T01:42:08.898+0000] {dagbag.py:545} INFO - Filling up the DagBag from /opt/airflow/dags/transfer.py
[2026-03-19T01:42:08.947+0000] {processor.py:840} INFO - DAG(s) 'transfer_from_minio_to_snowflake_transactions', 'transfer_from_minio_to_snowflake_customers', 'transfer_from_minio_to_snowflake_accounts' retrieved from /opt/airflow/dags/transfer.py
[2026-03-19T01:42:08.987+0000] {logging_mixin.py:188} INFO - [2026-03-19T01:42:08.987+0000] {dag.py:3089} INFO - Sync 3 DAGs
[2026-03-19T01:42:09.006+0000] {logging_mixin.py:188} INFO - [2026-03-19T01:42:09.006+0000] {dag.py:3947} INFO - Setting next_dagrun for transfer_from_minio_to_snowflake_accounts to 2026-03-19 01:41:00+00:00, run_after=2026-03-19 01:42:00+00:00
[2026-03-19T01:42:09.009+0000] {logging_mixin.py:188} INFO - [2026-03-19T01:42:09.009+0000] {dag.py:3947} INFO - Setting next_dagrun for transfer_from_minio_to_snowflake_customers to 2026-03-19 01:41:00+00:00, run_after=2026-03-19 01:42:00+00:00
[2026-03-19T01:42:09.010+0000] {logging_mixin.py:188} INFO - [2026-03-19T01:42:09.010+0000] {dag.py:3947} INFO - Setting next_dagrun for transfer_from_minio_to_snowflake_transactions to 2026-03-19 01:41:00+00:00, run_after=2026-03-19 01:42:00+00:00
[2026-03-19T01:42:09.017+0000] {processor.py:183} INFO - Processing /opt/airflow/dags/transfer.py took 0.144 seconds
[2026-03-19T01:42:39.571+0000] {processor.py:161} INFO - Started process (PID=9863) to work on /opt/airflow/dags/transfer.py
[2026-03-19T01:42:39.573+0000] {processor.py:830} INFO - Processing file /opt/airflow/dags/transfer.py for tasks to queue
[2026-03-19T01:42:39.581+0000] {logging_mixin.py:188} INFO - [2026-03-19T01:42:39.581+0000] {dagbag.py:545} INFO - Filling up the DagBag from /opt/airflow/dags/transfer.py
[2026-03-19T01:42:39.617+0000] {processor.py:840} INFO - DAG(s) 'transfer_from_minio_to_snowflake_accounts', 'transfer_from_minio_to_snowflake_transactions', 'transfer_from_minio_to_snowflake_customers' retrieved from /opt/airflow/dags/transfer.py
[2026-03-19T01:42:39.660+0000] {logging_mixin.py:188} INFO - [2026-03-19T01:42:39.660+0000] {dag.py:3089} INFO - Sync 3 DAGs
[2026-03-19T01:42:39.674+0000] {logging_mixin.py:188} INFO - [2026-03-19T01:42:39.674+0000] {dag.py:3947} INFO - Setting next_dagrun for transfer_from_minio_to_snowflake_accounts to 2026-03-19 01:41:00+00:00, run_after=2026-03-19 01:42:00+00:00
[2026-03-19T01:42:39.678+0000] {logging_mixin.py:188} INFO - [2026-03-19T01:42:39.678+0000] {dag.py:3947} INFO - Setting next_dagrun for transfer_from_minio_to_snowflake_customers to 2026-03-19 01:41:00+00:00, run_after=2026-03-19 01:42:00+00:00
[2026-03-19T01:42:39.679+0000] {logging_mixin.py:188} INFO - [2026-03-19T01:42:39.679+0000] {dag.py:3947} INFO - Setting next_dagrun for transfer_from_minio_to_snowflake_transactions to 2026-03-19 01:41:00+00:00, run_after=2026-03-19 01:42:00+00:00
[2026-03-19T01:42:39.687+0000] {processor.py:183} INFO - Processing /opt/airflow/dags/transfer.py took 0.125 seconds
[2026-03-19T01:43:10.204+0000] {processor.py:161} INFO - Started process (PID=9865) to work on /opt/airflow/dags/transfer.py
[2026-03-19T01:43:10.207+0000] {processor.py:830} INFO - Processing file /opt/airflow/dags/transfer.py for tasks to queue
[2026-03-19T01:43:10.209+0000] {logging_mixin.py:188} INFO - [2026-03-19T01:43:10.209+0000] {dagbag.py:545} INFO - Filling up the DagBag from /opt/airflow/dags/transfer.py
[2026-03-19T01:43:10.250+0000] {processor.py:840} INFO - DAG(s) 'transfer_from_minio_to_snowflake_customers', 'transfer_from_minio_to_snowflake_transactions', 'transfer_from_minio_to_snowflake_accounts' retrieved from /opt/airflow/dags/transfer.py
[2026-03-19T01:43:10.290+0000] {logging_mixin.py:188} INFO - [2026-03-19T01:43:10.290+0000] {dag.py:3089} INFO - Sync 3 DAGs
[2026-03-19T01:43:10.306+0000] {logging_mixin.py:188} INFO - [2026-03-19T01:43:10.305+0000] {dag.py:3947} INFO - Setting next_dagrun for transfer_from_minio_to_snowflake_accounts to 2026-03-19 01:42:00+00:00, run_after=2026-03-19 01:43:00+00:00
[2026-03-19T01:43:10.310+0000] {logging_mixin.py:188} INFO - [2026-03-19T01:43:10.309+0000] {dag.py:3947} INFO - Setting next_dagrun for transfer_from_minio_to_snowflake_customers to 2026-03-19 01:42:00+00:00, run_after=2026-03-19 01:43:00+00:00
[2026-03-19T01:43:10.311+0000] {logging_mixin.py:188} INFO - [2026-03-19T01:43:10.311+0000] {dag.py:3947} INFO - Setting next_dagrun for transfer_from_minio_to_snowflake_transactions to 2026-03-19 01:42:00+00:00, run_after=2026-03-19 01:43:00+00:00
[2026-03-19T01:43:10.320+0000] {processor.py:183} INFO - Processing /opt/airflow/dags/transfer.py took 0.128 seconds
[2026-03-19T01:43:40.839+0000] {processor.py:161} INFO - Started process (PID=9867) to work on /opt/airflow/dags/transfer.py
[2026-03-19T01:43:40.841+0000] {processor.py:830} INFO - Processing file /opt/airflow/dags/transfer.py for tasks to queue
[2026-03-19T01:43:40.844+0000] {logging_mixin.py:188} INFO - [2026-03-19T01:43:40.844+0000] {dagbag.py:545} INFO - Filling up the DagBag from /opt/airflow/dags/transfer.py
[2026-03-19T01:43:40.879+0000] {processor.py:840} INFO - DAG(s) 'transfer_from_minio_to_snowflake_customers', 'transfer_from_minio_to_snowflake_transactions', 'transfer_from_minio_to_snowflake_accounts' retrieved from /opt/airflow/dags/transfer.py
[2026-03-19T01:43:40.923+0000] {logging_mixin.py:188} INFO - [2026-03-19T01:43:40.923+0000] {dag.py:3089} INFO - Sync 3 DAGs
[2026-03-19T01:43:40.940+0000] {logging_mixin.py:188} INFO - [2026-03-19T01:43:40.940+0000] {dag.py:3947} INFO - Setting next_dagrun for transfer_from_minio_to_snowflake_accounts to 2026-03-19 01:42:00+00:00, run_after=2026-03-19 01:43:00+00:00
[2026-03-19T01:43:40.943+0000] {logging_mixin.py:188} INFO - [2026-03-19T01:43:40.943+0000] {dag.py:3947} INFO - Setting next_dagrun for transfer_from_minio_to_snowflake_customers to 2026-03-19 01:42:00+00:00, run_after=2026-03-19 01:43:00+00:00
[2026-03-19T01:43:40.945+0000] {logging_mixin.py:188} INFO - [2026-03-19T01:43:40.945+0000] {dag.py:3947} INFO - Setting next_dagrun for transfer_from_minio_to_snowflake_transactions to 2026-03-19 01:42:00+00:00, run_after=2026-03-19 01:43:00+00:00
[2026-03-19T01:43:40.954+0000] {processor.py:183} INFO - Processing /opt/airflow/dags/transfer.py took 0.127 seconds
[2026-03-19T01:44:11.508+0000] {processor.py:161} INFO - Started process (PID=9869) to work on /opt/airflow/dags/transfer.py
[2026-03-19T01:44:11.510+0000] {processor.py:830} INFO - Processing file /opt/airflow/dags/transfer.py for tasks to queue
[2026-03-19T01:44:11.513+0000] {logging_mixin.py:188} INFO - [2026-03-19T01:44:11.513+0000] {dagbag.py:545} INFO - Filling up the DagBag from /opt/airflow/dags/transfer.py
[2026-03-19T01:44:11.557+0000] {processor.py:840} INFO - DAG(s) 'transfer_from_minio_to_snowflake_accounts', 'transfer_from_minio_to_snowflake_transactions', 'transfer_from_minio_to_snowflake_customers' retrieved from /opt/airflow/dags/transfer.py
[2026-03-19T01:44:11.588+0000] {logging_mixin.py:188} INFO - [2026-03-19T01:44:11.588+0000] {dag.py:3089} INFO - Sync 3 DAGs
[2026-03-19T01:44:11.604+0000] {logging_mixin.py:188} INFO - [2026-03-19T01:44:11.604+0000] {dag.py:3947} INFO - Setting next_dagrun for transfer_from_minio_to_snowflake_accounts to 2026-03-19 01:43:00+00:00, run_after=2026-03-19 01:44:00+00:00
[2026-03-19T01:44:11.607+0000] {logging_mixin.py:188} INFO - [2026-03-19T01:44:11.607+0000] {dag.py:3947} INFO - Setting next_dagrun for transfer_from_minio_to_snowflake_customers to 2026-03-19 01:43:00+00:00, run_after=2026-03-19 01:44:00+00:00
[2026-03-19T01:44:11.608+0000] {logging_mixin.py:188} INFO - [2026-03-19T01:44:11.608+0000] {dag.py:3947} INFO - Setting next_dagrun for transfer_from_minio_to_snowflake_transactions to 2026-03-19 01:43:00+00:00, run_after=2026-03-19 01:44:00+00:00
[2026-03-19T01:44:11.615+0000] {processor.py:183} INFO - Processing /opt/airflow/dags/transfer.py took 0.130 seconds
[2026-03-19T01:44:42.135+0000] {processor.py:161} INFO - Started process (PID=9871) to work on /opt/airflow/dags/transfer.py
[2026-03-19T01:44:42.136+0000] {processor.py:830} INFO - Processing file /opt/airflow/dags/transfer.py for tasks to queue
[2026-03-19T01:44:42.138+0000] {logging_mixin.py:188} INFO - [2026-03-19T01:44:42.138+0000] {dagbag.py:545} INFO - Filling up the DagBag from /opt/airflow/dags/transfer.py
[2026-03-19T01:44:42.176+0000] {processor.py:840} INFO - DAG(s) 'transfer_from_minio_to_snowflake_customers', 'transfer_from_minio_to_snowflake_transactions', 'transfer_from_minio_to_snowflake_accounts' retrieved from /opt/airflow/dags/transfer.py
[2026-03-19T01:44:42.207+0000] {logging_mixin.py:188} INFO - [2026-03-19T01:44:42.206+0000] {dag.py:3089} INFO - Sync 3 DAGs
[2026-03-19T01:44:42.224+0000] {logging_mixin.py:188} INFO - [2026-03-19T01:44:42.224+0000] {dag.py:3947} INFO - Setting next_dagrun for transfer_from_minio_to_snowflake_accounts to 2026-03-19 01:43:00+00:00, run_after=2026-03-19 01:44:00+00:00
[2026-03-19T01:44:42.227+0000] {logging_mixin.py:188} INFO - [2026-03-19T01:44:42.227+0000] {dag.py:3947} INFO - Setting next_dagrun for transfer_from_minio_to_snowflake_customers to 2026-03-19 01:43:00+00:00, run_after=2026-03-19 01:44:00+00:00
[2026-03-19T01:44:42.228+0000] {logging_mixin.py:188} INFO - [2026-03-19T01:44:42.228+0000] {dag.py:3947} INFO - Setting next_dagrun for transfer_from_minio_to_snowflake_transactions to 2026-03-19 01:43:00+00:00, run_after=2026-03-19 01:44:00+00:00
[2026-03-19T01:44:42.235+0000] {processor.py:183} INFO - Processing /opt/airflow/dags/transfer.py took 0.112 seconds
[2026-03-19T01:45:12.807+0000] {processor.py:161} INFO - Started process (PID=9873) to work on /opt/airflow/dags/transfer.py
[2026-03-19T01:45:12.812+0000] {processor.py:830} INFO - Processing file /opt/airflow/dags/transfer.py for tasks to queue
[2026-03-19T01:45:12.815+0000] {logging_mixin.py:188} INFO - [2026-03-19T01:45:12.815+0000] {dagbag.py:545} INFO - Filling up the DagBag from /opt/airflow/dags/transfer.py
[2026-03-19T01:45:12.859+0000] {processor.py:840} INFO - DAG(s) 'transfer_from_minio_to_snowflake_customers', 'transfer_from_minio_to_snowflake_transactions', 'transfer_from_minio_to_snowflake_accounts' retrieved from /opt/airflow/dags/transfer.py
[2026-03-19T01:45:12.890+0000] {logging_mixin.py:188} INFO - [2026-03-19T01:45:12.889+0000] {dag.py:3089} INFO - Sync 3 DAGs
[2026-03-19T01:45:12.908+0000] {logging_mixin.py:188} INFO - [2026-03-19T01:45:12.908+0000] {dag.py:3947} INFO - Setting next_dagrun for transfer_from_minio_to_snowflake_accounts to 2026-03-19 01:44:00+00:00, run_after=2026-03-19 01:45:00+00:00
[2026-03-19T01:45:12.911+0000] {logging_mixin.py:188} INFO - [2026-03-19T01:45:12.911+0000] {dag.py:3947} INFO - Setting next_dagrun for transfer_from_minio_to_snowflake_customers to 2026-03-19 01:44:00+00:00, run_after=2026-03-19 01:45:00+00:00
[2026-03-19T01:45:12.912+0000] {logging_mixin.py:188} INFO - [2026-03-19T01:45:12.912+0000] {dag.py:3947} INFO - Setting next_dagrun for transfer_from_minio_to_snowflake_transactions to 2026-03-19 01:44:00+00:00, run_after=2026-03-19 01:45:00+00:00
[2026-03-19T01:45:12.921+0000] {processor.py:183} INFO - Processing /opt/airflow/dags/transfer.py took 0.122 seconds
[2026-03-19T01:45:43.508+0000] {processor.py:161} INFO - Started process (PID=9875) to work on /opt/airflow/dags/transfer.py
[2026-03-19T01:45:43.511+0000] {processor.py:830} INFO - Processing file /opt/airflow/dags/transfer.py for tasks to queue
[2026-03-19T01:45:43.517+0000] {logging_mixin.py:188} INFO - [2026-03-19T01:45:43.516+0000] {dagbag.py:545} INFO - Filling up the DagBag from /opt/airflow/dags/transfer.py
[2026-03-19T01:45:43.549+0000] {processor.py:840} INFO - DAG(s) 'transfer_from_minio_to_snowflake_customers', 'transfer_from_minio_to_snowflake_transactions', 'transfer_from_minio_to_snowflake_accounts' retrieved from /opt/airflow/dags/transfer.py
[2026-03-19T01:45:43.589+0000] {logging_mixin.py:188} INFO - [2026-03-19T01:45:43.589+0000] {dag.py:3089} INFO - Sync 3 DAGs
[2026-03-19T01:45:43.607+0000] {logging_mixin.py:188} INFO - [2026-03-19T01:45:43.607+0000] {dag.py:3947} INFO - Setting next_dagrun for transfer_from_minio_to_snowflake_accounts to 2026-03-19 01:44:00+00:00, run_after=2026-03-19 01:45:00+00:00
[2026-03-19T01:45:43.609+0000] {logging_mixin.py:188} INFO - [2026-03-19T01:45:43.609+0000] {dag.py:3947} INFO - Setting next_dagrun for transfer_from_minio_to_snowflake_customers to 2026-03-19 01:44:00+00:00, run_after=2026-03-19 01:45:00+00:00
[2026-03-19T01:45:43.611+0000] {logging_mixin.py:188} INFO - [2026-03-19T01:45:43.611+0000] {dag.py:3947} INFO - Setting next_dagrun for transfer_from_minio_to_snowflake_transactions to 2026-03-19 01:44:00+00:00, run_after=2026-03-19 01:45:00+00:00
[2026-03-19T01:45:43.618+0000] {processor.py:183} INFO - Processing /opt/airflow/dags/transfer.py took 0.131 seconds
[2026-03-19T01:46:14.095+0000] {processor.py:161} INFO - Started process (PID=9877) to work on /opt/airflow/dags/transfer.py
[2026-03-19T01:46:14.099+0000] {processor.py:830} INFO - Processing file /opt/airflow/dags/transfer.py for tasks to queue
[2026-03-19T01:46:14.105+0000] {logging_mixin.py:188} INFO - [2026-03-19T01:46:14.105+0000] {dagbag.py:545} INFO - Filling up the DagBag from /opt/airflow/dags/transfer.py
[2026-03-19T01:46:14.142+0000] {processor.py:840} INFO - DAG(s) 'transfer_from_minio_to_snowflake_transactions', 'transfer_from_minio_to_snowflake_customers', 'transfer_from_minio_to_snowflake_accounts' retrieved from /opt/airflow/dags/transfer.py
[2026-03-19T01:46:14.177+0000] {logging_mixin.py:188} INFO - [2026-03-19T01:46:14.177+0000] {dag.py:3089} INFO - Sync 3 DAGs
[2026-03-19T01:46:14.191+0000] {logging_mixin.py:188} INFO - [2026-03-19T01:46:14.191+0000] {dag.py:3947} INFO - Setting next_dagrun for transfer_from_minio_to_snowflake_accounts to 2026-03-19 01:45:00+00:00, run_after=2026-03-19 01:46:00+00:00
[2026-03-19T01:46:14.194+0000] {logging_mixin.py:188} INFO - [2026-03-19T01:46:14.194+0000] {dag.py:3947} INFO - Setting next_dagrun for transfer_from_minio_to_snowflake_customers to 2026-03-19 01:45:00+00:00, run_after=2026-03-19 01:46:00+00:00
[2026-03-19T01:46:14.195+0000] {logging_mixin.py:188} INFO - [2026-03-19T01:46:14.195+0000] {dag.py:3947} INFO - Setting next_dagrun for transfer_from_minio_to_snowflake_transactions to 2026-03-19 01:45:00+00:00, run_after=2026-03-19 01:46:00+00:00
[2026-03-19T01:46:14.202+0000] {processor.py:183} INFO - Processing /opt/airflow/dags/transfer.py took 0.130 seconds
[2026-03-19T01:46:44.686+0000] {processor.py:161} INFO - Started process (PID=9879) to work on /opt/airflow/dags/transfer.py
[2026-03-19T01:46:44.691+0000] {processor.py:830} INFO - Processing file /opt/airflow/dags/transfer.py for tasks to queue
[2026-03-19T01:46:44.698+0000] {logging_mixin.py:188} INFO - [2026-03-19T01:46:44.697+0000] {dagbag.py:545} INFO - Filling up the DagBag from /opt/airflow/dags/transfer.py
[2026-03-19T01:46:44.729+0000] {processor.py:840} INFO - DAG(s) 'transfer_from_minio_to_snowflake_transactions', 'transfer_from_minio_to_snowflake_customers', 'transfer_from_minio_to_snowflake_accounts' retrieved from /opt/airflow/dags/transfer.py
[2026-03-19T01:46:44.766+0000] {logging_mixin.py:188} INFO - [2026-03-19T01:46:44.765+0000] {dag.py:3089} INFO - Sync 3 DAGs
[2026-03-19T01:46:44.783+0000] {logging_mixin.py:188} INFO - [2026-03-19T01:46:44.783+0000] {dag.py:3947} INFO - Setting next_dagrun for transfer_from_minio_to_snowflake_accounts to 2026-03-19 01:45:00+00:00, run_after=2026-03-19 01:46:00+00:00
[2026-03-19T01:46:44.785+0000] {logging_mixin.py:188} INFO - [2026-03-19T01:46:44.785+0000] {dag.py:3947} INFO - Setting next_dagrun for transfer_from_minio_to_snowflake_customers to 2026-03-19 01:45:00+00:00, run_after=2026-03-19 01:46:00+00:00
[2026-03-19T01:46:44.787+0000] {logging_mixin.py:188} INFO - [2026-03-19T01:46:44.787+0000] {dag.py:3947} INFO - Setting next_dagrun for transfer_from_minio_to_snowflake_transactions to 2026-03-19 01:45:00+00:00, run_after=2026-03-19 01:46:00+00:00
[2026-03-19T01:46:44.794+0000] {processor.py:183} INFO - Processing /opt/airflow/dags/transfer.py took 0.117 seconds
[2026-03-19T01:47:15.279+0000] {processor.py:161} INFO - Started process (PID=9881) to work on /opt/airflow/dags/transfer.py
[2026-03-19T01:47:15.280+0000] {processor.py:830} INFO - Processing file /opt/airflow/dags/transfer.py for tasks to queue
[2026-03-19T01:47:15.282+0000] {logging_mixin.py:188} INFO - [2026-03-19T01:47:15.282+0000] {dagbag.py:545} INFO - Filling up the DagBag from /opt/airflow/dags/transfer.py
[2026-03-19T01:47:15.322+0000] {processor.py:840} INFO - DAG(s) 'transfer_from_minio_to_snowflake_customers', 'transfer_from_minio_to_snowflake_transactions', 'transfer_from_minio_to_snowflake_accounts' retrieved from /opt/airflow/dags/transfer.py
[2026-03-19T01:47:15.360+0000] {logging_mixin.py:188} INFO - [2026-03-19T01:47:15.359+0000] {dag.py:3089} INFO - Sync 3 DAGs
[2026-03-19T01:47:15.375+0000] {logging_mixin.py:188} INFO - [2026-03-19T01:47:15.375+0000] {dag.py:3947} INFO - Setting next_dagrun for transfer_from_minio_to_snowflake_accounts to 2026-03-19 01:46:00+00:00, run_after=2026-03-19 01:47:00+00:00
[2026-03-19T01:47:15.377+0000] {logging_mixin.py:188} INFO - [2026-03-19T01:47:15.377+0000] {dag.py:3947} INFO - Setting next_dagrun for transfer_from_minio_to_snowflake_customers to 2026-03-19 01:46:00+00:00, run_after=2026-03-19 01:47:00+00:00
[2026-03-19T01:47:15.379+0000] {logging_mixin.py:188} INFO - [2026-03-19T01:47:15.379+0000] {dag.py:3947} INFO - Setting next_dagrun for transfer_from_minio_to_snowflake_transactions to 2026-03-19 01:46:00+00:00, run_after=2026-03-19 01:47:00+00:00
[2026-03-19T01:47:15.386+0000] {processor.py:183} INFO - Processing /opt/airflow/dags/transfer.py took 0.116 seconds
[2026-03-19T01:47:45.870+0000] {processor.py:161} INFO - Started process (PID=9883) to work on /opt/airflow/dags/transfer.py
[2026-03-19T01:47:45.874+0000] {processor.py:830} INFO - Processing file /opt/airflow/dags/transfer.py for tasks to queue
[2026-03-19T01:47:45.879+0000] {logging_mixin.py:188} INFO - [2026-03-19T01:47:45.878+0000] {dagbag.py:545} INFO - Filling up the DagBag from /opt/airflow/dags/transfer.py
[2026-03-19T01:47:45.916+0000] {processor.py:840} INFO - DAG(s) 'transfer_from_minio_to_snowflake_transactions', 'transfer_from_minio_to_snowflake_customers', 'transfer_from_minio_to_snowflake_accounts' retrieved from /opt/airflow/dags/transfer.py
[2026-03-19T01:47:45.950+0000] {logging_mixin.py:188} INFO - [2026-03-19T01:47:45.950+0000] {dag.py:3089} INFO - Sync 3 DAGs
[2026-03-19T01:47:45.968+0000] {logging_mixin.py:188} INFO - [2026-03-19T01:47:45.968+0000] {dag.py:3947} INFO - Setting next_dagrun for transfer_from_minio_to_snowflake_accounts to 2026-03-19 01:46:00+00:00, run_after=2026-03-19 01:47:00+00:00
[2026-03-19T01:47:45.971+0000] {logging_mixin.py:188} INFO - [2026-03-19T01:47:45.971+0000] {dag.py:3947} INFO - Setting next_dagrun for transfer_from_minio_to_snowflake_customers to 2026-03-19 01:46:00+00:00, run_after=2026-03-19 01:47:00+00:00
[2026-03-19T01:47:45.973+0000] {logging_mixin.py:188} INFO - [2026-03-19T01:47:45.973+0000] {dag.py:3947} INFO - Setting next_dagrun for transfer_from_minio_to_snowflake_transactions to 2026-03-19 01:46:00+00:00, run_after=2026-03-19 01:47:00+00:00
[2026-03-19T01:47:45.980+0000] {processor.py:183} INFO - Processing /opt/airflow/dags/transfer.py took 0.123 seconds
[2026-03-19T01:48:16.520+0000] {processor.py:161} INFO - Started process (PID=9885) to work on /opt/airflow/dags/transfer.py
[2026-03-19T01:48:16.522+0000] {processor.py:830} INFO - Processing file /opt/airflow/dags/transfer.py for tasks to queue
[2026-03-19T01:48:16.525+0000] {logging_mixin.py:188} INFO - [2026-03-19T01:48:16.525+0000] {dagbag.py:545} INFO - Filling up the DagBag from /opt/airflow/dags/transfer.py
[2026-03-19T01:48:16.562+0000] {processor.py:840} INFO - DAG(s) 'transfer_from_minio_to_snowflake_transactions', 'transfer_from_minio_to_snowflake_accounts', 'transfer_from_minio_to_snowflake_customers' retrieved from /opt/airflow/dags/transfer.py
[2026-03-19T01:48:16.597+0000] {logging_mixin.py:188} INFO - [2026-03-19T01:48:16.597+0000] {dag.py:3089} INFO - Sync 3 DAGs
[2026-03-19T01:48:16.611+0000] {logging_mixin.py:188} INFO - [2026-03-19T01:48:16.611+0000] {dag.py:3947} INFO - Setting next_dagrun for transfer_from_minio_to_snowflake_accounts to 2026-03-19 01:47:00+00:00, run_after=2026-03-19 01:48:00+00:00
[2026-03-19T01:48:16.614+0000] {logging_mixin.py:188} INFO - [2026-03-19T01:48:16.614+0000] {dag.py:3947} INFO - Setting next_dagrun for transfer_from_minio_to_snowflake_customers to 2026-03-19 01:47:00+00:00, run_after=2026-03-19 01:48:00+00:00
[2026-03-19T01:48:16.615+0000] {logging_mixin.py:188} INFO - [2026-03-19T01:48:16.615+0000] {dag.py:3947} INFO - Setting next_dagrun for transfer_from_minio_to_snowflake_transactions to 2026-03-19 01:47:00+00:00, run_after=2026-03-19 01:48:00+00:00
[2026-03-19T01:48:16.623+0000] {processor.py:183} INFO - Processing /opt/airflow/dags/transfer.py took 0.116 seconds
[2026-03-19T01:48:47.330+0000] {processor.py:161} INFO - Started process (PID=9887) to work on /opt/airflow/dags/transfer.py
[2026-03-19T01:48:47.334+0000] {processor.py:830} INFO - Processing file /opt/airflow/dags/transfer.py for tasks to queue
[2026-03-19T01:48:47.341+0000] {logging_mixin.py:188} INFO - [2026-03-19T01:48:47.341+0000] {dagbag.py:545} INFO - Filling up the DagBag from /opt/airflow/dags/transfer.py
[2026-03-19T01:48:47.397+0000] {processor.py:840} INFO - DAG(s) 'transfer_from_minio_to_snowflake_customers', 'transfer_from_minio_to_snowflake_accounts', 'transfer_from_minio_to_snowflake_transactions' retrieved from /opt/airflow/dags/transfer.py
[2026-03-19T01:48:47.468+0000] {logging_mixin.py:188} INFO - [2026-03-19T01:48:47.467+0000] {dag.py:3089} INFO - Sync 3 DAGs
[2026-03-19T01:48:47.495+0000] {logging_mixin.py:188} INFO - [2026-03-19T01:48:47.495+0000] {dag.py:3947} INFO - Setting next_dagrun for transfer_from_minio_to_snowflake_accounts to 2026-03-19 01:47:00+00:00, run_after=2026-03-19 01:48:00+00:00
[2026-03-19T01:48:47.504+0000] {logging_mixin.py:188} INFO - [2026-03-19T01:48:47.504+0000] {dag.py:3947} INFO - Setting next_dagrun for transfer_from_minio_to_snowflake_customers to 2026-03-19 01:47:00+00:00, run_after=2026-03-19 01:48:00+00:00
[2026-03-19T01:48:47.508+0000] {logging_mixin.py:188} INFO - [2026-03-19T01:48:47.508+0000] {dag.py:3947} INFO - Setting next_dagrun for transfer_from_minio_to_snowflake_transactions to 2026-03-19 01:47:00+00:00, run_after=2026-03-19 01:48:00+00:00
[2026-03-19T01:48:47.523+0000] {processor.py:183} INFO - Processing /opt/airflow/dags/transfer.py took 0.209 seconds
[2026-03-19T01:49:18.039+0000] {processor.py:161} INFO - Started process (PID=9889) to work on /opt/airflow/dags/transfer.py
[2026-03-19T01:49:18.042+0000] {processor.py:830} INFO - Processing file /opt/airflow/dags/transfer.py for tasks to queue
[2026-03-19T01:49:18.044+0000] {logging_mixin.py:188} INFO - [2026-03-19T01:49:18.044+0000] {dagbag.py:545} INFO - Filling up the DagBag from /opt/airflow/dags/transfer.py
[2026-03-19T01:49:18.077+0000] {processor.py:840} INFO - DAG(s) 'transfer_from_minio_to_snowflake_accounts', 'transfer_from_minio_to_snowflake_customers', 'transfer_from_minio_to_snowflake_transactions' retrieved from /opt/airflow/dags/transfer.py
[2026-03-19T01:49:18.114+0000] {logging_mixin.py:188} INFO - [2026-03-19T01:49:18.114+0000] {dag.py:3089} INFO - Sync 3 DAGs
[2026-03-19T01:49:18.132+0000] {logging_mixin.py:188} INFO - [2026-03-19T01:49:18.132+0000] {dag.py:3947} INFO - Setting next_dagrun for transfer_from_minio_to_snowflake_accounts to 2026-03-19 01:48:00+00:00, run_after=2026-03-19 01:49:00+00:00
[2026-03-19T01:49:18.135+0000] {logging_mixin.py:188} INFO - [2026-03-19T01:49:18.135+0000] {dag.py:3947} INFO - Setting next_dagrun for transfer_from_minio_to_snowflake_customers to 2026-03-19 01:48:00+00:00, run_after=2026-03-19 01:49:00+00:00
[2026-03-19T01:49:18.136+0000] {logging_mixin.py:188} INFO - [2026-03-19T01:49:18.136+0000] {dag.py:3947} INFO - Setting next_dagrun for transfer_from_minio_to_snowflake_transactions to 2026-03-19 01:48:00+00:00, run_after=2026-03-19 01:49:00+00:00
[2026-03-19T01:49:18.144+0000] {processor.py:183} INFO - Processing /opt/airflow/dags/transfer.py took 0.113 seconds
[2026-03-19T01:49:48.679+0000] {processor.py:161} INFO - Started process (PID=9891) to work on /opt/airflow/dags/transfer.py
[2026-03-19T01:49:48.682+0000] {processor.py:830} INFO - Processing file /opt/airflow/dags/transfer.py for tasks to queue
[2026-03-19T01:49:48.685+0000] {logging_mixin.py:188} INFO - [2026-03-19T01:49:48.683+0000] {dagbag.py:545} INFO - Filling up the DagBag from /opt/airflow/dags/transfer.py
[2026-03-19T01:49:48.716+0000] {processor.py:840} INFO - DAG(s) 'transfer_from_minio_to_snowflake_accounts', 'transfer_from_minio_to_snowflake_transactions', 'transfer_from_minio_to_snowflake_customers' retrieved from /opt/airflow/dags/transfer.py
[2026-03-19T01:49:48.754+0000] {logging_mixin.py:188} INFO - [2026-03-19T01:49:48.754+0000] {dag.py:3089} INFO - Sync 3 DAGs
[2026-03-19T01:49:48.773+0000] {logging_mixin.py:188} INFO - [2026-03-19T01:49:48.773+0000] {dag.py:3947} INFO - Setting next_dagrun for transfer_from_minio_to_snowflake_accounts to 2026-03-19 01:48:00+00:00, run_after=2026-03-19 01:49:00+00:00
[2026-03-19T01:49:48.776+0000] {logging_mixin.py:188} INFO - [2026-03-19T01:49:48.776+0000] {dag.py:3947} INFO - Setting next_dagrun for transfer_from_minio_to_snowflake_customers to 2026-03-19 01:48:00+00:00, run_after=2026-03-19 01:49:00+00:00
[2026-03-19T01:49:48.777+0000] {logging_mixin.py:188} INFO - [2026-03-19T01:49:48.777+0000] {dag.py:3947} INFO - Setting next_dagrun for transfer_from_minio_to_snowflake_transactions to 2026-03-19 01:48:00+00:00, run_after=2026-03-19 01:49:00+00:00
[2026-03-19T01:49:48.784+0000] {processor.py:183} INFO - Processing /opt/airflow/dags/transfer.py took 0.116 seconds
[2026-03-19T01:50:19.373+0000] {processor.py:161} INFO - Started process (PID=9893) to work on /opt/airflow/dags/transfer.py
[2026-03-19T01:50:19.375+0000] {processor.py:830} INFO - Processing file /opt/airflow/dags/transfer.py for tasks to queue
[2026-03-19T01:50:19.378+0000] {logging_mixin.py:188} INFO - [2026-03-19T01:50:19.378+0000] {dagbag.py:545} INFO - Filling up the DagBag from /opt/airflow/dags/transfer.py
[2026-03-19T01:50:19.426+0000] {processor.py:840} INFO - DAG(s) 'transfer_from_minio_to_snowflake_customers', 'transfer_from_minio_to_snowflake_accounts', 'transfer_from_minio_to_snowflake_transactions' retrieved from /opt/airflow/dags/transfer.py
[2026-03-19T01:50:19.461+0000] {logging_mixin.py:188} INFO - [2026-03-19T01:50:19.461+0000] {dag.py:3089} INFO - Sync 3 DAGs
[2026-03-19T01:50:19.480+0000] {logging_mixin.py:188} INFO - [2026-03-19T01:50:19.480+0000] {dag.py:3947} INFO - Setting next_dagrun for transfer_from_minio_to_snowflake_accounts to 2026-03-19 01:49:00+00:00, run_after=2026-03-19 01:50:00+00:00
[2026-03-19T01:50:19.483+0000] {logging_mixin.py:188} INFO - [2026-03-19T01:50:19.483+0000] {dag.py:3947} INFO - Setting next_dagrun for transfer_from_minio_to_snowflake_customers to 2026-03-19 01:49:00+00:00, run_after=2026-03-19 01:50:00+00:00
[2026-03-19T01:50:19.484+0000] {logging_mixin.py:188} INFO - [2026-03-19T01:50:19.484+0000] {dag.py:3947} INFO - Setting next_dagrun for transfer_from_minio_to_snowflake_transactions to 2026-03-19 01:49:00+00:00, run_after=2026-03-19 01:50:00+00:00
[2026-03-19T01:50:19.492+0000] {processor.py:183} INFO - Processing /opt/airflow/dags/transfer.py took 0.131 seconds
[2026-03-19T01:50:49.981+0000] {processor.py:161} INFO - Started process (PID=9895) to work on /opt/airflow/dags/transfer.py
[2026-03-19T01:50:49.984+0000] {processor.py:830} INFO - Processing file /opt/airflow/dags/transfer.py for tasks to queue
[2026-03-19T01:50:49.987+0000] {logging_mixin.py:188} INFO - [2026-03-19T01:50:49.986+0000] {dagbag.py:545} INFO - Filling up the DagBag from /opt/airflow/dags/transfer.py
[2026-03-19T01:50:50.023+0000] {processor.py:840} INFO - DAG(s) 'transfer_from_minio_to_snowflake_transactions', 'transfer_from_minio_to_snowflake_accounts', 'transfer_from_minio_to_snowflake_customers' retrieved from /opt/airflow/dags/transfer.py
[2026-03-19T01:50:50.057+0000] {logging_mixin.py:188} INFO - [2026-03-19T01:50:50.057+0000] {dag.py:3089} INFO - Sync 3 DAGs
[2026-03-19T01:50:50.077+0000] {logging_mixin.py:188} INFO - [2026-03-19T01:50:50.077+0000] {dag.py:3947} INFO - Setting next_dagrun for transfer_from_minio_to_snowflake_accounts to 2026-03-19 01:49:00+00:00, run_after=2026-03-19 01:50:00+00:00
[2026-03-19T01:50:50.080+0000] {logging_mixin.py:188} INFO - [2026-03-19T01:50:50.080+0000] {dag.py:3947} INFO - Setting next_dagrun for transfer_from_minio_to_snowflake_customers to 2026-03-19 01:49:00+00:00, run_after=2026-03-19 01:50:00+00:00
[2026-03-19T01:50:50.082+0000] {logging_mixin.py:188} INFO - [2026-03-19T01:50:50.082+0000] {dag.py:3947} INFO - Setting next_dagrun for transfer_from_minio_to_snowflake_transactions to 2026-03-19 01:49:00+00:00, run_after=2026-03-19 01:50:00+00:00
[2026-03-19T01:50:50.089+0000] {processor.py:183} INFO - Processing /opt/airflow/dags/transfer.py took 0.118 seconds
[2026-03-19T01:51:20.612+0000] {processor.py:161} INFO - Started process (PID=9897) to work on /opt/airflow/dags/transfer.py
[2026-03-19T01:51:20.616+0000] {processor.py:830} INFO - Processing file /opt/airflow/dags/transfer.py for tasks to queue
[2026-03-19T01:51:20.621+0000] {logging_mixin.py:188} INFO - [2026-03-19T01:51:20.621+0000] {dagbag.py:545} INFO - Filling up the DagBag from /opt/airflow/dags/transfer.py
[2026-03-19T01:51:20.662+0000] {processor.py:840} INFO - DAG(s) 'transfer_from_minio_to_snowflake_transactions', 'transfer_from_minio_to_snowflake_accounts', 'transfer_from_minio_to_snowflake_customers' retrieved from /opt/airflow/dags/transfer.py
[2026-03-19T01:51:20.708+0000] {logging_mixin.py:188} INFO - [2026-03-19T01:51:20.707+0000] {dag.py:3089} INFO - Sync 3 DAGs
[2026-03-19T01:51:20.758+0000] {logging_mixin.py:188} INFO - [2026-03-19T01:51:20.758+0000] {dag.py:3947} INFO - Setting next_dagrun for transfer_from_minio_to_snowflake_accounts to 2026-03-19 01:50:00+00:00, run_after=2026-03-19 01:51:00+00:00
[2026-03-19T01:51:20.762+0000] {logging_mixin.py:188} INFO - [2026-03-19T01:51:20.762+0000] {dag.py:3947} INFO - Setting next_dagrun for transfer_from_minio_to_snowflake_customers to 2026-03-19 01:50:00+00:00, run_after=2026-03-19 01:51:00+00:00
[2026-03-19T01:51:20.764+0000] {logging_mixin.py:188} INFO - [2026-03-19T01:51:20.764+0000] {dag.py:3947} INFO - Setting next_dagrun for transfer_from_minio_to_snowflake_transactions to 2026-03-19 01:50:00+00:00, run_after=2026-03-19 01:51:00+00:00
[2026-03-19T01:51:20.780+0000] {processor.py:183} INFO - Processing /opt/airflow/dags/transfer.py took 0.197 seconds
[2026-03-19T01:51:51.244+0000] {processor.py:161} INFO - Started process (PID=9899) to work on /opt/airflow/dags/transfer.py
[2026-03-19T01:51:51.246+0000] {processor.py:830} INFO - Processing file /opt/airflow/dags/transfer.py for tasks to queue
[2026-03-19T01:51:51.249+0000] {logging_mixin.py:188} INFO - [2026-03-19T01:51:51.248+0000] {dagbag.py:545} INFO - Filling up the DagBag from /opt/airflow/dags/transfer.py
[2026-03-19T01:51:51.288+0000] {processor.py:840} INFO - DAG(s) 'transfer_from_minio_to_snowflake_customers', 'transfer_from_minio_to_snowflake_transactions', 'transfer_from_minio_to_snowflake_accounts' retrieved from /opt/airflow/dags/transfer.py
[2026-03-19T01:51:51.337+0000] {logging_mixin.py:188} INFO - [2026-03-19T01:51:51.336+0000] {dag.py:3089} INFO - Sync 3 DAGs
[2026-03-19T01:51:51.356+0000] {logging_mixin.py:188} INFO - [2026-03-19T01:51:51.355+0000] {dag.py:3947} INFO - Setting next_dagrun for transfer_from_minio_to_snowflake_accounts to 2026-03-19 01:50:00+00:00, run_after=2026-03-19 01:51:00+00:00
[2026-03-19T01:51:51.360+0000] {logging_mixin.py:188} INFO - [2026-03-19T01:51:51.360+0000] {dag.py:3947} INFO - Setting next_dagrun for transfer_from_minio_to_snowflake_customers to 2026-03-19 01:50:00+00:00, run_after=2026-03-19 01:51:00+00:00
[2026-03-19T01:51:51.361+0000] {logging_mixin.py:188} INFO - [2026-03-19T01:51:51.361+0000] {dag.py:3947} INFO - Setting next_dagrun for transfer_from_minio_to_snowflake_transactions to 2026-03-19 01:50:00+00:00, run_after=2026-03-19 01:51:00+00:00
[2026-03-19T01:51:51.368+0000] {processor.py:183} INFO - Processing /opt/airflow/dags/transfer.py took 0.139 seconds
[2026-03-19T01:52:21.871+0000] {processor.py:161} INFO - Started process (PID=9901) to work on /opt/airflow/dags/transfer.py
[2026-03-19T01:52:21.873+0000] {processor.py:830} INFO - Processing file /opt/airflow/dags/transfer.py for tasks to queue
[2026-03-19T01:52:21.875+0000] {logging_mixin.py:188} INFO - [2026-03-19T01:52:21.875+0000] {dagbag.py:545} INFO - Filling up the DagBag from /opt/airflow/dags/transfer.py
[2026-03-19T01:52:21.908+0000] {processor.py:840} INFO - DAG(s) 'transfer_from_minio_to_snowflake_transactions', 'transfer_from_minio_to_snowflake_customers', 'transfer_from_minio_to_snowflake_accounts' retrieved from /opt/airflow/dags/transfer.py
[2026-03-19T01:52:21.951+0000] {logging_mixin.py:188} INFO - [2026-03-19T01:52:21.951+0000] {dag.py:3089} INFO - Sync 3 DAGs
[2026-03-19T01:52:21.965+0000] {logging_mixin.py:188} INFO - [2026-03-19T01:52:21.964+0000] {dag.py:3947} INFO - Setting next_dagrun for transfer_from_minio_to_snowflake_accounts to 2026-03-19 01:51:00+00:00, run_after=2026-03-19 01:52:00+00:00
[2026-03-19T01:52:21.967+0000] {logging_mixin.py:188} INFO - [2026-03-19T01:52:21.967+0000] {dag.py:3947} INFO - Setting next_dagrun for transfer_from_minio_to_snowflake_customers to 2026-03-19 01:51:00+00:00, run_after=2026-03-19 01:52:00+00:00
[2026-03-19T01:52:21.969+0000] {logging_mixin.py:188} INFO - [2026-03-19T01:52:21.969+0000] {dag.py:3947} INFO - Setting next_dagrun for transfer_from_minio_to_snowflake_transactions to 2026-03-19 01:51:00+00:00, run_after=2026-03-19 01:52:00+00:00
[2026-03-19T01:52:21.976+0000] {processor.py:183} INFO - Processing /opt/airflow/dags/transfer.py took 0.112 seconds
[2026-03-19T01:52:52.377+0000] {processor.py:161} INFO - Started process (PID=9903) to work on /opt/airflow/dags/transfer.py
[2026-03-19T01:52:52.379+0000] {processor.py:830} INFO - Processing file /opt/airflow/dags/transfer.py for tasks to queue
[2026-03-19T01:52:52.386+0000] {logging_mixin.py:188} INFO - [2026-03-19T01:52:52.385+0000] {dagbag.py:545} INFO - Filling up the DagBag from /opt/airflow/dags/transfer.py
[2026-03-19T01:52:52.427+0000] {processor.py:840} INFO - DAG(s) 'transfer_from_minio_to_snowflake_accounts', 'transfer_from_minio_to_snowflake_transactions', 'transfer_from_minio_to_snowflake_customers' retrieved from /opt/airflow/dags/transfer.py
[2026-03-19T01:52:52.461+0000] {logging_mixin.py:188} INFO - [2026-03-19T01:52:52.460+0000] {dag.py:3089} INFO - Sync 3 DAGs
[2026-03-19T01:52:52.486+0000] {logging_mixin.py:188} INFO - [2026-03-19T01:52:52.486+0000] {dag.py:3947} INFO - Setting next_dagrun for transfer_from_minio_to_snowflake_accounts to 2026-03-19 01:51:00+00:00, run_after=2026-03-19 01:52:00+00:00
[2026-03-19T01:52:52.489+0000] {logging_mixin.py:188} INFO - [2026-03-19T01:52:52.489+0000] {dag.py:3947} INFO - Setting next_dagrun for transfer_from_minio_to_snowflake_customers to 2026-03-19 01:51:00+00:00, run_after=2026-03-19 01:52:00+00:00
[2026-03-19T01:52:52.490+0000] {logging_mixin.py:188} INFO - [2026-03-19T01:52:52.490+0000] {dag.py:3947} INFO - Setting next_dagrun for transfer_from_minio_to_snowflake_transactions to 2026-03-19 01:51:00+00:00, run_after=2026-03-19 01:52:00+00:00
[2026-03-19T01:52:52.502+0000] {processor.py:183} INFO - Processing /opt/airflow/dags/transfer.py took 0.135 seconds
[2026-03-19T01:53:22.944+0000] {processor.py:161} INFO - Started process (PID=9905) to work on /opt/airflow/dags/transfer.py
[2026-03-19T01:53:22.947+0000] {processor.py:830} INFO - Processing file /opt/airflow/dags/transfer.py for tasks to queue
[2026-03-19T01:53:22.955+0000] {logging_mixin.py:188} INFO - [2026-03-19T01:53:22.955+0000] {dagbag.py:545} INFO - Filling up the DagBag from /opt/airflow/dags/transfer.py
[2026-03-19T01:53:22.983+0000] {processor.py:840} INFO - DAG(s) 'transfer_from_minio_to_snowflake_accounts', 'transfer_from_minio_to_snowflake_transactions', 'transfer_from_minio_to_snowflake_customers' retrieved from /opt/airflow/dags/transfer.py
[2026-03-19T01:53:23.019+0000] {logging_mixin.py:188} INFO - [2026-03-19T01:53:23.018+0000] {dag.py:3089} INFO - Sync 3 DAGs
[2026-03-19T01:53:23.034+0000] {logging_mixin.py:188} INFO - [2026-03-19T01:53:23.034+0000] {dag.py:3947} INFO - Setting next_dagrun for transfer_from_minio_to_snowflake_accounts to 2026-03-19 01:52:00+00:00, run_after=2026-03-19 01:53:00+00:00
[2026-03-19T01:53:23.040+0000] {logging_mixin.py:188} INFO - [2026-03-19T01:53:23.040+0000] {dag.py:3947} INFO - Setting next_dagrun for transfer_from_minio_to_snowflake_customers to 2026-03-19 01:52:00+00:00, run_after=2026-03-19 01:53:00+00:00
[2026-03-19T01:53:23.041+0000] {logging_mixin.py:188} INFO - [2026-03-19T01:53:23.041+0000] {dag.py:3947} INFO - Setting next_dagrun for transfer_from_minio_to_snowflake_transactions to 2026-03-19 01:52:00+00:00, run_after=2026-03-19 01:53:00+00:00
[2026-03-19T01:53:23.056+0000] {processor.py:183} INFO - Processing /opt/airflow/dags/transfer.py took 0.121 seconds
[2026-03-19T01:53:53.433+0000] {processor.py:161} INFO - Started process (PID=9907) to work on /opt/airflow/dags/transfer.py
[2026-03-19T01:53:53.435+0000] {processor.py:830} INFO - Processing file /opt/airflow/dags/transfer.py for tasks to queue
[2026-03-19T01:53:53.438+0000] {logging_mixin.py:188} INFO - [2026-03-19T01:53:53.438+0000] {dagbag.py:545} INFO - Filling up the DagBag from /opt/airflow/dags/transfer.py
[2026-03-19T01:53:53.479+0000] {processor.py:840} INFO - DAG(s) 'transfer_from_minio_to_snowflake_customers', 'transfer_from_minio_to_snowflake_accounts', 'transfer_from_minio_to_snowflake_transactions' retrieved from /opt/airflow/dags/transfer.py
[2026-03-19T01:53:53.518+0000] {logging_mixin.py:188} INFO - [2026-03-19T01:53:53.518+0000] {dag.py:3089} INFO - Sync 3 DAGs
[2026-03-19T01:53:53.540+0000] {logging_mixin.py:188} INFO - [2026-03-19T01:53:53.540+0000] {dag.py:3947} INFO - Setting next_dagrun for transfer_from_minio_to_snowflake_accounts to 2026-03-19 01:52:00+00:00, run_after=2026-03-19 01:53:00+00:00
[2026-03-19T01:53:53.543+0000] {logging_mixin.py:188} INFO - [2026-03-19T01:53:53.543+0000] {dag.py:3947} INFO - Setting next_dagrun for transfer_from_minio_to_snowflake_customers to 2026-03-19 01:52:00+00:00, run_after=2026-03-19 01:53:00+00:00
[2026-03-19T01:53:53.545+0000] {logging_mixin.py:188} INFO - [2026-03-19T01:53:53.545+0000] {dag.py:3947} INFO - Setting next_dagrun for transfer_from_minio_to_snowflake_transactions to 2026-03-19 01:52:00+00:00, run_after=2026-03-19 01:53:00+00:00
[2026-03-19T01:53:53.554+0000] {processor.py:183} INFO - Processing /opt/airflow/dags/transfer.py took 0.130 seconds
[2026-03-19T01:54:24.175+0000] {processor.py:161} INFO - Started process (PID=9909) to work on /opt/airflow/dags/transfer.py
[2026-03-19T01:54:24.176+0000] {processor.py:830} INFO - Processing file /opt/airflow/dags/transfer.py for tasks to queue
[2026-03-19T01:54:24.180+0000] {logging_mixin.py:188} INFO - [2026-03-19T01:54:24.180+0000] {dagbag.py:545} INFO - Filling up the DagBag from /opt/airflow/dags/transfer.py
[2026-03-19T01:54:24.216+0000] {processor.py:840} INFO - DAG(s) 'transfer_from_minio_to_snowflake_customers', 'transfer_from_minio_to_snowflake_transactions', 'transfer_from_minio_to_snowflake_accounts' retrieved from /opt/airflow/dags/transfer.py
[2026-03-19T01:54:24.249+0000] {logging_mixin.py:188} INFO - [2026-03-19T01:54:24.249+0000] {dag.py:3089} INFO - Sync 3 DAGs
[2026-03-19T01:54:24.264+0000] {logging_mixin.py:188} INFO - [2026-03-19T01:54:24.264+0000] {dag.py:3947} INFO - Setting next_dagrun for transfer_from_minio_to_snowflake_accounts to 2026-03-19 01:53:00+00:00, run_after=2026-03-19 01:54:00+00:00
[2026-03-19T01:54:24.267+0000] {logging_mixin.py:188} INFO - [2026-03-19T01:54:24.267+0000] {dag.py:3947} INFO - Setting next_dagrun for transfer_from_minio_to_snowflake_customers to 2026-03-19 01:53:00+00:00, run_after=2026-03-19 01:54:00+00:00
[2026-03-19T01:54:24.269+0000] {logging_mixin.py:188} INFO - [2026-03-19T01:54:24.269+0000] {dag.py:3947} INFO - Setting next_dagrun for transfer_from_minio_to_snowflake_transactions to 2026-03-19 01:53:00+00:00, run_after=2026-03-19 01:54:00+00:00
[2026-03-19T01:54:24.276+0000] {processor.py:183} INFO - Processing /opt/airflow/dags/transfer.py took 0.108 seconds
[2026-03-19T01:54:54.657+0000] {processor.py:161} INFO - Started process (PID=9911) to work on /opt/airflow/dags/transfer.py
[2026-03-19T01:54:54.659+0000] {processor.py:830} INFO - Processing file /opt/airflow/dags/transfer.py for tasks to queue
[2026-03-19T01:54:54.669+0000] {logging_mixin.py:188} INFO - [2026-03-19T01:54:54.668+0000] {dagbag.py:545} INFO - Filling up the DagBag from /opt/airflow/dags/transfer.py
[2026-03-19T01:54:54.710+0000] {processor.py:840} INFO - DAG(s) 'transfer_from_minio_to_snowflake_accounts', 'transfer_from_minio_to_snowflake_transactions', 'transfer_from_minio_to_snowflake_customers' retrieved from /opt/airflow/dags/transfer.py
[2026-03-19T01:54:54.732+0000] {logging_mixin.py:188} INFO - [2026-03-19T01:54:54.731+0000] {dag.py:3089} INFO - Sync 3 DAGs
[2026-03-19T01:54:54.745+0000] {logging_mixin.py:188} INFO - [2026-03-19T01:54:54.745+0000] {dag.py:3947} INFO - Setting next_dagrun for transfer_from_minio_to_snowflake_accounts to 2026-03-19 01:53:00+00:00, run_after=2026-03-19 01:54:00+00:00
[2026-03-19T01:54:54.749+0000] {logging_mixin.py:188} INFO - [2026-03-19T01:54:54.749+0000] {dag.py:3947} INFO - Setting next_dagrun for transfer_from_minio_to_snowflake_customers to 2026-03-19 01:53:00+00:00, run_after=2026-03-19 01:54:00+00:00
[2026-03-19T01:54:54.750+0000] {logging_mixin.py:188} INFO - [2026-03-19T01:54:54.750+0000] {dag.py:3947} INFO - Setting next_dagrun for transfer_from_minio_to_snowflake_transactions to 2026-03-19 01:53:00+00:00, run_after=2026-03-19 01:54:00+00:00
[2026-03-19T01:54:54.757+0000] {processor.py:183} INFO - Processing /opt/airflow/dags/transfer.py took 0.112 seconds
[2026-03-19T01:55:25.152+0000] {processor.py:161} INFO - Started process (PID=9913) to work on /opt/airflow/dags/transfer.py
[2026-03-19T01:55:25.155+0000] {processor.py:830} INFO - Processing file /opt/airflow/dags/transfer.py for tasks to queue
[2026-03-19T01:55:25.160+0000] {logging_mixin.py:188} INFO - [2026-03-19T01:55:25.160+0000] {dagbag.py:545} INFO - Filling up the DagBag from /opt/airflow/dags/transfer.py
[2026-03-19T01:55:25.194+0000] {processor.py:840} INFO - DAG(s) 'transfer_from_minio_to_snowflake_transactions', 'transfer_from_minio_to_snowflake_customers', 'transfer_from_minio_to_snowflake_accounts' retrieved from /opt/airflow/dags/transfer.py
[2026-03-19T01:55:25.229+0000] {logging_mixin.py:188} INFO - [2026-03-19T01:55:25.229+0000] {dag.py:3089} INFO - Sync 3 DAGs
[2026-03-19T01:55:25.242+0000] {logging_mixin.py:188} INFO - [2026-03-19T01:55:25.242+0000] {dag.py:3947} INFO - Setting next_dagrun for transfer_from_minio_to_snowflake_accounts to 2026-03-19 01:54:00+00:00, run_after=2026-03-19 01:55:00+00:00
[2026-03-19T01:55:25.245+0000] {logging_mixin.py:188} INFO - [2026-03-19T01:55:25.245+0000] {dag.py:3947} INFO - Setting next_dagrun for transfer_from_minio_to_snowflake_customers to 2026-03-19 01:54:00+00:00, run_after=2026-03-19 01:55:00+00:00
[2026-03-19T01:55:25.246+0000] {logging_mixin.py:188} INFO - [2026-03-19T01:55:25.246+0000] {dag.py:3947} INFO - Setting next_dagrun for transfer_from_minio_to_snowflake_transactions to 2026-03-19 01:54:00+00:00, run_after=2026-03-19 01:55:00+00:00
[2026-03-19T01:55:25.253+0000] {processor.py:183} INFO - Processing /opt/airflow/dags/transfer.py took 0.114 seconds
[2026-03-19T01:55:55.640+0000] {processor.py:161} INFO - Started process (PID=9915) to work on /opt/airflow/dags/transfer.py
[2026-03-19T01:55:55.642+0000] {processor.py:830} INFO - Processing file /opt/airflow/dags/transfer.py for tasks to queue
[2026-03-19T01:55:55.644+0000] {logging_mixin.py:188} INFO - [2026-03-19T01:55:55.644+0000] {dagbag.py:545} INFO - Filling up the DagBag from /opt/airflow/dags/transfer.py
[2026-03-19T01:55:55.680+0000] {processor.py:840} INFO - DAG(s) 'transfer_from_minio_to_snowflake_accounts', 'transfer_from_minio_to_snowflake_transactions', 'transfer_from_minio_to_snowflake_customers' retrieved from /opt/airflow/dags/transfer.py
[2026-03-19T01:55:55.724+0000] {logging_mixin.py:188} INFO - [2026-03-19T01:55:55.724+0000] {dag.py:3089} INFO - Sync 3 DAGs
[2026-03-19T01:55:55.738+0000] {logging_mixin.py:188} INFO - [2026-03-19T01:55:55.738+0000] {dag.py:3947} INFO - Setting next_dagrun for transfer_from_minio_to_snowflake_accounts to 2026-03-19 01:54:00+00:00, run_after=2026-03-19 01:55:00+00:00
[2026-03-19T01:55:55.741+0000] {logging_mixin.py:188} INFO - [2026-03-19T01:55:55.741+0000] {dag.py:3947} INFO - Setting next_dagrun for transfer_from_minio_to_snowflake_customers to 2026-03-19 01:54:00+00:00, run_after=2026-03-19 01:55:00+00:00
[2026-03-19T01:55:55.743+0000] {logging_mixin.py:188} INFO - [2026-03-19T01:55:55.743+0000] {dag.py:3947} INFO - Setting next_dagrun for transfer_from_minio_to_snowflake_transactions to 2026-03-19 01:54:00+00:00, run_after=2026-03-19 01:55:00+00:00
[2026-03-19T01:55:55.750+0000] {processor.py:183} INFO - Processing /opt/airflow/dags/transfer.py took 0.133 seconds
[2026-03-19T01:56:26.189+0000] {processor.py:161} INFO - Started process (PID=9917) to work on /opt/airflow/dags/transfer.py
[2026-03-19T01:56:26.192+0000] {processor.py:830} INFO - Processing file /opt/airflow/dags/transfer.py for tasks to queue
[2026-03-19T01:56:26.198+0000] {logging_mixin.py:188} INFO - [2026-03-19T01:56:26.197+0000] {dagbag.py:545} INFO - Filling up the DagBag from /opt/airflow/dags/transfer.py
[2026-03-19T01:56:26.231+0000] {processor.py:840} INFO - DAG(s) 'transfer_from_minio_to_snowflake_transactions', 'transfer_from_minio_to_snowflake_customers', 'transfer_from_minio_to_snowflake_accounts' retrieved from /opt/airflow/dags/transfer.py
[2026-03-19T01:56:26.264+0000] {logging_mixin.py:188} INFO - [2026-03-19T01:56:26.263+0000] {dag.py:3089} INFO - Sync 3 DAGs
[2026-03-19T01:56:26.283+0000] {logging_mixin.py:188} INFO - [2026-03-19T01:56:26.282+0000] {dag.py:3947} INFO - Setting next_dagrun for transfer_from_minio_to_snowflake_accounts to 2026-03-19 01:55:00+00:00, run_after=2026-03-19 01:56:00+00:00
[2026-03-19T01:56:26.285+0000] {logging_mixin.py:188} INFO - [2026-03-19T01:56:26.285+0000] {dag.py:3947} INFO - Setting next_dagrun for transfer_from_minio_to_snowflake_customers to 2026-03-19 01:55:00+00:00, run_after=2026-03-19 01:56:00+00:00
[2026-03-19T01:56:26.287+0000] {logging_mixin.py:188} INFO - [2026-03-19T01:56:26.287+0000] {dag.py:3947} INFO - Setting next_dagrun for transfer_from_minio_to_snowflake_transactions to 2026-03-19 01:55:00+00:00, run_after=2026-03-19 01:56:00+00:00
[2026-03-19T01:56:26.294+0000] {processor.py:183} INFO - Processing /opt/airflow/dags/transfer.py took 0.118 seconds
[2026-03-19T01:56:56.818+0000] {processor.py:161} INFO - Started process (PID=9919) to work on /opt/airflow/dags/transfer.py
[2026-03-19T01:56:56.819+0000] {processor.py:830} INFO - Processing file /opt/airflow/dags/transfer.py for tasks to queue
[2026-03-19T01:56:56.822+0000] {logging_mixin.py:188} INFO - [2026-03-19T01:56:56.821+0000] {dagbag.py:545} INFO - Filling up the DagBag from /opt/airflow/dags/transfer.py
[2026-03-19T01:56:56.861+0000] {processor.py:840} INFO - DAG(s) 'transfer_from_minio_to_snowflake_accounts', 'transfer_from_minio_to_snowflake_transactions', 'transfer_from_minio_to_snowflake_customers' retrieved from /opt/airflow/dags/transfer.py
[2026-03-19T01:56:56.900+0000] {logging_mixin.py:188} INFO - [2026-03-19T01:56:56.900+0000] {dag.py:3089} INFO - Sync 3 DAGs
[2026-03-19T01:56:56.917+0000] {logging_mixin.py:188} INFO - [2026-03-19T01:56:56.917+0000] {dag.py:3947} INFO - Setting next_dagrun for transfer_from_minio_to_snowflake_accounts to 2026-03-19 01:55:00+00:00, run_after=2026-03-19 01:56:00+00:00
[2026-03-19T01:56:56.920+0000] {logging_mixin.py:188} INFO - [2026-03-19T01:56:56.920+0000] {dag.py:3947} INFO - Setting next_dagrun for transfer_from_minio_to_snowflake_customers to 2026-03-19 01:55:00+00:00, run_after=2026-03-19 01:56:00+00:00
[2026-03-19T01:56:56.922+0000] {logging_mixin.py:188} INFO - [2026-03-19T01:56:56.922+0000] {dag.py:3947} INFO - Setting next_dagrun for transfer_from_minio_to_snowflake_transactions to 2026-03-19 01:55:00+00:00, run_after=2026-03-19 01:56:00+00:00
[2026-03-19T01:56:56.930+0000] {processor.py:183} INFO - Processing /opt/airflow/dags/transfer.py took 0.120 seconds
[2026-03-19T01:57:27.452+0000] {processor.py:161} INFO - Started process (PID=9921) to work on /opt/airflow/dags/transfer.py
[2026-03-19T01:57:27.455+0000] {processor.py:830} INFO - Processing file /opt/airflow/dags/transfer.py for tasks to queue
[2026-03-19T01:57:27.461+0000] {logging_mixin.py:188} INFO - [2026-03-19T01:57:27.460+0000] {dagbag.py:545} INFO - Filling up the DagBag from /opt/airflow/dags/transfer.py
[2026-03-19T01:57:27.497+0000] {processor.py:840} INFO - DAG(s) 'transfer_from_minio_to_snowflake_transactions', 'transfer_from_minio_to_snowflake_customers', 'transfer_from_minio_to_snowflake_accounts' retrieved from /opt/airflow/dags/transfer.py
[2026-03-19T01:57:27.532+0000] {logging_mixin.py:188} INFO - [2026-03-19T01:57:27.532+0000] {dag.py:3089} INFO - Sync 3 DAGs
[2026-03-19T01:57:27.551+0000] {logging_mixin.py:188} INFO - [2026-03-19T01:57:27.551+0000] {dag.py:3947} INFO - Setting next_dagrun for transfer_from_minio_to_snowflake_accounts to 2026-03-19 01:56:00+00:00, run_after=2026-03-19 01:57:00+00:00
[2026-03-19T01:57:27.554+0000] {logging_mixin.py:188} INFO - [2026-03-19T01:57:27.554+0000] {dag.py:3947} INFO - Setting next_dagrun for transfer_from_minio_to_snowflake_customers to 2026-03-19 01:56:00+00:00, run_after=2026-03-19 01:57:00+00:00
[2026-03-19T01:57:27.555+0000] {logging_mixin.py:188} INFO - [2026-03-19T01:57:27.555+0000] {dag.py:3947} INFO - Setting next_dagrun for transfer_from_minio_to_snowflake_transactions to 2026-03-19 01:56:00+00:00, run_after=2026-03-19 01:57:00+00:00
[2026-03-19T01:57:27.567+0000] {processor.py:183} INFO - Processing /opt/airflow/dags/transfer.py took 0.129 seconds
[2026-03-19T01:57:57.995+0000] {processor.py:161} INFO - Started process (PID=9923) to work on /opt/airflow/dags/transfer.py
[2026-03-19T01:57:57.999+0000] {processor.py:830} INFO - Processing file /opt/airflow/dags/transfer.py for tasks to queue
[2026-03-19T01:57:58.003+0000] {logging_mixin.py:188} INFO - [2026-03-19T01:57:58.002+0000] {dagbag.py:545} INFO - Filling up the DagBag from /opt/airflow/dags/transfer.py
[2026-03-19T01:57:58.047+0000] {processor.py:840} INFO - DAG(s) 'transfer_from_minio_to_snowflake_customers', 'transfer_from_minio_to_snowflake_accounts', 'transfer_from_minio_to_snowflake_transactions' retrieved from /opt/airflow/dags/transfer.py
[2026-03-19T01:57:58.079+0000] {logging_mixin.py:188} INFO - [2026-03-19T01:57:58.079+0000] {dag.py:3089} INFO - Sync 3 DAGs
[2026-03-19T01:57:58.096+0000] {logging_mixin.py:188} INFO - [2026-03-19T01:57:58.096+0000] {dag.py:3947} INFO - Setting next_dagrun for transfer_from_minio_to_snowflake_accounts to 2026-03-19 01:56:00+00:00, run_after=2026-03-19 01:57:00+00:00
[2026-03-19T01:57:58.099+0000] {logging_mixin.py:188} INFO - [2026-03-19T01:57:58.099+0000] {dag.py:3947} INFO - Setting next_dagrun for transfer_from_minio_to_snowflake_customers to 2026-03-19 01:56:00+00:00, run_after=2026-03-19 01:57:00+00:00
[2026-03-19T01:57:58.101+0000] {logging_mixin.py:188} INFO - [2026-03-19T01:57:58.101+0000] {dag.py:3947} INFO - Setting next_dagrun for transfer_from_minio_to_snowflake_transactions to 2026-03-19 01:56:00+00:00, run_after=2026-03-19 01:57:00+00:00
[2026-03-19T01:57:58.109+0000] {processor.py:183} INFO - Processing /opt/airflow/dags/transfer.py took 0.124 seconds
[2026-03-19T01:58:28.580+0000] {processor.py:161} INFO - Started process (PID=9925) to work on /opt/airflow/dags/transfer.py
[2026-03-19T01:58:28.583+0000] {processor.py:830} INFO - Processing file /opt/airflow/dags/transfer.py for tasks to queue
[2026-03-19T01:58:28.585+0000] {logging_mixin.py:188} INFO - [2026-03-19T01:58:28.585+0000] {dagbag.py:545} INFO - Filling up the DagBag from /opt/airflow/dags/transfer.py
[2026-03-19T01:58:28.618+0000] {processor.py:840} INFO - DAG(s) 'transfer_from_minio_to_snowflake_accounts', 'transfer_from_minio_to_snowflake_customers', 'transfer_from_minio_to_snowflake_transactions' retrieved from /opt/airflow/dags/transfer.py
[2026-03-19T01:58:28.655+0000] {logging_mixin.py:188} INFO - [2026-03-19T01:58:28.654+0000] {dag.py:3089} INFO - Sync 3 DAGs
[2026-03-19T01:58:28.678+0000] {logging_mixin.py:188} INFO - [2026-03-19T01:58:28.677+0000] {dag.py:3947} INFO - Setting next_dagrun for transfer_from_minio_to_snowflake_accounts to 2026-03-19 01:57:00+00:00, run_after=2026-03-19 01:58:00+00:00
[2026-03-19T01:58:28.680+0000] {logging_mixin.py:188} INFO - [2026-03-19T01:58:28.680+0000] {dag.py:3947} INFO - Setting next_dagrun for transfer_from_minio_to_snowflake_customers to 2026-03-19 01:57:00+00:00, run_after=2026-03-19 01:58:00+00:00
[2026-03-19T01:58:28.682+0000] {logging_mixin.py:188} INFO - [2026-03-19T01:58:28.682+0000] {dag.py:3947} INFO - Setting next_dagrun for transfer_from_minio_to_snowflake_transactions to 2026-03-19 01:57:00+00:00, run_after=2026-03-19 01:58:00+00:00
[2026-03-19T01:58:28.691+0000] {processor.py:183} INFO - Processing /opt/airflow/dags/transfer.py took 0.124 seconds
[2026-03-19T01:58:59.206+0000] {processor.py:161} INFO - Started process (PID=9927) to work on /opt/airflow/dags/transfer.py
[2026-03-19T01:58:59.209+0000] {processor.py:830} INFO - Processing file /opt/airflow/dags/transfer.py for tasks to queue
[2026-03-19T01:58:59.212+0000] {logging_mixin.py:188} INFO - [2026-03-19T01:58:59.212+0000] {dagbag.py:545} INFO - Filling up the DagBag from /opt/airflow/dags/transfer.py
[2026-03-19T01:58:59.247+0000] {processor.py:840} INFO - DAG(s) 'transfer_from_minio_to_snowflake_customers', 'transfer_from_minio_to_snowflake_transactions', 'transfer_from_minio_to_snowflake_accounts' retrieved from /opt/airflow/dags/transfer.py
[2026-03-19T01:58:59.293+0000] {logging_mixin.py:188} INFO - [2026-03-19T01:58:59.293+0000] {dag.py:3089} INFO - Sync 3 DAGs
[2026-03-19T01:58:59.310+0000] {logging_mixin.py:188} INFO - [2026-03-19T01:58:59.310+0000] {dag.py:3947} INFO - Setting next_dagrun for transfer_from_minio_to_snowflake_accounts to 2026-03-19 01:57:00+00:00, run_after=2026-03-19 01:58:00+00:00
[2026-03-19T01:58:59.313+0000] {logging_mixin.py:188} INFO - [2026-03-19T01:58:59.313+0000] {dag.py:3947} INFO - Setting next_dagrun for transfer_from_minio_to_snowflake_customers to 2026-03-19 01:57:00+00:00, run_after=2026-03-19 01:58:00+00:00
[2026-03-19T01:58:59.314+0000] {logging_mixin.py:188} INFO - [2026-03-19T01:58:59.314+0000] {dag.py:3947} INFO - Setting next_dagrun for transfer_from_minio_to_snowflake_transactions to 2026-03-19 01:57:00+00:00, run_after=2026-03-19 01:58:00+00:00
[2026-03-19T01:58:59.322+0000] {processor.py:183} INFO - Processing /opt/airflow/dags/transfer.py took 0.129 seconds
[2026-03-19T01:59:29.856+0000] {processor.py:161} INFO - Started process (PID=9929) to work on /opt/airflow/dags/transfer.py
[2026-03-19T01:59:29.860+0000] {processor.py:830} INFO - Processing file /opt/airflow/dags/transfer.py for tasks to queue
[2026-03-19T01:59:29.866+0000] {logging_mixin.py:188} INFO - [2026-03-19T01:59:29.863+0000] {dagbag.py:545} INFO - Filling up the DagBag from /opt/airflow/dags/transfer.py
[2026-03-19T01:59:29.914+0000] {processor.py:840} INFO - DAG(s) 'transfer_from_minio_to_snowflake_transactions', 'transfer_from_minio_to_snowflake_customers', 'transfer_from_minio_to_snowflake_accounts' retrieved from /opt/airflow/dags/transfer.py
[2026-03-19T01:59:29.955+0000] {logging_mixin.py:188} INFO - [2026-03-19T01:59:29.954+0000] {dag.py:3089} INFO - Sync 3 DAGs
[2026-03-19T01:59:29.971+0000] {logging_mixin.py:188} INFO - [2026-03-19T01:59:29.971+0000] {dag.py:3947} INFO - Setting next_dagrun for transfer_from_minio_to_snowflake_accounts to 2026-03-19 01:58:00+00:00, run_after=2026-03-19 01:59:00+00:00
[2026-03-19T01:59:29.974+0000] {logging_mixin.py:188} INFO - [2026-03-19T01:59:29.974+0000] {dag.py:3947} INFO - Setting next_dagrun for transfer_from_minio_to_snowflake_customers to 2026-03-19 01:58:00+00:00, run_after=2026-03-19 01:59:00+00:00
[2026-03-19T01:59:29.975+0000] {logging_mixin.py:188} INFO - [2026-03-19T01:59:29.975+0000] {dag.py:3947} INFO - Setting next_dagrun for transfer_from_minio_to_snowflake_transactions to 2026-03-19 01:58:00+00:00, run_after=2026-03-19 01:59:00+00:00
[2026-03-19T01:59:29.983+0000] {processor.py:183} INFO - Processing /opt/airflow/dags/transfer.py took 0.147 seconds
[2026-03-19T02:00:00.425+0000] {processor.py:161} INFO - Started process (PID=9931) to work on /opt/airflow/dags/transfer.py
[2026-03-19T02:00:00.427+0000] {processor.py:830} INFO - Processing file /opt/airflow/dags/transfer.py for tasks to queue
[2026-03-19T02:00:00.430+0000] {logging_mixin.py:188} INFO - [2026-03-19T02:00:00.430+0000] {dagbag.py:545} INFO - Filling up the DagBag from /opt/airflow/dags/transfer.py
[2026-03-19T02:00:00.508+0000] {processor.py:840} INFO - DAG(s) 'transfer_from_minio_to_snowflake_transactions', 'transfer_from_minio_to_snowflake_accounts', 'transfer_from_minio_to_snowflake_customers' retrieved from /opt/airflow/dags/transfer.py
[2026-03-19T02:00:00.609+0000] {logging_mixin.py:188} INFO - [2026-03-19T02:00:00.607+0000] {dag.py:3089} INFO - Sync 3 DAGs
[2026-03-19T02:00:00.633+0000] {logging_mixin.py:188} INFO - [2026-03-19T02:00:00.633+0000] {dag.py:3947} INFO - Setting next_dagrun for transfer_from_minio_to_snowflake_accounts to 2026-03-19 01:59:00+00:00, run_after=2026-03-19 02:00:00+00:00
[2026-03-19T02:00:00.638+0000] {logging_mixin.py:188} INFO - [2026-03-19T02:00:00.638+0000] {dag.py:3947} INFO - Setting next_dagrun for transfer_from_minio_to_snowflake_customers to 2026-03-19 01:59:00+00:00, run_after=2026-03-19 02:00:00+00:00
[2026-03-19T02:00:00.640+0000] {logging_mixin.py:188} INFO - [2026-03-19T02:00:00.640+0000] {dag.py:3947} INFO - Setting next_dagrun for transfer_from_minio_to_snowflake_transactions to 2026-03-19 01:59:00+00:00, run_after=2026-03-19 02:00:00+00:00
[2026-03-19T02:00:00.650+0000] {processor.py:183} INFO - Processing /opt/airflow/dags/transfer.py took 0.238 seconds
[2026-03-19T02:00:31.102+0000] {processor.py:161} INFO - Started process (PID=9933) to work on /opt/airflow/dags/transfer.py
[2026-03-19T02:00:31.103+0000] {processor.py:830} INFO - Processing file /opt/airflow/dags/transfer.py for tasks to queue
[2026-03-19T02:00:31.110+0000] {logging_mixin.py:188} INFO - [2026-03-19T02:00:31.109+0000] {dagbag.py:545} INFO - Filling up the DagBag from /opt/airflow/dags/transfer.py
[2026-03-19T02:00:31.143+0000] {processor.py:840} INFO - DAG(s) 'transfer_from_minio_to_snowflake_transactions', 'transfer_from_minio_to_snowflake_customers', 'transfer_from_minio_to_snowflake_accounts' retrieved from /opt/airflow/dags/transfer.py
[2026-03-19T02:00:31.186+0000] {logging_mixin.py:188} INFO - [2026-03-19T02:00:31.186+0000] {dag.py:3089} INFO - Sync 3 DAGs
[2026-03-19T02:00:31.201+0000] {logging_mixin.py:188} INFO - [2026-03-19T02:00:31.201+0000] {dag.py:3947} INFO - Setting next_dagrun for transfer_from_minio_to_snowflake_accounts to 2026-03-19 01:59:00+00:00, run_after=2026-03-19 02:00:00+00:00
[2026-03-19T02:00:31.204+0000] {logging_mixin.py:188} INFO - [2026-03-19T02:00:31.203+0000] {dag.py:3947} INFO - Setting next_dagrun for transfer_from_minio_to_snowflake_customers to 2026-03-19 01:59:00+00:00, run_after=2026-03-19 02:00:00+00:00
[2026-03-19T02:00:31.205+0000] {logging_mixin.py:188} INFO - [2026-03-19T02:00:31.205+0000] {dag.py:3947} INFO - Setting next_dagrun for transfer_from_minio_to_snowflake_transactions to 2026-03-19 01:59:00+00:00, run_after=2026-03-19 02:00:00+00:00
[2026-03-19T02:00:31.212+0000] {processor.py:183} INFO - Processing /opt/airflow/dags/transfer.py took 0.120 seconds
[2026-03-19T02:01:01.686+0000] {processor.py:161} INFO - Started process (PID=9935) to work on /opt/airflow/dags/transfer.py
[2026-03-19T02:01:01.687+0000] {processor.py:830} INFO - Processing file /opt/airflow/dags/transfer.py for tasks to queue
[2026-03-19T02:01:01.695+0000] {logging_mixin.py:188} INFO - [2026-03-19T02:01:01.694+0000] {dagbag.py:545} INFO - Filling up the DagBag from /opt/airflow/dags/transfer.py
[2026-03-19T02:01:01.732+0000] {processor.py:840} INFO - DAG(s) 'transfer_from_minio_to_snowflake_accounts', 'transfer_from_minio_to_snowflake_customers', 'transfer_from_minio_to_snowflake_transactions' retrieved from /opt/airflow/dags/transfer.py
[2026-03-19T02:01:01.769+0000] {logging_mixin.py:188} INFO - [2026-03-19T02:01:01.768+0000] {dag.py:3089} INFO - Sync 3 DAGs
[2026-03-19T02:01:01.783+0000] {logging_mixin.py:188} INFO - [2026-03-19T02:01:01.783+0000] {dag.py:3947} INFO - Setting next_dagrun for transfer_from_minio_to_snowflake_accounts to 2026-03-19 02:00:00+00:00, run_after=2026-03-19 02:01:00+00:00
[2026-03-19T02:01:01.786+0000] {logging_mixin.py:188} INFO - [2026-03-19T02:01:01.786+0000] {dag.py:3947} INFO - Setting next_dagrun for transfer_from_minio_to_snowflake_customers to 2026-03-19 02:00:00+00:00, run_after=2026-03-19 02:01:00+00:00
[2026-03-19T02:01:01.787+0000] {logging_mixin.py:188} INFO - [2026-03-19T02:01:01.787+0000] {dag.py:3947} INFO - Setting next_dagrun for transfer_from_minio_to_snowflake_transactions to 2026-03-19 02:00:00+00:00, run_after=2026-03-19 02:01:00+00:00
[2026-03-19T02:01:01.795+0000] {processor.py:183} INFO - Processing /opt/airflow/dags/transfer.py took 0.121 seconds
[2026-03-19T02:01:32.229+0000] {processor.py:161} INFO - Started process (PID=9937) to work on /opt/airflow/dags/transfer.py
[2026-03-19T02:01:32.230+0000] {processor.py:830} INFO - Processing file /opt/airflow/dags/transfer.py for tasks to queue
[2026-03-19T02:01:32.232+0000] {logging_mixin.py:188} INFO - [2026-03-19T02:01:32.232+0000] {dagbag.py:545} INFO - Filling up the DagBag from /opt/airflow/dags/transfer.py
[2026-03-19T02:01:32.268+0000] {processor.py:840} INFO - DAG(s) 'transfer_from_minio_to_snowflake_customers', 'transfer_from_minio_to_snowflake_transactions', 'transfer_from_minio_to_snowflake_accounts' retrieved from /opt/airflow/dags/transfer.py
[2026-03-19T02:01:32.313+0000] {logging_mixin.py:188} INFO - [2026-03-19T02:01:32.313+0000] {dag.py:3089} INFO - Sync 3 DAGs
[2026-03-19T02:01:32.334+0000] {logging_mixin.py:188} INFO - [2026-03-19T02:01:32.334+0000] {dag.py:3947} INFO - Setting next_dagrun for transfer_from_minio_to_snowflake_accounts to 2026-03-19 02:00:00+00:00, run_after=2026-03-19 02:01:00+00:00
[2026-03-19T02:01:32.337+0000] {logging_mixin.py:188} INFO - [2026-03-19T02:01:32.337+0000] {dag.py:3947} INFO - Setting next_dagrun for transfer_from_minio_to_snowflake_customers to 2026-03-19 02:00:00+00:00, run_after=2026-03-19 02:01:00+00:00
[2026-03-19T02:01:32.338+0000] {logging_mixin.py:188} INFO - [2026-03-19T02:01:32.338+0000] {dag.py:3947} INFO - Setting next_dagrun for transfer_from_minio_to_snowflake_transactions to 2026-03-19 02:00:00+00:00, run_after=2026-03-19 02:01:00+00:00
[2026-03-19T02:01:32.347+0000] {processor.py:183} INFO - Processing /opt/airflow/dags/transfer.py took 0.129 seconds
[2026-03-19T02:02:02.811+0000] {processor.py:161} INFO - Started process (PID=9939) to work on /opt/airflow/dags/transfer.py
[2026-03-19T02:02:02.813+0000] {processor.py:830} INFO - Processing file /opt/airflow/dags/transfer.py for tasks to queue
[2026-03-19T02:02:02.822+0000] {logging_mixin.py:188} INFO - [2026-03-19T02:02:02.822+0000] {dagbag.py:545} INFO - Filling up the DagBag from /opt/airflow/dags/transfer.py
[2026-03-19T02:02:02.860+0000] {processor.py:840} INFO - DAG(s) 'transfer_from_minio_to_snowflake_customers', 'transfer_from_minio_to_snowflake_accounts', 'transfer_from_minio_to_snowflake_transactions' retrieved from /opt/airflow/dags/transfer.py
[2026-03-19T02:02:02.901+0000] {logging_mixin.py:188} INFO - [2026-03-19T02:02:02.901+0000] {dag.py:3089} INFO - Sync 3 DAGs
[2026-03-19T02:02:02.918+0000] {logging_mixin.py:188} INFO - [2026-03-19T02:02:02.918+0000] {dag.py:3947} INFO - Setting next_dagrun for transfer_from_minio_to_snowflake_accounts to 2026-03-19 02:01:00+00:00, run_after=2026-03-19 02:02:00+00:00
[2026-03-19T02:02:02.920+0000] {logging_mixin.py:188} INFO - [2026-03-19T02:02:02.920+0000] {dag.py:3947} INFO - Setting next_dagrun for transfer_from_minio_to_snowflake_customers to 2026-03-19 02:01:00+00:00, run_after=2026-03-19 02:02:00+00:00
[2026-03-19T02:02:02.922+0000] {logging_mixin.py:188} INFO - [2026-03-19T02:02:02.922+0000] {dag.py:3947} INFO - Setting next_dagrun for transfer_from_minio_to_snowflake_transactions to 2026-03-19 02:01:00+00:00, run_after=2026-03-19 02:02:00+00:00
[2026-03-19T02:02:02.930+0000] {processor.py:183} INFO - Processing /opt/airflow/dags/transfer.py took 0.130 seconds
[2026-03-19T02:02:33.446+0000] {processor.py:161} INFO - Started process (PID=9941) to work on /opt/airflow/dags/transfer.py
[2026-03-19T02:02:33.447+0000] {processor.py:830} INFO - Processing file /opt/airflow/dags/transfer.py for tasks to queue
[2026-03-19T02:02:33.450+0000] {logging_mixin.py:188} INFO - [2026-03-19T02:02:33.450+0000] {dagbag.py:545} INFO - Filling up the DagBag from /opt/airflow/dags/transfer.py
[2026-03-19T02:02:33.493+0000] {processor.py:840} INFO - DAG(s) 'transfer_from_minio_to_snowflake_transactions', 'transfer_from_minio_to_snowflake_customers', 'transfer_from_minio_to_snowflake_accounts' retrieved from /opt/airflow/dags/transfer.py
[2026-03-19T02:02:33.531+0000] {logging_mixin.py:188} INFO - [2026-03-19T02:02:33.531+0000] {dag.py:3089} INFO - Sync 3 DAGs
[2026-03-19T02:02:33.550+0000] {logging_mixin.py:188} INFO - [2026-03-19T02:02:33.550+0000] {dag.py:3947} INFO - Setting next_dagrun for transfer_from_minio_to_snowflake_accounts to 2026-03-19 02:01:00+00:00, run_after=2026-03-19 02:02:00+00:00
[2026-03-19T02:02:33.553+0000] {logging_mixin.py:188} INFO - [2026-03-19T02:02:33.553+0000] {dag.py:3947} INFO - Setting next_dagrun for transfer_from_minio_to_snowflake_customers to 2026-03-19 02:01:00+00:00, run_after=2026-03-19 02:02:00+00:00
[2026-03-19T02:02:33.555+0000] {logging_mixin.py:188} INFO - [2026-03-19T02:02:33.554+0000] {dag.py:3947} INFO - Setting next_dagrun for transfer_from_minio_to_snowflake_transactions to 2026-03-19 02:01:00+00:00, run_after=2026-03-19 02:02:00+00:00
[2026-03-19T02:02:33.562+0000] {processor.py:183} INFO - Processing /opt/airflow/dags/transfer.py took 0.123 seconds
[2026-03-19T02:03:04.050+0000] {processor.py:161} INFO - Started process (PID=9943) to work on /opt/airflow/dags/transfer.py
[2026-03-19T02:03:04.052+0000] {processor.py:830} INFO - Processing file /opt/airflow/dags/transfer.py for tasks to queue
[2026-03-19T02:03:04.055+0000] {logging_mixin.py:188} INFO - [2026-03-19T02:03:04.054+0000] {dagbag.py:545} INFO - Filling up the DagBag from /opt/airflow/dags/transfer.py
[2026-03-19T02:03:04.092+0000] {processor.py:840} INFO - DAG(s) 'transfer_from_minio_to_snowflake_customers', 'transfer_from_minio_to_snowflake_transactions', 'transfer_from_minio_to_snowflake_accounts' retrieved from /opt/airflow/dags/transfer.py
[2026-03-19T02:03:04.128+0000] {logging_mixin.py:188} INFO - [2026-03-19T02:03:04.128+0000] {dag.py:3089} INFO - Sync 3 DAGs
[2026-03-19T02:03:04.145+0000] {logging_mixin.py:188} INFO - [2026-03-19T02:03:04.145+0000] {dag.py:3947} INFO - Setting next_dagrun for transfer_from_minio_to_snowflake_accounts to 2026-03-19 02:02:00+00:00, run_after=2026-03-19 02:03:00+00:00
[2026-03-19T02:03:04.148+0000] {logging_mixin.py:188} INFO - [2026-03-19T02:03:04.148+0000] {dag.py:3947} INFO - Setting next_dagrun for transfer_from_minio_to_snowflake_customers to 2026-03-19 02:02:00+00:00, run_after=2026-03-19 02:03:00+00:00
[2026-03-19T02:03:04.150+0000] {logging_mixin.py:188} INFO - [2026-03-19T02:03:04.149+0000] {dag.py:3947} INFO - Setting next_dagrun for transfer_from_minio_to_snowflake_transactions to 2026-03-19 02:02:00+00:00, run_after=2026-03-19 02:03:00+00:00
[2026-03-19T02:03:04.158+0000] {processor.py:183} INFO - Processing /opt/airflow/dags/transfer.py took 0.122 seconds
[2026-03-19T02:03:34.662+0000] {processor.py:161} INFO - Started process (PID=9945) to work on /opt/airflow/dags/transfer.py
[2026-03-19T02:03:34.663+0000] {processor.py:830} INFO - Processing file /opt/airflow/dags/transfer.py for tasks to queue
[2026-03-19T02:03:34.667+0000] {logging_mixin.py:188} INFO - [2026-03-19T02:03:34.666+0000] {dagbag.py:545} INFO - Filling up the DagBag from /opt/airflow/dags/transfer.py
[2026-03-19T02:03:34.701+0000] {processor.py:840} INFO - DAG(s) 'transfer_from_minio_to_snowflake_transactions', 'transfer_from_minio_to_snowflake_customers', 'transfer_from_minio_to_snowflake_accounts' retrieved from /opt/airflow/dags/transfer.py
[2026-03-19T02:03:34.733+0000] {logging_mixin.py:188} INFO - [2026-03-19T02:03:34.733+0000] {dag.py:3089} INFO - Sync 3 DAGs
[2026-03-19T02:03:34.746+0000] {logging_mixin.py:188} INFO - [2026-03-19T02:03:34.746+0000] {dag.py:3947} INFO - Setting next_dagrun for transfer_from_minio_to_snowflake_accounts to 2026-03-19 02:02:00+00:00, run_after=2026-03-19 02:03:00+00:00
[2026-03-19T02:03:34.749+0000] {logging_mixin.py:188} INFO - [2026-03-19T02:03:34.749+0000] {dag.py:3947} INFO - Setting next_dagrun for transfer_from_minio_to_snowflake_customers to 2026-03-19 02:02:00+00:00, run_after=2026-03-19 02:03:00+00:00
[2026-03-19T02:03:34.751+0000] {logging_mixin.py:188} INFO - [2026-03-19T02:03:34.750+0000] {dag.py:3947} INFO - Setting next_dagrun for transfer_from_minio_to_snowflake_transactions to 2026-03-19 02:02:00+00:00, run_after=2026-03-19 02:03:00+00:00
[2026-03-19T02:03:34.757+0000] {processor.py:183} INFO - Processing /opt/airflow/dags/transfer.py took 0.106 seconds
[2026-03-19T02:04:05.230+0000] {processor.py:161} INFO - Started process (PID=9947) to work on /opt/airflow/dags/transfer.py
[2026-03-19T02:04:05.231+0000] {processor.py:830} INFO - Processing file /opt/airflow/dags/transfer.py for tasks to queue
[2026-03-19T02:04:05.234+0000] {logging_mixin.py:188} INFO - [2026-03-19T02:04:05.234+0000] {dagbag.py:545} INFO - Filling up the DagBag from /opt/airflow/dags/transfer.py
[2026-03-19T02:04:05.269+0000] {processor.py:840} INFO - DAG(s) 'transfer_from_minio_to_snowflake_customers', 'transfer_from_minio_to_snowflake_transactions', 'transfer_from_minio_to_snowflake_accounts' retrieved from /opt/airflow/dags/transfer.py
[2026-03-19T02:04:05.300+0000] {logging_mixin.py:188} INFO - [2026-03-19T02:04:05.299+0000] {dag.py:3089} INFO - Sync 3 DAGs
[2026-03-19T02:04:05.314+0000] {logging_mixin.py:188} INFO - [2026-03-19T02:04:05.314+0000] {dag.py:3947} INFO - Setting next_dagrun for transfer_from_minio_to_snowflake_accounts to 2026-03-19 02:03:00+00:00, run_after=2026-03-19 02:04:00+00:00
[2026-03-19T02:04:05.317+0000] {logging_mixin.py:188} INFO - [2026-03-19T02:04:05.317+0000] {dag.py:3947} INFO - Setting next_dagrun for transfer_from_minio_to_snowflake_customers to 2026-03-19 02:03:00+00:00, run_after=2026-03-19 02:04:00+00:00
[2026-03-19T02:04:05.319+0000] {logging_mixin.py:188} INFO - [2026-03-19T02:04:05.319+0000] {dag.py:3947} INFO - Setting next_dagrun for transfer_from_minio_to_snowflake_transactions to 2026-03-19 02:03:00+00:00, run_after=2026-03-19 02:04:00+00:00
[2026-03-19T02:04:05.333+0000] {processor.py:183} INFO - Processing /opt/airflow/dags/transfer.py took 0.117 seconds
[2026-03-19T02:04:35.791+0000] {processor.py:161} INFO - Started process (PID=9949) to work on /opt/airflow/dags/transfer.py
[2026-03-19T02:04:35.793+0000] {processor.py:830} INFO - Processing file /opt/airflow/dags/transfer.py for tasks to queue
[2026-03-19T02:04:35.796+0000] {logging_mixin.py:188} INFO - [2026-03-19T02:04:35.796+0000] {dagbag.py:545} INFO - Filling up the DagBag from /opt/airflow/dags/transfer.py
[2026-03-19T02:04:35.835+0000] {processor.py:840} INFO - DAG(s) 'transfer_from_minio_to_snowflake_customers', 'transfer_from_minio_to_snowflake_accounts', 'transfer_from_minio_to_snowflake_transactions' retrieved from /opt/airflow/dags/transfer.py
[2026-03-19T02:04:35.898+0000] {logging_mixin.py:188} INFO - [2026-03-19T02:04:35.897+0000] {dag.py:3089} INFO - Sync 3 DAGs
[2026-03-19T02:04:35.927+0000] {logging_mixin.py:188} INFO - [2026-03-19T02:04:35.927+0000] {dag.py:3947} INFO - Setting next_dagrun for transfer_from_minio_to_snowflake_accounts to 2026-03-19 02:03:00+00:00, run_after=2026-03-19 02:04:00+00:00
[2026-03-19T02:04:35.930+0000] {logging_mixin.py:188} INFO - [2026-03-19T02:04:35.930+0000] {dag.py:3947} INFO - Setting next_dagrun for transfer_from_minio_to_snowflake_customers to 2026-03-19 02:03:00+00:00, run_after=2026-03-19 02:04:00+00:00
[2026-03-19T02:04:35.931+0000] {logging_mixin.py:188} INFO - [2026-03-19T02:04:35.931+0000] {dag.py:3947} INFO - Setting next_dagrun for transfer_from_minio_to_snowflake_transactions to 2026-03-19 02:03:00+00:00, run_after=2026-03-19 02:04:00+00:00
[2026-03-19T02:04:35.940+0000] {processor.py:183} INFO - Processing /opt/airflow/dags/transfer.py took 0.158 seconds
[2026-03-19T02:05:06.346+0000] {processor.py:161} INFO - Started process (PID=9951) to work on /opt/airflow/dags/transfer.py
[2026-03-19T02:05:06.348+0000] {processor.py:830} INFO - Processing file /opt/airflow/dags/transfer.py for tasks to queue
[2026-03-19T02:05:06.351+0000] {logging_mixin.py:188} INFO - [2026-03-19T02:05:06.351+0000] {dagbag.py:545} INFO - Filling up the DagBag from /opt/airflow/dags/transfer.py
[2026-03-19T02:05:06.387+0000] {processor.py:840} INFO - DAG(s) 'transfer_from_minio_to_snowflake_transactions', 'transfer_from_minio_to_snowflake_customers', 'transfer_from_minio_to_snowflake_accounts' retrieved from /opt/airflow/dags/transfer.py
[2026-03-19T02:05:06.422+0000] {logging_mixin.py:188} INFO - [2026-03-19T02:05:06.422+0000] {dag.py:3089} INFO - Sync 3 DAGs
[2026-03-19T02:05:06.439+0000] {logging_mixin.py:188} INFO - [2026-03-19T02:05:06.439+0000] {dag.py:3947} INFO - Setting next_dagrun for transfer_from_minio_to_snowflake_accounts to 2026-03-19 02:04:00+00:00, run_after=2026-03-19 02:05:00+00:00
[2026-03-19T02:05:06.442+0000] {logging_mixin.py:188} INFO - [2026-03-19T02:05:06.442+0000] {dag.py:3947} INFO - Setting next_dagrun for transfer_from_minio_to_snowflake_customers to 2026-03-19 02:04:00+00:00, run_after=2026-03-19 02:05:00+00:00
[2026-03-19T02:05:06.443+0000] {logging_mixin.py:188} INFO - [2026-03-19T02:05:06.443+0000] {dag.py:3947} INFO - Setting next_dagrun for transfer_from_minio_to_snowflake_transactions to 2026-03-19 02:04:00+00:00, run_after=2026-03-19 02:05:00+00:00
[2026-03-19T02:05:06.451+0000] {processor.py:183} INFO - Processing /opt/airflow/dags/transfer.py took 0.118 seconds
[2026-03-19T02:05:36.917+0000] {processor.py:161} INFO - Started process (PID=9953) to work on /opt/airflow/dags/transfer.py
[2026-03-19T02:05:36.919+0000] {processor.py:830} INFO - Processing file /opt/airflow/dags/transfer.py for tasks to queue
[2026-03-19T02:05:36.921+0000] {logging_mixin.py:188} INFO - [2026-03-19T02:05:36.921+0000] {dagbag.py:545} INFO - Filling up the DagBag from /opt/airflow/dags/transfer.py
[2026-03-19T02:05:36.954+0000] {processor.py:840} INFO - DAG(s) 'transfer_from_minio_to_snowflake_transactions', 'transfer_from_minio_to_snowflake_customers', 'transfer_from_minio_to_snowflake_accounts' retrieved from /opt/airflow/dags/transfer.py
[2026-03-19T02:05:36.996+0000] {logging_mixin.py:188} INFO - [2026-03-19T02:05:36.994+0000] {dag.py:3089} INFO - Sync 3 DAGs
[2026-03-19T02:05:37.011+0000] {logging_mixin.py:188} INFO - [2026-03-19T02:05:37.011+0000] {dag.py:3947} INFO - Setting next_dagrun for transfer_from_minio_to_snowflake_accounts to 2026-03-19 02:04:00+00:00, run_after=2026-03-19 02:05:00+00:00
[2026-03-19T02:05:37.014+0000] {logging_mixin.py:188} INFO - [2026-03-19T02:05:37.014+0000] {dag.py:3947} INFO - Setting next_dagrun for transfer_from_minio_to_snowflake_customers to 2026-03-19 02:04:00+00:00, run_after=2026-03-19 02:05:00+00:00
[2026-03-19T02:05:37.016+0000] {logging_mixin.py:188} INFO - [2026-03-19T02:05:37.015+0000] {dag.py:3947} INFO - Setting next_dagrun for transfer_from_minio_to_snowflake_transactions to 2026-03-19 02:04:00+00:00, run_after=2026-03-19 02:05:00+00:00
[2026-03-19T02:05:37.023+0000] {processor.py:183} INFO - Processing /opt/airflow/dags/transfer.py took 0.118 seconds
[2026-03-19T02:06:07.560+0000] {processor.py:161} INFO - Started process (PID=9955) to work on /opt/airflow/dags/transfer.py
[2026-03-19T02:06:07.562+0000] {processor.py:830} INFO - Processing file /opt/airflow/dags/transfer.py for tasks to queue
[2026-03-19T02:06:07.566+0000] {logging_mixin.py:188} INFO - [2026-03-19T02:06:07.565+0000] {dagbag.py:545} INFO - Filling up the DagBag from /opt/airflow/dags/transfer.py
[2026-03-19T02:06:07.609+0000] {processor.py:840} INFO - DAG(s) 'transfer_from_minio_to_snowflake_transactions', 'transfer_from_minio_to_snowflake_accounts', 'transfer_from_minio_to_snowflake_customers' retrieved from /opt/airflow/dags/transfer.py
[2026-03-19T02:06:07.644+0000] {logging_mixin.py:188} INFO - [2026-03-19T02:06:07.644+0000] {dag.py:3089} INFO - Sync 3 DAGs
[2026-03-19T02:06:07.663+0000] {logging_mixin.py:188} INFO - [2026-03-19T02:06:07.663+0000] {dag.py:3947} INFO - Setting next_dagrun for transfer_from_minio_to_snowflake_accounts to 2026-03-19 02:05:00+00:00, run_after=2026-03-19 02:06:00+00:00
[2026-03-19T02:06:07.666+0000] {logging_mixin.py:188} INFO - [2026-03-19T02:06:07.666+0000] {dag.py:3947} INFO - Setting next_dagrun for transfer_from_minio_to_snowflake_customers to 2026-03-19 02:05:00+00:00, run_after=2026-03-19 02:06:00+00:00
[2026-03-19T02:06:07.667+0000] {logging_mixin.py:188} INFO - [2026-03-19T02:06:07.667+0000] {dag.py:3947} INFO - Setting next_dagrun for transfer_from_minio_to_snowflake_transactions to 2026-03-19 02:05:00+00:00, run_after=2026-03-19 02:06:00+00:00
[2026-03-19T02:06:07.675+0000] {processor.py:183} INFO - Processing /opt/airflow/dags/transfer.py took 0.134 seconds
[2026-03-19T02:06:38.131+0000] {processor.py:161} INFO - Started process (PID=9957) to work on /opt/airflow/dags/transfer.py
[2026-03-19T02:06:38.133+0000] {processor.py:830} INFO - Processing file /opt/airflow/dags/transfer.py for tasks to queue
[2026-03-19T02:06:38.135+0000] {logging_mixin.py:188} INFO - [2026-03-19T02:06:38.135+0000] {dagbag.py:545} INFO - Filling up the DagBag from /opt/airflow/dags/transfer.py
[2026-03-19T02:06:38.172+0000] {processor.py:840} INFO - DAG(s) 'transfer_from_minio_to_snowflake_accounts', 'transfer_from_minio_to_snowflake_customers', 'transfer_from_minio_to_snowflake_transactions' retrieved from /opt/airflow/dags/transfer.py
[2026-03-19T02:06:38.211+0000] {logging_mixin.py:188} INFO - [2026-03-19T02:06:38.211+0000] {dag.py:3089} INFO - Sync 3 DAGs
[2026-03-19T02:06:38.226+0000] {logging_mixin.py:188} INFO - [2026-03-19T02:06:38.226+0000] {dag.py:3947} INFO - Setting next_dagrun for transfer_from_minio_to_snowflake_accounts to 2026-03-19 02:05:00+00:00, run_after=2026-03-19 02:06:00+00:00
[2026-03-19T02:06:38.229+0000] {logging_mixin.py:188} INFO - [2026-03-19T02:06:38.229+0000] {dag.py:3947} INFO - Setting next_dagrun for transfer_from_minio_to_snowflake_customers to 2026-03-19 02:05:00+00:00, run_after=2026-03-19 02:06:00+00:00
[2026-03-19T02:06:38.230+0000] {logging_mixin.py:188} INFO - [2026-03-19T02:06:38.230+0000] {dag.py:3947} INFO - Setting next_dagrun for transfer_from_minio_to_snowflake_transactions to 2026-03-19 02:05:00+00:00, run_after=2026-03-19 02:06:00+00:00
[2026-03-19T02:06:38.237+0000] {processor.py:183} INFO - Processing /opt/airflow/dags/transfer.py took 0.117 seconds
[2026-03-19T02:07:08.762+0000] {processor.py:161} INFO - Started process (PID=9959) to work on /opt/airflow/dags/transfer.py
[2026-03-19T02:07:08.764+0000] {processor.py:830} INFO - Processing file /opt/airflow/dags/transfer.py for tasks to queue
[2026-03-19T02:07:08.771+0000] {logging_mixin.py:188} INFO - [2026-03-19T02:07:08.769+0000] {dagbag.py:545} INFO - Filling up the DagBag from /opt/airflow/dags/transfer.py
[2026-03-19T02:07:08.806+0000] {processor.py:840} INFO - DAG(s) 'transfer_from_minio_to_snowflake_transactions', 'transfer_from_minio_to_snowflake_customers', 'transfer_from_minio_to_snowflake_accounts' retrieved from /opt/airflow/dags/transfer.py
[2026-03-19T02:07:08.844+0000] {logging_mixin.py:188} INFO - [2026-03-19T02:07:08.844+0000] {dag.py:3089} INFO - Sync 3 DAGs
[2026-03-19T02:07:08.866+0000] {logging_mixin.py:188} INFO - [2026-03-19T02:07:08.865+0000] {dag.py:3947} INFO - Setting next_dagrun for transfer_from_minio_to_snowflake_accounts to 2026-03-19 02:06:00+00:00, run_after=2026-03-19 02:07:00+00:00
[2026-03-19T02:07:08.868+0000] {logging_mixin.py:188} INFO - [2026-03-19T02:07:08.868+0000] {dag.py:3947} INFO - Setting next_dagrun for transfer_from_minio_to_snowflake_customers to 2026-03-19 02:06:00+00:00, run_after=2026-03-19 02:07:00+00:00
[2026-03-19T02:07:08.870+0000] {logging_mixin.py:188} INFO - [2026-03-19T02:07:08.870+0000] {dag.py:3947} INFO - Setting next_dagrun for transfer_from_minio_to_snowflake_transactions to 2026-03-19 02:06:00+00:00, run_after=2026-03-19 02:07:00+00:00
[2026-03-19T02:07:08.878+0000] {processor.py:183} INFO - Processing /opt/airflow/dags/transfer.py took 0.127 seconds
[2026-03-19T02:07:39.340+0000] {processor.py:161} INFO - Started process (PID=9961) to work on /opt/airflow/dags/transfer.py
[2026-03-19T02:07:39.344+0000] {processor.py:830} INFO - Processing file /opt/airflow/dags/transfer.py for tasks to queue
[2026-03-19T02:07:39.350+0000] {logging_mixin.py:188} INFO - [2026-03-19T02:07:39.350+0000] {dagbag.py:545} INFO - Filling up the DagBag from /opt/airflow/dags/transfer.py
[2026-03-19T02:07:39.396+0000] {processor.py:840} INFO - DAG(s) 'transfer_from_minio_to_snowflake_customers', 'transfer_from_minio_to_snowflake_accounts', 'transfer_from_minio_to_snowflake_transactions' retrieved from /opt/airflow/dags/transfer.py
[2026-03-19T02:07:39.438+0000] {logging_mixin.py:188} INFO - [2026-03-19T02:07:39.438+0000] {dag.py:3089} INFO - Sync 3 DAGs
[2026-03-19T02:07:39.456+0000] {logging_mixin.py:188} INFO - [2026-03-19T02:07:39.456+0000] {dag.py:3947} INFO - Setting next_dagrun for transfer_from_minio_to_snowflake_accounts to 2026-03-19 02:06:00+00:00, run_after=2026-03-19 02:07:00+00:00
[2026-03-19T02:07:39.459+0000] {logging_mixin.py:188} INFO - [2026-03-19T02:07:39.459+0000] {dag.py:3947} INFO - Setting next_dagrun for transfer_from_minio_to_snowflake_customers to 2026-03-19 02:06:00+00:00, run_after=2026-03-19 02:07:00+00:00
[2026-03-19T02:07:39.461+0000] {logging_mixin.py:188} INFO - [2026-03-19T02:07:39.460+0000] {dag.py:3947} INFO - Setting next_dagrun for transfer_from_minio_to_snowflake_transactions to 2026-03-19 02:06:00+00:00, run_after=2026-03-19 02:07:00+00:00
[2026-03-19T02:07:39.469+0000] {processor.py:183} INFO - Processing /opt/airflow/dags/transfer.py took 0.146 seconds
[2026-03-19T02:08:09.946+0000] {processor.py:161} INFO - Started process (PID=9963) to work on /opt/airflow/dags/transfer.py
[2026-03-19T02:08:09.948+0000] {processor.py:830} INFO - Processing file /opt/airflow/dags/transfer.py for tasks to queue
[2026-03-19T02:08:09.951+0000] {logging_mixin.py:188} INFO - [2026-03-19T02:08:09.951+0000] {dagbag.py:545} INFO - Filling up the DagBag from /opt/airflow/dags/transfer.py
[2026-03-19T02:08:09.990+0000] {processor.py:840} INFO - DAG(s) 'transfer_from_minio_to_snowflake_customers', 'transfer_from_minio_to_snowflake_transactions', 'transfer_from_minio_to_snowflake_accounts' retrieved from /opt/airflow/dags/transfer.py
[2026-03-19T02:08:10.030+0000] {logging_mixin.py:188} INFO - [2026-03-19T02:08:10.030+0000] {dag.py:3089} INFO - Sync 3 DAGs
[2026-03-19T02:08:10.068+0000] {logging_mixin.py:188} INFO - [2026-03-19T02:08:10.068+0000] {dag.py:3947} INFO - Setting next_dagrun for transfer_from_minio_to_snowflake_accounts to 2026-03-19 02:07:00+00:00, run_after=2026-03-19 02:08:00+00:00
[2026-03-19T02:08:10.074+0000] {logging_mixin.py:188} INFO - [2026-03-19T02:08:10.074+0000] {dag.py:3947} INFO - Setting next_dagrun for transfer_from_minio_to_snowflake_customers to 2026-03-19 02:07:00+00:00, run_after=2026-03-19 02:08:00+00:00
[2026-03-19T02:08:10.077+0000] {logging_mixin.py:188} INFO - [2026-03-19T02:08:10.077+0000] {dag.py:3947} INFO - Setting next_dagrun for transfer_from_minio_to_snowflake_transactions to 2026-03-19 02:07:00+00:00, run_after=2026-03-19 02:08:00+00:00
[2026-03-19T02:08:10.087+0000] {processor.py:183} INFO - Processing /opt/airflow/dags/transfer.py took 0.157 seconds
[2026-03-19T02:08:40.518+0000] {processor.py:161} INFO - Started process (PID=9965) to work on /opt/airflow/dags/transfer.py
[2026-03-19T02:08:40.520+0000] {processor.py:830} INFO - Processing file /opt/airflow/dags/transfer.py for tasks to queue
[2026-03-19T02:08:40.521+0000] {logging_mixin.py:188} INFO - [2026-03-19T02:08:40.521+0000] {dagbag.py:545} INFO - Filling up the DagBag from /opt/airflow/dags/transfer.py
[2026-03-19T02:08:40.565+0000] {processor.py:840} INFO - DAG(s) 'transfer_from_minio_to_snowflake_accounts', 'transfer_from_minio_to_snowflake_transactions', 'transfer_from_minio_to_snowflake_customers' retrieved from /opt/airflow/dags/transfer.py
[2026-03-19T02:08:40.598+0000] {logging_mixin.py:188} INFO - [2026-03-19T02:08:40.597+0000] {dag.py:3089} INFO - Sync 3 DAGs
[2026-03-19T02:08:40.620+0000] {logging_mixin.py:188} INFO - [2026-03-19T02:08:40.620+0000] {dag.py:3947} INFO - Setting next_dagrun for transfer_from_minio_to_snowflake_accounts to 2026-03-19 02:07:00+00:00, run_after=2026-03-19 02:08:00+00:00
[2026-03-19T02:08:40.623+0000] {logging_mixin.py:188} INFO - [2026-03-19T02:08:40.623+0000] {dag.py:3947} INFO - Setting next_dagrun for transfer_from_minio_to_snowflake_customers to 2026-03-19 02:07:00+00:00, run_after=2026-03-19 02:08:00+00:00
[2026-03-19T02:08:40.625+0000] {logging_mixin.py:188} INFO - [2026-03-19T02:08:40.624+0000] {dag.py:3947} INFO - Setting next_dagrun for transfer_from_minio_to_snowflake_transactions to 2026-03-19 02:07:00+00:00, run_after=2026-03-19 02:08:00+00:00
[2026-03-19T02:08:40.632+0000] {processor.py:183} INFO - Processing /opt/airflow/dags/transfer.py took 0.125 seconds
[2026-03-19T02:09:11.150+0000] {processor.py:161} INFO - Started process (PID=9967) to work on /opt/airflow/dags/transfer.py
[2026-03-19T02:09:11.151+0000] {processor.py:830} INFO - Processing file /opt/airflow/dags/transfer.py for tasks to queue
[2026-03-19T02:09:11.154+0000] {logging_mixin.py:188} INFO - [2026-03-19T02:09:11.153+0000] {dagbag.py:545} INFO - Filling up the DagBag from /opt/airflow/dags/transfer.py
[2026-03-19T02:09:11.186+0000] {processor.py:840} INFO - DAG(s) 'transfer_from_minio_to_snowflake_customers', 'transfer_from_minio_to_snowflake_accounts', 'transfer_from_minio_to_snowflake_transactions' retrieved from /opt/airflow/dags/transfer.py
[2026-03-19T02:09:11.221+0000] {logging_mixin.py:188} INFO - [2026-03-19T02:09:11.221+0000] {dag.py:3089} INFO - Sync 3 DAGs
[2026-03-19T02:09:11.239+0000] {logging_mixin.py:188} INFO - [2026-03-19T02:09:11.239+0000] {dag.py:3947} INFO - Setting next_dagrun for transfer_from_minio_to_snowflake_accounts to 2026-03-19 02:08:00+00:00, run_after=2026-03-19 02:09:00+00:00
[2026-03-19T02:09:11.242+0000] {logging_mixin.py:188} INFO - [2026-03-19T02:09:11.242+0000] {dag.py:3947} INFO - Setting next_dagrun for transfer_from_minio_to_snowflake_customers to 2026-03-19 02:08:00+00:00, run_after=2026-03-19 02:09:00+00:00
[2026-03-19T02:09:11.244+0000] {logging_mixin.py:188} INFO - [2026-03-19T02:09:11.244+0000] {dag.py:3947} INFO - Setting next_dagrun for transfer_from_minio_to_snowflake_transactions to 2026-03-19 02:08:00+00:00, run_after=2026-03-19 02:09:00+00:00
[2026-03-19T02:09:11.253+0000] {processor.py:183} INFO - Processing /opt/airflow/dags/transfer.py took 0.112 seconds
[2026-03-19T02:09:41.772+0000] {processor.py:161} INFO - Started process (PID=9969) to work on /opt/airflow/dags/transfer.py
[2026-03-19T02:09:41.773+0000] {processor.py:830} INFO - Processing file /opt/airflow/dags/transfer.py for tasks to queue
[2026-03-19T02:09:41.778+0000] {logging_mixin.py:188} INFO - [2026-03-19T02:09:41.777+0000] {dagbag.py:545} INFO - Filling up the DagBag from /opt/airflow/dags/transfer.py
[2026-03-19T02:09:41.823+0000] {processor.py:840} INFO - DAG(s) 'transfer_from_minio_to_snowflake_customers', 'transfer_from_minio_to_snowflake_transactions', 'transfer_from_minio_to_snowflake_accounts' retrieved from /opt/airflow/dags/transfer.py
[2026-03-19T02:09:41.861+0000] {logging_mixin.py:188} INFO - [2026-03-19T02:09:41.861+0000] {dag.py:3089} INFO - Sync 3 DAGs
[2026-03-19T02:09:41.876+0000] {logging_mixin.py:188} INFO - [2026-03-19T02:09:41.876+0000] {dag.py:3947} INFO - Setting next_dagrun for transfer_from_minio_to_snowflake_accounts to 2026-03-19 02:08:00+00:00, run_after=2026-03-19 02:09:00+00:00
[2026-03-19T02:09:41.879+0000] {logging_mixin.py:188} INFO - [2026-03-19T02:09:41.879+0000] {dag.py:3947} INFO - Setting next_dagrun for transfer_from_minio_to_snowflake_customers to 2026-03-19 02:08:00+00:00, run_after=2026-03-19 02:09:00+00:00
[2026-03-19T02:09:41.881+0000] {logging_mixin.py:188} INFO - [2026-03-19T02:09:41.881+0000] {dag.py:3947} INFO - Setting next_dagrun for transfer_from_minio_to_snowflake_transactions to 2026-03-19 02:08:00+00:00, run_after=2026-03-19 02:09:00+00:00
[2026-03-19T02:09:41.888+0000] {processor.py:183} INFO - Processing /opt/airflow/dags/transfer.py took 0.132 seconds
[2026-03-19T02:10:12.374+0000] {processor.py:161} INFO - Started process (PID=9971) to work on /opt/airflow/dags/transfer.py
[2026-03-19T02:10:12.375+0000] {processor.py:830} INFO - Processing file /opt/airflow/dags/transfer.py for tasks to queue
[2026-03-19T02:10:12.383+0000] {logging_mixin.py:188} INFO - [2026-03-19T02:10:12.383+0000] {dagbag.py:545} INFO - Filling up the DagBag from /opt/airflow/dags/transfer.py
[2026-03-19T02:10:12.421+0000] {processor.py:840} INFO - DAG(s) 'transfer_from_minio_to_snowflake_accounts', 'transfer_from_minio_to_snowflake_customers', 'transfer_from_minio_to_snowflake_transactions' retrieved from /opt/airflow/dags/transfer.py
[2026-03-19T02:10:12.446+0000] {logging_mixin.py:188} INFO - [2026-03-19T02:10:12.445+0000] {dag.py:3089} INFO - Sync 3 DAGs
[2026-03-19T02:10:12.464+0000] {logging_mixin.py:188} INFO - [2026-03-19T02:10:12.464+0000] {dag.py:3947} INFO - Setting next_dagrun for transfer_from_minio_to_snowflake_accounts to 2026-03-19 02:09:00+00:00, run_after=2026-03-19 02:10:00+00:00
[2026-03-19T02:10:12.467+0000] {logging_mixin.py:188} INFO - [2026-03-19T02:10:12.467+0000] {dag.py:3947} INFO - Setting next_dagrun for transfer_from_minio_to_snowflake_customers to 2026-03-19 02:09:00+00:00, run_after=2026-03-19 02:10:00+00:00
[2026-03-19T02:10:12.469+0000] {logging_mixin.py:188} INFO - [2026-03-19T02:10:12.469+0000] {dag.py:3947} INFO - Setting next_dagrun for transfer_from_minio_to_snowflake_transactions to 2026-03-19 02:09:00+00:00, run_after=2026-03-19 02:10:00+00:00
[2026-03-19T02:10:12.482+0000] {processor.py:183} INFO - Processing /opt/airflow/dags/transfer.py took 0.115 seconds
[2026-03-19T02:10:42.967+0000] {processor.py:161} INFO - Started process (PID=9973) to work on /opt/airflow/dags/transfer.py
[2026-03-19T02:10:42.969+0000] {processor.py:830} INFO - Processing file /opt/airflow/dags/transfer.py for tasks to queue
[2026-03-19T02:10:42.974+0000] {logging_mixin.py:188} INFO - [2026-03-19T02:10:42.973+0000] {dagbag.py:545} INFO - Filling up the DagBag from /opt/airflow/dags/transfer.py
[2026-03-19T02:10:43.008+0000] {processor.py:840} INFO - DAG(s) 'transfer_from_minio_to_snowflake_customers', 'transfer_from_minio_to_snowflake_transactions', 'transfer_from_minio_to_snowflake_accounts' retrieved from /opt/airflow/dags/transfer.py
[2026-03-19T02:10:43.043+0000] {logging_mixin.py:188} INFO - [2026-03-19T02:10:43.043+0000] {dag.py:3089} INFO - Sync 3 DAGs
[2026-03-19T02:10:43.059+0000] {logging_mixin.py:188} INFO - [2026-03-19T02:10:43.059+0000] {dag.py:3947} INFO - Setting next_dagrun for transfer_from_minio_to_snowflake_accounts to 2026-03-19 02:09:00+00:00, run_after=2026-03-19 02:10:00+00:00
[2026-03-19T02:10:43.062+0000] {logging_mixin.py:188} INFO - [2026-03-19T02:10:43.062+0000] {dag.py:3947} INFO - Setting next_dagrun for transfer_from_minio_to_snowflake_customers to 2026-03-19 02:09:00+00:00, run_after=2026-03-19 02:10:00+00:00
[2026-03-19T02:10:43.063+0000] {logging_mixin.py:188} INFO - [2026-03-19T02:10:43.063+0000] {dag.py:3947} INFO - Setting next_dagrun for transfer_from_minio_to_snowflake_transactions to 2026-03-19 02:09:00+00:00, run_after=2026-03-19 02:10:00+00:00
[2026-03-19T02:10:43.071+0000] {processor.py:183} INFO - Processing /opt/airflow/dags/transfer.py took 0.114 seconds
[2026-03-19T02:11:13.605+0000] {processor.py:161} INFO - Started process (PID=9975) to work on /opt/airflow/dags/transfer.py
[2026-03-19T02:11:13.609+0000] {processor.py:830} INFO - Processing file /opt/airflow/dags/transfer.py for tasks to queue
[2026-03-19T02:11:13.613+0000] {logging_mixin.py:188} INFO - [2026-03-19T02:11:13.613+0000] {dagbag.py:545} INFO - Filling up the DagBag from /opt/airflow/dags/transfer.py
[2026-03-19T02:11:13.644+0000] {processor.py:840} INFO - DAG(s) 'transfer_from_minio_to_snowflake_customers', 'transfer_from_minio_to_snowflake_transactions', 'transfer_from_minio_to_snowflake_accounts' retrieved from /opt/airflow/dags/transfer.py
[2026-03-19T02:11:13.672+0000] {logging_mixin.py:188} INFO - [2026-03-19T02:11:13.671+0000] {dag.py:3089} INFO - Sync 3 DAGs
[2026-03-19T02:11:13.688+0000] {logging_mixin.py:188} INFO - [2026-03-19T02:11:13.688+0000] {dag.py:3947} INFO - Setting next_dagrun for transfer_from_minio_to_snowflake_accounts to 2026-03-19 02:10:00+00:00, run_after=2026-03-19 02:11:00+00:00
[2026-03-19T02:11:13.691+0000] {logging_mixin.py:188} INFO - [2026-03-19T02:11:13.691+0000] {dag.py:3947} INFO - Setting next_dagrun for transfer_from_minio_to_snowflake_customers to 2026-03-19 02:10:00+00:00, run_after=2026-03-19 02:11:00+00:00
[2026-03-19T02:11:13.692+0000] {logging_mixin.py:188} INFO - [2026-03-19T02:11:13.692+0000] {dag.py:3947} INFO - Setting next_dagrun for transfer_from_minio_to_snowflake_transactions to 2026-03-19 02:10:00+00:00, run_after=2026-03-19 02:11:00+00:00
[2026-03-19T02:11:13.700+0000] {processor.py:183} INFO - Processing /opt/airflow/dags/transfer.py took 0.110 seconds
[2026-03-19T02:11:44.188+0000] {processor.py:161} INFO - Started process (PID=9977) to work on /opt/airflow/dags/transfer.py
[2026-03-19T02:11:44.190+0000] {processor.py:830} INFO - Processing file /opt/airflow/dags/transfer.py for tasks to queue
[2026-03-19T02:11:44.192+0000] {logging_mixin.py:188} INFO - [2026-03-19T02:11:44.192+0000] {dagbag.py:545} INFO - Filling up the DagBag from /opt/airflow/dags/transfer.py
[2026-03-19T02:11:44.232+0000] {processor.py:840} INFO - DAG(s) 'transfer_from_minio_to_snowflake_customers', 'transfer_from_minio_to_snowflake_accounts', 'transfer_from_minio_to_snowflake_transactions' retrieved from /opt/airflow/dags/transfer.py
[2026-03-19T02:11:44.274+0000] {logging_mixin.py:188} INFO - [2026-03-19T02:11:44.273+0000] {dag.py:3089} INFO - Sync 3 DAGs
[2026-03-19T02:11:44.290+0000] {logging_mixin.py:188} INFO - [2026-03-19T02:11:44.289+0000] {dag.py:3947} INFO - Setting next_dagrun for transfer_from_minio_to_snowflake_accounts to 2026-03-19 02:10:00+00:00, run_after=2026-03-19 02:11:00+00:00
[2026-03-19T02:11:44.293+0000] {logging_mixin.py:188} INFO - [2026-03-19T02:11:44.293+0000] {dag.py:3947} INFO - Setting next_dagrun for transfer_from_minio_to_snowflake_customers to 2026-03-19 02:10:00+00:00, run_after=2026-03-19 02:11:00+00:00
[2026-03-19T02:11:44.294+0000] {logging_mixin.py:188} INFO - [2026-03-19T02:11:44.294+0000] {dag.py:3947} INFO - Setting next_dagrun for transfer_from_minio_to_snowflake_transactions to 2026-03-19 02:10:00+00:00, run_after=2026-03-19 02:11:00+00:00
[2026-03-19T02:11:44.302+0000] {processor.py:183} INFO - Processing /opt/airflow/dags/transfer.py took 0.128 seconds
[2026-03-19T02:12:14.756+0000] {processor.py:161} INFO - Started process (PID=9979) to work on /opt/airflow/dags/transfer.py
[2026-03-19T02:12:14.758+0000] {processor.py:830} INFO - Processing file /opt/airflow/dags/transfer.py for tasks to queue
[2026-03-19T02:12:14.761+0000] {logging_mixin.py:188} INFO - [2026-03-19T02:12:14.761+0000] {dagbag.py:545} INFO - Filling up the DagBag from /opt/airflow/dags/transfer.py
[2026-03-19T02:12:14.796+0000] {processor.py:840} INFO - DAG(s) 'transfer_from_minio_to_snowflake_customers', 'transfer_from_minio_to_snowflake_transactions', 'transfer_from_minio_to_snowflake_accounts' retrieved from /opt/airflow/dags/transfer.py
[2026-03-19T02:12:14.833+0000] {logging_mixin.py:188} INFO - [2026-03-19T02:12:14.833+0000] {dag.py:3089} INFO - Sync 3 DAGs
[2026-03-19T02:12:14.851+0000] {logging_mixin.py:188} INFO - [2026-03-19T02:12:14.851+0000] {dag.py:3947} INFO - Setting next_dagrun for transfer_from_minio_to_snowflake_accounts to 2026-03-19 02:11:00+00:00, run_after=2026-03-19 02:12:00+00:00
[2026-03-19T02:12:14.855+0000] {logging_mixin.py:188} INFO - [2026-03-19T02:12:14.855+0000] {dag.py:3947} INFO - Setting next_dagrun for transfer_from_minio_to_snowflake_customers to 2026-03-19 02:11:00+00:00, run_after=2026-03-19 02:12:00+00:00
[2026-03-19T02:12:14.856+0000] {logging_mixin.py:188} INFO - [2026-03-19T02:12:14.856+0000] {dag.py:3947} INFO - Setting next_dagrun for transfer_from_minio_to_snowflake_transactions to 2026-03-19 02:11:00+00:00, run_after=2026-03-19 02:12:00+00:00
[2026-03-19T02:12:14.865+0000] {processor.py:183} INFO - Processing /opt/airflow/dags/transfer.py took 0.117 seconds
[2026-03-19T02:12:45.317+0000] {processor.py:161} INFO - Started process (PID=9981) to work on /opt/airflow/dags/transfer.py
[2026-03-19T02:12:45.320+0000] {processor.py:830} INFO - Processing file /opt/airflow/dags/transfer.py for tasks to queue
[2026-03-19T02:12:45.324+0000] {logging_mixin.py:188} INFO - [2026-03-19T02:12:45.324+0000] {dagbag.py:545} INFO - Filling up the DagBag from /opt/airflow/dags/transfer.py
[2026-03-19T02:12:45.363+0000] {processor.py:840} INFO - DAG(s) 'transfer_from_minio_to_snowflake_customers', 'transfer_from_minio_to_snowflake_transactions', 'transfer_from_minio_to_snowflake_accounts' retrieved from /opt/airflow/dags/transfer.py
[2026-03-19T02:12:45.395+0000] {logging_mixin.py:188} INFO - [2026-03-19T02:12:45.394+0000] {dag.py:3089} INFO - Sync 3 DAGs
[2026-03-19T02:12:45.408+0000] {logging_mixin.py:188} INFO - [2026-03-19T02:12:45.408+0000] {dag.py:3947} INFO - Setting next_dagrun for transfer_from_minio_to_snowflake_accounts to 2026-03-19 02:11:00+00:00, run_after=2026-03-19 02:12:00+00:00
[2026-03-19T02:12:45.411+0000] {logging_mixin.py:188} INFO - [2026-03-19T02:12:45.411+0000] {dag.py:3947} INFO - Setting next_dagrun for transfer_from_minio_to_snowflake_customers to 2026-03-19 02:11:00+00:00, run_after=2026-03-19 02:12:00+00:00
[2026-03-19T02:12:45.412+0000] {logging_mixin.py:188} INFO - [2026-03-19T02:12:45.412+0000] {dag.py:3947} INFO - Setting next_dagrun for transfer_from_minio_to_snowflake_transactions to 2026-03-19 02:11:00+00:00, run_after=2026-03-19 02:12:00+00:00
[2026-03-19T02:12:45.419+0000] {processor.py:183} INFO - Processing /opt/airflow/dags/transfer.py took 0.112 seconds
[2026-03-19T02:13:15.863+0000] {processor.py:161} INFO - Started process (PID=9983) to work on /opt/airflow/dags/transfer.py
[2026-03-19T02:13:15.866+0000] {processor.py:830} INFO - Processing file /opt/airflow/dags/transfer.py for tasks to queue
[2026-03-19T02:13:15.869+0000] {logging_mixin.py:188} INFO - [2026-03-19T02:13:15.869+0000] {dagbag.py:545} INFO - Filling up the DagBag from /opt/airflow/dags/transfer.py
[2026-03-19T02:13:15.906+0000] {processor.py:840} INFO - DAG(s) 'transfer_from_minio_to_snowflake_transactions', 'transfer_from_minio_to_snowflake_accounts', 'transfer_from_minio_to_snowflake_customers' retrieved from /opt/airflow/dags/transfer.py
[2026-03-19T02:13:15.939+0000] {logging_mixin.py:188} INFO - [2026-03-19T02:13:15.938+0000] {dag.py:3089} INFO - Sync 3 DAGs
[2026-03-19T02:13:15.952+0000] {logging_mixin.py:188} INFO - [2026-03-19T02:13:15.952+0000] {dag.py:3947} INFO - Setting next_dagrun for transfer_from_minio_to_snowflake_accounts to 2026-03-19 02:12:00+00:00, run_after=2026-03-19 02:13:00+00:00
[2026-03-19T02:13:15.954+0000] {logging_mixin.py:188} INFO - [2026-03-19T02:13:15.954+0000] {dag.py:3947} INFO - Setting next_dagrun for transfer_from_minio_to_snowflake_customers to 2026-03-19 02:12:00+00:00, run_after=2026-03-19 02:13:00+00:00
[2026-03-19T02:13:15.956+0000] {logging_mixin.py:188} INFO - [2026-03-19T02:13:15.956+0000] {dag.py:3947} INFO - Setting next_dagrun for transfer_from_minio_to_snowflake_transactions to 2026-03-19 02:12:00+00:00, run_after=2026-03-19 02:13:00+00:00
[2026-03-19T02:13:15.963+0000] {processor.py:183} INFO - Processing /opt/airflow/dags/transfer.py took 0.110 seconds
[2026-03-19T02:13:46.383+0000] {processor.py:161} INFO - Started process (PID=9985) to work on /opt/airflow/dags/transfer.py
[2026-03-19T02:13:46.385+0000] {processor.py:830} INFO - Processing file /opt/airflow/dags/transfer.py for tasks to queue
[2026-03-19T02:13:46.392+0000] {logging_mixin.py:188} INFO - [2026-03-19T02:13:46.391+0000] {dagbag.py:545} INFO - Filling up the DagBag from /opt/airflow/dags/transfer.py
[2026-03-19T02:13:46.428+0000] {processor.py:840} INFO - DAG(s) 'transfer_from_minio_to_snowflake_transactions', 'transfer_from_minio_to_snowflake_accounts', 'transfer_from_minio_to_snowflake_customers' retrieved from /opt/airflow/dags/transfer.py
[2026-03-19T02:13:46.463+0000] {logging_mixin.py:188} INFO - [2026-03-19T02:13:46.463+0000] {dag.py:3089} INFO - Sync 3 DAGs
[2026-03-19T02:13:46.484+0000] {logging_mixin.py:188} INFO - [2026-03-19T02:13:46.484+0000] {dag.py:3947} INFO - Setting next_dagrun for transfer_from_minio_to_snowflake_accounts to 2026-03-19 02:12:00+00:00, run_after=2026-03-19 02:13:00+00:00
[2026-03-19T02:13:46.487+0000] {logging_mixin.py:188} INFO - [2026-03-19T02:13:46.487+0000] {dag.py:3947} INFO - Setting next_dagrun for transfer_from_minio_to_snowflake_customers to 2026-03-19 02:12:00+00:00, run_after=2026-03-19 02:13:00+00:00
[2026-03-19T02:13:46.489+0000] {logging_mixin.py:188} INFO - [2026-03-19T02:13:46.489+0000] {dag.py:3947} INFO - Setting next_dagrun for transfer_from_minio_to_snowflake_transactions to 2026-03-19 02:12:00+00:00, run_after=2026-03-19 02:13:00+00:00
[2026-03-19T02:13:46.496+0000] {processor.py:183} INFO - Processing /opt/airflow/dags/transfer.py took 0.123 seconds
[2026-03-19T02:14:16.905+0000] {processor.py:161} INFO - Started process (PID=9987) to work on /opt/airflow/dags/transfer.py
[2026-03-19T02:14:16.907+0000] {processor.py:830} INFO - Processing file /opt/airflow/dags/transfer.py for tasks to queue
[2026-03-19T02:14:16.910+0000] {logging_mixin.py:188} INFO - [2026-03-19T02:14:16.909+0000] {dagbag.py:545} INFO - Filling up the DagBag from /opt/airflow/dags/transfer.py
[2026-03-19T02:14:16.949+0000] {processor.py:840} INFO - DAG(s) 'transfer_from_minio_to_snowflake_transactions', 'transfer_from_minio_to_snowflake_customers', 'transfer_from_minio_to_snowflake_accounts' retrieved from /opt/airflow/dags/transfer.py
[2026-03-19T02:14:16.989+0000] {logging_mixin.py:188} INFO - [2026-03-19T02:14:16.988+0000] {dag.py:3089} INFO - Sync 3 DAGs
[2026-03-19T02:14:17.005+0000] {logging_mixin.py:188} INFO - [2026-03-19T02:14:17.004+0000] {dag.py:3947} INFO - Setting next_dagrun for transfer_from_minio_to_snowflake_accounts to 2026-03-19 02:13:00+00:00, run_after=2026-03-19 02:14:00+00:00
[2026-03-19T02:14:17.007+0000] {logging_mixin.py:188} INFO - [2026-03-19T02:14:17.007+0000] {dag.py:3947} INFO - Setting next_dagrun for transfer_from_minio_to_snowflake_customers to 2026-03-19 02:13:00+00:00, run_after=2026-03-19 02:14:00+00:00
[2026-03-19T02:14:17.009+0000] {logging_mixin.py:188} INFO - [2026-03-19T02:14:17.009+0000] {dag.py:3947} INFO - Setting next_dagrun for transfer_from_minio_to_snowflake_transactions to 2026-03-19 02:13:00+00:00, run_after=2026-03-19 02:14:00+00:00
[2026-03-19T02:14:17.017+0000] {processor.py:183} INFO - Processing /opt/airflow/dags/transfer.py took 0.131 seconds
[2026-03-19T02:14:47.414+0000] {processor.py:161} INFO - Started process (PID=9989) to work on /opt/airflow/dags/transfer.py
[2026-03-19T02:14:47.415+0000] {processor.py:830} INFO - Processing file /opt/airflow/dags/transfer.py for tasks to queue
[2026-03-19T02:14:47.420+0000] {logging_mixin.py:188} INFO - [2026-03-19T02:14:47.419+0000] {dagbag.py:545} INFO - Filling up the DagBag from /opt/airflow/dags/transfer.py
[2026-03-19T02:14:47.449+0000] {processor.py:840} INFO - DAG(s) 'transfer_from_minio_to_snowflake_customers', 'transfer_from_minio_to_snowflake_transactions', 'transfer_from_minio_to_snowflake_accounts' retrieved from /opt/airflow/dags/transfer.py
[2026-03-19T02:14:47.485+0000] {logging_mixin.py:188} INFO - [2026-03-19T02:14:47.485+0000] {dag.py:3089} INFO - Sync 3 DAGs
[2026-03-19T02:14:47.500+0000] {logging_mixin.py:188} INFO - [2026-03-19T02:14:47.499+0000] {dag.py:3947} INFO - Setting next_dagrun for transfer_from_minio_to_snowflake_accounts to 2026-03-19 02:13:00+00:00, run_after=2026-03-19 02:14:00+00:00
[2026-03-19T02:14:47.503+0000] {logging_mixin.py:188} INFO - [2026-03-19T02:14:47.503+0000] {dag.py:3947} INFO - Setting next_dagrun for transfer_from_minio_to_snowflake_customers to 2026-03-19 02:13:00+00:00, run_after=2026-03-19 02:14:00+00:00
[2026-03-19T02:14:47.504+0000] {logging_mixin.py:188} INFO - [2026-03-19T02:14:47.504+0000] {dag.py:3947} INFO - Setting next_dagrun for transfer_from_minio_to_snowflake_transactions to 2026-03-19 02:13:00+00:00, run_after=2026-03-19 02:14:00+00:00
[2026-03-19T02:14:47.514+0000] {processor.py:183} INFO - Processing /opt/airflow/dags/transfer.py took 0.113 seconds
[2026-03-19T02:15:17.921+0000] {processor.py:161} INFO - Started process (PID=9991) to work on /opt/airflow/dags/transfer.py
[2026-03-19T02:15:17.924+0000] {processor.py:830} INFO - Processing file /opt/airflow/dags/transfer.py for tasks to queue
[2026-03-19T02:15:17.931+0000] {logging_mixin.py:188} INFO - [2026-03-19T02:15:17.931+0000] {dagbag.py:545} INFO - Filling up the DagBag from /opt/airflow/dags/transfer.py
[2026-03-19T02:15:17.961+0000] {processor.py:840} INFO - DAG(s) 'transfer_from_minio_to_snowflake_accounts', 'transfer_from_minio_to_snowflake_customers', 'transfer_from_minio_to_snowflake_transactions' retrieved from /opt/airflow/dags/transfer.py
[2026-03-19T02:15:18.002+0000] {logging_mixin.py:188} INFO - [2026-03-19T02:15:18.002+0000] {dag.py:3089} INFO - Sync 3 DAGs
[2026-03-19T02:15:18.018+0000] {logging_mixin.py:188} INFO - [2026-03-19T02:15:18.018+0000] {dag.py:3947} INFO - Setting next_dagrun for transfer_from_minio_to_snowflake_accounts to 2026-03-19 02:14:00+00:00, run_after=2026-03-19 02:15:00+00:00
[2026-03-19T02:15:18.021+0000] {logging_mixin.py:188} INFO - [2026-03-19T02:15:18.021+0000] {dag.py:3947} INFO - Setting next_dagrun for transfer_from_minio_to_snowflake_customers to 2026-03-19 02:14:00+00:00, run_after=2026-03-19 02:15:00+00:00
[2026-03-19T02:15:18.022+0000] {logging_mixin.py:188} INFO - [2026-03-19T02:15:18.022+0000] {dag.py:3947} INFO - Setting next_dagrun for transfer_from_minio_to_snowflake_transactions to 2026-03-19 02:14:00+00:00, run_after=2026-03-19 02:15:00+00:00
[2026-03-19T02:15:18.030+0000] {processor.py:183} INFO - Processing /opt/airflow/dags/transfer.py took 0.121 seconds
[2026-03-19T02:15:48.448+0000] {processor.py:161} INFO - Started process (PID=9993) to work on /opt/airflow/dags/transfer.py
[2026-03-19T02:15:48.449+0000] {processor.py:830} INFO - Processing file /opt/airflow/dags/transfer.py for tasks to queue
[2026-03-19T02:15:48.452+0000] {logging_mixin.py:188} INFO - [2026-03-19T02:15:48.452+0000] {dagbag.py:545} INFO - Filling up the DagBag from /opt/airflow/dags/transfer.py
[2026-03-19T02:15:48.493+0000] {processor.py:840} INFO - DAG(s) 'transfer_from_minio_to_snowflake_transactions', 'transfer_from_minio_to_snowflake_customers', 'transfer_from_minio_to_snowflake_accounts' retrieved from /opt/airflow/dags/transfer.py
[2026-03-19T02:15:48.541+0000] {logging_mixin.py:188} INFO - [2026-03-19T02:15:48.541+0000] {dag.py:3089} INFO - Sync 3 DAGs
[2026-03-19T02:15:48.555+0000] {logging_mixin.py:188} INFO - [2026-03-19T02:15:48.555+0000] {dag.py:3947} INFO - Setting next_dagrun for transfer_from_minio_to_snowflake_accounts to 2026-03-19 02:14:00+00:00, run_after=2026-03-19 02:15:00+00:00
[2026-03-19T02:15:48.558+0000] {logging_mixin.py:188} INFO - [2026-03-19T02:15:48.558+0000] {dag.py:3947} INFO - Setting next_dagrun for transfer_from_minio_to_snowflake_customers to 2026-03-19 02:14:00+00:00, run_after=2026-03-19 02:15:00+00:00
[2026-03-19T02:15:48.559+0000] {logging_mixin.py:188} INFO - [2026-03-19T02:15:48.559+0000] {dag.py:3947} INFO - Setting next_dagrun for transfer_from_minio_to_snowflake_transactions to 2026-03-19 02:14:00+00:00, run_after=2026-03-19 02:15:00+00:00
[2026-03-19T02:15:48.566+0000] {processor.py:183} INFO - Processing /opt/airflow/dags/transfer.py took 0.133 seconds
[2026-03-19T02:16:18.958+0000] {processor.py:161} INFO - Started process (PID=9995) to work on /opt/airflow/dags/transfer.py
[2026-03-19T02:16:18.961+0000] {processor.py:830} INFO - Processing file /opt/airflow/dags/transfer.py for tasks to queue
[2026-03-19T02:16:18.963+0000] {logging_mixin.py:188} INFO - [2026-03-19T02:16:18.963+0000] {dagbag.py:545} INFO - Filling up the DagBag from /opt/airflow/dags/transfer.py
[2026-03-19T02:16:18.998+0000] {processor.py:840} INFO - DAG(s) 'transfer_from_minio_to_snowflake_customers', 'transfer_from_minio_to_snowflake_accounts', 'transfer_from_minio_to_snowflake_transactions' retrieved from /opt/airflow/dags/transfer.py
[2026-03-19T02:16:19.037+0000] {logging_mixin.py:188} INFO - [2026-03-19T02:16:19.037+0000] {dag.py:3089} INFO - Sync 3 DAGs
[2026-03-19T02:16:19.052+0000] {logging_mixin.py:188} INFO - [2026-03-19T02:16:19.052+0000] {dag.py:3947} INFO - Setting next_dagrun for transfer_from_minio_to_snowflake_accounts to 2026-03-19 02:15:00+00:00, run_after=2026-03-19 02:16:00+00:00
[2026-03-19T02:16:19.056+0000] {logging_mixin.py:188} INFO - [2026-03-19T02:16:19.056+0000] {dag.py:3947} INFO - Setting next_dagrun for transfer_from_minio_to_snowflake_customers to 2026-03-19 02:15:00+00:00, run_after=2026-03-19 02:16:00+00:00
[2026-03-19T02:16:19.057+0000] {logging_mixin.py:188} INFO - [2026-03-19T02:16:19.057+0000] {dag.py:3947} INFO - Setting next_dagrun for transfer_from_minio_to_snowflake_transactions to 2026-03-19 02:15:00+00:00, run_after=2026-03-19 02:16:00+00:00
[2026-03-19T02:16:19.066+0000] {processor.py:183} INFO - Processing /opt/airflow/dags/transfer.py took 0.119 seconds
[2026-03-19T02:16:49.514+0000] {processor.py:161} INFO - Started process (PID=9997) to work on /opt/airflow/dags/transfer.py
[2026-03-19T02:16:49.516+0000] {processor.py:830} INFO - Processing file /opt/airflow/dags/transfer.py for tasks to queue
[2026-03-19T02:16:49.522+0000] {logging_mixin.py:188} INFO - [2026-03-19T02:16:49.521+0000] {dagbag.py:545} INFO - Filling up the DagBag from /opt/airflow/dags/transfer.py
[2026-03-19T02:16:49.566+0000] {processor.py:840} INFO - DAG(s) 'transfer_from_minio_to_snowflake_accounts', 'transfer_from_minio_to_snowflake_transactions', 'transfer_from_minio_to_snowflake_customers' retrieved from /opt/airflow/dags/transfer.py
[2026-03-19T02:16:49.598+0000] {logging_mixin.py:188} INFO - [2026-03-19T02:16:49.598+0000] {dag.py:3089} INFO - Sync 3 DAGs
[2026-03-19T02:16:49.612+0000] {logging_mixin.py:188} INFO - [2026-03-19T02:16:49.612+0000] {dag.py:3947} INFO - Setting next_dagrun for transfer_from_minio_to_snowflake_accounts to 2026-03-19 02:15:00+00:00, run_after=2026-03-19 02:16:00+00:00
[2026-03-19T02:16:49.615+0000] {logging_mixin.py:188} INFO - [2026-03-19T02:16:49.615+0000] {dag.py:3947} INFO - Setting next_dagrun for transfer_from_minio_to_snowflake_customers to 2026-03-19 02:15:00+00:00, run_after=2026-03-19 02:16:00+00:00
[2026-03-19T02:16:49.616+0000] {logging_mixin.py:188} INFO - [2026-03-19T02:16:49.616+0000] {dag.py:3947} INFO - Setting next_dagrun for transfer_from_minio_to_snowflake_transactions to 2026-03-19 02:15:00+00:00, run_after=2026-03-19 02:16:00+00:00
[2026-03-19T02:16:49.623+0000] {processor.py:183} INFO - Processing /opt/airflow/dags/transfer.py took 0.125 seconds
[2026-03-19T02:17:19.999+0000] {processor.py:161} INFO - Started process (PID=9999) to work on /opt/airflow/dags/transfer.py
[2026-03-19T02:17:20.003+0000] {processor.py:830} INFO - Processing file /opt/airflow/dags/transfer.py for tasks to queue
[2026-03-19T02:17:20.005+0000] {logging_mixin.py:188} INFO - [2026-03-19T02:17:20.005+0000] {dagbag.py:545} INFO - Filling up the DagBag from /opt/airflow/dags/transfer.py
[2026-03-19T02:17:20.043+0000] {processor.py:840} INFO - DAG(s) 'transfer_from_minio_to_snowflake_transactions', 'transfer_from_minio_to_snowflake_customers', 'transfer_from_minio_to_snowflake_accounts' retrieved from /opt/airflow/dags/transfer.py
[2026-03-19T02:17:20.077+0000] {logging_mixin.py:188} INFO - [2026-03-19T02:17:20.077+0000] {dag.py:3089} INFO - Sync 3 DAGs
[2026-03-19T02:17:20.094+0000] {logging_mixin.py:188} INFO - [2026-03-19T02:17:20.094+0000] {dag.py:3947} INFO - Setting next_dagrun for transfer_from_minio_to_snowflake_accounts to 2026-03-19 02:16:00+00:00, run_after=2026-03-19 02:17:00+00:00
[2026-03-19T02:17:20.097+0000] {logging_mixin.py:188} INFO - [2026-03-19T02:17:20.097+0000] {dag.py:3947} INFO - Setting next_dagrun for transfer_from_minio_to_snowflake_customers to 2026-03-19 02:16:00+00:00, run_after=2026-03-19 02:17:00+00:00
[2026-03-19T02:17:20.099+0000] {logging_mixin.py:188} INFO - [2026-03-19T02:17:20.098+0000] {dag.py:3947} INFO - Setting next_dagrun for transfer_from_minio_to_snowflake_transactions to 2026-03-19 02:16:00+00:00, run_after=2026-03-19 02:17:00+00:00
[2026-03-19T02:17:20.106+0000] {processor.py:183} INFO - Processing /opt/airflow/dags/transfer.py took 0.119 seconds
[2026-03-19T02:17:50.645+0000] {processor.py:161} INFO - Started process (PID=10001) to work on /opt/airflow/dags/transfer.py
[2026-03-19T02:17:50.647+0000] {processor.py:830} INFO - Processing file /opt/airflow/dags/transfer.py for tasks to queue
[2026-03-19T02:17:50.655+0000] {logging_mixin.py:188} INFO - [2026-03-19T02:17:50.655+0000] {dagbag.py:545} INFO - Filling up the DagBag from /opt/airflow/dags/transfer.py
[2026-03-19T02:17:50.691+0000] {processor.py:840} INFO - DAG(s) 'transfer_from_minio_to_snowflake_customers', 'transfer_from_minio_to_snowflake_transactions', 'transfer_from_minio_to_snowflake_accounts' retrieved from /opt/airflow/dags/transfer.py
[2026-03-19T02:17:50.729+0000] {logging_mixin.py:188} INFO - [2026-03-19T02:17:50.728+0000] {dag.py:3089} INFO - Sync 3 DAGs
[2026-03-19T02:17:50.745+0000] {logging_mixin.py:188} INFO - [2026-03-19T02:17:50.744+0000] {dag.py:3947} INFO - Setting next_dagrun for transfer_from_minio_to_snowflake_accounts to 2026-03-19 02:16:00+00:00, run_after=2026-03-19 02:17:00+00:00
[2026-03-19T02:17:50.747+0000] {logging_mixin.py:188} INFO - [2026-03-19T02:17:50.747+0000] {dag.py:3947} INFO - Setting next_dagrun for transfer_from_minio_to_snowflake_customers to 2026-03-19 02:16:00+00:00, run_after=2026-03-19 02:17:00+00:00
[2026-03-19T02:17:50.749+0000] {logging_mixin.py:188} INFO - [2026-03-19T02:17:50.749+0000] {dag.py:3947} INFO - Setting next_dagrun for transfer_from_minio_to_snowflake_transactions to 2026-03-19 02:16:00+00:00, run_after=2026-03-19 02:17:00+00:00
[2026-03-19T02:17:50.756+0000] {processor.py:183} INFO - Processing /opt/airflow/dags/transfer.py took 0.126 seconds
[2026-03-19T02:18:21.191+0000] {processor.py:161} INFO - Started process (PID=10003) to work on /opt/airflow/dags/transfer.py
[2026-03-19T02:18:21.194+0000] {processor.py:830} INFO - Processing file /opt/airflow/dags/transfer.py for tasks to queue
[2026-03-19T02:18:21.200+0000] {logging_mixin.py:188} INFO - [2026-03-19T02:18:21.200+0000] {dagbag.py:545} INFO - Filling up the DagBag from /opt/airflow/dags/transfer.py
[2026-03-19T02:18:21.231+0000] {processor.py:840} INFO - DAG(s) 'transfer_from_minio_to_snowflake_transactions', 'transfer_from_minio_to_snowflake_accounts', 'transfer_from_minio_to_snowflake_customers' retrieved from /opt/airflow/dags/transfer.py
[2026-03-19T02:18:21.257+0000] {logging_mixin.py:188} INFO - [2026-03-19T02:18:21.257+0000] {dag.py:3089} INFO - Sync 3 DAGs
[2026-03-19T02:18:21.273+0000] {logging_mixin.py:188} INFO - [2026-03-19T02:18:21.273+0000] {dag.py:3947} INFO - Setting next_dagrun for transfer_from_minio_to_snowflake_accounts to 2026-03-19 02:17:00+00:00, run_after=2026-03-19 02:18:00+00:00
[2026-03-19T02:18:21.276+0000] {logging_mixin.py:188} INFO - [2026-03-19T02:18:21.276+0000] {dag.py:3947} INFO - Setting next_dagrun for transfer_from_minio_to_snowflake_customers to 2026-03-19 02:17:00+00:00, run_after=2026-03-19 02:18:00+00:00
[2026-03-19T02:18:21.278+0000] {logging_mixin.py:188} INFO - [2026-03-19T02:18:21.278+0000] {dag.py:3947} INFO - Setting next_dagrun for transfer_from_minio_to_snowflake_transactions to 2026-03-19 02:17:00+00:00, run_after=2026-03-19 02:18:00+00:00
[2026-03-19T02:18:21.285+0000] {processor.py:183} INFO - Processing /opt/airflow/dags/transfer.py took 0.102 seconds
[2026-03-19T02:18:51.690+0000] {processor.py:161} INFO - Started process (PID=10005) to work on /opt/airflow/dags/transfer.py
[2026-03-19T02:18:51.692+0000] {processor.py:830} INFO - Processing file /opt/airflow/dags/transfer.py for tasks to queue
[2026-03-19T02:18:51.695+0000] {logging_mixin.py:188} INFO - [2026-03-19T02:18:51.695+0000] {dagbag.py:545} INFO - Filling up the DagBag from /opt/airflow/dags/transfer.py
[2026-03-19T02:18:51.804+0000] {processor.py:840} INFO - DAG(s) 'transfer_from_minio_to_snowflake_transactions', 'transfer_from_minio_to_snowflake_accounts', 'transfer_from_minio_to_snowflake_customers' retrieved from /opt/airflow/dags/transfer.py
[2026-03-19T02:18:51.853+0000] {logging_mixin.py:188} INFO - [2026-03-19T02:18:51.852+0000] {dag.py:3089} INFO - Sync 3 DAGs
[2026-03-19T02:18:51.875+0000] {logging_mixin.py:188} INFO - [2026-03-19T02:18:51.875+0000] {dag.py:3947} INFO - Setting next_dagrun for transfer_from_minio_to_snowflake_accounts to 2026-03-19 02:17:00+00:00, run_after=2026-03-19 02:18:00+00:00
[2026-03-19T02:18:51.878+0000] {logging_mixin.py:188} INFO - [2026-03-19T02:18:51.878+0000] {dag.py:3947} INFO - Setting next_dagrun for transfer_from_minio_to_snowflake_customers to 2026-03-19 02:17:00+00:00, run_after=2026-03-19 02:18:00+00:00
[2026-03-19T02:18:51.879+0000] {logging_mixin.py:188} INFO - [2026-03-19T02:18:51.879+0000] {dag.py:3947} INFO - Setting next_dagrun for transfer_from_minio_to_snowflake_transactions to 2026-03-19 02:17:00+00:00, run_after=2026-03-19 02:18:00+00:00
[2026-03-19T02:18:51.887+0000] {processor.py:183} INFO - Processing /opt/airflow/dags/transfer.py took 0.206 seconds
[2026-03-19T02:19:22.298+0000] {processor.py:161} INFO - Started process (PID=10007) to work on /opt/airflow/dags/transfer.py
[2026-03-19T02:19:22.300+0000] {processor.py:830} INFO - Processing file /opt/airflow/dags/transfer.py for tasks to queue
[2026-03-19T02:19:22.305+0000] {logging_mixin.py:188} INFO - [2026-03-19T02:19:22.304+0000] {dagbag.py:545} INFO - Filling up the DagBag from /opt/airflow/dags/transfer.py
[2026-03-19T02:19:22.338+0000] {processor.py:840} INFO - DAG(s) 'transfer_from_minio_to_snowflake_customers', 'transfer_from_minio_to_snowflake_transactions', 'transfer_from_minio_to_snowflake_accounts' retrieved from /opt/airflow/dags/transfer.py
[2026-03-19T02:19:22.378+0000] {logging_mixin.py:188} INFO - [2026-03-19T02:19:22.377+0000] {dag.py:3089} INFO - Sync 3 DAGs
[2026-03-19T02:19:22.393+0000] {logging_mixin.py:188} INFO - [2026-03-19T02:19:22.393+0000] {dag.py:3947} INFO - Setting next_dagrun for transfer_from_minio_to_snowflake_accounts to 2026-03-19 02:18:00+00:00, run_after=2026-03-19 02:19:00+00:00
[2026-03-19T02:19:22.396+0000] {logging_mixin.py:188} INFO - [2026-03-19T02:19:22.396+0000] {dag.py:3947} INFO - Setting next_dagrun for transfer_from_minio_to_snowflake_customers to 2026-03-19 02:18:00+00:00, run_after=2026-03-19 02:19:00+00:00
[2026-03-19T02:19:22.397+0000] {logging_mixin.py:188} INFO - [2026-03-19T02:19:22.397+0000] {dag.py:3947} INFO - Setting next_dagrun for transfer_from_minio_to_snowflake_transactions to 2026-03-19 02:18:00+00:00, run_after=2026-03-19 02:19:00+00:00
[2026-03-19T02:19:22.405+0000] {processor.py:183} INFO - Processing /opt/airflow/dags/transfer.py took 0.115 seconds
[2026-03-19T02:19:52.868+0000] {processor.py:161} INFO - Started process (PID=10009) to work on /opt/airflow/dags/transfer.py
[2026-03-19T02:19:52.872+0000] {processor.py:830} INFO - Processing file /opt/airflow/dags/transfer.py for tasks to queue
[2026-03-19T02:19:52.877+0000] {logging_mixin.py:188} INFO - [2026-03-19T02:19:52.877+0000] {dagbag.py:545} INFO - Filling up the DagBag from /opt/airflow/dags/transfer.py
[2026-03-19T02:19:52.911+0000] {processor.py:840} INFO - DAG(s) 'transfer_from_minio_to_snowflake_accounts', 'transfer_from_minio_to_snowflake_transactions', 'transfer_from_minio_to_snowflake_customers' retrieved from /opt/airflow/dags/transfer.py
[2026-03-19T02:19:52.948+0000] {logging_mixin.py:188} INFO - [2026-03-19T02:19:52.947+0000] {dag.py:3089} INFO - Sync 3 DAGs
[2026-03-19T02:19:52.964+0000] {logging_mixin.py:188} INFO - [2026-03-19T02:19:52.964+0000] {dag.py:3947} INFO - Setting next_dagrun for transfer_from_minio_to_snowflake_accounts to 2026-03-19 02:18:00+00:00, run_after=2026-03-19 02:19:00+00:00
[2026-03-19T02:19:52.967+0000] {logging_mixin.py:188} INFO - [2026-03-19T02:19:52.967+0000] {dag.py:3947} INFO - Setting next_dagrun for transfer_from_minio_to_snowflake_customers to 2026-03-19 02:18:00+00:00, run_after=2026-03-19 02:19:00+00:00
[2026-03-19T02:19:52.968+0000] {logging_mixin.py:188} INFO - [2026-03-19T02:19:52.968+0000] {dag.py:3947} INFO - Setting next_dagrun for transfer_from_minio_to_snowflake_transactions to 2026-03-19 02:18:00+00:00, run_after=2026-03-19 02:19:00+00:00
[2026-03-19T02:19:52.978+0000] {processor.py:183} INFO - Processing /opt/airflow/dags/transfer.py took 0.118 seconds
[2026-03-19T02:20:23.429+0000] {processor.py:161} INFO - Started process (PID=10011) to work on /opt/airflow/dags/transfer.py
[2026-03-19T02:20:23.430+0000] {processor.py:830} INFO - Processing file /opt/airflow/dags/transfer.py for tasks to queue
[2026-03-19T02:20:23.436+0000] {logging_mixin.py:188} INFO - [2026-03-19T02:20:23.435+0000] {dagbag.py:545} INFO - Filling up the DagBag from /opt/airflow/dags/transfer.py
[2026-03-19T02:20:23.466+0000] {processor.py:840} INFO - DAG(s) 'transfer_from_minio_to_snowflake_customers', 'transfer_from_minio_to_snowflake_accounts', 'transfer_from_minio_to_snowflake_transactions' retrieved from /opt/airflow/dags/transfer.py
[2026-03-19T02:20:23.494+0000] {logging_mixin.py:188} INFO - [2026-03-19T02:20:23.494+0000] {dag.py:3089} INFO - Sync 3 DAGs
[2026-03-19T02:20:23.507+0000] {logging_mixin.py:188} INFO - [2026-03-19T02:20:23.507+0000] {dag.py:3947} INFO - Setting next_dagrun for transfer_from_minio_to_snowflake_accounts to 2026-03-19 02:19:00+00:00, run_after=2026-03-19 02:20:00+00:00
[2026-03-19T02:20:23.511+0000] {logging_mixin.py:188} INFO - [2026-03-19T02:20:23.511+0000] {dag.py:3947} INFO - Setting next_dagrun for transfer_from_minio_to_snowflake_customers to 2026-03-19 02:19:00+00:00, run_after=2026-03-19 02:20:00+00:00
[2026-03-19T02:20:23.513+0000] {logging_mixin.py:188} INFO - [2026-03-19T02:20:23.512+0000] {dag.py:3947} INFO - Setting next_dagrun for transfer_from_minio_to_snowflake_transactions to 2026-03-19 02:19:00+00:00, run_after=2026-03-19 02:20:00+00:00
[2026-03-19T02:20:23.523+0000] {processor.py:183} INFO - Processing /opt/airflow/dags/transfer.py took 0.124 seconds
[2026-03-19T02:20:54.019+0000] {processor.py:161} INFO - Started process (PID=10013) to work on /opt/airflow/dags/transfer.py
[2026-03-19T02:20:54.020+0000] {processor.py:830} INFO - Processing file /opt/airflow/dags/transfer.py for tasks to queue
[2026-03-19T02:20:54.022+0000] {logging_mixin.py:188} INFO - [2026-03-19T02:20:54.022+0000] {dagbag.py:545} INFO - Filling up the DagBag from /opt/airflow/dags/transfer.py
[2026-03-19T02:20:54.065+0000] {processor.py:840} INFO - DAG(s) 'transfer_from_minio_to_snowflake_accounts', 'transfer_from_minio_to_snowflake_transactions', 'transfer_from_minio_to_snowflake_customers' retrieved from /opt/airflow/dags/transfer.py
[2026-03-19T02:20:54.121+0000] {logging_mixin.py:188} INFO - [2026-03-19T02:20:54.121+0000] {dag.py:3089} INFO - Sync 3 DAGs
[2026-03-19T02:20:54.136+0000] {logging_mixin.py:188} INFO - [2026-03-19T02:20:54.136+0000] {dag.py:3947} INFO - Setting next_dagrun for transfer_from_minio_to_snowflake_accounts to 2026-03-19 02:19:00+00:00, run_after=2026-03-19 02:20:00+00:00
[2026-03-19T02:20:54.139+0000] {logging_mixin.py:188} INFO - [2026-03-19T02:20:54.139+0000] {dag.py:3947} INFO - Setting next_dagrun for transfer_from_minio_to_snowflake_customers to 2026-03-19 02:19:00+00:00, run_after=2026-03-19 02:20:00+00:00
[2026-03-19T02:20:54.140+0000] {logging_mixin.py:188} INFO - [2026-03-19T02:20:54.140+0000] {dag.py:3947} INFO - Setting next_dagrun for transfer_from_minio_to_snowflake_transactions to 2026-03-19 02:19:00+00:00, run_after=2026-03-19 02:20:00+00:00
[2026-03-19T02:20:54.148+0000] {processor.py:183} INFO - Processing /opt/airflow/dags/transfer.py took 0.144 seconds
[2026-03-19T02:21:24.604+0000] {processor.py:161} INFO - Started process (PID=10015) to work on /opt/airflow/dags/transfer.py
[2026-03-19T02:21:24.605+0000] {processor.py:830} INFO - Processing file /opt/airflow/dags/transfer.py for tasks to queue
[2026-03-19T02:21:24.608+0000] {logging_mixin.py:188} INFO - [2026-03-19T02:21:24.608+0000] {dagbag.py:545} INFO - Filling up the DagBag from /opt/airflow/dags/transfer.py
[2026-03-19T02:21:24.642+0000] {processor.py:840} INFO - DAG(s) 'transfer_from_minio_to_snowflake_transactions', 'transfer_from_minio_to_snowflake_accounts', 'transfer_from_minio_to_snowflake_customers' retrieved from /opt/airflow/dags/transfer.py
[2026-03-19T02:21:24.673+0000] {logging_mixin.py:188} INFO - [2026-03-19T02:21:24.673+0000] {dag.py:3089} INFO - Sync 3 DAGs
[2026-03-19T02:21:24.690+0000] {logging_mixin.py:188} INFO - [2026-03-19T02:21:24.690+0000] {dag.py:3947} INFO - Setting next_dagrun for transfer_from_minio_to_snowflake_accounts to 2026-03-19 02:20:00+00:00, run_after=2026-03-19 02:21:00+00:00
[2026-03-19T02:21:24.693+0000] {logging_mixin.py:188} INFO - [2026-03-19T02:21:24.692+0000] {dag.py:3947} INFO - Setting next_dagrun for transfer_from_minio_to_snowflake_customers to 2026-03-19 02:20:00+00:00, run_after=2026-03-19 02:21:00+00:00
[2026-03-19T02:21:24.694+0000] {logging_mixin.py:188} INFO - [2026-03-19T02:21:24.694+0000] {dag.py:3947} INFO - Setting next_dagrun for transfer_from_minio_to_snowflake_transactions to 2026-03-19 02:20:00+00:00, run_after=2026-03-19 02:21:00+00:00
[2026-03-19T02:21:24.703+0000] {processor.py:183} INFO - Processing /opt/airflow/dags/transfer.py took 0.110 seconds
[2026-03-19T02:21:55.175+0000] {processor.py:161} INFO - Started process (PID=10017) to work on /opt/airflow/dags/transfer.py
[2026-03-19T02:21:55.176+0000] {processor.py:830} INFO - Processing file /opt/airflow/dags/transfer.py for tasks to queue
[2026-03-19T02:21:55.181+0000] {logging_mixin.py:188} INFO - [2026-03-19T02:21:55.179+0000] {dagbag.py:545} INFO - Filling up the DagBag from /opt/airflow/dags/transfer.py
[2026-03-19T02:21:55.216+0000] {processor.py:840} INFO - DAG(s) 'transfer_from_minio_to_snowflake_transactions', 'transfer_from_minio_to_snowflake_accounts', 'transfer_from_minio_to_snowflake_customers' retrieved from /opt/airflow/dags/transfer.py
[2026-03-19T02:21:55.264+0000] {logging_mixin.py:188} INFO - [2026-03-19T02:21:55.263+0000] {dag.py:3089} INFO - Sync 3 DAGs
[2026-03-19T02:21:55.279+0000] {logging_mixin.py:188} INFO - [2026-03-19T02:21:55.279+0000] {dag.py:3947} INFO - Setting next_dagrun for transfer_from_minio_to_snowflake_accounts to 2026-03-19 02:20:00+00:00, run_after=2026-03-19 02:21:00+00:00
[2026-03-19T02:21:55.282+0000] {logging_mixin.py:188} INFO - [2026-03-19T02:21:55.282+0000] {dag.py:3947} INFO - Setting next_dagrun for transfer_from_minio_to_snowflake_customers to 2026-03-19 02:20:00+00:00, run_after=2026-03-19 02:21:00+00:00
[2026-03-19T02:21:55.284+0000] {logging_mixin.py:188} INFO - [2026-03-19T02:21:55.284+0000] {dag.py:3947} INFO - Setting next_dagrun for transfer_from_minio_to_snowflake_transactions to 2026-03-19 02:20:00+00:00, run_after=2026-03-19 02:21:00+00:00
[2026-03-19T02:21:55.291+0000] {processor.py:183} INFO - Processing /opt/airflow/dags/transfer.py took 0.128 seconds
[2026-03-19T02:22:25.785+0000] {processor.py:161} INFO - Started process (PID=10019) to work on /opt/airflow/dags/transfer.py
[2026-03-19T02:22:25.789+0000] {processor.py:830} INFO - Processing file /opt/airflow/dags/transfer.py for tasks to queue
[2026-03-19T02:22:25.792+0000] {logging_mixin.py:188} INFO - [2026-03-19T02:22:25.792+0000] {dagbag.py:545} INFO - Filling up the DagBag from /opt/airflow/dags/transfer.py
[2026-03-19T02:22:25.830+0000] {processor.py:840} INFO - DAG(s) 'transfer_from_minio_to_snowflake_customers', 'transfer_from_minio_to_snowflake_accounts', 'transfer_from_minio_to_snowflake_transactions' retrieved from /opt/airflow/dags/transfer.py
[2026-03-19T02:22:25.861+0000] {logging_mixin.py:188} INFO - [2026-03-19T02:22:25.861+0000] {dag.py:3089} INFO - Sync 3 DAGs
[2026-03-19T02:22:25.879+0000] {logging_mixin.py:188} INFO - [2026-03-19T02:22:25.879+0000] {dag.py:3947} INFO - Setting next_dagrun for transfer_from_minio_to_snowflake_accounts to 2026-03-19 02:21:00+00:00, run_after=2026-03-19 02:22:00+00:00
[2026-03-19T02:22:25.883+0000] {logging_mixin.py:188} INFO - [2026-03-19T02:22:25.883+0000] {dag.py:3947} INFO - Setting next_dagrun for transfer_from_minio_to_snowflake_customers to 2026-03-19 02:21:00+00:00, run_after=2026-03-19 02:22:00+00:00
[2026-03-19T02:22:25.884+0000] {logging_mixin.py:188} INFO - [2026-03-19T02:22:25.884+0000] {dag.py:3947} INFO - Setting next_dagrun for transfer_from_minio_to_snowflake_transactions to 2026-03-19 02:21:00+00:00, run_after=2026-03-19 02:22:00+00:00
[2026-03-19T02:22:25.893+0000] {processor.py:183} INFO - Processing /opt/airflow/dags/transfer.py took 0.119 seconds
[2026-03-19T02:22:56.325+0000] {processor.py:161} INFO - Started process (PID=10021) to work on /opt/airflow/dags/transfer.py
[2026-03-19T02:22:56.329+0000] {processor.py:830} INFO - Processing file /opt/airflow/dags/transfer.py for tasks to queue
[2026-03-19T02:22:56.339+0000] {logging_mixin.py:188} INFO - [2026-03-19T02:22:56.337+0000] {dagbag.py:545} INFO - Filling up the DagBag from /opt/airflow/dags/transfer.py
[2026-03-19T02:22:56.380+0000] {processor.py:840} INFO - DAG(s) 'transfer_from_minio_to_snowflake_customers', 'transfer_from_minio_to_snowflake_transactions', 'transfer_from_minio_to_snowflake_accounts' retrieved from /opt/airflow/dags/transfer.py
[2026-03-19T02:22:56.414+0000] {logging_mixin.py:188} INFO - [2026-03-19T02:22:56.414+0000] {dag.py:3089} INFO - Sync 3 DAGs
[2026-03-19T02:22:56.430+0000] {logging_mixin.py:188} INFO - [2026-03-19T02:22:56.430+0000] {dag.py:3947} INFO - Setting next_dagrun for transfer_from_minio_to_snowflake_accounts to 2026-03-19 02:21:00+00:00, run_after=2026-03-19 02:22:00+00:00
[2026-03-19T02:22:56.432+0000] {logging_mixin.py:188} INFO - [2026-03-19T02:22:56.432+0000] {dag.py:3947} INFO - Setting next_dagrun for transfer_from_minio_to_snowflake_customers to 2026-03-19 02:21:00+00:00, run_after=2026-03-19 02:22:00+00:00
[2026-03-19T02:22:56.434+0000] {logging_mixin.py:188} INFO - [2026-03-19T02:22:56.434+0000] {dag.py:3947} INFO - Setting next_dagrun for transfer_from_minio_to_snowflake_transactions to 2026-03-19 02:21:00+00:00, run_after=2026-03-19 02:22:00+00:00
[2026-03-19T02:22:56.441+0000] {processor.py:183} INFO - Processing /opt/airflow/dags/transfer.py took 0.133 seconds
[2026-03-19T02:23:26.915+0000] {processor.py:161} INFO - Started process (PID=10023) to work on /opt/airflow/dags/transfer.py
[2026-03-19T02:23:26.917+0000] {processor.py:830} INFO - Processing file /opt/airflow/dags/transfer.py for tasks to queue
[2026-03-19T02:23:26.918+0000] {logging_mixin.py:188} INFO - [2026-03-19T02:23:26.918+0000] {dagbag.py:545} INFO - Filling up the DagBag from /opt/airflow/dags/transfer.py
[2026-03-19T02:23:26.965+0000] {processor.py:840} INFO - DAG(s) 'transfer_from_minio_to_snowflake_customers', 'transfer_from_minio_to_snowflake_accounts', 'transfer_from_minio_to_snowflake_transactions' retrieved from /opt/airflow/dags/transfer.py
[2026-03-19T02:23:26.997+0000] {logging_mixin.py:188} INFO - [2026-03-19T02:23:26.996+0000] {dag.py:3089} INFO - Sync 3 DAGs
[2026-03-19T02:23:27.013+0000] {logging_mixin.py:188} INFO - [2026-03-19T02:23:27.013+0000] {dag.py:3947} INFO - Setting next_dagrun for transfer_from_minio_to_snowflake_accounts to 2026-03-19 02:22:00+00:00, run_after=2026-03-19 02:23:00+00:00
[2026-03-19T02:23:27.015+0000] {logging_mixin.py:188} INFO - [2026-03-19T02:23:27.015+0000] {dag.py:3947} INFO - Setting next_dagrun for transfer_from_minio_to_snowflake_customers to 2026-03-19 02:22:00+00:00, run_after=2026-03-19 02:23:00+00:00
[2026-03-19T02:23:27.017+0000] {logging_mixin.py:188} INFO - [2026-03-19T02:23:27.017+0000] {dag.py:3947} INFO - Setting next_dagrun for transfer_from_minio_to_snowflake_transactions to 2026-03-19 02:22:00+00:00, run_after=2026-03-19 02:23:00+00:00
[2026-03-19T02:23:27.024+0000] {processor.py:183} INFO - Processing /opt/airflow/dags/transfer.py took 0.121 seconds
[2026-03-19T02:23:57.442+0000] {processor.py:161} INFO - Started process (PID=10025) to work on /opt/airflow/dags/transfer.py
[2026-03-19T02:23:57.445+0000] {processor.py:830} INFO - Processing file /opt/airflow/dags/transfer.py for tasks to queue
[2026-03-19T02:23:57.451+0000] {logging_mixin.py:188} INFO - [2026-03-19T02:23:57.450+0000] {dagbag.py:545} INFO - Filling up the DagBag from /opt/airflow/dags/transfer.py
[2026-03-19T02:23:57.496+0000] {processor.py:840} INFO - DAG(s) 'transfer_from_minio_to_snowflake_customers', 'transfer_from_minio_to_snowflake_transactions', 'transfer_from_minio_to_snowflake_accounts' retrieved from /opt/airflow/dags/transfer.py
[2026-03-19T02:23:57.534+0000] {logging_mixin.py:188} INFO - [2026-03-19T02:23:57.534+0000] {dag.py:3089} INFO - Sync 3 DAGs
[2026-03-19T02:23:57.552+0000] {logging_mixin.py:188} INFO - [2026-03-19T02:23:57.552+0000] {dag.py:3947} INFO - Setting next_dagrun for transfer_from_minio_to_snowflake_accounts to 2026-03-19 02:22:00+00:00, run_after=2026-03-19 02:23:00+00:00
[2026-03-19T02:23:57.555+0000] {logging_mixin.py:188} INFO - [2026-03-19T02:23:57.555+0000] {dag.py:3947} INFO - Setting next_dagrun for transfer_from_minio_to_snowflake_customers to 2026-03-19 02:22:00+00:00, run_after=2026-03-19 02:23:00+00:00
[2026-03-19T02:23:57.556+0000] {logging_mixin.py:188} INFO - [2026-03-19T02:23:57.556+0000] {dag.py:3947} INFO - Setting next_dagrun for transfer_from_minio_to_snowflake_transactions to 2026-03-19 02:22:00+00:00, run_after=2026-03-19 02:23:00+00:00
[2026-03-19T02:23:57.564+0000] {processor.py:183} INFO - Processing /opt/airflow/dags/transfer.py took 0.132 seconds
[2026-03-19T02:24:28.109+0000] {processor.py:161} INFO - Started process (PID=10027) to work on /opt/airflow/dags/transfer.py
[2026-03-19T02:24:28.111+0000] {processor.py:830} INFO - Processing file /opt/airflow/dags/transfer.py for tasks to queue
[2026-03-19T02:24:28.112+0000] {logging_mixin.py:188} INFO - [2026-03-19T02:24:28.112+0000] {dagbag.py:545} INFO - Filling up the DagBag from /opt/airflow/dags/transfer.py
[2026-03-19T02:24:28.149+0000] {processor.py:840} INFO - DAG(s) 'transfer_from_minio_to_snowflake_accounts', 'transfer_from_minio_to_snowflake_transactions', 'transfer_from_minio_to_snowflake_customers' retrieved from /opt/airflow/dags/transfer.py
[2026-03-19T02:24:28.181+0000] {logging_mixin.py:188} INFO - [2026-03-19T02:24:28.180+0000] {dag.py:3089} INFO - Sync 3 DAGs
[2026-03-19T02:24:28.194+0000] {logging_mixin.py:188} INFO - [2026-03-19T02:24:28.194+0000] {dag.py:3947} INFO - Setting next_dagrun for transfer_from_minio_to_snowflake_accounts to 2026-03-19 02:23:00+00:00, run_after=2026-03-19 02:24:00+00:00
[2026-03-19T02:24:28.197+0000] {logging_mixin.py:188} INFO - [2026-03-19T02:24:28.197+0000] {dag.py:3947} INFO - Setting next_dagrun for transfer_from_minio_to_snowflake_customers to 2026-03-19 02:23:00+00:00, run_after=2026-03-19 02:24:00+00:00
[2026-03-19T02:24:28.199+0000] {logging_mixin.py:188} INFO - [2026-03-19T02:24:28.198+0000] {dag.py:3947} INFO - Setting next_dagrun for transfer_from_minio_to_snowflake_transactions to 2026-03-19 02:23:00+00:00, run_after=2026-03-19 02:24:00+00:00
[2026-03-19T02:24:28.206+0000] {processor.py:183} INFO - Processing /opt/airflow/dags/transfer.py took 0.106 seconds
[2026-03-19T02:24:58.938+0000] {processor.py:161} INFO - Started process (PID=10029) to work on /opt/airflow/dags/transfer.py
[2026-03-19T02:24:58.940+0000] {processor.py:830} INFO - Processing file /opt/airflow/dags/transfer.py for tasks to queue
[2026-03-19T02:24:58.946+0000] {logging_mixin.py:188} INFO - [2026-03-19T02:24:58.946+0000] {dagbag.py:545} INFO - Filling up the DagBag from /opt/airflow/dags/transfer.py
[2026-03-19T02:24:58.988+0000] {processor.py:840} INFO - DAG(s) 'transfer_from_minio_to_snowflake_transactions', 'transfer_from_minio_to_snowflake_accounts', 'transfer_from_minio_to_snowflake_customers' retrieved from /opt/airflow/dags/transfer.py
[2026-03-19T02:24:59.025+0000] {logging_mixin.py:188} INFO - [2026-03-19T02:24:59.024+0000] {dag.py:3089} INFO - Sync 3 DAGs
[2026-03-19T02:24:59.045+0000] {logging_mixin.py:188} INFO - [2026-03-19T02:24:59.045+0000] {dag.py:3947} INFO - Setting next_dagrun for transfer_from_minio_to_snowflake_accounts to 2026-03-19 02:23:00+00:00, run_after=2026-03-19 02:24:00+00:00
[2026-03-19T02:24:59.047+0000] {logging_mixin.py:188} INFO - [2026-03-19T02:24:59.047+0000] {dag.py:3947} INFO - Setting next_dagrun for transfer_from_minio_to_snowflake_customers to 2026-03-19 02:23:00+00:00, run_after=2026-03-19 02:24:00+00:00
[2026-03-19T02:24:59.049+0000] {logging_mixin.py:188} INFO - [2026-03-19T02:24:59.049+0000] {dag.py:3947} INFO - Setting next_dagrun for transfer_from_minio_to_snowflake_transactions to 2026-03-19 02:23:00+00:00, run_after=2026-03-19 02:24:00+00:00
[2026-03-19T02:24:59.057+0000] {processor.py:183} INFO - Processing /opt/airflow/dags/transfer.py took 0.128 seconds
[2026-03-19T02:25:29.697+0000] {processor.py:161} INFO - Started process (PID=10031) to work on /opt/airflow/dags/transfer.py
[2026-03-19T02:25:29.698+0000] {processor.py:830} INFO - Processing file /opt/airflow/dags/transfer.py for tasks to queue
[2026-03-19T02:25:29.702+0000] {logging_mixin.py:188} INFO - [2026-03-19T02:25:29.701+0000] {dagbag.py:545} INFO - Filling up the DagBag from /opt/airflow/dags/transfer.py
[2026-03-19T02:25:29.746+0000] {processor.py:840} INFO - DAG(s) 'transfer_from_minio_to_snowflake_transactions', 'transfer_from_minio_to_snowflake_customers', 'transfer_from_minio_to_snowflake_accounts' retrieved from /opt/airflow/dags/transfer.py
[2026-03-19T02:25:29.779+0000] {logging_mixin.py:188} INFO - [2026-03-19T02:25:29.779+0000] {dag.py:3089} INFO - Sync 3 DAGs
[2026-03-19T02:25:29.797+0000] {logging_mixin.py:188} INFO - [2026-03-19T02:25:29.797+0000] {dag.py:3947} INFO - Setting next_dagrun for transfer_from_minio_to_snowflake_accounts to 2026-03-19 02:24:00+00:00, run_after=2026-03-19 02:25:00+00:00
[2026-03-19T02:25:29.800+0000] {logging_mixin.py:188} INFO - [2026-03-19T02:25:29.800+0000] {dag.py:3947} INFO - Setting next_dagrun for transfer_from_minio_to_snowflake_customers to 2026-03-19 02:24:00+00:00, run_after=2026-03-19 02:25:00+00:00
[2026-03-19T02:25:29.801+0000] {logging_mixin.py:188} INFO - [2026-03-19T02:25:29.801+0000] {dag.py:3947} INFO - Setting next_dagrun for transfer_from_minio_to_snowflake_transactions to 2026-03-19 02:24:00+00:00, run_after=2026-03-19 02:25:00+00:00
[2026-03-19T02:25:29.809+0000] {processor.py:183} INFO - Processing /opt/airflow/dags/transfer.py took 0.126 seconds
[2026-03-19T02:26:00.258+0000] {processor.py:161} INFO - Started process (PID=10033) to work on /opt/airflow/dags/transfer.py
[2026-03-19T02:26:00.260+0000] {processor.py:830} INFO - Processing file /opt/airflow/dags/transfer.py for tasks to queue
[2026-03-19T02:26:00.262+0000] {logging_mixin.py:188} INFO - [2026-03-19T02:26:00.261+0000] {dagbag.py:545} INFO - Filling up the DagBag from /opt/airflow/dags/transfer.py
[2026-03-19T02:26:00.314+0000] {processor.py:840} INFO - DAG(s) 'transfer_from_minio_to_snowflake_accounts', 'transfer_from_minio_to_snowflake_customers', 'transfer_from_minio_to_snowflake_transactions' retrieved from /opt/airflow/dags/transfer.py
[2026-03-19T02:26:00.349+0000] {logging_mixin.py:188} INFO - [2026-03-19T02:26:00.348+0000] {dag.py:3089} INFO - Sync 3 DAGs
[2026-03-19T02:26:00.363+0000] {logging_mixin.py:188} INFO - [2026-03-19T02:26:00.363+0000] {dag.py:3947} INFO - Setting next_dagrun for transfer_from_minio_to_snowflake_accounts to 2026-03-19 02:25:00+00:00, run_after=2026-03-19 02:26:00+00:00
[2026-03-19T02:26:00.366+0000] {logging_mixin.py:188} INFO - [2026-03-19T02:26:00.366+0000] {dag.py:3947} INFO - Setting next_dagrun for transfer_from_minio_to_snowflake_customers to 2026-03-19 02:25:00+00:00, run_after=2026-03-19 02:26:00+00:00
[2026-03-19T02:26:00.367+0000] {logging_mixin.py:188} INFO - [2026-03-19T02:26:00.367+0000] {dag.py:3947} INFO - Setting next_dagrun for transfer_from_minio_to_snowflake_transactions to 2026-03-19 02:25:00+00:00, run_after=2026-03-19 02:26:00+00:00
[2026-03-19T02:26:00.375+0000] {processor.py:183} INFO - Processing /opt/airflow/dags/transfer.py took 0.134 seconds
[2026-03-19T02:26:30.931+0000] {processor.py:161} INFO - Started process (PID=10035) to work on /opt/airflow/dags/transfer.py
[2026-03-19T02:26:30.935+0000] {processor.py:830} INFO - Processing file /opt/airflow/dags/transfer.py for tasks to queue
[2026-03-19T02:26:30.938+0000] {logging_mixin.py:188} INFO - [2026-03-19T02:26:30.937+0000] {dagbag.py:545} INFO - Filling up the DagBag from /opt/airflow/dags/transfer.py
[2026-03-19T02:26:30.977+0000] {processor.py:840} INFO - DAG(s) 'transfer_from_minio_to_snowflake_customers', 'transfer_from_minio_to_snowflake_transactions', 'transfer_from_minio_to_snowflake_accounts' retrieved from /opt/airflow/dags/transfer.py
[2026-03-19T02:26:31.008+0000] {logging_mixin.py:188} INFO - [2026-03-19T02:26:31.008+0000] {dag.py:3089} INFO - Sync 3 DAGs
[2026-03-19T02:26:31.023+0000] {logging_mixin.py:188} INFO - [2026-03-19T02:26:31.023+0000] {dag.py:3947} INFO - Setting next_dagrun for transfer_from_minio_to_snowflake_accounts to 2026-03-19 02:25:00+00:00, run_after=2026-03-19 02:26:00+00:00
[2026-03-19T02:26:31.026+0000] {logging_mixin.py:188} INFO - [2026-03-19T02:26:31.026+0000] {dag.py:3947} INFO - Setting next_dagrun for transfer_from_minio_to_snowflake_customers to 2026-03-19 02:25:00+00:00, run_after=2026-03-19 02:26:00+00:00
[2026-03-19T02:26:31.028+0000] {logging_mixin.py:188} INFO - [2026-03-19T02:26:31.028+0000] {dag.py:3947} INFO - Setting next_dagrun for transfer_from_minio_to_snowflake_transactions to 2026-03-19 02:25:00+00:00, run_after=2026-03-19 02:26:00+00:00
[2026-03-19T02:26:31.038+0000] {processor.py:183} INFO - Processing /opt/airflow/dags/transfer.py took 0.116 seconds
[2026-03-19T02:27:01.706+0000] {processor.py:161} INFO - Started process (PID=10037) to work on /opt/airflow/dags/transfer.py
[2026-03-19T02:27:01.709+0000] {processor.py:830} INFO - Processing file /opt/airflow/dags/transfer.py for tasks to queue
[2026-03-19T02:27:01.714+0000] {logging_mixin.py:188} INFO - [2026-03-19T02:27:01.714+0000] {dagbag.py:545} INFO - Filling up the DagBag from /opt/airflow/dags/transfer.py
[2026-03-19T02:27:01.750+0000] {processor.py:840} INFO - DAG(s) 'transfer_from_minio_to_snowflake_accounts', 'transfer_from_minio_to_snowflake_customers', 'transfer_from_minio_to_snowflake_transactions' retrieved from /opt/airflow/dags/transfer.py
[2026-03-19T02:27:01.790+0000] {logging_mixin.py:188} INFO - [2026-03-19T02:27:01.790+0000] {dag.py:3089} INFO - Sync 3 DAGs
[2026-03-19T02:27:01.806+0000] {logging_mixin.py:188} INFO - [2026-03-19T02:27:01.806+0000] {dag.py:3947} INFO - Setting next_dagrun for transfer_from_minio_to_snowflake_accounts to 2026-03-19 02:26:00+00:00, run_after=2026-03-19 02:27:00+00:00
[2026-03-19T02:27:01.809+0000] {logging_mixin.py:188} INFO - [2026-03-19T02:27:01.809+0000] {dag.py:3947} INFO - Setting next_dagrun for transfer_from_minio_to_snowflake_customers to 2026-03-19 02:26:00+00:00, run_after=2026-03-19 02:27:00+00:00
[2026-03-19T02:27:01.811+0000] {logging_mixin.py:188} INFO - [2026-03-19T02:27:01.810+0000] {dag.py:3947} INFO - Setting next_dagrun for transfer_from_minio_to_snowflake_transactions to 2026-03-19 02:26:00+00:00, run_after=2026-03-19 02:27:00+00:00
[2026-03-19T02:27:01.820+0000] {processor.py:183} INFO - Processing /opt/airflow/dags/transfer.py took 0.128 seconds
[2026-03-19T02:27:32.249+0000] {processor.py:161} INFO - Started process (PID=10039) to work on /opt/airflow/dags/transfer.py
[2026-03-19T02:27:32.251+0000] {processor.py:830} INFO - Processing file /opt/airflow/dags/transfer.py for tasks to queue
[2026-03-19T02:27:32.254+0000] {logging_mixin.py:188} INFO - [2026-03-19T02:27:32.253+0000] {dagbag.py:545} INFO - Filling up the DagBag from /opt/airflow/dags/transfer.py
[2026-03-19T02:27:32.291+0000] {processor.py:840} INFO - DAG(s) 'transfer_from_minio_to_snowflake_accounts', 'transfer_from_minio_to_snowflake_customers', 'transfer_from_minio_to_snowflake_transactions' retrieved from /opt/airflow/dags/transfer.py
[2026-03-19T02:27:32.330+0000] {logging_mixin.py:188} INFO - [2026-03-19T02:27:32.329+0000] {dag.py:3089} INFO - Sync 3 DAGs
[2026-03-19T02:27:32.343+0000] {logging_mixin.py:188} INFO - [2026-03-19T02:27:32.343+0000] {dag.py:3947} INFO - Setting next_dagrun for transfer_from_minio_to_snowflake_accounts to 2026-03-19 02:26:00+00:00, run_after=2026-03-19 02:27:00+00:00
[2026-03-19T02:27:32.346+0000] {logging_mixin.py:188} INFO - [2026-03-19T02:27:32.346+0000] {dag.py:3947} INFO - Setting next_dagrun for transfer_from_minio_to_snowflake_customers to 2026-03-19 02:26:00+00:00, run_after=2026-03-19 02:27:00+00:00
[2026-03-19T02:27:32.347+0000] {logging_mixin.py:188} INFO - [2026-03-19T02:27:32.347+0000] {dag.py:3947} INFO - Setting next_dagrun for transfer_from_minio_to_snowflake_transactions to 2026-03-19 02:26:00+00:00, run_after=2026-03-19 02:27:00+00:00
[2026-03-19T02:27:32.354+0000] {processor.py:183} INFO - Processing /opt/airflow/dags/transfer.py took 0.114 seconds
[2026-03-19T02:28:03.258+0000] {processor.py:161} INFO - Started process (PID=10041) to work on /opt/airflow/dags/transfer.py
[2026-03-19T02:28:03.261+0000] {processor.py:830} INFO - Processing file /opt/airflow/dags/transfer.py for tasks to queue
[2026-03-19T02:28:03.266+0000] {logging_mixin.py:188} INFO - [2026-03-19T02:28:03.265+0000] {dagbag.py:545} INFO - Filling up the DagBag from /opt/airflow/dags/transfer.py
[2026-03-19T02:28:03.309+0000] {processor.py:840} INFO - DAG(s) 'transfer_from_minio_to_snowflake_customers', 'transfer_from_minio_to_snowflake_accounts', 'transfer_from_minio_to_snowflake_transactions' retrieved from /opt/airflow/dags/transfer.py
[2026-03-19T02:28:03.345+0000] {logging_mixin.py:188} INFO - [2026-03-19T02:28:03.345+0000] {dag.py:3089} INFO - Sync 3 DAGs
[2026-03-19T02:28:03.360+0000] {logging_mixin.py:188} INFO - [2026-03-19T02:28:03.359+0000] {dag.py:3947} INFO - Setting next_dagrun for transfer_from_minio_to_snowflake_accounts to 2026-03-19 02:27:00+00:00, run_after=2026-03-19 02:28:00+00:00
[2026-03-19T02:28:03.362+0000] {logging_mixin.py:188} INFO - [2026-03-19T02:28:03.362+0000] {dag.py:3947} INFO - Setting next_dagrun for transfer_from_minio_to_snowflake_customers to 2026-03-19 02:27:00+00:00, run_after=2026-03-19 02:28:00+00:00
[2026-03-19T02:28:03.364+0000] {logging_mixin.py:188} INFO - [2026-03-19T02:28:03.364+0000] {dag.py:3947} INFO - Setting next_dagrun for transfer_from_minio_to_snowflake_transactions to 2026-03-19 02:27:00+00:00, run_after=2026-03-19 02:28:00+00:00
[2026-03-19T02:28:03.375+0000] {processor.py:183} INFO - Processing /opt/airflow/dags/transfer.py took 0.138 seconds
[2026-03-19T02:28:33.890+0000] {processor.py:161} INFO - Started process (PID=10043) to work on /opt/airflow/dags/transfer.py
[2026-03-19T02:28:33.892+0000] {processor.py:830} INFO - Processing file /opt/airflow/dags/transfer.py for tasks to queue
[2026-03-19T02:28:33.895+0000] {logging_mixin.py:188} INFO - [2026-03-19T02:28:33.895+0000] {dagbag.py:545} INFO - Filling up the DagBag from /opt/airflow/dags/transfer.py
[2026-03-19T02:28:33.931+0000] {processor.py:840} INFO - DAG(s) 'transfer_from_minio_to_snowflake_customers', 'transfer_from_minio_to_snowflake_accounts', 'transfer_from_minio_to_snowflake_transactions' retrieved from /opt/airflow/dags/transfer.py
[2026-03-19T02:28:33.960+0000] {logging_mixin.py:188} INFO - [2026-03-19T02:28:33.959+0000] {dag.py:3089} INFO - Sync 3 DAGs
[2026-03-19T02:28:33.975+0000] {logging_mixin.py:188} INFO - [2026-03-19T02:28:33.975+0000] {dag.py:3947} INFO - Setting next_dagrun for transfer_from_minio_to_snowflake_accounts to 2026-03-19 02:27:00+00:00, run_after=2026-03-19 02:28:00+00:00
[2026-03-19T02:28:33.978+0000] {logging_mixin.py:188} INFO - [2026-03-19T02:28:33.978+0000] {dag.py:3947} INFO - Setting next_dagrun for transfer_from_minio_to_snowflake_customers to 2026-03-19 02:27:00+00:00, run_after=2026-03-19 02:28:00+00:00
[2026-03-19T02:28:33.980+0000] {logging_mixin.py:188} INFO - [2026-03-19T02:28:33.980+0000] {dag.py:3947} INFO - Setting next_dagrun for transfer_from_minio_to_snowflake_transactions to 2026-03-19 02:27:00+00:00, run_after=2026-03-19 02:28:00+00:00
[2026-03-19T02:28:33.986+0000] {processor.py:183} INFO - Processing /opt/airflow/dags/transfer.py took 0.107 seconds
[2026-03-19T02:29:04.549+0000] {processor.py:161} INFO - Started process (PID=10045) to work on /opt/airflow/dags/transfer.py
[2026-03-19T02:29:04.551+0000] {processor.py:830} INFO - Processing file /opt/airflow/dags/transfer.py for tasks to queue
[2026-03-19T02:29:04.555+0000] {logging_mixin.py:188} INFO - [2026-03-19T02:29:04.554+0000] {dagbag.py:545} INFO - Filling up the DagBag from /opt/airflow/dags/transfer.py
[2026-03-19T02:29:04.595+0000] {processor.py:840} INFO - DAG(s) 'transfer_from_minio_to_snowflake_customers', 'transfer_from_minio_to_snowflake_accounts', 'transfer_from_minio_to_snowflake_transactions' retrieved from /opt/airflow/dags/transfer.py
[2026-03-19T02:29:04.628+0000] {logging_mixin.py:188} INFO - [2026-03-19T02:29:04.628+0000] {dag.py:3089} INFO - Sync 3 DAGs
[2026-03-19T02:29:04.641+0000] {logging_mixin.py:188} INFO - [2026-03-19T02:29:04.641+0000] {dag.py:3947} INFO - Setting next_dagrun for transfer_from_minio_to_snowflake_accounts to 2026-03-19 02:28:00+00:00, run_after=2026-03-19 02:29:00+00:00
[2026-03-19T02:29:04.644+0000] {logging_mixin.py:188} INFO - [2026-03-19T02:29:04.644+0000] {dag.py:3947} INFO - Setting next_dagrun for transfer_from_minio_to_snowflake_customers to 2026-03-19 02:28:00+00:00, run_after=2026-03-19 02:29:00+00:00
[2026-03-19T02:29:04.646+0000] {logging_mixin.py:188} INFO - [2026-03-19T02:29:04.646+0000] {dag.py:3947} INFO - Setting next_dagrun for transfer_from_minio_to_snowflake_transactions to 2026-03-19 02:28:00+00:00, run_after=2026-03-19 02:29:00+00:00
[2026-03-19T02:29:04.654+0000] {processor.py:183} INFO - Processing /opt/airflow/dags/transfer.py took 0.114 seconds
[2026-03-19T02:29:35.333+0000] {processor.py:161} INFO - Started process (PID=10047) to work on /opt/airflow/dags/transfer.py
[2026-03-19T02:29:35.335+0000] {processor.py:830} INFO - Processing file /opt/airflow/dags/transfer.py for tasks to queue
[2026-03-19T02:29:35.339+0000] {logging_mixin.py:188} INFO - [2026-03-19T02:29:35.338+0000] {dagbag.py:545} INFO - Filling up the DagBag from /opt/airflow/dags/transfer.py
[2026-03-19T02:29:35.370+0000] {processor.py:840} INFO - DAG(s) 'transfer_from_minio_to_snowflake_transactions', 'transfer_from_minio_to_snowflake_customers', 'transfer_from_minio_to_snowflake_accounts' retrieved from /opt/airflow/dags/transfer.py
[2026-03-19T02:29:35.410+0000] {logging_mixin.py:188} INFO - [2026-03-19T02:29:35.410+0000] {dag.py:3089} INFO - Sync 3 DAGs
[2026-03-19T02:29:35.428+0000] {logging_mixin.py:188} INFO - [2026-03-19T02:29:35.427+0000] {dag.py:3947} INFO - Setting next_dagrun for transfer_from_minio_to_snowflake_accounts to 2026-03-19 02:28:00+00:00, run_after=2026-03-19 02:29:00+00:00
[2026-03-19T02:29:35.430+0000] {logging_mixin.py:188} INFO - [2026-03-19T02:29:35.430+0000] {dag.py:3947} INFO - Setting next_dagrun for transfer_from_minio_to_snowflake_customers to 2026-03-19 02:28:00+00:00, run_after=2026-03-19 02:29:00+00:00
[2026-03-19T02:29:35.432+0000] {logging_mixin.py:188} INFO - [2026-03-19T02:29:35.432+0000] {dag.py:3947} INFO - Setting next_dagrun for transfer_from_minio_to_snowflake_transactions to 2026-03-19 02:28:00+00:00, run_after=2026-03-19 02:29:00+00:00
[2026-03-19T02:29:35.439+0000] {processor.py:183} INFO - Processing /opt/airflow/dags/transfer.py took 0.122 seconds
[2026-03-19T02:30:05.953+0000] {processor.py:161} INFO - Started process (PID=10049) to work on /opt/airflow/dags/transfer.py
[2026-03-19T02:30:05.956+0000] {processor.py:830} INFO - Processing file /opt/airflow/dags/transfer.py for tasks to queue
[2026-03-19T02:30:05.959+0000] {logging_mixin.py:188} INFO - [2026-03-19T02:30:05.959+0000] {dagbag.py:545} INFO - Filling up the DagBag from /opt/airflow/dags/transfer.py
[2026-03-19T02:30:05.998+0000] {processor.py:840} INFO - DAG(s) 'transfer_from_minio_to_snowflake_transactions', 'transfer_from_minio_to_snowflake_customers', 'transfer_from_minio_to_snowflake_accounts' retrieved from /opt/airflow/dags/transfer.py
[2026-03-19T02:30:06.030+0000] {logging_mixin.py:188} INFO - [2026-03-19T02:30:06.029+0000] {dag.py:3089} INFO - Sync 3 DAGs
[2026-03-19T02:30:06.045+0000] {logging_mixin.py:188} INFO - [2026-03-19T02:30:06.045+0000] {dag.py:3947} INFO - Setting next_dagrun for transfer_from_minio_to_snowflake_accounts to 2026-03-19 02:29:00+00:00, run_after=2026-03-19 02:30:00+00:00
[2026-03-19T02:30:06.047+0000] {logging_mixin.py:188} INFO - [2026-03-19T02:30:06.047+0000] {dag.py:3947} INFO - Setting next_dagrun for transfer_from_minio_to_snowflake_customers to 2026-03-19 02:29:00+00:00, run_after=2026-03-19 02:30:00+00:00
[2026-03-19T02:30:06.049+0000] {logging_mixin.py:188} INFO - [2026-03-19T02:30:06.049+0000] {dag.py:3947} INFO - Setting next_dagrun for transfer_from_minio_to_snowflake_transactions to 2026-03-19 02:29:00+00:00, run_after=2026-03-19 02:30:00+00:00
[2026-03-19T02:30:06.056+0000] {processor.py:183} INFO - Processing /opt/airflow/dags/transfer.py took 0.113 seconds
[2026-03-19T02:30:36.645+0000] {processor.py:161} INFO - Started process (PID=10051) to work on /opt/airflow/dags/transfer.py
[2026-03-19T02:30:36.647+0000] {processor.py:830} INFO - Processing file /opt/airflow/dags/transfer.py for tasks to queue
[2026-03-19T02:30:36.650+0000] {logging_mixin.py:188} INFO - [2026-03-19T02:30:36.650+0000] {dagbag.py:545} INFO - Filling up the DagBag from /opt/airflow/dags/transfer.py
[2026-03-19T02:30:36.684+0000] {processor.py:840} INFO - DAG(s) 'transfer_from_minio_to_snowflake_transactions', 'transfer_from_minio_to_snowflake_customers', 'transfer_from_minio_to_snowflake_accounts' retrieved from /opt/airflow/dags/transfer.py
[2026-03-19T02:30:36.715+0000] {logging_mixin.py:188} INFO - [2026-03-19T02:30:36.715+0000] {dag.py:3089} INFO - Sync 3 DAGs
[2026-03-19T02:30:36.729+0000] {logging_mixin.py:188} INFO - [2026-03-19T02:30:36.729+0000] {dag.py:3947} INFO - Setting next_dagrun for transfer_from_minio_to_snowflake_accounts to 2026-03-19 02:29:00+00:00, run_after=2026-03-19 02:30:00+00:00
[2026-03-19T02:30:36.732+0000] {logging_mixin.py:188} INFO - [2026-03-19T02:30:36.732+0000] {dag.py:3947} INFO - Setting next_dagrun for transfer_from_minio_to_snowflake_customers to 2026-03-19 02:29:00+00:00, run_after=2026-03-19 02:30:00+00:00
[2026-03-19T02:30:36.734+0000] {logging_mixin.py:188} INFO - [2026-03-19T02:30:36.734+0000] {dag.py:3947} INFO - Setting next_dagrun for transfer_from_minio_to_snowflake_transactions to 2026-03-19 02:29:00+00:00, run_after=2026-03-19 02:30:00+00:00
[2026-03-19T02:30:36.741+0000] {processor.py:183} INFO - Processing /opt/airflow/dags/transfer.py took 0.108 seconds
[2026-03-19T02:31:07.338+0000] {processor.py:161} INFO - Started process (PID=10053) to work on /opt/airflow/dags/transfer.py
[2026-03-19T02:31:07.340+0000] {processor.py:830} INFO - Processing file /opt/airflow/dags/transfer.py for tasks to queue
[2026-03-19T02:31:07.345+0000] {logging_mixin.py:188} INFO - [2026-03-19T02:31:07.344+0000] {dagbag.py:545} INFO - Filling up the DagBag from /opt/airflow/dags/transfer.py
[2026-03-19T02:31:07.385+0000] {processor.py:840} INFO - DAG(s) 'transfer_from_minio_to_snowflake_transactions', 'transfer_from_minio_to_snowflake_accounts', 'transfer_from_minio_to_snowflake_customers' retrieved from /opt/airflow/dags/transfer.py
[2026-03-19T02:31:07.429+0000] {logging_mixin.py:188} INFO - [2026-03-19T02:31:07.429+0000] {dag.py:3089} INFO - Sync 3 DAGs
[2026-03-19T02:31:07.446+0000] {logging_mixin.py:188} INFO - [2026-03-19T02:31:07.446+0000] {dag.py:3947} INFO - Setting next_dagrun for transfer_from_minio_to_snowflake_accounts to 2026-03-19 02:30:00+00:00, run_after=2026-03-19 02:31:00+00:00
[2026-03-19T02:31:07.449+0000] {logging_mixin.py:188} INFO - [2026-03-19T02:31:07.449+0000] {dag.py:3947} INFO - Setting next_dagrun for transfer_from_minio_to_snowflake_customers to 2026-03-19 02:30:00+00:00, run_after=2026-03-19 02:31:00+00:00
[2026-03-19T02:31:07.451+0000] {logging_mixin.py:188} INFO - [2026-03-19T02:31:07.451+0000] {dag.py:3947} INFO - Setting next_dagrun for transfer_from_minio_to_snowflake_transactions to 2026-03-19 02:30:00+00:00, run_after=2026-03-19 02:31:00+00:00
[2026-03-19T02:31:07.458+0000] {processor.py:183} INFO - Processing /opt/airflow/dags/transfer.py took 0.132 seconds
[2026-03-19T02:31:37.990+0000] {processor.py:161} INFO - Started process (PID=10055) to work on /opt/airflow/dags/transfer.py
[2026-03-19T02:31:37.996+0000] {processor.py:830} INFO - Processing file /opt/airflow/dags/transfer.py for tasks to queue
[2026-03-19T02:31:37.998+0000] {logging_mixin.py:188} INFO - [2026-03-19T02:31:37.997+0000] {dagbag.py:545} INFO - Filling up the DagBag from /opt/airflow/dags/transfer.py
[2026-03-19T02:31:38.034+0000] {processor.py:840} INFO - DAG(s) 'transfer_from_minio_to_snowflake_customers', 'transfer_from_minio_to_snowflake_transactions', 'transfer_from_minio_to_snowflake_accounts' retrieved from /opt/airflow/dags/transfer.py
[2026-03-19T02:31:38.066+0000] {logging_mixin.py:188} INFO - [2026-03-19T02:31:38.065+0000] {dag.py:3089} INFO - Sync 3 DAGs
[2026-03-19T02:31:38.083+0000] {logging_mixin.py:188} INFO - [2026-03-19T02:31:38.082+0000] {dag.py:3947} INFO - Setting next_dagrun for transfer_from_minio_to_snowflake_accounts to 2026-03-19 02:30:00+00:00, run_after=2026-03-19 02:31:00+00:00
[2026-03-19T02:31:38.085+0000] {logging_mixin.py:188} INFO - [2026-03-19T02:31:38.085+0000] {dag.py:3947} INFO - Setting next_dagrun for transfer_from_minio_to_snowflake_customers to 2026-03-19 02:30:00+00:00, run_after=2026-03-19 02:31:00+00:00
[2026-03-19T02:31:38.087+0000] {logging_mixin.py:188} INFO - [2026-03-19T02:31:38.087+0000] {dag.py:3947} INFO - Setting next_dagrun for transfer_from_minio_to_snowflake_transactions to 2026-03-19 02:30:00+00:00, run_after=2026-03-19 02:31:00+00:00
[2026-03-19T02:31:38.094+0000] {processor.py:183} INFO - Processing /opt/airflow/dags/transfer.py took 0.117 seconds
[2026-03-19T02:32:08.648+0000] {processor.py:161} INFO - Started process (PID=10057) to work on /opt/airflow/dags/transfer.py
[2026-03-19T02:32:08.653+0000] {processor.py:830} INFO - Processing file /opt/airflow/dags/transfer.py for tasks to queue
[2026-03-19T02:32:08.656+0000] {logging_mixin.py:188} INFO - [2026-03-19T02:32:08.656+0000] {dagbag.py:545} INFO - Filling up the DagBag from /opt/airflow/dags/transfer.py
[2026-03-19T02:32:08.697+0000] {processor.py:840} INFO - DAG(s) 'transfer_from_minio_to_snowflake_transactions', 'transfer_from_minio_to_snowflake_accounts', 'transfer_from_minio_to_snowflake_customers' retrieved from /opt/airflow/dags/transfer.py
[2026-03-19T02:32:08.734+0000] {logging_mixin.py:188} INFO - [2026-03-19T02:32:08.734+0000] {dag.py:3089} INFO - Sync 3 DAGs
[2026-03-19T02:32:08.747+0000] {logging_mixin.py:188} INFO - [2026-03-19T02:32:08.747+0000] {dag.py:3947} INFO - Setting next_dagrun for transfer_from_minio_to_snowflake_accounts to 2026-03-19 02:31:00+00:00, run_after=2026-03-19 02:32:00+00:00
[2026-03-19T02:32:08.751+0000] {logging_mixin.py:188} INFO - [2026-03-19T02:32:08.751+0000] {dag.py:3947} INFO - Setting next_dagrun for transfer_from_minio_to_snowflake_customers to 2026-03-19 02:31:00+00:00, run_after=2026-03-19 02:32:00+00:00
[2026-03-19T02:32:08.752+0000] {logging_mixin.py:188} INFO - [2026-03-19T02:32:08.752+0000] {dag.py:3947} INFO - Setting next_dagrun for transfer_from_minio_to_snowflake_transactions to 2026-03-19 02:31:00+00:00, run_after=2026-03-19 02:32:00+00:00
[2026-03-19T02:32:08.759+0000] {processor.py:183} INFO - Processing /opt/airflow/dags/transfer.py took 0.121 seconds
[2026-03-19T02:32:39.301+0000] {processor.py:161} INFO - Started process (PID=10059) to work on /opt/airflow/dags/transfer.py
[2026-03-19T02:32:39.302+0000] {processor.py:830} INFO - Processing file /opt/airflow/dags/transfer.py for tasks to queue
[2026-03-19T02:32:39.308+0000] {logging_mixin.py:188} INFO - [2026-03-19T02:32:39.307+0000] {dagbag.py:545} INFO - Filling up the DagBag from /opt/airflow/dags/transfer.py
[2026-03-19T02:32:39.340+0000] {processor.py:840} INFO - DAG(s) 'transfer_from_minio_to_snowflake_customers', 'transfer_from_minio_to_snowflake_accounts', 'transfer_from_minio_to_snowflake_transactions' retrieved from /opt/airflow/dags/transfer.py
[2026-03-19T02:32:39.374+0000] {logging_mixin.py:188} INFO - [2026-03-19T02:32:39.374+0000] {dag.py:3089} INFO - Sync 3 DAGs
[2026-03-19T02:32:39.389+0000] {logging_mixin.py:188} INFO - [2026-03-19T02:32:39.389+0000] {dag.py:3947} INFO - Setting next_dagrun for transfer_from_minio_to_snowflake_accounts to 2026-03-19 02:31:00+00:00, run_after=2026-03-19 02:32:00+00:00
[2026-03-19T02:32:39.392+0000] {logging_mixin.py:188} INFO - [2026-03-19T02:32:39.392+0000] {dag.py:3947} INFO - Setting next_dagrun for transfer_from_minio_to_snowflake_customers to 2026-03-19 02:31:00+00:00, run_after=2026-03-19 02:32:00+00:00
[2026-03-19T02:32:39.393+0000] {logging_mixin.py:188} INFO - [2026-03-19T02:32:39.393+0000] {dag.py:3947} INFO - Setting next_dagrun for transfer_from_minio_to_snowflake_transactions to 2026-03-19 02:31:00+00:00, run_after=2026-03-19 02:32:00+00:00
[2026-03-19T02:32:39.402+0000] {processor.py:183} INFO - Processing /opt/airflow/dags/transfer.py took 0.110 seconds
[2026-03-19T02:33:09.930+0000] {processor.py:161} INFO - Started process (PID=10061) to work on /opt/airflow/dags/transfer.py
[2026-03-19T02:33:09.934+0000] {processor.py:830} INFO - Processing file /opt/airflow/dags/transfer.py for tasks to queue
[2026-03-19T02:33:09.937+0000] {logging_mixin.py:188} INFO - [2026-03-19T02:33:09.936+0000] {dagbag.py:545} INFO - Filling up the DagBag from /opt/airflow/dags/transfer.py
[2026-03-19T02:33:09.980+0000] {processor.py:840} INFO - DAG(s) 'transfer_from_minio_to_snowflake_customers', 'transfer_from_minio_to_snowflake_transactions', 'transfer_from_minio_to_snowflake_accounts' retrieved from /opt/airflow/dags/transfer.py
[2026-03-19T02:33:10.017+0000] {logging_mixin.py:188} INFO - [2026-03-19T02:33:10.017+0000] {dag.py:3089} INFO - Sync 3 DAGs
[2026-03-19T02:33:10.033+0000] {logging_mixin.py:188} INFO - [2026-03-19T02:33:10.033+0000] {dag.py:3947} INFO - Setting next_dagrun for transfer_from_minio_to_snowflake_accounts to 2026-03-19 02:32:00+00:00, run_after=2026-03-19 02:33:00+00:00
[2026-03-19T02:33:10.036+0000] {logging_mixin.py:188} INFO - [2026-03-19T02:33:10.036+0000] {dag.py:3947} INFO - Setting next_dagrun for transfer_from_minio_to_snowflake_customers to 2026-03-19 02:32:00+00:00, run_after=2026-03-19 02:33:00+00:00
[2026-03-19T02:33:10.037+0000] {logging_mixin.py:188} INFO - [2026-03-19T02:33:10.037+0000] {dag.py:3947} INFO - Setting next_dagrun for transfer_from_minio_to_snowflake_transactions to 2026-03-19 02:32:00+00:00, run_after=2026-03-19 02:33:00+00:00
[2026-03-19T02:33:10.045+0000] {processor.py:183} INFO - Processing /opt/airflow/dags/transfer.py took 0.133 seconds
[2026-03-19T02:33:40.639+0000] {processor.py:161} INFO - Started process (PID=10063) to work on /opt/airflow/dags/transfer.py
[2026-03-19T02:33:40.640+0000] {processor.py:830} INFO - Processing file /opt/airflow/dags/transfer.py for tasks to queue
[2026-03-19T02:33:40.642+0000] {logging_mixin.py:188} INFO - [2026-03-19T02:33:40.642+0000] {dagbag.py:545} INFO - Filling up the DagBag from /opt/airflow/dags/transfer.py
[2026-03-19T02:33:40.689+0000] {processor.py:840} INFO - DAG(s) 'transfer_from_minio_to_snowflake_transactions', 'transfer_from_minio_to_snowflake_accounts', 'transfer_from_minio_to_snowflake_customers' retrieved from /opt/airflow/dags/transfer.py
[2026-03-19T02:33:40.726+0000] {logging_mixin.py:188} INFO - [2026-03-19T02:33:40.726+0000] {dag.py:3089} INFO - Sync 3 DAGs
[2026-03-19T02:33:40.743+0000] {logging_mixin.py:188} INFO - [2026-03-19T02:33:40.743+0000] {dag.py:3947} INFO - Setting next_dagrun for transfer_from_minio_to_snowflake_accounts to 2026-03-19 02:32:00+00:00, run_after=2026-03-19 02:33:00+00:00
[2026-03-19T02:33:40.746+0000] {logging_mixin.py:188} INFO - [2026-03-19T02:33:40.745+0000] {dag.py:3947} INFO - Setting next_dagrun for transfer_from_minio_to_snowflake_customers to 2026-03-19 02:32:00+00:00, run_after=2026-03-19 02:33:00+00:00
[2026-03-19T02:33:40.747+0000] {logging_mixin.py:188} INFO - [2026-03-19T02:33:40.747+0000] {dag.py:3947} INFO - Setting next_dagrun for transfer_from_minio_to_snowflake_transactions to 2026-03-19 02:32:00+00:00, run_after=2026-03-19 02:33:00+00:00
[2026-03-19T02:33:40.754+0000] {processor.py:183} INFO - Processing /opt/airflow/dags/transfer.py took 0.130 seconds
[2026-03-19T02:34:11.329+0000] {processor.py:161} INFO - Started process (PID=10065) to work on /opt/airflow/dags/transfer.py
[2026-03-19T02:34:11.331+0000] {processor.py:830} INFO - Processing file /opt/airflow/dags/transfer.py for tasks to queue
[2026-03-19T02:34:11.335+0000] {logging_mixin.py:188} INFO - [2026-03-19T02:34:11.334+0000] {dagbag.py:545} INFO - Filling up the DagBag from /opt/airflow/dags/transfer.py
[2026-03-19T02:34:11.371+0000] {processor.py:840} INFO - DAG(s) 'transfer_from_minio_to_snowflake_transactions', 'transfer_from_minio_to_snowflake_customers', 'transfer_from_minio_to_snowflake_accounts' retrieved from /opt/airflow/dags/transfer.py
[2026-03-19T02:34:11.404+0000] {logging_mixin.py:188} INFO - [2026-03-19T02:34:11.404+0000] {dag.py:3089} INFO - Sync 3 DAGs
[2026-03-19T02:34:11.422+0000] {logging_mixin.py:188} INFO - [2026-03-19T02:34:11.421+0000] {dag.py:3947} INFO - Setting next_dagrun for transfer_from_minio_to_snowflake_accounts to 2026-03-19 02:33:00+00:00, run_after=2026-03-19 02:34:00+00:00
[2026-03-19T02:34:11.424+0000] {logging_mixin.py:188} INFO - [2026-03-19T02:34:11.424+0000] {dag.py:3947} INFO - Setting next_dagrun for transfer_from_minio_to_snowflake_customers to 2026-03-19 02:33:00+00:00, run_after=2026-03-19 02:34:00+00:00
[2026-03-19T02:34:11.426+0000] {logging_mixin.py:188} INFO - [2026-03-19T02:34:11.426+0000] {dag.py:3947} INFO - Setting next_dagrun for transfer_from_minio_to_snowflake_transactions to 2026-03-19 02:33:00+00:00, run_after=2026-03-19 02:34:00+00:00
[2026-03-19T02:34:11.433+0000] {processor.py:183} INFO - Processing /opt/airflow/dags/transfer.py took 0.121 seconds
[2026-03-19T02:34:42.011+0000] {processor.py:161} INFO - Started process (PID=10067) to work on /opt/airflow/dags/transfer.py
[2026-03-19T02:34:42.013+0000] {processor.py:830} INFO - Processing file /opt/airflow/dags/transfer.py for tasks to queue
[2026-03-19T02:34:42.016+0000] {logging_mixin.py:188} INFO - [2026-03-19T02:34:42.015+0000] {dagbag.py:545} INFO - Filling up the DagBag from /opt/airflow/dags/transfer.py
[2026-03-19T02:34:42.051+0000] {processor.py:840} INFO - DAG(s) 'transfer_from_minio_to_snowflake_accounts', 'transfer_from_minio_to_snowflake_customers', 'transfer_from_minio_to_snowflake_transactions' retrieved from /opt/airflow/dags/transfer.py
[2026-03-19T02:34:42.085+0000] {logging_mixin.py:188} INFO - [2026-03-19T02:34:42.085+0000] {dag.py:3089} INFO - Sync 3 DAGs
[2026-03-19T02:34:42.104+0000] {logging_mixin.py:188} INFO - [2026-03-19T02:34:42.104+0000] {dag.py:3947} INFO - Setting next_dagrun for transfer_from_minio_to_snowflake_accounts to 2026-03-19 02:33:00+00:00, run_after=2026-03-19 02:34:00+00:00
[2026-03-19T02:34:42.107+0000] {logging_mixin.py:188} INFO - [2026-03-19T02:34:42.107+0000] {dag.py:3947} INFO - Setting next_dagrun for transfer_from_minio_to_snowflake_customers to 2026-03-19 02:33:00+00:00, run_after=2026-03-19 02:34:00+00:00
[2026-03-19T02:34:42.108+0000] {logging_mixin.py:188} INFO - [2026-03-19T02:34:42.108+0000] {dag.py:3947} INFO - Setting next_dagrun for transfer_from_minio_to_snowflake_transactions to 2026-03-19 02:33:00+00:00, run_after=2026-03-19 02:34:00+00:00
[2026-03-19T02:34:42.118+0000] {processor.py:183} INFO - Processing /opt/airflow/dags/transfer.py took 0.121 seconds
[2026-03-19T02:35:12.732+0000] {processor.py:161} INFO - Started process (PID=10069) to work on /opt/airflow/dags/transfer.py
[2026-03-19T02:35:12.734+0000] {processor.py:830} INFO - Processing file /opt/airflow/dags/transfer.py for tasks to queue
[2026-03-19T02:35:12.738+0000] {logging_mixin.py:188} INFO - [2026-03-19T02:35:12.738+0000] {dagbag.py:545} INFO - Filling up the DagBag from /opt/airflow/dags/transfer.py
[2026-03-19T02:35:12.772+0000] {processor.py:840} INFO - DAG(s) 'transfer_from_minio_to_snowflake_accounts', 'transfer_from_minio_to_snowflake_transactions', 'transfer_from_minio_to_snowflake_customers' retrieved from /opt/airflow/dags/transfer.py
[2026-03-19T02:35:12.811+0000] {logging_mixin.py:188} INFO - [2026-03-19T02:35:12.811+0000] {dag.py:3089} INFO - Sync 3 DAGs
[2026-03-19T02:35:12.831+0000] {logging_mixin.py:188} INFO - [2026-03-19T02:35:12.831+0000] {dag.py:3947} INFO - Setting next_dagrun for transfer_from_minio_to_snowflake_accounts to 2026-03-19 02:34:00+00:00, run_after=2026-03-19 02:35:00+00:00
[2026-03-19T02:35:12.834+0000] {logging_mixin.py:188} INFO - [2026-03-19T02:35:12.834+0000] {dag.py:3947} INFO - Setting next_dagrun for transfer_from_minio_to_snowflake_customers to 2026-03-19 02:34:00+00:00, run_after=2026-03-19 02:35:00+00:00
[2026-03-19T02:35:12.836+0000] {logging_mixin.py:188} INFO - [2026-03-19T02:35:12.836+0000] {dag.py:3947} INFO - Setting next_dagrun for transfer_from_minio_to_snowflake_transactions to 2026-03-19 02:34:00+00:00, run_after=2026-03-19 02:35:00+00:00
[2026-03-19T02:35:12.847+0000] {processor.py:183} INFO - Processing /opt/airflow/dags/transfer.py took 0.131 seconds
[2026-03-19T02:35:43.367+0000] {processor.py:161} INFO - Started process (PID=10071) to work on /opt/airflow/dags/transfer.py
[2026-03-19T02:35:43.371+0000] {processor.py:830} INFO - Processing file /opt/airflow/dags/transfer.py for tasks to queue
[2026-03-19T02:35:43.378+0000] {logging_mixin.py:188} INFO - [2026-03-19T02:35:43.378+0000] {dagbag.py:545} INFO - Filling up the DagBag from /opt/airflow/dags/transfer.py
[2026-03-19T02:35:43.415+0000] {processor.py:840} INFO - DAG(s) 'transfer_from_minio_to_snowflake_accounts', 'transfer_from_minio_to_snowflake_transactions', 'transfer_from_minio_to_snowflake_customers' retrieved from /opt/airflow/dags/transfer.py
[2026-03-19T02:35:43.447+0000] {logging_mixin.py:188} INFO - [2026-03-19T02:35:43.447+0000] {dag.py:3089} INFO - Sync 3 DAGs
[2026-03-19T02:35:43.464+0000] {logging_mixin.py:188} INFO - [2026-03-19T02:35:43.464+0000] {dag.py:3947} INFO - Setting next_dagrun for transfer_from_minio_to_snowflake_accounts to 2026-03-19 02:34:00+00:00, run_after=2026-03-19 02:35:00+00:00
[2026-03-19T02:35:43.467+0000] {logging_mixin.py:188} INFO - [2026-03-19T02:35:43.467+0000] {dag.py:3947} INFO - Setting next_dagrun for transfer_from_minio_to_snowflake_customers to 2026-03-19 02:34:00+00:00, run_after=2026-03-19 02:35:00+00:00
[2026-03-19T02:35:43.468+0000] {logging_mixin.py:188} INFO - [2026-03-19T02:35:43.468+0000] {dag.py:3947} INFO - Setting next_dagrun for transfer_from_minio_to_snowflake_transactions to 2026-03-19 02:34:00+00:00, run_after=2026-03-19 02:35:00+00:00
[2026-03-19T02:35:43.478+0000] {processor.py:183} INFO - Processing /opt/airflow/dags/transfer.py took 0.124 seconds
[2026-03-19T02:36:14.180+0000] {processor.py:161} INFO - Started process (PID=10073) to work on /opt/airflow/dags/transfer.py
[2026-03-19T02:36:14.181+0000] {processor.py:830} INFO - Processing file /opt/airflow/dags/transfer.py for tasks to queue
[2026-03-19T02:36:14.183+0000] {logging_mixin.py:188} INFO - [2026-03-19T02:36:14.183+0000] {dagbag.py:545} INFO - Filling up the DagBag from /opt/airflow/dags/transfer.py
[2026-03-19T02:36:14.229+0000] {processor.py:840} INFO - DAG(s) 'transfer_from_minio_to_snowflake_customers', 'transfer_from_minio_to_snowflake_accounts', 'transfer_from_minio_to_snowflake_transactions' retrieved from /opt/airflow/dags/transfer.py
[2026-03-19T02:36:14.271+0000] {logging_mixin.py:188} INFO - [2026-03-19T02:36:14.271+0000] {dag.py:3089} INFO - Sync 3 DAGs
[2026-03-19T02:36:14.315+0000] {logging_mixin.py:188} INFO - [2026-03-19T02:36:14.314+0000] {dag.py:3947} INFO - Setting next_dagrun for transfer_from_minio_to_snowflake_accounts to 2026-03-19 02:35:00+00:00, run_after=2026-03-19 02:36:00+00:00
[2026-03-19T02:36:14.323+0000] {logging_mixin.py:188} INFO - [2026-03-19T02:36:14.323+0000] {dag.py:3947} INFO - Setting next_dagrun for transfer_from_minio_to_snowflake_customers to 2026-03-19 02:35:00+00:00, run_after=2026-03-19 02:36:00+00:00
[2026-03-19T02:36:14.325+0000] {logging_mixin.py:188} INFO - [2026-03-19T02:36:14.325+0000] {dag.py:3947} INFO - Setting next_dagrun for transfer_from_minio_to_snowflake_transactions to 2026-03-19 02:35:00+00:00, run_after=2026-03-19 02:36:00+00:00
[2026-03-19T02:36:14.333+0000] {processor.py:183} INFO - Processing /opt/airflow/dags/transfer.py took 0.170 seconds
[2026-03-19T02:36:44.804+0000] {processor.py:161} INFO - Started process (PID=10075) to work on /opt/airflow/dags/transfer.py
[2026-03-19T02:36:44.805+0000] {processor.py:830} INFO - Processing file /opt/airflow/dags/transfer.py for tasks to queue
[2026-03-19T02:36:44.808+0000] {logging_mixin.py:188} INFO - [2026-03-19T02:36:44.807+0000] {dagbag.py:545} INFO - Filling up the DagBag from /opt/airflow/dags/transfer.py
[2026-03-19T02:36:44.845+0000] {processor.py:840} INFO - DAG(s) 'transfer_from_minio_to_snowflake_accounts', 'transfer_from_minio_to_snowflake_customers', 'transfer_from_minio_to_snowflake_transactions' retrieved from /opt/airflow/dags/transfer.py
[2026-03-19T02:36:44.886+0000] {logging_mixin.py:188} INFO - [2026-03-19T02:36:44.886+0000] {dag.py:3089} INFO - Sync 3 DAGs
[2026-03-19T02:36:44.900+0000] {logging_mixin.py:188} INFO - [2026-03-19T02:36:44.900+0000] {dag.py:3947} INFO - Setting next_dagrun for transfer_from_minio_to_snowflake_accounts to 2026-03-19 02:35:00+00:00, run_after=2026-03-19 02:36:00+00:00
[2026-03-19T02:36:44.904+0000] {logging_mixin.py:188} INFO - [2026-03-19T02:36:44.904+0000] {dag.py:3947} INFO - Setting next_dagrun for transfer_from_minio_to_snowflake_customers to 2026-03-19 02:35:00+00:00, run_after=2026-03-19 02:36:00+00:00
[2026-03-19T02:36:44.908+0000] {logging_mixin.py:188} INFO - [2026-03-19T02:36:44.908+0000] {dag.py:3947} INFO - Setting next_dagrun for transfer_from_minio_to_snowflake_transactions to 2026-03-19 02:35:00+00:00, run_after=2026-03-19 02:36:00+00:00
[2026-03-19T02:36:44.922+0000] {processor.py:183} INFO - Processing /opt/airflow/dags/transfer.py took 0.133 seconds
[2026-03-19T02:37:15.560+0000] {processor.py:161} INFO - Started process (PID=10077) to work on /opt/airflow/dags/transfer.py
[2026-03-19T02:37:15.564+0000] {processor.py:830} INFO - Processing file /opt/airflow/dags/transfer.py for tasks to queue
[2026-03-19T02:37:15.568+0000] {logging_mixin.py:188} INFO - [2026-03-19T02:37:15.568+0000] {dagbag.py:545} INFO - Filling up the DagBag from /opt/airflow/dags/transfer.py
[2026-03-19T02:37:15.610+0000] {processor.py:840} INFO - DAG(s) 'transfer_from_minio_to_snowflake_customers', 'transfer_from_minio_to_snowflake_transactions', 'transfer_from_minio_to_snowflake_accounts' retrieved from /opt/airflow/dags/transfer.py
[2026-03-19T02:37:15.695+0000] {logging_mixin.py:188} INFO - [2026-03-19T02:37:15.695+0000] {dag.py:3089} INFO - Sync 3 DAGs
[2026-03-19T02:37:15.718+0000] {logging_mixin.py:188} INFO - [2026-03-19T02:37:15.717+0000] {dag.py:3947} INFO - Setting next_dagrun for transfer_from_minio_to_snowflake_accounts to 2026-03-19 02:36:00+00:00, run_after=2026-03-19 02:37:00+00:00
[2026-03-19T02:37:15.721+0000] {logging_mixin.py:188} INFO - [2026-03-19T02:37:15.721+0000] {dag.py:3947} INFO - Setting next_dagrun for transfer_from_minio_to_snowflake_customers to 2026-03-19 02:36:00+00:00, run_after=2026-03-19 02:37:00+00:00
[2026-03-19T02:37:15.722+0000] {logging_mixin.py:188} INFO - [2026-03-19T02:37:15.722+0000] {dag.py:3947} INFO - Setting next_dagrun for transfer_from_minio_to_snowflake_transactions to 2026-03-19 02:36:00+00:00, run_after=2026-03-19 02:37:00+00:00
[2026-03-19T02:37:15.731+0000] {processor.py:183} INFO - Processing /opt/airflow/dags/transfer.py took 0.191 seconds
[2026-03-19T02:37:46.247+0000] {processor.py:161} INFO - Started process (PID=10079) to work on /opt/airflow/dags/transfer.py
[2026-03-19T02:37:46.252+0000] {processor.py:830} INFO - Processing file /opt/airflow/dags/transfer.py for tasks to queue
[2026-03-19T02:37:46.256+0000] {logging_mixin.py:188} INFO - [2026-03-19T02:37:46.255+0000] {dagbag.py:545} INFO - Filling up the DagBag from /opt/airflow/dags/transfer.py
[2026-03-19T02:37:46.299+0000] {processor.py:840} INFO - DAG(s) 'transfer_from_minio_to_snowflake_transactions', 'transfer_from_minio_to_snowflake_customers', 'transfer_from_minio_to_snowflake_accounts' retrieved from /opt/airflow/dags/transfer.py
[2026-03-19T02:37:46.335+0000] {logging_mixin.py:188} INFO - [2026-03-19T02:37:46.335+0000] {dag.py:3089} INFO - Sync 3 DAGs
[2026-03-19T02:37:46.349+0000] {logging_mixin.py:188} INFO - [2026-03-19T02:37:46.349+0000] {dag.py:3947} INFO - Setting next_dagrun for transfer_from_minio_to_snowflake_accounts to 2026-03-19 02:36:00+00:00, run_after=2026-03-19 02:37:00+00:00
[2026-03-19T02:37:46.352+0000] {logging_mixin.py:188} INFO - [2026-03-19T02:37:46.352+0000] {dag.py:3947} INFO - Setting next_dagrun for transfer_from_minio_to_snowflake_customers to 2026-03-19 02:36:00+00:00, run_after=2026-03-19 02:37:00+00:00
[2026-03-19T02:37:46.353+0000] {logging_mixin.py:188} INFO - [2026-03-19T02:37:46.353+0000] {dag.py:3947} INFO - Setting next_dagrun for transfer_from_minio_to_snowflake_transactions to 2026-03-19 02:36:00+00:00, run_after=2026-03-19 02:37:00+00:00
[2026-03-19T02:37:46.361+0000] {processor.py:183} INFO - Processing /opt/airflow/dags/transfer.py took 0.128 seconds
[2026-03-19T02:38:16.874+0000] {processor.py:161} INFO - Started process (PID=10081) to work on /opt/airflow/dags/transfer.py
[2026-03-19T02:38:16.876+0000] {processor.py:830} INFO - Processing file /opt/airflow/dags/transfer.py for tasks to queue
[2026-03-19T02:38:16.881+0000] {logging_mixin.py:188} INFO - [2026-03-19T02:38:16.881+0000] {dagbag.py:545} INFO - Filling up the DagBag from /opt/airflow/dags/transfer.py
[2026-03-19T02:38:16.915+0000] {processor.py:840} INFO - DAG(s) 'transfer_from_minio_to_snowflake_transactions', 'transfer_from_minio_to_snowflake_accounts', 'transfer_from_minio_to_snowflake_customers' retrieved from /opt/airflow/dags/transfer.py
[2026-03-19T02:38:16.947+0000] {logging_mixin.py:188} INFO - [2026-03-19T02:38:16.947+0000] {dag.py:3089} INFO - Sync 3 DAGs
[2026-03-19T02:38:16.962+0000] {logging_mixin.py:188} INFO - [2026-03-19T02:38:16.962+0000] {dag.py:3947} INFO - Setting next_dagrun for transfer_from_minio_to_snowflake_accounts to 2026-03-19 02:37:00+00:00, run_after=2026-03-19 02:38:00+00:00
[2026-03-19T02:38:16.965+0000] {logging_mixin.py:188} INFO - [2026-03-19T02:38:16.965+0000] {dag.py:3947} INFO - Setting next_dagrun for transfer_from_minio_to_snowflake_customers to 2026-03-19 02:37:00+00:00, run_after=2026-03-19 02:38:00+00:00
[2026-03-19T02:38:16.966+0000] {logging_mixin.py:188} INFO - [2026-03-19T02:38:16.966+0000] {dag.py:3947} INFO - Setting next_dagrun for transfer_from_minio_to_snowflake_transactions to 2026-03-19 02:37:00+00:00, run_after=2026-03-19 02:38:00+00:00
[2026-03-19T02:38:16.973+0000] {processor.py:183} INFO - Processing /opt/airflow/dags/transfer.py took 0.113 seconds
[2026-03-19T02:38:47.509+0000] {processor.py:161} INFO - Started process (PID=10083) to work on /opt/airflow/dags/transfer.py
[2026-03-19T02:38:47.511+0000] {processor.py:830} INFO - Processing file /opt/airflow/dags/transfer.py for tasks to queue
[2026-03-19T02:38:47.517+0000] {logging_mixin.py:188} INFO - [2026-03-19T02:38:47.517+0000] {dagbag.py:545} INFO - Filling up the DagBag from /opt/airflow/dags/transfer.py
[2026-03-19T02:38:47.548+0000] {processor.py:840} INFO - DAG(s) 'transfer_from_minio_to_snowflake_customers', 'transfer_from_minio_to_snowflake_transactions', 'transfer_from_minio_to_snowflake_accounts' retrieved from /opt/airflow/dags/transfer.py
[2026-03-19T02:38:47.582+0000] {logging_mixin.py:188} INFO - [2026-03-19T02:38:47.582+0000] {dag.py:3089} INFO - Sync 3 DAGs
[2026-03-19T02:38:47.601+0000] {logging_mixin.py:188} INFO - [2026-03-19T02:38:47.601+0000] {dag.py:3947} INFO - Setting next_dagrun for transfer_from_minio_to_snowflake_accounts to 2026-03-19 02:37:00+00:00, run_after=2026-03-19 02:38:00+00:00
[2026-03-19T02:38:47.603+0000] {logging_mixin.py:188} INFO - [2026-03-19T02:38:47.603+0000] {dag.py:3947} INFO - Setting next_dagrun for transfer_from_minio_to_snowflake_customers to 2026-03-19 02:37:00+00:00, run_after=2026-03-19 02:38:00+00:00
[2026-03-19T02:38:47.605+0000] {logging_mixin.py:188} INFO - [2026-03-19T02:38:47.605+0000] {dag.py:3947} INFO - Setting next_dagrun for transfer_from_minio_to_snowflake_transactions to 2026-03-19 02:37:00+00:00, run_after=2026-03-19 02:38:00+00:00
[2026-03-19T02:38:47.612+0000] {processor.py:183} INFO - Processing /opt/airflow/dags/transfer.py took 0.115 seconds
[2026-03-19T02:39:18.295+0000] {processor.py:161} INFO - Started process (PID=10085) to work on /opt/airflow/dags/transfer.py
[2026-03-19T02:39:18.297+0000] {processor.py:830} INFO - Processing file /opt/airflow/dags/transfer.py for tasks to queue
[2026-03-19T02:39:18.300+0000] {logging_mixin.py:188} INFO - [2026-03-19T02:39:18.300+0000] {dagbag.py:545} INFO - Filling up the DagBag from /opt/airflow/dags/transfer.py
[2026-03-19T02:39:18.335+0000] {processor.py:840} INFO - DAG(s) 'transfer_from_minio_to_snowflake_accounts', 'transfer_from_minio_to_snowflake_transactions', 'transfer_from_minio_to_snowflake_customers' retrieved from /opt/airflow/dags/transfer.py
[2026-03-19T02:39:18.368+0000] {logging_mixin.py:188} INFO - [2026-03-19T02:39:18.368+0000] {dag.py:3089} INFO - Sync 3 DAGs
[2026-03-19T02:39:18.384+0000] {logging_mixin.py:188} INFO - [2026-03-19T02:39:18.384+0000] {dag.py:3947} INFO - Setting next_dagrun for transfer_from_minio_to_snowflake_accounts to 2026-03-19 02:38:00+00:00, run_after=2026-03-19 02:39:00+00:00
[2026-03-19T02:39:18.387+0000] {logging_mixin.py:188} INFO - [2026-03-19T02:39:18.387+0000] {dag.py:3947} INFO - Setting next_dagrun for transfer_from_minio_to_snowflake_customers to 2026-03-19 02:38:00+00:00, run_after=2026-03-19 02:39:00+00:00
[2026-03-19T02:39:18.389+0000] {logging_mixin.py:188} INFO - [2026-03-19T02:39:18.389+0000] {dag.py:3947} INFO - Setting next_dagrun for transfer_from_minio_to_snowflake_transactions to 2026-03-19 02:38:00+00:00, run_after=2026-03-19 02:39:00+00:00
[2026-03-19T02:39:18.396+0000] {processor.py:183} INFO - Processing /opt/airflow/dags/transfer.py took 0.113 seconds
[2026-03-19T02:39:48.811+0000] {processor.py:161} INFO - Started process (PID=10087) to work on /opt/airflow/dags/transfer.py
[2026-03-19T02:39:48.812+0000] {processor.py:830} INFO - Processing file /opt/airflow/dags/transfer.py for tasks to queue
[2026-03-19T02:39:48.814+0000] {logging_mixin.py:188} INFO - [2026-03-19T02:39:48.814+0000] {dagbag.py:545} INFO - Filling up the DagBag from /opt/airflow/dags/transfer.py
[2026-03-19T02:39:48.852+0000] {processor.py:840} INFO - DAG(s) 'transfer_from_minio_to_snowflake_accounts', 'transfer_from_minio_to_snowflake_transactions', 'transfer_from_minio_to_snowflake_customers' retrieved from /opt/airflow/dags/transfer.py
[2026-03-19T02:39:48.887+0000] {logging_mixin.py:188} INFO - [2026-03-19T02:39:48.886+0000] {dag.py:3089} INFO - Sync 3 DAGs
[2026-03-19T02:39:48.901+0000] {logging_mixin.py:188} INFO - [2026-03-19T02:39:48.901+0000] {dag.py:3947} INFO - Setting next_dagrun for transfer_from_minio_to_snowflake_accounts to 2026-03-19 02:38:00+00:00, run_after=2026-03-19 02:39:00+00:00
[2026-03-19T02:39:48.904+0000] {logging_mixin.py:188} INFO - [2026-03-19T02:39:48.904+0000] {dag.py:3947} INFO - Setting next_dagrun for transfer_from_minio_to_snowflake_customers to 2026-03-19 02:38:00+00:00, run_after=2026-03-19 02:39:00+00:00
[2026-03-19T02:39:48.905+0000] {logging_mixin.py:188} INFO - [2026-03-19T02:39:48.905+0000] {dag.py:3947} INFO - Setting next_dagrun for transfer_from_minio_to_snowflake_transactions to 2026-03-19 02:38:00+00:00, run_after=2026-03-19 02:39:00+00:00
[2026-03-19T02:39:48.912+0000] {processor.py:183} INFO - Processing /opt/airflow/dags/transfer.py took 0.114 seconds
[2026-03-19T02:40:19.461+0000] {processor.py:161} INFO - Started process (PID=10089) to work on /opt/airflow/dags/transfer.py
[2026-03-19T02:40:19.465+0000] {processor.py:830} INFO - Processing file /opt/airflow/dags/transfer.py for tasks to queue
[2026-03-19T02:40:19.467+0000] {logging_mixin.py:188} INFO - [2026-03-19T02:40:19.467+0000] {dagbag.py:545} INFO - Filling up the DagBag from /opt/airflow/dags/transfer.py
[2026-03-19T02:40:19.503+0000] {processor.py:840} INFO - DAG(s) 'transfer_from_minio_to_snowflake_accounts', 'transfer_from_minio_to_snowflake_transactions', 'transfer_from_minio_to_snowflake_customers' retrieved from /opt/airflow/dags/transfer.py
[2026-03-19T02:40:19.541+0000] {logging_mixin.py:188} INFO - [2026-03-19T02:40:19.541+0000] {dag.py:3089} INFO - Sync 3 DAGs
[2026-03-19T02:40:19.555+0000] {logging_mixin.py:188} INFO - [2026-03-19T02:40:19.555+0000] {dag.py:3947} INFO - Setting next_dagrun for transfer_from_minio_to_snowflake_accounts to 2026-03-19 02:39:00+00:00, run_after=2026-03-19 02:40:00+00:00
[2026-03-19T02:40:19.558+0000] {logging_mixin.py:188} INFO - [2026-03-19T02:40:19.558+0000] {dag.py:3947} INFO - Setting next_dagrun for transfer_from_minio_to_snowflake_customers to 2026-03-19 02:39:00+00:00, run_after=2026-03-19 02:40:00+00:00
[2026-03-19T02:40:19.559+0000] {logging_mixin.py:188} INFO - [2026-03-19T02:40:19.559+0000] {dag.py:3947} INFO - Setting next_dagrun for transfer_from_minio_to_snowflake_transactions to 2026-03-19 02:39:00+00:00, run_after=2026-03-19 02:40:00+00:00
[2026-03-19T02:40:19.567+0000] {processor.py:183} INFO - Processing /opt/airflow/dags/transfer.py took 0.117 seconds
[2026-03-19T02:40:50.085+0000] {processor.py:161} INFO - Started process (PID=10091) to work on /opt/airflow/dags/transfer.py
[2026-03-19T02:40:50.087+0000] {processor.py:830} INFO - Processing file /opt/airflow/dags/transfer.py for tasks to queue
[2026-03-19T02:40:50.091+0000] {logging_mixin.py:188} INFO - [2026-03-19T02:40:50.090+0000] {dagbag.py:545} INFO - Filling up the DagBag from /opt/airflow/dags/transfer.py
[2026-03-19T02:40:50.135+0000] {processor.py:840} INFO - DAG(s) 'transfer_from_minio_to_snowflake_customers', 'transfer_from_minio_to_snowflake_accounts', 'transfer_from_minio_to_snowflake_transactions' retrieved from /opt/airflow/dags/transfer.py
[2026-03-19T02:40:50.172+0000] {logging_mixin.py:188} INFO - [2026-03-19T02:40:50.171+0000] {dag.py:3089} INFO - Sync 3 DAGs
[2026-03-19T02:40:50.187+0000] {logging_mixin.py:188} INFO - [2026-03-19T02:40:50.187+0000] {dag.py:3947} INFO - Setting next_dagrun for transfer_from_minio_to_snowflake_accounts to 2026-03-19 02:39:00+00:00, run_after=2026-03-19 02:40:00+00:00
[2026-03-19T02:40:50.191+0000] {logging_mixin.py:188} INFO - [2026-03-19T02:40:50.191+0000] {dag.py:3947} INFO - Setting next_dagrun for transfer_from_minio_to_snowflake_customers to 2026-03-19 02:39:00+00:00, run_after=2026-03-19 02:40:00+00:00
[2026-03-19T02:40:50.192+0000] {logging_mixin.py:188} INFO - [2026-03-19T02:40:50.192+0000] {dag.py:3947} INFO - Setting next_dagrun for transfer_from_minio_to_snowflake_transactions to 2026-03-19 02:39:00+00:00, run_after=2026-03-19 02:40:00+00:00
[2026-03-19T02:40:50.199+0000] {processor.py:183} INFO - Processing /opt/airflow/dags/transfer.py took 0.124 seconds
[2026-03-19T02:41:20.713+0000] {processor.py:161} INFO - Started process (PID=10093) to work on /opt/airflow/dags/transfer.py
[2026-03-19T02:41:20.714+0000] {processor.py:830} INFO - Processing file /opt/airflow/dags/transfer.py for tasks to queue
[2026-03-19T02:41:20.716+0000] {logging_mixin.py:188} INFO - [2026-03-19T02:41:20.716+0000] {dagbag.py:545} INFO - Filling up the DagBag from /opt/airflow/dags/transfer.py
[2026-03-19T02:41:20.755+0000] {processor.py:840} INFO - DAG(s) 'transfer_from_minio_to_snowflake_accounts', 'transfer_from_minio_to_snowflake_customers', 'transfer_from_minio_to_snowflake_transactions' retrieved from /opt/airflow/dags/transfer.py
[2026-03-19T02:41:20.795+0000] {logging_mixin.py:188} INFO - [2026-03-19T02:41:20.794+0000] {dag.py:3089} INFO - Sync 3 DAGs
[2026-03-19T02:41:20.809+0000] {logging_mixin.py:188} INFO - [2026-03-19T02:41:20.809+0000] {dag.py:3947} INFO - Setting next_dagrun for transfer_from_minio_to_snowflake_accounts to 2026-03-19 02:40:00+00:00, run_after=2026-03-19 02:41:00+00:00
[2026-03-19T02:41:20.811+0000] {logging_mixin.py:188} INFO - [2026-03-19T02:41:20.811+0000] {dag.py:3947} INFO - Setting next_dagrun for transfer_from_minio_to_snowflake_customers to 2026-03-19 02:40:00+00:00, run_after=2026-03-19 02:41:00+00:00
[2026-03-19T02:41:20.813+0000] {logging_mixin.py:188} INFO - [2026-03-19T02:41:20.813+0000] {dag.py:3947} INFO - Setting next_dagrun for transfer_from_minio_to_snowflake_transactions to 2026-03-19 02:40:00+00:00, run_after=2026-03-19 02:41:00+00:00
[2026-03-19T02:41:20.821+0000] {processor.py:183} INFO - Processing /opt/airflow/dags/transfer.py took 0.121 seconds
[2026-03-19T02:41:51.430+0000] {processor.py:161} INFO - Started process (PID=10095) to work on /opt/airflow/dags/transfer.py
[2026-03-19T02:41:51.433+0000] {processor.py:830} INFO - Processing file /opt/airflow/dags/transfer.py for tasks to queue
[2026-03-19T02:41:51.437+0000] {logging_mixin.py:188} INFO - [2026-03-19T02:41:51.436+0000] {dagbag.py:545} INFO - Filling up the DagBag from /opt/airflow/dags/transfer.py
[2026-03-19T02:41:51.483+0000] {processor.py:840} INFO - DAG(s) 'transfer_from_minio_to_snowflake_transactions', 'transfer_from_minio_to_snowflake_customers', 'transfer_from_minio_to_snowflake_accounts' retrieved from /opt/airflow/dags/transfer.py
[2026-03-19T02:41:51.516+0000] {logging_mixin.py:188} INFO - [2026-03-19T02:41:51.516+0000] {dag.py:3089} INFO - Sync 3 DAGs
[2026-03-19T02:41:51.530+0000] {logging_mixin.py:188} INFO - [2026-03-19T02:41:51.530+0000] {dag.py:3947} INFO - Setting next_dagrun for transfer_from_minio_to_snowflake_accounts to 2026-03-19 02:40:00+00:00, run_after=2026-03-19 02:41:00+00:00
[2026-03-19T02:41:51.533+0000] {logging_mixin.py:188} INFO - [2026-03-19T02:41:51.533+0000] {dag.py:3947} INFO - Setting next_dagrun for transfer_from_minio_to_snowflake_customers to 2026-03-19 02:40:00+00:00, run_after=2026-03-19 02:41:00+00:00
[2026-03-19T02:41:51.534+0000] {logging_mixin.py:188} INFO - [2026-03-19T02:41:51.534+0000] {dag.py:3947} INFO - Setting next_dagrun for transfer_from_minio_to_snowflake_transactions to 2026-03-19 02:40:00+00:00, run_after=2026-03-19 02:41:00+00:00
[2026-03-19T02:41:51.541+0000] {processor.py:183} INFO - Processing /opt/airflow/dags/transfer.py took 0.127 seconds
[2026-03-19T02:42:22.057+0000] {processor.py:161} INFO - Started process (PID=10097) to work on /opt/airflow/dags/transfer.py
[2026-03-19T02:42:22.060+0000] {processor.py:830} INFO - Processing file /opt/airflow/dags/transfer.py for tasks to queue
[2026-03-19T02:42:22.063+0000] {logging_mixin.py:188} INFO - [2026-03-19T02:42:22.062+0000] {dagbag.py:545} INFO - Filling up the DagBag from /opt/airflow/dags/transfer.py
[2026-03-19T02:42:22.104+0000] {processor.py:840} INFO - DAG(s) 'transfer_from_minio_to_snowflake_customers', 'transfer_from_minio_to_snowflake_transactions', 'transfer_from_minio_to_snowflake_accounts' retrieved from /opt/airflow/dags/transfer.py
[2026-03-19T02:42:22.142+0000] {logging_mixin.py:188} INFO - [2026-03-19T02:42:22.141+0000] {dag.py:3089} INFO - Sync 3 DAGs
[2026-03-19T02:42:22.158+0000] {logging_mixin.py:188} INFO - [2026-03-19T02:42:22.158+0000] {dag.py:3947} INFO - Setting next_dagrun for transfer_from_minio_to_snowflake_accounts to 2026-03-19 02:41:00+00:00, run_after=2026-03-19 02:42:00+00:00
[2026-03-19T02:42:22.161+0000] {logging_mixin.py:188} INFO - [2026-03-19T02:42:22.161+0000] {dag.py:3947} INFO - Setting next_dagrun for transfer_from_minio_to_snowflake_customers to 2026-03-19 02:41:00+00:00, run_after=2026-03-19 02:42:00+00:00
[2026-03-19T02:42:22.162+0000] {logging_mixin.py:188} INFO - [2026-03-19T02:42:22.162+0000] {dag.py:3947} INFO - Setting next_dagrun for transfer_from_minio_to_snowflake_transactions to 2026-03-19 02:41:00+00:00, run_after=2026-03-19 02:42:00+00:00
[2026-03-19T02:42:22.170+0000] {processor.py:183} INFO - Processing /opt/airflow/dags/transfer.py took 0.126 seconds
[2026-03-19T02:42:52.751+0000] {processor.py:161} INFO - Started process (PID=10099) to work on /opt/airflow/dags/transfer.py
[2026-03-19T02:42:52.754+0000] {processor.py:830} INFO - Processing file /opt/airflow/dags/transfer.py for tasks to queue
[2026-03-19T02:42:52.757+0000] {logging_mixin.py:188} INFO - [2026-03-19T02:42:52.757+0000] {dagbag.py:545} INFO - Filling up the DagBag from /opt/airflow/dags/transfer.py
[2026-03-19T02:42:52.812+0000] {processor.py:840} INFO - DAG(s) 'transfer_from_minio_to_snowflake_accounts', 'transfer_from_minio_to_snowflake_customers', 'transfer_from_minio_to_snowflake_transactions' retrieved from /opt/airflow/dags/transfer.py
[2026-03-19T02:42:52.854+0000] {logging_mixin.py:188} INFO - [2026-03-19T02:42:52.854+0000] {dag.py:3089} INFO - Sync 3 DAGs
[2026-03-19T02:42:52.875+0000] {logging_mixin.py:188} INFO - [2026-03-19T02:42:52.875+0000] {dag.py:3947} INFO - Setting next_dagrun for transfer_from_minio_to_snowflake_accounts to 2026-03-19 02:41:00+00:00, run_after=2026-03-19 02:42:00+00:00
[2026-03-19T02:42:52.879+0000] {logging_mixin.py:188} INFO - [2026-03-19T02:42:52.879+0000] {dag.py:3947} INFO - Setting next_dagrun for transfer_from_minio_to_snowflake_customers to 2026-03-19 02:41:00+00:00, run_after=2026-03-19 02:42:00+00:00
[2026-03-19T02:42:52.880+0000] {logging_mixin.py:188} INFO - [2026-03-19T02:42:52.880+0000] {dag.py:3947} INFO - Setting next_dagrun for transfer_from_minio_to_snowflake_transactions to 2026-03-19 02:41:00+00:00, run_after=2026-03-19 02:42:00+00:00
[2026-03-19T02:42:52.888+0000] {processor.py:183} INFO - Processing /opt/airflow/dags/transfer.py took 0.145 seconds
[2026-03-19T02:43:23.414+0000] {processor.py:161} INFO - Started process (PID=10101) to work on /opt/airflow/dags/transfer.py
[2026-03-19T02:43:23.423+0000] {processor.py:830} INFO - Processing file /opt/airflow/dags/transfer.py for tasks to queue
[2026-03-19T02:43:23.427+0000] {logging_mixin.py:188} INFO - [2026-03-19T02:43:23.426+0000] {dagbag.py:545} INFO - Filling up the DagBag from /opt/airflow/dags/transfer.py
[2026-03-19T02:43:23.468+0000] {processor.py:840} INFO - DAG(s) 'transfer_from_minio_to_snowflake_transactions', 'transfer_from_minio_to_snowflake_customers', 'transfer_from_minio_to_snowflake_accounts' retrieved from /opt/airflow/dags/transfer.py
[2026-03-19T02:43:23.584+0000] {logging_mixin.py:188} INFO - [2026-03-19T02:43:23.584+0000] {dag.py:3089} INFO - Sync 3 DAGs
[2026-03-19T02:43:23.601+0000] {logging_mixin.py:188} INFO - [2026-03-19T02:43:23.601+0000] {dag.py:3947} INFO - Setting next_dagrun for transfer_from_minio_to_snowflake_accounts to 2026-03-19 02:42:00+00:00, run_after=2026-03-19 02:43:00+00:00
[2026-03-19T02:43:23.604+0000] {logging_mixin.py:188} INFO - [2026-03-19T02:43:23.604+0000] {dag.py:3947} INFO - Setting next_dagrun for transfer_from_minio_to_snowflake_customers to 2026-03-19 02:42:00+00:00, run_after=2026-03-19 02:43:00+00:00
[2026-03-19T02:43:23.605+0000] {logging_mixin.py:188} INFO - [2026-03-19T02:43:23.605+0000] {dag.py:3947} INFO - Setting next_dagrun for transfer_from_minio_to_snowflake_transactions to 2026-03-19 02:42:00+00:00, run_after=2026-03-19 02:43:00+00:00
[2026-03-19T02:43:23.614+0000] {processor.py:183} INFO - Processing /opt/airflow/dags/transfer.py took 0.214 seconds
[2026-03-19T02:43:54.071+0000] {processor.py:161} INFO - Started process (PID=10103) to work on /opt/airflow/dags/transfer.py
[2026-03-19T02:43:54.077+0000] {processor.py:830} INFO - Processing file /opt/airflow/dags/transfer.py for tasks to queue
[2026-03-19T02:43:54.079+0000] {logging_mixin.py:188} INFO - [2026-03-19T02:43:54.078+0000] {dagbag.py:545} INFO - Filling up the DagBag from /opt/airflow/dags/transfer.py
[2026-03-19T02:43:54.136+0000] {processor.py:840} INFO - DAG(s) 'transfer_from_minio_to_snowflake_customers', 'transfer_from_minio_to_snowflake_transactions', 'transfer_from_minio_to_snowflake_accounts' retrieved from /opt/airflow/dags/transfer.py
[2026-03-19T02:43:54.162+0000] {logging_mixin.py:188} INFO - [2026-03-19T02:43:54.162+0000] {dag.py:3089} INFO - Sync 3 DAGs
[2026-03-19T02:43:54.179+0000] {logging_mixin.py:188} INFO - [2026-03-19T02:43:54.178+0000] {dag.py:3947} INFO - Setting next_dagrun for transfer_from_minio_to_snowflake_accounts to 2026-03-19 02:42:00+00:00, run_after=2026-03-19 02:43:00+00:00
[2026-03-19T02:43:54.181+0000] {logging_mixin.py:188} INFO - [2026-03-19T02:43:54.181+0000] {dag.py:3947} INFO - Setting next_dagrun for transfer_from_minio_to_snowflake_customers to 2026-03-19 02:42:00+00:00, run_after=2026-03-19 02:43:00+00:00
[2026-03-19T02:43:54.183+0000] {logging_mixin.py:188} INFO - [2026-03-19T02:43:54.183+0000] {dag.py:3947} INFO - Setting next_dagrun for transfer_from_minio_to_snowflake_transactions to 2026-03-19 02:42:00+00:00, run_after=2026-03-19 02:43:00+00:00
[2026-03-19T02:43:54.189+0000] {processor.py:183} INFO - Processing /opt/airflow/dags/transfer.py took 0.129 seconds
[2026-03-19T02:44:24.746+0000] {processor.py:161} INFO - Started process (PID=10105) to work on /opt/airflow/dags/transfer.py
[2026-03-19T02:44:24.747+0000] {processor.py:830} INFO - Processing file /opt/airflow/dags/transfer.py for tasks to queue
[2026-03-19T02:44:24.751+0000] {logging_mixin.py:188} INFO - [2026-03-19T02:44:24.751+0000] {dagbag.py:545} INFO - Filling up the DagBag from /opt/airflow/dags/transfer.py
[2026-03-19T02:44:24.781+0000] {processor.py:840} INFO - DAG(s) 'transfer_from_minio_to_snowflake_accounts', 'transfer_from_minio_to_snowflake_transactions', 'transfer_from_minio_to_snowflake_customers' retrieved from /opt/airflow/dags/transfer.py
[2026-03-19T02:44:24.821+0000] {logging_mixin.py:188} INFO - [2026-03-19T02:44:24.821+0000] {dag.py:3089} INFO - Sync 3 DAGs
[2026-03-19T02:44:24.838+0000] {logging_mixin.py:188} INFO - [2026-03-19T02:44:24.838+0000] {dag.py:3947} INFO - Setting next_dagrun for transfer_from_minio_to_snowflake_accounts to 2026-03-19 02:43:00+00:00, run_after=2026-03-19 02:44:00+00:00
[2026-03-19T02:44:24.842+0000] {logging_mixin.py:188} INFO - [2026-03-19T02:44:24.842+0000] {dag.py:3947} INFO - Setting next_dagrun for transfer_from_minio_to_snowflake_customers to 2026-03-19 02:43:00+00:00, run_after=2026-03-19 02:44:00+00:00
[2026-03-19T02:44:24.844+0000] {logging_mixin.py:188} INFO - [2026-03-19T02:44:24.844+0000] {dag.py:3947} INFO - Setting next_dagrun for transfer_from_minio_to_snowflake_transactions to 2026-03-19 02:43:00+00:00, run_after=2026-03-19 02:44:00+00:00
[2026-03-19T02:44:24.852+0000] {processor.py:183} INFO - Processing /opt/airflow/dags/transfer.py took 0.119 seconds
[2026-03-19T02:44:55.688+0000] {processor.py:161} INFO - Started process (PID=10107) to work on /opt/airflow/dags/transfer.py
[2026-03-19T02:44:55.694+0000] {processor.py:830} INFO - Processing file /opt/airflow/dags/transfer.py for tasks to queue
[2026-03-19T02:44:55.697+0000] {logging_mixin.py:188} INFO - [2026-03-19T02:44:55.697+0000] {dagbag.py:545} INFO - Filling up the DagBag from /opt/airflow/dags/transfer.py
[2026-03-19T02:44:55.755+0000] {processor.py:840} INFO - DAG(s) 'transfer_from_minio_to_snowflake_transactions', 'transfer_from_minio_to_snowflake_customers', 'transfer_from_minio_to_snowflake_accounts' retrieved from /opt/airflow/dags/transfer.py
[2026-03-19T02:44:55.823+0000] {logging_mixin.py:188} INFO - [2026-03-19T02:44:55.823+0000] {dag.py:3089} INFO - Sync 3 DAGs
[2026-03-19T02:44:55.848+0000] {logging_mixin.py:188} INFO - [2026-03-19T02:44:55.848+0000] {dag.py:3947} INFO - Setting next_dagrun for transfer_from_minio_to_snowflake_accounts to 2026-03-19 02:43:00+00:00, run_after=2026-03-19 02:44:00+00:00
[2026-03-19T02:44:55.852+0000] {logging_mixin.py:188} INFO - [2026-03-19T02:44:55.852+0000] {dag.py:3947} INFO - Setting next_dagrun for transfer_from_minio_to_snowflake_customers to 2026-03-19 02:43:00+00:00, run_after=2026-03-19 02:44:00+00:00
[2026-03-19T02:44:55.854+0000] {logging_mixin.py:188} INFO - [2026-03-19T02:44:55.854+0000] {dag.py:3947} INFO - Setting next_dagrun for transfer_from_minio_to_snowflake_transactions to 2026-03-19 02:43:00+00:00, run_after=2026-03-19 02:44:00+00:00
[2026-03-19T02:44:55.867+0000] {processor.py:183} INFO - Processing /opt/airflow/dags/transfer.py took 0.191 seconds
[2026-03-19T02:45:26.380+0000] {processor.py:161} INFO - Started process (PID=10109) to work on /opt/airflow/dags/transfer.py
[2026-03-19T02:45:26.383+0000] {processor.py:830} INFO - Processing file /opt/airflow/dags/transfer.py for tasks to queue
[2026-03-19T02:45:26.385+0000] {logging_mixin.py:188} INFO - [2026-03-19T02:45:26.385+0000] {dagbag.py:545} INFO - Filling up the DagBag from /opt/airflow/dags/transfer.py
[2026-03-19T02:45:26.422+0000] {processor.py:840} INFO - DAG(s) 'transfer_from_minio_to_snowflake_customers', 'transfer_from_minio_to_snowflake_transactions', 'transfer_from_minio_to_snowflake_accounts' retrieved from /opt/airflow/dags/transfer.py
[2026-03-19T02:45:26.468+0000] {logging_mixin.py:188} INFO - [2026-03-19T02:45:26.467+0000] {dag.py:3089} INFO - Sync 3 DAGs
[2026-03-19T02:45:26.499+0000] {logging_mixin.py:188} INFO - [2026-03-19T02:45:26.499+0000] {dag.py:3947} INFO - Setting next_dagrun for transfer_from_minio_to_snowflake_accounts to 2026-03-19 02:44:00+00:00, run_after=2026-03-19 02:45:00+00:00
[2026-03-19T02:45:26.502+0000] {logging_mixin.py:188} INFO - [2026-03-19T02:45:26.502+0000] {dag.py:3947} INFO - Setting next_dagrun for transfer_from_minio_to_snowflake_customers to 2026-03-19 02:44:00+00:00, run_after=2026-03-19 02:45:00+00:00
[2026-03-19T02:45:26.504+0000] {logging_mixin.py:188} INFO - [2026-03-19T02:45:26.504+0000] {dag.py:3947} INFO - Setting next_dagrun for transfer_from_minio_to_snowflake_transactions to 2026-03-19 02:44:00+00:00, run_after=2026-03-19 02:45:00+00:00
[2026-03-19T02:45:26.512+0000] {processor.py:183} INFO - Processing /opt/airflow/dags/transfer.py took 0.145 seconds
[2026-03-19T02:45:56.943+0000] {processor.py:161} INFO - Started process (PID=10111) to work on /opt/airflow/dags/transfer.py
[2026-03-19T02:45:56.945+0000] {processor.py:830} INFO - Processing file /opt/airflow/dags/transfer.py for tasks to queue
[2026-03-19T02:45:56.949+0000] {logging_mixin.py:188} INFO - [2026-03-19T02:45:56.948+0000] {dagbag.py:545} INFO - Filling up the DagBag from /opt/airflow/dags/transfer.py
[2026-03-19T02:45:56.991+0000] {processor.py:840} INFO - DAG(s) 'transfer_from_minio_to_snowflake_accounts', 'transfer_from_minio_to_snowflake_transactions', 'transfer_from_minio_to_snowflake_customers' retrieved from /opt/airflow/dags/transfer.py
[2026-03-19T02:45:57.023+0000] {logging_mixin.py:188} INFO - [2026-03-19T02:45:57.023+0000] {dag.py:3089} INFO - Sync 3 DAGs
[2026-03-19T02:45:57.038+0000] {logging_mixin.py:188} INFO - [2026-03-19T02:45:57.038+0000] {dag.py:3947} INFO - Setting next_dagrun for transfer_from_minio_to_snowflake_accounts to 2026-03-19 02:44:00+00:00, run_after=2026-03-19 02:45:00+00:00
[2026-03-19T02:45:57.041+0000] {logging_mixin.py:188} INFO - [2026-03-19T02:45:57.041+0000] {dag.py:3947} INFO - Setting next_dagrun for transfer_from_minio_to_snowflake_customers to 2026-03-19 02:44:00+00:00, run_after=2026-03-19 02:45:00+00:00
[2026-03-19T02:45:57.042+0000] {logging_mixin.py:188} INFO - [2026-03-19T02:45:57.042+0000] {dag.py:3947} INFO - Setting next_dagrun for transfer_from_minio_to_snowflake_transactions to 2026-03-19 02:44:00+00:00, run_after=2026-03-19 02:45:00+00:00
[2026-03-19T02:45:57.050+0000] {processor.py:183} INFO - Processing /opt/airflow/dags/transfer.py took 0.123 seconds
[2026-03-19T02:46:27.462+0000] {processor.py:161} INFO - Started process (PID=10113) to work on /opt/airflow/dags/transfer.py
[2026-03-19T02:46:27.466+0000] {processor.py:830} INFO - Processing file /opt/airflow/dags/transfer.py for tasks to queue
[2026-03-19T02:46:27.468+0000] {logging_mixin.py:188} INFO - [2026-03-19T02:46:27.468+0000] {dagbag.py:545} INFO - Filling up the DagBag from /opt/airflow/dags/transfer.py
[2026-03-19T02:46:27.500+0000] {processor.py:840} INFO - DAG(s) 'transfer_from_minio_to_snowflake_accounts', 'transfer_from_minio_to_snowflake_customers', 'transfer_from_minio_to_snowflake_transactions' retrieved from /opt/airflow/dags/transfer.py
[2026-03-19T02:46:27.531+0000] {logging_mixin.py:188} INFO - [2026-03-19T02:46:27.530+0000] {dag.py:3089} INFO - Sync 3 DAGs
[2026-03-19T02:46:27.547+0000] {logging_mixin.py:188} INFO - [2026-03-19T02:46:27.547+0000] {dag.py:3947} INFO - Setting next_dagrun for transfer_from_minio_to_snowflake_accounts to 2026-03-19 02:45:00+00:00, run_after=2026-03-19 02:46:00+00:00
[2026-03-19T02:46:27.550+0000] {logging_mixin.py:188} INFO - [2026-03-19T02:46:27.549+0000] {dag.py:3947} INFO - Setting next_dagrun for transfer_from_minio_to_snowflake_customers to 2026-03-19 02:45:00+00:00, run_after=2026-03-19 02:46:00+00:00
[2026-03-19T02:46:27.551+0000] {logging_mixin.py:188} INFO - [2026-03-19T02:46:27.551+0000] {dag.py:3947} INFO - Setting next_dagrun for transfer_from_minio_to_snowflake_transactions to 2026-03-19 02:45:00+00:00, run_after=2026-03-19 02:46:00+00:00
[2026-03-19T02:46:27.561+0000] {processor.py:183} INFO - Processing /opt/airflow/dags/transfer.py took 0.111 seconds
[2026-03-19T02:46:57.988+0000] {processor.py:161} INFO - Started process (PID=10115) to work on /opt/airflow/dags/transfer.py
[2026-03-19T02:46:57.990+0000] {processor.py:830} INFO - Processing file /opt/airflow/dags/transfer.py for tasks to queue
[2026-03-19T02:46:57.993+0000] {logging_mixin.py:188} INFO - [2026-03-19T02:46:57.992+0000] {dagbag.py:545} INFO - Filling up the DagBag from /opt/airflow/dags/transfer.py
[2026-03-19T02:46:58.031+0000] {processor.py:840} INFO - DAG(s) 'transfer_from_minio_to_snowflake_customers', 'transfer_from_minio_to_snowflake_transactions', 'transfer_from_minio_to_snowflake_accounts' retrieved from /opt/airflow/dags/transfer.py
[2026-03-19T02:46:58.064+0000] {logging_mixin.py:188} INFO - [2026-03-19T02:46:58.064+0000] {dag.py:3089} INFO - Sync 3 DAGs
[2026-03-19T02:46:58.082+0000] {logging_mixin.py:188} INFO - [2026-03-19T02:46:58.082+0000] {dag.py:3947} INFO - Setting next_dagrun for transfer_from_minio_to_snowflake_accounts to 2026-03-19 02:45:00+00:00, run_after=2026-03-19 02:46:00+00:00
[2026-03-19T02:46:58.085+0000] {logging_mixin.py:188} INFO - [2026-03-19T02:46:58.084+0000] {dag.py:3947} INFO - Setting next_dagrun for transfer_from_minio_to_snowflake_customers to 2026-03-19 02:45:00+00:00, run_after=2026-03-19 02:46:00+00:00
[2026-03-19T02:46:58.086+0000] {logging_mixin.py:188} INFO - [2026-03-19T02:46:58.086+0000] {dag.py:3947} INFO - Setting next_dagrun for transfer_from_minio_to_snowflake_transactions to 2026-03-19 02:45:00+00:00, run_after=2026-03-19 02:46:00+00:00
[2026-03-19T02:46:58.094+0000] {processor.py:183} INFO - Processing /opt/airflow/dags/transfer.py took 0.117 seconds
[2026-03-19T02:47:28.502+0000] {processor.py:161} INFO - Started process (PID=10117) to work on /opt/airflow/dags/transfer.py
[2026-03-19T02:47:28.504+0000] {processor.py:830} INFO - Processing file /opt/airflow/dags/transfer.py for tasks to queue
[2026-03-19T02:47:28.506+0000] {logging_mixin.py:188} INFO - [2026-03-19T02:47:28.506+0000] {dagbag.py:545} INFO - Filling up the DagBag from /opt/airflow/dags/transfer.py
[2026-03-19T02:47:28.543+0000] {processor.py:840} INFO - DAG(s) 'transfer_from_minio_to_snowflake_customers', 'transfer_from_minio_to_snowflake_transactions', 'transfer_from_minio_to_snowflake_accounts' retrieved from /opt/airflow/dags/transfer.py
[2026-03-19T02:47:28.577+0000] {logging_mixin.py:188} INFO - [2026-03-19T02:47:28.577+0000] {dag.py:3089} INFO - Sync 3 DAGs
[2026-03-19T02:47:28.592+0000] {logging_mixin.py:188} INFO - [2026-03-19T02:47:28.592+0000] {dag.py:3947} INFO - Setting next_dagrun for transfer_from_minio_to_snowflake_accounts to 2026-03-19 02:46:00+00:00, run_after=2026-03-19 02:47:00+00:00
[2026-03-19T02:47:28.595+0000] {logging_mixin.py:188} INFO - [2026-03-19T02:47:28.595+0000] {dag.py:3947} INFO - Setting next_dagrun for transfer_from_minio_to_snowflake_customers to 2026-03-19 02:46:00+00:00, run_after=2026-03-19 02:47:00+00:00
[2026-03-19T02:47:28.596+0000] {logging_mixin.py:188} INFO - [2026-03-19T02:47:28.596+0000] {dag.py:3947} INFO - Setting next_dagrun for transfer_from_minio_to_snowflake_transactions to 2026-03-19 02:46:00+00:00, run_after=2026-03-19 02:47:00+00:00
[2026-03-19T02:47:28.604+0000] {processor.py:183} INFO - Processing /opt/airflow/dags/transfer.py took 0.116 seconds
[2026-03-19T02:47:59.059+0000] {processor.py:161} INFO - Started process (PID=10119) to work on /opt/airflow/dags/transfer.py
[2026-03-19T02:47:59.061+0000] {processor.py:830} INFO - Processing file /opt/airflow/dags/transfer.py for tasks to queue
[2026-03-19T02:47:59.065+0000] {logging_mixin.py:188} INFO - [2026-03-19T02:47:59.065+0000] {dagbag.py:545} INFO - Filling up the DagBag from /opt/airflow/dags/transfer.py
[2026-03-19T02:47:59.105+0000] {processor.py:840} INFO - DAG(s) 'transfer_from_minio_to_snowflake_customers', 'transfer_from_minio_to_snowflake_transactions', 'transfer_from_minio_to_snowflake_accounts' retrieved from /opt/airflow/dags/transfer.py
[2026-03-19T02:47:59.140+0000] {logging_mixin.py:188} INFO - [2026-03-19T02:47:59.140+0000] {dag.py:3089} INFO - Sync 3 DAGs
[2026-03-19T02:47:59.158+0000] {logging_mixin.py:188} INFO - [2026-03-19T02:47:59.158+0000] {dag.py:3947} INFO - Setting next_dagrun for transfer_from_minio_to_snowflake_accounts to 2026-03-19 02:46:00+00:00, run_after=2026-03-19 02:47:00+00:00
[2026-03-19T02:47:59.161+0000] {logging_mixin.py:188} INFO - [2026-03-19T02:47:59.161+0000] {dag.py:3947} INFO - Setting next_dagrun for transfer_from_minio_to_snowflake_customers to 2026-03-19 02:46:00+00:00, run_after=2026-03-19 02:47:00+00:00
[2026-03-19T02:47:59.163+0000] {logging_mixin.py:188} INFO - [2026-03-19T02:47:59.163+0000] {dag.py:3947} INFO - Setting next_dagrun for transfer_from_minio_to_snowflake_transactions to 2026-03-19 02:46:00+00:00, run_after=2026-03-19 02:47:00+00:00
[2026-03-19T02:47:59.170+0000] {processor.py:183} INFO - Processing /opt/airflow/dags/transfer.py took 0.128 seconds
[2026-03-19T02:48:29.585+0000] {processor.py:161} INFO - Started process (PID=10121) to work on /opt/airflow/dags/transfer.py
[2026-03-19T02:48:29.591+0000] {processor.py:830} INFO - Processing file /opt/airflow/dags/transfer.py for tasks to queue
[2026-03-19T02:48:29.594+0000] {logging_mixin.py:188} INFO - [2026-03-19T02:48:29.594+0000] {dagbag.py:545} INFO - Filling up the DagBag from /opt/airflow/dags/transfer.py
[2026-03-19T02:48:29.631+0000] {processor.py:840} INFO - DAG(s) 'transfer_from_minio_to_snowflake_accounts', 'transfer_from_minio_to_snowflake_customers', 'transfer_from_minio_to_snowflake_transactions' retrieved from /opt/airflow/dags/transfer.py
[2026-03-19T02:48:29.669+0000] {logging_mixin.py:188} INFO - [2026-03-19T02:48:29.669+0000] {dag.py:3089} INFO - Sync 3 DAGs
[2026-03-19T02:48:29.684+0000] {logging_mixin.py:188} INFO - [2026-03-19T02:48:29.684+0000] {dag.py:3947} INFO - Setting next_dagrun for transfer_from_minio_to_snowflake_accounts to 2026-03-19 02:47:00+00:00, run_after=2026-03-19 02:48:00+00:00
[2026-03-19T02:48:29.687+0000] {logging_mixin.py:188} INFO - [2026-03-19T02:48:29.687+0000] {dag.py:3947} INFO - Setting next_dagrun for transfer_from_minio_to_snowflake_customers to 2026-03-19 02:47:00+00:00, run_after=2026-03-19 02:48:00+00:00
[2026-03-19T02:48:29.688+0000] {logging_mixin.py:188} INFO - [2026-03-19T02:48:29.688+0000] {dag.py:3947} INFO - Setting next_dagrun for transfer_from_minio_to_snowflake_transactions to 2026-03-19 02:47:00+00:00, run_after=2026-03-19 02:48:00+00:00
[2026-03-19T02:48:29.696+0000] {processor.py:183} INFO - Processing /opt/airflow/dags/transfer.py took 0.121 seconds
[2026-03-19T02:49:00.092+0000] {processor.py:161} INFO - Started process (PID=10123) to work on /opt/airflow/dags/transfer.py
[2026-03-19T02:49:00.094+0000] {processor.py:830} INFO - Processing file /opt/airflow/dags/transfer.py for tasks to queue
[2026-03-19T02:49:00.098+0000] {logging_mixin.py:188} INFO - [2026-03-19T02:49:00.097+0000] {dagbag.py:545} INFO - Filling up the DagBag from /opt/airflow/dags/transfer.py
[2026-03-19T02:49:00.128+0000] {processor.py:840} INFO - DAG(s) 'transfer_from_minio_to_snowflake_customers', 'transfer_from_minio_to_snowflake_accounts', 'transfer_from_minio_to_snowflake_transactions' retrieved from /opt/airflow/dags/transfer.py
[2026-03-19T02:49:00.170+0000] {logging_mixin.py:188} INFO - [2026-03-19T02:49:00.169+0000] {dag.py:3089} INFO - Sync 3 DAGs
[2026-03-19T02:49:00.183+0000] {logging_mixin.py:188} INFO - [2026-03-19T02:49:00.183+0000] {dag.py:3947} INFO - Setting next_dagrun for transfer_from_minio_to_snowflake_accounts to 2026-03-19 02:48:00+00:00, run_after=2026-03-19 02:49:00+00:00
[2026-03-19T02:49:00.186+0000] {logging_mixin.py:188} INFO - [2026-03-19T02:49:00.186+0000] {dag.py:3947} INFO - Setting next_dagrun for transfer_from_minio_to_snowflake_customers to 2026-03-19 02:48:00+00:00, run_after=2026-03-19 02:49:00+00:00
[2026-03-19T02:49:00.187+0000] {logging_mixin.py:188} INFO - [2026-03-19T02:49:00.187+0000] {dag.py:3947} INFO - Setting next_dagrun for transfer_from_minio_to_snowflake_transactions to 2026-03-19 02:48:00+00:00, run_after=2026-03-19 02:49:00+00:00
[2026-03-19T02:49:00.196+0000] {processor.py:183} INFO - Processing /opt/airflow/dags/transfer.py took 0.117 seconds
[2026-03-19T02:49:30.676+0000] {processor.py:161} INFO - Started process (PID=10125) to work on /opt/airflow/dags/transfer.py
[2026-03-19T02:49:30.678+0000] {processor.py:830} INFO - Processing file /opt/airflow/dags/transfer.py for tasks to queue
[2026-03-19T02:49:30.684+0000] {logging_mixin.py:188} INFO - [2026-03-19T02:49:30.684+0000] {dagbag.py:545} INFO - Filling up the DagBag from /opt/airflow/dags/transfer.py
[2026-03-19T02:49:30.722+0000] {processor.py:840} INFO - DAG(s) 'transfer_from_minio_to_snowflake_accounts', 'transfer_from_minio_to_snowflake_transactions', 'transfer_from_minio_to_snowflake_customers' retrieved from /opt/airflow/dags/transfer.py
[2026-03-19T02:49:30.755+0000] {logging_mixin.py:188} INFO - [2026-03-19T02:49:30.754+0000] {dag.py:3089} INFO - Sync 3 DAGs
[2026-03-19T02:49:30.769+0000] {logging_mixin.py:188} INFO - [2026-03-19T02:49:30.769+0000] {dag.py:3947} INFO - Setting next_dagrun for transfer_from_minio_to_snowflake_accounts to 2026-03-19 02:48:00+00:00, run_after=2026-03-19 02:49:00+00:00
[2026-03-19T02:49:30.772+0000] {logging_mixin.py:188} INFO - [2026-03-19T02:49:30.772+0000] {dag.py:3947} INFO - Setting next_dagrun for transfer_from_minio_to_snowflake_customers to 2026-03-19 02:48:00+00:00, run_after=2026-03-19 02:49:00+00:00
[2026-03-19T02:49:30.774+0000] {logging_mixin.py:188} INFO - [2026-03-19T02:49:30.774+0000] {dag.py:3947} INFO - Setting next_dagrun for transfer_from_minio_to_snowflake_transactions to 2026-03-19 02:48:00+00:00, run_after=2026-03-19 02:49:00+00:00
[2026-03-19T02:49:30.781+0000] {processor.py:183} INFO - Processing /opt/airflow/dags/transfer.py took 0.118 seconds
[2026-03-19T02:50:01.205+0000] {processor.py:161} INFO - Started process (PID=10127) to work on /opt/airflow/dags/transfer.py
[2026-03-19T02:50:01.208+0000] {processor.py:830} INFO - Processing file /opt/airflow/dags/transfer.py for tasks to queue
[2026-03-19T02:50:01.212+0000] {logging_mixin.py:188} INFO - [2026-03-19T02:50:01.211+0000] {dagbag.py:545} INFO - Filling up the DagBag from /opt/airflow/dags/transfer.py
[2026-03-19T02:50:01.261+0000] {processor.py:840} INFO - DAG(s) 'transfer_from_minio_to_snowflake_transactions', 'transfer_from_minio_to_snowflake_accounts', 'transfer_from_minio_to_snowflake_customers' retrieved from /opt/airflow/dags/transfer.py
[2026-03-19T02:50:01.295+0000] {logging_mixin.py:188} INFO - [2026-03-19T02:50:01.294+0000] {dag.py:3089} INFO - Sync 3 DAGs
[2026-03-19T02:50:01.311+0000] {logging_mixin.py:188} INFO - [2026-03-19T02:50:01.311+0000] {dag.py:3947} INFO - Setting next_dagrun for transfer_from_minio_to_snowflake_accounts to 2026-03-19 02:49:00+00:00, run_after=2026-03-19 02:50:00+00:00
[2026-03-19T02:50:01.314+0000] {logging_mixin.py:188} INFO - [2026-03-19T02:50:01.314+0000] {dag.py:3947} INFO - Setting next_dagrun for transfer_from_minio_to_snowflake_customers to 2026-03-19 02:49:00+00:00, run_after=2026-03-19 02:50:00+00:00
[2026-03-19T02:50:01.315+0000] {logging_mixin.py:188} INFO - [2026-03-19T02:50:01.315+0000] {dag.py:3947} INFO - Setting next_dagrun for transfer_from_minio_to_snowflake_transactions to 2026-03-19 02:49:00+00:00, run_after=2026-03-19 02:50:00+00:00
[2026-03-19T02:50:01.324+0000] {processor.py:183} INFO - Processing /opt/airflow/dags/transfer.py took 0.142 seconds
[2026-03-19T02:50:32.313+0000] {processor.py:161} INFO - Started process (PID=10129) to work on /opt/airflow/dags/transfer.py
[2026-03-19T02:50:32.316+0000] {processor.py:830} INFO - Processing file /opt/airflow/dags/transfer.py for tasks to queue
[2026-03-19T02:50:32.319+0000] {logging_mixin.py:188} INFO - [2026-03-19T02:50:32.319+0000] {dagbag.py:545} INFO - Filling up the DagBag from /opt/airflow/dags/transfer.py
[2026-03-19T02:50:32.354+0000] {processor.py:840} INFO - DAG(s) 'transfer_from_minio_to_snowflake_customers', 'transfer_from_minio_to_snowflake_accounts', 'transfer_from_minio_to_snowflake_transactions' retrieved from /opt/airflow/dags/transfer.py
[2026-03-19T02:50:32.396+0000] {logging_mixin.py:188} INFO - [2026-03-19T02:50:32.396+0000] {dag.py:3089} INFO - Sync 3 DAGs
[2026-03-19T02:50:32.411+0000] {logging_mixin.py:188} INFO - [2026-03-19T02:50:32.411+0000] {dag.py:3947} INFO - Setting next_dagrun for transfer_from_minio_to_snowflake_accounts to 2026-03-19 02:49:00+00:00, run_after=2026-03-19 02:50:00+00:00
[2026-03-19T02:50:32.414+0000] {logging_mixin.py:188} INFO - [2026-03-19T02:50:32.414+0000] {dag.py:3947} INFO - Setting next_dagrun for transfer_from_minio_to_snowflake_customers to 2026-03-19 02:49:00+00:00, run_after=2026-03-19 02:50:00+00:00
[2026-03-19T02:50:32.416+0000] {logging_mixin.py:188} INFO - [2026-03-19T02:50:32.416+0000] {dag.py:3947} INFO - Setting next_dagrun for transfer_from_minio_to_snowflake_transactions to 2026-03-19 02:49:00+00:00, run_after=2026-03-19 02:50:00+00:00
[2026-03-19T02:50:32.425+0000] {processor.py:183} INFO - Processing /opt/airflow/dags/transfer.py took 0.123 seconds
[2026-03-19T02:51:02.894+0000] {processor.py:161} INFO - Started process (PID=10131) to work on /opt/airflow/dags/transfer.py
[2026-03-19T02:51:02.896+0000] {processor.py:830} INFO - Processing file /opt/airflow/dags/transfer.py for tasks to queue
[2026-03-19T02:51:02.899+0000] {logging_mixin.py:188} INFO - [2026-03-19T02:51:02.899+0000] {dagbag.py:545} INFO - Filling up the DagBag from /opt/airflow/dags/transfer.py
[2026-03-19T02:51:02.934+0000] {processor.py:840} INFO - DAG(s) 'transfer_from_minio_to_snowflake_customers', 'transfer_from_minio_to_snowflake_transactions', 'transfer_from_minio_to_snowflake_accounts' retrieved from /opt/airflow/dags/transfer.py
[2026-03-19T02:51:02.976+0000] {logging_mixin.py:188} INFO - [2026-03-19T02:51:02.975+0000] {dag.py:3089} INFO - Sync 3 DAGs
[2026-03-19T02:51:02.995+0000] {logging_mixin.py:188} INFO - [2026-03-19T02:51:02.995+0000] {dag.py:3947} INFO - Setting next_dagrun for transfer_from_minio_to_snowflake_accounts to 2026-03-19 02:50:00+00:00, run_after=2026-03-19 02:51:00+00:00
[2026-03-19T02:51:03.000+0000] {logging_mixin.py:188} INFO - [2026-03-19T02:51:02.999+0000] {dag.py:3947} INFO - Setting next_dagrun for transfer_from_minio_to_snowflake_customers to 2026-03-19 02:50:00+00:00, run_after=2026-03-19 02:51:00+00:00
[2026-03-19T02:51:03.001+0000] {logging_mixin.py:188} INFO - [2026-03-19T02:51:03.001+0000] {dag.py:3947} INFO - Setting next_dagrun for transfer_from_minio_to_snowflake_transactions to 2026-03-19 02:50:00+00:00, run_after=2026-03-19 02:51:00+00:00
[2026-03-19T02:51:03.010+0000] {processor.py:183} INFO - Processing /opt/airflow/dags/transfer.py took 0.128 seconds
[2026-03-19T02:51:33.499+0000] {processor.py:161} INFO - Started process (PID=10133) to work on /opt/airflow/dags/transfer.py
[2026-03-19T02:51:33.501+0000] {processor.py:830} INFO - Processing file /opt/airflow/dags/transfer.py for tasks to queue
[2026-03-19T02:51:33.503+0000] {logging_mixin.py:188} INFO - [2026-03-19T02:51:33.503+0000] {dagbag.py:545} INFO - Filling up the DagBag from /opt/airflow/dags/transfer.py
[2026-03-19T02:51:33.540+0000] {processor.py:840} INFO - DAG(s) 'transfer_from_minio_to_snowflake_customers', 'transfer_from_minio_to_snowflake_accounts', 'transfer_from_minio_to_snowflake_transactions' retrieved from /opt/airflow/dags/transfer.py
[2026-03-19T02:51:33.584+0000] {logging_mixin.py:188} INFO - [2026-03-19T02:51:33.584+0000] {dag.py:3089} INFO - Sync 3 DAGs
[2026-03-19T02:51:33.598+0000] {logging_mixin.py:188} INFO - [2026-03-19T02:51:33.598+0000] {dag.py:3947} INFO - Setting next_dagrun for transfer_from_minio_to_snowflake_accounts to 2026-03-19 02:50:00+00:00, run_after=2026-03-19 02:51:00+00:00
[2026-03-19T02:51:33.601+0000] {logging_mixin.py:188} INFO - [2026-03-19T02:51:33.601+0000] {dag.py:3947} INFO - Setting next_dagrun for transfer_from_minio_to_snowflake_customers to 2026-03-19 02:50:00+00:00, run_after=2026-03-19 02:51:00+00:00
[2026-03-19T02:51:33.602+0000] {logging_mixin.py:188} INFO - [2026-03-19T02:51:33.602+0000] {dag.py:3947} INFO - Setting next_dagrun for transfer_from_minio_to_snowflake_transactions to 2026-03-19 02:50:00+00:00, run_after=2026-03-19 02:51:00+00:00
[2026-03-19T02:51:33.610+0000] {processor.py:183} INFO - Processing /opt/airflow/dags/transfer.py took 0.126 seconds
[2026-03-19T02:52:04.100+0000] {processor.py:161} INFO - Started process (PID=10135) to work on /opt/airflow/dags/transfer.py
[2026-03-19T02:52:04.101+0000] {processor.py:830} INFO - Processing file /opt/airflow/dags/transfer.py for tasks to queue
[2026-03-19T02:52:04.107+0000] {logging_mixin.py:188} INFO - [2026-03-19T02:52:04.106+0000] {dagbag.py:545} INFO - Filling up the DagBag from /opt/airflow/dags/transfer.py
[2026-03-19T02:52:04.154+0000] {processor.py:840} INFO - DAG(s) 'transfer_from_minio_to_snowflake_transactions', 'transfer_from_minio_to_snowflake_accounts', 'transfer_from_minio_to_snowflake_customers' retrieved from /opt/airflow/dags/transfer.py
[2026-03-19T02:52:04.199+0000] {logging_mixin.py:188} INFO - [2026-03-19T02:52:04.199+0000] {dag.py:3089} INFO - Sync 3 DAGs
[2026-03-19T02:52:04.215+0000] {logging_mixin.py:188} INFO - [2026-03-19T02:52:04.215+0000] {dag.py:3947} INFO - Setting next_dagrun for transfer_from_minio_to_snowflake_accounts to 2026-03-19 02:51:00+00:00, run_after=2026-03-19 02:52:00+00:00
[2026-03-19T02:52:04.218+0000] {logging_mixin.py:188} INFO - [2026-03-19T02:52:04.218+0000] {dag.py:3947} INFO - Setting next_dagrun for transfer_from_minio_to_snowflake_customers to 2026-03-19 02:51:00+00:00, run_after=2026-03-19 02:52:00+00:00
[2026-03-19T02:52:04.219+0000] {logging_mixin.py:188} INFO - [2026-03-19T02:52:04.219+0000] {dag.py:3947} INFO - Setting next_dagrun for transfer_from_minio_to_snowflake_transactions to 2026-03-19 02:51:00+00:00, run_after=2026-03-19 02:52:00+00:00
[2026-03-19T02:52:04.226+0000] {processor.py:183} INFO - Processing /opt/airflow/dags/transfer.py took 0.144 seconds
[2026-03-19T02:52:34.615+0000] {processor.py:161} INFO - Started process (PID=10137) to work on /opt/airflow/dags/transfer.py
[2026-03-19T02:52:34.617+0000] {processor.py:830} INFO - Processing file /opt/airflow/dags/transfer.py for tasks to queue
[2026-03-19T02:52:34.619+0000] {logging_mixin.py:188} INFO - [2026-03-19T02:52:34.619+0000] {dagbag.py:545} INFO - Filling up the DagBag from /opt/airflow/dags/transfer.py
[2026-03-19T02:52:34.662+0000] {processor.py:840} INFO - DAG(s) 'transfer_from_minio_to_snowflake_customers', 'transfer_from_minio_to_snowflake_accounts', 'transfer_from_minio_to_snowflake_transactions' retrieved from /opt/airflow/dags/transfer.py
[2026-03-19T02:52:34.697+0000] {logging_mixin.py:188} INFO - [2026-03-19T02:52:34.697+0000] {dag.py:3089} INFO - Sync 3 DAGs
[2026-03-19T02:52:34.712+0000] {logging_mixin.py:188} INFO - [2026-03-19T02:52:34.712+0000] {dag.py:3947} INFO - Setting next_dagrun for transfer_from_minio_to_snowflake_accounts to 2026-03-19 02:51:00+00:00, run_after=2026-03-19 02:52:00+00:00
[2026-03-19T02:52:34.716+0000] {logging_mixin.py:188} INFO - [2026-03-19T02:52:34.715+0000] {dag.py:3947} INFO - Setting next_dagrun for transfer_from_minio_to_snowflake_customers to 2026-03-19 02:51:00+00:00, run_after=2026-03-19 02:52:00+00:00
[2026-03-19T02:52:34.717+0000] {logging_mixin.py:188} INFO - [2026-03-19T02:52:34.717+0000] {dag.py:3947} INFO - Setting next_dagrun for transfer_from_minio_to_snowflake_transactions to 2026-03-19 02:51:00+00:00, run_after=2026-03-19 02:52:00+00:00
[2026-03-19T02:52:34.726+0000] {processor.py:183} INFO - Processing /opt/airflow/dags/transfer.py took 0.120 seconds
[2026-03-19T02:53:05.184+0000] {processor.py:161} INFO - Started process (PID=10139) to work on /opt/airflow/dags/transfer.py
[2026-03-19T02:53:05.187+0000] {processor.py:830} INFO - Processing file /opt/airflow/dags/transfer.py for tasks to queue
[2026-03-19T02:53:05.189+0000] {logging_mixin.py:188} INFO - [2026-03-19T02:53:05.189+0000] {dagbag.py:545} INFO - Filling up the DagBag from /opt/airflow/dags/transfer.py
[2026-03-19T02:53:05.224+0000] {processor.py:840} INFO - DAG(s) 'transfer_from_minio_to_snowflake_customers', 'transfer_from_minio_to_snowflake_accounts', 'transfer_from_minio_to_snowflake_transactions' retrieved from /opt/airflow/dags/transfer.py
[2026-03-19T02:53:05.273+0000] {logging_mixin.py:188} INFO - [2026-03-19T02:53:05.272+0000] {dag.py:3089} INFO - Sync 3 DAGs
[2026-03-19T02:53:05.291+0000] {logging_mixin.py:188} INFO - [2026-03-19T02:53:05.291+0000] {dag.py:3947} INFO - Setting next_dagrun for transfer_from_minio_to_snowflake_accounts to 2026-03-19 02:52:00+00:00, run_after=2026-03-19 02:53:00+00:00
[2026-03-19T02:53:05.294+0000] {logging_mixin.py:188} INFO - [2026-03-19T02:53:05.294+0000] {dag.py:3947} INFO - Setting next_dagrun for transfer_from_minio_to_snowflake_customers to 2026-03-19 02:52:00+00:00, run_after=2026-03-19 02:53:00+00:00
[2026-03-19T02:53:05.296+0000] {logging_mixin.py:188} INFO - [2026-03-19T02:53:05.296+0000] {dag.py:3947} INFO - Setting next_dagrun for transfer_from_minio_to_snowflake_transactions to 2026-03-19 02:52:00+00:00, run_after=2026-03-19 02:53:00+00:00
[2026-03-19T02:53:05.303+0000] {processor.py:183} INFO - Processing /opt/airflow/dags/transfer.py took 0.132 seconds
[2026-03-19T02:53:35.773+0000] {processor.py:161} INFO - Started process (PID=10141) to work on /opt/airflow/dags/transfer.py
[2026-03-19T02:53:35.774+0000] {processor.py:830} INFO - Processing file /opt/airflow/dags/transfer.py for tasks to queue
[2026-03-19T02:53:35.777+0000] {logging_mixin.py:188} INFO - [2026-03-19T02:53:35.777+0000] {dagbag.py:545} INFO - Filling up the DagBag from /opt/airflow/dags/transfer.py
[2026-03-19T02:53:35.813+0000] {processor.py:840} INFO - DAG(s) 'transfer_from_minio_to_snowflake_accounts', 'transfer_from_minio_to_snowflake_transactions', 'transfer_from_minio_to_snowflake_customers' retrieved from /opt/airflow/dags/transfer.py
[2026-03-19T02:53:35.867+0000] {logging_mixin.py:188} INFO - [2026-03-19T02:53:35.866+0000] {dag.py:3089} INFO - Sync 3 DAGs
[2026-03-19T02:53:35.896+0000] {logging_mixin.py:188} INFO - [2026-03-19T02:53:35.896+0000] {dag.py:3947} INFO - Setting next_dagrun for transfer_from_minio_to_snowflake_accounts to 2026-03-19 02:52:00+00:00, run_after=2026-03-19 02:53:00+00:00
[2026-03-19T02:53:35.901+0000] {logging_mixin.py:188} INFO - [2026-03-19T02:53:35.901+0000] {dag.py:3947} INFO - Setting next_dagrun for transfer_from_minio_to_snowflake_customers to 2026-03-19 02:52:00+00:00, run_after=2026-03-19 02:53:00+00:00
[2026-03-19T02:53:35.902+0000] {logging_mixin.py:188} INFO - [2026-03-19T02:53:35.902+0000] {dag.py:3947} INFO - Setting next_dagrun for transfer_from_minio_to_snowflake_transactions to 2026-03-19 02:52:00+00:00, run_after=2026-03-19 02:53:00+00:00
[2026-03-19T02:53:35.913+0000] {processor.py:183} INFO - Processing /opt/airflow/dags/transfer.py took 0.154 seconds
[2026-03-19T02:54:06.355+0000] {processor.py:161} INFO - Started process (PID=10143) to work on /opt/airflow/dags/transfer.py
[2026-03-19T02:54:06.356+0000] {processor.py:830} INFO - Processing file /opt/airflow/dags/transfer.py for tasks to queue
[2026-03-19T02:54:06.359+0000] {logging_mixin.py:188} INFO - [2026-03-19T02:54:06.359+0000] {dagbag.py:545} INFO - Filling up the DagBag from /opt/airflow/dags/transfer.py
[2026-03-19T02:54:06.397+0000] {processor.py:840} INFO - DAG(s) 'transfer_from_minio_to_snowflake_transactions', 'transfer_from_minio_to_snowflake_accounts', 'transfer_from_minio_to_snowflake_customers' retrieved from /opt/airflow/dags/transfer.py
[2026-03-19T02:54:06.441+0000] {logging_mixin.py:188} INFO - [2026-03-19T02:54:06.440+0000] {dag.py:3089} INFO - Sync 3 DAGs
[2026-03-19T02:54:06.457+0000] {logging_mixin.py:188} INFO - [2026-03-19T02:54:06.457+0000] {dag.py:3947} INFO - Setting next_dagrun for transfer_from_minio_to_snowflake_accounts to 2026-03-19 02:53:00+00:00, run_after=2026-03-19 02:54:00+00:00
[2026-03-19T02:54:06.460+0000] {logging_mixin.py:188} INFO - [2026-03-19T02:54:06.460+0000] {dag.py:3947} INFO - Setting next_dagrun for transfer_from_minio_to_snowflake_customers to 2026-03-19 02:53:00+00:00, run_after=2026-03-19 02:54:00+00:00
[2026-03-19T02:54:06.461+0000] {logging_mixin.py:188} INFO - [2026-03-19T02:54:06.461+0000] {dag.py:3947} INFO - Setting next_dagrun for transfer_from_minio_to_snowflake_transactions to 2026-03-19 02:53:00+00:00, run_after=2026-03-19 02:54:00+00:00
[2026-03-19T02:54:06.470+0000] {processor.py:183} INFO - Processing /opt/airflow/dags/transfer.py took 0.127 seconds
[2026-03-19T02:54:36.935+0000] {processor.py:161} INFO - Started process (PID=10145) to work on /opt/airflow/dags/transfer.py
[2026-03-19T02:54:36.938+0000] {processor.py:830} INFO - Processing file /opt/airflow/dags/transfer.py for tasks to queue
[2026-03-19T02:54:36.944+0000] {logging_mixin.py:188} INFO - [2026-03-19T02:54:36.943+0000] {dagbag.py:545} INFO - Filling up the DagBag from /opt/airflow/dags/transfer.py
[2026-03-19T02:54:36.975+0000] {processor.py:840} INFO - DAG(s) 'transfer_from_minio_to_snowflake_accounts', 'transfer_from_minio_to_snowflake_customers', 'transfer_from_minio_to_snowflake_transactions' retrieved from /opt/airflow/dags/transfer.py
[2026-03-19T02:54:37.016+0000] {logging_mixin.py:188} INFO - [2026-03-19T02:54:37.015+0000] {dag.py:3089} INFO - Sync 3 DAGs
[2026-03-19T02:54:37.031+0000] {logging_mixin.py:188} INFO - [2026-03-19T02:54:37.031+0000] {dag.py:3947} INFO - Setting next_dagrun for transfer_from_minio_to_snowflake_accounts to 2026-03-19 02:53:00+00:00, run_after=2026-03-19 02:54:00+00:00
[2026-03-19T02:54:37.033+0000] {logging_mixin.py:188} INFO - [2026-03-19T02:54:37.033+0000] {dag.py:3947} INFO - Setting next_dagrun for transfer_from_minio_to_snowflake_customers to 2026-03-19 02:53:00+00:00, run_after=2026-03-19 02:54:00+00:00
[2026-03-19T02:54:37.035+0000] {logging_mixin.py:188} INFO - [2026-03-19T02:54:37.035+0000] {dag.py:3947} INFO - Setting next_dagrun for transfer_from_minio_to_snowflake_transactions to 2026-03-19 02:53:00+00:00, run_after=2026-03-19 02:54:00+00:00
[2026-03-19T02:54:37.043+0000] {processor.py:183} INFO - Processing /opt/airflow/dags/transfer.py took 0.123 seconds
[2026-03-19T02:55:07.502+0000] {processor.py:161} INFO - Started process (PID=10147) to work on /opt/airflow/dags/transfer.py
[2026-03-19T02:55:07.504+0000] {processor.py:830} INFO - Processing file /opt/airflow/dags/transfer.py for tasks to queue
[2026-03-19T02:55:07.509+0000] {logging_mixin.py:188} INFO - [2026-03-19T02:55:07.507+0000] {dagbag.py:545} INFO - Filling up the DagBag from /opt/airflow/dags/transfer.py
[2026-03-19T02:55:07.554+0000] {processor.py:840} INFO - DAG(s) 'transfer_from_minio_to_snowflake_customers', 'transfer_from_minio_to_snowflake_transactions', 'transfer_from_minio_to_snowflake_accounts' retrieved from /opt/airflow/dags/transfer.py
[2026-03-19T02:55:07.593+0000] {logging_mixin.py:188} INFO - [2026-03-19T02:55:07.592+0000] {dag.py:3089} INFO - Sync 3 DAGs
[2026-03-19T02:55:07.607+0000] {logging_mixin.py:188} INFO - [2026-03-19T02:55:07.607+0000] {dag.py:3947} INFO - Setting next_dagrun for transfer_from_minio_to_snowflake_accounts to 2026-03-19 02:54:00+00:00, run_after=2026-03-19 02:55:00+00:00
[2026-03-19T02:55:07.610+0000] {logging_mixin.py:188} INFO - [2026-03-19T02:55:07.610+0000] {dag.py:3947} INFO - Setting next_dagrun for transfer_from_minio_to_snowflake_customers to 2026-03-19 02:54:00+00:00, run_after=2026-03-19 02:55:00+00:00
[2026-03-19T02:55:07.612+0000] {logging_mixin.py:188} INFO - [2026-03-19T02:55:07.612+0000] {dag.py:3947} INFO - Setting next_dagrun for transfer_from_minio_to_snowflake_transactions to 2026-03-19 02:54:00+00:00, run_after=2026-03-19 02:55:00+00:00
[2026-03-19T02:55:07.622+0000] {processor.py:183} INFO - Processing /opt/airflow/dags/transfer.py took 0.132 seconds
[2026-03-19T02:55:38.434+0000] {processor.py:161} INFO - Started process (PID=10149) to work on /opt/airflow/dags/transfer.py
[2026-03-19T02:55:38.435+0000] {processor.py:830} INFO - Processing file /opt/airflow/dags/transfer.py for tasks to queue
[2026-03-19T02:55:38.439+0000] {logging_mixin.py:188} INFO - [2026-03-19T02:55:38.438+0000] {dagbag.py:545} INFO - Filling up the DagBag from /opt/airflow/dags/transfer.py
[2026-03-19T02:55:38.470+0000] {processor.py:840} INFO - DAG(s) 'transfer_from_minio_to_snowflake_customers', 'transfer_from_minio_to_snowflake_accounts', 'transfer_from_minio_to_snowflake_transactions' retrieved from /opt/airflow/dags/transfer.py
[2026-03-19T02:55:38.545+0000] {logging_mixin.py:188} INFO - [2026-03-19T02:55:38.545+0000] {dag.py:3089} INFO - Sync 3 DAGs
[2026-03-19T02:55:38.569+0000] {logging_mixin.py:188} INFO - [2026-03-19T02:55:38.568+0000] {dag.py:3947} INFO - Setting next_dagrun for transfer_from_minio_to_snowflake_accounts to 2026-03-19 02:54:00+00:00, run_after=2026-03-19 02:55:00+00:00
[2026-03-19T02:55:38.572+0000] {logging_mixin.py:188} INFO - [2026-03-19T02:55:38.572+0000] {dag.py:3947} INFO - Setting next_dagrun for transfer_from_minio_to_snowflake_customers to 2026-03-19 02:54:00+00:00, run_after=2026-03-19 02:55:00+00:00
[2026-03-19T02:55:38.573+0000] {logging_mixin.py:188} INFO - [2026-03-19T02:55:38.573+0000] {dag.py:3947} INFO - Setting next_dagrun for transfer_from_minio_to_snowflake_transactions to 2026-03-19 02:54:00+00:00, run_after=2026-03-19 02:55:00+00:00
[2026-03-19T02:55:38.582+0000] {processor.py:183} INFO - Processing /opt/airflow/dags/transfer.py took 0.161 seconds
[2026-03-19T02:56:09.009+0000] {processor.py:161} INFO - Started process (PID=10151) to work on /opt/airflow/dags/transfer.py
[2026-03-19T02:56:09.010+0000] {processor.py:830} INFO - Processing file /opt/airflow/dags/transfer.py for tasks to queue
[2026-03-19T02:56:09.016+0000] {logging_mixin.py:188} INFO - [2026-03-19T02:56:09.015+0000] {dagbag.py:545} INFO - Filling up the DagBag from /opt/airflow/dags/transfer.py
[2026-03-19T02:56:09.057+0000] {processor.py:840} INFO - DAG(s) 'transfer_from_minio_to_snowflake_transactions', 'transfer_from_minio_to_snowflake_customers', 'transfer_from_minio_to_snowflake_accounts' retrieved from /opt/airflow/dags/transfer.py
[2026-03-19T02:56:09.085+0000] {logging_mixin.py:188} INFO - [2026-03-19T02:56:09.085+0000] {dag.py:3089} INFO - Sync 3 DAGs
[2026-03-19T02:56:09.101+0000] {logging_mixin.py:188} INFO - [2026-03-19T02:56:09.101+0000] {dag.py:3947} INFO - Setting next_dagrun for transfer_from_minio_to_snowflake_accounts to 2026-03-19 02:55:00+00:00, run_after=2026-03-19 02:56:00+00:00
[2026-03-19T02:56:09.105+0000] {logging_mixin.py:188} INFO - [2026-03-19T02:56:09.105+0000] {dag.py:3947} INFO - Setting next_dagrun for transfer_from_minio_to_snowflake_customers to 2026-03-19 02:55:00+00:00, run_after=2026-03-19 02:56:00+00:00
[2026-03-19T02:56:09.106+0000] {logging_mixin.py:188} INFO - [2026-03-19T02:56:09.106+0000] {dag.py:3947} INFO - Setting next_dagrun for transfer_from_minio_to_snowflake_transactions to 2026-03-19 02:55:00+00:00, run_after=2026-03-19 02:56:00+00:00
[2026-03-19T02:56:09.116+0000] {processor.py:183} INFO - Processing /opt/airflow/dags/transfer.py took 0.118 seconds
[2026-03-19T02:56:39.491+0000] {processor.py:161} INFO - Started process (PID=10153) to work on /opt/airflow/dags/transfer.py
[2026-03-19T02:56:39.493+0000] {processor.py:830} INFO - Processing file /opt/airflow/dags/transfer.py for tasks to queue
[2026-03-19T02:56:39.495+0000] {logging_mixin.py:188} INFO - [2026-03-19T02:56:39.495+0000] {dagbag.py:545} INFO - Filling up the DagBag from /opt/airflow/dags/transfer.py
[2026-03-19T02:56:39.523+0000] {processor.py:840} INFO - DAG(s) 'transfer_from_minio_to_snowflake_customers', 'transfer_from_minio_to_snowflake_transactions', 'transfer_from_minio_to_snowflake_accounts' retrieved from /opt/airflow/dags/transfer.py
[2026-03-19T02:56:39.549+0000] {logging_mixin.py:188} INFO - [2026-03-19T02:56:39.549+0000] {dag.py:3089} INFO - Sync 3 DAGs
[2026-03-19T02:56:39.563+0000] {logging_mixin.py:188} INFO - [2026-03-19T02:56:39.563+0000] {dag.py:3947} INFO - Setting next_dagrun for transfer_from_minio_to_snowflake_accounts to 2026-03-19 02:55:00+00:00, run_after=2026-03-19 02:56:00+00:00
[2026-03-19T02:56:39.566+0000] {logging_mixin.py:188} INFO - [2026-03-19T02:56:39.566+0000] {dag.py:3947} INFO - Setting next_dagrun for transfer_from_minio_to_snowflake_customers to 2026-03-19 02:55:00+00:00, run_after=2026-03-19 02:56:00+00:00
[2026-03-19T02:56:39.567+0000] {logging_mixin.py:188} INFO - [2026-03-19T02:56:39.567+0000] {dag.py:3947} INFO - Setting next_dagrun for transfer_from_minio_to_snowflake_transactions to 2026-03-19 02:55:00+00:00, run_after=2026-03-19 02:56:00+00:00
[2026-03-19T02:56:39.574+0000] {processor.py:183} INFO - Processing /opt/airflow/dags/transfer.py took 0.095 seconds
[2026-03-19T02:57:09.976+0000] {processor.py:161} INFO - Started process (PID=10155) to work on /opt/airflow/dags/transfer.py
[2026-03-19T02:57:09.978+0000] {processor.py:830} INFO - Processing file /opt/airflow/dags/transfer.py for tasks to queue
[2026-03-19T02:57:09.987+0000] {logging_mixin.py:188} INFO - [2026-03-19T02:57:09.986+0000] {dagbag.py:545} INFO - Filling up the DagBag from /opt/airflow/dags/transfer.py
[2026-03-19T02:57:10.019+0000] {processor.py:840} INFO - DAG(s) 'transfer_from_minio_to_snowflake_transactions', 'transfer_from_minio_to_snowflake_customers', 'transfer_from_minio_to_snowflake_accounts' retrieved from /opt/airflow/dags/transfer.py
[2026-03-19T02:57:10.050+0000] {logging_mixin.py:188} INFO - [2026-03-19T02:57:10.049+0000] {dag.py:3089} INFO - Sync 3 DAGs
[2026-03-19T02:57:10.066+0000] {logging_mixin.py:188} INFO - [2026-03-19T02:57:10.066+0000] {dag.py:3947} INFO - Setting next_dagrun for transfer_from_minio_to_snowflake_accounts to 2026-03-19 02:56:00+00:00, run_after=2026-03-19 02:57:00+00:00
[2026-03-19T02:57:10.069+0000] {logging_mixin.py:188} INFO - [2026-03-19T02:57:10.069+0000] {dag.py:3947} INFO - Setting next_dagrun for transfer_from_minio_to_snowflake_customers to 2026-03-19 02:56:00+00:00, run_after=2026-03-19 02:57:00+00:00
[2026-03-19T02:57:10.071+0000] {logging_mixin.py:188} INFO - [2026-03-19T02:57:10.071+0000] {dag.py:3947} INFO - Setting next_dagrun for transfer_from_minio_to_snowflake_transactions to 2026-03-19 02:56:00+00:00, run_after=2026-03-19 02:57:00+00:00
[2026-03-19T02:57:10.079+0000] {processor.py:183} INFO - Processing /opt/airflow/dags/transfer.py took 0.119 seconds
[2026-03-19T02:57:40.579+0000] {processor.py:161} INFO - Started process (PID=10157) to work on /opt/airflow/dags/transfer.py
[2026-03-19T02:57:40.580+0000] {processor.py:830} INFO - Processing file /opt/airflow/dags/transfer.py for tasks to queue
[2026-03-19T02:57:40.586+0000] {logging_mixin.py:188} INFO - [2026-03-19T02:57:40.585+0000] {dagbag.py:545} INFO - Filling up the DagBag from /opt/airflow/dags/transfer.py
[2026-03-19T02:57:40.624+0000] {processor.py:840} INFO - DAG(s) 'transfer_from_minio_to_snowflake_accounts', 'transfer_from_minio_to_snowflake_transactions', 'transfer_from_minio_to_snowflake_customers' retrieved from /opt/airflow/dags/transfer.py
[2026-03-19T02:57:40.658+0000] {logging_mixin.py:188} INFO - [2026-03-19T02:57:40.658+0000] {dag.py:3089} INFO - Sync 3 DAGs
[2026-03-19T02:57:40.673+0000] {logging_mixin.py:188} INFO - [2026-03-19T02:57:40.673+0000] {dag.py:3947} INFO - Setting next_dagrun for transfer_from_minio_to_snowflake_accounts to 2026-03-19 02:56:00+00:00, run_after=2026-03-19 02:57:00+00:00
[2026-03-19T02:57:40.677+0000] {logging_mixin.py:188} INFO - [2026-03-19T02:57:40.677+0000] {dag.py:3947} INFO - Setting next_dagrun for transfer_from_minio_to_snowflake_customers to 2026-03-19 02:56:00+00:00, run_after=2026-03-19 02:57:00+00:00
[2026-03-19T02:57:40.679+0000] {logging_mixin.py:188} INFO - [2026-03-19T02:57:40.679+0000] {dag.py:3947} INFO - Setting next_dagrun for transfer_from_minio_to_snowflake_transactions to 2026-03-19 02:56:00+00:00, run_after=2026-03-19 02:57:00+00:00
[2026-03-19T02:57:40.686+0000] {processor.py:183} INFO - Processing /opt/airflow/dags/transfer.py took 0.123 seconds
[2026-03-19T02:58:11.164+0000] {processor.py:161} INFO - Started process (PID=10159) to work on /opt/airflow/dags/transfer.py
[2026-03-19T02:58:11.166+0000] {processor.py:830} INFO - Processing file /opt/airflow/dags/transfer.py for tasks to queue
[2026-03-19T02:58:11.169+0000] {logging_mixin.py:188} INFO - [2026-03-19T02:58:11.169+0000] {dagbag.py:545} INFO - Filling up the DagBag from /opt/airflow/dags/transfer.py
[2026-03-19T02:58:11.201+0000] {processor.py:840} INFO - DAG(s) 'transfer_from_minio_to_snowflake_transactions', 'transfer_from_minio_to_snowflake_accounts', 'transfer_from_minio_to_snowflake_customers' retrieved from /opt/airflow/dags/transfer.py
[2026-03-19T02:58:11.247+0000] {logging_mixin.py:188} INFO - [2026-03-19T02:58:11.247+0000] {dag.py:3089} INFO - Sync 3 DAGs
[2026-03-19T02:58:11.265+0000] {logging_mixin.py:188} INFO - [2026-03-19T02:58:11.264+0000] {dag.py:3947} INFO - Setting next_dagrun for transfer_from_minio_to_snowflake_accounts to 2026-03-19 02:57:00+00:00, run_after=2026-03-19 02:58:00+00:00
[2026-03-19T02:58:11.268+0000] {logging_mixin.py:188} INFO - [2026-03-19T02:58:11.267+0000] {dag.py:3947} INFO - Setting next_dagrun for transfer_from_minio_to_snowflake_customers to 2026-03-19 02:57:00+00:00, run_after=2026-03-19 02:58:00+00:00
[2026-03-19T02:58:11.269+0000] {logging_mixin.py:188} INFO - [2026-03-19T02:58:11.269+0000] {dag.py:3947} INFO - Setting next_dagrun for transfer_from_minio_to_snowflake_transactions to 2026-03-19 02:57:00+00:00, run_after=2026-03-19 02:58:00+00:00
[2026-03-19T02:58:11.278+0000] {processor.py:183} INFO - Processing /opt/airflow/dags/transfer.py took 0.128 seconds
[2026-03-19T02:58:41.899+0000] {processor.py:161} INFO - Started process (PID=10161) to work on /opt/airflow/dags/transfer.py
[2026-03-19T02:58:41.901+0000] {processor.py:830} INFO - Processing file /opt/airflow/dags/transfer.py for tasks to queue
[2026-03-19T02:58:41.904+0000] {logging_mixin.py:188} INFO - [2026-03-19T02:58:41.903+0000] {dagbag.py:545} INFO - Filling up the DagBag from /opt/airflow/dags/transfer.py
[2026-03-19T02:58:41.942+0000] {processor.py:840} INFO - DAG(s) 'transfer_from_minio_to_snowflake_customers', 'transfer_from_minio_to_snowflake_accounts', 'transfer_from_minio_to_snowflake_transactions' retrieved from /opt/airflow/dags/transfer.py
[2026-03-19T02:58:41.979+0000] {logging_mixin.py:188} INFO - [2026-03-19T02:58:41.979+0000] {dag.py:3089} INFO - Sync 3 DAGs
[2026-03-19T02:58:41.993+0000] {logging_mixin.py:188} INFO - [2026-03-19T02:58:41.993+0000] {dag.py:3947} INFO - Setting next_dagrun for transfer_from_minio_to_snowflake_accounts to 2026-03-19 02:57:00+00:00, run_after=2026-03-19 02:58:00+00:00
[2026-03-19T02:58:41.998+0000] {logging_mixin.py:188} INFO - [2026-03-19T02:58:41.998+0000] {dag.py:3947} INFO - Setting next_dagrun for transfer_from_minio_to_snowflake_customers to 2026-03-19 02:57:00+00:00, run_after=2026-03-19 02:58:00+00:00
[2026-03-19T02:58:41.999+0000] {logging_mixin.py:188} INFO - [2026-03-19T02:58:41.999+0000] {dag.py:3947} INFO - Setting next_dagrun for transfer_from_minio_to_snowflake_transactions to 2026-03-19 02:57:00+00:00, run_after=2026-03-19 02:58:00+00:00
[2026-03-19T02:58:42.006+0000] {processor.py:183} INFO - Processing /opt/airflow/dags/transfer.py took 0.123 seconds
[2026-03-19T02:59:12.619+0000] {processor.py:161} INFO - Started process (PID=10163) to work on /opt/airflow/dags/transfer.py
[2026-03-19T02:59:12.621+0000] {processor.py:830} INFO - Processing file /opt/airflow/dags/transfer.py for tasks to queue
[2026-03-19T02:59:12.629+0000] {logging_mixin.py:188} INFO - [2026-03-19T02:59:12.628+0000] {dagbag.py:545} INFO - Filling up the DagBag from /opt/airflow/dags/transfer.py
[2026-03-19T02:59:12.661+0000] {processor.py:840} INFO - DAG(s) 'transfer_from_minio_to_snowflake_accounts', 'transfer_from_minio_to_snowflake_transactions', 'transfer_from_minio_to_snowflake_customers' retrieved from /opt/airflow/dags/transfer.py
[2026-03-19T02:59:12.699+0000] {logging_mixin.py:188} INFO - [2026-03-19T02:59:12.699+0000] {dag.py:3089} INFO - Sync 3 DAGs
[2026-03-19T02:59:12.717+0000] {logging_mixin.py:188} INFO - [2026-03-19T02:59:12.717+0000] {dag.py:3947} INFO - Setting next_dagrun for transfer_from_minio_to_snowflake_accounts to 2026-03-19 02:58:00+00:00, run_after=2026-03-19 02:59:00+00:00
[2026-03-19T02:59:12.720+0000] {logging_mixin.py:188} INFO - [2026-03-19T02:59:12.720+0000] {dag.py:3947} INFO - Setting next_dagrun for transfer_from_minio_to_snowflake_customers to 2026-03-19 02:58:00+00:00, run_after=2026-03-19 02:59:00+00:00
[2026-03-19T02:59:12.721+0000] {logging_mixin.py:188} INFO - [2026-03-19T02:59:12.721+0000] {dag.py:3947} INFO - Setting next_dagrun for transfer_from_minio_to_snowflake_transactions to 2026-03-19 02:58:00+00:00, run_after=2026-03-19 02:59:00+00:00
[2026-03-19T02:59:12.729+0000] {processor.py:183} INFO - Processing /opt/airflow/dags/transfer.py took 0.121 seconds
[2026-03-19T02:59:43.230+0000] {processor.py:161} INFO - Started process (PID=10165) to work on /opt/airflow/dags/transfer.py
[2026-03-19T02:59:43.233+0000] {processor.py:830} INFO - Processing file /opt/airflow/dags/transfer.py for tasks to queue
[2026-03-19T02:59:43.236+0000] {logging_mixin.py:188} INFO - [2026-03-19T02:59:43.235+0000] {dagbag.py:545} INFO - Filling up the DagBag from /opt/airflow/dags/transfer.py
[2026-03-19T02:59:43.275+0000] {processor.py:840} INFO - DAG(s) 'transfer_from_minio_to_snowflake_accounts', 'transfer_from_minio_to_snowflake_transactions', 'transfer_from_minio_to_snowflake_customers' retrieved from /opt/airflow/dags/transfer.py
[2026-03-19T02:59:43.310+0000] {logging_mixin.py:188} INFO - [2026-03-19T02:59:43.310+0000] {dag.py:3089} INFO - Sync 3 DAGs
[2026-03-19T02:59:43.327+0000] {logging_mixin.py:188} INFO - [2026-03-19T02:59:43.327+0000] {dag.py:3947} INFO - Setting next_dagrun for transfer_from_minio_to_snowflake_accounts to 2026-03-19 02:58:00+00:00, run_after=2026-03-19 02:59:00+00:00
[2026-03-19T02:59:43.330+0000] {logging_mixin.py:188} INFO - [2026-03-19T02:59:43.330+0000] {dag.py:3947} INFO - Setting next_dagrun for transfer_from_minio_to_snowflake_customers to 2026-03-19 02:58:00+00:00, run_after=2026-03-19 02:59:00+00:00
[2026-03-19T02:59:43.332+0000] {logging_mixin.py:188} INFO - [2026-03-19T02:59:43.332+0000] {dag.py:3947} INFO - Setting next_dagrun for transfer_from_minio_to_snowflake_transactions to 2026-03-19 02:58:00+00:00, run_after=2026-03-19 02:59:00+00:00
[2026-03-19T02:59:43.339+0000] {processor.py:183} INFO - Processing /opt/airflow/dags/transfer.py took 0.122 seconds
[2026-03-19T03:00:13.839+0000] {processor.py:161} INFO - Started process (PID=10167) to work on /opt/airflow/dags/transfer.py
[2026-03-19T03:00:13.841+0000] {processor.py:830} INFO - Processing file /opt/airflow/dags/transfer.py for tasks to queue
[2026-03-19T03:00:13.845+0000] {logging_mixin.py:188} INFO - [2026-03-19T03:00:13.843+0000] {dagbag.py:545} INFO - Filling up the DagBag from /opt/airflow/dags/transfer.py
[2026-03-19T03:00:13.886+0000] {processor.py:840} INFO - DAG(s) 'transfer_from_minio_to_snowflake_accounts', 'transfer_from_minio_to_snowflake_transactions', 'transfer_from_minio_to_snowflake_customers' retrieved from /opt/airflow/dags/transfer.py
[2026-03-19T03:00:13.914+0000] {logging_mixin.py:188} INFO - [2026-03-19T03:00:13.913+0000] {dag.py:3089} INFO - Sync 3 DAGs
[2026-03-19T03:00:13.927+0000] {logging_mixin.py:188} INFO - [2026-03-19T03:00:13.927+0000] {dag.py:3947} INFO - Setting next_dagrun for transfer_from_minio_to_snowflake_accounts to 2026-03-19 02:59:00+00:00, run_after=2026-03-19 03:00:00+00:00
[2026-03-19T03:00:13.930+0000] {logging_mixin.py:188} INFO - [2026-03-19T03:00:13.929+0000] {dag.py:3947} INFO - Setting next_dagrun for transfer_from_minio_to_snowflake_customers to 2026-03-19 02:59:00+00:00, run_after=2026-03-19 03:00:00+00:00
[2026-03-19T03:00:13.931+0000] {logging_mixin.py:188} INFO - [2026-03-19T03:00:13.931+0000] {dag.py:3947} INFO - Setting next_dagrun for transfer_from_minio_to_snowflake_transactions to 2026-03-19 02:59:00+00:00, run_after=2026-03-19 03:00:00+00:00
[2026-03-19T03:00:13.941+0000] {processor.py:183} INFO - Processing /opt/airflow/dags/transfer.py took 0.113 seconds
[2026-03-19T03:00:44.399+0000] {processor.py:161} INFO - Started process (PID=10169) to work on /opt/airflow/dags/transfer.py
[2026-03-19T03:00:44.401+0000] {processor.py:830} INFO - Processing file /opt/airflow/dags/transfer.py for tasks to queue
[2026-03-19T03:00:44.404+0000] {logging_mixin.py:188} INFO - [2026-03-19T03:00:44.403+0000] {dagbag.py:545} INFO - Filling up the DagBag from /opt/airflow/dags/transfer.py
[2026-03-19T03:00:44.443+0000] {processor.py:840} INFO - DAG(s) 'transfer_from_minio_to_snowflake_transactions', 'transfer_from_minio_to_snowflake_customers', 'transfer_from_minio_to_snowflake_accounts' retrieved from /opt/airflow/dags/transfer.py
[2026-03-19T03:00:44.477+0000] {logging_mixin.py:188} INFO - [2026-03-19T03:00:44.476+0000] {dag.py:3089} INFO - Sync 3 DAGs
[2026-03-19T03:00:44.494+0000] {logging_mixin.py:188} INFO - [2026-03-19T03:00:44.494+0000] {dag.py:3947} INFO - Setting next_dagrun for transfer_from_minio_to_snowflake_accounts to 2026-03-19 02:59:00+00:00, run_after=2026-03-19 03:00:00+00:00
[2026-03-19T03:00:44.496+0000] {logging_mixin.py:188} INFO - [2026-03-19T03:00:44.496+0000] {dag.py:3947} INFO - Setting next_dagrun for transfer_from_minio_to_snowflake_customers to 2026-03-19 02:59:00+00:00, run_after=2026-03-19 03:00:00+00:00
[2026-03-19T03:00:44.498+0000] {logging_mixin.py:188} INFO - [2026-03-19T03:00:44.498+0000] {dag.py:3947} INFO - Setting next_dagrun for transfer_from_minio_to_snowflake_transactions to 2026-03-19 02:59:00+00:00, run_after=2026-03-19 03:00:00+00:00
[2026-03-19T03:00:44.505+0000] {processor.py:183} INFO - Processing /opt/airflow/dags/transfer.py took 0.119 seconds
[2026-03-19T03:01:15.049+0000] {processor.py:161} INFO - Started process (PID=10171) to work on /opt/airflow/dags/transfer.py
[2026-03-19T03:01:15.051+0000] {processor.py:830} INFO - Processing file /opt/airflow/dags/transfer.py for tasks to queue
[2026-03-19T03:01:15.053+0000] {logging_mixin.py:188} INFO - [2026-03-19T03:01:15.053+0000] {dagbag.py:545} INFO - Filling up the DagBag from /opt/airflow/dags/transfer.py
[2026-03-19T03:01:15.125+0000] {processor.py:840} INFO - DAG(s) 'transfer_from_minio_to_snowflake_accounts', 'transfer_from_minio_to_snowflake_transactions', 'transfer_from_minio_to_snowflake_customers' retrieved from /opt/airflow/dags/transfer.py
[2026-03-19T03:01:15.168+0000] {logging_mixin.py:188} INFO - [2026-03-19T03:01:15.168+0000] {dag.py:3089} INFO - Sync 3 DAGs
[2026-03-19T03:01:15.187+0000] {logging_mixin.py:188} INFO - [2026-03-19T03:01:15.187+0000] {dag.py:3947} INFO - Setting next_dagrun for transfer_from_minio_to_snowflake_accounts to 2026-03-19 03:00:00+00:00, run_after=2026-03-19 03:01:00+00:00
[2026-03-19T03:01:15.191+0000] {logging_mixin.py:188} INFO - [2026-03-19T03:01:15.191+0000] {dag.py:3947} INFO - Setting next_dagrun for transfer_from_minio_to_snowflake_customers to 2026-03-19 03:00:00+00:00, run_after=2026-03-19 03:01:00+00:00
[2026-03-19T03:01:15.193+0000] {logging_mixin.py:188} INFO - [2026-03-19T03:01:15.193+0000] {dag.py:3947} INFO - Setting next_dagrun for transfer_from_minio_to_snowflake_transactions to 2026-03-19 03:00:00+00:00, run_after=2026-03-19 03:01:00+00:00
[2026-03-19T03:01:15.201+0000] {processor.py:183} INFO - Processing /opt/airflow/dags/transfer.py took 0.163 seconds
[2026-03-19T03:01:45.691+0000] {processor.py:161} INFO - Started process (PID=10173) to work on /opt/airflow/dags/transfer.py
[2026-03-19T03:01:45.692+0000] {processor.py:830} INFO - Processing file /opt/airflow/dags/transfer.py for tasks to queue
[2026-03-19T03:01:45.695+0000] {logging_mixin.py:188} INFO - [2026-03-19T03:01:45.695+0000] {dagbag.py:545} INFO - Filling up the DagBag from /opt/airflow/dags/transfer.py
[2026-03-19T03:01:45.732+0000] {processor.py:840} INFO - DAG(s) 'transfer_from_minio_to_snowflake_accounts', 'transfer_from_minio_to_snowflake_customers', 'transfer_from_minio_to_snowflake_transactions' retrieved from /opt/airflow/dags/transfer.py
[2026-03-19T03:01:45.762+0000] {logging_mixin.py:188} INFO - [2026-03-19T03:01:45.762+0000] {dag.py:3089} INFO - Sync 3 DAGs
[2026-03-19T03:01:45.776+0000] {logging_mixin.py:188} INFO - [2026-03-19T03:01:45.776+0000] {dag.py:3947} INFO - Setting next_dagrun for transfer_from_minio_to_snowflake_accounts to 2026-03-19 03:00:00+00:00, run_after=2026-03-19 03:01:00+00:00
[2026-03-19T03:01:45.779+0000] {logging_mixin.py:188} INFO - [2026-03-19T03:01:45.779+0000] {dag.py:3947} INFO - Setting next_dagrun for transfer_from_minio_to_snowflake_customers to 2026-03-19 03:00:00+00:00, run_after=2026-03-19 03:01:00+00:00
[2026-03-19T03:01:45.780+0000] {logging_mixin.py:188} INFO - [2026-03-19T03:01:45.780+0000] {dag.py:3947} INFO - Setting next_dagrun for transfer_from_minio_to_snowflake_transactions to 2026-03-19 03:00:00+00:00, run_after=2026-03-19 03:01:00+00:00
[2026-03-19T03:01:45.789+0000] {processor.py:183} INFO - Processing /opt/airflow/dags/transfer.py took 0.110 seconds
[2026-03-19T03:02:16.393+0000] {processor.py:161} INFO - Started process (PID=10175) to work on /opt/airflow/dags/transfer.py
[2026-03-19T03:02:16.394+0000] {processor.py:830} INFO - Processing file /opt/airflow/dags/transfer.py for tasks to queue
[2026-03-19T03:02:16.397+0000] {logging_mixin.py:188} INFO - [2026-03-19T03:02:16.397+0000] {dagbag.py:545} INFO - Filling up the DagBag from /opt/airflow/dags/transfer.py
[2026-03-19T03:02:16.428+0000] {processor.py:840} INFO - DAG(s) 'transfer_from_minio_to_snowflake_customers', 'transfer_from_minio_to_snowflake_accounts', 'transfer_from_minio_to_snowflake_transactions' retrieved from /opt/airflow/dags/transfer.py
[2026-03-19T03:02:16.460+0000] {logging_mixin.py:188} INFO - [2026-03-19T03:02:16.460+0000] {dag.py:3089} INFO - Sync 3 DAGs
[2026-03-19T03:02:16.479+0000] {logging_mixin.py:188} INFO - [2026-03-19T03:02:16.479+0000] {dag.py:3947} INFO - Setting next_dagrun for transfer_from_minio_to_snowflake_accounts to 2026-03-19 03:01:00+00:00, run_after=2026-03-19 03:02:00+00:00
[2026-03-19T03:02:16.482+0000] {logging_mixin.py:188} INFO - [2026-03-19T03:02:16.482+0000] {dag.py:3947} INFO - Setting next_dagrun for transfer_from_minio_to_snowflake_customers to 2026-03-19 03:01:00+00:00, run_after=2026-03-19 03:02:00+00:00
[2026-03-19T03:02:16.484+0000] {logging_mixin.py:188} INFO - [2026-03-19T03:02:16.484+0000] {dag.py:3947} INFO - Setting next_dagrun for transfer_from_minio_to_snowflake_transactions to 2026-03-19 03:01:00+00:00, run_after=2026-03-19 03:02:00+00:00
[2026-03-19T03:02:16.491+0000] {processor.py:183} INFO - Processing /opt/airflow/dags/transfer.py took 0.110 seconds
[2026-03-19T03:02:46.971+0000] {processor.py:161} INFO - Started process (PID=10177) to work on /opt/airflow/dags/transfer.py
[2026-03-19T03:02:46.972+0000] {processor.py:830} INFO - Processing file /opt/airflow/dags/transfer.py for tasks to queue
[2026-03-19T03:02:46.980+0000] {logging_mixin.py:188} INFO - [2026-03-19T03:02:46.979+0000] {dagbag.py:545} INFO - Filling up the DagBag from /opt/airflow/dags/transfer.py
[2026-03-19T03:02:47.009+0000] {processor.py:840} INFO - DAG(s) 'transfer_from_minio_to_snowflake_transactions', 'transfer_from_minio_to_snowflake_customers', 'transfer_from_minio_to_snowflake_accounts' retrieved from /opt/airflow/dags/transfer.py
[2026-03-19T03:02:47.058+0000] {logging_mixin.py:188} INFO - [2026-03-19T03:02:47.057+0000] {dag.py:3089} INFO - Sync 3 DAGs
[2026-03-19T03:02:47.084+0000] {logging_mixin.py:188} INFO - [2026-03-19T03:02:47.084+0000] {dag.py:3947} INFO - Setting next_dagrun for transfer_from_minio_to_snowflake_accounts to 2026-03-19 03:01:00+00:00, run_after=2026-03-19 03:02:00+00:00
[2026-03-19T03:02:47.088+0000] {logging_mixin.py:188} INFO - [2026-03-19T03:02:47.088+0000] {dag.py:3947} INFO - Setting next_dagrun for transfer_from_minio_to_snowflake_customers to 2026-03-19 03:01:00+00:00, run_after=2026-03-19 03:02:00+00:00
[2026-03-19T03:02:47.090+0000] {logging_mixin.py:188} INFO - [2026-03-19T03:02:47.090+0000] {dag.py:3947} INFO - Setting next_dagrun for transfer_from_minio_to_snowflake_transactions to 2026-03-19 03:01:00+00:00, run_after=2026-03-19 03:02:00+00:00
[2026-03-19T03:02:47.100+0000] {processor.py:183} INFO - Processing /opt/airflow/dags/transfer.py took 0.140 seconds
[2026-03-19T03:03:17.650+0000] {processor.py:161} INFO - Started process (PID=10179) to work on /opt/airflow/dags/transfer.py
[2026-03-19T03:03:17.650+0000] {processor.py:830} INFO - Processing file /opt/airflow/dags/transfer.py for tasks to queue
[2026-03-19T03:03:17.656+0000] {logging_mixin.py:188} INFO - [2026-03-19T03:03:17.655+0000] {dagbag.py:545} INFO - Filling up the DagBag from /opt/airflow/dags/transfer.py
[2026-03-19T03:03:17.695+0000] {processor.py:840} INFO - DAG(s) 'transfer_from_minio_to_snowflake_transactions', 'transfer_from_minio_to_snowflake_customers', 'transfer_from_minio_to_snowflake_accounts' retrieved from /opt/airflow/dags/transfer.py
[2026-03-19T03:03:17.734+0000] {logging_mixin.py:188} INFO - [2026-03-19T03:03:17.734+0000] {dag.py:3089} INFO - Sync 3 DAGs
[2026-03-19T03:03:17.750+0000] {logging_mixin.py:188} INFO - [2026-03-19T03:03:17.750+0000] {dag.py:3947} INFO - Setting next_dagrun for transfer_from_minio_to_snowflake_accounts to 2026-03-19 03:02:00+00:00, run_after=2026-03-19 03:03:00+00:00
[2026-03-19T03:03:17.753+0000] {logging_mixin.py:188} INFO - [2026-03-19T03:03:17.753+0000] {dag.py:3947} INFO - Setting next_dagrun for transfer_from_minio_to_snowflake_customers to 2026-03-19 03:02:00+00:00, run_after=2026-03-19 03:03:00+00:00
[2026-03-19T03:03:17.754+0000] {logging_mixin.py:188} INFO - [2026-03-19T03:03:17.754+0000] {dag.py:3947} INFO - Setting next_dagrun for transfer_from_minio_to_snowflake_transactions to 2026-03-19 03:02:00+00:00, run_after=2026-03-19 03:03:00+00:00
[2026-03-19T03:03:17.761+0000] {processor.py:183} INFO - Processing /opt/airflow/dags/transfer.py took 0.121 seconds
[2026-03-19T03:03:48.310+0000] {processor.py:161} INFO - Started process (PID=10181) to work on /opt/airflow/dags/transfer.py
[2026-03-19T03:03:48.312+0000] {processor.py:830} INFO - Processing file /opt/airflow/dags/transfer.py for tasks to queue
[2026-03-19T03:03:48.315+0000] {logging_mixin.py:188} INFO - [2026-03-19T03:03:48.315+0000] {dagbag.py:545} INFO - Filling up the DagBag from /opt/airflow/dags/transfer.py
[2026-03-19T03:03:48.352+0000] {processor.py:840} INFO - DAG(s) 'transfer_from_minio_to_snowflake_accounts', 'transfer_from_minio_to_snowflake_transactions', 'transfer_from_minio_to_snowflake_customers' retrieved from /opt/airflow/dags/transfer.py
[2026-03-19T03:03:48.387+0000] {logging_mixin.py:188} INFO - [2026-03-19T03:03:48.387+0000] {dag.py:3089} INFO - Sync 3 DAGs
[2026-03-19T03:03:48.403+0000] {logging_mixin.py:188} INFO - [2026-03-19T03:03:48.403+0000] {dag.py:3947} INFO - Setting next_dagrun for transfer_from_minio_to_snowflake_accounts to 2026-03-19 03:02:00+00:00, run_after=2026-03-19 03:03:00+00:00
[2026-03-19T03:03:48.405+0000] {logging_mixin.py:188} INFO - [2026-03-19T03:03:48.405+0000] {dag.py:3947} INFO - Setting next_dagrun for transfer_from_minio_to_snowflake_customers to 2026-03-19 03:02:00+00:00, run_after=2026-03-19 03:03:00+00:00
[2026-03-19T03:03:48.407+0000] {logging_mixin.py:188} INFO - [2026-03-19T03:03:48.407+0000] {dag.py:3947} INFO - Setting next_dagrun for transfer_from_minio_to_snowflake_transactions to 2026-03-19 03:02:00+00:00, run_after=2026-03-19 03:03:00+00:00
[2026-03-19T03:03:48.415+0000] {processor.py:183} INFO - Processing /opt/airflow/dags/transfer.py took 0.117 seconds
[2026-03-19T03:04:19.028+0000] {processor.py:161} INFO - Started process (PID=10183) to work on /opt/airflow/dags/transfer.py
[2026-03-19T03:04:19.031+0000] {processor.py:830} INFO - Processing file /opt/airflow/dags/transfer.py for tasks to queue
[2026-03-19T03:04:19.034+0000] {logging_mixin.py:188} INFO - [2026-03-19T03:04:19.034+0000] {dagbag.py:545} INFO - Filling up the DagBag from /opt/airflow/dags/transfer.py
[2026-03-19T03:04:19.066+0000] {processor.py:840} INFO - DAG(s) 'transfer_from_minio_to_snowflake_transactions', 'transfer_from_minio_to_snowflake_accounts', 'transfer_from_minio_to_snowflake_customers' retrieved from /opt/airflow/dags/transfer.py
[2026-03-19T03:04:19.103+0000] {logging_mixin.py:188} INFO - [2026-03-19T03:04:19.103+0000] {dag.py:3089} INFO - Sync 3 DAGs
[2026-03-19T03:04:19.117+0000] {logging_mixin.py:188} INFO - [2026-03-19T03:04:19.117+0000] {dag.py:3947} INFO - Setting next_dagrun for transfer_from_minio_to_snowflake_accounts to 2026-03-19 03:03:00+00:00, run_after=2026-03-19 03:04:00+00:00
[2026-03-19T03:04:19.120+0000] {logging_mixin.py:188} INFO - [2026-03-19T03:04:19.120+0000] {dag.py:3947} INFO - Setting next_dagrun for transfer_from_minio_to_snowflake_customers to 2026-03-19 03:03:00+00:00, run_after=2026-03-19 03:04:00+00:00
[2026-03-19T03:04:19.122+0000] {logging_mixin.py:188} INFO - [2026-03-19T03:04:19.122+0000] {dag.py:3947} INFO - Setting next_dagrun for transfer_from_minio_to_snowflake_transactions to 2026-03-19 03:03:00+00:00, run_after=2026-03-19 03:04:00+00:00
[2026-03-19T03:04:19.129+0000] {processor.py:183} INFO - Processing /opt/airflow/dags/transfer.py took 0.111 seconds
[2026-03-19T03:04:49.707+0000] {processor.py:161} INFO - Started process (PID=10185) to work on /opt/airflow/dags/transfer.py
[2026-03-19T03:04:49.709+0000] {processor.py:830} INFO - Processing file /opt/airflow/dags/transfer.py for tasks to queue
[2026-03-19T03:04:49.711+0000] {logging_mixin.py:188} INFO - [2026-03-19T03:04:49.710+0000] {dagbag.py:545} INFO - Filling up the DagBag from /opt/airflow/dags/transfer.py
[2026-03-19T03:04:49.745+0000] {processor.py:840} INFO - DAG(s) 'transfer_from_minio_to_snowflake_transactions', 'transfer_from_minio_to_snowflake_customers', 'transfer_from_minio_to_snowflake_accounts' retrieved from /opt/airflow/dags/transfer.py
[2026-03-19T03:04:49.779+0000] {logging_mixin.py:188} INFO - [2026-03-19T03:04:49.779+0000] {dag.py:3089} INFO - Sync 3 DAGs
[2026-03-19T03:04:49.798+0000] {logging_mixin.py:188} INFO - [2026-03-19T03:04:49.798+0000] {dag.py:3947} INFO - Setting next_dagrun for transfer_from_minio_to_snowflake_accounts to 2026-03-19 03:03:00+00:00, run_after=2026-03-19 03:04:00+00:00
[2026-03-19T03:04:49.801+0000] {logging_mixin.py:188} INFO - [2026-03-19T03:04:49.801+0000] {dag.py:3947} INFO - Setting next_dagrun for transfer_from_minio_to_snowflake_customers to 2026-03-19 03:03:00+00:00, run_after=2026-03-19 03:04:00+00:00
[2026-03-19T03:04:49.803+0000] {logging_mixin.py:188} INFO - [2026-03-19T03:04:49.802+0000] {dag.py:3947} INFO - Setting next_dagrun for transfer_from_minio_to_snowflake_transactions to 2026-03-19 03:03:00+00:00, run_after=2026-03-19 03:04:00+00:00
[2026-03-19T03:04:49.814+0000] {processor.py:183} INFO - Processing /opt/airflow/dags/transfer.py took 0.119 seconds
[2026-03-19T03:05:20.484+0000] {processor.py:161} INFO - Started process (PID=10187) to work on /opt/airflow/dags/transfer.py
[2026-03-19T03:05:20.488+0000] {processor.py:830} INFO - Processing file /opt/airflow/dags/transfer.py for tasks to queue
[2026-03-19T03:05:20.493+0000] {logging_mixin.py:188} INFO - [2026-03-19T03:05:20.493+0000] {dagbag.py:545} INFO - Filling up the DagBag from /opt/airflow/dags/transfer.py
[2026-03-19T03:05:20.551+0000] {processor.py:840} INFO - DAG(s) 'transfer_from_minio_to_snowflake_accounts', 'transfer_from_minio_to_snowflake_customers', 'transfer_from_minio_to_snowflake_transactions' retrieved from /opt/airflow/dags/transfer.py
[2026-03-19T03:05:20.599+0000] {logging_mixin.py:188} INFO - [2026-03-19T03:05:20.598+0000] {dag.py:3089} INFO - Sync 3 DAGs
[2026-03-19T03:05:20.615+0000] {logging_mixin.py:188} INFO - [2026-03-19T03:05:20.615+0000] {dag.py:3947} INFO - Setting next_dagrun for transfer_from_minio_to_snowflake_accounts to 2026-03-19 03:04:00+00:00, run_after=2026-03-19 03:05:00+00:00
[2026-03-19T03:05:20.618+0000] {logging_mixin.py:188} INFO - [2026-03-19T03:05:20.618+0000] {dag.py:3947} INFO - Setting next_dagrun for transfer_from_minio_to_snowflake_customers to 2026-03-19 03:04:00+00:00, run_after=2026-03-19 03:05:00+00:00
[2026-03-19T03:05:20.620+0000] {logging_mixin.py:188} INFO - [2026-03-19T03:05:20.619+0000] {dag.py:3947} INFO - Setting next_dagrun for transfer_from_minio_to_snowflake_transactions to 2026-03-19 03:04:00+00:00, run_after=2026-03-19 03:05:00+00:00
[2026-03-19T03:05:20.630+0000] {processor.py:183} INFO - Processing /opt/airflow/dags/transfer.py took 0.162 seconds
[2026-03-19T03:05:51.126+0000] {processor.py:161} INFO - Started process (PID=10189) to work on /opt/airflow/dags/transfer.py
[2026-03-19T03:05:51.129+0000] {processor.py:830} INFO - Processing file /opt/airflow/dags/transfer.py for tasks to queue
[2026-03-19T03:05:51.138+0000] {logging_mixin.py:188} INFO - [2026-03-19T03:05:51.138+0000] {dagbag.py:545} INFO - Filling up the DagBag from /opt/airflow/dags/transfer.py
[2026-03-19T03:05:51.185+0000] {processor.py:840} INFO - DAG(s) 'transfer_from_minio_to_snowflake_transactions', 'transfer_from_minio_to_snowflake_accounts', 'transfer_from_minio_to_snowflake_customers' retrieved from /opt/airflow/dags/transfer.py
[2026-03-19T03:05:51.224+0000] {logging_mixin.py:188} INFO - [2026-03-19T03:05:51.223+0000] {dag.py:3089} INFO - Sync 3 DAGs
[2026-03-19T03:05:51.238+0000] {logging_mixin.py:188} INFO - [2026-03-19T03:05:51.238+0000] {dag.py:3947} INFO - Setting next_dagrun for transfer_from_minio_to_snowflake_accounts to 2026-03-19 03:04:00+00:00, run_after=2026-03-19 03:05:00+00:00
[2026-03-19T03:05:51.241+0000] {logging_mixin.py:188} INFO - [2026-03-19T03:05:51.240+0000] {dag.py:3947} INFO - Setting next_dagrun for transfer_from_minio_to_snowflake_customers to 2026-03-19 03:04:00+00:00, run_after=2026-03-19 03:05:00+00:00
[2026-03-19T03:05:51.242+0000] {logging_mixin.py:188} INFO - [2026-03-19T03:05:51.242+0000] {dag.py:3947} INFO - Setting next_dagrun for transfer_from_minio_to_snowflake_transactions to 2026-03-19 03:04:00+00:00, run_after=2026-03-19 03:05:00+00:00
[2026-03-19T03:05:51.252+0000] {processor.py:183} INFO - Processing /opt/airflow/dags/transfer.py took 0.140 seconds
[2026-03-19T03:06:21.815+0000] {processor.py:161} INFO - Started process (PID=10191) to work on /opt/airflow/dags/transfer.py
[2026-03-19T03:06:21.820+0000] {processor.py:830} INFO - Processing file /opt/airflow/dags/transfer.py for tasks to queue
[2026-03-19T03:06:21.823+0000] {logging_mixin.py:188} INFO - [2026-03-19T03:06:21.823+0000] {dagbag.py:545} INFO - Filling up the DagBag from /opt/airflow/dags/transfer.py
[2026-03-19T03:06:21.853+0000] {processor.py:840} INFO - DAG(s) 'transfer_from_minio_to_snowflake_transactions', 'transfer_from_minio_to_snowflake_customers', 'transfer_from_minio_to_snowflake_accounts' retrieved from /opt/airflow/dags/transfer.py
[2026-03-19T03:06:21.894+0000] {logging_mixin.py:188} INFO - [2026-03-19T03:06:21.894+0000] {dag.py:3089} INFO - Sync 3 DAGs
[2026-03-19T03:06:21.913+0000] {logging_mixin.py:188} INFO - [2026-03-19T03:06:21.913+0000] {dag.py:3947} INFO - Setting next_dagrun for transfer_from_minio_to_snowflake_accounts to 2026-03-19 03:05:00+00:00, run_after=2026-03-19 03:06:00+00:00
[2026-03-19T03:06:21.916+0000] {logging_mixin.py:188} INFO - [2026-03-19T03:06:21.916+0000] {dag.py:3947} INFO - Setting next_dagrun for transfer_from_minio_to_snowflake_customers to 2026-03-19 03:05:00+00:00, run_after=2026-03-19 03:06:00+00:00
[2026-03-19T03:06:21.917+0000] {logging_mixin.py:188} INFO - [2026-03-19T03:06:21.917+0000] {dag.py:3947} INFO - Setting next_dagrun for transfer_from_minio_to_snowflake_transactions to 2026-03-19 03:05:00+00:00, run_after=2026-03-19 03:06:00+00:00
[2026-03-19T03:06:21.926+0000] {processor.py:183} INFO - Processing /opt/airflow/dags/transfer.py took 0.119 seconds
[2026-03-19T03:06:52.364+0000] {processor.py:161} INFO - Started process (PID=10193) to work on /opt/airflow/dags/transfer.py
[2026-03-19T03:06:52.365+0000] {processor.py:830} INFO - Processing file /opt/airflow/dags/transfer.py for tasks to queue
[2026-03-19T03:06:52.368+0000] {logging_mixin.py:188} INFO - [2026-03-19T03:06:52.368+0000] {dagbag.py:545} INFO - Filling up the DagBag from /opt/airflow/dags/transfer.py
[2026-03-19T03:06:52.408+0000] {processor.py:840} INFO - DAG(s) 'transfer_from_minio_to_snowflake_customers', 'transfer_from_minio_to_snowflake_accounts', 'transfer_from_minio_to_snowflake_transactions' retrieved from /opt/airflow/dags/transfer.py
[2026-03-19T03:06:52.445+0000] {logging_mixin.py:188} INFO - [2026-03-19T03:06:52.445+0000] {dag.py:3089} INFO - Sync 3 DAGs
[2026-03-19T03:06:52.463+0000] {logging_mixin.py:188} INFO - [2026-03-19T03:06:52.463+0000] {dag.py:3947} INFO - Setting next_dagrun for transfer_from_minio_to_snowflake_accounts to 2026-03-19 03:05:00+00:00, run_after=2026-03-19 03:06:00+00:00
[2026-03-19T03:06:52.466+0000] {logging_mixin.py:188} INFO - [2026-03-19T03:06:52.466+0000] {dag.py:3947} INFO - Setting next_dagrun for transfer_from_minio_to_snowflake_customers to 2026-03-19 03:05:00+00:00, run_after=2026-03-19 03:06:00+00:00
[2026-03-19T03:06:52.467+0000] {logging_mixin.py:188} INFO - [2026-03-19T03:06:52.467+0000] {dag.py:3947} INFO - Setting next_dagrun for transfer_from_minio_to_snowflake_transactions to 2026-03-19 03:05:00+00:00, run_after=2026-03-19 03:06:00+00:00
[2026-03-19T03:06:52.475+0000] {processor.py:183} INFO - Processing /opt/airflow/dags/transfer.py took 0.123 seconds
[2026-03-19T03:07:23.081+0000] {processor.py:161} INFO - Started process (PID=10195) to work on /opt/airflow/dags/transfer.py
[2026-03-19T03:07:23.082+0000] {processor.py:830} INFO - Processing file /opt/airflow/dags/transfer.py for tasks to queue
[2026-03-19T03:07:23.085+0000] {logging_mixin.py:188} INFO - [2026-03-19T03:07:23.085+0000] {dagbag.py:545} INFO - Filling up the DagBag from /opt/airflow/dags/transfer.py
[2026-03-19T03:07:23.129+0000] {processor.py:840} INFO - DAG(s) 'transfer_from_minio_to_snowflake_customers', 'transfer_from_minio_to_snowflake_accounts', 'transfer_from_minio_to_snowflake_transactions' retrieved from /opt/airflow/dags/transfer.py
[2026-03-19T03:07:23.161+0000] {logging_mixin.py:188} INFO - [2026-03-19T03:07:23.160+0000] {dag.py:3089} INFO - Sync 3 DAGs
[2026-03-19T03:07:23.178+0000] {logging_mixin.py:188} INFO - [2026-03-19T03:07:23.178+0000] {dag.py:3947} INFO - Setting next_dagrun for transfer_from_minio_to_snowflake_accounts to 2026-03-19 03:06:00+00:00, run_after=2026-03-19 03:07:00+00:00
[2026-03-19T03:07:23.181+0000] {logging_mixin.py:188} INFO - [2026-03-19T03:07:23.181+0000] {dag.py:3947} INFO - Setting next_dagrun for transfer_from_minio_to_snowflake_customers to 2026-03-19 03:06:00+00:00, run_after=2026-03-19 03:07:00+00:00
[2026-03-19T03:07:23.182+0000] {logging_mixin.py:188} INFO - [2026-03-19T03:07:23.182+0000] {dag.py:3947} INFO - Setting next_dagrun for transfer_from_minio_to_snowflake_transactions to 2026-03-19 03:06:00+00:00, run_after=2026-03-19 03:07:00+00:00
[2026-03-19T03:07:23.190+0000] {processor.py:183} INFO - Processing /opt/airflow/dags/transfer.py took 0.122 seconds
[2026-03-19T03:07:53.731+0000] {processor.py:161} INFO - Started process (PID=10197) to work on /opt/airflow/dags/transfer.py
[2026-03-19T03:07:53.732+0000] {processor.py:830} INFO - Processing file /opt/airflow/dags/transfer.py for tasks to queue
[2026-03-19T03:07:53.734+0000] {logging_mixin.py:188} INFO - [2026-03-19T03:07:53.734+0000] {dagbag.py:545} INFO - Filling up the DagBag from /opt/airflow/dags/transfer.py
[2026-03-19T03:07:53.772+0000] {processor.py:840} INFO - DAG(s) 'transfer_from_minio_to_snowflake_customers', 'transfer_from_minio_to_snowflake_transactions', 'transfer_from_minio_to_snowflake_accounts' retrieved from /opt/airflow/dags/transfer.py
[2026-03-19T03:07:53.808+0000] {logging_mixin.py:188} INFO - [2026-03-19T03:07:53.808+0000] {dag.py:3089} INFO - Sync 3 DAGs
[2026-03-19T03:07:53.822+0000] {logging_mixin.py:188} INFO - [2026-03-19T03:07:53.822+0000] {dag.py:3947} INFO - Setting next_dagrun for transfer_from_minio_to_snowflake_accounts to 2026-03-19 03:06:00+00:00, run_after=2026-03-19 03:07:00+00:00
[2026-03-19T03:07:53.825+0000] {logging_mixin.py:188} INFO - [2026-03-19T03:07:53.825+0000] {dag.py:3947} INFO - Setting next_dagrun for transfer_from_minio_to_snowflake_customers to 2026-03-19 03:06:00+00:00, run_after=2026-03-19 03:07:00+00:00
[2026-03-19T03:07:53.826+0000] {logging_mixin.py:188} INFO - [2026-03-19T03:07:53.826+0000] {dag.py:3947} INFO - Setting next_dagrun for transfer_from_minio_to_snowflake_transactions to 2026-03-19 03:06:00+00:00, run_after=2026-03-19 03:07:00+00:00
[2026-03-19T03:07:53.834+0000] {processor.py:183} INFO - Processing /opt/airflow/dags/transfer.py took 0.120 seconds
[2026-03-19T03:08:24.337+0000] {processor.py:161} INFO - Started process (PID=10199) to work on /opt/airflow/dags/transfer.py
[2026-03-19T03:08:24.339+0000] {processor.py:830} INFO - Processing file /opt/airflow/dags/transfer.py for tasks to queue
[2026-03-19T03:08:24.342+0000] {logging_mixin.py:188} INFO - [2026-03-19T03:08:24.341+0000] {dagbag.py:545} INFO - Filling up the DagBag from /opt/airflow/dags/transfer.py
[2026-03-19T03:08:24.382+0000] {processor.py:840} INFO - DAG(s) 'transfer_from_minio_to_snowflake_customers', 'transfer_from_minio_to_snowflake_accounts', 'transfer_from_minio_to_snowflake_transactions' retrieved from /opt/airflow/dags/transfer.py
[2026-03-19T03:08:24.415+0000] {logging_mixin.py:188} INFO - [2026-03-19T03:08:24.414+0000] {dag.py:3089} INFO - Sync 3 DAGs
[2026-03-19T03:08:24.430+0000] {logging_mixin.py:188} INFO - [2026-03-19T03:08:24.430+0000] {dag.py:3947} INFO - Setting next_dagrun for transfer_from_minio_to_snowflake_accounts to 2026-03-19 03:07:00+00:00, run_after=2026-03-19 03:08:00+00:00
[2026-03-19T03:08:24.433+0000] {logging_mixin.py:188} INFO - [2026-03-19T03:08:24.433+0000] {dag.py:3947} INFO - Setting next_dagrun for transfer_from_minio_to_snowflake_customers to 2026-03-19 03:07:00+00:00, run_after=2026-03-19 03:08:00+00:00
[2026-03-19T03:08:24.434+0000] {logging_mixin.py:188} INFO - [2026-03-19T03:08:24.434+0000] {dag.py:3947} INFO - Setting next_dagrun for transfer_from_minio_to_snowflake_transactions to 2026-03-19 03:07:00+00:00, run_after=2026-03-19 03:08:00+00:00
[2026-03-19T03:08:24.441+0000] {processor.py:183} INFO - Processing /opt/airflow/dags/transfer.py took 0.115 seconds
[2026-03-19T03:08:54.939+0000] {processor.py:161} INFO - Started process (PID=10201) to work on /opt/airflow/dags/transfer.py
[2026-03-19T03:08:54.941+0000] {processor.py:830} INFO - Processing file /opt/airflow/dags/transfer.py for tasks to queue
[2026-03-19T03:08:54.945+0000] {logging_mixin.py:188} INFO - [2026-03-19T03:08:54.945+0000] {dagbag.py:545} INFO - Filling up the DagBag from /opt/airflow/dags/transfer.py
[2026-03-19T03:08:54.983+0000] {processor.py:840} INFO - DAG(s) 'transfer_from_minio_to_snowflake_transactions', 'transfer_from_minio_to_snowflake_accounts', 'transfer_from_minio_to_snowflake_customers' retrieved from /opt/airflow/dags/transfer.py
[2026-03-19T03:08:55.014+0000] {logging_mixin.py:188} INFO - [2026-03-19T03:08:55.014+0000] {dag.py:3089} INFO - Sync 3 DAGs
[2026-03-19T03:08:55.031+0000] {logging_mixin.py:188} INFO - [2026-03-19T03:08:55.031+0000] {dag.py:3947} INFO - Setting next_dagrun for transfer_from_minio_to_snowflake_accounts to 2026-03-19 03:07:00+00:00, run_after=2026-03-19 03:08:00+00:00
[2026-03-19T03:08:55.033+0000] {logging_mixin.py:188} INFO - [2026-03-19T03:08:55.033+0000] {dag.py:3947} INFO - Setting next_dagrun for transfer_from_minio_to_snowflake_customers to 2026-03-19 03:07:00+00:00, run_after=2026-03-19 03:08:00+00:00
[2026-03-19T03:08:55.035+0000] {logging_mixin.py:188} INFO - [2026-03-19T03:08:55.035+0000] {dag.py:3947} INFO - Setting next_dagrun for transfer_from_minio_to_snowflake_transactions to 2026-03-19 03:07:00+00:00, run_after=2026-03-19 03:08:00+00:00
[2026-03-19T03:08:55.042+0000] {processor.py:183} INFO - Processing /opt/airflow/dags/transfer.py took 0.117 seconds
[2026-03-19T03:09:25.632+0000] {processor.py:161} INFO - Started process (PID=10203) to work on /opt/airflow/dags/transfer.py
[2026-03-19T03:09:25.634+0000] {processor.py:830} INFO - Processing file /opt/airflow/dags/transfer.py for tasks to queue
[2026-03-19T03:09:25.637+0000] {logging_mixin.py:188} INFO - [2026-03-19T03:09:25.637+0000] {dagbag.py:545} INFO - Filling up the DagBag from /opt/airflow/dags/transfer.py
[2026-03-19T03:09:25.679+0000] {processor.py:840} INFO - DAG(s) 'transfer_from_minio_to_snowflake_transactions', 'transfer_from_minio_to_snowflake_customers', 'transfer_from_minio_to_snowflake_accounts' retrieved from /opt/airflow/dags/transfer.py
[2026-03-19T03:09:25.721+0000] {logging_mixin.py:188} INFO - [2026-03-19T03:09:25.721+0000] {dag.py:3089} INFO - Sync 3 DAGs
[2026-03-19T03:09:25.735+0000] {logging_mixin.py:188} INFO - [2026-03-19T03:09:25.735+0000] {dag.py:3947} INFO - Setting next_dagrun for transfer_from_minio_to_snowflake_accounts to 2026-03-19 03:08:00+00:00, run_after=2026-03-19 03:09:00+00:00
[2026-03-19T03:09:25.738+0000] {logging_mixin.py:188} INFO - [2026-03-19T03:09:25.738+0000] {dag.py:3947} INFO - Setting next_dagrun for transfer_from_minio_to_snowflake_customers to 2026-03-19 03:08:00+00:00, run_after=2026-03-19 03:09:00+00:00
[2026-03-19T03:09:25.739+0000] {logging_mixin.py:188} INFO - [2026-03-19T03:09:25.739+0000] {dag.py:3947} INFO - Setting next_dagrun for transfer_from_minio_to_snowflake_transactions to 2026-03-19 03:08:00+00:00, run_after=2026-03-19 03:09:00+00:00
[2026-03-19T03:09:25.746+0000] {processor.py:183} INFO - Processing /opt/airflow/dags/transfer.py took 0.130 seconds
[2026-03-19T03:09:56.228+0000] {processor.py:161} INFO - Started process (PID=10205) to work on /opt/airflow/dags/transfer.py
[2026-03-19T03:09:56.230+0000] {processor.py:830} INFO - Processing file /opt/airflow/dags/transfer.py for tasks to queue
[2026-03-19T03:09:56.236+0000] {logging_mixin.py:188} INFO - [2026-03-19T03:09:56.235+0000] {dagbag.py:545} INFO - Filling up the DagBag from /opt/airflow/dags/transfer.py
[2026-03-19T03:09:56.275+0000] {processor.py:840} INFO - DAG(s) 'transfer_from_minio_to_snowflake_accounts', 'transfer_from_minio_to_snowflake_transactions', 'transfer_from_minio_to_snowflake_customers' retrieved from /opt/airflow/dags/transfer.py
[2026-03-19T03:09:56.307+0000] {logging_mixin.py:188} INFO - [2026-03-19T03:09:56.307+0000] {dag.py:3089} INFO - Sync 3 DAGs
[2026-03-19T03:09:56.321+0000] {logging_mixin.py:188} INFO - [2026-03-19T03:09:56.320+0000] {dag.py:3947} INFO - Setting next_dagrun for transfer_from_minio_to_snowflake_accounts to 2026-03-19 03:08:00+00:00, run_after=2026-03-19 03:09:00+00:00
[2026-03-19T03:09:56.324+0000] {logging_mixin.py:188} INFO - [2026-03-19T03:09:56.324+0000] {dag.py:3947} INFO - Setting next_dagrun for transfer_from_minio_to_snowflake_customers to 2026-03-19 03:08:00+00:00, run_after=2026-03-19 03:09:00+00:00
[2026-03-19T03:09:56.326+0000] {logging_mixin.py:188} INFO - [2026-03-19T03:09:56.326+0000] {dag.py:3947} INFO - Setting next_dagrun for transfer_from_minio_to_snowflake_transactions to 2026-03-19 03:08:00+00:00, run_after=2026-03-19 03:09:00+00:00
[2026-03-19T03:09:56.333+0000] {processor.py:183} INFO - Processing /opt/airflow/dags/transfer.py took 0.114 seconds
[2026-03-19T03:10:26.982+0000] {processor.py:161} INFO - Started process (PID=10207) to work on /opt/airflow/dags/transfer.py
[2026-03-19T03:10:26.984+0000] {processor.py:830} INFO - Processing file /opt/airflow/dags/transfer.py for tasks to queue
[2026-03-19T03:10:26.988+0000] {logging_mixin.py:188} INFO - [2026-03-19T03:10:26.988+0000] {dagbag.py:545} INFO - Filling up the DagBag from /opt/airflow/dags/transfer.py
[2026-03-19T03:10:27.023+0000] {processor.py:840} INFO - DAG(s) 'transfer_from_minio_to_snowflake_accounts', 'transfer_from_minio_to_snowflake_customers', 'transfer_from_minio_to_snowflake_transactions' retrieved from /opt/airflow/dags/transfer.py
[2026-03-19T03:10:27.055+0000] {logging_mixin.py:188} INFO - [2026-03-19T03:10:27.055+0000] {dag.py:3089} INFO - Sync 3 DAGs
[2026-03-19T03:10:27.073+0000] {logging_mixin.py:188} INFO - [2026-03-19T03:10:27.073+0000] {dag.py:3947} INFO - Setting next_dagrun for transfer_from_minio_to_snowflake_accounts to 2026-03-19 03:09:00+00:00, run_after=2026-03-19 03:10:00+00:00
[2026-03-19T03:10:27.076+0000] {logging_mixin.py:188} INFO - [2026-03-19T03:10:27.076+0000] {dag.py:3947} INFO - Setting next_dagrun for transfer_from_minio_to_snowflake_customers to 2026-03-19 03:09:00+00:00, run_after=2026-03-19 03:10:00+00:00
[2026-03-19T03:10:27.078+0000] {logging_mixin.py:188} INFO - [2026-03-19T03:10:27.078+0000] {dag.py:3947} INFO - Setting next_dagrun for transfer_from_minio_to_snowflake_transactions to 2026-03-19 03:09:00+00:00, run_after=2026-03-19 03:10:00+00:00
[2026-03-19T03:10:27.089+0000] {processor.py:183} INFO - Processing /opt/airflow/dags/transfer.py took 0.117 seconds
[2026-03-19T03:10:57.628+0000] {processor.py:161} INFO - Started process (PID=10209) to work on /opt/airflow/dags/transfer.py
[2026-03-19T03:10:57.629+0000] {processor.py:830} INFO - Processing file /opt/airflow/dags/transfer.py for tasks to queue
[2026-03-19T03:10:57.638+0000] {logging_mixin.py:188} INFO - [2026-03-19T03:10:57.637+0000] {dagbag.py:545} INFO - Filling up the DagBag from /opt/airflow/dags/transfer.py
[2026-03-19T03:10:57.686+0000] {processor.py:840} INFO - DAG(s) 'transfer_from_minio_to_snowflake_accounts', 'transfer_from_minio_to_snowflake_transactions', 'transfer_from_minio_to_snowflake_customers' retrieved from /opt/airflow/dags/transfer.py
[2026-03-19T03:10:57.723+0000] {logging_mixin.py:188} INFO - [2026-03-19T03:10:57.722+0000] {dag.py:3089} INFO - Sync 3 DAGs
[2026-03-19T03:10:57.739+0000] {logging_mixin.py:188} INFO - [2026-03-19T03:10:57.739+0000] {dag.py:3947} INFO - Setting next_dagrun for transfer_from_minio_to_snowflake_accounts to 2026-03-19 03:09:00+00:00, run_after=2026-03-19 03:10:00+00:00
[2026-03-19T03:10:57.741+0000] {logging_mixin.py:188} INFO - [2026-03-19T03:10:57.741+0000] {dag.py:3947} INFO - Setting next_dagrun for transfer_from_minio_to_snowflake_customers to 2026-03-19 03:09:00+00:00, run_after=2026-03-19 03:10:00+00:00
[2026-03-19T03:10:57.743+0000] {logging_mixin.py:188} INFO - [2026-03-19T03:10:57.743+0000] {dag.py:3947} INFO - Setting next_dagrun for transfer_from_minio_to_snowflake_transactions to 2026-03-19 03:09:00+00:00, run_after=2026-03-19 03:10:00+00:00
[2026-03-19T03:10:57.753+0000] {processor.py:183} INFO - Processing /opt/airflow/dags/transfer.py took 0.140 seconds
[2026-03-19T03:11:28.326+0000] {processor.py:161} INFO - Started process (PID=10211) to work on /opt/airflow/dags/transfer.py
[2026-03-19T03:11:28.328+0000] {processor.py:830} INFO - Processing file /opt/airflow/dags/transfer.py for tasks to queue
[2026-03-19T03:11:28.331+0000] {logging_mixin.py:188} INFO - [2026-03-19T03:11:28.330+0000] {dagbag.py:545} INFO - Filling up the DagBag from /opt/airflow/dags/transfer.py
[2026-03-19T03:11:28.369+0000] {processor.py:840} INFO - DAG(s) 'transfer_from_minio_to_snowflake_accounts', 'transfer_from_minio_to_snowflake_transactions', 'transfer_from_minio_to_snowflake_customers' retrieved from /opt/airflow/dags/transfer.py
[2026-03-19T03:11:28.405+0000] {logging_mixin.py:188} INFO - [2026-03-19T03:11:28.405+0000] {dag.py:3089} INFO - Sync 3 DAGs
[2026-03-19T03:11:28.427+0000] {logging_mixin.py:188} INFO - [2026-03-19T03:11:28.427+0000] {dag.py:3947} INFO - Setting next_dagrun for transfer_from_minio_to_snowflake_accounts to 2026-03-19 03:10:00+00:00, run_after=2026-03-19 03:11:00+00:00
[2026-03-19T03:11:28.430+0000] {logging_mixin.py:188} INFO - [2026-03-19T03:11:28.430+0000] {dag.py:3947} INFO - Setting next_dagrun for transfer_from_minio_to_snowflake_customers to 2026-03-19 03:10:00+00:00, run_after=2026-03-19 03:11:00+00:00
[2026-03-19T03:11:28.431+0000] {logging_mixin.py:188} INFO - [2026-03-19T03:11:28.431+0000] {dag.py:3947} INFO - Setting next_dagrun for transfer_from_minio_to_snowflake_transactions to 2026-03-19 03:10:00+00:00, run_after=2026-03-19 03:11:00+00:00
[2026-03-19T03:11:28.439+0000] {processor.py:183} INFO - Processing /opt/airflow/dags/transfer.py took 0.121 seconds
[2026-03-19T03:11:59.176+0000] {processor.py:161} INFO - Started process (PID=10213) to work on /opt/airflow/dags/transfer.py
[2026-03-19T03:11:59.177+0000] {processor.py:830} INFO - Processing file /opt/airflow/dags/transfer.py for tasks to queue
[2026-03-19T03:11:59.179+0000] {logging_mixin.py:188} INFO - [2026-03-19T03:11:59.179+0000] {dagbag.py:545} INFO - Filling up the DagBag from /opt/airflow/dags/transfer.py
[2026-03-19T03:11:59.217+0000] {processor.py:840} INFO - DAG(s) 'transfer_from_minio_to_snowflake_accounts', 'transfer_from_minio_to_snowflake_transactions', 'transfer_from_minio_to_snowflake_customers' retrieved from /opt/airflow/dags/transfer.py
[2026-03-19T03:11:59.250+0000] {logging_mixin.py:188} INFO - [2026-03-19T03:11:59.250+0000] {dag.py:3089} INFO - Sync 3 DAGs
[2026-03-19T03:11:59.268+0000] {logging_mixin.py:188} INFO - [2026-03-19T03:11:59.268+0000] {dag.py:3947} INFO - Setting next_dagrun for transfer_from_minio_to_snowflake_accounts to 2026-03-19 03:10:00+00:00, run_after=2026-03-19 03:11:00+00:00
[2026-03-19T03:11:59.271+0000] {logging_mixin.py:188} INFO - [2026-03-19T03:11:59.271+0000] {dag.py:3947} INFO - Setting next_dagrun for transfer_from_minio_to_snowflake_customers to 2026-03-19 03:10:00+00:00, run_after=2026-03-19 03:11:00+00:00
[2026-03-19T03:11:59.273+0000] {logging_mixin.py:188} INFO - [2026-03-19T03:11:59.273+0000] {dag.py:3947} INFO - Setting next_dagrun for transfer_from_minio_to_snowflake_transactions to 2026-03-19 03:10:00+00:00, run_after=2026-03-19 03:11:00+00:00
[2026-03-19T03:11:59.280+0000] {processor.py:183} INFO - Processing /opt/airflow/dags/transfer.py took 0.115 seconds
[2026-03-19T03:12:29.866+0000] {processor.py:161} INFO - Started process (PID=10215) to work on /opt/airflow/dags/transfer.py
[2026-03-19T03:12:29.868+0000] {processor.py:830} INFO - Processing file /opt/airflow/dags/transfer.py for tasks to queue
[2026-03-19T03:12:29.874+0000] {logging_mixin.py:188} INFO - [2026-03-19T03:12:29.871+0000] {dagbag.py:545} INFO - Filling up the DagBag from /opt/airflow/dags/transfer.py
[2026-03-19T03:12:29.913+0000] {processor.py:840} INFO - DAG(s) 'transfer_from_minio_to_snowflake_accounts', 'transfer_from_minio_to_snowflake_transactions', 'transfer_from_minio_to_snowflake_customers' retrieved from /opt/airflow/dags/transfer.py
[2026-03-19T03:12:29.949+0000] {logging_mixin.py:188} INFO - [2026-03-19T03:12:29.948+0000] {dag.py:3089} INFO - Sync 3 DAGs
[2026-03-19T03:12:29.965+0000] {logging_mixin.py:188} INFO - [2026-03-19T03:12:29.965+0000] {dag.py:3947} INFO - Setting next_dagrun for transfer_from_minio_to_snowflake_accounts to 2026-03-19 03:11:00+00:00, run_after=2026-03-19 03:12:00+00:00
[2026-03-19T03:12:29.968+0000] {logging_mixin.py:188} INFO - [2026-03-19T03:12:29.968+0000] {dag.py:3947} INFO - Setting next_dagrun for transfer_from_minio_to_snowflake_customers to 2026-03-19 03:11:00+00:00, run_after=2026-03-19 03:12:00+00:00
[2026-03-19T03:12:29.970+0000] {logging_mixin.py:188} INFO - [2026-03-19T03:12:29.970+0000] {dag.py:3947} INFO - Setting next_dagrun for transfer_from_minio_to_snowflake_transactions to 2026-03-19 03:11:00+00:00, run_after=2026-03-19 03:12:00+00:00
[2026-03-19T03:12:29.978+0000] {processor.py:183} INFO - Processing /opt/airflow/dags/transfer.py took 0.124 seconds
[2026-03-19T03:13:00.579+0000] {processor.py:161} INFO - Started process (PID=10217) to work on /opt/airflow/dags/transfer.py
[2026-03-19T03:13:00.580+0000] {processor.py:830} INFO - Processing file /opt/airflow/dags/transfer.py for tasks to queue
[2026-03-19T03:13:00.586+0000] {logging_mixin.py:188} INFO - [2026-03-19T03:13:00.586+0000] {dagbag.py:545} INFO - Filling up the DagBag from /opt/airflow/dags/transfer.py
[2026-03-19T03:13:00.620+0000] {processor.py:840} INFO - DAG(s) 'transfer_from_minio_to_snowflake_accounts', 'transfer_from_minio_to_snowflake_transactions', 'transfer_from_minio_to_snowflake_customers' retrieved from /opt/airflow/dags/transfer.py
[2026-03-19T03:13:00.656+0000] {logging_mixin.py:188} INFO - [2026-03-19T03:13:00.656+0000] {dag.py:3089} INFO - Sync 3 DAGs
[2026-03-19T03:13:00.673+0000] {logging_mixin.py:188} INFO - [2026-03-19T03:13:00.673+0000] {dag.py:3947} INFO - Setting next_dagrun for transfer_from_minio_to_snowflake_accounts to 2026-03-19 03:12:00+00:00, run_after=2026-03-19 03:13:00+00:00
[2026-03-19T03:13:00.676+0000] {logging_mixin.py:188} INFO - [2026-03-19T03:13:00.676+0000] {dag.py:3947} INFO - Setting next_dagrun for transfer_from_minio_to_snowflake_customers to 2026-03-19 03:12:00+00:00, run_after=2026-03-19 03:13:00+00:00
[2026-03-19T03:13:00.677+0000] {logging_mixin.py:188} INFO - [2026-03-19T03:13:00.677+0000] {dag.py:3947} INFO - Setting next_dagrun for transfer_from_minio_to_snowflake_transactions to 2026-03-19 03:12:00+00:00, run_after=2026-03-19 03:13:00+00:00
[2026-03-19T03:13:00.684+0000] {processor.py:183} INFO - Processing /opt/airflow/dags/transfer.py took 0.119 seconds
[2026-03-19T03:13:31.598+0000] {processor.py:161} INFO - Started process (PID=10219) to work on /opt/airflow/dags/transfer.py
[2026-03-19T03:13:31.600+0000] {processor.py:830} INFO - Processing file /opt/airflow/dags/transfer.py for tasks to queue
[2026-03-19T03:13:31.603+0000] {logging_mixin.py:188} INFO - [2026-03-19T03:13:31.603+0000] {dagbag.py:545} INFO - Filling up the DagBag from /opt/airflow/dags/transfer.py
[2026-03-19T03:13:31.640+0000] {processor.py:840} INFO - DAG(s) 'transfer_from_minio_to_snowflake_customers', 'transfer_from_minio_to_snowflake_transactions', 'transfer_from_minio_to_snowflake_accounts' retrieved from /opt/airflow/dags/transfer.py
[2026-03-19T03:13:31.675+0000] {logging_mixin.py:188} INFO - [2026-03-19T03:13:31.675+0000] {dag.py:3089} INFO - Sync 3 DAGs
[2026-03-19T03:13:31.695+0000] {logging_mixin.py:188} INFO - [2026-03-19T03:13:31.695+0000] {dag.py:3947} INFO - Setting next_dagrun for transfer_from_minio_to_snowflake_accounts to 2026-03-19 03:12:00+00:00, run_after=2026-03-19 03:13:00+00:00
[2026-03-19T03:13:31.698+0000] {logging_mixin.py:188} INFO - [2026-03-19T03:13:31.698+0000] {dag.py:3947} INFO - Setting next_dagrun for transfer_from_minio_to_snowflake_customers to 2026-03-19 03:12:00+00:00, run_after=2026-03-19 03:13:00+00:00
[2026-03-19T03:13:31.700+0000] {logging_mixin.py:188} INFO - [2026-03-19T03:13:31.699+0000] {dag.py:3947} INFO - Setting next_dagrun for transfer_from_minio_to_snowflake_transactions to 2026-03-19 03:12:00+00:00, run_after=2026-03-19 03:13:00+00:00
[2026-03-19T03:13:31.708+0000] {processor.py:183} INFO - Processing /opt/airflow/dags/transfer.py took 0.119 seconds
[2026-03-19T03:14:02.133+0000] {processor.py:161} INFO - Started process (PID=10221) to work on /opt/airflow/dags/transfer.py
[2026-03-19T03:14:02.135+0000] {processor.py:830} INFO - Processing file /opt/airflow/dags/transfer.py for tasks to queue
[2026-03-19T03:14:02.138+0000] {logging_mixin.py:188} INFO - [2026-03-19T03:14:02.138+0000] {dagbag.py:545} INFO - Filling up the DagBag from /opt/airflow/dags/transfer.py
[2026-03-19T03:14:02.171+0000] {processor.py:840} INFO - DAG(s) 'transfer_from_minio_to_snowflake_transactions', 'transfer_from_minio_to_snowflake_accounts', 'transfer_from_minio_to_snowflake_customers' retrieved from /opt/airflow/dags/transfer.py
[2026-03-19T03:14:02.210+0000] {logging_mixin.py:188} INFO - [2026-03-19T03:14:02.209+0000] {dag.py:3089} INFO - Sync 3 DAGs
[2026-03-19T03:14:02.229+0000] {logging_mixin.py:188} INFO - [2026-03-19T03:14:02.229+0000] {dag.py:3947} INFO - Setting next_dagrun for transfer_from_minio_to_snowflake_accounts to 2026-03-19 03:13:00+00:00, run_after=2026-03-19 03:14:00+00:00
[2026-03-19T03:14:02.233+0000] {logging_mixin.py:188} INFO - [2026-03-19T03:14:02.232+0000] {dag.py:3947} INFO - Setting next_dagrun for transfer_from_minio_to_snowflake_customers to 2026-03-19 03:13:00+00:00, run_after=2026-03-19 03:14:00+00:00
[2026-03-19T03:14:02.234+0000] {logging_mixin.py:188} INFO - [2026-03-19T03:14:02.234+0000] {dag.py:3947} INFO - Setting next_dagrun for transfer_from_minio_to_snowflake_transactions to 2026-03-19 03:13:00+00:00, run_after=2026-03-19 03:14:00+00:00
[2026-03-19T03:14:02.243+0000] {processor.py:183} INFO - Processing /opt/airflow/dags/transfer.py took 0.119 seconds
[2026-03-19T03:14:32.627+0000] {processor.py:161} INFO - Started process (PID=10223) to work on /opt/airflow/dags/transfer.py
[2026-03-19T03:14:32.628+0000] {processor.py:830} INFO - Processing file /opt/airflow/dags/transfer.py for tasks to queue
[2026-03-19T03:14:32.633+0000] {logging_mixin.py:188} INFO - [2026-03-19T03:14:32.633+0000] {dagbag.py:545} INFO - Filling up the DagBag from /opt/airflow/dags/transfer.py
[2026-03-19T03:14:32.661+0000] {processor.py:840} INFO - DAG(s) 'transfer_from_minio_to_snowflake_accounts', 'transfer_from_minio_to_snowflake_transactions', 'transfer_from_minio_to_snowflake_customers' retrieved from /opt/airflow/dags/transfer.py
[2026-03-19T03:14:32.693+0000] {logging_mixin.py:188} INFO - [2026-03-19T03:14:32.692+0000] {dag.py:3089} INFO - Sync 3 DAGs
[2026-03-19T03:14:32.706+0000] {logging_mixin.py:188} INFO - [2026-03-19T03:14:32.706+0000] {dag.py:3947} INFO - Setting next_dagrun for transfer_from_minio_to_snowflake_accounts to 2026-03-19 03:13:00+00:00, run_after=2026-03-19 03:14:00+00:00
[2026-03-19T03:14:32.709+0000] {logging_mixin.py:188} INFO - [2026-03-19T03:14:32.709+0000] {dag.py:3947} INFO - Setting next_dagrun for transfer_from_minio_to_snowflake_customers to 2026-03-19 03:13:00+00:00, run_after=2026-03-19 03:14:00+00:00
[2026-03-19T03:14:32.711+0000] {logging_mixin.py:188} INFO - [2026-03-19T03:14:32.710+0000] {dag.py:3947} INFO - Setting next_dagrun for transfer_from_minio_to_snowflake_transactions to 2026-03-19 03:13:00+00:00, run_after=2026-03-19 03:14:00+00:00
[2026-03-19T03:14:32.718+0000] {processor.py:183} INFO - Processing /opt/airflow/dags/transfer.py took 0.100 seconds
[2026-03-19T03:15:03.105+0000] {processor.py:161} INFO - Started process (PID=10225) to work on /opt/airflow/dags/transfer.py
[2026-03-19T03:15:03.109+0000] {processor.py:830} INFO - Processing file /opt/airflow/dags/transfer.py for tasks to queue
[2026-03-19T03:15:03.114+0000] {logging_mixin.py:188} INFO - [2026-03-19T03:15:03.112+0000] {dagbag.py:545} INFO - Filling up the DagBag from /opt/airflow/dags/transfer.py
[2026-03-19T03:15:03.154+0000] {processor.py:840} INFO - DAG(s) 'transfer_from_minio_to_snowflake_customers', 'transfer_from_minio_to_snowflake_accounts', 'transfer_from_minio_to_snowflake_transactions' retrieved from /opt/airflow/dags/transfer.py
[2026-03-19T03:15:03.191+0000] {logging_mixin.py:188} INFO - [2026-03-19T03:15:03.190+0000] {dag.py:3089} INFO - Sync 3 DAGs
[2026-03-19T03:15:03.205+0000] {logging_mixin.py:188} INFO - [2026-03-19T03:15:03.204+0000] {dag.py:3947} INFO - Setting next_dagrun for transfer_from_minio_to_snowflake_accounts to 2026-03-19 03:14:00+00:00, run_after=2026-03-19 03:15:00+00:00
[2026-03-19T03:15:03.207+0000] {logging_mixin.py:188} INFO - [2026-03-19T03:15:03.207+0000] {dag.py:3947} INFO - Setting next_dagrun for transfer_from_minio_to_snowflake_customers to 2026-03-19 03:14:00+00:00, run_after=2026-03-19 03:15:00+00:00
[2026-03-19T03:15:03.209+0000] {logging_mixin.py:188} INFO - [2026-03-19T03:15:03.209+0000] {dag.py:3947} INFO - Setting next_dagrun for transfer_from_minio_to_snowflake_transactions to 2026-03-19 03:14:00+00:00, run_after=2026-03-19 03:15:00+00:00
[2026-03-19T03:15:03.217+0000] {processor.py:183} INFO - Processing /opt/airflow/dags/transfer.py took 0.125 seconds
[2026-03-19T03:15:33.644+0000] {processor.py:161} INFO - Started process (PID=10227) to work on /opt/airflow/dags/transfer.py
[2026-03-19T03:15:33.645+0000] {processor.py:830} INFO - Processing file /opt/airflow/dags/transfer.py for tasks to queue
[2026-03-19T03:15:33.647+0000] {logging_mixin.py:188} INFO - [2026-03-19T03:15:33.647+0000] {dagbag.py:545} INFO - Filling up the DagBag from /opt/airflow/dags/transfer.py
[2026-03-19T03:15:33.683+0000] {processor.py:840} INFO - DAG(s) 'transfer_from_minio_to_snowflake_transactions', 'transfer_from_minio_to_snowflake_accounts', 'transfer_from_minio_to_snowflake_customers' retrieved from /opt/airflow/dags/transfer.py
[2026-03-19T03:15:33.719+0000] {logging_mixin.py:188} INFO - [2026-03-19T03:15:33.718+0000] {dag.py:3089} INFO - Sync 3 DAGs
[2026-03-19T03:15:33.733+0000] {logging_mixin.py:188} INFO - [2026-03-19T03:15:33.733+0000] {dag.py:3947} INFO - Setting next_dagrun for transfer_from_minio_to_snowflake_accounts to 2026-03-19 03:14:00+00:00, run_after=2026-03-19 03:15:00+00:00
[2026-03-19T03:15:33.736+0000] {logging_mixin.py:188} INFO - [2026-03-19T03:15:33.736+0000] {dag.py:3947} INFO - Setting next_dagrun for transfer_from_minio_to_snowflake_customers to 2026-03-19 03:14:00+00:00, run_after=2026-03-19 03:15:00+00:00
[2026-03-19T03:15:33.738+0000] {logging_mixin.py:188} INFO - [2026-03-19T03:15:33.738+0000] {dag.py:3947} INFO - Setting next_dagrun for transfer_from_minio_to_snowflake_transactions to 2026-03-19 03:14:00+00:00, run_after=2026-03-19 03:15:00+00:00
[2026-03-19T03:15:33.745+0000] {processor.py:183} INFO - Processing /opt/airflow/dags/transfer.py took 0.112 seconds
[2026-03-19T03:16:04.152+0000] {processor.py:161} INFO - Started process (PID=10229) to work on /opt/airflow/dags/transfer.py
[2026-03-19T03:16:04.154+0000] {processor.py:830} INFO - Processing file /opt/airflow/dags/transfer.py for tasks to queue
[2026-03-19T03:16:04.156+0000] {logging_mixin.py:188} INFO - [2026-03-19T03:16:04.156+0000] {dagbag.py:545} INFO - Filling up the DagBag from /opt/airflow/dags/transfer.py
[2026-03-19T03:16:04.192+0000] {processor.py:840} INFO - DAG(s) 'transfer_from_minio_to_snowflake_customers', 'transfer_from_minio_to_snowflake_transactions', 'transfer_from_minio_to_snowflake_accounts' retrieved from /opt/airflow/dags/transfer.py
[2026-03-19T03:16:04.234+0000] {logging_mixin.py:188} INFO - [2026-03-19T03:16:04.234+0000] {dag.py:3089} INFO - Sync 3 DAGs
[2026-03-19T03:16:04.248+0000] {logging_mixin.py:188} INFO - [2026-03-19T03:16:04.248+0000] {dag.py:3947} INFO - Setting next_dagrun for transfer_from_minio_to_snowflake_accounts to 2026-03-19 03:15:00+00:00, run_after=2026-03-19 03:16:00+00:00
[2026-03-19T03:16:04.251+0000] {logging_mixin.py:188} INFO - [2026-03-19T03:16:04.251+0000] {dag.py:3947} INFO - Setting next_dagrun for transfer_from_minio_to_snowflake_customers to 2026-03-19 03:15:00+00:00, run_after=2026-03-19 03:16:00+00:00
[2026-03-19T03:16:04.252+0000] {logging_mixin.py:188} INFO - [2026-03-19T03:16:04.252+0000] {dag.py:3947} INFO - Setting next_dagrun for transfer_from_minio_to_snowflake_transactions to 2026-03-19 03:15:00+00:00, run_after=2026-03-19 03:16:00+00:00
[2026-03-19T03:16:04.260+0000] {processor.py:183} INFO - Processing /opt/airflow/dags/transfer.py took 0.123 seconds
[2026-03-19T03:16:34.714+0000] {processor.py:161} INFO - Started process (PID=10231) to work on /opt/airflow/dags/transfer.py
[2026-03-19T03:16:34.716+0000] {processor.py:830} INFO - Processing file /opt/airflow/dags/transfer.py for tasks to queue
[2026-03-19T03:16:34.723+0000] {logging_mixin.py:188} INFO - [2026-03-19T03:16:34.722+0000] {dagbag.py:545} INFO - Filling up the DagBag from /opt/airflow/dags/transfer.py
[2026-03-19T03:16:34.759+0000] {processor.py:840} INFO - DAG(s) 'transfer_from_minio_to_snowflake_customers', 'transfer_from_minio_to_snowflake_accounts', 'transfer_from_minio_to_snowflake_transactions' retrieved from /opt/airflow/dags/transfer.py
[2026-03-19T03:16:34.798+0000] {logging_mixin.py:188} INFO - [2026-03-19T03:16:34.797+0000] {dag.py:3089} INFO - Sync 3 DAGs
[2026-03-19T03:16:34.811+0000] {logging_mixin.py:188} INFO - [2026-03-19T03:16:34.811+0000] {dag.py:3947} INFO - Setting next_dagrun for transfer_from_minio_to_snowflake_accounts to 2026-03-19 03:15:00+00:00, run_after=2026-03-19 03:16:00+00:00
[2026-03-19T03:16:34.814+0000] {logging_mixin.py:188} INFO - [2026-03-19T03:16:34.814+0000] {dag.py:3947} INFO - Setting next_dagrun for transfer_from_minio_to_snowflake_customers to 2026-03-19 03:15:00+00:00, run_after=2026-03-19 03:16:00+00:00
[2026-03-19T03:16:34.816+0000] {logging_mixin.py:188} INFO - [2026-03-19T03:16:34.816+0000] {dag.py:3947} INFO - Setting next_dagrun for transfer_from_minio_to_snowflake_transactions to 2026-03-19 03:15:00+00:00, run_after=2026-03-19 03:16:00+00:00
[2026-03-19T03:16:34.825+0000] {processor.py:183} INFO - Processing /opt/airflow/dags/transfer.py took 0.126 seconds
[2026-03-19T03:17:05.292+0000] {processor.py:161} INFO - Started process (PID=10233) to work on /opt/airflow/dags/transfer.py
[2026-03-19T03:17:05.293+0000] {processor.py:830} INFO - Processing file /opt/airflow/dags/transfer.py for tasks to queue
[2026-03-19T03:17:05.301+0000] {logging_mixin.py:188} INFO - [2026-03-19T03:17:05.300+0000] {dagbag.py:545} INFO - Filling up the DagBag from /opt/airflow/dags/transfer.py
[2026-03-19T03:17:05.341+0000] {processor.py:840} INFO - DAG(s) 'transfer_from_minio_to_snowflake_customers', 'transfer_from_minio_to_snowflake_transactions', 'transfer_from_minio_to_snowflake_accounts' retrieved from /opt/airflow/dags/transfer.py
[2026-03-19T03:17:05.385+0000] {logging_mixin.py:188} INFO - [2026-03-19T03:17:05.384+0000] {dag.py:3089} INFO - Sync 3 DAGs
[2026-03-19T03:17:05.406+0000] {logging_mixin.py:188} INFO - [2026-03-19T03:17:05.406+0000] {dag.py:3947} INFO - Setting next_dagrun for transfer_from_minio_to_snowflake_accounts to 2026-03-19 03:16:00+00:00, run_after=2026-03-19 03:17:00+00:00
[2026-03-19T03:17:05.409+0000] {logging_mixin.py:188} INFO - [2026-03-19T03:17:05.409+0000] {dag.py:3947} INFO - Setting next_dagrun for transfer_from_minio_to_snowflake_customers to 2026-03-19 03:16:00+00:00, run_after=2026-03-19 03:17:00+00:00
[2026-03-19T03:17:05.411+0000] {logging_mixin.py:188} INFO - [2026-03-19T03:17:05.411+0000] {dag.py:3947} INFO - Setting next_dagrun for transfer_from_minio_to_snowflake_transactions to 2026-03-19 03:16:00+00:00, run_after=2026-03-19 03:17:00+00:00
[2026-03-19T03:17:05.419+0000] {processor.py:183} INFO - Processing /opt/airflow/dags/transfer.py took 0.137 seconds
[2026-03-19T03:17:35.787+0000] {processor.py:161} INFO - Started process (PID=10235) to work on /opt/airflow/dags/transfer.py
[2026-03-19T03:17:35.791+0000] {processor.py:830} INFO - Processing file /opt/airflow/dags/transfer.py for tasks to queue
[2026-03-19T03:17:35.797+0000] {logging_mixin.py:188} INFO - [2026-03-19T03:17:35.797+0000] {dagbag.py:545} INFO - Filling up the DagBag from /opt/airflow/dags/transfer.py
[2026-03-19T03:17:35.831+0000] {processor.py:840} INFO - DAG(s) 'transfer_from_minio_to_snowflake_customers', 'transfer_from_minio_to_snowflake_accounts', 'transfer_from_minio_to_snowflake_transactions' retrieved from /opt/airflow/dags/transfer.py
[2026-03-19T03:17:35.866+0000] {logging_mixin.py:188} INFO - [2026-03-19T03:17:35.866+0000] {dag.py:3089} INFO - Sync 3 DAGs
[2026-03-19T03:17:35.882+0000] {logging_mixin.py:188} INFO - [2026-03-19T03:17:35.881+0000] {dag.py:3947} INFO - Setting next_dagrun for transfer_from_minio_to_snowflake_accounts to 2026-03-19 03:16:00+00:00, run_after=2026-03-19 03:17:00+00:00
[2026-03-19T03:17:35.884+0000] {logging_mixin.py:188} INFO - [2026-03-19T03:17:35.884+0000] {dag.py:3947} INFO - Setting next_dagrun for transfer_from_minio_to_snowflake_customers to 2026-03-19 03:16:00+00:00, run_after=2026-03-19 03:17:00+00:00
[2026-03-19T03:17:35.886+0000] {logging_mixin.py:188} INFO - [2026-03-19T03:17:35.886+0000] {dag.py:3947} INFO - Setting next_dagrun for transfer_from_minio_to_snowflake_transactions to 2026-03-19 03:16:00+00:00, run_after=2026-03-19 03:17:00+00:00
[2026-03-19T03:17:35.893+0000] {processor.py:183} INFO - Processing /opt/airflow/dags/transfer.py took 0.122 seconds
[2026-03-19T03:18:06.323+0000] {processor.py:161} INFO - Started process (PID=10237) to work on /opt/airflow/dags/transfer.py
[2026-03-19T03:18:06.325+0000] {processor.py:830} INFO - Processing file /opt/airflow/dags/transfer.py for tasks to queue
[2026-03-19T03:18:06.327+0000] {logging_mixin.py:188} INFO - [2026-03-19T03:18:06.326+0000] {dagbag.py:545} INFO - Filling up the DagBag from /opt/airflow/dags/transfer.py
[2026-03-19T03:18:06.370+0000] {processor.py:840} INFO - DAG(s) 'transfer_from_minio_to_snowflake_transactions', 'transfer_from_minio_to_snowflake_customers', 'transfer_from_minio_to_snowflake_accounts' retrieved from /opt/airflow/dags/transfer.py
[2026-03-19T03:18:06.414+0000] {logging_mixin.py:188} INFO - [2026-03-19T03:18:06.414+0000] {dag.py:3089} INFO - Sync 3 DAGs
[2026-03-19T03:18:06.514+0000] {logging_mixin.py:188} INFO - [2026-03-19T03:18:06.514+0000] {dag.py:3947} INFO - Setting next_dagrun for transfer_from_minio_to_snowflake_accounts to 2026-03-19 03:17:00+00:00, run_after=2026-03-19 03:18:00+00:00
[2026-03-19T03:18:06.519+0000] {logging_mixin.py:188} INFO - [2026-03-19T03:18:06.519+0000] {dag.py:3947} INFO - Setting next_dagrun for transfer_from_minio_to_snowflake_customers to 2026-03-19 03:17:00+00:00, run_after=2026-03-19 03:18:00+00:00
[2026-03-19T03:18:06.521+0000] {logging_mixin.py:188} INFO - [2026-03-19T03:18:06.521+0000] {dag.py:3947} INFO - Setting next_dagrun for transfer_from_minio_to_snowflake_transactions to 2026-03-19 03:17:00+00:00, run_after=2026-03-19 03:18:00+00:00
[2026-03-19T03:18:06.542+0000] {processor.py:183} INFO - Processing /opt/airflow/dags/transfer.py took 0.231 seconds
